pickup_datetime,base_passenger_fare
2026-03-01 00:45:49.000000000,48.069650044688125
2026-03-01 00:36:44.000000000,17.93502550974375
2026-03-01 00:38:05.000000000,10.51739785029515
2026-03-01 00:01:04.000000000,7.327185298457281
2026-03-01 00:43:49.000000000,83.44897842176283
2026-03-01 00:05:03.000000000,15.602015325490541
2026-03-01 00:34:55.000000000,12.478561314221356
2026-03-01 00:27:54.000000000,77.60057786608283
2026-03-01 00:18:28.000000000,12.467518422529727
2026-03-01 00:56:18.000000000,27.699563374153435
2026-03-01 00:02:02.000000000,16.97123486655878
2026-03-01 00:49:18.000000000,17.029306466983734
2026-03-01 00:59:53.000000000,13.883277274552748
2026-03-01 00:31:00.000000000,15.162232004522307
2026-03-01 00:00:08.000000000,77.865928882054
2026-03-01 00:32:09.000000000,67.70927045801743
2026-03-01 00:29:25.000000000,8.509742682949113
2026-03-01 00:27:22.000000000,29.195091076681766
2026-03-01 00:13:06.000000000,39.786798574188516
2026-03-01 00:57:29.000000000,13.232157383593414
2026-03-01 00:45:18.000000000,6.097070873559614
2026-03-01 00:29:53.000000000,20.002374490807817
2026-03-01 00:26:03.000000000,16.80608618481775
2026-03-01 00:13:54.000000000,22.916491843690476
2026-03-01 00:01:03.000000000,51.9897126487572
2026-03-01 00:50:17.000000000,10.91254490774503
2026-03-01 00:35:16.000000000,80.78229234750927
2026-03-01 00:06:20.000000000,78.40602550705317
2026-03-01 00:33:38.000000000,73.69716003412104
2026-03-01 00:51:47.000000000,64.8664947161759
2026-03-01 00:55:48.000000000,10.469187513069787
2026-03-01 00:12:48.000000000,44.66954722091186
2026-03-01 01:10:22.000000000,9.891128175308863
2026-03-01 01:24:02.000000000,173.7284436499572
2026-03-01 01:10:52.000000000,28.747508968287
2026-03-01 01:18:13.000000000,20.671053081366736
2026-03-01 01:15:10.000000000,21.952140996619804
2026-03-01 01:10:33.000000000,41.71893620338953
2026-03-01 01:10:27.000000000,9.562023482497098
2026-03-01 01:01:07.000000000,36.516599432100364
2026-03-01 01:45:39.000000000,27.62191619838913
2026-03-01 01:15:41.000000000,9.541114676633065
2026-03-01 01:50:39.000000000,17.788298562138067
2026-03-01 01:29:43.000000000,16.92749609047426
2026-03-01 01:25:54.000000000,8.827789864760614
2026-03-01 01:16:19.000000000,23.032894271777547
2026-03-01 01:30:24.000000000,44.807178443482805
2026-03-01 01:32:22.000000000,27.733664133772
2026-03-01 01:01:10.000000000,26.503576930506835
2026-03-01 01:13:37.000000000,15.135331856040489
2026-03-01 01:04:12.000000000,15.365410291772982
2026-03-01 01:35:44.000000000,13.085784159301257
2026-03-01 01:48:21.000000000,6.126714562808514
2026-03-01 01:58:14.000000000,26.595246882486396
2026-03-01 01:40:21.000000000,49.54226509686639
2026-03-01 02:21:34.000000000,80.70128668238176
2026-03-01 02:39:24.000000000,64.0918433087679
2026-03-01 02:01:29.000000000,41.720870584537266
2026-03-01 02:07:02.000000000,24.67311106917712
2026-03-01 02:29:12.000000000,36.38793124476985
2026-03-01 02:19:23.000000000,51.610850740307434
2026-03-01 02:11:38.000000000,25.505034221644543
2026-03-01 02:39:50.000000000,12.367335981237893
2026-03-01 02:05:26.000000000,8.903330557306312
2026-03-01 02:13:51.000000000,12.381947778540322
2026-03-01 02:06:47.000000000,15.897143605465606
2026-03-01 02:32:26.000000000,16.052224553188022
2026-03-01 02:34:29.000000000,20.456885833407704
2026-03-01 02:09:44.000000000,29.703319566610304
2026-03-01 02:31:48.000000000,36.33082010347806
2026-03-01 03:20:59.000000000,48.75571516412339
2026-03-01 03:53:53.000000000,17.426284045962184
2026-03-01 03:23:31.000000000,17.232195285072432
2026-03-01 03:06:48.000000000,8.949103336260729
2026-03-01 03:05:16.000000000,19.31773979980599
2026-03-01 03:17:19.000000000,27.671533123071445
2026-03-01 03:28:15.000000000,19.423551263613778
2026-03-01 03:12:04.000000000,68.79196480543251
2026-03-01 03:34:27.000000000,10.707678847650222
2026-03-01 03:44:14.000000000,87.76524163557261
2026-03-01 03:46:42.000000000,19.775650182976875
2026-03-01 03:07:58.000000000,15.385100606703121
2026-03-01 03:00:15.000000000,17.709189036971356
2026-03-01 03:13:54.000000000,30.366641830845353
2026-03-01 03:16:06.000000000,21.392661449370497
2026-03-01 03:33:03.000000000,55.111811715631355
2026-03-01 04:57:36.000000000,32.23785082510067
2026-03-01 04:18:34.000000000,45.457837102767506
2026-03-01 04:08:18.000000000,27.472011955486177
2026-03-01 04:40:15.000000000,39.88725349101007
2026-03-01 04:42:06.000000000,40.80297951690795
2026-03-01 04:53:26.000000000,18.52960874426926
2026-03-01 04:02:57.000000000,39.665962210247535
2026-03-01 04:01:43.000000000,44.83734601889331
2026-03-01 04:49:48.000000000,40.8966469673087
2026-03-01 05:11:13.000000000,50.641581999096466
2026-03-01 05:10:11.000000000,61.50777636685633
2026-03-01 06:04:53.000000000,15.995082422284547
2026-03-01 06:28:36.000000000,25.158405999101635
2026-03-01 06:00:06.000000000,16.47864500372485
2026-03-01 06:03:12.000000000,9.707592793259874
2026-03-01 06:13:49.000000000,25.582876419744306
2026-03-01 06:00:55.000000000,24.335689872456427
2026-03-01 06:43:00.000000000,12.616023548737818
2026-03-01 06:53:59.000000000,64.49848129436249
2026-03-01 07:38:51.000000000,20.435440287972398
2026-03-01 07:31:13.000000000,13.5128300086518
2026-03-01 07:49:02.000000000,6.841515837450021
2026-03-01 07:52:43.000000000,20.72834117302866
2026-03-01 07:15:31.000000000,13.255537380653333
2026-03-01 07:46:07.000000000,21.156868574999237
2026-03-01 07:44:34.000000000,16.24725980291506
2026-03-01 08:44:41.000000000,9.685634288040438
2026-03-01 08:31:09.000000000,47.81326267472441
2026-03-01 08:30:48.000000000,8.153542773083988
2026-03-01 08:59:18.000000000,11.662823409871244
2026-03-01 08:14:47.000000000,40.23513239678352
2026-03-01 08:00:19.000000000,51.60848927461601
2026-03-01 08:32:58.000000000,8.884468308967614
2026-03-01 08:06:14.000000000,18.582642503644614
2026-03-01 08:13:35.000000000,25.22094261298366
2026-03-01 08:46:29.000000000,13.251440909291789
2026-03-01 08:04:10.000000000,8.928098349097791
2026-03-01 08:27:56.000000000,8.576732134209362
2026-03-01 09:31:05.000000000,43.05685105741159
2026-03-01 09:43:24.000000000,16.80704210833303
2026-03-01 09:51:47.000000000,38.22664450142962
2026-03-01 09:46:40.000000000,41.0301458018538
2026-03-01 09:52:13.000000000,18.59878907757891
2026-03-01 09:19:13.000000000,13.19465862923126
2026-03-01 09:50:36.000000000,11.344198842066328
2026-03-01 09:04:37.000000000,9.7492529884254
2026-03-01 09:09:29.000000000,46.0483855648721
2026-03-01 10:00:46.000000000,8.784639676926773
2026-03-01 10:15:22.000000000,11.886516191509328
2026-03-01 10:26:25.000000000,12.430608454404142
2026-03-01 10:27:16.000000000,17.20230471504668
2026-03-01 10:12:50.000000000,66.48833826711305
2026-03-01 10:33:55.000000000,45.035927649999856
2026-03-01 10:02:31.000000000,11.625215681777238
2026-03-01 10:39:04.000000000,20.7400629169985
2026-03-01 10:35:27.000000000,35.74558786561076
2026-03-01 10:16:11.000000000,69.1650167407899
2026-03-01 10:55:11.000000000,6.796815406707614
2026-03-01 10:44:01.000000000,21.541187994556882
2026-03-01 10:06:03.000000000,26.026162722551046
2026-03-01 10:51:02.000000000,37.11501646861356
2026-03-01 10:53:07.000000000,29.87078258391993
2026-03-01 10:22:49.000000000,47.017148733004355
2026-03-01 10:54:40.000000000,11.596646941165874
2026-03-01 10:13:02.000000000,80.5830710874839
2026-03-01 10:33:29.000000000,31.20607195897337
2026-03-01 10:43:59.000000000,34.34380317874439
2026-03-01 11:43:33.000000000,25.780307225747816
2026-03-01 11:33:57.000000000,24.05671234468439
2026-03-01 11:12:51.000000000,13.17579042514578
2026-03-01 11:48:46.000000000,20.466140682757345
2026-03-01 11:51:17.000000000,32.19652487108655
2026-03-01 11:13:35.000000000,26.270000067151912
2026-03-01 11:08:13.000000000,15.941139103995877
2026-03-01 11:32:39.000000000,8.159267400210394
2026-03-01 11:45:27.000000000,11.346128273625752
2026-03-01 11:28:56.000000000,35.70784663412125
2026-03-01 11:08:29.000000000,23.840790708101864
2026-03-01 11:16:24.000000000,57.56602079372279
2026-03-01 11:52:12.000000000,29.530779243670814
2026-03-01 11:05:23.000000000,32.50601497984398
2026-03-01 11:56:22.000000000,26.419217780449667
2026-03-01 12:31:49.000000000,13.176498264124836
2026-03-01 12:37:49.000000000,47.49581600492903
2026-03-01 12:15:47.000000000,13.098479623295539
2026-03-01 12:08:46.000000000,10.852618736452579
2026-03-01 12:34:29.000000000,23.528785241819172
2026-03-01 12:42:28.000000000,15.37509646690672
2026-03-01 12:20:35.000000000,56.06839441354095
2026-03-01 12:55:10.000000000,8.439699041500155
2026-03-01 12:52:47.000000000,19.119058922649614
2026-03-01 12:48:45.000000000,9.980418961761094
2026-03-01 12:57:04.000000000,17.355678770295754
2026-03-01 12:10:59.000000000,17.544188967763734
2026-03-01 12:51:44.000000000,9.269327282903676
2026-03-01 12:11:25.000000000,10.570242753745255
2026-03-01 12:31:11.000000000,25.481676426644363
2026-03-01 12:21:47.000000000,40.997016974389666
2026-03-01 12:55:15.000000000,16.00375437425556
2026-03-01 12:38:50.000000000,32.871779260831886
2026-03-01 12:23:00.000000000,16.93651439879851
2026-03-01 12:51:11.000000000,20.065662758373897
2026-03-01 12:56:48.000000000,18.079842968709805
2026-03-01 13:36:56.000000000,11.638168545441546
2026-03-01 13:14:34.000000000,6.18169931503322
2026-03-01 13:14:07.000000000,11.675003892948604
2026-03-01 13:13:42.000000000,22.25072773650126
2026-03-01 13:12:55.000000000,33.560151235980804
2026-03-01 13:18:37.000000000,8.460148976679937
2026-03-01 13:01:15.000000000,26.472096676712614
2026-03-01 13:18:06.000000000,6.849089675974986
2026-03-01 13:52:07.000000000,23.221936794077852
2026-03-01 13:14:32.000000000,48.301355110340396
2026-03-01 13:48:28.000000000,8.729676313625394
2026-03-01 13:38:45.000000000,23.314420655226055
2026-03-01 13:52:02.000000000,17.963156544995858
2026-03-01 14:56:50.000000000,24.91966634089942
2026-03-01 14:13:20.000000000,12.293101297039147
2026-03-01 14:38:00.000000000,22.932480071029048
2026-03-01 14:50:50.000000000,16.517028664820987
2026-03-01 14:02:58.000000000,8.765802730721292
2026-03-01 14:51:48.000000000,14.532623023497175
2026-03-01 14:37:44.000000000,25.980088791279062
2026-03-01 14:26:58.000000000,11.340828332054155
2026-03-01 14:12:51.000000000,14.066024389143957
2026-03-01 14:27:16.000000000,18.54627967318596
2026-03-01 14:34:04.000000000,9.70920909594273
2026-03-01 14:40:05.000000000,9.69857737808374
2026-03-01 14:40:07.000000000,13.712450222777763
2026-03-01 14:45:04.000000000,60.90640712416619
2026-03-01 14:38:49.000000000,26.368820106603174
2026-03-01 14:59:24.000000000,46.51929592706433
2026-03-01 14:07:00.000000000,10.308115685164081
2026-03-01 14:34:34.000000000,17.874218955623988
2026-03-01 15:33:57.000000000,36.81002086251281
2026-03-01 15:25:47.000000000,20.505482295589914
2026-03-01 15:34:17.000000000,9.185303808532408
2026-03-01 15:45:39.000000000,44.10761406528497
2026-03-01 15:34:32.000000000,19.78379256255531
2026-03-01 15:52:54.000000000,56.60257060722378
2026-03-01 15:01:01.000000000,18.978640451912355
2026-03-01 15:03:46.000000000,24.428491833638635
2026-03-01 15:28:00.000000000,13.15968818688816
2026-03-01 15:39:10.000000000,31.773186203472044
2026-03-01 15:44:15.000000000,15.154478377337753
2026-03-01 15:51:24.000000000,128.73311123470734
2026-03-01 15:07:36.000000000,11.638168545441546
2026-03-01 15:16:52.000000000,68.74386699391547
2026-03-01 15:00:12.000000000,16.57114962305531
2026-03-01 15:45:41.000000000,34.93427110291065
2026-03-01 15:14:48.000000000,55.02529063003015
2026-03-01 15:23:10.000000000,43.49692448276926
2026-03-01 16:16:55.000000000,33.919309596171516
2026-03-01 16:06:55.000000000,14.555678139902696
2026-03-01 16:44:10.000000000,35.55816113371566
2026-03-01 16:20:19.000000000,17.60983457939893
2026-03-01 16:28:17.000000000,23.600644590722105
2026-03-01 16:36:38.000000000,19.922508886898743
2026-03-01 16:14:31.000000000,13.255661561013426
2026-03-01 16:16:07.000000000,9.026354237083591
2026-03-01 16:10:38.000000000,18.534747031905454
2026-03-01 16:44:09.000000000,29.506505629393093
2026-03-01 16:55:11.000000000,11.827465097594525
2026-03-01 16:35:27.000000000,48.62311975095328
2026-03-01 16:56:43.000000000,8.171858551459465
2026-03-01 16:58:57.000000000,102.56670620849154
2026-03-01 17:22:39.000000000,11.300832349217394
2026-03-01 17:18:27.000000000,20.230990320585516
2026-03-01 17:59:00.000000000,14.35221497047244
2026-03-01 17:18:21.000000000,14.404224294019956
2026-03-01 17:09:30.000000000,25.487611778130283
2026-03-01 17:01:29.000000000,16.984710862874643
2026-03-01 17:37:04.000000000,52.7471689496298
2026-03-01 17:34:31.000000000,11.520353154904223
2026-03-01 17:54:51.000000000,50.17656942954677
2026-03-01 17:32:18.000000000,15.949110738169145
2026-03-01 17:45:45.000000000,20.90389263051711
2026-03-01 17:00:09.000000000,15.270441595587801
2026-03-01 17:43:07.000000000,11.64942138296645
2026-03-01 17:09:36.000000000,23.637907813590157
2026-03-01 17:01:43.000000000,38.319259188400146
2026-03-01 17:09:36.000000000,27.919457373539935
2026-03-01 17:55:50.000000000,7.909405971893563
2026-03-01 17:54:09.000000000,21.326356038853497
2026-03-01 17:02:30.000000000,7.576639196546726
2026-03-01 18:29:46.000000000,19.28785278226936
2026-03-01 18:18:35.000000000,8.467549998339207
2026-03-01 18:16:31.000000000,38.495218651002325
2026-03-01 18:19:42.000000000,41.15068098110094
2026-03-01 18:05:12.000000000,10.765620196937688
2026-03-01 18:12:29.000000000,15.01037944395674
2026-03-01 18:06:06.000000000,39.14118998560802
2026-03-01 18:12:21.000000000,33.272234873227966
2026-03-01 18:28:02.000000000,34.168722555035494
2026-03-01 18:50:24.000000000,19.97515544117852
2026-03-01 18:32:39.000000000,42.9953016198901
2026-03-01 18:04:30.000000000,29.080437607594558
2026-03-01 18:50:23.000000000,17.21201979351481
2026-03-01 18:25:02.000000000,31.152597489283
2026-03-01 19:52:14.000000000,79.89076970505256
2026-03-01 19:52:01.000000000,9.797275076476003
2026-03-01 19:12:56.000000000,50.998461478635534
2026-03-01 19:25:02.000000000,84.14728776075998
2026-03-01 19:22:59.000000000,19.309368847588964
2026-03-01 19:11:22.000000000,38.98638812647026
2026-03-01 19:42:09.000000000,9.196272712318496
2026-03-01 19:52:01.000000000,91.48315443687078
2026-03-01 19:48:08.000000000,184.60967549807287
2026-03-01 19:17:53.000000000,13.22522079030081
2026-03-01 19:56:13.000000000,11.670835256256025
2026-03-01 19:24:48.000000000,14.21689022507006
2026-03-01 19:56:17.000000000,39.91677363181414
2026-03-01 19:35:53.000000000,25.81513804602699
2026-03-01 19:27:55.000000000,8.761316684344353
2026-03-01 19:01:31.000000000,9.827554934806296
2026-03-01 19:26:17.000000000,10.251268198666315
2026-03-01 19:30:46.000000000,26.453305740131025
2026-03-01 19:03:13.000000000,76.8655731783453
2026-03-01 19:29:48.000000000,6.54821525309158
2026-03-01 19:12:09.000000000,16.590674130536968
2026-03-01 19:02:57.000000000,16.78184203363477
2026-03-01 19:21:13.000000000,13.13489843278183
2026-03-01 19:52:38.000000000,12.378536554705127
2026-03-01 20:42:22.000000000,13.12450553953574
2026-03-01 20:54:15.000000000,18.8207548084217
2026-03-01 20:23:25.000000000,39.61653052373992
2026-03-01 20:03:25.000000000,23.242294095066743
2026-03-01 20:00:55.000000000,45.636066419465386
2026-03-01 20:02:39.000000000,29.229280170022598
2026-03-01 20:35:50.000000000,33.66945560747676
2026-03-01 20:33:12.000000000,15.275266784845256
2026-03-01 20:45:45.000000000,42.58792217220943
2026-03-01 20:56:58.000000000,10.605255628291323
2026-03-01 20:58:38.000000000,12.44567452260908
2026-03-01 20:06:21.000000000,9.962166033553707
2026-03-01 20:05:56.000000000,17.27113560990444
2026-03-01 20:11:59.000000000,21.392709576884446
2026-03-01 20:40:21.000000000,22.000148025446794
2026-03-01 20:02:31.000000000,22.742506699463934
2026-03-01 20:56:55.000000000,8.693028438938653
2026-03-01 21:24:24.000000000,38.131823359223894
2026-03-01 21:19:54.000000000,39.90896756450022
2026-03-01 21:19:54.000000000,7.4133133164045795
2026-03-01 21:53:29.000000000,18.623947119633677
2026-03-01 21:12:06.000000000,13.297527894434028
2026-03-01 21:19:57.000000000,16.14043130312689
2026-03-01 21:44:00.000000000,42.59957929782703
2026-03-01 21:07:33.000000000,30.45962678222764
2026-03-01 21:55:20.000000000,36.335978664549835
2026-03-01 21:15:13.000000000,6.738478383332741
2026-03-01 21:35:49.000000000,99.33633536613723
2026-03-01 21:48:18.000000000,11.88833276318795
2026-03-01 21:15:03.000000000,31.386074961018288
2026-03-01 22:37:28.000000000,25.135772482548234
2026-03-01 22:44:50.000000000,8.870485250656314
2026-03-01 22:35:52.000000000,19.274988390096244
2026-03-01 22:24:04.000000000,8.966128635976203
2026-03-01 22:41:40.000000000,27.854946268410988
2026-03-01 22:07:16.000000000,10.921462266046827
2026-03-01 22:22:01.000000000,5.6345600112509135
2026-03-01 23:33:44.000000000,54.54288642197623
2026-03-01 23:35:56.000000000,11.57296998858333
2026-03-01 23:26:11.000000000,21.35578967101102
2026-03-01 23:41:25.000000000,18.40684781144197
2026-03-01 23:33:23.000000000,55.53479265218782
2026-03-01 23:56:13.000000000,22.695390296934207
2026-03-01 23:51:14.000000000,10.219282006513232
2026-03-01 23:19:29.000000000,9.62839719400417
2026-03-01 23:19:05.000000000,36.935096408625
2026-03-01 23:21:50.000000000,19.509432823400818
2026-03-01 23:56:34.000000000,19.541150867441942
2026-03-02 00:11:29.000000000,32.49890491140636
2026-03-02 00:34:18.000000000,37.0077707116092
2026-03-02 00:39:42.000000000,12.467002012114765
2026-03-02 00:15:29.000000000,21.50055707832225
2026-03-02 00:57:48.000000000,29.717271748628136
2026-03-02 00:32:34.000000000,9.332970751996726
2026-03-02 01:06:07.000000000,11.960704360357612
2026-03-02 01:39:04.000000000,8.71218691881916
2026-03-02 01:59:33.000000000,18.729372937114654
2026-03-02 02:57:56.000000000,26.115664010748304
2026-03-02 02:20:49.000000000,36.41321584524127
2026-03-02 02:31:46.000000000,13.313893234022903
2026-03-02 02:32:24.000000000,59.40823152066239
2026-03-02 03:06:18.000000000,13.2792341393712
2026-03-02 03:07:21.000000000,40.2867724101401
2026-03-02 03:15:58.000000000,12.498345498454041
2026-03-02 03:35:27.000000000,17.22090671396057
2026-03-02 03:39:41.000000000,24.591764578528466
2026-03-02 04:57:41.000000000,16.967289557063047
2026-03-02 04:45:05.000000000,65.21285510640172
2026-03-02 05:57:47.000000000,15.814643491511651
2026-03-02 05:50:43.000000000,16.79792532615132
2026-03-02 05:42:29.000000000,15.57126027846837
2026-03-02 05:25:34.000000000,9.47221865022176
2026-03-02 05:59:07.000000000,62.415630000235225
2026-03-02 05:14:45.000000000,5.776424066213324
2026-03-02 06:40:33.000000000,8.428900857109198
2026-03-02 06:44:22.000000000,30.05120020119144
2026-03-02 06:31:55.000000000,22.93238432699968
2026-03-02 06:10:41.000000000,85.51793871641343
2026-03-02 06:31:06.000000000,56.56013565786793
2026-03-02 06:02:41.000000000,77.98774922400077
2026-03-02 06:39:30.000000000,14.085221865892743
2026-03-02 06:23:28.000000000,20.461976990231165
2026-03-02 06:50:33.000000000,27.473149908652847
2026-03-02 06:34:06.000000000,20.410465224096555
2026-03-02 07:30:35.000000000,20.171339447037678
2026-03-02 07:58:12.000000000,9.375892311959872
2026-03-02 07:09:54.000000000,29.917027711564057
2026-03-02 07:39:11.000000000,20.635488403579686
2026-03-02 07:58:29.000000000,21.114307158507003
2026-03-02 07:45:00.000000000,44.72760000213955
2026-03-02 07:12:48.000000000,14.46689367974367
2026-03-02 07:11:47.000000000,23.929579254902276
2026-03-02 07:49:27.000000000,21.549371334579345
2026-03-02 07:51:12.000000000,15.946741550567351
2026-03-02 07:18:08.000000000,49.246966485902306
2026-03-02 07:34:16.000000000,14.762218222680728
2026-03-02 08:42:37.000000000,56.51810971664824
2026-03-02 08:18:04.000000000,14.204419151383425
2026-03-02 08:48:36.000000000,29.6741689419419
2026-03-02 08:07:19.000000000,15.991143732134756
2026-03-02 08:28:47.000000000,15.33348560508594
2026-03-02 08:49:49.000000000,7.310555509680455
2026-03-02 08:06:26.000000000,20.832047501161714
2026-03-02 08:17:02.000000000,34.41627934002433
2026-03-02 08:17:38.000000000,11.688392158935743
2026-03-02 08:15:42.000000000,20.18879432341485
2026-03-02 08:52:26.000000000,27.33966354435619
2026-03-02 08:28:22.000000000,19.66459439692472
2026-03-02 08:59:15.000000000,9.494902217499988
2026-03-02 08:07:44.000000000,18.597467914938374
2026-03-02 08:44:52.000000000,51.09481998302401
2026-03-02 08:56:05.000000000,15.164227021266397
2026-03-02 08:15:13.000000000,30.586355175327476
2026-03-02 08:02:21.000000000,28.137527082487086
2026-03-02 08:05:37.000000000,42.44846285972913
2026-03-02 08:02:05.000000000,41.905145375125485
2026-03-02 09:17:22.000000000,13.20033532263342
2026-03-02 09:57:59.000000000,9.723284722538668
2026-03-02 09:48:41.000000000,13.087146280194561
2026-03-02 09:39:41.000000000,7.87405934434006
2026-03-02 09:33:19.000000000,16.181575868599662
2026-03-02 09:20:45.000000000,15.446091142701576
2026-03-02 09:41:35.000000000,11.454509342746984
2026-03-02 09:33:53.000000000,11.608540671261801
2026-03-02 09:22:41.000000000,9.604162097839696
2026-03-02 09:11:27.000000000,48.31829333461664
2026-03-02 09:53:23.000000000,20.27891958118654
2026-03-02 09:47:01.000000000,15.102177804839531
2026-03-02 09:10:35.000000000,44.06083117658078
2026-03-02 09:35:21.000000000,28.932604863650084
2026-03-02 09:45:10.000000000,14.638843882923043
2026-03-02 09:11:40.000000000,87.58620529495121
2026-03-02 09:49:57.000000000,10.97699937077054
2026-03-02 09:48:47.000000000,45.36121912102355
2026-03-02 09:35:11.000000000,14.901524691901853
2026-03-02 09:53:12.000000000,21.65349545996981
2026-03-02 09:15:43.000000000,13.611454243197393
2026-03-02 09:31:10.000000000,39.00788880917749
2026-03-02 10:21:36.000000000,9.660815608316824
2026-03-02 10:35:07.000000000,31.05543344451326
2026-03-02 10:23:00.000000000,30.74132262860146
2026-03-02 10:02:52.000000000,21.14324606633198
2026-03-02 10:56:26.000000000,12.485368518420168
2026-03-02 10:57:13.000000000,6.8457699914363515
2026-03-02 10:05:41.000000000,26.29490261460586
2026-03-02 10:22:19.000000000,20.49992985130167
2026-03-02 10:38:40.000000000,10.678563273247489
2026-03-02 10:24:02.000000000,15.189269665436361
2026-03-02 10:30:14.000000000,52.48191173900097
2026-03-02 10:56:51.000000000,9.385799932258427
2026-03-02 10:24:17.000000000,19.765607579451647
2026-03-02 10:50:04.000000000,16.836942799772206
2026-03-02 10:07:53.000000000,19.185748528290716
2026-03-02 10:47:32.000000000,23.6254884545427
2026-03-02 10:05:01.000000000,24.827144374580023
2026-03-02 10:01:54.000000000,15.995066040074148
2026-03-02 10:23:26.000000000,33.11899980351953
2026-03-02 11:54:10.000000000,99.45515655194376
2026-03-02 11:24:47.000000000,22.02539248296521
2026-03-02 11:51:29.000000000,6.782539401306194
2026-03-02 11:09:59.000000000,31.18177641754887
2026-03-02 11:44:58.000000000,12.066468256499434
2026-03-02 11:39:50.000000000,6.319995669802718
2026-03-02 11:35:41.000000000,63.039898320761445
2026-03-02 11:17:14.000000000,14.200747513321346
2026-03-02 11:40:19.000000000,35.55065350953047
2026-03-02 12:17:37.000000000,13.241451591997635
2026-03-02 12:13:09.000000000,11.175452778117107
2026-03-02 12:11:20.000000000,29.941991209886268
2026-03-02 12:37:45.000000000,24.910372123110754
2026-03-02 12:41:54.000000000,30.49224426160442
2026-03-02 12:13:46.000000000,6.174513182919775
2026-03-02 12:51:28.000000000,94.46242459803804
2026-03-02 12:56:55.000000000,26.770999663200932
2026-03-02 12:55:33.000000000,22.888586778866646
2026-03-02 12:19:32.000000000,44.84928485268061
2026-03-02 12:26:57.000000000,15.285065072036588
2026-03-02 12:33:49.000000000,69.41981439512652
2026-03-02 12:05:59.000000000,22.988635090151124
2026-03-02 12:06:05.000000000,22.14601031820844
2026-03-02 13:21:02.000000000,21.489968723671492
2026-03-02 13:22:46.000000000,17.811029816620344
2026-03-02 13:45:47.000000000,34.681255605388635
2026-03-02 13:24:08.000000000,69.48983625923486
2026-03-02 13:17:22.000000000,13.923198939151401
2026-03-02 13:08:50.000000000,31.51408819048413
2026-03-02 13:50:46.000000000,22.895204232603334
2026-03-02 13:32:07.000000000,30.953277386711218
2026-03-02 13:20:13.000000000,32.21583891328563
2026-03-02 13:00:25.000000000,63.23390128681283
2026-03-02 13:29:28.000000000,16.623182892401523
2026-03-02 13:31:53.000000000,46.66313802175635
2026-03-02 14:02:29.000000000,23.271383569712558
2026-03-02 14:17:48.000000000,15.179262872949995
2026-03-02 14:56:50.000000000,30.696979536471858
2026-03-02 14:12:31.000000000,94.52062976194004
2026-03-02 14:37:08.000000000,8.938438503213662
2026-03-02 14:45:43.000000000,43.360755866529075
2026-03-02 14:54:22.000000000,28.174655718951723
2026-03-02 14:51:19.000000000,10.534831080598346
2026-03-02 15:38:15.000000000,10.551459464187381
2026-03-02 15:59:12.000000000,13.096735242155585
2026-03-02 15:36:25.000000000,10.96559313990413
2026-03-02 15:09:09.000000000,33.21439201160749
2026-03-02 15:18:19.000000000,12.344985997961189
2026-03-02 15:46:27.000000000,12.276865424374652
2026-03-02 15:24:14.000000000,15.174053750051462
2026-03-02 15:40:02.000000000,17.259261691409016
2026-03-02 15:39:17.000000000,13.507354661883936
2026-03-02 15:15:34.000000000,23.890083259805973
2026-03-02 15:12:50.000000000,8.84748651636469
2026-03-02 15:36:36.000000000,32.76058750213165
2026-03-02 15:05:11.000000000,38.389188755860296
2026-03-02 15:35:49.000000000,11.724641137909643
2026-03-02 15:30:36.000000000,9.583080730968756
2026-03-02 15:11:25.000000000,76.89537878613088
2026-03-02 16:05:28.000000000,11.267967550434495
2026-03-02 16:28:29.000000000,51.628563562926125
2026-03-02 16:12:01.000000000,25.264394447738898
2026-03-02 16:51:04.000000000,12.496959139804835
2026-03-02 16:43:34.000000000,36.91235201582782
2026-03-02 16:02:22.000000000,18.58317858406156
2026-03-02 16:44:25.000000000,24.615609266046064
2026-03-02 16:31:08.000000000,32.27274374352639
2026-03-02 16:49:09.000000000,59.31838939455912
2026-03-02 16:20:32.000000000,11.654813486223313
2026-03-02 16:17:59.000000000,14.218173234505862
2026-03-02 16:36:09.000000000,13.994774504494375
2026-03-02 16:39:27.000000000,32.140095679946135
2026-03-02 16:12:00.000000000,14.16741368951185
2026-03-02 16:16:22.000000000,32.70788456727165
2026-03-02 16:45:03.000000000,16.256249675030944
2026-03-02 16:11:37.000000000,14.559996925876435
2026-03-02 16:38:00.000000000,9.944356411819077
2026-03-02 16:16:30.000000000,68.2896624691146
2026-03-02 16:41:03.000000000,10.418975681924262
2026-03-02 17:06:37.000000000,17.05790635827843
2026-03-02 17:31:21.000000000,9.34090725307937
2026-03-02 17:25:33.000000000,26.78667547738066
2026-03-02 17:49:50.000000000,14.379698668624778
2026-03-02 17:03:35.000000000,18.33617871542275
2026-03-02 17:04:01.000000000,54.86586780651811
2026-03-02 17:48:16.000000000,13.242815996517448
2026-03-02 17:58:49.000000000,13.108011924025611
2026-03-02 17:15:04.000000000,53.525278845143184
2026-03-02 18:12:45.000000000,8.995121626935463
2026-03-02 18:09:49.000000000,32.12101824766641
2026-03-02 18:41:38.000000000,9.695264996404543
2026-03-02 18:29:25.000000000,12.949047342671184
2026-03-02 18:22:52.000000000,10.334597463710736
2026-03-02 18:36:31.000000000,50.71745610610172
2026-03-02 18:47:20.000000000,22.33455697697754
2026-03-02 18:40:48.000000000,10.65188801385733
2026-03-02 18:28:17.000000000,7.855454648784678
2026-03-02 18:45:37.000000000,11.634614126443767
2026-03-02 18:48:34.000000000,7.963727143920616
2026-03-02 18:53:59.000000000,19.441879333468066
2026-03-02 18:00:23.000000000,47.86971649189313
2026-03-02 18:32:25.000000000,15.070616537074965
2026-03-02 18:51:47.000000000,19.989443147523676
2026-03-02 18:17:26.000000000,17.759657287336857
2026-03-02 19:02:25.000000000,60.57080536564604
2026-03-02 19:19:56.000000000,14.007360637396296
2026-03-02 19:27:18.000000000,109.07242509838618
2026-03-02 19:14:55.000000000,30.420479713979933
2026-03-02 19:09:54.000000000,25.148298582339883
2026-03-02 19:03:50.000000000,32.39337117387872
2026-03-02 19:29:34.000000000,25.284009848538876
2026-03-02 19:05:02.000000000,66.40845134070702
2026-03-02 19:10:58.000000000,55.77060785262925
2026-03-02 19:32:02.000000000,6.836869361755359
2026-03-02 20:48:24.000000000,20.17495088323351
2026-03-02 20:22:47.000000000,11.679619875981933
2026-03-02 20:30:57.000000000,10.337406306460666
2026-03-02 20:04:44.000000000,174.6189647587154
2026-03-02 20:53:52.000000000,39.045171346514834
2026-03-02 20:10:18.000000000,63.71456207133793
2026-03-02 20:09:30.000000000,31.397576932859202
2026-03-02 20:53:34.000000000,14.490878600774312
2026-03-02 20:16:58.000000000,51.74574844735811
2026-03-02 20:33:47.000000000,22.48472245696157
2026-03-02 20:50:09.000000000,16.504084175264563
2026-03-02 20:56:56.000000000,58.33141979459747
2026-03-02 20:11:53.000000000,18.114472590247605
2026-03-02 20:25:04.000000000,17.920109610642296
2026-03-02 20:00:15.000000000,6.120321674872509
2026-03-02 20:55:30.000000000,74.92757179302151
2026-03-02 20:36:38.000000000,9.888186025905712
2026-03-02 20:34:24.000000000,20.737094518531627
2026-03-02 20:51:38.000000000,44.5382019872598
2026-03-02 20:12:21.000000000,66.1710211202597
2026-03-02 21:01:26.000000000,17.1565086814169
2026-03-02 21:12:09.000000000,22.705265923273746
2026-03-02 21:16:21.000000000,23.00957899156556
2026-03-02 21:04:49.000000000,19.22195506207797
2026-03-02 21:18:25.000000000,16.70775347493993
2026-03-02 21:31:49.000000000,22.300368924908458
2026-03-02 21:49:54.000000000,9.62948505974645
2026-03-02 21:23:59.000000000,40.949743132198236
2026-03-02 21:25:12.000000000,8.853287762174096
2026-03-02 21:00:21.000000000,10.55733971331644
2026-03-02 21:58:42.000000000,29.658569660678438
2026-03-02 21:14:36.000000000,37.521986314069544
2026-03-02 21:31:37.000000000,16.103361732954358
2026-03-02 22:16:10.000000000,18.41372651435143
2026-03-02 22:26:44.000000000,19.619153880089645
2026-03-02 22:46:14.000000000,39.37473351864276
2026-03-02 22:20:12.000000000,15.422606065281437
2026-03-02 22:03:27.000000000,16.18476034397911
2026-03-02 22:23:30.000000000,33.726802588620664
2026-03-02 22:06:47.000000000,8.910529944765596
2026-03-02 22:29:32.000000000,10.326700226834607
2026-03-02 22:33:18.000000000,14.198494707411937
2026-03-02 22:31:51.000000000,21.22833620666025
2026-03-02 22:12:55.000000000,8.999862343309553
2026-03-02 22:52:55.000000000,19.872475581910326
2026-03-02 22:03:55.000000000,40.220507825486465
2026-03-02 22:54:20.000000000,16.41997571165325
2026-03-02 22:22:06.000000000,227.2747262248195
2026-03-02 22:55:35.000000000,37.02681702598041
2026-03-02 22:15:17.000000000,31.74911800684091
2026-03-02 23:51:43.000000000,10.626808658663304
2026-03-02 23:16:00.000000000,76.00649744569021
2026-03-02 23:56:38.000000000,15.528592328473843
2026-03-02 23:17:36.000000000,15.138001827404048
2026-03-02 23:06:27.000000000,15.762750805939076
2026-03-02 23:35:15.000000000,24.872480929282165
2026-03-02 23:02:10.000000000,17.802098464269584
2026-03-02 23:28:16.000000000,20.90805354654905
2026-03-03 00:06:12.000000000,18.004948371564687
2026-03-03 00:51:32.000000000,15.521344067197013
2026-03-03 00:52:21.000000000,27.449619054269654
2026-03-03 00:31:45.000000000,8.794048374584763
2026-03-03 00:01:31.000000000,13.91155541023018
2026-03-03 00:29:37.000000000,7.809522133645252
2026-03-03 01:45:29.000000000,28.652921412907908
2026-03-03 01:02:35.000000000,16.7593426358135
2026-03-03 01:29:47.000000000,31.521042328114962
2026-03-03 01:47:37.000000000,17.094545304503235
2026-03-03 01:35:12.000000000,30.388893626390924
2026-03-03 01:27:57.000000000,14.738535083027212
2026-03-03 02:08:50.000000000,23.937088467680557
2026-03-03 02:33:35.000000000,51.387382604361015
2026-03-03 03:22:55.000000000,33.297135789472925
2026-03-03 03:00:12.000000000,29.402909248493415
2026-03-03 04:49:51.000000000,10.691190372371256
2026-03-03 04:20:27.000000000,67.30789362977517
2026-03-03 04:02:11.000000000,37.91579662578131
2026-03-03 05:28:17.000000000,41.34700297195685
2026-03-03 05:18:36.000000000,14.368219882395321
2026-03-03 05:21:56.000000000,25.96887600241522
2026-03-03 06:44:56.000000000,15.07785716989874
2026-03-03 06:26:42.000000000,8.897458052742529
2026-03-03 06:51:48.000000000,8.855305086511235
2026-03-03 06:27:41.000000000,16.60884705976534
2026-03-03 06:09:35.000000000,45.03383010983798
2026-03-03 06:39:03.000000000,18.61429497430918
2026-03-03 06:07:34.000000000,96.49331968419662
2026-03-03 06:13:48.000000000,26.93687256955507
2026-03-03 06:27:27.000000000,106.38764984948017
2026-03-03 06:44:35.000000000,9.199941344418182
2026-03-03 07:37:26.000000000,22.997878655388654
2026-03-03 07:06:49.000000000,13.850340275459407
2026-03-03 07:26:17.000000000,14.160151228319396
2026-03-03 07:40:50.000000000,24.452100466201852
2026-03-03 07:06:50.000000000,37.8918906918482
2026-03-03 07:12:19.000000000,10.661571527679216
2026-03-03 07:54:48.000000000,18.560643496439994
2026-03-03 07:36:20.000000000,44.18865053445967
2026-03-03 07:54:01.000000000,16.38739997089822
2026-03-03 07:35:10.000000000,8.19540031131831
2026-03-03 07:10:17.000000000,15.187414449372827
2026-03-03 07:53:56.000000000,68.71904479722642
2026-03-03 07:35:18.000000000,12.37525997796638
2026-03-03 07:34:57.000000000,28.1381519446763
2026-03-03 07:11:47.000000000,40.40718245535325
2026-03-03 07:08:40.000000000,22.715572058111203
2026-03-03 07:46:26.000000000,12.52275645712802
2026-03-03 07:03:52.000000000,23.546970975780024
2026-03-03 07:24:44.000000000,44.15897299286804
2026-03-03 07:46:14.000000000,29.85618805434717
2026-03-03 07:38:30.000000000,10.602819919302727
2026-03-03 08:36:10.000000000,16.51808765487849
2026-03-03 08:33:55.000000000,25.493593747384853
2026-03-03 08:32:31.000000000,6.886851780673331
2026-03-03 08:57:02.000000000,18.117122664698968
2026-03-03 08:40:14.000000000,6.11971621668464
2026-03-03 08:40:15.000000000,33.2450923763187
2026-03-03 08:59:11.000000000,40.592124472203665
2026-03-03 08:37:57.000000000,38.293149422297105
2026-03-03 08:23:00.000000000,35.06889854301704
2026-03-03 08:09:51.000000000,20.800482146813575
2026-03-03 08:20:38.000000000,22.334835534158408
2026-03-03 08:17:34.000000000,23.31927381488682
2026-03-03 08:50:32.000000000,12.389986348124577
2026-03-03 08:34:21.000000000,9.825570802532752
2026-03-03 08:41:25.000000000,16.011816600533027
2026-03-03 08:20:41.000000000,12.452898108148965
2026-03-03 09:43:08.000000000,13.314825882120044
2026-03-03 09:49:38.000000000,10.609324898575
2026-03-03 09:41:27.000000000,29.976967921544528
2026-03-03 09:51:50.000000000,18.02092812760609
2026-03-03 09:16:55.000000000,32.93990413225105
2026-03-03 09:07:34.000000000,23.497857616485312
2026-03-03 09:23:32.000000000,11.038785101850772
2026-03-03 09:52:27.000000000,30.856200821801085
2026-03-03 09:56:06.000000000,12.391747786444578
2026-03-03 09:54:43.000000000,21.215404975027344
2026-03-03 09:18:29.000000000,16.166199010150788
2026-03-03 09:39:35.000000000,12.40552130121707
2026-03-03 09:58:26.000000000,10.707325569276174
2026-03-03 09:23:01.000000000,18.35947896279834
2026-03-03 09:49:57.000000000,6.58337503586081
2026-03-03 09:12:29.000000000,15.971089864804119
2026-03-03 09:25:50.000000000,17.920603999820713
2026-03-03 09:48:08.000000000,36.44909529193575
2026-03-03 09:40:58.000000000,17.15656831367363
2026-03-03 09:39:33.000000000,17.898430037382226
2026-03-03 10:36:20.000000000,13.133871029121753
2026-03-03 10:29:41.000000000,10.931407719716807
2026-03-03 10:49:19.000000000,30.586619079719892
2026-03-03 10:06:59.000000000,8.59476629396309
2026-03-03 10:30:42.000000000,28.691856536231995
2026-03-03 10:33:21.000000000,10.879936889774223
2026-03-03 10:26:54.000000000,7.8163485162743145
2026-03-03 10:24:33.000000000,33.95300236013632
2026-03-03 10:20:00.000000000,17.76252529781481
2026-03-03 10:19:08.000000000,10.847551938245664
2026-03-03 10:48:42.000000000,15.979033660728822
2026-03-03 10:13:07.000000000,33.019836996976196
2026-03-03 10:59:49.000000000,12.600044152511645
2026-03-03 10:35:15.000000000,25.89890565233119
2026-03-03 10:41:36.000000000,12.445366557520938
2026-03-03 10:36:00.000000000,26.38536612515118
2026-03-03 10:49:30.000000000,12.692833625287912
2026-03-03 11:22:08.000000000,36.40667868180216
2026-03-03 11:24:19.000000000,41.61501931828431
2026-03-03 11:44:36.000000000,20.095101262583547
2026-03-03 11:49:09.000000000,22.363849384105126
2026-03-03 11:31:32.000000000,16.0389281058702
2026-03-03 11:53:08.000000000,33.39177071540621
2026-03-03 11:26:18.000000000,15.928287281402374
2026-03-03 11:03:37.000000000,54.84387810060768
2026-03-03 12:15:51.000000000,8.634133522940028
2026-03-03 12:23:01.000000000,8.084515379461209
2026-03-03 12:54:20.000000000,20.537690736813836
2026-03-03 12:20:13.000000000,38.052370278629326
2026-03-03 12:17:26.000000000,7.969648499659996
2026-03-03 12:32:51.000000000,178.5169005815449
2026-03-03 12:43:07.000000000,20.58757399096081
2026-03-03 12:58:01.000000000,30.42029573599513
2026-03-03 12:52:10.000000000,21.486933582622918
2026-03-03 12:40:20.000000000,12.393710642319432
2026-03-03 12:00:56.000000000,16.528803046849752
2026-03-03 12:39:39.000000000,8.354220468308588
2026-03-03 12:36:47.000000000,15.880835174045341
2026-03-03 13:53:49.000000000,40.60078043302811
2026-03-03 13:24:19.000000000,9.16098816946649
2026-03-03 13:32:44.000000000,67.93658854892799
2026-03-03 13:50:55.000000000,8.731691393757126
2026-03-03 13:27:42.000000000,16.503539476947786
2026-03-03 13:01:38.000000000,28.447477468935528
2026-03-03 13:18:54.000000000,6.451571049687302
2026-03-03 13:33:50.000000000,45.52310724583453
2026-03-03 13:34:11.000000000,16.05273536727783
2026-03-03 13:37:22.000000000,54.98717977602504
2026-03-03 13:27:38.000000000,9.959426773092957
2026-03-03 13:50:55.000000000,36.98317710004806
2026-03-03 13:10:08.000000000,19.516661294237938
2026-03-03 13:35:01.000000000,23.28359404671446
2026-03-03 13:04:31.000000000,29.320987428159512
2026-03-03 13:12:55.000000000,12.899982744323589
2026-03-03 13:43:02.000000000,17.744042568326122
2026-03-03 13:23:46.000000000,6.810797579069053
2026-03-03 14:33:35.000000000,20.735440173470312
2026-03-03 14:53:18.000000000,12.033213696214053
2026-03-03 14:34:55.000000000,8.633763808995141
2026-03-03 14:31:03.000000000,47.210914725157146
2026-03-03 14:07:42.000000000,31.25857901805903
2026-03-03 14:00:50.000000000,74.22749543026467
2026-03-03 14:00:16.000000000,8.886591423408522
2026-03-03 14:16:05.000000000,23.891158736243042
2026-03-03 14:01:40.000000000,8.219936448163153
2026-03-03 14:48:20.000000000,98.2980137428045
2026-03-03 14:03:50.000000000,16.00515500092776
2026-03-03 14:49:23.000000000,24.70299523957699
2026-03-03 14:17:02.000000000,13.988366100750971
2026-03-03 14:00:18.000000000,8.997520137202663
2026-03-03 14:53:06.000000000,28.04346714575231
2026-03-03 14:54:20.000000000,22.95931996697462
2026-03-03 14:36:28.000000000,6.762993708783341
2026-03-03 14:45:25.000000000,11.634839057909304
2026-03-03 14:05:12.000000000,14.13093688337117
2026-03-03 15:50:40.000000000,10.820930474574563
2026-03-03 15:36:22.000000000,7.359859557679942
2026-03-03 15:57:38.000000000,9.684893081135076
2026-03-03 15:11:57.000000000,39.626368126903905
2026-03-03 15:32:32.000000000,13.483319450664403
2026-03-03 15:37:35.000000000,14.225513347515937
2026-03-03 15:17:11.000000000,7.097136488427865
2026-03-03 15:42:49.000000000,23.06208608911864
2026-03-03 15:52:05.000000000,7.318461615416348
2026-03-03 15:21:42.000000000,71.51881662284946
2026-03-03 15:14:02.000000000,60.74743471365983
2026-03-03 15:08:43.000000000,15.609977215898539
2026-03-03 15:25:43.000000000,11.462023863278258
2026-03-03 15:53:06.000000000,17.914116712710022
2026-03-03 16:00:19.000000000,17.046021078518795
2026-03-03 16:23:03.000000000,15.161190527501086
2026-03-03 16:25:04.000000000,19.969583734895025
2026-03-03 16:30:43.000000000,6.543672379867208
2026-03-03 16:36:28.000000000,52.06496156933748
2026-03-03 16:09:29.000000000,38.21230674027255
2026-03-03 16:41:26.000000000,32.10755654826601
2026-03-03 16:43:16.000000000,8.796413827369173
2026-03-03 16:10:50.000000000,78.75896560053205
2026-03-03 16:28:07.000000000,8.199413811250682
2026-03-03 16:40:51.000000000,35.094386955553915
2026-03-03 16:25:18.000000000,21.21324652819068
2026-03-03 16:25:36.000000000,22.093635064629105
2026-03-03 16:22:16.000000000,16.630258447792418
2026-03-03 17:57:18.000000000,13.507652110532238
2026-03-03 17:57:01.000000000,50.42208074807538
2026-03-03 17:41:49.000000000,39.67302784234194
2026-03-03 17:03:31.000000000,30.695042353198502
2026-03-03 17:21:38.000000000,37.71435946848191
2026-03-03 17:16:48.000000000,18.913150680702717
2026-03-03 17:27:21.000000000,11.63032260348043
2026-03-03 17:05:11.000000000,19.29537933767715
2026-03-03 17:40:55.000000000,24.657220935330628
2026-03-03 17:31:44.000000000,52.159640097760345
2026-03-03 17:55:15.000000000,20.227977760262924
2026-03-03 17:47:20.000000000,16.788096872494382
2026-03-03 17:41:48.000000000,23.259415902624202
2026-03-03 17:37:00.000000000,10.787979115441743
2026-03-03 17:38:55.000000000,73.49346440642243
2026-03-03 18:40:09.000000000,35.35399338953381
2026-03-03 18:16:24.000000000,36.898227783269284
2026-03-03 18:15:07.000000000,21.6683522950219
2026-03-03 18:03:21.000000000,19.450952857239674
2026-03-03 18:43:50.000000000,17.329858509481245
2026-03-03 18:13:18.000000000,6.655703057877397
2026-03-03 18:08:11.000000000,12.164035923260583
2026-03-03 18:55:38.000000000,47.66943566679996
2026-03-03 18:13:02.000000000,10.384919960984629
2026-03-03 18:23:08.000000000,61.93487334634277
2026-03-03 18:29:10.000000000,7.910821383323791
2026-03-03 18:08:45.000000000,25.129585915799456
2026-03-03 18:19:57.000000000,13.106991969087124
2026-03-03 18:08:08.000000000,25.408362558100663
2026-03-03 18:37:16.000000000,72.46520258462158
2026-03-03 18:10:58.000000000,16.79936857519677
2026-03-03 18:01:42.000000000,30.951766574433353
2026-03-03 18:14:05.000000000,15.105615712656265
2026-03-03 18:53:42.000000000,8.973418426641762
2026-03-03 19:04:16.000000000,7.273959324260097
2026-03-03 19:54:44.000000000,15.21354497087599
2026-03-03 19:53:24.000000000,25.877313486422494
2026-03-03 19:10:35.000000000,10.365020629803674
2026-03-03 19:40:41.000000000,82.73672824508212
2026-03-03 19:49:26.000000000,40.762517810351156
2026-03-03 19:36:29.000000000,35.76508408382661
2026-03-03 19:16:04.000000000,45.413673247888305
2026-03-03 19:33:06.000000000,14.184121789063076
2026-03-03 19:23:00.000000000,18.49792519682376
2026-03-03 19:53:24.000000000,6.156237282013983
2026-03-03 19:27:16.000000000,6.755829894335868
2026-03-03 19:42:40.000000000,43.398389819236314
2026-03-03 19:40:44.000000000,34.68474720704204
2026-03-03 19:47:49.000000000,35.087114270263136
2026-03-03 19:39:59.000000000,19.32923794767219
2026-03-03 19:44:51.000000000,12.459442435089901
2026-03-03 19:19:12.000000000,15.100992828516347
2026-03-03 19:52:54.000000000,8.837638500124486
2026-03-03 20:40:03.000000000,91.41125155707618
2026-03-03 20:28:03.000000000,23.08280323230309
2026-03-03 20:01:38.000000000,38.33371715319503
2026-03-03 20:11:43.000000000,16.649861687067283
2026-03-03 20:27:27.000000000,17.847541426061884
2026-03-03 20:03:02.000000000,20.09658736786621
2026-03-03 20:16:01.000000000,11.167741707846824
2026-03-03 20:13:49.000000000,27.376946071935766
2026-03-03 20:30:23.000000000,14.104711440742477
2026-03-03 20:49:15.000000000,54.2223846386231
2026-03-03 20:13:39.000000000,18.562239269875903
2026-03-03 20:08:05.000000000,11.647782914123152
2026-03-03 20:13:54.000000000,17.680428231270977
2026-03-03 20:03:15.000000000,8.091796063965333
2026-03-03 20:32:00.000000000,33.9522355095762
2026-03-03 20:36:42.000000000,24.97947959171397
2026-03-03 20:17:19.000000000,69.52694850815077
2026-03-03 20:23:51.000000000,11.338813251922423
2026-03-03 21:40:29.000000000,30.20923699904021
2026-03-03 21:25:37.000000000,6.456885310085417
2026-03-03 21:45:55.000000000,8.386371331614344
2026-03-03 21:13:00.000000000,28.046108194910403
2026-03-03 21:52:40.000000000,77.4201470145791
2026-03-03 21:36:15.000000000,8.093811144097065
2026-03-03 21:53:11.000000000,18.9717185421984
2026-03-03 21:03:42.000000000,20.387224441560104
2026-03-03 21:23:54.000000000,13.284238131542251
2026-03-03 21:47:37.000000000,13.848561504997493
2026-03-03 21:21:13.000000000,30.296025050342774
2026-03-03 22:08:04.000000000,15.885353850343826
2026-03-03 22:22:18.000000000,22.716602456167518
2026-03-03 22:33:52.000000000,8.171953491303139
2026-03-03 22:11:53.000000000,43.47307741027292
2026-03-03 22:28:13.000000000,17.98540881732169
2026-03-03 22:59:29.000000000,25.55361468637957
2026-03-03 22:38:18.000000000,19.86151720805119
2026-03-03 22:09:16.000000000,20.111885142026605
2026-03-03 22:16:49.000000000,60.26621849367525
2026-03-03 22:28:10.000000000,5.550968153243884
2026-03-03 22:55:01.000000000,6.5389336304224575
2026-03-03 22:56:41.000000000,12.503750004319047
2026-03-03 22:13:03.000000000,10.329752122161429
2026-03-03 23:52:35.000000000,45.337384019282375
2026-03-03 23:57:28.000000000,26.03447349495746
2026-03-03 23:34:09.000000000,28.39034405477069
2026-03-03 23:24:45.000000000,42.76594763067537
2026-03-03 23:14:02.000000000,16.787694838444846
2026-03-03 23:33:31.000000000,29.060277627096152
2026-03-03 23:52:11.000000000,40.87746618330607
2026-03-03 23:21:10.000000000,25.482644817262226
2026-03-03 23:58:05.000000000,20.281864237510305
2026-03-03 23:34:01.000000000,10.960061204481217
2026-03-03 23:22:52.000000000,22.408361819413795
2026-03-03 23:27:19.000000000,34.4639332527615
2026-03-03 23:16:49.000000000,27.809659895938506
2026-03-03 23:41:38.000000000,37.244985234330926
2026-03-03 23:33:54.000000000,17.838395581337796
2026-03-04 00:27:54.000000000,20.829306846548242
2026-03-04 00:35:12.000000000,10.887486116081433
2026-03-04 00:38:57.000000000,29.513938387448338
2026-03-04 00:01:14.000000000,7.057941452061778
2026-03-04 00:06:18.000000000,13.544139941837079
2026-03-04 00:04:22.000000000,20.511429885813556
2026-03-04 00:23:10.000000000,23.673770792991792
2026-03-04 01:51:46.000000000,9.675224230706911
2026-03-04 01:19:06.000000000,13.174972870364835
2026-03-04 01:20:27.000000000,16.992949833038974
2026-03-04 01:37:41.000000000,16.522816484622396
2026-03-04 01:21:41.000000000,11.341625447705821
2026-03-04 02:39:17.000000000,18.50209786108329
2026-03-04 03:07:38.000000000,12.375682684672288
2026-03-04 03:44:27.000000000,20.92857468961998
2026-03-04 04:23:40.000000000,71.68764790030474
2026-03-04 04:29:22.000000000,12.425005209802105
2026-03-04 04:11:30.000000000,40.92156957432315
2026-03-04 05:12:45.000000000,15.962373323062685
2026-03-04 05:01:12.000000000,42.92115936483325
2026-03-04 05:55:00.000000000,101.85888635395077
2026-03-04 05:42:03.000000000,16.709554773021527
2026-03-04 05:57:46.000000000,15.933077531697876
2026-03-04 05:30:31.000000000,15.180198894190202
2026-03-04 05:14:22.000000000,12.761791959767292
2026-03-04 06:26:04.000000000,17.240207308677178
2026-03-04 06:04:54.000000000,15.995082422284547
2026-03-04 06:50:11.000000000,11.286987556305732
2026-03-04 06:09:44.000000000,80.83642456462053
2026-03-04 06:32:17.000000000,6.472346429441024
2026-03-04 06:06:55.000000000,39.74096368364601
2026-03-04 06:20:41.000000000,16.022871534376144
2026-03-04 06:28:27.000000000,6.461319063633418
2026-03-04 06:45:24.000000000,15.178884165399397
2026-03-04 06:37:17.000000000,15.933215870242885
2026-03-04 07:18:09.000000000,10.677664887749767
2026-03-04 07:51:49.000000000,40.49269684387838
2026-03-04 07:56:22.000000000,13.764711864922544
2026-03-04 07:49:22.000000000,18.561307554430467
2026-03-04 07:48:03.000000000,34.27301053069261
2026-03-04 07:18:40.000000000,10.75931030377471
2026-03-04 07:10:21.000000000,17.2190469783828
2026-03-04 07:06:20.000000000,59.091750260860195
2026-03-04 07:18:27.000000000,51.6345009699139
2026-03-04 07:35:27.000000000,40.43818300270815
2026-03-04 07:56:51.000000000,33.48770592801273
2026-03-04 07:21:51.000000000,16.78449819900523
2026-03-04 07:17:26.000000000,21.12811728437667
2026-03-04 07:15:47.000000000,8.318528969443332
2026-03-04 07:43:13.000000000,41.75344476297542
2026-03-04 07:42:52.000000000,21.756726074974083
2026-03-04 07:51:27.000000000,61.68616149927249
2026-03-04 07:25:45.000000000,85.94639289421077
2026-03-04 07:25:41.000000000,6.716560652713367
2026-03-04 07:45:11.000000000,29.504967204971095
2026-03-04 08:26:02.000000000,34.64334819746517
2026-03-04 08:30:27.000000000,32.74912128582834
2026-03-04 08:15:11.000000000,31.35113757660184
2026-03-04 08:06:46.000000000,10.793036323835823
2026-03-04 08:12:32.000000000,83.14845247782694
2026-03-04 08:33:50.000000000,17.33466248759151
2026-03-04 08:40:31.000000000,8.515505063387707
2026-03-04 08:30:22.000000000,30.543614246909016
2026-03-04 08:15:00.000000000,36.182671392279026
2026-03-04 08:05:48.000000000,14.258318751615244
2026-03-04 08:14:19.000000000,43.83013972050825
2026-03-04 08:51:55.000000000,24.730316981160733
2026-03-04 08:46:54.000000000,29.90318131604294
2026-03-04 08:00:07.000000000,50.967054702188086
2026-03-04 08:50:50.000000000,10.811888556404346
2026-03-04 08:25:04.000000000,89.34655225189742
2026-03-04 08:58:03.000000000,79.09273298429444
2026-03-04 08:36:01.000000000,9.596069342587821
2026-03-04 08:17:31.000000000,8.793291109737398
2026-03-04 09:01:58.000000000,16.125466292529012
2026-03-04 09:13:55.000000000,24.32620539483277
2026-03-04 09:38:42.000000000,15.315970088831435
2026-03-04 09:40:10.000000000,72.29727816175954
2026-03-04 09:27:00.000000000,29.406101427239133
2026-03-04 09:30:49.000000000,19.950181298560484
2026-03-04 09:32:14.000000000,12.939020096148461
2026-03-04 09:49:36.000000000,12.341231975054681
2026-03-04 09:11:47.000000000,78.85255289001189
2026-03-04 09:49:30.000000000,14.54729784958659
2026-03-04 09:56:14.000000000,12.48932612706178
2026-03-04 09:09:17.000000000,12.110479516796875
2026-03-04 09:58:17.000000000,23.337930378113768
2026-03-04 10:02:26.000000000,9.230345551966483
2026-03-04 10:17:25.000000000,10.156257441988895
2026-03-04 10:19:01.000000000,15.136252702367937
2026-03-04 10:16:37.000000000,10.891307889778654
2026-03-04 10:58:27.000000000,10.61772714629886
2026-03-04 10:25:56.000000000,31.1989391850582
2026-03-04 10:39:20.000000000,6.884113600315629
2026-03-04 10:16:13.000000000,12.3518339546033
2026-03-04 10:00:59.000000000,127.31335286037628
2026-03-04 10:36:49.000000000,23.65804652457361
2026-03-04 10:12:36.000000000,50.88358513200215
2026-03-04 10:51:22.000000000,32.137646354044186
2026-03-04 10:02:32.000000000,10.610457717443202
2026-03-04 10:37:25.000000000,32.80868225262195
2026-03-04 11:17:08.000000000,17.854446616887245
2026-03-04 11:08:49.000000000,33.828707355513835
2026-03-04 11:57:33.000000000,21.023662213320815
2026-03-04 11:19:52.000000000,15.370745966229375
2026-03-04 11:59:20.000000000,10.485146816729868
2026-03-04 11:16:41.000000000,68.58744501799382
2026-03-04 11:59:12.000000000,22.41380086696493
2026-03-04 11:25:49.000000000,50.19623183532481
2026-03-04 11:03:00.000000000,51.172585670137735
2026-03-04 11:47:42.000000000,25.533153195332652
2026-03-04 11:48:49.000000000,9.521146288654986
2026-03-04 11:38:56.000000000,102.12039329409838
2026-03-04 12:16:51.000000000,24.58930933902168
2026-03-04 12:43:26.000000000,17.795817827462354
2026-03-04 12:15:55.000000000,52.927991315004746
2026-03-04 12:35:13.000000000,30.135160474499074
2026-03-04 12:04:41.000000000,16.03119419340259
2026-03-04 12:16:51.000000000,13.65789215918662
2026-03-04 12:57:10.000000000,41.895752123223495
2026-03-04 12:14:21.000000000,8.363387376202681
2026-03-04 12:20:33.000000000,13.270905952280367
2026-03-04 12:02:19.000000000,42.23420983001942
2026-03-04 12:41:40.000000000,18.5765852076856
2026-03-04 12:09:44.000000000,7.3214529009092875
2026-03-04 13:30:34.000000000,101.29683065316605
2026-03-04 13:52:17.000000000,25.102563796476836
2026-03-04 13:48:55.000000000,20.206741694306746
2026-03-04 13:47:53.000000000,9.865897996587938
2026-03-04 13:50:18.000000000,32.160007860267314
2026-03-04 13:15:19.000000000,62.8595898630093
2026-03-04 13:12:34.000000000,37.776921389344245
2026-03-04 13:43:25.000000000,30.071162695932486
2026-03-04 13:42:41.000000000,22.965371515621253
2026-03-04 13:54:48.000000000,27.06113941601498
2026-03-04 13:28:08.000000000,27.7184557808725
2026-03-04 13:20:42.000000000,28.33626577889782
2026-03-04 14:00:03.000000000,14.713451455409903
2026-03-04 14:38:35.000000000,160.80958533567423
2026-03-04 14:48:55.000000000,31.657124376132906
2026-03-04 14:14:10.000000000,14.3981849053355
2026-03-04 14:51:09.000000000,13.225236537790188
2026-03-04 14:06:27.000000000,23.384455254068353
2026-03-04 14:07:50.000000000,21.083474401990106
2026-03-04 14:13:25.000000000,14.390351763185711
2026-03-04 14:22:12.000000000,19.350936145242834
2026-03-04 14:40:01.000000000,22.96839027916021
2026-03-04 14:45:15.000000000,18.163777822824787
2026-03-04 14:02:24.000000000,22.144937529173724
2026-03-04 14:30:46.000000000,41.267141525412725
2026-03-04 14:45:41.000000000,8.046583638278216
2026-03-04 14:23:48.000000000,48.179928959910406
2026-03-04 14:25:07.000000000,44.17805608400758
2026-03-04 14:51:52.000000000,16.785968767373458
2026-03-04 14:39:04.000000000,17.83075915978859
2026-03-04 14:57:27.000000000,11.621632034155061
2026-03-04 14:25:58.000000000,36.00633654610805
2026-03-04 14:05:49.000000000,44.63660168286776
2026-03-04 14:52:32.000000000,24.27494272569255
2026-03-04 15:56:32.000000000,40.06732020868743
2026-03-04 15:06:57.000000000,101.28610379546119
2026-03-04 15:01:59.000000000,44.20683282890614
2026-03-04 15:31:18.000000000,9.560092368388958
2026-03-04 15:30:50.000000000,14.501553480644825
2026-03-04 15:31:32.000000000,20.683992626642816
2026-03-04 15:41:28.000000000,14.96752070410031
2026-03-04 15:06:20.000000000,7.828526537020792
2026-03-04 15:12:17.000000000,57.415310471680726
2026-03-04 15:54:34.000000000,9.682451377022815
2026-03-04 15:36:52.000000000,25.268118508099384
2026-03-04 15:09:11.000000000,18.01160715903779
2026-03-04 15:31:26.000000000,8.15428969933168
2026-03-04 15:13:02.000000000,18.5594004871629
2026-03-04 16:39:27.000000000,20.415390859532174
2026-03-04 16:33:02.000000000,6.088119705192391
2026-03-04 16:18:17.000000000,14.32501004132241
2026-03-04 16:45:09.000000000,32.732446573851234
2026-03-04 16:46:30.000000000,15.290948394346138
2026-03-04 16:50:38.000000000,7.848509802994315
2026-03-04 16:49:05.000000000,26.529840960150317
2026-03-04 16:41:07.000000000,19.442225345656098
2026-03-04 16:43:12.000000000,37.399195799738884
2026-03-04 16:57:01.000000000,6.652166763512788
2026-03-04 16:38:41.000000000,17.952687423485838
2026-03-04 16:51:04.000000000,80.66930937023153
2026-03-04 16:59:12.000000000,13.161873171707878
2026-03-04 16:32:26.000000000,22.25524495526034
2026-03-04 16:56:06.000000000,21.943208733833345
2026-03-04 16:24:18.000000000,16.09236301747501
2026-03-04 16:43:23.000000000,41.463664936469115
2026-03-04 16:51:01.000000000,30.685064786978046
2026-03-04 16:56:26.000000000,73.48745520664096
2026-03-04 16:31:53.000000000,14.70043535177408
2026-03-04 16:25:08.000000000,7.162073569092827
2026-03-04 16:07:37.000000000,86.00894391024579
2026-03-04 16:46:32.000000000,10.732848063572145
2026-03-04 16:25:37.000000000,53.963955920451674
2026-03-04 17:07:05.000000000,13.679633283101515
2026-03-04 17:33:36.000000000,8.59066206966956
2026-03-04 17:46:24.000000000,8.956072058181961
2026-03-04 17:47:25.000000000,19.19426402989678
2026-03-04 17:06:00.000000000,35.62003626325092
2026-03-04 17:41:47.000000000,10.829628266035343
2026-03-04 17:38:13.000000000,11.010258482482632
2026-03-04 17:19:19.000000000,50.119668676936755
2026-03-04 17:13:04.000000000,106.74961483444201
2026-03-04 17:26:27.000000000,9.605914341112596
2026-03-04 17:53:59.000000000,14.010039417901552
2026-03-04 17:09:15.000000000,12.357504868124414
2026-03-04 17:08:06.000000000,9.748875924686075
2026-03-04 17:00:47.000000000,26.93480785817502
2026-03-04 17:22:26.000000000,11.480557388437179
2026-03-04 17:22:10.000000000,33.63814706991263
2026-03-04 17:28:43.000000000,110.86640748758853
2026-03-04 17:10:57.000000000,11.633374498807251
2026-03-04 17:48:29.000000000,33.33511703841092
2026-03-04 18:26:04.000000000,11.417729946493024
2026-03-04 18:40:34.000000000,15.999113174826102
2026-03-04 18:32:24.000000000,11.291698755856448
2026-03-04 18:11:00.000000000,18.553194929186876
2026-03-04 18:49:25.000000000,83.0934092506677
2026-03-04 18:10:43.000000000,14.118571496476035
2026-03-04 18:43:14.000000000,29.16360952629444
2026-03-04 18:30:04.000000000,20.52072841964995
2026-03-04 18:18:47.000000000,145.1141055757121
2026-03-04 18:40:51.000000000,29.790417761375085
2026-03-04 18:48:45.000000000,7.806976983392999
2026-03-04 18:36:51.000000000,16.79593066738004
2026-03-04 18:42:25.000000000,21.921655920451155
2026-03-04 18:46:39.000000000,31.020039145204446
2026-03-04 18:06:16.000000000,8.780053592669766
2026-03-04 18:07:27.000000000,13.73784502662654
2026-03-04 18:32:20.000000000,10.484087898904013
2026-03-04 18:58:13.000000000,25.35693445773582
2026-03-04 18:52:40.000000000,25.863348614902677
2026-03-04 18:55:30.000000000,15.997604188803699
2026-03-04 18:03:37.000000000,10.981292379952112
2026-03-04 18:47:15.000000000,8.948438678242098
2026-03-04 18:39:31.000000000,27.47870329499492
2026-03-04 18:21:09.000000000,34.05368968314619
2026-03-04 18:25:44.000000000,28.60076809505851
2026-03-04 18:32:50.000000000,50.3497435423627
2026-03-04 18:23:01.000000000,76.25183062076549
2026-03-04 18:30:04.000000000,58.28014888331908
2026-03-04 19:55:50.000000000,10.356309993407637
2026-03-04 19:06:01.000000000,9.695280721723103
2026-03-04 19:23:52.000000000,18.006256336887123
2026-03-04 19:02:40.000000000,16.80501316976893
2026-03-04 19:16:52.000000000,30.490635222612582
2026-03-04 19:50:56.000000000,33.71692539183537
2026-03-04 19:59:15.000000000,13.527210334960454
2026-03-04 19:11:07.000000000,14.194280551777917
2026-03-04 19:29:37.000000000,23.098445221531783
2026-03-04 19:32:01.000000000,38.07157724208163
2026-03-04 19:39:56.000000000,40.80734076540745
2026-03-04 19:59:25.000000000,14.081742734406394
2026-03-04 19:16:50.000000000,42.07543980232868
2026-03-04 19:30:26.000000000,29.42589184691696
2026-03-04 19:08:00.000000000,33.41286266423674
2026-03-04 19:08:20.000000000,85.40566348777551
2026-03-04 19:49:59.000000000,8.217682027908278
2026-03-04 19:56:12.000000000,48.888380508719465
2026-03-04 19:13:01.000000000,24.93014489580694
2026-03-04 19:38:47.000000000,30.549803807624684
2026-03-04 19:48:38.000000000,135.98378983575307
2026-03-04 20:09:48.000000000,73.11190293923151
2026-03-04 20:32:34.000000000,13.263156753617988
2026-03-04 20:13:40.000000000,11.064926471279247
2026-03-04 20:45:25.000000000,25.92294513932396
2026-03-04 20:16:06.000000000,50.110897434660075
2026-03-04 20:42:33.000000000,42.538667410372966
2026-03-04 20:39:11.000000000,13.558087684765542
2026-03-04 20:27:38.000000000,8.159028600295516
2026-03-04 20:00:50.000000000,14.594068426700268
2026-03-04 20:39:06.000000000,8.09200720159905
2026-03-04 20:01:38.000000000,22.343102110417334
2026-03-04 20:04:14.000000000,32.23612610823026
2026-03-04 20:48:10.000000000,94.1867641176776
2026-03-04 20:12:01.000000000,10.281227799868791
2026-03-04 20:20:35.000000000,44.01586155516305
2026-03-04 20:42:09.000000000,25.2237699442747
2026-03-04 21:06:54.000000000,15.369413950849516
2026-03-04 21:51:45.000000000,105.83800596979525
2026-03-04 21:31:21.000000000,39.33457180145944
2026-03-04 21:02:57.000000000,18.544709596739942
2026-03-04 21:13:24.000000000,7.402015751798195
2026-03-04 21:39:23.000000000,7.023575990094172
2026-03-04 21:08:29.000000000,50.32654150641636
2026-03-04 21:38:23.000000000,35.932352933341164
2026-03-04 21:32:46.000000000,22.757666567052947
2026-03-04 21:09:46.000000000,20.56745382822853
2026-03-04 21:18:43.000000000,32.67869062288126
2026-03-04 21:14:31.000000000,8.79800028104827
2026-03-04 21:00:23.000000000,68.69815218968557
2026-03-04 21:17:44.000000000,8.924090581643148
2026-03-04 21:55:46.000000000,17.981513766600123
2026-03-04 22:34:44.000000000,19.699330862154696
2026-03-04 22:42:11.000000000,9.77979864787188
2026-03-04 22:43:16.000000000,14.41767445438217
2026-03-04 22:16:10.000000000,9.76104143413704
2026-03-04 22:22:55.000000000,17.542118200012247
2026-03-04 22:59:14.000000000,17.957150231696613
2026-03-04 22:10:10.000000000,37.609228709277524
2026-03-04 22:07:24.000000000,202.80648701842298
2026-03-04 23:01:31.000000000,19.483028076138893
2026-03-04 23:42:33.000000000,27.388989896926162
2026-03-04 23:04:09.000000000,34.61728257744527
2026-03-04 23:44:00.000000000,8.16175252652221
2026-03-04 23:03:03.000000000,109.6945842917459
2026-03-04 23:30:40.000000000,20.34573564682375
2026-03-04 23:11:26.000000000,7.4422250143351665
2026-03-04 23:13:17.000000000,37.20195186338386
2026-03-04 23:48:48.000000000,41.013829764671705
2026-03-05 00:45:12.000000000,8.226344483630264
2026-03-05 00:06:19.000000000,20.570863452277226
2026-03-05 00:57:24.000000000,14.003017458123827
2026-03-05 00:31:48.000000000,9.075201386590873
2026-03-05 01:02:26.000000000,10.849948326767455
2026-03-05 01:45:18.000000000,18.62606021218003
2026-03-05 01:16:42.000000000,7.138464962968841
2026-03-05 01:17:29.000000000,46.796122766169795
2026-03-05 01:50:10.000000000,18.764331172192986
2026-03-05 01:51:22.000000000,10.317409371483896
2026-03-05 02:53:14.000000000,15.967258412543455
2026-03-05 03:13:11.000000000,14.349953242587103
2026-03-05 04:39:09.000000000,15.251445985377064
2026-03-05 04:24:58.000000000,25.282498413978516
2026-03-05 04:27:18.000000000,13.263404533227858
2026-03-05 04:26:30.000000000,20.449425044965714
2026-03-05 05:32:42.000000000,18.82895282337596
2026-03-05 05:15:35.000000000,94.11600547148133
2026-03-05 05:32:15.000000000,8.84188752038454
2026-03-05 05:28:00.000000000,16.945788986661352
2026-03-05 05:08:54.000000000,8.174774717794424
2026-03-05 06:30:21.000000000,42.04201587318471
2026-03-05 06:26:24.000000000,23.87560755538553
2026-03-05 06:00:25.000000000,27.595882586468292
2026-03-05 06:31:27.000000000,9.71457936127687
2026-03-05 06:17:18.000000000,43.05086835709314
2026-03-05 06:55:49.000000000,12.282689372269944
2026-03-05 06:47:37.000000000,107.19952903132747
2026-03-05 06:28:28.000000000,15.363135918099731
2026-03-05 06:59:39.000000000,11.501540088966125
2026-03-05 07:03:21.000000000,41.57604386992399
2026-03-05 07:52:29.000000000,45.59896704659692
2026-03-05 07:29:01.000000000,32.37166855380744
2026-03-05 07:22:40.000000000,42.53730321668033
2026-03-05 07:41:20.000000000,39.664055960488874
2026-03-05 07:14:04.000000000,152.12321492685987
2026-03-05 07:21:12.000000000,21.29370890143549
2026-03-05 07:56:26.000000000,19.874114334256525
2026-03-05 07:04:42.000000000,20.85865425973328
2026-03-05 07:01:14.000000000,26.849960073049346
2026-03-05 07:53:47.000000000,28.360525156613093
2026-03-05 07:42:33.000000000,11.36026510833424
2026-03-05 07:04:43.000000000,18.116460401037443
2026-03-05 07:00:14.000000000,12.224391277296098
2026-03-05 07:38:40.000000000,20.133255492900723
2026-03-05 08:33:57.000000000,7.842183576232603
2026-03-05 08:57:13.000000000,19.760099351204463
2026-03-05 08:31:11.000000000,46.246778537892226
2026-03-05 08:50:32.000000000,26.307634873827908
2026-03-05 08:11:59.000000000,36.92463885578652
2026-03-05 08:10:06.000000000,20.739109360782
2026-03-05 08:10:47.000000000,13.414322797809099
2026-03-05 08:14:30.000000000,47.95508036667034
2026-03-05 08:48:21.000000000,31.08668689114496
2026-03-05 08:26:18.000000000,12.950842297890375
2026-03-05 08:31:21.000000000,53.5957427639415
2026-03-05 08:34:34.000000000,52.826355725630805
2026-03-05 08:04:33.000000000,76.79108986707762
2026-03-05 08:35:46.000000000,9.28848978251831
2026-03-05 08:43:27.000000000,15.100689379100212
2026-03-05 08:51:53.000000000,11.144037718197126
2026-03-05 08:49:29.000000000,22.249711861237248
2026-03-05 08:45:09.000000000,49.430945069972246
2026-03-05 08:01:57.000000000,27.360486915087556
2026-03-05 08:50:51.000000000,12.301191566004633
2026-03-05 08:49:29.000000000,111.08728718479088
2026-03-05 08:33:01.000000000,7.662840391250954
2026-03-05 08:06:55.000000000,8.982458732527729
2026-03-05 08:19:54.000000000,15.506183995230826
2026-03-05 08:05:57.000000000,22.589258856615285
2026-03-05 08:10:46.000000000,23.8808487549596
2026-03-05 08:27:53.000000000,15.965682658403583
2026-03-05 09:06:04.000000000,60.411339988218565
2026-03-05 09:00:56.000000000,97.26900552862588
2026-03-05 09:20:19.000000000,11.671560934779023
2026-03-05 09:03:16.000000000,11.514206612734952
2026-03-05 09:22:08.000000000,16.12311036792937
2026-03-05 09:51:04.000000000,41.712784033920684
2026-03-05 09:08:55.000000000,11.420162392658664
2026-03-05 09:31:23.000000000,13.878473988552471
2026-03-05 09:58:39.000000000,14.713451455409903
2026-03-05 09:51:31.000000000,15.073157077058669
2026-03-05 09:35:48.000000000,13.991584523800936
2026-03-05 09:53:05.000000000,15.14984566299728
2026-03-05 09:50:59.000000000,21.072550742999464
2026-03-05 09:06:24.000000000,31.162086541669073
2026-03-05 09:52:02.000000000,46.12204443011815
2026-03-05 09:37:20.000000000,65.90730854131779
2026-03-05 09:51:45.000000000,18.42107646746392
2026-03-05 09:57:17.000000000,20.10099606686461
2026-03-05 09:24:20.000000000,100.3472953489346
2026-03-05 09:39:16.000000000,8.937633654594398
2026-03-05 09:58:09.000000000,68.68299895354043
2026-03-05 09:04:40.000000000,20.934104834385774
2026-03-05 10:25:28.000000000,17.227124682746336
2026-03-05 10:11:13.000000000,16.541487219949364
2026-03-05 10:26:03.000000000,35.392337651436414
2026-03-05 10:24:40.000000000,8.805432709901378
2026-03-05 10:47:53.000000000,11.63151504679633
2026-03-05 10:22:54.000000000,17.00049317259573
2026-03-05 10:13:58.000000000,26.134324282044428
2026-03-05 10:12:37.000000000,72.87703149438094
2026-03-05 10:43:00.000000000,79.79657959759889
2026-03-05 10:42:21.000000000,143.17778840804328
2026-03-05 10:21:27.000000000,12.459957062955896
2026-03-05 10:51:37.000000000,89.53639532211483
2026-03-05 10:52:19.000000000,20.7612316240949
2026-03-05 10:13:17.000000000,22.084465804642548
2026-03-05 10:44:13.000000000,35.10312814324569
2026-03-05 10:20:28.000000000,22.232104281046766
2026-03-05 10:05:21.000000000,12.934409525655255
2026-03-05 10:09:47.000000000,16.79499053442344
2026-03-05 10:37:22.000000000,21.592384808925477
2026-03-05 10:03:59.000000000,31.935018102041735
2026-03-05 10:02:08.000000000,34.68400843895212
2026-03-05 10:00:28.000000000,12.41096999802793
2026-03-05 10:32:47.000000000,21.884441793974094
2026-03-05 10:34:20.000000000,11.628114796589825
2026-03-05 10:03:28.000000000,28.85749884058026
2026-03-05 10:48:15.000000000,91.35044508515286
2026-03-05 10:22:46.000000000,8.674609380601561
2026-03-05 11:43:19.000000000,16.39612102813281
2026-03-05 11:13:31.000000000,15.317238062138443
2026-03-05 11:12:05.000000000,14.264312611777026
2026-03-05 11:30:24.000000000,28.25890152206772
2026-03-05 11:06:38.000000000,15.846550194031941
2026-03-05 11:03:01.000000000,35.55273288382474
2026-03-05 11:26:29.000000000,21.399924869968743
2026-03-05 11:39:48.000000000,29.295372309664447
2026-03-05 11:55:07.000000000,47.01812099971364
2026-03-05 11:32:02.000000000,17.407886194967332
2026-03-05 11:43:43.000000000,18.331704462541794
2026-03-05 11:25:19.000000000,23.755409515210154
2026-03-05 11:45:44.000000000,19.75722819419976
2026-03-05 11:34:14.000000000,31.27358024953587
2026-03-05 11:24:37.000000000,9.552418515324119
2026-03-05 11:43:41.000000000,7.813142916711825
2026-03-05 11:42:22.000000000,11.654642477858571
2026-03-05 12:27:59.000000000,13.232287394722121
2026-03-05 12:31:03.000000000,7.261220303269223
2026-03-05 12:38:36.000000000,107.09029589627471
2026-03-05 12:39:19.000000000,15.285328337701953
2026-03-05 12:38:03.000000000,14.846015879112912
2026-03-05 12:11:26.000000000,8.997016853845558
2026-03-05 12:00:41.000000000,101.94478472096954
2026-03-05 12:13:20.000000000,16.81164811964777
2026-03-05 12:07:58.000000000,11.202869167120848
2026-03-05 12:30:40.000000000,16.728558230044236
2026-03-05 12:11:46.000000000,8.927626918553443
2026-03-05 12:32:04.000000000,24.707250931926925
2026-03-05 12:55:04.000000000,22.881321806019614
2026-03-05 12:18:36.000000000,65.90015751237998
2026-03-05 12:49:32.000000000,77.14798070782797
2026-03-05 12:12:14.000000000,48.50459821837873
2026-03-05 12:43:28.000000000,9.688459656513839
2026-03-05 12:44:53.000000000,13.2780261774232
2026-03-05 13:54:16.000000000,28.5816330236411
2026-03-05 13:29:09.000000000,35.85719443600575
2026-03-05 13:38:10.000000000,16.092093922360487
2026-03-05 13:59:03.000000000,32.050247551689274
2026-03-05 13:53:36.000000000,7.328317302453934
2026-03-05 13:21:50.000000000,16.126394533735407
2026-03-05 13:36:43.000000000,23.856744579817352
2026-03-05 13:16:28.000000000,10.208067105970255
2026-03-05 13:48:38.000000000,8.222235919071398
2026-03-05 13:48:14.000000000,40.58726997271512
2026-03-05 13:55:49.000000000,87.29448879703972
2026-03-05 13:13:22.000000000,13.256002872591038
2026-03-05 13:09:11.000000000,11.7441024114051
2026-03-05 13:01:53.000000000,10.346528760280915
2026-03-05 13:17:38.000000000,25.87185863552688
2026-03-05 14:36:49.000000000,15.293346357842312
2026-03-05 14:45:54.000000000,155.31763516696842
2026-03-05 14:57:29.000000000,20.269699417881704
2026-03-05 14:34:03.000000000,86.69505231533654
2026-03-05 14:57:02.000000000,12.428149486180677
2026-03-05 14:12:12.000000000,51.879913576792546
2026-03-05 14:08:29.000000000,8.039665120549104
2026-03-05 14:05:56.000000000,12.500694687998894
2026-03-05 14:03:40.000000000,45.03296961882317
2026-03-05 14:16:02.000000000,56.538576769402866
2026-03-05 15:58:36.000000000,112.69491393665253
2026-03-05 15:07:57.000000000,20.29740157546131
2026-03-05 15:12:08.000000000,35.50312396547241
2026-03-05 15:29:39.000000000,13.095500827002684
2026-03-05 15:56:16.000000000,11.634522617201462
2026-03-05 15:38:41.000000000,38.3426139202029
2026-03-05 15:22:24.000000000,66.91420069693011
2026-03-05 15:11:43.000000000,62.685270289273475
2026-03-05 15:58:04.000000000,7.941606673147117
2026-03-05 15:10:24.000000000,25.34987145984002
2026-03-05 15:00:41.000000000,16.257885413387854
2026-03-05 15:49:52.000000000,29.57776331220021
2026-03-05 15:26:51.000000000,16.8538050983656
2026-03-05 15:57:09.000000000,17.058334382607494
2026-03-05 15:11:19.000000000,24.614658161704035
2026-03-05 15:57:25.000000000,28.96598598099147
2026-03-05 15:49:39.000000000,11.75277860460899
2026-03-05 15:42:09.000000000,13.070593934863272
2026-03-05 15:00:19.000000000,12.948283382812084
2026-03-05 15:28:30.000000000,34.462794261393306
2026-03-05 15:18:52.000000000,100.4232667650898
2026-03-05 15:44:03.000000000,37.29153417859778
2026-03-05 15:12:49.000000000,29.91808178496327
2026-03-05 15:06:13.000000000,39.33150382675769
2026-03-05 15:45:51.000000000,21.088401395000318
2026-03-05 15:24:16.000000000,10.330372520774887
2026-03-05 15:21:07.000000000,36.39416754327165
2026-03-05 16:15:26.000000000,11.67575275973342
2026-03-05 16:46:29.000000000,7.336037412637042
2026-03-05 16:43:25.000000000,10.302346323474003
2026-03-05 16:35:20.000000000,49.17343414866946
2026-03-05 16:21:27.000000000,23.28421767505366
2026-03-05 16:55:01.000000000,54.66296745233412
2026-03-05 16:56:18.000000000,25.83154126199939
2026-03-05 16:51:54.000000000,27.754700078083427
2026-03-05 16:51:15.000000000,13.53493708044551
2026-03-05 16:21:13.000000000,62.539503601465405
2026-03-05 16:52:03.000000000,22.4856695972002
2026-03-05 16:51:56.000000000,36.474320837783246
2026-03-05 16:07:28.000000000,15.906438909136066
2026-03-05 16:10:13.000000000,12.332390421070855
2026-03-05 16:04:37.000000000,28.877506869354157
2026-03-05 16:27:59.000000000,23.33280747756845
2026-03-05 16:50:52.000000000,11.400032026013657
2026-03-05 16:36:35.000000000,13.464931726108885
2026-03-05 16:34:25.000000000,44.617035649933236
2026-03-05 17:09:33.000000000,14.193887835757046
2026-03-05 17:49:24.000000000,22.681250460169608
2026-03-05 17:04:48.000000000,11.160272452402733
2026-03-05 17:54:11.000000000,60.44519594408545
2026-03-05 17:50:00.000000000,31.42765273724809
2026-03-05 17:54:41.000000000,6.525171799974559
2026-03-05 17:48:43.000000000,7.842183576232603
2026-03-05 17:26:09.000000000,28.02815805762262
2026-03-05 17:45:25.000000000,12.147709015709506
2026-03-05 17:39:30.000000000,19.65939358369692
2026-03-05 17:13:21.000000000,59.40606970766967
2026-03-05 17:45:53.000000000,49.66722605550648
2026-03-05 17:44:40.000000000,25.07641670242729
2026-03-05 17:35:09.000000000,21.26021404817252
2026-03-05 17:55:35.000000000,13.405796520903989
2026-03-05 17:30:06.000000000,9.347683225077665
2026-03-05 17:21:24.000000000,23.286603638741354
2026-03-05 18:13:57.000000000,8.835754232027382
2026-03-05 18:51:06.000000000,11.53404752886086
2026-03-05 18:15:12.000000000,42.637474097450216
2026-03-05 18:03:04.000000000,111.30917411097755
2026-03-05 18:34:44.000000000,12.485933662939118
2026-03-05 18:31:05.000000000,22.81347896614479
2026-03-05 18:30:18.000000000,28.4904522061829
2026-03-05 18:18:10.000000000,31.612430878698724
2026-03-05 18:59:25.000000000,29.182217453437694
2026-03-05 18:28:52.000000000,27.38898506904953
2026-03-05 18:45:30.000000000,42.41355583720608
2026-03-05 18:25:43.000000000,24.682720362231773
2026-03-05 18:51:13.000000000,15.329712453215597
2026-03-05 18:14:01.000000000,55.25474720547831
2026-03-05 18:00:55.000000000,56.89878561902075
2026-03-05 18:45:03.000000000,17.29813334125646
2026-03-05 18:58:24.000000000,22.4053579931697
2026-03-05 18:58:32.000000000,31.925383094590504
2026-03-05 19:36:25.000000000,88.96740610810292
2026-03-05 19:34:28.000000000,15.741462286046378
2026-03-05 19:05:45.000000000,8.954281571793812
2026-03-05 19:42:07.000000000,29.11842546410217
2026-03-05 19:04:51.000000000,19.938585593957278
2026-03-05 19:37:01.000000000,12.304619038660707
2026-03-05 19:41:07.000000000,52.341996121254894
2026-03-05 19:15:23.000000000,14.641389657616443
2026-03-05 19:46:43.000000000,17.10974603640528
2026-03-05 19:12:56.000000000,19.34370829190181
2026-03-05 19:09:52.000000000,24.921582461150546
2026-03-05 19:18:37.000000000,43.478178381651055
2026-03-05 19:29:05.000000000,56.153128433113984
2026-03-05 19:29:31.000000000,15.170094530957376
2026-03-05 19:34:54.000000000,6.271908611567773
2026-03-05 19:46:50.000000000,32.75291148217922
2026-03-05 20:46:10.000000000,20.982714147798603
2026-03-05 20:32:19.000000000,16.6526671220854
2026-03-05 20:53:05.000000000,12.48590995260581
2026-03-05 20:02:38.000000000,7.31373031434783
2026-03-05 20:34:41.000000000,29.183170428308273
2026-03-05 20:25:25.000000000,74.80163621122114
2026-03-05 20:24:23.000000000,23.694622053213163
2026-03-05 20:59:16.000000000,14.548225867897036
2026-03-05 20:10:28.000000000,8.204984694853795
2026-03-05 20:09:52.000000000,218.69391316008074
2026-03-05 20:39:33.000000000,20.473842245495803
2026-03-05 20:19:34.000000000,37.69949421402167
2026-03-05 20:14:02.000000000,35.46863458999041
2026-03-05 20:34:10.000000000,37.67638738515604
2026-03-05 20:22:48.000000000,23.220613908519468
2026-03-05 20:48:39.000000000,9.844760966923067
2026-03-05 20:14:53.000000000,22.12186906462723
2026-03-05 20:10:36.000000000,39.653324791477374
2026-03-05 20:19:00.000000000,12.096868380348408
2026-03-05 20:16:44.000000000,77.83757052891038
2026-03-05 20:29:10.000000000,59.845347933534256
2026-03-05 20:27:31.000000000,21.591091869675015
2026-03-05 20:02:42.000000000,11.116807292840782
2026-03-05 20:52:23.000000000,39.36658360336257
2026-03-05 21:18:15.000000000,32.594191785057674
2026-03-05 21:26:25.000000000,137.27499012404346
2026-03-05 21:30:14.000000000,6.212120684420044
2026-03-05 21:33:11.000000000,27.144371971924294
2026-03-05 21:23:42.000000000,203.4602478841728
2026-03-05 21:18:05.000000000,34.867721115751294
2026-03-05 21:10:52.000000000,170.56432240737922
2026-03-05 21:27:46.000000000,91.4875185379174
2026-03-05 21:25:31.000000000,9.776317866533548
2026-03-05 21:30:52.000000000,5.750097308306505
2026-03-05 21:16:42.000000000,12.97419961078832
2026-03-05 21:47:36.000000000,6.899024555121483
2026-03-05 21:41:18.000000000,12.005539415639618
2026-03-05 21:57:11.000000000,25.517395960304928
2026-03-05 21:56:05.000000000,15.048722286983814
2026-03-05 21:43:54.000000000,117.78702297593718
2026-03-05 21:28:28.000000000,13.94128683466425
2026-03-05 21:10:27.000000000,16.5848494795204
2026-03-05 21:55:25.000000000,37.154194238710545
2026-03-05 21:26:49.000000000,9.914498566311485
2026-03-05 22:18:31.000000000,45.47528448532684
2026-03-05 22:06:57.000000000,19.47022264521173
2026-03-05 22:39:06.000000000,16.016008135191264
2026-03-05 22:33:13.000000000,15.994299034006241
2026-03-05 22:15:46.000000000,7.917747278787009
2026-03-05 22:46:03.000000000,28.891444785792554
2026-03-05 22:18:33.000000000,21.46544056609004
2026-03-05 22:02:41.000000000,24.14956427899663
2026-03-05 22:30:30.000000000,26.785443665420576
2026-03-05 22:23:20.000000000,9.335534541767952
2026-03-05 22:31:41.000000000,11.651835794334495
2026-03-05 22:01:35.000000000,51.19730338907996
2026-03-05 22:56:32.000000000,21.494347291183413
2026-03-05 22:22:26.000000000,8.13456667070654
2026-03-05 22:23:02.000000000,6.800428744665432
2026-03-05 22:18:56.000000000,25.36864642994989
2026-03-05 22:01:50.000000000,12.367926991296368
2026-03-05 22:52:57.000000000,13.65617290581694
2026-03-05 22:23:46.000000000,63.80938838000827
2026-03-05 22:06:26.000000000,55.875726915709926
2026-03-05 22:13:13.000000000,42.66771807740074
2026-03-05 22:24:23.000000000,13.55530994107341
2026-03-05 22:45:09.000000000,24.373177731115575
2026-03-05 22:10:28.000000000,8.171206019766704
2026-03-05 22:26:52.000000000,59.1164251695072
2026-03-05 22:49:21.000000000,21.446966398838054
2026-03-05 22:35:07.000000000,16.81728440095806
2026-03-05 23:38:25.000000000,15.092066544268224
2026-03-05 23:04:32.000000000,13.191017375184433
2026-03-05 23:23:37.000000000,16.035412798850317
2026-03-05 23:59:29.000000000,18.61442400452233
2026-03-05 23:33:18.000000000,45.56513732460661
2026-03-05 23:27:24.000000000,12.391688785233262
2026-03-05 23:57:34.000000000,12.528356522200026
2026-03-05 23:37:44.000000000,14.205509547486391
2026-03-05 23:00:25.000000000,10.216881768786086
2026-03-05 23:55:20.000000000,35.37244303500517
2026-03-05 23:18:27.000000000,17.95134330781228
2026-03-05 23:48:46.000000000,13.229632162331745
2026-03-05 23:09:27.000000000,18.166725755126052
2026-03-05 23:54:35.000000000,17.816909640719793
2026-03-05 23:39:44.000000000,25.092987101846113
2026-03-05 23:09:58.000000000,91.45410706722635
2026-03-05 23:35:42.000000000,32.93980456211615
2026-03-05 23:26:52.000000000,18.66493925471738
2026-03-05 23:31:08.000000000,15.112564395535708
2026-03-05 23:17:17.000000000,18.517044556887065
2026-03-05 23:51:39.000000000,10.97568895350578
2026-03-05 23:51:16.000000000,22.37940619268201
2026-03-05 23:29:10.000000000,36.50174457194317
2026-03-05 23:01:22.000000000,45.35498616578405
2026-03-05 23:41:22.000000000,23.66778825828822
2026-03-05 23:43:35.000000000,19.283199653497807
2026-03-05 23:34:35.000000000,6.906948570403308
2026-03-05 23:32:26.000000000,52.154925077145066
2026-03-05 23:22:25.000000000,9.57221307706219
2026-03-05 23:45:20.000000000,8.708262005948312
2026-03-05 23:18:59.000000000,11.096164916294455
2026-03-06 00:42:52.000000000,29.06688375233088
2026-03-06 00:15:40.000000000,10.19768085760657
2026-03-06 00:04:20.000000000,26.92363241345061
2026-03-06 00:35:19.000000000,25.896031151966305
2026-03-06 00:21:13.000000000,13.047252657871582
2026-03-06 00:45:13.000000000,23.80815313376939
2026-03-06 00:30:00.000000000,37.00204332769469
2026-03-06 01:50:46.000000000,7.631748135524184
2026-03-06 01:21:28.000000000,23.88348677059531
2026-03-06 01:24:38.000000000,10.313137785173755
2026-03-06 01:30:45.000000000,22.237511978120626
2026-03-06 01:06:14.000000000,7.541093799045454
2026-03-06 01:45:07.000000000,8.776264272284957
2026-03-06 01:00:27.000000000,11.52490754008266
2026-03-06 01:02:21.000000000,51.119628616394756
2026-03-06 02:20:24.000000000,22.247677257918102
2026-03-06 02:37:16.000000000,14.15148027934966
2026-03-06 02:11:23.000000000,13.106384058146192
2026-03-06 03:25:05.000000000,30.033138002629837
2026-03-06 03:36:21.000000000,52.73165928652559
2026-03-06 03:11:22.000000000,9.552418515324119
2026-03-06 03:45:32.000000000,9.605421115357966
2026-03-06 03:13:54.000000000,12.454806081117118
2026-03-06 04:11:01.000000000,9.559125956594858
2026-03-06 04:57:35.000000000,32.590792360303986
2026-03-06 04:16:42.000000000,53.93346100296194
2026-03-06 05:04:50.000000000,68.98063506873382
2026-03-06 05:43:13.000000000,51.0809026937015
2026-03-06 05:50:56.000000000,8.21409268194767
2026-03-06 05:07:37.000000000,47.98995759038359
2026-03-06 05:37:50.000000000,133.79230049600466
2026-03-06 05:25:41.000000000,8.410075069556939
2026-03-06 05:32:03.000000000,65.55224889336624
2026-03-06 05:27:47.000000000,20.502002673705586
2026-03-06 05:53:48.000000000,15.893779439205975
2026-03-06 05:26:14.000000000,7.978341965088948
2026-03-06 05:55:33.000000000,8.405586400418857
2026-03-06 06:19:18.000000000,16.557748715727467
2026-03-06 06:28:07.000000000,13.075567957724491
2026-03-06 06:04:24.000000000,17.472794544098793
2026-03-06 06:56:59.000000000,8.876974587469306
2026-03-06 06:25:56.000000000,8.762417455359218
2026-03-06 06:59:08.000000000,26.493145571341064
2026-03-06 06:27:54.000000000,44.43268098982124
2026-03-06 06:25:24.000000000,18.073557979951538
2026-03-06 06:55:43.000000000,56.559672454185076
2026-03-06 06:07:09.000000000,27.97015285834588
2026-03-06 06:23:40.000000000,42.40516040745258
2026-03-06 06:38:48.000000000,67.4709238244161
2026-03-06 06:08:41.000000000,45.21051361823053
2026-03-06 06:01:32.000000000,24.902934695490945
2026-03-06 07:26:12.000000000,33.93631823503758
2026-03-06 07:48:42.000000000,6.097712496861518
2026-03-06 07:33:41.000000000,20.823241639185834
2026-03-06 07:05:28.000000000,142.92410982067233
2026-03-06 07:54:16.000000000,39.0244063483849
2026-03-06 07:42:56.000000000,9.225958372092883
2026-03-06 07:54:38.000000000,30.130033104079068
2026-03-06 07:07:15.000000000,18.606980516575515
2026-03-06 07:03:55.000000000,12.395887185269093
2026-03-06 07:48:43.000000000,6.0662131353222755
2026-03-06 07:35:42.000000000,39.58553495086781
2026-03-06 07:56:49.000000000,96.98934332861704
2026-03-06 08:06:29.000000000,6.533443809990784
2026-03-06 08:29:20.000000000,22.729509939711267
2026-03-06 08:45:54.000000000,26.849619215452037
2026-03-06 08:17:05.000000000,11.36866234126742
2026-03-06 08:18:04.000000000,14.63935511008524
2026-03-06 08:31:24.000000000,8.774563830602137
2026-03-06 08:32:14.000000000,10.80489532135279
2026-03-06 08:22:18.000000000,24.255152528610665
2026-03-06 08:26:43.000000000,23.399682924582297
2026-03-06 08:17:16.000000000,6.021982775010473
2026-03-06 08:12:50.000000000,9.44993180200115
2026-03-06 08:41:05.000000000,141.90063037677706
2026-03-06 08:07:07.000000000,16.977049781334372
2026-03-06 08:23:45.000000000,15.12118240470004
2026-03-06 08:24:46.000000000,24.648772582600955
2026-03-06 08:21:58.000000000,15.956954793520392
2026-03-06 08:05:47.000000000,8.910818900331968
2026-03-06 08:19:35.000000000,42.76626307514675
2026-03-06 09:04:21.000000000,11.217391196800017
2026-03-06 09:47:02.000000000,55.178655533411735
2026-03-06 09:21:04.000000000,9.009310588602611
2026-03-06 09:48:28.000000000,22.749495102978706
2026-03-06 09:21:50.000000000,29.832443304992875
2026-03-06 09:36:40.000000000,26.798767415234508
2026-03-06 09:34:15.000000000,16.631592318466456
2026-03-06 09:29:04.000000000,46.88385387004217
2026-03-06 09:08:31.000000000,57.23101105202545
2026-03-06 09:31:03.000000000,51.36600310903456
2026-03-06 09:16:24.000000000,24.61765161424572
2026-03-06 09:47:27.000000000,117.86139616282439
2026-03-06 09:36:18.000000000,18.296411648113406
2026-03-06 09:15:14.000000000,10.260960530428033
2026-03-06 09:27:58.000000000,22.196334738425886
2026-03-06 09:24:45.000000000,7.545231872373767
2026-03-06 09:28:23.000000000,7.51189002160845
2026-03-06 09:12:42.000000000,13.29740091178097
2026-03-06 09:18:47.000000000,35.708354900316785
2026-03-06 09:09:12.000000000,6.764414089294905
2026-03-06 09:17:14.000000000,20.248082636666137
2026-03-06 09:15:27.000000000,19.943408553030423
2026-03-06 10:51:57.000000000,37.11419145587245
2026-03-06 10:33:27.000000000,32.45529113474463
2026-03-06 10:10:21.000000000,36.797338000471555
2026-03-06 10:19:30.000000000,16.60081137358025
2026-03-06 10:52:13.000000000,40.89786622846697
2026-03-06 10:05:24.000000000,56.550109435936626
2026-03-06 10:19:23.000000000,35.622160254476704
2026-03-06 10:26:45.000000000,36.13966069572178
2026-03-06 10:50:52.000000000,16.784893928961594
2026-03-06 10:59:33.000000000,35.27117204644029
2026-03-06 10:55:15.000000000,34.49551464015643
2026-03-06 10:23:51.000000000,15.955121957327291
2026-03-06 10:29:06.000000000,29.88923295275687
2026-03-06 10:24:38.000000000,20.480354449854154
2026-03-06 10:41:30.000000000,11.485613809648004
2026-03-06 10:41:49.000000000,32.48282550857741
2026-03-06 10:21:52.000000000,9.013302472835921
2026-03-06 11:43:25.000000000,8.879314498948332
2026-03-06 11:45:32.000000000,9.45763550884917
2026-03-06 11:05:57.000000000,14.955031632072675
2026-03-06 11:40:25.000000000,13.467996948299026
2026-03-06 11:33:55.000000000,11.645048895964292
2026-03-06 11:06:05.000000000,10.484283629872069
2026-03-06 11:21:48.000000000,11.658044116388421
2026-03-06 11:29:05.000000000,18.572498959468717
2026-03-06 11:34:48.000000000,14.017155457836063
2026-03-06 11:55:32.000000000,30.490291257699763
2026-03-06 11:11:11.000000000,13.512295706602428
2026-03-06 11:23:21.000000000,83.15724315769943
2026-03-06 11:51:58.000000000,70.48004469394256
2026-03-06 11:37:19.000000000,21.093805651593584
2026-03-06 11:38:24.000000000,21.944677392286643
2026-03-06 11:35:11.000000000,19.844791785354705
2026-03-06 11:04:00.000000000,37.129392267612516
2026-03-06 12:18:58.000000000,8.203509602040986
2026-03-06 12:58:48.000000000,41.6225675337053
2026-03-06 12:26:22.000000000,13.186362423481844
2026-03-06 12:01:10.000000000,16.256801326949148
2026-03-06 12:15:53.000000000,42.70402835392499
2026-03-06 12:36:19.000000000,11.720819899046429
2026-03-06 12:36:31.000000000,15.964519254849153
2026-03-06 13:02:35.000000000,34.0829471492515
2026-03-06 13:35:09.000000000,9.689854889779369
2026-03-06 13:17:38.000000000,22.266525392120492
2026-03-06 13:56:01.000000000,51.191567321535516
2026-03-06 13:41:20.000000000,28.172577693818415
2026-03-06 13:02:32.000000000,10.237542103668696
2026-03-06 13:41:54.000000000,63.36039760244781
2026-03-06 13:45:13.000000000,9.71922368135919
2026-03-06 13:41:26.000000000,15.839203918357276
2026-03-06 14:16:55.000000000,24.78460921791097
2026-03-06 14:48:37.000000000,217.75653951867537
2026-03-06 14:57:12.000000000,17.713159591202945
2026-03-06 14:48:29.000000000,29.223786137345957
2026-03-06 14:07:39.000000000,27.573887151017722
2026-03-06 14:46:55.000000000,9.616823166896374
2026-03-06 14:04:26.000000000,10.843292221340704
2026-03-06 14:31:27.000000000,32.69455227316182
2026-03-06 14:23:40.000000000,19.53530367769016
2026-03-06 14:25:05.000000000,19.42674715725565
2026-03-06 14:46:06.000000000,14.718245502044198
2026-03-06 14:50:51.000000000,28.194308032350474
2026-03-06 14:01:52.000000000,37.13906099208318
2026-03-06 14:22:01.000000000,15.99419706197258
2026-03-06 14:19:40.000000000,8.807665897512152
2026-03-06 14:56:25.000000000,9.809645400997072
2026-03-06 14:12:36.000000000,9.80224535689798
2026-03-06 14:11:22.000000000,8.114221724464091
2026-03-06 15:57:33.000000000,58.248242479511916
2026-03-06 15:07:23.000000000,44.36396384860227
2026-03-06 15:50:52.000000000,19.537557739704415
2026-03-06 15:29:15.000000000,14.124502290400534
2026-03-06 15:47:04.000000000,5.686162082712985
2026-03-06 15:04:32.000000000,57.6420772360609
2026-03-06 15:10:50.000000000,10.33914845776814
2026-03-06 15:44:28.000000000,74.17937165578232
2026-03-06 15:33:39.000000000,59.16923669201916
2026-03-06 15:54:24.000000000,170.5551622391541
2026-03-06 15:05:33.000000000,13.275850721893148
2026-03-06 15:58:24.000000000,15.884047119716865
2026-03-06 15:15:17.000000000,33.27811442965922
2026-03-06 15:58:01.000000000,9.599962671619036
2026-03-06 15:38:04.000000000,12.370465931332085
2026-03-06 15:56:39.000000000,50.17646801979297
2026-03-06 15:35:00.000000000,16.789697428066535
2026-03-06 16:16:58.000000000,7.561934728485232
2026-03-06 16:04:26.000000000,43.3441970999069
2026-03-06 16:35:46.000000000,128.7835582749951
2026-03-06 16:03:54.000000000,36.46240576343862
2026-03-06 16:11:42.000000000,12.762544307230181
2026-03-06 16:51:22.000000000,12.495272776702507
2026-03-06 16:12:20.000000000,60.905173713862034
2026-03-06 16:02:14.000000000,8.977140591028366
2026-03-06 16:10:23.000000000,19.568859897522586
2026-03-06 16:28:20.000000000,7.865521322991177
2026-03-06 16:06:24.000000000,9.68855886692187
2026-03-06 16:27:21.000000000,9.44696028469481
2026-03-06 16:48:34.000000000,20.653025309028727
2026-03-06 16:36:06.000000000,12.985318455163622
2026-03-06 16:22:23.000000000,34.68047827425905
2026-03-06 16:22:55.000000000,12.43828521961974
2026-03-06 16:14:11.000000000,14.200996189438346
2026-03-06 16:56:47.000000000,50.75459829640101
2026-03-06 17:27:11.000000000,122.82186756014481
2026-03-06 17:05:25.000000000,44.45605905837087
2026-03-06 17:59:44.000000000,29.138295064186067
2026-03-06 17:39:42.000000000,20.357224001117384
2026-03-06 17:26:08.000000000,11.635389578938984
2026-03-06 17:23:47.000000000,67.55250943582598
2026-03-06 17:38:53.000000000,13.988111242032357
2026-03-06 17:06:22.000000000,8.925270612006097
2026-03-06 17:16:24.000000000,17.90943936112827
2026-03-06 17:30:52.000000000,22.13390539783082
2026-03-06 17:02:03.000000000,21.117499661277165
2026-03-06 17:15:04.000000000,11.692191126709425
2026-03-06 17:47:54.000000000,7.649860919131986
2026-03-06 17:57:00.000000000,14.118490047138245
2026-03-06 17:37:37.000000000,13.073035638975533
2026-03-06 17:15:40.000000000,10.02419536569903
2026-03-06 17:37:20.000000000,33.247836152816134
2026-03-06 17:13:03.000000000,27.524123278018596
2026-03-06 17:54:27.000000000,9.562761821442765
2026-03-06 17:34:30.000000000,18.564065652734335
2026-03-06 17:29:52.000000000,7.3972422314519894
2026-03-06 17:45:28.000000000,18.403258424874856
2026-03-06 17:06:24.000000000,15.106971851473826
2026-03-06 17:16:24.000000000,31.211630828862727
2026-03-06 18:20:05.000000000,26.41292780583675
2026-03-06 18:08:08.000000000,13.313758677821886
2026-03-06 18:33:45.000000000,22.149570651050055
2026-03-06 18:39:34.000000000,24.2371701098576
2026-03-06 18:53:50.000000000,38.513014483076155
2026-03-06 18:37:24.000000000,34.841508575090344
2026-03-06 18:38:55.000000000,27.252844888391433
2026-03-06 18:50:51.000000000,21.87698058571828
2026-03-06 18:40:41.000000000,9.738952276932999
2026-03-06 18:34:17.000000000,11.67994093174837
2026-03-06 18:45:56.000000000,31.561913686492815
2026-03-06 18:59:45.000000000,21.077016603550106
2026-03-06 18:19:32.000000000,35.17228024543104
2026-03-06 18:59:54.000000000,12.285863130551483
2026-03-06 18:11:24.000000000,158.06136786191826
2026-03-06 18:52:10.000000000,161.72375189512053
2026-03-06 18:14:45.000000000,14.894648171541126
2026-03-06 18:16:03.000000000,42.04410162319781
2026-03-06 18:38:52.000000000,30.662889296057575
2026-03-06 18:42:51.000000000,17.552517330322914
2026-03-06 18:01:42.000000000,14.597121726938266
2026-03-06 18:33:46.000000000,43.362371185319695
2026-03-06 18:42:14.000000000,11.220757273094131
2026-03-06 18:38:21.000000000,12.466130926162137
2026-03-06 18:36:52.000000000,15.184041076725162
2026-03-06 18:31:55.000000000,16.27738254733832
2026-03-06 19:18:26.000000000,12.763089375827034
2026-03-06 19:23:19.000000000,32.05185141986219
2026-03-06 19:50:10.000000000,18.38518343363228
2026-03-06 19:00:21.000000000,7.780965791585933
2026-03-06 19:15:25.000000000,12.431393606892435
2026-03-06 19:54:45.000000000,38.75721134645342
2026-03-06 19:57:20.000000000,22.218662348068058
2026-03-06 19:16:45.000000000,14.001132528349915
2026-03-06 19:49:48.000000000,33.91604893916023
2026-03-06 19:39:38.000000000,47.72531362702917
2026-03-06 19:05:35.000000000,58.91781309883006
2026-03-06 19:35:13.000000000,19.552002707246096
2026-03-06 19:10:34.000000000,27.670360095539827
2026-03-06 19:16:41.000000000,82.79069255554433
2026-03-06 19:08:31.000000000,11.608809610185677
2026-03-06 19:03:27.000000000,31.225901052459367
2026-03-06 19:09:10.000000000,9.778027973682212
2026-03-06 19:41:34.000000000,17.21389905850021
2026-03-06 19:13:42.000000000,17.836594323254317
2026-03-06 20:26:42.000000000,9.782978918619131
2026-03-06 20:36:17.000000000,21.232165680492702
2026-03-06 20:55:30.000000000,8.23499615377173
2026-03-06 20:45:01.000000000,21.427653419625454
2026-03-06 20:59:51.000000000,22.606968676250748
2026-03-06 20:18:41.000000000,20.167417580146957
2026-03-06 20:55:06.000000000,12.810785700834577
2026-03-06 20:18:57.000000000,20.09919560320573
2026-03-06 20:33:52.000000000,28.58585233562231
2026-03-06 20:03:07.000000000,18.845227036313627
2026-03-06 20:00:17.000000000,44.82792624665995
2026-03-06 20:18:57.000000000,14.555014337991771
2026-03-06 20:21:36.000000000,22.73428013810811
2026-03-06 20:26:24.000000000,13.485725606727376
2026-03-06 20:26:58.000000000,11.62185026341569
2026-03-06 20:31:37.000000000,28.473854498620266
2026-03-06 20:03:27.000000000,15.106971851473826
2026-03-06 20:06:50.000000000,27.17527950267257
2026-03-06 20:59:12.000000000,37.30559923510157
2026-03-06 20:00:19.000000000,14.936993115074834
2026-03-06 20:04:28.000000000,26.88809672135914
2026-03-06 20:18:06.000000000,21.383252214698636
2026-03-06 20:04:19.000000000,13.24778524049376
2026-03-06 20:10:55.000000000,21.193355092781506
2026-03-06 21:15:18.000000000,16.670960675704883
2026-03-06 21:17:28.000000000,20.645101457295358
2026-03-06 21:22:43.000000000,14.97168915037613
2026-03-06 21:01:30.000000000,32.3225069279913
2026-03-06 21:37:42.000000000,19.632968526092057
2026-03-06 21:48:36.000000000,20.256449862301046
2026-03-06 21:56:02.000000000,10.730979130309743
2026-03-06 21:21:43.000000000,12.000239474068021
2026-03-06 21:39:35.000000000,22.145226492192055
2026-03-06 21:20:26.000000000,26.71949940761329
2026-03-06 21:06:02.000000000,8.945843408032621
2026-03-06 21:44:21.000000000,15.47355544971364
2026-03-06 21:22:54.000000000,42.40488506004099
2026-03-06 21:40:27.000000000,36.37422235144971
2026-03-06 21:57:35.000000000,14.073463106002697
2026-03-06 21:11:07.000000000,11.841260279032099
2026-03-06 21:35:56.000000000,9.914658002668302
2026-03-06 21:13:45.000000000,20.907410380688198
2026-03-06 21:38:51.000000000,31.653426308752074
2026-03-06 21:19:16.000000000,5.637455434369696
2026-03-06 21:49:48.000000000,40.72441160100451
2026-03-06 21:24:07.000000000,39.99503840805669
2026-03-06 22:49:44.000000000,37.56386692409012
2026-03-06 22:53:19.000000000,15.789037325611833
2026-03-06 22:22:21.000000000,20.766434387425733
2026-03-06 22:10:53.000000000,70.1799564308476
2026-03-06 22:16:46.000000000,22.033242332390586
2026-03-06 22:50:36.000000000,16.20016444303836
2026-03-06 22:28:02.000000000,24.422544966300663
2026-03-06 22:32:01.000000000,74.87640416756444
2026-03-06 22:29:50.000000000,50.649059249324125
2026-03-06 22:06:19.000000000,16.9304425977714
2026-03-06 22:35:03.000000000,16.967317210460056
2026-03-06 22:29:33.000000000,26.58598129498227
2026-03-06 22:50:10.000000000,18.473136614394598
2026-03-06 22:53:44.000000000,57.91715469542535
2026-03-06 22:25:16.000000000,14.545633505407482
2026-03-06 22:40:34.000000000,13.928348433805574
2026-03-06 22:43:02.000000000,9.7252818324658
2026-03-06 22:46:09.000000000,23.76402715845906
2026-03-06 22:28:27.000000000,12.457941982824163
2026-03-06 22:13:24.000000000,24.030718002061327
2026-03-06 22:10:34.000000000,20.414537812538278
2026-03-06 22:23:13.000000000,11.717703442957308
2026-03-06 22:49:31.000000000,22.635329070363227
2026-03-06 22:18:53.000000000,37.162362289688524
2026-03-06 23:28:07.000000000,13.461932139974284
2026-03-06 23:53:48.000000000,6.126370076033879
2026-03-06 23:58:43.000000000,14.772126553030526
2026-03-06 23:49:46.000000000,12.490462557459168
2026-03-06 23:15:36.000000000,58.393938320467036
2026-03-06 23:21:54.000000000,11.394240899128246
2026-03-06 23:13:33.000000000,15.17382267084352
2026-03-06 23:14:02.000000000,23.29529956964014
2026-03-06 23:07:45.000000000,7.342857950101428
2026-03-06 23:52:30.000000000,9.598697417522795
2026-03-06 23:39:21.000000000,45.67371627299057
2026-03-06 23:11:35.000000000,240.14618295789626
2026-03-06 23:57:47.000000000,21.65837547001272
2026-03-06 23:17:08.000000000,50.77846072371591
2026-03-06 23:53:58.000000000,11.659845717982426
2026-03-06 23:32:04.000000000,17.826873100730747
2026-03-06 23:04:42.000000000,95.42424036731519
2026-03-07 00:09:46.000000000,33.220028546695204
2026-03-07 00:50:06.000000000,24.2134725422611
2026-03-07 00:13:39.000000000,20.541474490290653
2026-03-07 00:36:14.000000000,12.508041142725293
2026-03-07 00:29:28.000000000,8.934875579179076
2026-03-07 00:54:29.000000000,39.04252207798354
2026-03-07 00:14:23.000000000,24.830136885675902
2026-03-07 00:40:16.000000000,9.001314266996236
2026-03-07 00:47:34.000000000,20.910560529287096
2026-03-07 00:47:25.000000000,10.736340944823825
2026-03-07 00:57:23.000000000,12.489940840902792
2026-03-07 00:44:07.000000000,59.71909906670428
2026-03-07 00:09:18.000000000,21.207801422945163
2026-03-07 00:17:05.000000000,23.503076924930237
2026-03-07 00:55:26.000000000,34.49800544498403
2026-03-07 00:46:54.000000000,29.950828848304234
2026-03-07 00:34:50.000000000,31.617413282435407
2026-03-07 00:44:05.000000000,8.853203895492369
2026-03-07 00:37:51.000000000,16.79094581917719
2026-03-07 00:54:53.000000000,10.470795353426535
2026-03-07 00:04:34.000000000,29.843822161086873
2026-03-07 00:19:48.000000000,14.49734624680352
2026-03-07 00:00:08.000000000,21.527863683090718
2026-03-07 01:48:32.000000000,8.888078432624395
2026-03-07 01:02:39.000000000,30.772964966351836
2026-03-07 01:38:23.000000000,7.501783062891628
2026-03-07 01:54:39.000000000,16.499469616708645
2026-03-07 01:05:01.000000000,10.298282567738429
2026-03-07 01:46:49.000000000,11.699544065916688
2026-03-07 01:59:53.000000000,10.08842290162537
2026-03-07 01:40:34.000000000,19.33371764500763
2026-03-07 01:11:08.000000000,12.370227103322625
2026-03-07 01:03:08.000000000,10.282090461010036
2026-03-07 01:43:33.000000000,58.58669434011772
2026-03-07 01:29:13.000000000,27.661852126221486
2026-03-07 01:10:39.000000000,18.630940989645822
2026-03-07 01:13:14.000000000,9.725214085700012
2026-03-07 02:56:07.000000000,18.964025876947176
2026-03-07 02:18:04.000000000,20.863422382309903
2026-03-07 02:47:39.000000000,45.55778008082689
2026-03-07 02:17:02.000000000,34.643390748031365
2026-03-07 02:59:22.000000000,15.852529154521399
2026-03-07 02:50:15.000000000,48.814237175618324
2026-03-07 02:46:10.000000000,25.591604071079594
2026-03-07 02:08:15.000000000,12.251424264129877
2026-03-07 02:36:00.000000000,42.054238296546984
2026-03-07 02:53:45.000000000,25.512392765398864
2026-03-07 02:26:56.000000000,19.58680861103164
2026-03-07 02:43:32.000000000,15.649843210485402
2026-03-07 02:32:19.000000000,39.320464863616714
2026-03-07 02:47:58.000000000,104.65864243341741
2026-03-07 02:03:18.000000000,14.9733925651544
2026-03-07 02:26:47.000000000,36.36556302074498
2026-03-07 03:41:18.000000000,9.677233119227793
2026-03-07 03:08:34.000000000,42.66926338886548
2026-03-07 03:43:35.000000000,6.104028294876744
2026-03-07 03:43:46.000000000,30.302498802210117
2026-03-07 03:30:37.000000000,18.676869032899713
2026-03-07 03:27:51.000000000,29.42622662588149
2026-03-07 03:26:06.000000000,20.41330266725123
2026-03-07 03:17:04.000000000,23.980832173137188
2026-03-07 03:20:19.000000000,14.207480374627623
2026-03-07 03:00:19.000000000,25.07166153919069
2026-03-07 04:40:41.000000000,27.332712242051315
2026-03-07 04:21:18.000000000,18.565416365089508
2026-03-07 04:42:54.000000000,14.021109155107203
2026-03-07 04:25:26.000000000,28.14407123143667
2026-03-07 04:30:43.000000000,15.135398207987985
2026-03-07 05:48:09.000000000,62.86676595730991
2026-03-07 05:53:17.000000000,32.25275626658856
2026-03-07 05:34:39.000000000,54.413876173588214
2026-03-07 05:41:08.000000000,34.56498699527346
2026-03-07 05:44:35.000000000,16.575475867529196
2026-03-07 05:01:40.000000000,119.31494185514642
2026-03-07 06:19:02.000000000,10.703785366423872
2026-03-07 06:25:53.000000000,35.42861314341566
2026-03-07 06:58:40.000000000,19.948306505549983
2026-03-07 06:49:33.000000000,8.233451569570683
2026-03-07 06:36:44.000000000,16.06868348899244
2026-03-07 06:25:51.000000000,53.42913501597597
2026-03-07 06:05:42.000000000,17.891506396129525
2026-03-07 07:24:18.000000000,9.047602881421668
2026-03-07 07:37:16.000000000,9.816063349281185
2026-03-07 07:09:19.000000000,8.835897361523237
2026-03-07 07:41:24.000000000,9.423175364277492
2026-03-07 07:20:23.000000000,17.703791841215914
2026-03-07 07:04:57.000000000,28.380173002318557
2026-03-07 07:02:24.000000000,16.682556620485105
2026-03-07 07:52:47.000000000,7.878645593779893
2026-03-07 08:48:44.000000000,20.5092041057893
2026-03-07 08:12:04.000000000,61.005457327835565
2026-03-07 08:32:40.000000000,19.446166271831142
2026-03-07 08:32:11.000000000,15.098441444071371
2026-03-07 08:07:18.000000000,7.5366142015163
2026-03-07 08:28:16.000000000,32.40443064342225
2026-03-07 08:41:43.000000000,8.841583848187657
2026-03-07 08:50:06.000000000,14.579766532373585
2026-03-07 09:57:57.000000000,46.40780696550074
2026-03-07 09:15:59.000000000,11.551743227938069
2026-03-07 09:31:22.000000000,8.129772624072245
2026-03-07 09:38:35.000000000,54.37536848768535
2026-03-07 09:03:00.000000000,37.78355208989683
2026-03-07 09:32:22.000000000,28.77743523019648
2026-03-07 09:50:18.000000000,14.760082292745047
2026-03-07 09:58:13.000000000,8.94972552569269
2026-03-07 09:08:49.000000000,8.729236348833828
2026-03-07 09:37:13.000000000,30.575275413525606
2026-03-07 09:25:04.000000000,8.888056623342395
2026-03-07 09:39:12.000000000,27.211660309779223
2026-03-07 09:21:31.000000000,10.74947221879539
2026-03-07 10:32:54.000000000,13.42893418174503
2026-03-07 10:38:09.000000000,13.180001188093314
2026-03-07 10:33:11.000000000,8.778316947680484
2026-03-07 10:04:59.000000000,23.691664910999492
2026-03-07 10:40:01.000000000,12.88311737687782
2026-03-07 10:13:18.000000000,15.9698130437342
2026-03-07 10:01:19.000000000,23.597991845889087
2026-03-07 10:25:45.000000000,6.395153590972983
2026-03-07 10:44:05.000000000,15.183185607707733
2026-03-07 10:08:27.000000000,12.16348064360599
2026-03-07 10:55:31.000000000,26.453560292569083
2026-03-07 11:45:58.000000000,49.325634268824025
2026-03-07 11:09:53.000000000,14.606830542097411
2026-03-07 11:39:12.000000000,35.95802023906931
2026-03-07 11:06:20.000000000,8.081832769283844
2026-03-07 11:24:15.000000000,19.99691112888605
2026-03-07 11:15:29.000000000,31.927483254847797
2026-03-07 11:09:47.000000000,17.04011655777597
2026-03-07 11:50:15.000000000,31.349951866823517
2026-03-07 11:21:51.000000000,19.952631228360932
2026-03-07 11:32:51.000000000,13.294359160067904
2026-03-07 11:05:57.000000000,15.074798264175016
2026-03-07 11:52:23.000000000,7.651341689697936
2026-03-07 11:26:48.000000000,9.402648928183654
2026-03-07 11:25:01.000000000,15.283163830680449
2026-03-07 12:47:05.000000000,33.77534198551356
2026-03-07 12:27:26.000000000,18.253921716487813
2026-03-07 12:55:17.000000000,45.07993898526662
2026-03-07 12:55:50.000000000,10.357661385136609
2026-03-07 12:19:26.000000000,22.371314031540496
2026-03-07 12:44:47.000000000,17.259918029594886
2026-03-07 12:36:40.000000000,55.15405217740621
2026-03-07 12:10:02.000000000,47.862070475859525
2026-03-07 12:12:41.000000000,22.9596507126605
2026-03-07 12:03:28.000000000,41.19152494841972
2026-03-07 12:24:16.000000000,42.60997594886648
2026-03-07 12:29:50.000000000,15.112026824208048
2026-03-07 12:24:55.000000000,24.03073106218573
2026-03-07 12:36:33.000000000,24.262970199110235
2026-03-07 12:06:04.000000000,14.193141468603677
2026-03-07 12:14:40.000000000,44.43171230087318
2026-03-07 12:59:01.000000000,9.655237632882399
2026-03-07 12:43:57.000000000,58.56925459610665
2026-03-07 12:51:16.000000000,44.94926994591084
2026-03-07 12:25:44.000000000,7.936646100831292
2026-03-07 12:01:12.000000000,8.17644945136296
2026-03-07 12:01:37.000000000,12.550129784809574
2026-03-07 13:30:31.000000000,103.46132188309149
2026-03-07 13:05:28.000000000,18.59776454935497
2026-03-07 13:40:33.000000000,46.92994953673841
2026-03-07 13:49:01.000000000,25.94081466979843
2026-03-07 13:00:59.000000000,26.84353360456091
2026-03-07 13:46:30.000000000,11.537930185839635
2026-03-07 13:18:58.000000000,12.07753821040748
2026-03-07 13:05:09.000000000,20.3503022431579
2026-03-07 13:07:16.000000000,14.568021230521127
2026-03-07 13:40:32.000000000,61.22797210160845
2026-03-07 13:23:35.000000000,24.43807764650419
2026-03-07 13:51:24.000000000,10.67628855639473
2026-03-07 13:11:34.000000000,23.53993802051605
2026-03-07 13:23:14.000000000,33.346402509459345
2026-03-07 13:57:42.000000000,9.83002924963176
2026-03-07 13:13:33.000000000,29.50240352718335
2026-03-07 14:09:42.000000000,11.580431517597988
2026-03-07 14:06:43.000000000,21.552396493569614
2026-03-07 14:16:41.000000000,11.988871091144267
2026-03-07 14:40:56.000000000,9.81261850778547
2026-03-07 14:24:54.000000000,31.082454948918137
2026-03-07 14:35:23.000000000,17.919202794670625
2026-03-07 14:23:27.000000000,10.877221136738132
2026-03-07 14:42:40.000000000,31.399806287760004
2026-03-07 14:09:53.000000000,26.872162259157793
2026-03-07 14:23:06.000000000,13.306290108999528
2026-03-07 14:16:29.000000000,14.385175485044229
2026-03-07 14:35:33.000000000,23.386274205602803
2026-03-07 14:44:44.000000000,16.0350302060757
2026-03-07 14:28:41.000000000,30.367308948798396
2026-03-07 14:28:37.000000000,22.36035402100598
2026-03-07 14:45:36.000000000,16.76580536389895
2026-03-07 14:19:07.000000000,8.62466343308344
2026-03-07 14:50:10.000000000,35.57121778154418
2026-03-07 14:51:53.000000000,8.655896031372535
2026-03-07 14:04:17.000000000,22.969790631219208
2026-03-07 14:00:24.000000000,8.131257259203371
2026-03-07 14:18:34.000000000,6.580562399475429
2026-03-07 15:17:31.000000000,22.02486788091403
2026-03-07 15:15:53.000000000,10.722732493658896
2026-03-07 15:52:38.000000000,12.399954373257888
2026-03-07 15:39:28.000000000,14.204147946532785
2026-03-07 15:30:56.000000000,17.58685961705966
2026-03-07 15:58:23.000000000,18.39141902223792
2026-03-07 15:47:25.000000000,37.12350368709653
2026-03-07 15:36:06.000000000,7.940583225960672
2026-03-07 16:40:00.000000000,33.99014343554341
2026-03-07 16:31:17.000000000,44.72144059249791
2026-03-07 16:22:09.000000000,27.377739490412313
2026-03-07 16:27:50.000000000,17.52966089052532
2026-03-07 16:45:43.000000000,16.984099784337502
2026-03-07 16:17:39.000000000,19.331199693095673
2026-03-07 16:26:24.000000000,7.727857447182425
2026-03-07 16:01:40.000000000,13.475206687614177
2026-03-07 16:54:51.000000000,8.08511569229799
2026-03-07 16:28:26.000000000,12.681246720668103
2026-03-07 16:15:57.000000000,20.285862245526967
2026-03-07 16:24:36.000000000,16.7935630261181
2026-03-07 16:55:09.000000000,38.80490293117035
2026-03-07 16:59:50.000000000,7.910539467274373
2026-03-07 16:31:59.000000000,41.601249735279715
2026-03-07 16:55:59.000000000,9.678633663225476
2026-03-07 16:56:51.000000000,10.41225285505643
2026-03-07 16:43:59.000000000,23.401894414965938
2026-03-07 17:16:01.000000000,7.882806309127223
2026-03-07 17:40:49.000000000,8.191164856848403
2026-03-07 17:40:06.000000000,50.021076181300145
2026-03-07 17:09:36.000000000,38.72757254307765
2026-03-07 17:13:01.000000000,6.830914109290321
2026-03-07 17:18:18.000000000,22.139005818515464
2026-03-07 17:00:04.000000000,14.734273171521476
2026-03-07 17:06:16.000000000,29.12682455439303
2026-03-07 17:37:34.000000000,25.905814787104095
2026-03-07 17:43:05.000000000,8.323827195216698
2026-03-07 17:08:20.000000000,17.66299773663549
2026-03-07 17:45:26.000000000,19.96791705511739
2026-03-07 17:11:59.000000000,18.001621579392463
2026-03-07 17:30:09.000000000,46.38444379787018
2026-03-07 17:50:33.000000000,17.85687272531088
2026-03-07 17:49:09.000000000,21.836485005950767
2026-03-07 17:18:18.000000000,12.993648458709734
2026-03-07 17:48:33.000000000,20.22246513975558
2026-03-07 17:02:02.000000000,17.338232047638602
2026-03-07 17:57:44.000000000,31.76770498010626
2026-03-07 17:58:32.000000000,56.0078685498151
2026-03-07 17:59:33.000000000,7.2072700937849286
2026-03-07 17:08:50.000000000,55.14448957007629
2026-03-07 18:27:55.000000000,36.29195375211884
2026-03-07 18:40:41.000000000,12.392700358553581
2026-03-07 18:12:04.000000000,17.7057835827485
2026-03-07 18:13:55.000000000,19.26181582464107
2026-03-07 18:43:28.000000000,9.919473994725937
2026-03-07 18:39:52.000000000,104.65320952154485
2026-03-07 18:45:34.000000000,40.079099840236054
2026-03-07 18:20:13.000000000,9.422459205747687
2026-03-07 18:45:12.000000000,9.694170243451195
2026-03-07 18:32:52.000000000,58.1735074346627
2026-03-07 18:24:32.000000000,16.582844571675302
2026-03-07 18:23:55.000000000,100.88460490755848
2026-03-07 18:16:40.000000000,37.63482041844275
2026-03-07 18:00:37.000000000,47.30601445752143
2026-03-07 18:36:04.000000000,19.427860267248036
2026-03-07 18:27:46.000000000,9.654520809591725
2026-03-07 18:45:58.000000000,23.169668310802916
2026-03-07 18:44:26.000000000,19.429990194645082
2026-03-07 18:42:27.000000000,32.17540048220327
2026-03-07 18:18:19.000000000,9.524632043797617
2026-03-07 18:00:42.000000000,25.81513804602699
2026-03-07 18:17:04.000000000,26.801699396451777
2026-03-07 19:20:36.000000000,40.58762202953482
2026-03-07 19:34:15.000000000,33.10838334019167
2026-03-07 19:23:57.000000000,7.984350458388416
2026-03-07 19:55:30.000000000,15.79224886062042
2026-03-07 19:22:32.000000000,12.900514401309142
2026-03-07 19:50:17.000000000,34.99834114950323
2026-03-07 19:00:35.000000000,49.53878502101748
2026-03-07 19:10:06.000000000,6.322397113697057
2026-03-07 19:09:56.000000000,40.080099491857574
2026-03-07 19:42:17.000000000,31.246847520276038
2026-03-07 19:47:37.000000000,14.374824424633395
2026-03-07 19:09:32.000000000,9.288341280607181
2026-03-07 19:44:53.000000000,12.058454050684958
2026-03-07 19:51:04.000000000,32.350681418388
2026-03-07 19:46:32.000000000,54.84656339447355
2026-03-07 19:03:12.000000000,24.684119328099772
2026-03-07 20:56:03.000000000,57.32292388197415
2026-03-07 20:05:16.000000000,13.253683249806757
2026-03-07 20:35:17.000000000,20.759668667228205
2026-03-07 20:06:08.000000000,27.461000242980074
2026-03-07 20:03:18.000000000,18.23113181678019
2026-03-07 20:44:15.000000000,14.191298460164713
2026-03-07 20:41:53.000000000,35.06970955070894
2026-03-07 20:53:24.000000000,14.70227011877202
2026-03-07 20:23:33.000000000,15.912269970096958
2026-03-07 20:02:10.000000000,16.131499313106808
2026-03-07 20:47:50.000000000,11.55926000295001
2026-03-07 20:24:17.000000000,20.297943009646957
2026-03-07 20:17:55.000000000,43.50400794652156
2026-03-07 20:48:42.000000000,31.351425295721913
2026-03-07 20:19:06.000000000,14.383685462743152
2026-03-07 20:52:05.000000000,14.0539072348843
2026-03-07 21:54:35.000000000,13.62401216581147
2026-03-07 21:41:07.000000000,60.03579283648962
2026-03-07 21:21:24.000000000,40.76686424347896
2026-03-07 21:25:12.000000000,25.555996180009426
2026-03-07 21:18:34.000000000,32.794118536332626
2026-03-07 21:03:12.000000000,11.662776109455736
2026-03-07 21:43:42.000000000,44.27124452361894
2026-03-07 21:10:42.000000000,14.261474987344672
2026-03-07 21:56:52.000000000,24.934942744585115
2026-03-07 21:13:41.000000000,29.077016704520357
2026-03-07 21:18:54.000000000,6.247756247965438
2026-03-07 21:15:57.000000000,20.482022057926695
2026-03-07 21:22:45.000000000,9.95658287277835
2026-03-07 21:19:17.000000000,28.19866791169475
2026-03-07 21:51:38.000000000,8.649651185026599
2026-03-07 21:58:54.000000000,13.27061669849206
2026-03-07 21:30:26.000000000,18.642608452693256
2026-03-07 21:37:19.000000000,29.191766465003056
2026-03-07 21:03:47.000000000,25.27402576444563
2026-03-07 21:15:21.000000000,28.645029280786027
2026-03-07 21:40:46.000000000,28.38420122215619
2026-03-07 22:56:32.000000000,18.094012085462133
2026-03-07 22:36:14.000000000,27.57337446964722
2026-03-07 22:43:21.000000000,30.122007854460506
2026-03-07 22:56:04.000000000,17.147379302774482
2026-03-07 22:01:05.000000000,30.68598911130538
2026-03-07 22:27:54.000000000,31.667815158207144
2026-03-07 22:31:40.000000000,12.4384657246464
2026-03-07 22:57:07.000000000,10.728668326937001
2026-03-07 22:32:44.000000000,11.716303293160706
2026-03-07 22:16:12.000000000,7.951329313248558
2026-03-07 22:37:52.000000000,7.806609450626366
2026-03-07 22:57:02.000000000,16.746316084177536
2026-03-07 22:45:54.000000000,25.2910610748135
2026-03-07 22:13:51.000000000,25.893601507944346
2026-03-07 22:52:40.000000000,10.934916233253174
2026-03-07 22:20:05.000000000,20.201118123765195
2026-03-07 22:28:39.000000000,10.77816836010709
2026-03-07 22:32:10.000000000,47.538995250695145
2026-03-07 22:23:46.000000000,10.232775390276927
2026-03-07 22:56:04.000000000,23.33449295927463
2026-03-07 22:57:10.000000000,14.071411361600308
2026-03-07 22:13:08.000000000,16.81732059624193
2026-03-07 23:20:45.000000000,11.471677120846504
2026-03-07 23:54:27.000000000,10.272074629489266
2026-03-07 23:36:38.000000000,18.375420538592817
2026-03-07 23:10:09.000000000,17.8295958961904
2026-03-07 23:34:26.000000000,18.198976976894965
2026-03-07 23:09:29.000000000,9.48297889577961
2026-03-07 23:00:46.000000000,52.217257772440924
2026-03-07 23:56:07.000000000,13.252122063232772
2026-03-07 23:58:20.000000000,8.664702897982913
2026-03-07 23:14:45.000000000,54.24315154224732
2026-03-07 23:10:38.000000000,10.978741057695379
2026-03-07 23:58:19.000000000,26.46068115133538
2026-03-07 23:43:52.000000000,18.597585689127484
2026-03-07 23:17:22.000000000,10.37655831685416
2026-03-07 23:02:55.000000000,10.306623025985132
2026-03-07 23:33:07.000000000,20.38943453812313
2026-03-07 23:28:25.000000000,51.78104224154499
2026-03-07 23:37:42.000000000,21.75289266806034
2026-03-07 23:13:41.000000000,30.474506576486277
2026-03-07 23:55:53.000000000,26.183977817252497
2026-03-07 23:10:49.000000000,15.308263271530194
2026-03-07 23:48:20.000000000,40.80128494132554
2026-03-07 23:05:28.000000000,7.238130815033132
2026-03-08 00:05:49.000000000,34.16991333226839
2026-03-08 00:53:51.000000000,17.765778866215747
2026-03-08 00:06:02.000000000,27.62534078509501
2026-03-08 00:06:10.000000000,15.180174673755197
2026-03-08 00:30:41.000000000,27.371364061951347
2026-03-08 00:17:29.000000000,11.73451378752018
2026-03-08 00:27:59.000000000,25.424842071359546
2026-03-08 00:06:56.000000000,16.98139980990725
2026-03-08 00:32:29.000000000,23.530348384713523
2026-03-08 00:09:45.000000000,15.13462111785145
2026-03-08 00:46:05.000000000,13.405335504502645
2026-03-08 00:45:17.000000000,7.716696096367505
2026-03-08 00:44:19.000000000,8.449402731278289
2026-03-08 00:20:02.000000000,85.4302690667377
2026-03-08 00:51:15.000000000,8.071230230862522
2026-03-08 00:42:43.000000000,47.14622334275959
2026-03-08 00:41:51.000000000,31.14337077629212
2026-03-08 00:46:56.000000000,20.792618908858962
2026-03-08 00:30:39.000000000,21.240809956118387
2026-03-08 00:38:55.000000000,30.26464322788638
2026-03-08 00:56:03.000000000,83.32131941588656
2026-03-08 00:23:17.000000000,21.60630465353005
2026-03-08 01:39:14.000000000,12.588369184310798
2026-03-08 01:51:33.000000000,23.3053209843601
2026-03-08 01:11:19.000000000,48.457793330370144
2026-03-08 01:11:05.000000000,10.95735587970744
2026-03-08 01:21:11.000000000,17.225282577715834
2026-03-08 01:22:54.000000000,23.33729309489764
2026-03-08 01:29:37.000000000,33.23401611889535
2026-03-08 01:13:16.000000000,54.42876474227619
2026-03-08 03:08:35.000000000,11.863862966211379
2026-03-08 03:47:33.000000000,16.419126751470674
2026-03-08 03:17:46.000000000,44.19159036903174
2026-03-08 03:06:34.000000000,59.277086685844296
2026-03-08 03:06:28.000000000,16.422082532370826
2026-03-08 03:33:22.000000000,22.742077623049454
2026-03-08 03:52:25.000000000,13.729206433353841
2026-03-08 03:19:26.000000000,20.358630866457247
2026-03-08 03:08:08.000000000,58.9792413322589
2026-03-08 03:11:30.000000000,24.087775502635854
2026-03-08 03:05:23.000000000,47.6008505845407
2026-03-08 03:41:19.000000000,42.3399068965148
2026-03-08 03:46:20.000000000,11.483775884663634
2026-03-08 03:09:26.000000000,89.59989355729591
2026-03-08 03:52:12.000000000,25.816347080280668
2026-03-08 03:33:22.000000000,64.31965027324549
2026-03-08 03:17:43.000000000,10.805434576561328
2026-03-08 04:02:39.000000000,21.18989138989242
2026-03-08 04:02:34.000000000,21.39703425474386
2026-03-08 04:03:49.000000000,57.31484413516745
2026-03-08 04:39:23.000000000,11.67575656299372
2026-03-08 04:19:02.000000000,45.56811544376387
2026-03-08 04:04:02.000000000,34.00926451630811
2026-03-08 04:10:32.000000000,16.805066352120278
2026-03-08 04:53:17.000000000,12.806162239822555
2026-03-08 04:00:13.000000000,69.24178386453436
2026-03-08 04:44:39.000000000,66.58089397103936
2026-03-08 05:52:51.000000000,30.06419986067783
2026-03-08 05:56:03.000000000,30.065209441594586
2026-03-08 05:50:16.000000000,10.526779757129752
2026-03-08 05:11:58.000000000,54.93475135979593
2026-03-08 05:06:04.000000000,54.185133000765695
2026-03-08 05:52:37.000000000,33.55839583314408
2026-03-08 06:53:43.000000000,35.57167608538528
2026-03-08 06:21:14.000000000,17.88716646525318
2026-03-08 06:32:58.000000000,13.128253771292808
2026-03-08 06:39:08.000000000,8.790851582900109
2026-03-08 06:50:13.000000000,25.45150705217365
2026-03-08 06:47:23.000000000,41.76888887568949
2026-03-08 06:56:53.000000000,14.302234900702288
2026-03-08 06:24:45.000000000,22.023136949049036
2026-03-08 06:31:39.000000000,102.69491457557244
2026-03-08 06:47:01.000000000,10.818398906596174
2026-03-08 06:04:51.000000000,70.6360915656668
2026-03-08 07:45:38.000000000,15.211283242990653
2026-03-08 07:01:14.000000000,15.279230668881336
2026-03-08 07:54:03.000000000,19.88368980103922
2026-03-08 07:48:28.000000000,10.855875010727658
2026-03-08 07:49:08.000000000,77.39153679688857
2026-03-08 07:05:23.000000000,10.336544059869299
2026-03-08 07:10:33.000000000,42.43269892023816
2026-03-08 07:50:40.000000000,12.83518642892475
2026-03-08 08:40:53.000000000,17.160212793638948
2026-03-08 08:23:10.000000000,16.195392399938548
2026-03-08 08:42:33.000000000,39.505431035577466
2026-03-08 08:01:08.000000000,8.142775183885131
2026-03-08 08:13:22.000000000,18.058960271415142
2026-03-08 08:49:47.000000000,39.25380979004514
2026-03-08 08:54:37.000000000,24.42048729810548
2026-03-08 08:07:39.000000000,14.318423215619733
2026-03-08 09:28:58.000000000,16.121194667548227
2026-03-08 09:13:06.000000000,16.013800504613418
2026-03-08 09:50:22.000000000,11.518603805052814
2026-03-08 09:13:35.000000000,19.017475786312335
2026-03-08 09:15:12.000000000,8.843845576072994
2026-03-08 09:58:04.000000000,19.669476980790858
2026-03-08 09:27:45.000000000,11.59034871669477
2026-03-08 09:51:01.000000000,25.813092353346168
2026-03-08 09:22:48.000000000,25.329784529114793
2026-03-08 09:41:44.000000000,18.515433774628836
2026-03-08 09:54:39.000000000,11.681654300104228
2026-03-08 09:14:47.000000000,36.36506033208285
2026-03-08 09:16:22.000000000,11.55692926698624
2026-03-08 09:44:16.000000000,13.285013902385792
2026-03-08 09:19:53.000000000,10.783453958717196
2026-03-08 09:53:29.000000000,8.46691138456132
2026-03-08 09:15:49.000000000,16.83283637965553
2026-03-08 09:12:16.000000000,15.108111576728396
2026-03-08 10:00:45.000000000,30.86998146137816
2026-03-08 10:40:06.000000000,15.02496620726583
2026-03-08 10:14:26.000000000,12.322043414819898
2026-03-08 10:05:26.000000000,9.60004514714654
2026-03-08 10:40:11.000000000,8.090042522722067
2026-03-08 10:12:18.000000000,66.37222268984334
2026-03-08 10:21:27.000000000,13.326756944983625
2026-03-08 10:00:12.000000000,7.419358236343761
2026-03-08 10:51:01.000000000,23.121028994627302
2026-03-08 10:58:22.000000000,72.38096767105903
2026-03-08 10:21:21.000000000,35.995670952212514
2026-03-08 10:23:32.000000000,19.14675739296891
2026-03-08 10:06:08.000000000,17.972739458600365
2026-03-08 10:55:13.000000000,13.12536713276083
2026-03-08 10:27:25.000000000,19.704463640942627
2026-03-08 10:33:05.000000000,14.534331005289275
2026-03-08 10:13:44.000000000,27.564472752764544
2026-03-08 10:58:42.000000000,23.43170055917458
2026-03-08 11:06:25.000000000,15.071133809039711
2026-03-08 11:46:41.000000000,32.71093684053103
2026-03-08 11:04:19.000000000,13.262864107794071
2026-03-08 11:02:30.000000000,46.12330459976438
2026-03-08 11:09:23.000000000,8.28817145511272
2026-03-08 11:25:01.000000000,43.55146148581607
2026-03-08 11:02:14.000000000,11.634226399971036
2026-03-08 11:32:39.000000000,32.466458039457045
2026-03-08 11:03:54.000000000,44.09334920591514
2026-03-08 11:42:19.000000000,27.585447817269305
2026-03-08 11:14:58.000000000,13.114825461317736
2026-03-08 11:03:20.000000000,8.206413434097275
2026-03-08 11:25:26.000000000,17.926406381047926
2026-03-08 11:56:32.000000000,13.102413692480965
2026-03-08 11:53:34.000000000,8.114581010428093
2026-03-08 11:43:47.000000000,9.177676146534205
2026-03-08 11:53:13.000000000,8.736412901783057
2026-03-08 11:45:25.000000000,11.62783216353916
2026-03-08 11:16:26.000000000,31.62261851830465
2026-03-08 11:57:12.000000000,11.459807306802844
2026-03-08 12:15:20.000000000,8.925270612006097
2026-03-08 12:14:23.000000000,21.187433619332257
2026-03-08 12:08:55.000000000,28.962786072239062
2026-03-08 12:53:00.000000000,13.905621333710668
2026-03-08 12:42:08.000000000,23.05293929487496
2026-03-08 12:41:21.000000000,33.15557900353568
2026-03-08 12:15:56.000000000,71.331882945783
2026-03-08 12:15:52.000000000,45.63831323897226
2026-03-08 12:09:25.000000000,60.92395790960289
2026-03-08 12:05:50.000000000,30.402488366577163
2026-03-08 12:55:07.000000000,15.124643520708664
2026-03-08 12:31:40.000000000,14.193700660777642
2026-03-08 12:17:34.000000000,67.51923677578158
2026-03-08 12:08:07.000000000,41.387233732243644
2026-03-08 12:58:58.000000000,44.82619510791576
2026-03-08 12:36:16.000000000,21.23622129650112
2026-03-08 12:26:47.000000000,44.43563916673331
2026-03-08 12:10:28.000000000,13.29924009377967
2026-03-08 13:41:25.000000000,8.862968570245888
2026-03-08 13:49:03.000000000,11.586739721015324
2026-03-08 13:03:33.000000000,13.749827477004514
2026-03-08 13:37:17.000000000,32.30632076205942
2026-03-08 13:11:39.000000000,24.169804265773084
2026-03-08 13:49:14.000000000,33.10272529041657
2026-03-08 13:34:27.000000000,26.98073431623862
2026-03-08 13:23:28.000000000,22.369458190823618
2026-03-08 13:37:00.000000000,53.292855904888405
2026-03-08 13:39:30.000000000,10.283013622384436
2026-03-08 13:30:09.000000000,11.62185026341569
2026-03-08 13:54:17.000000000,79.44917607753763
2026-03-08 13:24:16.000000000,8.90662189840915
2026-03-08 13:32:20.000000000,26.907119853073667
2026-03-08 13:17:29.000000000,6.112038218524674
2026-03-08 13:59:03.000000000,10.27749250454848
2026-03-08 13:48:58.000000000,8.12145862800392
2026-03-08 13:37:22.000000000,28.98635625797513
2026-03-08 13:28:34.000000000,46.48635763322944
2026-03-08 13:14:23.000000000,18.063609375580903
2026-03-08 13:22:03.000000000,31.60927425156123
2026-03-08 13:45:40.000000000,19.906022860767937
2026-03-08 14:10:38.000000000,16.082478736110946
2026-03-08 14:01:15.000000000,58.92001195357499
2026-03-08 14:36:53.000000000,14.041562101897547
2026-03-08 14:12:19.000000000,24.185209030220392
2026-03-08 14:09:22.000000000,22.492375885727423
2026-03-08 14:11:54.000000000,29.48425639093771
2026-03-08 14:11:11.000000000,26.039832075866606
2026-03-08 14:13:09.000000000,28.313878331335555
2026-03-08 14:04:17.000000000,30.829726213082772
2026-03-08 14:20:50.000000000,14.06114986169786
2026-03-08 14:36:33.000000000,40.20762486375986
2026-03-08 14:04:58.000000000,28.934362392802697
2026-03-08 15:24:00.000000000,37.335261701000405
2026-03-08 15:03:44.000000000,7.65838360700696
2026-03-08 15:23:30.000000000,28.321152637785744
2026-03-08 15:33:20.000000000,23.29968434559022
2026-03-08 15:17:24.000000000,30.713119391956642
2026-03-08 15:01:24.000000000,58.86917940592022
2026-03-08 15:23:37.000000000,11.441737210717521
2026-03-08 15:21:18.000000000,6.28154575508642
2026-03-08 15:08:00.000000000,11.981961691104509
2026-03-08 15:53:56.000000000,49.65550474471939
2026-03-08 15:31:12.000000000,18.836830778957545
2026-03-08 15:13:01.000000000,59.07501004612147
2026-03-08 15:42:11.000000000,55.98913165156028
2026-03-08 15:32:43.000000000,13.913808042598914
2026-03-08 15:35:03.000000000,13.88874342323721
2026-03-08 15:44:53.000000000,56.86615659835886
2026-03-08 16:01:24.000000000,16.78989031584936
2026-03-08 16:54:17.000000000,12.899880522100355
2026-03-08 16:53:28.000000000,193.93936061148864
2026-03-08 16:19:52.000000000,10.874759941000052
2026-03-08 16:48:17.000000000,36.9325755932368
2026-03-08 16:39:30.000000000,9.358753246621005
2026-03-08 16:37:44.000000000,31.4024368491617
2026-03-08 16:25:31.000000000,10.238622310833529
2026-03-08 16:20:32.000000000,28.98444723336823
2026-03-08 16:40:34.000000000,11.548719189370651
2026-03-08 16:46:13.000000000,48.95584195601117
2026-03-08 16:11:15.000000000,30.00455786288253
2026-03-08 16:48:58.000000000,110.17913055733378
2026-03-08 16:48:21.000000000,57.50389511808128
2026-03-08 17:14:50.000000000,8.6348681317748
2026-03-08 17:22:48.000000000,10.900285549082156
2026-03-08 17:57:52.000000000,15.96884004031643
2026-03-08 17:08:30.000000000,30.43057232429861
2026-03-08 17:47:14.000000000,18.616598009388166
2026-03-08 17:11:05.000000000,15.90562774529121
2026-03-08 17:25:35.000000000,5.79192830472275
2026-03-08 17:58:10.000000000,74.40086644587448
2026-03-08 17:49:10.000000000,33.37244288131555
2026-03-08 17:22:29.000000000,8.900669180426222
2026-03-08 17:03:56.000000000,27.207495746818736
2026-03-08 17:14:44.000000000,16.034034860428537
2026-03-08 17:54:28.000000000,17.969290321900132
2026-03-08 17:04:48.000000000,8.073822845635913
2026-03-08 17:18:09.000000000,44.12126983331494
2026-03-08 17:03:38.000000000,94.22499041642669
2026-03-08 17:40:21.000000000,62.743108219078664
2026-03-08 17:16:05.000000000,17.2435288449562
2026-03-08 17:03:21.000000000,11.432076468653573
2026-03-08 17:31:12.000000000,9.624607664829481
2026-03-08 17:44:28.000000000,6.603314820071339
2026-03-08 17:26:45.000000000,17.77409859791973
2026-03-08 18:11:01.000000000,16.472759553911807
2026-03-08 18:55:43.000000000,11.717859416078543
2026-03-08 18:56:02.000000000,24.263614299792124
2026-03-08 18:20:51.000000000,14.34906872769315
2026-03-08 18:15:31.000000000,71.61380566749527
2026-03-08 18:15:23.000000000,25.720657454103353
2026-03-08 18:56:01.000000000,16.827239524636816
2026-03-08 18:23:37.000000000,20.080928124093447
2026-03-08 18:02:48.000000000,15.802641634349124
2026-03-08 18:33:18.000000000,34.642498761136984
2026-03-08 18:07:54.000000000,13.270160389268632
2026-03-08 18:16:15.000000000,18.515871487987326
2026-03-08 18:42:45.000000000,31.65375909762124
2026-03-08 19:01:39.000000000,15.141834694110532
2026-03-08 19:07:55.000000000,7.549769928447753
2026-03-08 19:26:49.000000000,19.68903633854797
2026-03-08 19:18:58.000000000,85.55161730444163
2026-03-08 19:53:31.000000000,14.37799313278345
2026-03-08 19:45:35.000000000,65.20938658724351
2026-03-08 19:50:12.000000000,61.61457470868818
2026-03-08 19:38:13.000000000,8.997903973129747
2026-03-08 19:27:04.000000000,25.83133127853584
2026-03-08 19:53:54.000000000,30.841825961395386
2026-03-08 19:49:07.000000000,26.70320648184265
2026-03-08 19:15:17.000000000,49.47480903022668
2026-03-08 19:55:54.000000000,27.63638671531899
2026-03-08 19:33:05.000000000,10.915206596301827
2026-03-08 20:08:17.000000000,22.616405099258497
2026-03-08 20:41:52.000000000,20.75143704286748
2026-03-08 20:16:25.000000000,18.799911637389425
2026-03-08 20:55:33.000000000,7.283430227827561
2026-03-08 20:16:55.000000000,14.393501512476119
2026-03-08 20:13:43.000000000,8.167805445024278
2026-03-08 20:19:50.000000000,22.257360527503582
2026-03-08 20:41:50.000000000,30.559041777019814
2026-03-08 20:57:55.000000000,62.88547617749517
2026-03-08 20:10:51.000000000,18.7400347804983
2026-03-08 20:08:37.000000000,25.799955188162162
2026-03-08 20:46:31.000000000,9.36112618487541
2026-03-08 20:55:38.000000000,10.523556595110652
2026-03-08 20:30:33.000000000,18.603625714370395
2026-03-08 20:20:14.000000000,20.682839401626612
2026-03-08 21:30:07.000000000,20.019394286218986
2026-03-08 21:14:41.000000000,40.8340190346764
2026-03-08 21:27:04.000000000,33.46855747529981
2026-03-08 21:51:20.000000000,16.83722831305914
2026-03-08 21:03:33.000000000,57.36257268085814
2026-03-08 21:17:54.000000000,34.89322084037095
2026-03-08 21:52:55.000000000,15.110060745834405
2026-03-08 21:16:23.000000000,16.135805673772722
2026-03-08 21:51:34.000000000,18.265785069465437
2026-03-08 21:57:20.000000000,7.285446308194791
2026-03-08 21:09:09.000000000,68.01106912489212
2026-03-08 22:24:12.000000000,46.56837056515882
2026-03-08 22:21:30.000000000,29.693291774527736
2026-03-08 22:08:28.000000000,22.706561274262437
2026-03-08 22:31:59.000000000,7.761819194260733
2026-03-08 22:14:57.000000000,38.33194094525838
2026-03-08 22:44:01.000000000,22.382848096788685
2026-03-08 22:47:50.000000000,19.28107826612621
2026-03-08 22:39:56.000000000,24.915728631296716
2026-03-08 22:19:22.000000000,20.42213252781821
2026-03-08 22:41:49.000000000,15.175050535729847
2026-03-08 22:02:49.000000000,23.852052661694955
2026-03-08 22:09:41.000000000,61.389594608937834
2026-03-08 22:01:14.000000000,12.544790099299453
2026-03-08 22:11:02.000000000,20.206028822527237
2026-03-08 22:26:12.000000000,21.742940399340156
2026-03-08 22:16:02.000000000,24.374432340091293
2026-03-08 23:07:48.000000000,11.695173181437896
2026-03-08 23:33:32.000000000,27.65143183964221
2026-03-08 23:49:40.000000000,17.84250368937134
2026-03-08 23:15:01.000000000,29.182519819678934
2026-03-08 23:20:57.000000000,13.09058830779642
2026-03-08 23:48:31.000000000,8.908581343158385
2026-03-08 23:43:02.000000000,49.64909823339096
2026-03-08 23:31:35.000000000,47.20680714869782
2026-03-08 23:01:55.000000000,24.096335122794464
2026-03-08 23:36:09.000000000,33.76116870340952
2026-03-08 23:53:46.000000000,27.7827090694239
2026-03-08 23:56:10.000000000,16.954957436500468
2026-03-08 23:51:19.000000000,16.382773021768568
2026-03-08 23:03:18.000000000,9.717260036340363
2026-03-08 23:50:24.000000000,8.301703015453638
2026-03-08 23:24:27.000000000,11.741173468354125
2026-03-09 00:50:41.000000000,38.84156052765917
2026-03-09 00:41:06.000000000,10.365150508397363
2026-03-09 00:33:14.000000000,25.753968082056137
2026-03-09 00:44:24.000000000,25.017586623167205
2026-03-09 00:03:30.000000000,63.305960179079904
2026-03-09 00:32:24.000000000,24.951288509512782
2026-03-09 00:13:31.000000000,21.505505977799434
2026-03-09 01:06:28.000000000,14.872367612069882
2026-03-09 01:11:15.000000000,39.77425290721367
2026-03-09 01:39:31.000000000,14.402979650585403
2026-03-09 02:43:04.000000000,26.17431285385412
2026-03-09 02:03:20.000000000,36.34866369497312
2026-03-09 02:34:50.000000000,19.46398915433961
2026-03-09 02:41:59.000000000,11.2043856782265
2026-03-09 02:09:32.000000000,48.89602619889226
2026-03-09 02:16:50.000000000,10.269161276559931
2026-03-09 04:32:42.000000000,25.199756834670847
2026-03-09 04:56:19.000000000,12.108225161554262
2026-03-09 04:37:22.000000000,21.08976879148941
2026-03-09 05:57:58.000000000,24.706029724272987
2026-03-09 05:53:43.000000000,24.761203744917935
2026-03-09 05:26:44.000000000,33.06722185290213
2026-03-09 05:45:00.000000000,70.44339929447202
2026-03-09 05:12:54.000000000,19.966455718051154
2026-03-09 05:28:19.000000000,9.378898143706637
2026-03-09 05:39:24.000000000,5.476065923798089
2026-03-09 06:48:22.000000000,18.676214639203188
2026-03-09 06:46:10.000000000,29.73269468369019
2026-03-09 06:16:00.000000000,92.4169706474759
2026-03-09 06:01:06.000000000,13.238983839223758
2026-03-09 06:37:18.000000000,17.885309130008412
2026-03-09 06:43:02.000000000,102.79341351607864
2026-03-09 06:31:44.000000000,17.54911299848016
2026-03-09 06:25:46.000000000,18.239775343280257
2026-03-09 06:33:39.000000000,24.06495585730508
2026-03-09 06:47:20.000000000,19.303182625670548
2026-03-09 06:34:08.000000000,76.28864831115351
2026-03-09 06:35:46.000000000,20.24666258928826
2026-03-09 06:52:32.000000000,117.28150753966662
2026-03-09 06:20:50.000000000,38.99302043201528
2026-03-09 07:59:27.000000000,10.31163843323354
2026-03-09 07:33:33.000000000,15.13367203424361
2026-03-09 07:36:27.000000000,46.32585178130924
2026-03-09 07:14:51.000000000,64.02605089264244
2026-03-09 07:59:52.000000000,12.423726851080959
2026-03-09 07:44:02.000000000,47.78567680330872
2026-03-09 07:34:39.000000000,20.617873856297983
2026-03-09 07:30:46.000000000,13.267719131184151
2026-03-09 07:49:34.000000000,16.694960417988664
2026-03-09 07:13:26.000000000,22.7330940810977
2026-03-09 07:50:27.000000000,14.335801676622864
2026-03-09 07:51:29.000000000,20.98837147018927
2026-03-09 07:21:20.000000000,33.48458899970429
2026-03-09 07:12:05.000000000,22.012916996928897
2026-03-09 08:15:26.000000000,11.180505091980713
2026-03-09 08:44:01.000000000,20.339938201557537
2026-03-09 08:30:56.000000000,13.156107521874999
2026-03-09 08:51:18.000000000,42.82836398884867
2026-03-09 08:26:54.000000000,29.728893653609372
2026-03-09 08:41:52.000000000,37.62787301299271
2026-03-09 08:58:48.000000000,10.66904638001403
2026-03-09 08:17:13.000000000,43.55588913980695
2026-03-09 08:06:24.000000000,52.76805433431272
2026-03-09 08:25:42.000000000,8.042408739502054
2026-03-09 08:18:46.000000000,29.616077315588953
2026-03-09 08:40:00.000000000,59.16664116367832
2026-03-09 08:42:06.000000000,10.064827883872308
2026-03-09 08:58:50.000000000,17.82754957219106
2026-03-09 08:39:44.000000000,18.34404298093162
2026-03-09 08:06:35.000000000,12.48799801994826
2026-03-09 09:20:34.000000000,45.361379544272616
2026-03-09 09:53:50.000000000,18.9374440513869
2026-03-09 09:15:42.000000000,22.178336240480327
2026-03-09 09:29:35.000000000,12.47170535565139
2026-03-09 09:25:18.000000000,29.566383743293027
2026-03-09 09:44:37.000000000,9.533081238536864
2026-03-09 09:25:53.000000000,35.67723718339939
2026-03-09 09:14:59.000000000,6.152412721416421
2026-03-09 09:23:57.000000000,43.04169651641916
2026-03-09 09:15:08.000000000,15.92200667461314
2026-03-09 10:46:06.000000000,8.524784367620144
2026-03-09 10:08:23.000000000,16.184864676409546
2026-03-09 10:45:34.000000000,31.41844141137993
2026-03-09 10:37:57.000000000,11.112631117228167
2026-03-09 10:45:32.000000000,7.4422250143351665
2026-03-09 10:34:21.000000000,21.845954472413116
2026-03-09 10:53:39.000000000,8.643668828436635
2026-03-09 10:41:37.000000000,11.582854739504663
2026-03-09 10:10:40.000000000,14.077615117751984
2026-03-09 10:55:10.000000000,31.010208715755613
2026-03-09 10:26:58.000000000,22.709481595298495
2026-03-09 10:03:30.000000000,7.615490554939231
2026-03-09 10:47:14.000000000,15.166449823643136
2026-03-09 11:07:26.000000000,24.588593528872405
2026-03-09 11:43:02.000000000,18.417290743276904
2026-03-09 11:28:57.000000000,40.96211232244531
2026-03-09 11:19:39.000000000,9.415042655468064
2026-03-09 11:25:12.000000000,8.003640861625147
2026-03-09 11:21:46.000000000,13.253021221483682
2026-03-09 11:00:27.000000000,9.813859860987986
2026-03-09 11:53:25.000000000,40.282667581252106
2026-03-09 11:29:31.000000000,11.707154048695829
2026-03-09 12:52:32.000000000,14.356303596594746
2026-03-09 12:49:49.000000000,7.3259127183645845
2026-03-09 12:32:09.000000000,9.597285327923178
2026-03-09 12:12:36.000000000,10.683357319881784
2026-03-09 12:40:52.000000000,15.167789390038353
2026-03-09 12:09:06.000000000,66.39607560283726
2026-03-09 12:48:04.000000000,56.17062115738563
2026-03-09 12:45:04.000000000,68.63883405957903
2026-03-09 12:13:52.000000000,17.907087303797944
2026-03-09 12:53:53.000000000,18.763120460256516
2026-03-09 12:34:27.000000000,18.527737844673375
2026-03-09 12:27:23.000000000,8.786167788162203
2026-03-09 13:19:56.000000000,15.457462055893982
2026-03-09 13:39:14.000000000,39.75082629147557
2026-03-09 13:45:42.000000000,15.310918675929521
2026-03-09 13:40:39.000000000,7.462080507047066
2026-03-09 13:20:41.000000000,17.27851477450499
2026-03-09 13:20:00.000000000,53.67541994859175
2026-03-09 13:21:51.000000000,16.079049621332885
2026-03-09 13:52:50.000000000,16.599342359753862
2026-03-09 13:07:58.000000000,15.954237928165705
2026-03-09 13:50:44.000000000,18.59492574511602
2026-03-09 13:34:56.000000000,11.601502664218225
2026-03-09 13:12:41.000000000,57.24723801494402
2026-03-09 14:38:00.000000000,33.15051493212181
2026-03-09 14:40:25.000000000,55.66289101566528
2026-03-09 14:12:27.000000000,33.932331624912244
2026-03-09 14:35:33.000000000,136.1984444742709
2026-03-09 14:15:09.000000000,14.193700660777642
2026-03-09 14:48:31.000000000,14.508158669989795
2026-03-09 14:00:17.000000000,13.236482631479573
2026-03-09 14:02:32.000000000,8.195868810746497
2026-03-09 14:02:56.000000000,16.60033390777833
2026-03-09 14:05:05.000000000,16.784893928961594
2026-03-09 14:58:22.000000000,18.60110812196426
2026-03-09 14:31:09.000000000,13.1537813356317
2026-03-09 14:02:05.000000000,12.491403927369605
2026-03-09 14:19:56.000000000,10.714007903852643
2026-03-09 15:08:54.000000000,23.849080209374865
2026-03-09 15:59:41.000000000,11.84086540815832
2026-03-09 15:22:12.000000000,8.76379193778644
2026-03-09 15:58:06.000000000,33.02114023540742
2026-03-09 15:29:59.000000000,8.203297659463136
2026-03-09 15:07:19.000000000,10.918581506226262
2026-03-09 16:37:27.000000000,31.14283494878752
2026-03-09 16:03:03.000000000,18.963415157361506
2026-03-09 16:19:34.000000000,25.57398868325213
2026-03-09 16:54:01.000000000,117.66778643321284
2026-03-09 16:45:21.000000000,16.63168301364837
2026-03-09 16:07:41.000000000,86.56694879998852
2026-03-09 16:52:17.000000000,9.882305894012191
2026-03-09 16:30:34.000000000,127.32843511572258
2026-03-09 16:51:11.000000000,36.92649353036177
2026-03-09 16:07:00.000000000,112.40443422405164
2026-03-09 16:22:26.000000000,8.940354513866899
2026-03-09 16:16:18.000000000,13.266719979703643
2026-03-09 16:30:11.000000000,68.26300474257519
2026-03-09 17:44:27.000000000,14.60375094232166
2026-03-09 17:59:58.000000000,13.76445008872228
2026-03-09 17:47:17.000000000,27.4597344356908
2026-03-09 17:38:26.000000000,21.189582906798346
2026-03-09 17:50:58.000000000,16.809310672594
2026-03-09 17:56:31.000000000,31.611432831661197
2026-03-09 17:49:54.000000000,8.163368929945111
2026-03-09 17:22:54.000000000,14.329043916512914
2026-03-09 17:52:29.000000000,21.832364369380205
2026-03-09 17:27:43.000000000,53.38463936477216
2026-03-09 17:39:17.000000000,21.653909378819538
2026-03-09 17:25:57.000000000,116.18957732357458
2026-03-09 17:39:49.000000000,15.445066895302343
2026-03-09 17:08:15.000000000,15.106164253298765
2026-03-09 17:54:23.000000000,13.256200171431828
2026-03-09 17:47:34.000000000,11.891984722822512
2026-03-09 17:38:47.000000000,129.36865562860015
2026-03-09 17:37:06.000000000,76.70820994156331
2026-03-09 18:59:40.000000000,9.444901787664671
2026-03-09 18:48:06.000000000,15.908981716892958
2026-03-09 18:34:46.000000000,13.635474845513746
2026-03-09 18:31:40.000000000,64.36128119920434
2026-03-09 18:38:38.000000000,26.37543843086072
2026-03-09 18:46:15.000000000,63.697423427160494
2026-03-09 18:30:18.000000000,21.046896049856127
2026-03-09 18:31:01.000000000,22.95132545594642
2026-03-09 18:24:39.000000000,8.984238376602784
2026-03-09 18:29:01.000000000,54.011422947974786
2026-03-09 18:12:21.000000000,9.549769170540163
2026-03-09 18:33:15.000000000,22.467088123933774
2026-03-09 18:42:13.000000000,61.86170564593361
2026-03-09 18:58:06.000000000,24.15552099532415
2026-03-09 18:33:49.000000000,60.233958253194736
2026-03-09 18:22:20.000000000,8.887794784919292
2026-03-09 18:38:39.000000000,6.518705940723747
2026-03-09 18:10:00.000000000,6.717684253059467
2026-03-09 18:18:46.000000000,44.484360004548165
2026-03-09 18:15:52.000000000,6.104028294876744
2026-03-09 19:40:32.000000000,28.884950394202317
2026-03-09 19:48:08.000000000,6.505371835642424
2026-03-09 19:12:41.000000000,14.520139146516195
2026-03-09 19:33:22.000000000,47.5913883527848
2026-03-09 19:29:26.000000000,29.442448573494268
2026-03-09 19:35:45.000000000,11.468563299243447
2026-03-09 19:53:33.000000000,17.09581667438177
2026-03-09 19:31:36.000000000,43.84506658777153
2026-03-09 19:33:17.000000000,53.380355475998094
2026-03-09 20:23:34.000000000,24.402315123666387
2026-03-09 20:26:56.000000000,18.24959157211501
2026-03-09 20:54:38.000000000,9.694219837698105
2026-03-09 20:48:07.000000000,30.068276866525963
2026-03-09 20:31:51.000000000,12.477531227774085
2026-03-09 20:03:29.000000000,14.026950829657238
2026-03-09 20:17:00.000000000,26.70950864772245
2026-03-09 20:04:20.000000000,17.87485217089791
2026-03-09 20:13:01.000000000,10.914727290085947
2026-03-09 20:28:21.000000000,11.654580716813337
2026-03-09 20:32:44.000000000,23.367821657459732
2026-03-09 20:20:30.000000000,48.69784317953792
2026-03-09 20:37:04.000000000,25.555553307624322
2026-03-09 21:20:05.000000000,28.361384491177382
2026-03-09 21:06:34.000000000,17.746748342507566
2026-03-09 21:16:53.000000000,12.321416961049078
2026-03-09 21:14:49.000000000,15.36526440375774
2026-03-09 21:24:18.000000000,51.34326758211687
2026-03-09 21:03:45.000000000,90.81273404701903
2026-03-09 21:08:28.000000000,26.376752246276546
2026-03-09 21:32:29.000000000,21.27501552655211
2026-03-09 21:06:59.000000000,6.621636418680801
2026-03-09 21:43:36.000000000,10.885276090522979
2026-03-09 21:08:41.000000000,17.73962427010592
2026-03-09 21:54:08.000000000,9.061152142043646
2026-03-09 21:46:28.000000000,9.75433784913817
2026-03-09 21:06:32.000000000,47.848138375890436
2026-03-09 21:23:08.000000000,39.67882520995442
2026-03-09 21:10:43.000000000,28.185612498263158
2026-03-09 22:44:23.000000000,10.76703200372726
2026-03-09 22:05:36.000000000,13.077829685609828
2026-03-09 22:37:38.000000000,9.83809021573809
2026-03-09 22:51:59.000000000,6.539360943966254
2026-03-09 22:20:14.000000000,5.960729738010929
2026-03-09 22:43:00.000000000,10.645113076041378
2026-03-09 22:12:28.000000000,84.46099491501994
2026-03-09 22:50:04.000000000,16.032058994605094
2026-03-09 22:10:58.000000000,20.126412828379415
2026-03-09 22:49:14.000000000,13.148053958192554
2026-03-09 23:01:34.000000000,57.39404417597554
2026-03-09 23:53:36.000000000,17.696189586734658
2026-03-09 23:44:53.000000000,50.18103698686941
2026-03-09 23:43:06.000000000,7.7571030032471215
2026-03-09 23:03:43.000000000,19.9670901764121
2026-03-09 23:01:10.000000000,14.431598282053805
2026-03-09 23:54:32.000000000,8.199878811849773
2026-03-09 23:30:28.000000000,6.863536254574582
2026-03-09 23:47:52.000000000,11.419205957686264
2026-03-09 23:23:32.000000000,58.36826660980871
2026-03-09 23:20:44.000000000,25.250002841094624
2026-03-09 23:35:11.000000000,6.264775327011809
2026-03-10 00:32:56.000000000,11.90841256665423
2026-03-10 00:46:49.000000000,29.216560259392597
2026-03-10 00:18:01.000000000,44.77716462965897
2026-03-10 00:41:24.000000000,17.73993064210076
2026-03-10 00:03:08.000000000,25.887909054016006
2026-03-10 00:34:31.000000000,9.55039084547076
2026-03-10 00:52:04.000000000,13.982926126418981
2026-03-10 01:35:56.000000000,28.639994602246222
2026-03-10 02:13:37.000000000,34.89353386411195
2026-03-10 02:59:25.000000000,9.156089612154318
2026-03-10 02:17:54.000000000,68.3911834485687
2026-03-10 02:10:12.000000000,13.260677113196133
2026-03-10 02:07:49.000000000,6.944417679116152
2026-03-10 03:54:07.000000000,59.630303819144444
2026-03-10 04:32:10.000000000,36.61434029707618
2026-03-10 04:55:44.000000000,16.260690226968105
2026-03-10 06:43:06.000000000,9.191731590979959
2026-03-10 06:05:33.000000000,8.079395127976218
2026-03-10 06:18:29.000000000,47.28606299911137
2026-03-10 06:57:06.000000000,68.18140974065794
2026-03-10 06:35:33.000000000,63.253757120731166
2026-03-10 06:13:13.000000000,24.20864238838713
2026-03-10 06:37:48.000000000,26.646296021149546
2026-03-10 07:33:36.000000000,24.169461871403982
2026-03-10 07:17:09.000000000,70.95939323310635
2026-03-10 07:17:17.000000000,11.943702884081151
2026-03-10 07:22:48.000000000,9.712099651957102
2026-03-10 07:01:12.000000000,8.71327384542729
2026-03-10 07:52:14.000000000,77.45429946633233
2026-03-10 07:55:27.000000000,15.225678557575007
2026-03-10 07:40:19.000000000,84.08356794174429
2026-03-10 07:21:44.000000000,34.162954621360036
2026-03-10 07:03:00.000000000,15.065024700542878
2026-03-10 07:45:39.000000000,18.62981475669089
2026-03-10 07:29:55.000000000,96.85316242552497
2026-03-10 07:18:55.000000000,29.39097170972629
2026-03-10 07:51:41.000000000,20.212753815067565
2026-03-10 07:34:46.000000000,13.681606667579524
2026-03-10 07:48:12.000000000,26.35078486350158
2026-03-10 07:48:33.000000000,71.57734702317411
2026-03-10 07:33:08.000000000,22.062083574138462
2026-03-10 07:54:38.000000000,49.13578157224394
2026-03-10 08:48:54.000000000,75.9089549953441
2026-03-10 08:03:42.000000000,51.31844469550758
2026-03-10 08:38:49.000000000,110.2117195627092
2026-03-10 08:32:51.000000000,17.80040965194189
2026-03-10 08:40:29.000000000,19.5470198943938
2026-03-10 08:42:35.000000000,7.7597789055040405
2026-03-10 08:20:09.000000000,29.39930565872625
2026-03-10 08:01:59.000000000,51.58958631673922
2026-03-10 08:09:08.000000000,52.147341497280195
2026-03-10 08:05:54.000000000,22.069305341561062
2026-03-10 08:25:45.000000000,31.424987046536558
2026-03-10 08:56:52.000000000,73.1369648855466
2026-03-10 08:23:38.000000000,59.41145483464395
2026-03-10 08:38:35.000000000,22.212766131927154
2026-03-10 08:25:28.000000000,52.0996824400645
2026-03-10 08:31:02.000000000,13.111912998374477
2026-03-10 09:49:12.000000000,11.021471506265899
2026-03-10 09:42:13.000000000,57.1865066507922
2026-03-10 09:36:41.000000000,11.510394051614592
2026-03-10 09:57:26.000000000,7.377377065187236
2026-03-10 09:29:13.000000000,11.20803171054424
2026-03-10 09:44:13.000000000,15.970859548010457
2026-03-10 09:56:06.000000000,9.507679232602733
2026-03-10 09:43:23.000000000,11.512409131746324
2026-03-10 09:43:34.000000000,39.127846314754024
2026-03-10 09:54:49.000000000,8.166194180287725
2026-03-10 09:12:51.000000000,117.84897209564022
2026-03-10 09:40:06.000000000,21.12538473964455
2026-03-10 09:16:50.000000000,15.954677402048178
2026-03-10 09:50:29.000000000,16.833266335165117
2026-03-10 09:39:21.000000000,19.12380810145758
2026-03-10 09:09:04.000000000,44.09334216006639
2026-03-10 10:07:44.000000000,10.93963920338879
2026-03-10 10:30:45.000000000,8.781700075320394
2026-03-10 10:59:58.000000000,9.099164380018248
2026-03-10 10:20:25.000000000,12.47971527929932
2026-03-10 10:42:10.000000000,26.528547215921073
2026-03-10 10:09:20.000000000,7.855344135438104
2026-03-10 10:40:43.000000000,15.071968933812174
2026-03-10 10:45:10.000000000,9.141535237452793
2026-03-10 10:42:23.000000000,28.09287160899561
2026-03-10 10:06:08.000000000,12.822658027671759
2026-03-10 10:32:04.000000000,81.75317337121088
2026-03-10 10:58:39.000000000,27.47351157175955
2026-03-10 10:29:11.000000000,22.154340487497574
2026-03-10 11:37:58.000000000,11.740583986898114
2026-03-10 11:07:57.000000000,73.44201778262631
2026-03-10 11:20:41.000000000,23.275768973243224
2026-03-10 11:05:19.000000000,12.395392285610354
2026-03-10 11:20:30.000000000,6.124016593337895
2026-03-10 11:41:29.000000000,31.57581478960477
2026-03-10 11:51:12.000000000,41.610629891591906
2026-03-10 11:11:38.000000000,12.428787270658907
2026-03-10 11:19:31.000000000,64.28714974845677
2026-03-10 11:05:56.000000000,20.148915619431712
2026-03-10 11:14:22.000000000,40.11234502592864
2026-03-10 11:56:32.000000000,34.440503155747315
2026-03-10 11:47:32.000000000,18.149760248682078
2026-03-10 11:11:22.000000000,12.215141407415889
2026-03-10 12:01:35.000000000,13.3153843366038
2026-03-10 12:36:12.000000000,28.822952601573416
2026-03-10 12:31:10.000000000,14.352819764484245
2026-03-10 12:01:40.000000000,19.38025870111595
2026-03-10 12:35:50.000000000,21.2546860776399
2026-03-10 12:00:35.000000000,9.322599088493549
2026-03-10 12:54:37.000000000,13.298802329892885
2026-03-10 12:31:59.000000000,11.053355524994629
2026-03-10 12:48:58.000000000,11.832177355929039
2026-03-10 12:22:38.000000000,15.971819786864852
2026-03-10 12:07:36.000000000,11.64632801043739
2026-03-10 13:26:25.000000000,24.139646413812834
2026-03-10 13:31:20.000000000,10.244068779398814
2026-03-10 13:22:12.000000000,13.135628497594524
2026-03-10 13:34:48.000000000,16.054100075820063
2026-03-10 13:27:41.000000000,33.74908628634623
2026-03-10 13:22:21.000000000,34.562827245573935
2026-03-10 13:40:44.000000000,29.52843722279231
2026-03-10 13:58:29.000000000,18.65119876778086
2026-03-10 13:39:50.000000000,10.311295955911332
2026-03-10 13:31:10.000000000,13.905222470869106
2026-03-10 13:04:16.000000000,24.850418897940965
2026-03-10 13:14:57.000000000,63.45240033153692
2026-03-10 13:18:27.000000000,24.250958153345454
2026-03-10 13:46:40.000000000,30.713552953758676
2026-03-10 14:43:28.000000000,15.532606832689341
2026-03-10 14:29:28.000000000,25.916613194152028
2026-03-10 14:42:00.000000000,22.386300453502646
2026-03-10 14:07:26.000000000,44.360561316876016
2026-03-10 14:10:56.000000000,14.087497911289732
2026-03-10 14:51:44.000000000,8.99569805107836
2026-03-10 14:30:22.000000000,12.746761019840307
2026-03-10 14:30:55.000000000,38.1626015512537
2026-03-10 14:16:04.000000000,46.11215627858951
2026-03-10 14:32:05.000000000,40.287862504516134
2026-03-10 14:07:53.000000000,25.39574879720763
2026-03-10 15:26:00.000000000,9.534220364459589
2026-03-10 15:38:47.000000000,19.68222306150495
2026-03-10 15:06:34.000000000,20.78392755052884
2026-03-10 15:48:23.000000000,167.0622128499322
2026-03-10 15:46:13.000000000,19.4281321506472
2026-03-10 15:00:22.000000000,14.995546525622917
2026-03-10 15:46:54.000000000,90.98705056281966
2026-03-10 15:00:39.000000000,20.653430862447067
2026-03-10 15:44:53.000000000,27.72196404529946
2026-03-10 15:18:27.000000000,54.43764760468204
2026-03-10 15:43:42.000000000,17.7827614643514
2026-03-10 15:04:20.000000000,21.37840592748478
2026-03-10 15:50:47.000000000,32.941956898639084
2026-03-10 15:08:43.000000000,11.459807306802844
2026-03-10 15:12:06.000000000,8.784360828657174
2026-03-10 15:45:22.000000000,13.505089073976357
2026-03-10 16:24:34.000000000,29.3390113376173
2026-03-10 16:21:43.000000000,8.134433876991686
2026-03-10 16:28:16.000000000,22.91509708777508
2026-03-10 16:39:31.000000000,16.028804770148724
2026-03-10 16:08:10.000000000,6.397902999881959
2026-03-10 16:31:19.000000000,23.29398940882868
2026-03-10 16:53:12.000000000,31.345791623447813
2026-03-10 16:47:51.000000000,15.9256894505563
2026-03-10 16:00:51.000000000,72.13351050095807
2026-03-10 16:00:13.000000000,8.184298717379107
2026-03-10 16:47:40.000000000,14.354913392191364
2026-03-10 16:13:12.000000000,64.22806661336232
2026-03-10 16:55:55.000000000,32.35656704045703
2026-03-10 16:23:55.000000000,7.625354754060172
2026-03-10 17:33:06.000000000,28.97881860373066
2026-03-10 17:58:48.000000000,13.095500827002684
2026-03-10 17:14:19.000000000,14.286231266737328
2026-03-10 17:33:31.000000000,6.6893167106257145
2026-03-10 17:11:09.000000000,18.451256897120956
2026-03-10 17:43:08.000000000,23.140068398982162
2026-03-10 17:09:28.000000000,67.87283568525503
2026-03-10 17:46:06.000000000,11.646055065661328
2026-03-10 17:52:54.000000000,19.77944570033338
2026-03-10 17:46:58.000000000,14.385557716551416
2026-03-10 17:38:33.000000000,19.366009525858622
2026-03-10 17:29:13.000000000,23.046213864385663
2026-03-10 17:52:29.000000000,37.92775237819215
2026-03-10 17:58:59.000000000,11.500868323099272
2026-03-10 17:59:02.000000000,11.454597321305428
2026-03-10 17:12:56.000000000,21.608948774054888
2026-03-10 17:49:25.000000000,16.824590793015613
2026-03-10 18:01:38.000000000,9.457593819367514
2026-03-10 18:24:21.000000000,38.70896399560568
2026-03-10 18:58:22.000000000,70.22037414651575
2026-03-10 18:08:18.000000000,10.874513776190964
2026-03-10 18:53:14.000000000,48.796180297641634
2026-03-10 18:59:03.000000000,59.29010007783602
2026-03-10 18:05:39.000000000,48.651788067214625
2026-03-10 18:01:54.000000000,21.215422585932135
2026-03-10 18:38:24.000000000,31.975549047549443
2026-03-10 18:24:48.000000000,67.12475655791702
2026-03-10 18:30:24.000000000,70.03816111865886
2026-03-10 18:34:05.000000000,11.6561828992118
2026-03-10 18:32:27.000000000,12.384282008774036
2026-03-10 18:53:16.000000000,20.850093931543462
2026-03-10 18:33:39.000000000,41.49879985422231
2026-03-10 18:30:32.000000000,13.512638959130669
2026-03-10 18:42:30.000000000,48.60988183084949
2026-03-10 18:05:03.000000000,77.28521833483578
2026-03-10 18:06:55.000000000,34.42503723104802
2026-03-10 18:05:47.000000000,19.82035268073878
2026-03-10 18:45:46.000000000,22.132545059377705
2026-03-10 18:41:58.000000000,24.84256112711101
2026-03-10 18:18:16.000000000,10.709607794314142
2026-03-10 19:35:32.000000000,8.91527681457428
2026-03-10 19:09:25.000000000,11.248892749068583
2026-03-10 19:23:47.000000000,19.485886255699654
2026-03-10 19:34:47.000000000,18.72893600826886
2026-03-10 19:30:37.000000000,90.2758976686885
2026-03-10 19:41:57.000000000,8.748614109828651
2026-03-10 19:16:47.000000000,16.973851298590613
2026-03-10 19:22:42.000000000,17.92951578583912
2026-03-10 19:13:18.000000000,55.144602729502154
2026-03-10 19:49:34.000000000,104.93995664248735
2026-03-10 19:14:46.000000000,29.22962304539647
2026-03-10 19:52:44.000000000,18.622365324316966
2026-03-10 19:08:15.000000000,11.047864219059695
2026-03-10 19:25:01.000000000,33.19927715132734
2026-03-10 19:11:53.000000000,103.46360924091636
2026-03-10 19:20:28.000000000,19.45766532255128
2026-03-10 19:10:36.000000000,23.04636608963584
2026-03-10 19:56:03.000000000,8.97974241654296
2026-03-10 19:21:50.000000000,34.73144693043031
2026-03-10 19:45:15.000000000,14.061360886693269
2026-03-10 19:12:50.000000000,32.36794875082856
2026-03-10 19:58:07.000000000,42.11679193598949
2026-03-10 19:15:25.000000000,8.734397821651324
2026-03-10 20:54:41.000000000,50.808935216982654
2026-03-10 20:32:58.000000000,49.913882161597265
2026-03-10 20:46:51.000000000,31.76334347918441
2026-03-10 20:48:58.000000000,23.068227805580907
2026-03-10 20:00:52.000000000,17.46748512285399
2026-03-10 20:13:13.000000000,19.405673030209257
2026-03-10 20:33:01.000000000,34.32864423605255
2026-03-10 20:41:03.000000000,20.43047683061691
2026-03-10 20:03:25.000000000,19.93141878775689
2026-03-10 20:13:45.000000000,15.96311016098783
2026-03-10 20:39:15.000000000,11.018253106227748
2026-03-10 20:42:04.000000000,48.252466451226326
2026-03-10 21:42:25.000000000,16.600038777941272
2026-03-10 21:00:44.000000000,29.84498093450272
2026-03-10 21:54:47.000000000,33.526288909442485
2026-03-10 21:33:06.000000000,58.652030198691
2026-03-10 21:50:56.000000000,35.0197963967996
2026-03-10 21:06:41.000000000,36.38127871620922
2026-03-10 21:59:17.000000000,16.78119172962143
2026-03-10 21:22:02.000000000,56.390570969712655
2026-03-10 21:41:42.000000000,69.84015791727813
2026-03-10 21:59:42.000000000,35.83232507339425
2026-03-10 21:25:53.000000000,15.62909433095591
2026-03-10 21:19:06.000000000,9.19130496699943
2026-03-10 21:09:53.000000000,37.64924518916883
2026-03-10 21:25:03.000000000,14.76329774872567
2026-03-10 22:57:20.000000000,9.609642791269097
2026-03-10 22:46:23.000000000,9.183542427756159
2026-03-10 22:00:33.000000000,12.992085651765535
2026-03-10 22:09:47.000000000,13.16809140837191
2026-03-10 22:55:51.000000000,13.212519034790802
2026-03-10 22:03:50.000000000,118.0368944130302
2026-03-10 22:04:37.000000000,50.699364536678296
2026-03-10 22:21:17.000000000,55.88818648803732
2026-03-10 22:16:53.000000000,40.40678694550637
2026-03-10 22:17:57.000000000,43.60071215432306
2026-03-10 22:29:22.000000000,82.43698069203498
2026-03-10 23:43:01.000000000,17.967446813085175
2026-03-10 23:32:26.000000000,21.30994223749001
2026-03-10 23:46:48.000000000,11.683439662039529
2026-03-10 23:15:17.000000000,11.848141263247932
2026-03-10 23:28:54.000000000,20.33912071809548
2026-03-10 23:54:53.000000000,18.34950566697715
2026-03-10 23:31:53.000000000,62.67384122517561
2026-03-10 23:17:37.000000000,17.925209255933385
2026-03-10 23:53:09.000000000,21.756253909334138
2026-03-10 23:54:26.000000000,38.87998810834765
2026-03-10 23:38:30.000000000,25.725110052793184
2026-03-10 23:48:50.000000000,20.51486868152495
2026-03-10 23:09:49.000000000,39.78779203020173
2026-03-10 23:43:23.000000000,15.301592648459259
2026-03-10 23:03:07.000000000,11.513821834729411
2026-03-10 23:13:24.000000000,16.388855807710804
2026-03-10 23:49:14.000000000,46.95074546972876
2026-03-10 23:10:11.000000000,6.0742230589702055
2026-03-11 00:41:33.000000000,25.691780980070423
2026-03-11 00:23:20.000000000,29.209810394069383
2026-03-11 00:58:25.000000000,15.947403820484837
2026-03-11 00:10:53.000000000,30.25682895908458
2026-03-11 00:42:21.000000000,38.73935688974129
2026-03-11 00:03:20.000000000,10.360912895972094
2026-03-11 01:10:06.000000000,7.417232874852996
2026-03-11 01:36:47.000000000,59.72928614013021
2026-03-11 01:26:05.000000000,16.648091129459893
2026-03-11 01:35:19.000000000,32.18368342002918
2026-03-11 01:24:27.000000000,36.583746761146266
2026-03-11 02:01:34.000000000,9.935078352933944
2026-03-11 02:58:24.000000000,9.537062645198938
2026-03-11 02:50:39.000000000,15.987023538266431
2026-03-11 02:16:32.000000000,7.946294071646064
2026-03-11 02:58:55.000000000,17.10417096826884
2026-03-11 03:11:50.000000000,6.420900185449159
2026-03-11 03:16:25.000000000,21.46277658916531
2026-03-11 04:58:50.000000000,16.00013627632937
2026-03-11 04:26:07.000000000,16.798523969727515
2026-03-11 04:34:37.000000000,25.8201594471062
2026-03-11 04:23:06.000000000,8.791441303709965
2026-03-11 04:49:27.000000000,13.088880376984893
2026-03-11 05:19:21.000000000,49.23812555028474
2026-03-11 05:53:23.000000000,57.124425991225074
2026-03-11 05:52:39.000000000,63.39307721088885
2026-03-11 05:45:31.000000000,24.197290316968708
2026-03-11 06:00:50.000000000,12.44548830434583
2026-03-11 06:42:16.000000000,13.231911471850035
2026-03-11 06:01:44.000000000,9.559852381794654
2026-03-11 06:26:38.000000000,32.067208730081504
2026-03-11 06:20:17.000000000,24.21280316245214
2026-03-11 06:42:24.000000000,9.863234477166493
2026-03-11 07:57:30.000000000,7.713675347012441
2026-03-11 07:12:07.000000000,26.93958693214297
2026-03-11 07:58:29.000000000,11.558339109841032
2026-03-11 07:44:58.000000000,12.464580372594158
2026-03-11 07:07:28.000000000,29.471795884968415
2026-03-11 07:35:04.000000000,21.231286940409788
2026-03-11 07:53:57.000000000,26.90963010538481
2026-03-11 07:29:42.000000000,39.80616202960232
2026-03-11 07:03:49.000000000,37.13967182331213
2026-03-11 07:11:10.000000000,67.54744697636443
2026-03-11 07:45:45.000000000,16.81112592293544
2026-03-11 07:48:04.000000000,21.554732131567526
2026-03-11 07:51:11.000000000,19.30520738327509
2026-03-11 07:11:53.000000000,16.353234106338924
2026-03-11 07:21:38.000000000,33.96061221936047
2026-03-11 07:11:11.000000000,21.317241008923514
2026-03-11 07:31:02.000000000,116.21101682784676
2026-03-11 07:13:20.000000000,30.389906074815485
2026-03-11 08:11:53.000000000,79.99147038449217
2026-03-11 08:22:51.000000000,12.474921232665025
2026-03-11 08:36:44.000000000,17.748855013525702
2026-03-11 08:10:07.000000000,10.564685029591889
2026-03-11 08:36:53.000000000,102.40931469341304
2026-03-11 08:45:50.000000000,13.193154329467434
2026-03-11 08:06:24.000000000,24.97762789422907
2026-03-11 08:06:12.000000000,19.17215542038328
2026-03-11 08:55:31.000000000,22.124377848757483
2026-03-11 08:35:52.000000000,25.628190994117723
2026-03-11 08:00:35.000000000,41.0102317344723
2026-03-11 08:02:18.000000000,15.988882004249419
2026-03-11 08:48:34.000000000,99.70810216692895
2026-03-11 08:32:54.000000000,133.2479515267656
2026-03-11 08:06:53.000000000,124.30196736819971
2026-03-11 08:28:06.000000000,26.871617905803564
2026-03-11 08:26:22.000000000,14.450050973543759
2026-03-11 08:13:42.000000000,22.12402851573693
2026-03-11 08:59:38.000000000,8.22374792565981
2026-03-11 08:48:03.000000000,12.458278514026059
2026-03-11 08:26:53.000000000,91.10571751397745
2026-03-11 09:34:47.000000000,50.38922959107906
2026-03-11 09:19:36.000000000,11.120819872652918
2026-03-11 09:06:11.000000000,28.47034888739192
2026-03-11 09:49:47.000000000,67.35962722597318
2026-03-11 09:32:57.000000000,44.538973848507744
2026-03-11 09:06:31.000000000,18.600250991689226
2026-03-11 09:41:13.000000000,11.749824854288756
2026-03-11 09:33:36.000000000,19.25999057058694
2026-03-11 09:08:57.000000000,27.545847003728387
2026-03-11 09:29:36.000000000,21.572122144756722
2026-03-11 09:50:03.000000000,15.862514397364892
2026-03-11 09:02:33.000000000,19.481186281573336
2026-03-11 09:33:36.000000000,8.923255531874364
2026-03-11 09:23:38.000000000,39.74901774877645
2026-03-11 09:41:17.000000000,11.735321683768191
2026-03-11 09:42:23.000000000,76.86228417422437
2026-03-11 09:19:53.000000000,15.584700511707968
2026-03-11 09:07:51.000000000,29.524602441118724
2026-03-11 09:09:21.000000000,24.49362079944602
2026-03-11 09:13:16.000000000,22.39429565580634
2026-03-11 09:33:56.000000000,8.776887068784193
2026-03-11 09:42:18.000000000,16.62385775931682
2026-03-11 10:44:40.000000000,7.485745583116819
2026-03-11 10:18:56.000000000,38.828485456247755
2026-03-11 10:30:00.000000000,49.236536692901645
2026-03-11 10:11:09.000000000,16.739648270523762
2026-03-11 10:26:40.000000000,48.61860177499437
2026-03-11 10:23:57.000000000,9.550465387843193
2026-03-11 10:11:17.000000000,8.497432507790847
2026-03-11 10:24:52.000000000,18.883378852202647
2026-03-11 10:26:21.000000000,17.187673858580016
2026-03-11 10:16:58.000000000,13.914826533713757
2026-03-11 10:27:03.000000000,46.790033639375245
2026-03-11 10:04:23.000000000,31.03299722739296
2026-03-11 10:42:53.000000000,12.452481989889781
2026-03-11 10:34:45.000000000,18.850137866165166
2026-03-11 10:08:03.000000000,8.536900989150801
2026-03-11 10:42:45.000000000,15.173450459243545
2026-03-11 11:47:43.000000000,25.780849337363044
2026-03-11 11:10:29.000000000,13.284577713948597
2026-03-11 11:25:32.000000000,15.95215780569371
2026-03-11 11:56:16.000000000,29.187051132837627
2026-03-11 11:44:14.000000000,17.868002453839882
2026-03-11 11:06:52.000000000,27.82291834623072
2026-03-11 11:13:31.000000000,30.566723181563294
2026-03-11 11:39:09.000000000,6.893211597934364
2026-03-11 11:30:24.000000000,12.300780965364625
2026-03-11 11:51:55.000000000,86.10855834512067
2026-03-11 11:18:58.000000000,15.457544487065261
2026-03-11 11:10:25.000000000,83.355160338797
2026-03-11 11:20:41.000000000,10.484036982118464
2026-03-11 11:51:03.000000000,10.381329157882806
2026-03-11 11:34:31.000000000,30.081875656968364
2026-03-11 11:57:37.000000000,6.859176180927849
2026-03-11 11:33:27.000000000,9.683700738822594
2026-03-11 11:47:39.000000000,20.505970564631294
2026-03-11 12:58:28.000000000,66.93803808702965
2026-03-11 12:48:25.000000000,34.17059869731857
2026-03-11 12:50:24.000000000,52.085432552157826
2026-03-11 12:17:10.000000000,11.571728651441637
2026-03-11 12:14:10.000000000,50.83681607957594
2026-03-11 12:57:15.000000000,51.53760987426264
2026-03-11 12:25:47.000000000,27.4597344356908
2026-03-11 12:15:06.000000000,20.733836530343837
2026-03-11 12:10:39.000000000,19.238986884881474
2026-03-11 12:13:15.000000000,113.09382194064096
2026-03-11 12:16:00.000000000,10.919558829154195
2026-03-11 12:37:46.000000000,166.1574598421447
2026-03-11 12:59:20.000000000,8.921667911817936
2026-03-11 12:20:17.000000000,8.851229790659659
2026-03-11 12:43:04.000000000,17.84525559878042
2026-03-11 12:59:20.000000000,11.991379693233604
2026-03-11 12:25:08.000000000,73.00963009109432
2026-03-11 12:34:09.000000000,10.699254107177056
2026-03-11 12:37:11.000000000,23.636173809323456
2026-03-11 12:40:38.000000000,17.2336362592425
2026-03-11 12:48:32.000000000,40.21575007809603
2026-03-11 12:17:56.000000000,19.342761117737297
2026-03-11 13:46:32.000000000,17.217878037422214
2026-03-11 13:41:48.000000000,13.112702901517956
2026-03-11 13:47:40.000000000,11.427246352263175
2026-03-11 13:14:19.000000000,8.112275011067336
2026-03-11 13:37:17.000000000,14.189357249292138
2026-03-11 13:38:43.000000000,18.618962201759498
2026-03-11 13:46:12.000000000,59.37755914861396
2026-03-11 13:59:11.000000000,28.44058054810099
2026-03-11 13:29:24.000000000,90.06384349155759
2026-03-11 13:11:19.000000000,35.3611803344593
2026-03-11 13:17:06.000000000,14.713451455409903
2026-03-11 13:03:12.000000000,21.207279870342568
2026-03-11 13:53:29.000000000,30.50853628371631
2026-03-11 13:07:15.000000000,25.044746517015867
2026-03-11 14:01:20.000000000,78.02487057928805
2026-03-11 14:49:55.000000000,5.818279201008316
2026-03-11 14:36:23.000000000,41.80066138920686
2026-03-11 14:48:04.000000000,18.1622925771176
2026-03-11 14:16:02.000000000,16.7004042091647
2026-03-11 14:52:17.000000000,129.83445076908538
2026-03-11 14:27:09.000000000,15.764069318889188
2026-03-11 14:52:24.000000000,19.621905209329636
2026-03-11 14:52:53.000000000,40.94817742174728
2026-03-11 14:59:53.000000000,259.4162209148503
2026-03-11 14:59:15.000000000,19.44211942054476
2026-03-11 14:42:20.000000000,14.783996965451207
2026-03-11 14:57:51.000000000,51.00579188853175
2026-03-11 14:52:19.000000000,30.35331246348482
2026-03-11 14:29:01.000000000,25.523688452096152
2026-03-11 14:36:33.000000000,96.78198655136906
2026-03-11 14:37:44.000000000,78.91662384278494
2026-03-11 15:38:49.000000000,30.81509409141187
2026-03-11 15:10:13.000000000,9.696479450425935
2026-03-11 15:20:51.000000000,6.689695561006452
2026-03-11 15:16:55.000000000,8.68881930647124
2026-03-11 15:18:21.000000000,8.150836345189791
2026-03-11 15:18:18.000000000,13.009044869338837
2026-03-11 16:09:42.000000000,10.37224217978523
2026-03-11 16:33:42.000000000,78.05350185680719
2026-03-11 16:10:00.000000000,35.599844787560755
2026-03-11 16:35:43.000000000,50.7948381676245
2026-03-11 16:56:06.000000000,13.146751549233484
2026-03-11 16:48:09.000000000,62.02174625333628
2026-03-11 16:11:31.000000000,12.40558908245512
2026-03-11 16:46:04.000000000,50.10723136867495
2026-03-11 16:44:28.000000000,8.71731304688473
2026-03-11 16:06:08.000000000,8.777744532542146
2026-03-11 16:36:04.000000000,27.167967152352283
2026-03-11 16:03:55.000000000,70.52408126038016
2026-03-11 16:38:36.000000000,17.73398856042121
2026-03-11 16:01:49.000000000,97.01518172191516
2026-03-11 17:19:57.000000000,14.050398357870073
2026-03-11 17:00:08.000000000,46.90369930395809
2026-03-11 17:28:21.000000000,42.144128698473565
2026-03-11 17:19:49.000000000,106.02864375128866
2026-03-11 17:29:46.000000000,19.42671555128799
2026-03-11 17:53:47.000000000,28.504143107112284
2026-03-11 17:09:49.000000000,20.162583684503282
2026-03-11 17:13:52.000000000,53.38191930044784
2026-03-11 17:39:28.000000000,17.67567470122181
2026-03-11 17:01:45.000000000,14.002551358880336
2026-03-11 17:32:14.000000000,48.53486240213998
2026-03-11 17:28:09.000000000,12.456809905631344
2026-03-11 17:32:59.000000000,20.543265681178113
2026-03-11 17:39:17.000000000,28.322285194817923
2026-03-11 17:49:39.000000000,13.196372125069592
2026-03-11 17:11:59.000000000,16.062826373453202
2026-03-11 17:30:58.000000000,55.47541092764161
2026-03-11 18:41:50.000000000,15.767475792251826
2026-03-11 18:12:23.000000000,9.38296317736239
2026-03-11 18:05:26.000000000,15.972728333647419
2026-03-11 18:15:39.000000000,22.82310706264171
2026-03-11 18:20:47.000000000,53.201080181952435
2026-03-11 18:07:45.000000000,32.05419576629944
2026-03-11 18:59:29.000000000,10.31888554689084
2026-03-11 18:12:31.000000000,10.836173955144142
2026-03-11 18:58:54.000000000,20.292160827922856
2026-03-11 18:30:13.000000000,90.41465240302534
2026-03-11 18:54:16.000000000,143.14251906418232
2026-03-11 18:10:49.000000000,15.18908030967045
2026-03-11 18:34:42.000000000,26.262903515663627
2026-03-11 18:02:13.000000000,15.141962157194163
2026-03-11 18:03:01.000000000,27.48934142002615
2026-03-11 19:14:18.000000000,22.054853467780667
2026-03-11 19:32:01.000000000,85.96052844884508
2026-03-11 19:35:29.000000000,58.218301189444105
2026-03-11 19:46:01.000000000,19.29689324587038
2026-03-11 19:15:11.000000000,17.919438396459906
2026-03-11 19:06:12.000000000,14.057366326025676
2026-03-11 19:17:04.000000000,9.870308086671729
2026-03-11 19:08:37.000000000,19.794822455754396
2026-03-11 19:13:26.000000000,44.95687134667432
2026-03-11 19:49:54.000000000,24.440276542348236
2026-03-11 19:23:35.000000000,25.87193976850667
2026-03-11 19:57:25.000000000,10.903668966560208
2026-03-11 19:52:49.000000000,9.55187239445681
2026-03-11 19:18:28.000000000,18.632090617845634
2026-03-11 19:00:00.000000000,27.037120454003155
2026-03-11 19:32:37.000000000,6.54804082766422
2026-03-11 19:11:00.000000000,108.30022503602783
2026-03-11 19:02:59.000000000,16.82777936872988
2026-03-11 19:19:13.000000000,50.97669800783891
2026-03-11 19:31:08.000000000,50.689945330710266
2026-03-11 19:05:26.000000000,13.47071970568054
2026-03-11 19:51:14.000000000,9.5145379314545
2026-03-11 19:03:11.000000000,28.80485103156805
2026-03-11 20:11:09.000000000,25.25306493743877
2026-03-11 20:15:15.000000000,34.341270902484204
2026-03-11 20:21:48.000000000,44.61825538957002
2026-03-11 20:00:26.000000000,65.86858289720197
2026-03-11 20:27:05.000000000,6.238567230291583
2026-03-11 20:49:39.000000000,24.978448963320496
2026-03-11 20:00:28.000000000,12.472659504779688
2026-03-11 20:01:42.000000000,36.782962790069796
2026-03-11 20:21:12.000000000,103.41774964369633
2026-03-11 20:38:13.000000000,24.63106700177893
2026-03-11 20:37:42.000000000,15.857532780957198
2026-03-11 20:03:39.000000000,15.126347707778805
2026-03-11 20:13:26.000000000,7.923957726558166
2026-03-11 20:26:29.000000000,11.583037040263473
2026-03-11 20:10:23.000000000,26.397360713548352
2026-03-11 20:15:56.000000000,16.652176367104165
2026-03-11 20:07:19.000000000,134.20685975319586
2026-03-11 20:43:53.000000000,56.32917726611304
2026-03-11 20:18:51.000000000,28.27802914541677
2026-03-11 20:06:19.000000000,16.07185520372733
2026-03-11 20:52:57.000000000,47.07305175035609
2026-03-11 21:49:01.000000000,20.205233395073773
2026-03-11 21:10:59.000000000,18.12832994979035
2026-03-11 21:06:24.000000000,17.216271449536936
2026-03-11 21:30:47.000000000,17.99740843157636
2026-03-11 21:31:54.000000000,66.17934339105878
2026-03-11 21:13:34.000000000,38.032558433088894
2026-03-11 21:04:19.000000000,56.77004315145348
2026-03-11 21:26:05.000000000,9.131609270059029
2026-03-11 21:03:56.000000000,32.70011606086616
2026-03-11 21:01:37.000000000,18.17534113064801
2026-03-11 21:26:56.000000000,18.781861948238205
2026-03-11 21:48:03.000000000,11.097743007268583
2026-03-11 21:02:20.000000000,19.40106608251054
2026-03-11 21:37:14.000000000,12.395160326623593
2026-03-11 21:22:36.000000000,13.291899460373427
2026-03-11 21:34:51.000000000,11.012297571214582
2026-03-11 21:03:48.000000000,80.14010066744115
2026-03-11 21:33:55.000000000,7.560775889807752
2026-03-11 22:22:22.000000000,16.821497013948587
2026-03-11 22:53:25.000000000,6.5962298389663925
2026-03-11 22:55:30.000000000,20.28549337793524
2026-03-11 22:01:48.000000000,18.504541049031765
2026-03-11 22:45:37.000000000,8.801909701251676
2026-03-11 22:26:40.000000000,40.72991536927938
2026-03-11 22:03:04.000000000,64.16242205111462
2026-03-11 22:32:23.000000000,30.842284264781146
2026-03-11 22:48:13.000000000,16.890672772273636
2026-03-11 22:45:02.000000000,35.52098465755392
2026-03-11 23:55:18.000000000,8.733178289498058
2026-03-11 23:18:03.000000000,29.086273004036258
2026-03-11 23:21:27.000000000,11.681263164388122
2026-03-11 23:11:34.000000000,21.162037063325634
2026-03-11 23:29:53.000000000,15.875099085849564
2026-03-11 23:08:51.000000000,12.439709636992431
2026-03-11 23:24:09.000000000,34.407328595231924
2026-03-11 23:11:44.000000000,23.384108554079134
2026-03-11 23:02:13.000000000,7.530785748481535
2026-03-11 23:20:38.000000000,19.324769971861475
2026-03-11 23:39:04.000000000,10.941543044868956
2026-03-11 23:10:17.000000000,47.85800387364276
2026-03-11 23:19:30.000000000,15.942155931699903
2026-03-11 23:45:24.000000000,11.631142460485405
2026-03-11 23:51:03.000000000,12.493246109127709
2026-03-11 23:30:56.000000000,15.513407112111786
2026-03-11 23:16:24.000000000,7.849067330859658
2026-03-12 00:42:24.000000000,46.78666186298424
2026-03-12 00:21:04.000000000,17.934347518217074
2026-03-12 00:08:44.000000000,25.157280084689617
2026-03-12 00:04:33.000000000,15.275628511789696
2026-03-12 00:30:07.000000000,17.09192467852907
2026-03-12 00:07:16.000000000,51.68655789527556
2026-03-12 00:10:12.000000000,40.78967371798386
2026-03-12 00:13:58.000000000,10.946876546210897
2026-03-12 00:58:53.000000000,11.441207802558061
2026-03-12 00:12:43.000000000,33.9270434526433
2026-03-12 00:01:35.000000000,6.004539221936557
2026-03-12 00:42:49.000000000,17.08045354180685
2026-03-12 00:29:38.000000000,10.900865071866171
2026-03-12 00:00:36.000000000,40.15253691802752
2026-03-12 00:27:29.000000000,10.736916017135695
2026-03-12 00:25:12.000000000,16.56257201004188
2026-03-12 00:12:13.000000000,7.430149927827497
2026-03-12 00:15:12.000000000,8.945578766845884
2026-03-12 01:26:11.000000000,10.280308908552467
2026-03-12 01:09:03.000000000,13.763677927592916
2026-03-12 02:42:11.000000000,81.98608094532115
2026-03-12 02:42:33.000000000,20.718144532285656
2026-03-12 02:41:25.000000000,53.78762151504956
2026-03-12 03:14:57.000000000,12.382184803172334
2026-03-12 03:49:20.000000000,6.190263703368013
2026-03-12 03:03:25.000000000,15.001004793492758
2026-03-12 03:45:39.000000000,14.989133706821079
2026-03-12 03:28:42.000000000,52.063569204714746
2026-03-12 03:27:40.000000000,7.582283904479903
2026-03-12 03:48:32.000000000,30.920534965984686
2026-03-12 03:07:44.000000000,35.65974183018602
2026-03-12 03:58:16.000000000,7.44448130512535
2026-03-12 04:05:38.000000000,16.071461587865063
2026-03-12 04:37:21.000000000,6.795137604079312
2026-03-12 04:48:38.000000000,10.202242558156028
2026-03-12 04:07:42.000000000,26.59662119962054
2026-03-12 04:01:05.000000000,30.46846038994654
2026-03-12 04:28:18.000000000,58.84596409426344
2026-03-12 05:06:08.000000000,22.50610587477038
2026-03-12 05:43:24.000000000,42.66111717789826
2026-03-12 05:41:31.000000000,51.92815986500201
2026-03-12 05:18:13.000000000,27.29793335361927
2026-03-12 05:30:31.000000000,106.93068529957291
2026-03-12 05:42:11.000000000,17.590786273518365
2026-03-12 05:28:18.000000000,10.715574741621921
2026-03-12 06:44:12.000000000,7.494645844797661
2026-03-12 06:51:44.000000000,10.581464202770427
2026-03-12 06:48:06.000000000,5.607110274435943
2026-03-12 06:28:56.000000000,58.69721698215248
2026-03-12 06:29:38.000000000,13.295086190321767
2026-03-12 06:43:36.000000000,15.532281505479935
2026-03-12 06:48:58.000000000,11.203835459448856
2026-03-12 06:38:13.000000000,18.646749385426194
2026-03-12 06:07:24.000000000,5.431644539945829
2026-03-12 06:18:10.000000000,40.78891755119562
2026-03-12 06:07:57.000000000,16.942953161819567
2026-03-12 07:56:27.000000000,6.844422816521304
2026-03-12 07:12:36.000000000,8.835897361523237
2026-03-12 07:52:39.000000000,9.796947466445234
2026-03-12 07:58:22.000000000,35.8560623391433
2026-03-12 07:34:03.000000000,12.47740731508528
2026-03-12 07:16:44.000000000,20.605573801746246
2026-03-12 07:29:44.000000000,63.45063417598249
2026-03-12 07:10:09.000000000,35.724666307152326
2026-03-12 07:05:58.000000000,87.06387321026777
2026-03-12 07:37:02.000000000,34.93947892255033
2026-03-12 07:44:32.000000000,24.33869911021561
2026-03-12 07:27:07.000000000,34.49480920119378
2026-03-12 07:34:20.000000000,20.287238096851162
2026-03-12 07:14:15.000000000,68.41319380499
2026-03-12 07:02:27.000000000,33.01804779337561
2026-03-12 07:19:15.000000000,51.3015375474745
2026-03-12 07:07:08.000000000,15.379517649541981
2026-03-12 07:20:41.000000000,14.390351763185711
2026-03-12 07:38:06.000000000,16.83513316284464
2026-03-12 07:12:36.000000000,113.45440903414672
2026-03-12 08:28:10.000000000,10.563281219543162
2026-03-12 08:44:14.000000000,8.93458584466274
2026-03-12 08:01:11.000000000,18.44809468606601
2026-03-12 08:52:56.000000000,48.600688528579646
2026-03-12 08:00:11.000000000,33.26138806796646
2026-03-12 08:30:03.000000000,27.50300278427294
2026-03-12 08:42:50.000000000,44.68409882304708
2026-03-12 08:09:56.000000000,42.74624802084131
2026-03-12 08:38:05.000000000,19.327773540565516
2026-03-12 08:30:57.000000000,12.450239731222394
2026-03-12 08:40:44.000000000,7.385172820736291
2026-03-12 08:02:42.000000000,21.404120839798725
2026-03-12 08:47:06.000000000,22.064850264063352
2026-03-12 08:44:41.000000000,35.085099914776876
2026-03-12 08:12:59.000000000,10.688786679363178
2026-03-12 08:01:52.000000000,30.48185033163393
2026-03-12 08:42:31.000000000,45.00097173297345
2026-03-12 08:37:28.000000000,20.83531441308398
2026-03-12 08:46:28.000000000,13.025355954070312
2026-03-12 08:28:14.000000000,16.022616670935665
2026-03-12 08:08:08.000000000,50.95619008021823
2026-03-12 08:41:41.000000000,26.53190182659473
2026-03-12 08:48:40.000000000,29.49098342722954
2026-03-12 09:34:48.000000000,28.79833015131455
2026-03-12 09:44:59.000000000,8.734397821651324
2026-03-12 09:48:15.000000000,14.843702636047412
2026-03-12 09:22:25.000000000,45.58936942943596
2026-03-12 09:25:42.000000000,26.472943262612226
2026-03-12 09:15:26.000000000,13.862370784854035
2026-03-12 09:06:29.000000000,10.483158471573871
2026-03-12 09:00:58.000000000,21.43446539315798
2026-03-12 09:48:41.000000000,29.061801265207478
2026-03-12 09:01:24.000000000,26.76419782378353
2026-03-12 09:14:46.000000000,38.3539929198504
2026-03-12 09:51:44.000000000,20.080027963184694
2026-03-12 09:07:44.000000000,7.335395611271188
2026-03-12 09:23:16.000000000,25.958936615837462
2026-03-12 09:37:31.000000000,20.886642508415893
2026-03-12 09:05:55.000000000,107.1602208951973
2026-03-12 09:16:11.000000000,38.07332902251001
2026-03-12 09:37:33.000000000,26.810545771920367
2026-03-12 09:43:12.000000000,16.10800109729143
2026-03-12 09:59:52.000000000,7.897193697193596
2026-03-12 09:28:04.000000000,10.915892395222583
2026-03-12 09:19:51.000000000,36.319858125699064
2026-03-12 09:41:16.000000000,6.751334145182484
2026-03-12 09:45:22.000000000,14.177288489405848
2026-03-12 09:06:22.000000000,13.256417582638168
2026-03-12 09:21:15.000000000,26.438736438606636
2026-03-12 10:06:38.000000000,69.07669573795955
2026-03-12 10:07:56.000000000,20.514336590947163
2026-03-12 10:33:44.000000000,49.61117056064304
2026-03-12 10:35:31.000000000,9.369897301217373
2026-03-12 10:51:08.000000000,21.508023435422505
2026-03-12 10:34:14.000000000,12.355063566134032
2026-03-12 10:06:36.000000000,26.850881061296175
2026-03-12 10:21:08.000000000,75.24338399021684
2026-03-12 10:10:13.000000000,34.05954773366352
2026-03-12 10:34:17.000000000,17.738741945358708
2026-03-12 10:15:57.000000000,12.42016073210233
2026-03-12 10:55:05.000000000,30.36207113317024
2026-03-12 11:41:32.000000000,60.47592999836677
2026-03-12 11:58:19.000000000,17.190140343511143
2026-03-12 11:11:18.000000000,19.00390888741135
2026-03-12 11:40:32.000000000,7.127212372793683
2026-03-12 11:10:40.000000000,48.59173005839204
2026-03-12 11:06:51.000000000,8.122902784789698
2026-03-12 11:28:03.000000000,6.073407326974595
2026-03-12 11:44:09.000000000,11.280064556355494
2026-03-12 11:41:12.000000000,29.150682038513587
2026-03-12 11:00:05.000000000,18.59733989894532
2026-03-12 11:36:11.000000000,19.786546372146002
2026-03-12 11:08:23.000000000,29.125384542037004
2026-03-12 11:36:44.000000000,16.519258100891573
2026-03-12 11:10:59.000000000,17.2622210777354
2026-03-12 11:43:02.000000000,11.027916700156219
2026-03-12 11:42:22.000000000,31.249661841899098
2026-03-12 11:39:35.000000000,25.799423719380066
2026-03-12 12:12:23.000000000,5.658448404902102
2026-03-12 12:10:04.000000000,6.651351891648948
2026-03-12 12:53:12.000000000,22.307811083622784
2026-03-12 12:02:08.000000000,15.945351970344353
2026-03-12 12:52:01.000000000,69.71295787641476
2026-03-12 12:16:08.000000000,51.39685616922599
2026-03-12 12:46:28.000000000,16.828173730505434
2026-03-12 12:54:30.000000000,17.3022386127821
2026-03-12 12:55:25.000000000,33.67122947346344
2026-03-12 12:12:48.000000000,14.366698593981852
2026-03-12 12:05:39.000000000,80.29207124349037
2026-03-12 12:43:12.000000000,25.98708985808186
2026-03-12 12:14:56.000000000,11.698259457869725
2026-03-12 12:01:56.000000000,31.54964525143948
2026-03-12 12:05:47.000000000,109.22351681904419
2026-03-12 12:13:37.000000000,17.011903651813263
2026-03-12 13:02:28.000000000,141.2816031448782
2026-03-12 13:44:24.000000000,65.12304805060378
2026-03-12 13:40:00.000000000,21.359522381481103
2026-03-12 13:13:41.000000000,19.466416700204178
2026-03-12 13:08:32.000000000,30.29947443448074
2026-03-12 13:56:14.000000000,43.03006099887744
2026-03-12 13:09:43.000000000,72.38920201997989
2026-03-12 13:47:57.000000000,12.47971527929932
2026-03-12 13:49:34.000000000,13.227302240432394
2026-03-12 13:51:08.000000000,10.744515683551498
2026-03-12 13:32:56.000000000,9.970067473752655
2026-03-12 13:56:31.000000000,12.357500928241244
2026-03-12 13:03:19.000000000,9.741699452154025
2026-03-12 13:11:37.000000000,8.928482147014684
2026-03-12 13:41:50.000000000,30.35788421398743
2026-03-12 14:07:38.000000000,46.98379822106193
2026-03-12 14:16:27.000000000,5.793021868641401
2026-03-12 14:46:38.000000000,68.25423274860336
2026-03-12 14:59:46.000000000,27.43862867722474
2026-03-12 14:09:51.000000000,8.44102397472622
2026-03-12 14:00:55.000000000,111.22569346909808
2026-03-12 14:27:53.000000000,43.48557383563032
2026-03-12 14:18:34.000000000,15.923939344536677
2026-03-12 14:18:40.000000000,8.862447752643206
2026-03-12 14:47:15.000000000,6.276502534572276
2026-03-12 14:20:40.000000000,13.558547412526503
2026-03-12 14:42:46.000000000,57.139240980542404
2026-03-12 14:12:24.000000000,7.417117067227654
2026-03-12 14:19:13.000000000,60.325447876888354
2026-03-12 14:42:53.000000000,7.4108270128123515
2026-03-12 14:57:11.000000000,69.46075290529295
2026-03-12 14:43:17.000000000,12.965770701460864
2026-03-12 14:45:04.000000000,10.763248197823795
2026-03-12 14:43:39.000000000,8.656692974334982
2026-03-12 14:05:40.000000000,23.791039283596465
2026-03-12 14:49:00.000000000,20.13974423772003
2026-03-12 14:29:51.000000000,26.53430074269031
2026-03-12 14:01:30.000000000,12.439211227334951
2026-03-12 14:39:23.000000000,28.549764461858665
2026-03-12 14:31:07.000000000,26.526296779897514
2026-03-12 14:43:03.000000000,18.787409199909558
2026-03-12 14:08:13.000000000,32.32884880656818
2026-03-12 14:23:00.000000000,19.40996047023096
2026-03-12 15:41:23.000000000,19.598263433785775
2026-03-12 15:17:08.000000000,47.04094452353491
2026-03-12 15:44:36.000000000,9.601348395990765
2026-03-12 15:00:42.000000000,23.68451902517645
2026-03-12 15:20:14.000000000,28.331352160597753
2026-03-12 15:42:22.000000000,11.648100890088676
2026-03-12 15:08:22.000000000,17.343883243876636
2026-03-12 15:05:25.000000000,42.41090409382714
2026-03-12 15:49:14.000000000,10.527403621237976
2026-03-12 15:15:09.000000000,13.257853783862618
2026-03-12 15:29:11.000000000,14.096085876547036
2026-03-12 15:21:48.000000000,34.548701435121366
2026-03-12 15:34:01.000000000,8.968400807742285
2026-03-12 15:40:40.000000000,54.908367565494906
2026-03-12 16:07:40.000000000,20.515879940281263
2026-03-12 16:13:17.000000000,7.382364767446747
2026-03-12 16:28:48.000000000,45.41273028638039
2026-03-12 16:11:55.000000000,37.54157935714097
2026-03-12 16:50:02.000000000,19.424327330025974
2026-03-12 16:07:51.000000000,9.810876722690082
2026-03-12 16:53:10.000000000,6.781514554208112
2026-03-12 16:37:41.000000000,17.368661382411457
2026-03-12 16:06:11.000000000,10.247990939871237
2026-03-12 16:36:24.000000000,20.550305096157263
2026-03-12 16:53:54.000000000,11.678958258540494
2026-03-12 16:38:02.000000000,10.309945126115826
2026-03-12 16:55:40.000000000,20.694461883009378
2026-03-12 16:12:34.000000000,7.8699107574374425
2026-03-12 16:41:02.000000000,8.278431542400023
2026-03-12 16:26:19.000000000,10.912736593931248
2026-03-12 16:18:43.000000000,16.65116012632902
2026-03-12 16:29:04.000000000,26.673911491907198
2026-03-12 16:52:43.000000000,14.34357926267529
2026-03-12 16:33:45.000000000,13.88680809735455
2026-03-12 16:08:23.000000000,34.249207584403315
2026-03-12 16:10:25.000000000,160.78760277696372
2026-03-12 16:24:53.000000000,15.239851434739418
2026-03-12 16:10:06.000000000,12.395495863384793
2026-03-12 16:19:22.000000000,32.31214015601563
2026-03-12 17:37:53.000000000,10.947251843059501
2026-03-12 17:33:22.000000000,56.157278698049005
2026-03-12 17:36:34.000000000,53.400080053074376
2026-03-12 17:32:01.000000000,142.74415997257097
2026-03-12 17:04:03.000000000,13.128583009774466
2026-03-12 17:40:29.000000000,55.0289121536676
2026-03-12 17:15:04.000000000,25.890007101282865
2026-03-12 17:36:15.000000000,31.01177106925621
2026-03-12 17:24:48.000000000,32.982302084789566
2026-03-12 17:04:35.000000000,19.13675975443181
2026-03-12 17:15:54.000000000,29.46769072525202
2026-03-12 17:13:58.000000000,16.85108046647251
2026-03-12 17:48:27.000000000,21.295176356243715
2026-03-12 17:01:09.000000000,132.52040805967235
2026-03-12 17:41:32.000000000,12.457227463685495
2026-03-12 17:24:16.000000000,61.523391140687345
2026-03-12 17:39:06.000000000,25.259669614537838
2026-03-12 17:14:05.000000000,57.448826320939865
2026-03-12 17:36:45.000000000,13.523782535475283
2026-03-12 17:43:42.000000000,9.667393304665005
2026-03-12 17:10:48.000000000,51.67248250359456
2026-03-12 17:17:25.000000000,16.950644637945235
2026-03-12 17:39:17.000000000,30.228796060394284
2026-03-12 18:51:58.000000000,24.529431220014782
2026-03-12 18:40:26.000000000,28.173593569151425
2026-03-12 18:22:15.000000000,22.185274322377598
2026-03-12 18:02:32.000000000,26.500353428075684
2026-03-12 18:02:33.000000000,32.74912128582834
2026-03-12 18:09:04.000000000,10.832772646001612
2026-03-12 18:45:10.000000000,20.073047486688747
2026-03-12 18:32:53.000000000,8.718307933355256
2026-03-12 18:10:46.000000000,15.86829235031215
2026-03-12 18:58:00.000000000,15.298808923324549
2026-03-12 18:51:51.000000000,17.411479627433227
2026-03-12 18:49:19.000000000,39.52632240632035
2026-03-12 18:16:55.000000000,41.41897954846759
2026-03-12 18:35:59.000000000,9.057498226187976
2026-03-12 18:40:47.000000000,10.798911511774895
2026-03-12 18:33:52.000000000,8.886483389099347
2026-03-12 18:35:30.000000000,12.477645698742746
2026-03-12 18:16:35.000000000,22.705155000989794
2026-03-12 18:12:43.000000000,11.246282069586258
2026-03-12 18:01:56.000000000,23.924165878947772
2026-03-12 18:05:42.000000000,7.396713822249103
2026-03-12 18:08:48.000000000,12.498308533189856
2026-03-12 18:55:50.000000000,22.11042035243387
2026-03-12 19:32:12.000000000,16.70447567314902
2026-03-12 19:28:09.000000000,30.52799796408493
2026-03-12 19:16:52.000000000,32.70591295549527
2026-03-12 19:42:22.000000000,20.486814876853803
2026-03-12 19:49:25.000000000,35.80117139782663
2026-03-12 19:58:28.000000000,7.429706519256346
2026-03-12 19:03:27.000000000,27.573752879946948
2026-03-12 19:14:48.000000000,34.682157886187966
2026-03-12 19:12:00.000000000,24.94311848237379
2026-03-12 19:10:53.000000000,25.73247837105781
2026-03-12 19:47:07.000000000,37.525157441800914
2026-03-12 19:05:03.000000000,12.060358203198172
2026-03-12 19:57:21.000000000,11.62185026341569
2026-03-12 19:29:16.000000000,22.478911386190084
2026-03-12 19:42:16.000000000,27.888946948543307
2026-03-12 19:36:28.000000000,14.10074137799511
2026-03-12 19:52:21.000000000,12.367335981237893
2026-03-12 19:23:49.000000000,19.85311081838371
2026-03-12 19:18:29.000000000,9.666950166994786
2026-03-12 19:44:07.000000000,15.082284592111227
2026-03-12 19:00:18.000000000,63.84749807233104
2026-03-12 19:25:58.000000000,7.9635381818057525
2026-03-12 19:39:02.000000000,130.5013206255018
2026-03-12 19:41:40.000000000,75.45665438063497
2026-03-12 19:58:47.000000000,60.3444021076048
2026-03-12 19:17:43.000000000,13.548358473337498
2026-03-12 19:39:24.000000000,17.807921392095913
2026-03-12 19:15:02.000000000,37.94603976282137
2026-03-12 20:10:26.000000000,14.433613362185538
2026-03-12 20:09:28.000000000,29.0608186231368
2026-03-12 20:15:24.000000000,7.604185849461874
2026-03-12 20:43:12.000000000,20.278125457045206
2026-03-12 20:28:10.000000000,35.36392577972306
2026-03-12 20:48:45.000000000,54.68296435399047
2026-03-12 20:39:25.000000000,17.666866926922076
2026-03-12 20:30:16.000000000,9.1542553351141
2026-03-12 20:55:45.000000000,9.946732002592753
2026-03-12 20:53:26.000000000,9.193061138074889
2026-03-12 20:32:35.000000000,8.04940917453523
2026-03-12 20:36:23.000000000,53.10863468635387
2026-03-12 20:06:21.000000000,16.353904645868944
2026-03-12 20:35:14.000000000,66.59918380458605
2026-03-12 20:44:40.000000000,42.80222230534896
2026-03-12 20:05:12.000000000,42.174282178294995
2026-03-12 20:45:38.000000000,69.39806026766986
2026-03-12 20:47:31.000000000,23.407092276648815
2026-03-12 20:31:41.000000000,10.777949704522413
2026-03-12 20:24:10.000000000,27.479160813061625
2026-03-12 21:56:06.000000000,17.06423698207305
2026-03-12 21:32:23.000000000,11.625215681777238
2026-03-12 21:48:55.000000000,33.879802800507576
2026-03-12 21:51:55.000000000,35.7119800841894
2026-03-12 21:24:48.000000000,8.798128152646715
2026-03-12 21:58:13.000000000,15.110814721277352
2026-03-12 21:55:22.000000000,13.306945771170621
2026-03-12 21:17:55.000000000,9.813528880768281
2026-03-12 21:34:17.000000000,23.25804802224057
2026-03-12 21:39:54.000000000,6.796026832499842
2026-03-12 21:12:30.000000000,23.421885133412122
2026-03-12 21:33:00.000000000,30.949944339004194
2026-03-12 21:14:38.000000000,17.056025351620466
2026-03-12 21:50:46.000000000,9.811513800636549
2026-03-12 21:58:41.000000000,12.342380475313902
2026-03-12 21:05:30.000000000,137.10171411373582
2026-03-12 21:56:50.000000000,15.136991348180402
2026-03-12 21:34:03.000000000,9.513721709142487
2026-03-12 21:19:25.000000000,57.14532351160125
2026-03-12 22:54:30.000000000,44.17595877464212
2026-03-12 22:09:46.000000000,12.493246109127709
2026-03-12 22:52:57.000000000,13.946874657596942
2026-03-12 22:56:56.000000000,39.67345168168672
2026-03-12 22:56:36.000000000,9.679468662073607
2026-03-12 22:35:55.000000000,42.39106142661965
2026-03-12 22:14:09.000000000,8.183920374583435
2026-03-12 22:22:35.000000000,46.934248578203196
2026-03-12 22:07:06.000000000,46.21053150653081
2026-03-12 22:23:01.000000000,17.52486684389103
2026-03-12 22:21:02.000000000,132.32488522468614
2026-03-12 22:05:40.000000000,66.70110009431782
2026-03-12 22:06:13.000000000,116.21446648376697
2026-03-12 22:18:23.000000000,9.677170252024144
2026-03-12 22:53:59.000000000,21.07578026619967
2026-03-12 22:36:04.000000000,21.096366286567658
2026-03-12 22:35:18.000000000,19.358908848737556
2026-03-12 22:37:51.000000000,17.28032782557097
2026-03-12 22:13:33.000000000,53.27204133598082
2026-03-12 22:44:14.000000000,20.711897180387076
2026-03-12 22:50:56.000000000,14.51653751386484
2026-03-12 23:44:18.000000000,21.57017035507383
2026-03-12 23:34:50.000000000,70.56762441125562
2026-03-12 23:24:04.000000000,12.529616219387298
2026-03-12 23:58:34.000000000,36.107838132588796
2026-03-12 23:42:34.000000000,17.73430687012694
2026-03-12 23:02:25.000000000,31.23639249071748
2026-03-12 23:04:55.000000000,6.171551526092058
2026-03-12 23:49:19.000000000,23.27023927214729
2026-03-12 23:28:39.000000000,19.282989264585275
2026-03-13 00:22:07.000000000,62.45396747118551
2026-03-13 00:17:10.000000000,22.936417995693706
2026-03-13 00:54:46.000000000,10.050533077467206
2026-03-13 00:16:50.000000000,12.212775070970626
2026-03-13 00:42:42.000000000,19.34837742873261
2026-03-13 00:51:56.000000000,12.354848575788342
2026-03-13 00:22:20.000000000,10.827032643825255
2026-03-13 00:38:17.000000000,7.41970948474684
2026-03-13 00:23:49.000000000,77.36175508156526
2026-03-13 00:22:25.000000000,35.651921013745614
2026-03-13 00:41:21.000000000,5.7661845975881185
2026-03-13 01:16:13.000000000,14.364555729249403
2026-03-13 01:08:17.000000000,29.14019587528535
2026-03-13 01:49:09.000000000,12.386417107035932
2026-03-13 01:39:56.000000000,6.929658697147148
2026-03-13 01:34:41.000000000,38.31658356136907
2026-03-13 01:28:00.000000000,18.9636889826201
2026-03-13 02:42:12.000000000,41.72387774683768
2026-03-13 02:16:35.000000000,80.96849314936702
2026-03-13 02:14:24.000000000,38.44846164897843
2026-03-13 03:37:36.000000000,11.658645957926645
2026-03-13 03:43:12.000000000,17.89968770510566
2026-03-13 04:10:07.000000000,26.840652417163664
2026-03-13 04:39:20.000000000,46.5167578341974
2026-03-13 04:19:14.000000000,17.318304369410026
2026-03-13 04:28:50.000000000,49.52328232929311
2026-03-13 04:16:59.000000000,42.463446826426946
2026-03-13 04:43:18.000000000,94.64477614239394
2026-03-13 04:14:25.000000000,9.976557170889796
2026-03-13 05:34:10.000000000,115.58908899504135
2026-03-13 05:17:50.000000000,12.433708677045862
2026-03-13 05:19:57.000000000,55.52482181250458
2026-03-13 05:40:55.000000000,12.825231580476702
2026-03-13 05:32:09.000000000,45.16246819832432
2026-03-13 06:03:50.000000000,18.197499267060355
2026-03-13 06:46:55.000000000,8.972567670418774
2026-03-13 06:03:01.000000000,20.239721997068624
2026-03-13 06:50:56.000000000,73.31831822528477
2026-03-13 06:47:25.000000000,12.295518280321645
2026-03-13 07:56:30.000000000,35.97882355253333
2026-03-13 07:04:04.000000000,20.491570145458954
2026-03-13 07:39:58.000000000,12.474921232665025
2026-03-13 07:31:30.000000000,31.929134457142716
2026-03-13 07:42:03.000000000,33.92016583767166
2026-03-13 07:29:13.000000000,17.55557432932948
2026-03-13 07:15:38.000000000,27.395537954559654
2026-03-13 07:55:02.000000000,11.645232438668723
2026-03-13 07:01:16.000000000,96.1447115750939
2026-03-13 07:54:32.000000000,8.800820503931607
2026-03-13 07:13:45.000000000,21.337582048165633
2026-03-13 07:07:07.000000000,11.282776823567206
2026-03-13 07:00:03.000000000,18.66285906083934
2026-03-13 07:06:43.000000000,19.85857110678377
2026-03-13 07:25:05.000000000,11.913458111239414
2026-03-13 07:35:25.000000000,54.07688858937032
2026-03-13 08:11:50.000000000,30.754477893543708
2026-03-13 08:12:28.000000000,20.229210424753457
2026-03-13 08:35:07.000000000,26.830884141479952
2026-03-13 08:02:46.000000000,74.89703482244275
2026-03-13 08:44:24.000000000,58.5690297955952
2026-03-13 08:41:05.000000000,13.999476923724865
2026-03-13 08:03:37.000000000,17.312928747813956
2026-03-13 08:25:33.000000000,17.71305272265358
2026-03-13 08:18:27.000000000,9.641029556791903
2026-03-13 08:33:53.000000000,19.283199653497807
2026-03-13 08:28:36.000000000,16.818144864041788
2026-03-13 08:47:03.000000000,16.902863619851704
2026-03-13 08:51:00.000000000,78.5948188474731
2026-03-13 08:00:35.000000000,41.435958857860825
2026-03-13 08:20:38.000000000,9.030082945645711
2026-03-13 08:16:57.000000000,8.986017277779167
2026-03-13 08:32:00.000000000,23.323836817743423
2026-03-13 08:52:38.000000000,36.38990372596369
2026-03-13 08:00:57.000000000,15.860101498381823
2026-03-13 08:32:34.000000000,53.40472267987153
2026-03-13 08:26:29.000000000,18.435517822584064
2026-03-13 08:25:43.000000000,86.10949475100772
2026-03-13 08:03:48.000000000,34.34433318950365
2026-03-13 09:46:49.000000000,23.944292364883918
2026-03-13 09:33:31.000000000,9.005903440949696
2026-03-13 09:16:49.000000000,14.17972585151306
2026-03-13 09:00:34.000000000,7.170127559318145
2026-03-13 09:01:13.000000000,52.57997846981361
2026-03-13 09:54:33.000000000,15.100992828516347
2026-03-13 09:55:19.000000000,23.28913078189069
2026-03-13 09:41:33.000000000,8.865709400182519
2026-03-13 09:08:34.000000000,37.537838688361326
2026-03-13 09:27:51.000000000,19.10595108490661
2026-03-13 09:10:54.000000000,17.263417632952436
2026-03-13 09:06:29.000000000,11.580945696936695
2026-03-13 09:47:27.000000000,27.152198579586354
2026-03-13 10:53:00.000000000,37.02128162970759
2026-03-13 10:17:32.000000000,32.75389153359766
2026-03-13 10:26:52.000000000,8.663219696808493
2026-03-13 10:42:17.000000000,7.014692833255472
2026-03-13 10:56:31.000000000,8.93973123204315
2026-03-13 10:56:12.000000000,16.61609185016289
2026-03-13 10:25:53.000000000,11.535611746897379
2026-03-13 10:54:06.000000000,6.835519026113052
2026-03-13 10:40:58.000000000,10.357555059819965
2026-03-13 10:18:33.000000000,8.901710412273916
2026-03-13 11:44:09.000000000,15.995548223387592
2026-03-13 11:58:57.000000000,8.790343010192968
2026-03-13 11:41:21.000000000,26.297420740310212
2026-03-13 11:07:41.000000000,36.90926604121773
2026-03-13 11:35:26.000000000,62.77714253265755
2026-03-13 11:37:53.000000000,33.73323648939064
2026-03-13 11:41:00.000000000,13.220579165445184
2026-03-13 11:28:28.000000000,20.58041966631558
2026-03-13 11:16:11.000000000,9.815988634364153
2026-03-13 11:10:18.000000000,11.58697527587263
2026-03-13 11:46:03.000000000,15.520694080707763
2026-03-13 11:08:35.000000000,15.90611685506672
2026-03-13 11:50:26.000000000,24.53440534589198
2026-03-13 12:21:14.000000000,69.42079342086859
2026-03-13 12:37:22.000000000,13.129124730191199
2026-03-13 12:01:41.000000000,25.141114971781366
2026-03-13 12:20:17.000000000,105.15189062190736
2026-03-13 12:16:03.000000000,13.185035496036274
2026-03-13 12:17:40.000000000,6.1311953418163005
2026-03-13 12:48:23.000000000,9.53488569658879
2026-03-13 12:10:15.000000000,14.724981479343837
2026-03-13 13:00:07.000000000,27.516855697823345
2026-03-13 13:32:19.000000000,11.408948023788499
2026-03-13 13:46:25.000000000,7.539303592851206
2026-03-13 13:31:51.000000000,16.800724714014333
2026-03-13 13:08:24.000000000,20.556214597783075
2026-03-13 13:02:56.000000000,17.966410935036997
2026-03-13 13:07:08.000000000,5.825521744982011
2026-03-13 13:05:03.000000000,33.86759576825673
2026-03-13 13:29:25.000000000,23.299534623019177
2026-03-13 13:24:52.000000000,31.60014935701125
2026-03-13 13:01:59.000000000,21.25101120458043
2026-03-13 14:11:27.000000000,20.24033102003513
2026-03-13 14:37:42.000000000,29.390111232882624
2026-03-13 14:07:15.000000000,47.38140268647926
2026-03-13 14:58:57.000000000,14.904338903173555
2026-03-13 14:15:56.000000000,6.0961296288403215
2026-03-13 14:08:38.000000000,6.435131478802233
2026-03-13 14:37:22.000000000,17.813507086920474
2026-03-13 14:01:22.000000000,20.127546029467883
2026-03-13 14:51:44.000000000,71.51372519763262
2026-03-13 14:57:16.000000000,12.363223031129875
2026-03-13 14:33:11.000000000,19.67937347205548
2026-03-13 14:15:50.000000000,8.205371051029577
2026-03-13 14:59:29.000000000,343.381203719915
2026-03-13 14:10:42.000000000,49.52763072820613
2026-03-13 14:23:34.000000000,5.5853056833342185
2026-03-13 14:16:51.000000000,12.459854058830924
2026-03-13 14:42:49.000000000,28.375859252218625
2026-03-13 14:02:43.000000000,8.777726613262375
2026-03-13 15:20:01.000000000,10.99564910496042
2026-03-13 15:21:23.000000000,6.25351998945836
2026-03-13 15:05:29.000000000,23.452267211716936
2026-03-13 15:46:32.000000000,10.629502869335068
2026-03-13 15:25:21.000000000,47.3881524106753
2026-03-13 15:20:08.000000000,30.840544518434456
2026-03-13 15:12:16.000000000,35.98862426943038
2026-03-13 15:04:38.000000000,15.06569158315296
2026-03-13 15:30:08.000000000,18.524161092739902
2026-03-13 15:13:07.000000000,9.516689504410992
2026-03-13 15:19:54.000000000,17.30398471595244
2026-03-13 15:18:28.000000000,28.206454990138077
2026-03-13 15:15:07.000000000,20.166980030736834
2026-03-13 15:54:15.000000000,18.00100662992115
2026-03-13 15:17:10.000000000,16.313525623916757
2026-03-13 15:42:22.000000000,39.68832126274744
2026-03-13 15:49:19.000000000,134.94781253661083
2026-03-13 15:44:43.000000000,15.291439064507118
2026-03-13 15:43:20.000000000,19.91172181424443
2026-03-13 15:00:45.000000000,158.78178238246673
2026-03-13 15:10:22.000000000,48.71517713871108
2026-03-13 15:54:11.000000000,22.73327337297921
2026-03-13 15:38:17.000000000,9.773657670008149
2026-03-13 16:38:18.000000000,26.27070029273074
2026-03-13 16:53:15.000000000,30.441426732828166
2026-03-13 16:22:14.000000000,18.95901815363564
2026-03-13 16:55:10.000000000,16.347290558718523
2026-03-13 16:38:37.000000000,146.0336022818334
2026-03-13 16:19:03.000000000,14.225004109245143
2026-03-13 16:11:04.000000000,31.980728533934293
2026-03-13 16:09:39.000000000,9.288878655374061
2026-03-13 16:27:53.000000000,11.523653753598774
2026-03-13 16:30:29.000000000,51.15065724373092
2026-03-13 16:38:54.000000000,7.672958113733954
2026-03-13 16:37:12.000000000,132.09245800715698
2026-03-13 16:03:40.000000000,14.446583556117398
2026-03-13 16:38:09.000000000,22.184604057897413
2026-03-13 16:47:39.000000000,9.900341672378428
2026-03-13 16:01:48.000000000,32.78412677776984
2026-03-13 17:40:03.000000000,17.956471274624192
2026-03-13 17:58:18.000000000,13.926236898054361
2026-03-13 17:04:52.000000000,132.07435807440498
2026-03-13 17:25:26.000000000,42.831091014292404
2026-03-13 17:47:33.000000000,10.78994990050997
2026-03-13 17:40:17.000000000,32.668936766844624
2026-03-13 17:31:57.000000000,9.677424534602215
2026-03-13 17:30:02.000000000,28.8571380669982
2026-03-13 17:55:50.000000000,25.787575562206396
2026-03-13 17:13:59.000000000,16.9391850151275
2026-03-13 17:18:25.000000000,8.761713128054028
2026-03-13 17:37:15.000000000,13.835795979161002
2026-03-13 17:12:37.000000000,11.871073454735194
2026-03-13 17:05:40.000000000,7.874374222857977
2026-03-13 17:40:20.000000000,15.126569734881539
2026-03-13 17:15:02.000000000,11.623731682292135
2026-03-13 17:17:28.000000000,21.070008713018744
2026-03-13 17:59:42.000000000,40.539077476952365
2026-03-13 17:33:51.000000000,48.87074828489779
2026-03-13 17:03:47.000000000,10.288060179163761
2026-03-13 17:03:18.000000000,15.108372478146022
2026-03-13 17:07:01.000000000,23.297789410064944
2026-03-13 17:17:59.000000000,46.96471544967454
2026-03-13 17:22:42.000000000,11.663211136343975
2026-03-13 17:49:03.000000000,8.134433876991686
2026-03-13 17:20:15.000000000,26.40219548619896
2026-03-13 18:03:21.000000000,11.528823913560354
2026-03-13 18:41:34.000000000,14.65605160580293
2026-03-13 18:10:51.000000000,30.198983729804443
2026-03-13 18:05:18.000000000,7.8740645146115
2026-03-13 18:39:30.000000000,50.79733065537306
2026-03-13 18:01:03.000000000,10.313046277591443
2026-03-13 18:22:29.000000000,67.59776434777591
2026-03-13 18:27:08.000000000,14.787933212205735
2026-03-13 18:55:14.000000000,7.939616370294625
2026-03-13 18:28:57.000000000,28.81035146458776
2026-03-13 18:11:24.000000000,13.427092395121347
2026-03-13 18:24:26.000000000,36.67561741629953
2026-03-13 18:38:39.000000000,10.05638500127851
2026-03-13 18:24:54.000000000,42.37820355855954
2026-03-13 18:04:07.000000000,30.026134663165536
2026-03-13 18:59:19.000000000,30.119139183855975
2026-03-13 18:19:58.000000000,20.87805213227055
2026-03-13 18:08:19.000000000,8.903715212675266
2026-03-13 19:32:21.000000000,21.471184823899172
2026-03-13 19:12:00.000000000,6.178448572144961
2026-03-13 19:13:04.000000000,80.27958724665888
2026-03-13 19:24:18.000000000,68.87086355412158
2026-03-13 19:02:56.000000000,37.34657006678921
2026-03-13 19:56:02.000000000,6.814717546057454
2026-03-13 19:15:18.000000000,27.710681331427697
2026-03-13 19:07:56.000000000,16.04163950305143
2026-03-13 19:46:53.000000000,8.242532890016907
2026-03-13 19:58:44.000000000,6.0642597642887175
2026-03-13 19:32:17.000000000,38.898952999591046
2026-03-13 19:00:09.000000000,21.223040312598915
2026-03-13 19:32:46.000000000,41.40476918115863
2026-03-13 19:30:42.000000000,50.06117498305157
2026-03-13 19:33:05.000000000,31.520886737636186
2026-03-13 19:18:35.000000000,32.76416519544696
2026-03-13 19:56:18.000000000,47.46335101756371
2026-03-13 19:00:20.000000000,28.033234373976125
2026-03-13 20:59:10.000000000,6.756895931662581
2026-03-13 20:11:55.000000000,11.496139751154992
2026-03-13 20:39:29.000000000,38.65545014775984
2026-03-13 20:54:22.000000000,14.504927712001852
2026-03-13 20:56:08.000000000,8.916513406694095
2026-03-13 20:30:07.000000000,38.412061486221624
2026-03-13 20:30:01.000000000,9.57424005637219
2026-03-13 20:45:04.000000000,38.80171080417238
2026-03-13 20:17:10.000000000,17.88501730086721
2026-03-13 20:25:09.000000000,14.402802890412882
2026-03-13 20:43:14.000000000,28.289428622589945
2026-03-13 20:34:51.000000000,31.35049408363443
2026-03-13 20:02:06.000000000,25.22791428721744
2026-03-13 20:32:18.000000000,9.339421095722702
2026-03-13 20:22:14.000000000,24.300031560625037
2026-03-13 20:19:50.000000000,8.806690484529746
2026-03-13 20:23:39.000000000,31.569584664238782
2026-03-13 20:24:50.000000000,11.709890942459923
2026-03-13 20:06:12.000000000,9.147547055280821
2026-03-13 20:26:54.000000000,18.925251806773495
2026-03-13 20:08:36.000000000,14.75082665581236
2026-03-13 20:30:37.000000000,25.519332575120238
2026-03-13 20:02:05.000000000,7.40402252989519
2026-03-13 20:25:31.000000000,19.482715296182047
2026-03-13 20:58:36.000000000,10.59095401882718
2026-03-13 20:21:01.000000000,7.320658081948954
2026-03-13 20:12:03.000000000,24.434999718270735
2026-03-13 21:45:42.000000000,11.547016962541823
2026-03-13 21:46:48.000000000,25.75840324222489
2026-03-13 21:03:05.000000000,52.298149988552254
2026-03-13 21:41:00.000000000,11.028615372397713
2026-03-13 21:58:11.000000000,36.26591894394815
2026-03-13 21:19:35.000000000,7.883406319842107
2026-03-13 21:05:47.000000000,37.72631540713315
2026-03-13 21:37:54.000000000,26.318690643439112
2026-03-13 21:07:40.000000000,44.62401056309374
2026-03-13 21:12:42.000000000,26.38999899618694
2026-03-13 21:40:16.000000000,7.53998719633643
2026-03-13 21:48:37.000000000,38.55252574255014
2026-03-13 21:07:23.000000000,17.33820686085512
2026-03-13 21:31:41.000000000,10.695846153450562
2026-03-13 21:43:58.000000000,18.060341636059814
2026-03-13 21:58:14.000000000,8.213964119955241
2026-03-13 21:13:30.000000000,20.176355793659468
2026-03-13 21:38:47.000000000,10.024123739575563
2026-03-13 21:07:20.000000000,110.99069227616292
2026-03-13 21:23:48.000000000,10.694460060542761
2026-03-13 21:41:37.000000000,8.94510220112726
2026-03-13 21:19:02.000000000,9.854064173547995
2026-03-13 22:23:00.000000000,24.30579456735694
2026-03-13 22:31:30.000000000,30.53762423925909
2026-03-13 22:08:37.000000000,73.18754665650158
2026-03-13 22:35:36.000000000,18.538382468168987
2026-03-13 22:38:07.000000000,31.04671634077128
2026-03-13 22:55:42.000000000,24.078977703135518
2026-03-13 22:07:14.000000000,12.493551451819746
2026-03-13 22:57:06.000000000,16.91466559642033
2026-03-13 22:17:15.000000000,9.982642016268663
2026-03-13 22:23:02.000000000,10.267759769863767
2026-03-13 22:44:41.000000000,11.090112481701498
2026-03-13 22:01:02.000000000,10.601535850210182
2026-03-13 22:48:12.000000000,10.78368310623335
2026-03-13 22:58:12.000000000,13.282519706431549
2026-03-13 22:04:47.000000000,46.24718733323366
2026-03-13 22:45:50.000000000,52.503132516103115
2026-03-13 22:43:45.000000000,29.189611804680396
2026-03-13 22:41:27.000000000,34.22386294371916
2026-03-13 22:28:44.000000000,28.103913944185525
2026-03-13 22:22:04.000000000,8.896041599366361
2026-03-13 22:36:50.000000000,11.28728544520321
2026-03-13 22:55:21.000000000,15.179017211288699
2026-03-13 22:20:28.000000000,41.503193711127565
2026-03-13 22:26:43.000000000,47.81124871923532
2026-03-13 22:54:06.000000000,38.823778645101
2026-03-13 23:32:01.000000000,19.339450758103965
2026-03-13 23:34:38.000000000,20.27990095360544
2026-03-13 23:21:29.000000000,10.140159275044168
2026-03-13 23:00:17.000000000,13.26401279623897
2026-03-13 23:44:20.000000000,8.439050512360927
2026-03-13 23:02:56.000000000,19.87119265873872
2026-03-13 23:45:28.000000000,13.038617775146985
2026-03-13 23:34:22.000000000,25.09981880383419
2026-03-13 23:53:59.000000000,20.76699482211515
2026-03-13 23:07:08.000000000,39.13076765558913
2026-03-13 23:45:50.000000000,19.50334440809871
2026-03-13 23:09:40.000000000,10.336302615984454
2026-03-13 23:40:01.000000000,7.99806770589031
2026-03-14 00:18:31.000000000,19.90278166039412
2026-03-14 00:35:55.000000000,42.54863652583361
2026-03-14 00:21:17.000000000,20.795901662096668
2026-03-14 00:25:54.000000000,24.710974666498593
2026-03-14 00:58:52.000000000,8.157965351573448
2026-03-14 00:45:38.000000000,9.632615630794357
2026-03-14 00:09:17.000000000,9.59334200706438
2026-03-14 00:20:40.000000000,14.090747543308982
2026-03-14 00:50:37.000000000,13.303713315196875
2026-03-14 00:21:17.000000000,61.361853319520584
2026-03-14 00:23:29.000000000,47.69919320079696
2026-03-14 00:25:19.000000000,26.12394140331759
2026-03-14 00:15:30.000000000,15.172247803257074
2026-03-14 00:13:49.000000000,81.69320189146273
2026-03-14 00:42:31.000000000,42.28685743191606
2026-03-14 00:07:07.000000000,19.476820132282626
2026-03-14 00:54:57.000000000,21.814053009457233
2026-03-14 00:43:25.000000000,10.740584097482722
2026-03-14 00:36:33.000000000,38.65317375142183
2026-03-14 00:25:59.000000000,18.74258351334833
2026-03-14 00:02:34.000000000,13.968767125341627
2026-03-14 00:49:22.000000000,19.43677791640217
2026-03-14 01:27:15.000000000,29.124754825158
2026-03-14 01:41:55.000000000,21.8644605377294
2026-03-14 01:38:33.000000000,15.960991197143052
2026-03-14 01:06:49.000000000,13.885667835035466
2026-03-14 01:11:49.000000000,18.03434282860274
2026-03-14 01:40:57.000000000,15.15655208843093
2026-03-14 01:34:13.000000000,42.52045274092558
2026-03-14 01:04:27.000000000,22.83001824587039
2026-03-14 01:01:31.000000000,19.85240704354941
2026-03-14 01:19:24.000000000,36.91235201582782
2026-03-14 01:20:41.000000000,15.116576818646806
2026-03-14 01:16:14.000000000,21.792838305804093
2026-03-14 01:32:28.000000000,22.344354647750517
2026-03-14 01:33:41.000000000,18.115813676363285
2026-03-14 01:08:05.000000000,17.145818007899017
2026-03-14 01:38:47.000000000,27.114804226463903
2026-03-14 01:22:45.000000000,29.423168575675486
2026-03-14 01:48:16.000000000,28.869345166940967
2026-03-14 02:23:22.000000000,14.168972594261861
2026-03-14 02:12:04.000000000,12.587832644414604
2026-03-14 02:34:12.000000000,23.002123328692026
2026-03-14 02:32:32.000000000,46.911241111702616
2026-03-14 02:50:02.000000000,10.183087880786669
2026-03-14 02:05:53.000000000,14.55092088061306
2026-03-14 02:26:30.000000000,25.683790304959295
2026-03-14 02:25:18.000000000,17.902658130476922
2026-03-14 03:25:27.000000000,10.751572574455981
2026-03-14 03:10:24.000000000,31.65476134881434
2026-03-14 03:36:10.000000000,10.2577902765555
2026-03-14 03:38:44.000000000,28.844617990349416
2026-03-14 03:14:14.000000000,19.037575998190288
2026-03-14 03:51:23.000000000,26.399552794372013
2026-03-14 03:36:19.000000000,21.389943451650467
2026-03-14 03:44:48.000000000,14.280928401172735
2026-03-14 03:09:27.000000000,17.249731251314163
2026-03-14 03:11:14.000000000,8.338794273591073
2026-03-14 03:44:48.000000000,32.868294309639644
2026-03-14 03:13:08.000000000,12.471869337338203
2026-03-14 03:23:29.000000000,17.01450443668729
2026-03-14 03:46:00.000000000,18.23320219936268
2026-03-14 04:51:03.000000000,150.65149628368206
2026-03-14 04:04:44.000000000,15.156009485455844
2026-03-14 04:37:18.000000000,11.573796695540901
2026-03-14 04:24:42.000000000,90.22413346008085
2026-03-14 04:01:38.000000000,76.28141845509762
2026-03-14 05:51:08.000000000,37.35331566024389
2026-03-14 05:20:23.000000000,19.638820875668483
2026-03-14 05:08:10.000000000,9.018164765625581
2026-03-14 05:33:59.000000000,30.11881972250303
2026-03-14 05:10:23.000000000,8.982887798134218
2026-03-14 05:56:49.000000000,110.18492788693463
2026-03-14 05:40:03.000000000,11.659845717982426
2026-03-14 06:49:45.000000000,10.673400784396826
2026-03-14 06:01:56.000000000,18.248167669548017
2026-03-14 06:07:17.000000000,18.568436567549103
2026-03-14 06:13:45.000000000,5.933589432085743
2026-03-14 06:14:43.000000000,32.24946265862219
2026-03-14 07:11:57.000000000,20.22643132099369
2026-03-14 07:32:23.000000000,40.829434350342325
2026-03-14 07:52:27.000000000,20.628899087412535
2026-03-14 07:20:15.000000000,39.760651289345454
2026-03-14 07:25:54.000000000,9.236735573245987
2026-03-14 07:23:02.000000000,52.55990599401916
2026-03-14 07:31:20.000000000,17.780226069761667
2026-03-14 07:49:29.000000000,22.686583117166407
2026-03-14 07:59:32.000000000,44.963178126390076
2026-03-14 07:35:27.000000000,22.102014678678724
2026-03-14 07:16:21.000000000,67.04437647009556
2026-03-14 07:17:31.000000000,43.76929440535901
2026-03-14 07:12:24.000000000,14.136097589716625
2026-03-14 08:26:16.000000000,11.401706136728485
2026-03-14 08:32:35.000000000,13.333716263523943
2026-03-14 08:46:18.000000000,15.315823912083305
2026-03-14 08:23:29.000000000,12.47971527929932
2026-03-14 08:56:14.000000000,6.69831354535651
2026-03-14 08:33:49.000000000,53.752385743250834
2026-03-14 08:51:33.000000000,23.494806313274506
2026-03-14 08:58:53.000000000,6.9095861588327425
2026-03-14 08:11:07.000000000,18.931307632110375
2026-03-14 08:21:29.000000000,16.885724628291424
2026-03-14 08:35:59.000000000,15.191100457744662
2026-03-14 08:34:26.000000000,20.281318125678556
2026-03-14 08:40:27.000000000,20.15623963355544
2026-03-14 09:41:26.000000000,33.70435658770384
2026-03-14 09:53:28.000000000,9.714818332228102
2026-03-14 09:51:08.000000000,17.174301067938433
2026-03-14 09:21:27.000000000,12.087699828817396
2026-03-14 09:50:16.000000000,16.604618163643558
2026-03-14 09:49:46.000000000,37.445887377267475
2026-03-14 09:36:48.000000000,27.43430450197784
2026-03-14 09:40:11.000000000,24.511076747606037
2026-03-14 09:27:07.000000000,15.19534098117525
2026-03-14 09:00:03.000000000,8.037391451582122
2026-03-14 09:35:57.000000000,54.38904654497598
2026-03-14 09:29:06.000000000,25.672708976341273
2026-03-14 09:26:43.000000000,21.432751248089872
2026-03-14 09:45:16.000000000,21.740609235981378
2026-03-14 09:39:34.000000000,29.984362694550423
2026-03-14 09:43:21.000000000,13.24062048943508
2026-03-14 09:12:29.000000000,13.189567891028167
2026-03-14 09:11:45.000000000,14.062641729096407
2026-03-14 09:13:13.000000000,10.892412996410933
2026-03-14 10:47:09.000000000,7.630349797109422
2026-03-14 10:01:45.000000000,11.532851945292844
2026-03-14 10:12:22.000000000,6.482663813200679
2026-03-14 10:17:12.000000000,14.126319631655475
2026-03-14 10:42:38.000000000,8.931842039938267
2026-03-14 10:54:53.000000000,17.730525469556923
2026-03-14 10:23:06.000000000,34.525095418633875
2026-03-14 10:08:26.000000000,15.072977908651161
2026-03-14 10:18:53.000000000,67.86016415686369
2026-03-14 10:24:56.000000000,8.202312202297447
2026-03-14 10:20:49.000000000,8.415555158278845
2026-03-14 11:19:28.000000000,8.852971941967132
2026-03-14 11:31:35.000000000,56.24890126937883
2026-03-14 11:46:27.000000000,33.07391376639167
2026-03-14 11:33:23.000000000,10.285431733112897
2026-03-14 11:42:46.000000000,21.67379538675122
2026-03-14 11:49:51.000000000,15.29432417797495
2026-03-14 11:47:55.000000000,17.855743381750067
2026-03-14 11:33:29.000000000,7.790454074907082
2026-03-14 11:48:50.000000000,15.963116248719812
2026-03-14 11:55:52.000000000,17.22106205851453
2026-03-14 12:28:24.000000000,14.356570082951578
2026-03-14 12:16:04.000000000,14.209006113086277
2026-03-14 12:33:04.000000000,17.253489167532546
2026-03-14 12:06:57.000000000,35.55487029697991
2026-03-14 12:27:36.000000000,13.963710039098878
2026-03-14 12:00:54.000000000,30.593972217189425
2026-03-14 12:32:03.000000000,22.296955215453817
2026-03-14 12:38:24.000000000,22.825755104135744
2026-03-14 12:44:57.000000000,13.081288197729426
2026-03-14 12:31:45.000000000,45.11208883231857
2026-03-14 12:37:45.000000000,19.42544357014636
2026-03-14 12:55:08.000000000,7.345490048865456
2026-03-14 12:56:30.000000000,59.21843462163893
2026-03-14 12:21:29.000000000,12.44909047865427
2026-03-14 13:03:49.000000000,6.842622604552563
2026-03-14 13:20:10.000000000,22.99773157148527
2026-03-14 13:23:09.000000000,11.646055065661328
2026-03-14 13:38:40.000000000,8.126423953343755
2026-03-14 13:58:11.000000000,55.84418147937246
2026-03-14 13:28:38.000000000,8.227971037007151
2026-03-14 13:50:02.000000000,40.05260809911404
2026-03-14 13:52:53.000000000,14.184740863605805
2026-03-14 13:03:49.000000000,25.49193905328641
2026-03-14 13:57:15.000000000,26.50815335396495
2026-03-14 13:36:51.000000000,25.836884555100905
2026-03-14 13:34:30.000000000,19.69970165290509
2026-03-14 13:17:10.000000000,13.12599061267584
2026-03-14 13:05:26.000000000,100.89907739302966
2026-03-14 13:33:22.000000000,16.12565735688108
2026-03-14 13:30:59.000000000,48.327327620955536
2026-03-14 13:23:38.000000000,10.787655534963042
2026-03-14 13:52:07.000000000,62.729587301912794
2026-03-14 13:10:55.000000000,17.764889400444403
2026-03-14 13:38:35.000000000,49.33406772655583
2026-03-14 13:47:22.000000000,61.90176379940033
2026-03-14 13:00:37.000000000,9.575518099716179
2026-03-14 13:58:07.000000000,142.20526620725914
2026-03-14 13:21:05.000000000,12.16517356595246
2026-03-14 13:11:44.000000000,16.847536551988167
2026-03-14 13:17:12.000000000,41.78160009679073
2026-03-14 13:18:12.000000000,12.08476484535989
2026-03-14 14:25:17.000000000,22.16332458626897
2026-03-14 14:24:28.000000000,32.43842712999421
2026-03-14 14:43:13.000000000,21.591405015207076
2026-03-14 14:37:42.000000000,17.220669364461898
2026-03-14 14:42:23.000000000,68.41869224361231
2026-03-14 14:36:50.000000000,27.974663334423937
2026-03-14 14:08:09.000000000,9.564805510725318
2026-03-14 14:34:42.000000000,49.686242202997455
2026-03-14 14:48:56.000000000,26.114246406776306
2026-03-14 14:45:05.000000000,36.93202575543393
2026-03-14 14:45:56.000000000,26.79732678920195
2026-03-14 14:17:41.000000000,24.999865077334174
2026-03-14 14:59:33.000000000,29.041125212339463
2026-03-14 14:42:10.000000000,8.136973936145242
2026-03-14 14:18:33.000000000,9.525888487292548
2026-03-14 14:35:02.000000000,59.81407261026139
2026-03-14 14:28:59.000000000,13.139941291519953
2026-03-14 14:53:26.000000000,13.002347198906993
2026-03-14 14:26:53.000000000,13.564970896473692
2026-03-14 14:55:21.000000000,18.593467608342706
2026-03-14 14:24:31.000000000,10.772633889605443
2026-03-14 15:12:43.000000000,41.48441767115685
2026-03-14 15:22:52.000000000,8.57943280430317
2026-03-14 15:34:38.000000000,6.846332151547238
2026-03-14 15:40:25.000000000,22.381207066532067
2026-03-14 15:57:25.000000000,11.6761542492477
2026-03-14 15:06:27.000000000,15.024151035414345
2026-03-14 15:19:27.000000000,54.809435296613294
2026-03-14 15:40:21.000000000,13.472790994933321
2026-03-14 15:51:18.000000000,9.658238135202534
2026-03-14 15:19:34.000000000,15.893096407627475
2026-03-14 15:21:18.000000000,18.57515262777232
2026-03-14 15:28:04.000000000,33.66123083225775
2026-03-14 15:05:48.000000000,15.187689163259705
2026-03-14 15:03:32.000000000,15.658739358579753
2026-03-14 15:56:59.000000000,27.805097486406577
2026-03-14 15:28:00.000000000,32.045305579569494
2026-03-14 15:39:59.000000000,8.18580425654464
2026-03-14 16:47:03.000000000,12.67480260919984
2026-03-14 16:30:20.000000000,10.897867451205434
2026-03-14 16:10:35.000000000,19.534587159254123
2026-03-14 16:05:11.000000000,11.25507856056709
2026-03-14 16:52:12.000000000,29.11800692697152
2026-03-14 16:50:20.000000000,22.85503883647367
2026-03-14 16:26:15.000000000,26.415220517090894
2026-03-14 16:33:37.000000000,10.848823648597271
2026-03-14 16:38:29.000000000,26.324655458285427
2026-03-14 16:41:41.000000000,13.967514858043716
2026-03-14 16:01:37.000000000,26.28755035639306
2026-03-14 16:04:08.000000000,15.20293282820514
2026-03-14 16:02:59.000000000,28.19226376702255
2026-03-14 16:26:11.000000000,15.91362610891452
2026-03-14 16:22:16.000000000,9.908384606985168
2026-03-14 16:22:09.000000000,25.481958539009437
2026-03-14 16:13:32.000000000,26.36683495333723
2026-03-14 17:14:22.000000000,39.84881463729833
2026-03-14 17:16:57.000000000,8.647215992773967
2026-03-14 17:30:33.000000000,11.647782914123152
2026-03-14 17:43:04.000000000,6.932687157412663
2026-03-14 17:15:06.000000000,24.42338927732527
2026-03-14 17:32:09.000000000,12.529451802473783
2026-03-14 17:11:58.000000000,67.44775918083658
2026-03-14 17:07:51.000000000,18.488898329111194
2026-03-14 17:24:13.000000000,51.659331775932515
2026-03-14 17:39:44.000000000,17.753447648801767
2026-03-14 17:38:22.000000000,15.883134187714429
2026-03-14 17:38:29.000000000,38.89899962655623
2026-03-14 17:35:12.000000000,11.335162871232509
2026-03-14 17:03:20.000000000,25.832066159049912
2026-03-14 17:04:13.000000000,5.955166876382839
2026-03-14 17:01:42.000000000,20.31785541203189
2026-03-14 17:10:59.000000000,17.867920345275486
2026-03-14 18:58:42.000000000,17.20164605122553
2026-03-14 18:18:22.000000000,23.750756839392754
2026-03-14 18:07:11.000000000,16.739693563879626
2026-03-14 18:34:50.000000000,39.57001711583784
2026-03-14 18:50:35.000000000,19.39356400199023
2026-03-14 18:37:37.000000000,11.453512015331464
2026-03-14 18:25:49.000000000,12.647376973816774
2026-03-14 18:58:53.000000000,61.61364482935
2026-03-14 18:07:31.000000000,38.149713911040344
2026-03-14 18:43:03.000000000,10.894291028076557
2026-03-14 18:07:19.000000000,26.776338517228027
2026-03-14 19:36:57.000000000,45.50556102138291
2026-03-14 19:31:36.000000000,6.890557155862095
2026-03-14 19:38:29.000000000,22.9348681971438
2026-03-14 19:23:16.000000000,15.925781748923251
2026-03-14 19:47:37.000000000,24.21948456382689
2026-03-14 19:32:14.000000000,18.648254117014098
2026-03-14 19:07:39.000000000,47.55947708450316
2026-03-14 19:57:37.000000000,13.093125782584211
2026-03-14 19:13:19.000000000,24.000175339168507
2026-03-14 19:07:37.000000000,60.98832794457355
2026-03-14 19:51:52.000000000,8.787194994431037
2026-03-14 19:15:25.000000000,43.35363019485583
2026-03-14 19:38:37.000000000,37.40863974675057
2026-03-14 19:46:38.000000000,18.71003565065971
2026-03-14 19:52:55.000000000,23.86395300148024
2026-03-14 19:31:30.000000000,31.576421921887963
2026-03-14 19:22:08.000000000,8.80288522573655
2026-03-14 20:17:07.000000000,20.534656922858968
2026-03-14 20:48:16.000000000,9.782174970571145
2026-03-14 20:29:42.000000000,8.862007326091964
2026-03-14 20:32:23.000000000,22.129179426348134
2026-03-14 20:01:26.000000000,12.992333987754265
2026-03-14 20:38:38.000000000,26.14222010642835
2026-03-14 20:18:24.000000000,17.247666994322877
2026-03-14 20:35:51.000000000,30.670440668981236
2026-03-14 20:27:36.000000000,11.508763894312775
2026-03-14 20:15:48.000000000,10.857000028955929
2026-03-14 20:26:19.000000000,43.62051635031923
2026-03-14 20:05:32.000000000,35.822530600227715
2026-03-14 20:07:14.000000000,32.61727072892269
2026-03-14 20:14:40.000000000,36.5845344196331
2026-03-14 20:44:52.000000000,12.41153732872176
2026-03-14 20:59:13.000000000,23.525470060508454
2026-03-14 20:35:29.000000000,15.28333427892132
2026-03-14 20:14:45.000000000,13.269617763732539
2026-03-14 20:31:26.000000000,11.837984487706006
2026-03-14 20:50:30.000000000,20.97657583488749
2026-03-14 20:36:36.000000000,7.440209934203433
2026-03-14 20:56:34.000000000,43.86165442927708
2026-03-14 20:19:08.000000000,36.82421756599115
2026-03-14 20:52:03.000000000,25.822124169732035
2026-03-14 21:02:32.000000000,14.181626403941047
2026-03-14 21:51:47.000000000,35.108114704841746
2026-03-14 21:37:38.000000000,24.507903006577155
2026-03-14 21:52:01.000000000,44.20463963005993
2026-03-14 21:03:03.000000000,12.93789386662742
2026-03-14 21:21:23.000000000,5.7100188869470925
2026-03-14 21:09:18.000000000,30.76141929689332
2026-03-14 21:58:22.000000000,31.442424092711178
2026-03-14 21:26:12.000000000,11.643433546610632
2026-03-14 21:56:29.000000000,56.02875039364179
2026-03-14 21:46:57.000000000,9.699397381565216
2026-03-14 21:32:09.000000000,24.330384705005116
2026-03-14 21:29:20.000000000,10.51062469830454
2026-03-14 21:49:32.000000000,26.76755564382883
2026-03-14 21:23:04.000000000,52.02936448817629
2026-03-14 21:42:35.000000000,28.30640411376129
2026-03-14 21:23:42.000000000,30.58976997596737
2026-03-14 21:18:38.000000000,18.31552843333731
2026-03-14 21:18:19.000000000,12.510712925444535
2026-03-14 21:08:51.000000000,19.02749058784717
2026-03-14 22:57:58.000000000,5.777970011056205
2026-03-14 22:19:06.000000000,18.807957535913324
2026-03-14 22:10:03.000000000,19.375713306214113
2026-03-14 22:41:53.000000000,42.2764048516505
2026-03-14 22:54:19.000000000,9.608054472438956
2026-03-14 22:28:28.000000000,12.647540267651692
2026-03-14 22:17:29.000000000,11.594663674759941
2026-03-14 22:25:47.000000000,16.24832732151059
2026-03-14 22:51:17.000000000,40.19930037174692
2026-03-14 22:18:59.000000000,16.1220086543488
2026-03-14 22:48:58.000000000,6.1209861752349815
2026-03-14 22:27:00.000000000,18.562629907484823
2026-03-14 22:26:30.000000000,16.277875333842925
2026-03-14 22:41:09.000000000,46.05115769745306
2026-03-14 22:31:56.000000000,26.67033909488911
2026-03-14 22:27:42.000000000,30.354924410092945
2026-03-14 22:38:35.000000000,7.884226576819274
2026-03-14 22:54:01.000000000,59.16802291062213
2026-03-14 22:04:10.000000000,52.832307410626946
2026-03-14 23:34:40.000000000,13.530288170216776
2026-03-14 23:22:43.000000000,19.65595231511229
2026-03-14 23:03:26.000000000,104.43721950653159
2026-03-14 23:01:29.000000000,117.30444326944526
2026-03-14 23:35:45.000000000,22.677180615616955
2026-03-14 23:37:45.000000000,19.001235967576754
2026-03-14 23:39:27.000000000,150.77410003671474
2026-03-14 23:08:29.000000000,20.66958249244871
2026-03-14 23:31:22.000000000,22.25635274676
2026-03-14 23:30:17.000000000,61.53891551543994
2026-03-14 23:37:02.000000000,10.665448516165762
2026-03-14 23:06:44.000000000,22.64295030172612
2026-03-14 23:21:34.000000000,9.299434697017297
2026-03-14 23:00:21.000000000,14.178458091786478
2026-03-14 23:03:13.000000000,6.2116245313336105
2026-03-14 23:42:23.000000000,26.42993084905412
2026-03-14 23:16:30.000000000,13.951322284464673
2026-03-14 23:37:13.000000000,15.012929322917937
2026-03-14 23:46:28.000000000,22.898528345963562
2026-03-14 23:49:22.000000000,8.187444431420174
2026-03-14 23:10:48.000000000,24.232778732774207
2026-03-15 00:00:39.000000000,15.17872086680272
2026-03-15 00:26:45.000000000,16.003807749517264
2026-03-15 00:42:40.000000000,30.30095835184195
2026-03-15 00:58:32.000000000,28.666395058333112
2026-03-15 00:14:57.000000000,35.15781153291974
2026-03-15 00:51:09.000000000,46.99083152610218
2026-03-15 00:40:03.000000000,35.94823285538379
2026-03-15 00:22:57.000000000,20.053590587667706
2026-03-15 00:51:13.000000000,11.651156930092577
2026-03-15 00:11:17.000000000,38.89480770486872
2026-03-15 00:34:31.000000000,7.337008123196972
2026-03-15 00:45:45.000000000,39.98884416684952
2026-03-15 00:40:14.000000000,23.87446791025941
2026-03-15 00:28:10.000000000,9.11410306928557
2026-03-15 01:26:27.000000000,27.844016019385183
2026-03-15 01:18:35.000000000,11.785997084621766
2026-03-15 01:45:35.000000000,13.261603167755885
2026-03-15 01:14:09.000000000,24.89546906714304
2026-03-15 01:00:08.000000000,9.891341232279544
2026-03-15 01:06:04.000000000,26.228839417771205
2026-03-15 01:15:49.000000000,47.995386812687215
2026-03-15 01:40:19.000000000,46.26167733970943
2026-03-15 01:52:19.000000000,14.539683820628818
2026-03-15 02:09:49.000000000,13.180235489049213
2026-03-15 02:46:46.000000000,28.938097008181245
2026-03-15 02:05:25.000000000,42.87516894541169
2026-03-15 02:11:09.000000000,7.939693010136296
2026-03-15 02:17:48.000000000,36.43273838758392
2026-03-15 02:05:25.000000000,28.68671299707066
2026-03-15 02:12:04.000000000,27.31905689541499
2026-03-15 02:14:11.000000000,22.100666656904206
2026-03-15 02:51:10.000000000,9.581672912423777
2026-03-15 02:41:42.000000000,8.16650002490201
2026-03-15 02:18:30.000000000,40.45255346021611
2026-03-15 02:56:14.000000000,16.46975627991425
2026-03-15 02:42:39.000000000,49.54186146420606
2026-03-15 02:54:43.000000000,9.81951938227943
2026-03-15 03:19:37.000000000,33.71357387132197
2026-03-15 03:20:27.000000000,9.573997957306174
2026-03-15 03:46:29.000000000,16.78994690808664
2026-03-15 03:16:07.000000000,8.54178821838275
2026-03-15 03:14:45.000000000,9.670985217588605
2026-03-15 03:23:32.000000000,25.356463883591093
2026-03-15 03:01:41.000000000,15.909125871191215
2026-03-15 04:37:21.000000000,45.341576597256214
2026-03-15 04:19:25.000000000,37.40395415724938
2026-03-15 05:11:00.000000000,71.39699250130518
2026-03-15 05:15:55.000000000,50.602262155302164
2026-03-15 06:04:49.000000000,27.370179217706465
2026-03-15 06:53:08.000000000,133.24697703305714
2026-03-15 06:28:38.000000000,36.9341927419583
2026-03-15 06:21:47.000000000,24.573503709661843
2026-03-15 06:11:52.000000000,10.240466864885038
2026-03-15 06:32:17.000000000,86.57754745807287
2026-03-15 06:42:53.000000000,26.476360436464848
2026-03-15 06:39:00.000000000,31.412699266706827
2026-03-15 06:32:58.000000000,13.199765743181551
2026-03-15 06:40:33.000000000,33.47241430703307
2026-03-15 07:42:50.000000000,22.9299926093469
2026-03-15 07:39:37.000000000,16.959601586297
2026-03-15 07:55:40.000000000,8.80752312385759
2026-03-15 08:54:54.000000000,8.773970880307791
2026-03-15 08:07:35.000000000,10.740555070544506
2026-03-15 08:39:03.000000000,28.828565881324693
2026-03-15 08:51:27.000000000,26.8234088960258
2026-03-15 08:22:54.000000000,21.77336238935558
2026-03-15 08:38:41.000000000,91.20846268413561
2026-03-15 08:16:44.000000000,16.17682511740945
2026-03-15 08:52:24.000000000,5.742849112920895
2026-03-15 08:08:49.000000000,23.543874178110908
2026-03-15 08:57:29.000000000,5.629094956044093
2026-03-15 08:59:31.000000000,12.422372587089628
2026-03-15 08:51:50.000000000,21.19964998266433
2026-03-15 08:32:34.000000000,49.36534484009779
2026-03-15 08:30:55.000000000,27.33713509008969
2026-03-15 09:55:59.000000000,6.835519026113052
2026-03-15 09:17:49.000000000,15.115957518689513
2026-03-15 09:29:22.000000000,11.022887711198111
2026-03-15 09:01:06.000000000,85.7341600469608
2026-03-15 09:47:41.000000000,15.161169192007899
2026-03-15 09:59:24.000000000,14.908682293704649
2026-03-15 09:20:43.000000000,18.57152999291822
2026-03-15 09:32:02.000000000,18.460462114398794
2026-03-15 09:03:01.000000000,14.31346098027716
2026-03-15 09:49:08.000000000,18.679613523426337
2026-03-15 09:46:57.000000000,11.216191175540084
2026-03-15 09:46:27.000000000,13.997364909062746
2026-03-15 09:10:45.000000000,19.683565054992425
2026-03-15 09:17:47.000000000,57.07897151378917
2026-03-15 09:54:40.000000000,21.902234961742916
2026-03-15 10:29:40.000000000,11.715912748182177
2026-03-15 10:31:01.000000000,13.070184947414672
2026-03-15 10:58:28.000000000,8.929300451813544
2026-03-15 10:34:16.000000000,30.539069426543712
2026-03-15 10:41:43.000000000,13.007177411468858
2026-03-15 10:50:46.000000000,15.26358298170908
2026-03-15 10:50:07.000000000,10.729919294396414
2026-03-15 10:55:07.000000000,10.832356597150161
2026-03-15 10:00:44.000000000,5.251532582602861
2026-03-15 10:38:03.000000000,16.490980742234804
2026-03-15 10:53:08.000000000,36.02907619485119
2026-03-15 10:46:03.000000000,21.208723702429825
2026-03-15 10:32:26.000000000,24.971035546054107
2026-03-15 10:38:18.000000000,10.211005925076911
2026-03-15 10:22:13.000000000,20.233381781982704
2026-03-15 11:55:48.000000000,10.905282742447252
2026-03-15 11:04:46.000000000,18.01212347841062
2026-03-15 11:26:13.000000000,73.27144060232148
2026-03-15 11:49:01.000000000,17.929045180679772
2026-03-15 11:10:06.000000000,19.607886320693172
2026-03-15 11:54:34.000000000,50.20255923147921
2026-03-15 11:11:55.000000000,50.514944540568926
2026-03-15 11:52:49.000000000,17.77086489746967
2026-03-15 11:18:47.000000000,23.3640875666246
2026-03-15 11:17:05.000000000,11.682887513749508
2026-03-15 12:03:25.000000000,9.658896200458852
2026-03-15 12:06:36.000000000,9.758886400375173
2026-03-15 12:33:27.000000000,8.127535270457814
2026-03-15 12:56:18.000000000,17.91287362848412
2026-03-15 12:03:33.000000000,34.07570376704201
2026-03-15 12:04:26.000000000,8.970170010278535
2026-03-15 12:57:18.000000000,34.105721074050486
2026-03-15 12:07:59.000000000,36.79537923763935
2026-03-15 12:49:58.000000000,14.601306472842506
2026-03-15 12:52:13.000000000,11.209793125384097
2026-03-15 12:54:37.000000000,10.220656452747901
2026-03-15 12:41:57.000000000,38.83663724106277
2026-03-15 12:26:52.000000000,14.690454296886397
2026-03-15 12:11:05.000000000,20.01443622100167
2026-03-15 12:07:17.000000000,31.301032285080826
2026-03-15 12:18:29.000000000,21.64684743520843
2026-03-15 12:59:28.000000000,20.843297202163004
2026-03-15 12:40:33.000000000,32.50395080797215
2026-03-15 13:35:40.000000000,8.930538668845788
2026-03-15 13:23:12.000000000,69.78364443203493
2026-03-15 13:45:59.000000000,152.9011788937877
2026-03-15 13:07:21.000000000,14.073283096671007
2026-03-15 13:00:04.000000000,63.18432492936185
2026-03-15 13:15:44.000000000,31.887676941856615
2026-03-15 13:09:29.000000000,11.62185026341569
2026-03-15 13:07:33.000000000,21.84164090338651
2026-03-15 13:23:57.000000000,24.94990785025406
2026-03-15 13:33:16.000000000,15.14712730481465
2026-03-15 13:50:06.000000000,12.438760932222058
2026-03-15 13:04:25.000000000,98.63258619492989
2026-03-15 13:03:15.000000000,11.633374498807251
2026-03-15 13:42:52.000000000,48.681732958031915
2026-03-15 13:33:18.000000000,41.57473275228144
2026-03-15 13:58:05.000000000,50.10274797428941
2026-03-15 13:33:30.000000000,6.5652989395344035
2026-03-15 13:48:53.000000000,30.168168076116874
2026-03-15 13:29:00.000000000,18.489855921795023
2026-03-15 14:01:54.000000000,7.556712357282678
2026-03-15 14:05:36.000000000,38.45374059147279
2026-03-15 14:38:11.000000000,13.046624784637135
2026-03-15 14:28:27.000000000,25.884868509333657
2026-03-15 14:00:43.000000000,10.825201698147637
2026-03-15 14:36:24.000000000,11.374736970728769
2026-03-15 14:23:44.000000000,8.768996658009291
2026-03-15 14:23:26.000000000,11.305576430136208
2026-03-15 14:47:11.000000000,22.12262110578716
2026-03-15 14:34:23.000000000,31.51181693345685
2026-03-15 14:58:46.000000000,14.049565066515584
2026-03-15 14:29:46.000000000,13.544141914527302
2026-03-15 14:58:28.000000000,41.787129837221975
2026-03-15 14:03:00.000000000,8.78777771353318
2026-03-15 14:43:14.000000000,71.80089341832296
2026-03-15 15:06:50.000000000,12.432492086228716
2026-03-15 15:51:41.000000000,52.18271938933911
2026-03-15 15:53:40.000000000,17.053561856378398
2026-03-15 15:38:41.000000000,31.008217944967118
2026-03-15 15:19:21.000000000,8.950789925066475
2026-03-15 15:43:22.000000000,24.2847903105435
2026-03-15 15:22:27.000000000,10.586442885971545
2026-03-15 15:48:57.000000000,42.142379395248014
2026-03-15 15:20:33.000000000,15.85187954183635
2026-03-15 15:37:23.000000000,41.52877130169153
2026-03-15 15:57:16.000000000,17.986556378856868
2026-03-15 15:08:54.000000000,16.79593066738004
2026-03-15 15:08:22.000000000,29.889613792228264
2026-03-15 15:26:21.000000000,48.95549139214226
2026-03-15 15:06:11.000000000,15.115957518689513
2026-03-15 15:48:24.000000000,19.880863146563733
2026-03-15 15:44:22.000000000,12.481580058917888
2026-03-15 16:29:58.000000000,23.25819514777954
2026-03-15 16:10:38.000000000,9.351574575477892
2026-03-15 16:22:40.000000000,10.497851058114655
2026-03-15 16:15:38.000000000,17.88546944269188
2026-03-15 16:01:07.000000000,10.462349579278573
2026-03-15 16:53:48.000000000,48.69174074613064
2026-03-15 16:06:13.000000000,15.912549370544316
2026-03-15 16:50:26.000000000,11.646397310701753
2026-03-15 16:40:45.000000000,26.386548934443038
2026-03-15 16:42:17.000000000,106.18760340083679
2026-03-15 16:08:55.000000000,26.592810220470415
2026-03-15 16:50:01.000000000,62.96112023614082
2026-03-15 16:34:30.000000000,7.952645182326792
2026-03-15 16:15:14.000000000,88.6223534893837
2026-03-15 16:26:46.000000000,21.43762797723918
2026-03-15 16:53:39.000000000,22.17680433201703
2026-03-15 16:25:04.000000000,91.26410542284113
2026-03-15 17:53:03.000000000,48.317885899915225
2026-03-15 17:40:24.000000000,17.03489707786333
2026-03-15 17:36:57.000000000,10.859261756841265
2026-03-15 17:06:34.000000000,73.02355874928425
2026-03-15 17:29:22.000000000,16.597261736790905
2026-03-15 17:04:19.000000000,335.8511452417361
2026-03-15 17:46:22.000000000,9.781325095818405
2026-03-15 17:53:54.000000000,15.622236019384298
2026-03-15 17:52:22.000000000,14.344274681058854
2026-03-15 17:04:29.000000000,27.711278518040228
2026-03-15 17:31:37.000000000,23.29299957013154
2026-03-15 17:51:28.000000000,14.53741707013147
2026-03-15 17:49:22.000000000,13.57687039373047
2026-03-15 17:18:24.000000000,84.96124866689827
2026-03-15 17:22:52.000000000,20.786931282596086
2026-03-15 17:12:32.000000000,9.63267400202124
2026-03-15 18:09:51.000000000,7.323693609029318
2026-03-15 18:25:07.000000000,33.99158910702937
2026-03-15 18:37:05.000000000,11.191482312745388
2026-03-15 18:59:26.000000000,34.327146587961735
2026-03-15 18:04:57.000000000,24.745600552379415
2026-03-15 18:19:47.000000000,20.145059425079495
2026-03-15 18:19:21.000000000,6.832754878997942
2026-03-15 18:46:36.000000000,6.405026745322141
2026-03-15 18:32:30.000000000,9.309686535308565
2026-03-15 18:29:02.000000000,6.66132014052802
2026-03-15 18:37:56.000000000,17.89665827445665
2026-03-15 18:11:36.000000000,21.086390705417138
2026-03-15 18:56:25.000000000,28.09978332606162
2026-03-15 18:26:33.000000000,26.870495217665596
2026-03-15 18:16:34.000000000,18.07940119723186
2026-03-15 18:00:30.000000000,30.84757171299391
2026-03-15 18:58:10.000000000,58.30172332830227
2026-03-15 18:49:59.000000000,19.400123911868413
2026-03-15 18:21:07.000000000,16.61624321885696
2026-03-15 18:15:54.000000000,12.362395115207473
2026-03-15 18:14:21.000000000,39.03518790183297
2026-03-15 18:48:06.000000000,17.708713696928708
2026-03-15 18:32:15.000000000,22.96520445224477
2026-03-15 18:34:35.000000000,10.188136417733826
2026-03-15 19:02:02.000000000,9.344490023635954
2026-03-15 19:58:03.000000000,7.31373031434783
2026-03-15 19:39:01.000000000,41.82372772384279
2026-03-15 19:47:04.000000000,18.845992759869958
2026-03-15 19:52:03.000000000,11.986264706842883
2026-03-15 19:01:33.000000000,18.595399808649447
2026-03-15 19:12:30.000000000,60.319973094806336
2026-03-15 19:48:56.000000000,24.430558894719034
2026-03-15 19:25:05.000000000,20.163167513455395
2026-03-15 19:01:06.000000000,80.90652593327172
2026-03-15 19:24:43.000000000,25.336357783620056
2026-03-15 19:22:53.000000000,6.724988381816769
2026-03-15 19:53:22.000000000,15.341861617341237
2026-03-15 19:06:19.000000000,7.852938928866828
2026-03-15 19:52:04.000000000,47.63434794928523
2026-03-15 19:50:10.000000000,20.49150930628371
2026-03-15 19:22:56.000000000,15.916441591936174
2026-03-15 19:00:28.000000000,24.294839861623448
2026-03-15 19:53:56.000000000,25.851764411753688
2026-03-15 20:33:52.000000000,12.441889442178738
2026-03-15 20:09:08.000000000,19.437602047766216
2026-03-15 20:09:21.000000000,65.60284236772468
2026-03-15 20:19:27.000000000,36.47184290444589
2026-03-15 20:14:28.000000000,43.09870605965888
2026-03-15 20:51:09.000000000,17.747416880491286
2026-03-15 20:48:02.000000000,21.290527007696344
2026-03-15 20:39:59.000000000,8.968213246520031
2026-03-15 20:56:56.000000000,9.71131400838942
2026-03-15 20:54:30.000000000,44.42433439108772
2026-03-15 20:17:35.000000000,11.638041607123201
2026-03-15 20:18:15.000000000,10.02105037684705
2026-03-15 20:42:54.000000000,46.07307292285765
2026-03-15 20:07:10.000000000,30.093536105226942
2026-03-15 20:26:09.000000000,8.93203547422717
2026-03-15 20:02:34.000000000,14.094703995291082
2026-03-15 20:53:11.000000000,36.47610257661104
2026-03-15 21:36:11.000000000,9.807665187681495
2026-03-15 21:59:20.000000000,20.173301111273652
2026-03-15 21:11:46.000000000,63.544562679974824
2026-03-15 21:20:25.000000000,9.438106958688167
2026-03-15 21:22:54.000000000,9.172780236319921
2026-03-15 21:12:11.000000000,7.973367042347594
2026-03-15 21:26:57.000000000,9.3422787737807
2026-03-15 21:12:18.000000000,8.185410675614648
2026-03-15 21:32:23.000000000,10.232718161699447
2026-03-15 21:31:16.000000000,11.27041497315678
2026-03-15 21:12:20.000000000,18.632820754098603
2026-03-15 22:49:39.000000000,25.89570518487026
2026-03-15 22:30:38.000000000,10.663488022426554
2026-03-15 22:36:22.000000000,10.90376518831594
2026-03-15 22:49:24.000000000,19.986564086608148
2026-03-15 22:25:50.000000000,56.82430518612837
2026-03-15 22:09:19.000000000,9.66979624249946
2026-03-15 22:06:49.000000000,44.61471374192188
2026-03-15 22:04:54.000000000,28.41324943648964
2026-03-15 22:19:11.000000000,8.977450947905323
2026-03-15 22:15:48.000000000,16.58466630159266
2026-03-15 22:44:50.000000000,33.90329407599726
2026-03-15 22:46:25.000000000,13.401586920778186
2026-03-15 22:41:23.000000000,23.275313513130552
2026-03-15 23:29:35.000000000,6.178406446292611
2026-03-15 23:50:05.000000000,11.662823409871244
2026-03-15 23:59:55.000000000,22.000523170761237
2026-03-15 23:05:12.000000000,6.114053298656407
2026-03-15 23:44:47.000000000,15.974262624540833
2026-03-15 23:56:43.000000000,16.020369972304653
2026-03-15 23:49:37.000000000,20.479418342022665
2026-03-15 23:23:34.000000000,10.830601586874462
2026-03-15 23:32:45.000000000,12.343523314915668
2026-03-15 23:33:36.000000000,32.05768411717175
2026-03-15 23:04:04.000000000,25.69338002615631
2026-03-15 23:35:53.000000000,29.486646360506903
2026-03-15 23:00:46.000000000,85.77181924872835
2026-03-15 23:16:04.000000000,14.354992925704943
2026-03-15 23:21:56.000000000,8.86062517176692
2026-03-16 00:54:17.000000000,51.07503810463449
2026-03-16 00:02:40.000000000,26.62900531259964
2026-03-16 00:25:26.000000000,11.558390756164485
2026-03-16 00:20:12.000000000,17.63980810233761
2026-03-16 00:24:48.000000000,31.3180554344737
2026-03-16 00:55:47.000000000,86.29386496644301
2026-03-16 00:28:25.000000000,30.930102432724382
2026-03-16 00:40:27.000000000,13.992142781051207
2026-03-16 01:03:11.000000000,29.20740539755621
2026-03-16 01:20:04.000000000,7.83180024494443
2026-03-16 01:06:18.000000000,10.63998899173322
2026-03-16 02:17:56.000000000,13.848136187958886
2026-03-16 02:50:27.000000000,22.052155322509183
2026-03-16 02:11:42.000000000,12.31063064638707
2026-03-16 02:25:12.000000000,28.671908087552765
2026-03-16 02:27:29.000000000,10.5273700705656
2026-03-16 03:32:10.000000000,8.744487302774376
2026-03-16 03:00:39.000000000,12.596074648207384
2026-03-16 03:36:59.000000000,53.724021538765946
2026-03-16 03:08:11.000000000,39.049601949971745
2026-03-16 04:15:44.000000000,81.16476046206124
2026-03-16 05:35:03.000000000,55.88121904779811
2026-03-16 05:58:00.000000000,32.69611821544122
2026-03-16 05:07:48.000000000,103.04248169205849
2026-03-16 05:00:45.000000000,17.893223792280473
2026-03-16 05:22:22.000000000,80.41937880166668
2026-03-16 05:47:08.000000000,18.214600190366003
2026-03-16 05:02:17.000000000,54.02457888798975
2026-03-16 05:52:53.000000000,8.938922927107155
2026-03-16 06:59:19.000000000,10.656817027373279
2026-03-16 06:00:10.000000000,20.057660224809133
2026-03-16 06:58:53.000000000,19.986168353261554
2026-03-16 06:27:24.000000000,15.197637268158427
2026-03-16 06:02:02.000000000,16.73364134509114
2026-03-16 06:16:11.000000000,22.686825434617763
2026-03-16 06:46:53.000000000,103.64180881489001
2026-03-16 06:37:02.000000000,32.976807987939424
2026-03-16 06:26:49.000000000,61.07353916491866
2026-03-16 07:15:10.000000000,47.067957035565925
2026-03-16 07:13:07.000000000,8.083847849415577
2026-03-16 07:53:32.000000000,20.208445108566604
2026-03-16 07:09:23.000000000,9.714484722954154
2026-03-16 07:21:27.000000000,17.745129503366528
2026-03-16 07:05:43.000000000,6.125738517732261
2026-03-16 07:54:22.000000000,44.314466051033776
2026-03-16 07:19:16.000000000,17.595813443918537
2026-03-16 07:25:36.000000000,16.283588241879208
2026-03-16 07:32:55.000000000,29.530742206358624
2026-03-16 07:34:50.000000000,248.36479982475643
2026-03-16 07:14:38.000000000,15.135222860901486
2026-03-16 07:55:40.000000000,48.92376498013159
2026-03-16 07:08:09.000000000,8.223727943884441
2026-03-16 07:53:53.000000000,25.719283573456106
2026-03-16 07:49:54.000000000,40.59613943106915
2026-03-16 07:23:15.000000000,14.082956911570497
2026-03-16 07:56:14.000000000,17.14766680411804
2026-03-16 07:27:29.000000000,10.104649466781483
2026-03-16 07:50:44.000000000,15.930683551493926
2026-03-16 08:44:57.000000000,12.57204605603998
2026-03-16 08:56:55.000000000,22.048845146221105
2026-03-16 08:02:56.000000000,59.40263923285563
2026-03-16 08:06:10.000000000,23.503107505827817
2026-03-16 08:45:01.000000000,11.505662369733567
2026-03-16 08:42:25.000000000,21.550197435064447
2026-03-16 08:19:35.000000000,15.956598375701855
2026-03-16 08:03:27.000000000,6.718952095941881
2026-03-16 08:56:24.000000000,12.439557145813199
2026-03-16 08:11:42.000000000,39.72188010467795
2026-03-16 08:38:38.000000000,23.898219611968194
2026-03-16 08:42:10.000000000,21.602079059663946
2026-03-16 08:10:06.000000000,16.477810282735007
2026-03-16 08:00:42.000000000,20.722795038674363
2026-03-16 08:49:37.000000000,6.6663819048835595
2026-03-16 08:37:01.000000000,9.766948738447173
2026-03-16 08:04:10.000000000,14.988058354663904
2026-03-16 08:35:59.000000000,59.18953985674067
2026-03-16 08:06:43.000000000,37.8019342088574
2026-03-16 08:42:15.000000000,15.926955411607777
2026-03-16 08:56:39.000000000,24.377572931087226
2026-03-16 08:29:49.000000000,9.074744790647523
2026-03-16 09:26:53.000000000,32.69611821544122
2026-03-16 09:42:38.000000000,27.63416451576407
2026-03-16 09:10:12.000000000,80.20998005028268
2026-03-16 09:49:45.000000000,6.6976959545983155
2026-03-16 09:52:42.000000000,24.26280337199135
2026-03-16 09:52:59.000000000,14.469950129288412
2026-03-16 09:33:40.000000000,19.697950581341402
2026-03-16 09:03:46.000000000,12.196468865519332
2026-03-16 09:33:38.000000000,6.134972518310874
2026-03-16 09:17:25.000000000,27.351711437914936
2026-03-16 09:02:16.000000000,10.258350733803082
2026-03-16 09:24:07.000000000,51.42310951486351
2026-03-16 09:45:03.000000000,29.26018856005494
2026-03-16 09:39:48.000000000,8.380474681987621
2026-03-16 09:30:00.000000000,22.138152992808198
2026-03-16 09:00:38.000000000,8.600450368505744
2026-03-16 09:51:45.000000000,16.630004887072584
2026-03-16 09:52:22.000000000,34.18263804788418
2026-03-16 09:13:30.000000000,18.389047318731894
2026-03-16 09:18:41.000000000,23.334586753931024
2026-03-16 10:38:03.000000000,23.30426474615088
2026-03-16 10:37:24.000000000,30.464668199072772
2026-03-16 10:59:07.000000000,15.936848783687358
2026-03-16 10:21:13.000000000,9.005494197773574
2026-03-16 10:10:36.000000000,41.57566268365265
2026-03-16 10:23:33.000000000,7.880399104766069
2026-03-16 10:55:59.000000000,16.587458253523327
2026-03-16 10:57:41.000000000,42.557881315596724
2026-03-16 10:00:28.000000000,10.901530131593617
2026-03-16 10:18:28.000000000,11.083591036911201
2026-03-16 10:11:39.000000000,31.045356267612505
2026-03-16 10:21:08.000000000,37.137045911951446
2026-03-16 10:21:13.000000000,23.1182767023696
2026-03-16 10:58:48.000000000,68.02926736460007
2026-03-16 10:56:44.000000000,16.151089181698264
2026-03-16 10:43:51.000000000,10.368386855352082
2026-03-16 10:07:54.000000000,24.565586372522855
2026-03-16 10:12:08.000000000,21.123906950039892
2026-03-16 11:29:21.000000000,12.199479591212977
2026-03-16 11:40:58.000000000,13.746133798731329
2026-03-16 11:21:35.000000000,8.205312739594868
2026-03-16 11:18:58.000000000,35.12276819838456
2026-03-16 11:37:34.000000000,9.911280387793392
2026-03-16 11:56:39.000000000,16.468485288334445
2026-03-16 11:32:46.000000000,20.942958333370722
2026-03-16 11:46:55.000000000,29.800370148999324
2026-03-16 11:25:33.000000000,48.794740257927735
2026-03-16 11:00:28.000000000,13.966517089508757
2026-03-16 12:57:04.000000000,32.00227260372384
2026-03-16 12:12:20.000000000,10.27862265820592
2026-03-16 12:42:24.000000000,7.7374418325578125
2026-03-16 12:35:18.000000000,27.811007712858753
2026-03-16 12:37:32.000000000,40.85042382772186
2026-03-16 12:43:43.000000000,15.98224519573741
2026-03-16 12:03:04.000000000,20.95335335424648
2026-03-16 12:35:51.000000000,20.780999580437495
2026-03-16 12:16:38.000000000,109.48326576648947
2026-03-16 12:51:41.000000000,6.096162884498886
2026-03-16 12:19:42.000000000,11.654891249385619
2026-03-16 12:19:36.000000000,9.988774031032076
2026-03-16 12:16:55.000000000,22.888398149909705
2026-03-16 12:40:44.000000000,19.886660179545945
2026-03-16 12:53:41.000000000,9.62753335650275
2026-03-16 12:17:28.000000000,48.14344320025505
2026-03-16 12:58:19.000000000,6.561033384569275
2026-03-16 12:11:33.000000000,89.80678261725595
2026-03-16 12:46:03.000000000,6.3992201217733795
2026-03-16 13:41:34.000000000,17.07573151862643
2026-03-16 13:25:02.000000000,18.61593328405222
2026-03-16 13:54:37.000000000,22.666774866435798
2026-03-16 13:37:28.000000000,80.10012430272504
2026-03-16 13:50:02.000000000,12.426416494724553
2026-03-16 13:03:47.000000000,14.759179023112809
2026-03-16 13:25:16.000000000,11.303094077102731
2026-03-16 13:23:36.000000000,18.105335396933622
2026-03-16 13:05:24.000000000,11.4867315073829
2026-03-16 13:09:52.000000000,11.497289059423663
2026-03-16 14:53:25.000000000,18.521568015357854
2026-03-16 14:02:43.000000000,8.655006086814453
2026-03-16 14:01:10.000000000,54.04291834949248
2026-03-16 14:59:04.000000000,21.19318200547302
2026-03-16 14:22:06.000000000,20.73214536426508
2026-03-16 14:33:27.000000000,15.93684813665946
2026-03-16 14:49:13.000000000,46.74497851014687
2026-03-16 14:15:51.000000000,107.34253411831175
2026-03-16 14:06:35.000000000,7.333052561002697
2026-03-16 14:07:08.000000000,26.362090246107122
2026-03-16 14:02:39.000000000,11.666468217765608
2026-03-16 14:51:12.000000000,22.027984421792844
2026-03-16 14:37:25.000000000,14.762493935771408
2026-03-16 15:26:05.000000000,18.05183731058193
2026-03-16 15:40:43.000000000,18.92129197357202
2026-03-16 15:01:30.000000000,7.4688299219795375
2026-03-16 15:09:34.000000000,17.23456514653795
2026-03-16 15:07:59.000000000,11.321836643617631
2026-03-16 15:40:19.000000000,46.93791285082368
2026-03-16 15:33:47.000000000,20.713708621344626
2026-03-16 15:59:01.000000000,8.677560678233851
2026-03-16 15:08:05.000000000,10.910344596885537
2026-03-16 15:13:54.000000000,16.8950470243652
2026-03-16 15:08:10.000000000,48.439311863540766
2026-03-16 15:59:45.000000000,67.66374146697596
2026-03-16 16:16:23.000000000,19.860913151406866
2026-03-16 16:51:33.000000000,11.205270776853274
2026-03-16 16:45:06.000000000,17.74948545193193
2026-03-16 16:07:13.000000000,20.612568148284872
2026-03-16 16:54:44.000000000,7.928522631969759
2026-03-16 16:37:28.000000000,22.86407859992427
2026-03-16 16:50:10.000000000,9.679191110992242
2026-03-16 16:51:27.000000000,11.714783007011441
2026-03-16 16:31:46.000000000,192.69702910789925
2026-03-16 16:34:59.000000000,32.613737202829554
2026-03-16 16:04:19.000000000,22.81016992439845
2026-03-16 16:02:19.000000000,16.23670938253569
2026-03-16 16:25:53.000000000,23.006881161846003
2026-03-16 16:22:34.000000000,11.562501426798887
2026-03-16 16:41:27.000000000,59.613017265270265
2026-03-16 16:57:09.000000000,6.708387247403923
2026-03-16 16:18:53.000000000,8.073822845635913
2026-03-16 17:41:33.000000000,26.444298737554
2026-03-16 17:26:16.000000000,19.911680929220964
2026-03-16 17:26:37.000000000,34.497224498019456
2026-03-16 17:29:40.000000000,6.705791713726182
2026-03-16 17:26:36.000000000,14.421119908035479
2026-03-16 17:15:49.000000000,15.547091029251716
2026-03-16 17:10:08.000000000,18.583233906634725
2026-03-16 17:19:00.000000000,78.40188603921483
2026-03-16 17:19:37.000000000,27.725402024988355
2026-03-16 17:06:29.000000000,16.714722954935258
2026-03-16 17:05:41.000000000,24.085187608729562
2026-03-16 17:55:18.000000000,32.165400968696055
2026-03-16 17:15:44.000000000,17.774053899024945
2026-03-16 17:57:35.000000000,14.90071272029087
2026-03-16 17:06:09.000000000,9.739524826579558
2026-03-16 17:46:06.000000000,23.637447589623687
2026-03-16 17:12:57.000000000,46.92132765400353
2026-03-16 17:20:22.000000000,26.333560117862735
2026-03-16 17:36:53.000000000,17.72988365657697
2026-03-16 17:22:25.000000000,15.966263774590795
2026-03-16 17:02:37.000000000,16.514341585880675
2026-03-16 17:17:03.000000000,12.259348954784638
2026-03-16 17:47:52.000000000,11.320860309921578
2026-03-16 17:07:22.000000000,21.70781170223374
2026-03-16 17:16:45.000000000,8.17018228461643
2026-03-16 17:35:48.000000000,15.185081701591978
2026-03-16 17:05:53.000000000,23.821047115603264
2026-03-16 17:38:47.000000000,8.495787411642548
2026-03-16 17:55:54.000000000,26.718852556214834
2026-03-16 17:33:42.000000000,63.36806164803332
2026-03-16 18:06:11.000000000,30.42644849904742
2026-03-16 18:32:50.000000000,18.173054436673723
2026-03-16 18:30:25.000000000,11.254181945476986
2026-03-16 18:26:33.000000000,41.129500420906226
2026-03-16 18:20:18.000000000,6.106043375008477
2026-03-16 18:28:43.000000000,6.6314701604159945
2026-03-16 18:55:39.000000000,6.0169767820498965
2026-03-16 18:02:31.000000000,14.694823569318135
2026-03-16 18:08:42.000000000,23.399923460665185
2026-03-16 18:44:20.000000000,13.287275630271129
2026-03-16 18:17:50.000000000,15.169154813073844
2026-03-16 18:08:34.000000000,29.549244701088416
2026-03-16 18:26:43.000000000,17.968699693567757
2026-03-16 18:56:33.000000000,49.96479408968262
2026-03-16 18:53:35.000000000,40.121149871948795
2026-03-16 18:59:59.000000000,8.93823014753366
2026-03-16 18:46:28.000000000,12.47048339797118
2026-03-16 18:55:43.000000000,16.17614525613185
2026-03-16 18:19:20.000000000,13.042283818515676
2026-03-16 19:39:54.000000000,7.907674808514374
2026-03-16 19:25:25.000000000,56.85419699504541
2026-03-16 19:45:54.000000000,19.17681974205863
2026-03-16 19:11:26.000000000,20.38990332356298
2026-03-16 19:27:51.000000000,8.093811144097065
2026-03-16 19:23:18.000000000,30.365972637542644
2026-03-16 19:12:55.000000000,26.314139177486762
2026-03-16 19:30:16.000000000,14.373896612651913
2026-03-16 19:17:38.000000000,17.955158596178123
2026-03-16 19:45:18.000000000,20.74693795417933
2026-03-16 19:15:04.000000000,13.132939046173213
2026-03-16 19:32:55.000000000,24.796306580972335
2026-03-16 20:24:20.000000000,8.693394908621391
2026-03-16 20:30:43.000000000,32.57844522276503
2026-03-16 20:52:13.000000000,17.215695588099592
2026-03-16 20:43:38.000000000,8.159632065058638
2026-03-16 20:09:08.000000000,54.11441583928925
2026-03-16 20:40:07.000000000,6.355307275021674
2026-03-16 21:10:22.000000000,13.539696470389725
2026-03-16 21:24:12.000000000,80.6702480575537
2026-03-16 21:19:32.000000000,41.79555060268354
2026-03-16 21:02:40.000000000,20.53870031119854
2026-03-16 21:32:31.000000000,16.99242131240564
2026-03-16 21:35:45.000000000,10.204246943217745
2026-03-16 21:29:41.000000000,37.454960654874014
2026-03-16 21:13:13.000000000,7.391634991454462
2026-03-16 21:12:26.000000000,6.66979917646104
2026-03-16 21:23:54.000000000,13.971882678710292
2026-03-16 21:56:29.000000000,23.0464099799453
2026-03-16 21:10:11.000000000,42.173408816982054
2026-03-16 22:45:43.000000000,11.733692859283279
2026-03-16 22:49:44.000000000,45.58091762974084
2026-03-16 22:12:57.000000000,46.941354756365754
2026-03-16 22:12:49.000000000,14.5849164510678
2026-03-16 22:05:45.000000000,11.725682935635348
2026-03-16 22:04:58.000000000,24.783901699392786
2026-03-16 22:49:47.000000000,48.460873299370064
2026-03-16 22:15:59.000000000,9.036446448176212
2026-03-16 22:15:16.000000000,30.14726850020366
2026-03-16 22:55:12.000000000,25.14855945186402
2026-03-16 22:28:04.000000000,11.730164024825843
2026-03-16 22:23:09.000000000,6.81538726390414
2026-03-16 22:52:34.000000000,35.56370081473169
2026-03-16 22:08:25.000000000,14.338154557822591
2026-03-16 22:06:50.000000000,11.40787970115507
2026-03-16 23:15:10.000000000,13.2550484417036
2026-03-16 23:37:06.000000000,6.836890200734884
2026-03-16 23:00:28.000000000,8.791511972766566
2026-03-16 23:09:06.000000000,27.561039058185266
2026-03-16 23:12:45.000000000,8.044320061509689
2026-03-16 23:47:45.000000000,6.907039051709182
2026-03-16 23:08:09.000000000,120.71354944507335
2026-03-16 23:47:30.000000000,18.490752771637677
2026-03-16 23:09:59.000000000,13.222736647874177
2026-03-16 23:32:53.000000000,34.45454510151785
2026-03-16 23:46:14.000000000,13.387393798082753
2026-03-16 23:28:47.000000000,23.720904137451935
2026-03-16 23:11:45.000000000,61.66394375742225
2026-03-16 23:07:30.000000000,14.067271170565487
2026-03-16 23:25:25.000000000,6.803328314498237
2026-03-16 23:03:31.000000000,110.32763822486888
2026-03-16 23:03:56.000000000,26.747351763606893
2026-03-16 23:55:38.000000000,37.14927236293132
2026-03-16 23:54:22.000000000,7.4025779591340575
2026-03-16 23:55:39.000000000,72.54141529980865
2026-03-16 23:04:17.000000000,24.250958153345454
2026-03-16 23:32:14.000000000,7.433427058027762
2026-03-17 00:12:53.000000000,19.764479158609806
2026-03-17 00:57:34.000000000,24.664047343777145
2026-03-17 00:28:35.000000000,41.286100380296354
2026-03-17 00:17:28.000000000,25.40811242965692
2026-03-17 00:00:22.000000000,40.99708597911466
2026-03-17 00:10:27.000000000,46.43056650745158
2026-03-17 00:48:39.000000000,6.884873941094068
2026-03-17 00:48:41.000000000,17.116469069446147
2026-03-17 00:45:58.000000000,17.89251377206967
2026-03-17 01:12:39.000000000,14.549491462655372
2026-03-17 02:36:30.000000000,41.16335138377801
2026-03-17 02:37:51.000000000,71.12183372404282
2026-03-17 02:44:17.000000000,20.729632180971414
2026-03-17 02:15:13.000000000,13.929923239195183
2026-03-17 02:17:17.000000000,8.636149956824346
2026-03-17 02:16:50.000000000,15.17256895480739
2026-03-17 03:15:41.000000000,21.806759021495797
2026-03-17 03:12:50.000000000,49.56495811536854
2026-03-17 03:36:06.000000000,8.414289276429194
2026-03-17 04:53:52.000000000,44.25794356642678
2026-03-17 04:09:45.000000000,69.21731583120551
2026-03-17 04:22:34.000000000,26.42930119315555
2026-03-17 04:37:39.000000000,83.43684454284313
2026-03-17 04:00:06.000000000,26.60411535844573
2026-03-17 05:30:50.000000000,21.38995435625966
2026-03-17 05:41:55.000000000,7.672958113733954
2026-03-17 05:40:23.000000000,23.796854578008677
2026-03-17 05:02:05.000000000,27.438821587549352
2026-03-17 05:11:51.000000000,9.709850545537835
2026-03-17 05:04:40.000000000,99.66772280682812
2026-03-17 06:06:21.000000000,20.61630245283309
2026-03-17 06:06:13.000000000,12.482953651672435
2026-03-17 06:53:21.000000000,98.08603572078087
2026-03-17 06:42:19.000000000,15.194669459571616
2026-03-17 06:46:54.000000000,16.19245567038376
2026-03-17 06:01:37.000000000,9.685755113127255
2026-03-17 06:33:12.000000000,16.807359779998613
2026-03-17 06:00:18.000000000,38.96735426032885
2026-03-17 07:49:39.000000000,19.04636786844977
2026-03-17 07:22:28.000000000,37.317837927681396
2026-03-17 07:55:37.000000000,19.53466870407047
2026-03-17 07:46:57.000000000,85.21278188529959
2026-03-17 07:06:16.000000000,10.280119909211637
2026-03-17 07:34:48.000000000,20.45934472959717
2026-03-17 07:30:11.000000000,13.807424344137265
2026-03-17 07:11:50.000000000,52.17991418350165
2026-03-17 07:52:20.000000000,93.5235510206411
2026-03-17 07:58:59.000000000,10.812460942682334
2026-03-17 07:29:02.000000000,18.057468394368914
2026-03-17 07:56:32.000000000,24.747819484596658
2026-03-17 07:39:30.000000000,22.171560157827145
2026-03-17 07:19:40.000000000,55.94905556609308
2026-03-17 07:35:49.000000000,43.664471452765476
2026-03-17 07:00:43.000000000,22.607757236390647
2026-03-17 07:06:17.000000000,9.541413350184245
2026-03-17 07:18:25.000000000,110.48034703842991
2026-03-17 08:31:51.000000000,16.966776548050383
2026-03-17 08:27:33.000000000,7.630689334091053
2026-03-17 08:39:26.000000000,50.64434690861203
2026-03-17 08:01:50.000000000,15.087330749312883
2026-03-17 08:52:53.000000000,33.75873014908197
2026-03-17 08:22:29.000000000,49.986795738802265
2026-03-17 08:09:15.000000000,31.688480970373917
2026-03-17 08:25:27.000000000,21.516431033950493
2026-03-17 08:56:44.000000000,36.471276806499574
2026-03-17 08:25:47.000000000,17.179378959126836
2026-03-17 08:07:14.000000000,16.52273129484136
2026-03-17 08:06:26.000000000,29.103882692518177
2026-03-17 08:06:09.000000000,38.374228508260444
2026-03-17 09:15:06.000000000,7.22105902417048
2026-03-17 09:16:18.000000000,11.46498383838023
2026-03-17 09:36:24.000000000,31.233021538962053
2026-03-17 09:09:44.000000000,28.14973605710157
2026-03-17 09:23:07.000000000,48.28854203011753
2026-03-17 09:38:39.000000000,23.310279965118767
2026-03-17 09:31:05.000000000,54.67762543571702
2026-03-17 09:05:03.000000000,18.64810566227044
2026-03-17 09:29:18.000000000,18.546702237419872
2026-03-17 09:31:37.000000000,30.954167343292177
2026-03-17 09:37:17.000000000,20.31415854589799
2026-03-17 09:02:10.000000000,14.355280597332253
2026-03-17 09:44:50.000000000,23.81035647692409
2026-03-17 09:22:21.000000000,8.5927411695344
2026-03-17 09:50:46.000000000,26.39342052352427
2026-03-17 09:44:01.000000000,37.56643978984966
2026-03-17 09:16:32.000000000,119.54737656586298
2026-03-17 09:16:40.000000000,10.025762208418861
2026-03-17 09:17:50.000000000,11.468705249210368
2026-03-17 09:40:03.000000000,12.472659504779688
2026-03-17 09:36:13.000000000,9.981459182441151
2026-03-17 10:48:23.000000000,8.20867098227439
2026-03-17 10:45:43.000000000,11.26584507690322
2026-03-17 10:14:04.000000000,15.08891080151935
2026-03-17 10:02:14.000000000,28.788111855739974
2026-03-17 10:10:04.000000000,17.197825645644237
2026-03-17 10:10:29.000000000,7.621265130133238
2026-03-17 10:03:30.000000000,11.576467601220852
2026-03-17 10:54:45.000000000,75.45758472912176
2026-03-17 10:05:52.000000000,37.27773437121367
2026-03-17 10:47:03.000000000,40.57471022304171
2026-03-17 10:00:48.000000000,6.822810430963002
2026-03-17 10:59:25.000000000,9.771843033077486
2026-03-17 10:01:50.000000000,7.660825311119221
2026-03-17 10:24:30.000000000,25.972593032151543
2026-03-17 10:27:54.000000000,33.308545443110056
2026-03-17 10:57:55.000000000,13.269413925316746
2026-03-17 10:33:06.000000000,81.47487518748558
2026-03-17 10:00:37.000000000,30.54706725462701
2026-03-17 10:36:59.000000000,15.156964607885914
2026-03-17 11:31:04.000000000,5.703338515279752
2026-03-17 11:05:00.000000000,12.840463779720467
2026-03-17 11:31:40.000000000,15.969011025383331
2026-03-17 11:08:32.000000000,8.532109159290368
2026-03-17 11:50:33.000000000,20.707885330734744
2026-03-17 11:13:08.000000000,5.805169682429311
2026-03-17 11:02:11.000000000,6.596742208998542
2026-03-17 11:51:00.000000000,28.750778302879187
2026-03-17 11:26:32.000000000,27.669179614015444
2026-03-17 11:38:06.000000000,15.202669898579172
2026-03-17 11:32:15.000000000,8.091796063965333
2026-03-17 11:18:24.000000000,13.240875943205436
2026-03-17 12:45:33.000000000,28.611341342556216
2026-03-17 12:46:27.000000000,14.554304401254365
2026-03-17 12:06:02.000000000,30.48060005510345
2026-03-17 12:52:32.000000000,19.182436525086487
2026-03-17 12:54:39.000000000,74.6487488864897
2026-03-17 12:34:08.000000000,13.31763364061666
2026-03-17 12:03:28.000000000,203.21491715154798
2026-03-17 12:49:27.000000000,17.24333423545105
2026-03-17 12:08:01.000000000,13.184872659500483
2026-03-17 12:19:43.000000000,15.115957518689513
2026-03-17 12:22:10.000000000,11.51376470732956
2026-03-17 12:34:02.000000000,21.137219310457457
2026-03-17 12:30:54.000000000,45.9935560498471
2026-03-17 12:38:54.000000000,12.437906532472436
2026-03-17 12:07:21.000000000,59.07096849977341
2026-03-17 13:39:16.000000000,40.24406743571972
2026-03-17 13:00:41.000000000,6.188406692472394
2026-03-17 13:35:17.000000000,8.889176653118223
2026-03-17 13:40:45.000000000,16.549974337587898
2026-03-17 13:14:26.000000000,55.09538804174779
2026-03-17 13:08:18.000000000,8.972170413203376
2026-03-17 13:18:14.000000000,104.0130736921533
2026-03-17 13:16:09.000000000,11.582277842219703
2026-03-17 13:49:14.000000000,19.94124238395799
2026-03-17 13:26:32.000000000,12.499831889066014
2026-03-17 13:37:13.000000000,29.843463510352734
2026-03-17 13:06:23.000000000,51.74770515529575
2026-03-17 14:07:49.000000000,46.408858773913444
2026-03-17 14:58:58.000000000,49.143316963774524
2026-03-17 14:48:53.000000000,12.422350486474796
2026-03-17 14:42:05.000000000,13.516942901345113
2026-03-17 14:57:48.000000000,25.196968776367722
2026-03-17 14:32:49.000000000,6.29959022222731
2026-03-17 14:36:55.000000000,15.419356558487095
2026-03-17 14:45:33.000000000,7.9973046853390946
2026-03-17 14:24:33.000000000,12.345801650227092
2026-03-17 14:52:44.000000000,29.03520107394678
2026-03-17 14:58:05.000000000,11.503632387219556
2026-03-17 14:19:20.000000000,16.047292742172278
2026-03-17 14:27:51.000000000,22.61024136784361
2026-03-17 14:16:53.000000000,13.28529504154655
2026-03-17 14:59:08.000000000,9.779291763339915
2026-03-17 14:01:44.000000000,8.070999114175725
2026-03-17 14:34:04.000000000,26.961830937511223
2026-03-17 14:38:13.000000000,33.267568477211455
2026-03-17 15:43:26.000000000,12.44744724231848
2026-03-17 15:21:58.000000000,9.688816948646148
2026-03-17 15:41:16.000000000,9.515806823273575
2026-03-17 15:00:54.000000000,8.93964873472613
2026-03-17 15:56:47.000000000,18.558592418013777
2026-03-17 15:38:53.000000000,10.317557294224779
2026-03-17 15:09:32.000000000,27.780644898296618
2026-03-17 15:13:21.000000000,19.889497482969578
2026-03-17 15:32:29.000000000,12.488574057019573
2026-03-17 15:25:33.000000000,20.70135307682545
2026-03-17 15:55:03.000000000,19.524172231195347
2026-03-17 15:41:21.000000000,21.69397932086096
2026-03-17 15:30:57.000000000,17.8350133467203
2026-03-17 15:04:49.000000000,15.240380516254476
2026-03-17 15:34:16.000000000,18.00109390899667
2026-03-17 15:25:57.000000000,9.001468591782187
2026-03-17 15:58:47.000000000,28.38927544669632
2026-03-17 16:41:35.000000000,12.986076295254238
2026-03-17 16:46:01.000000000,16.0964893039565
2026-03-17 16:06:00.000000000,97.19781625476023
2026-03-17 16:36:56.000000000,54.142772425551655
2026-03-17 16:40:49.000000000,23.521441228249095
2026-03-17 16:35:08.000000000,9.457911383038956
2026-03-17 16:53:43.000000000,15.986944092750814
2026-03-17 16:55:00.000000000,8.156481411580646
2026-03-17 16:50:54.000000000,20.270596729576674
2026-03-17 16:24:58.000000000,15.318307223240161
2026-03-17 16:52:36.000000000,11.648199333954272
2026-03-17 16:47:57.000000000,15.427494298186264
2026-03-17 16:54:37.000000000,42.70000277091244
2026-03-17 16:49:06.000000000,12.837559367179155
2026-03-17 16:05:30.000000000,15.8978092536603
2026-03-17 17:01:03.000000000,12.88311737687782
2026-03-17 17:33:43.000000000,43.6597359365068
2026-03-17 17:27:56.000000000,15.989233813827344
2026-03-17 17:09:58.000000000,61.62320706716927
2026-03-17 17:27:19.000000000,27.87009086258796
2026-03-17 17:04:17.000000000,29.007899426267493
2026-03-17 17:49:26.000000000,7.922222797098995
2026-03-17 17:34:15.000000000,14.715995620068622
2026-03-17 17:20:18.000000000,8.633320545524048
2026-03-17 17:30:56.000000000,16.502371440073315
2026-03-17 17:55:37.000000000,22.949601331900165
2026-03-17 17:31:29.000000000,42.516689537567544
2026-03-17 17:08:18.000000000,21.374468066339876
2026-03-17 17:35:19.000000000,57.49875016555173
2026-03-17 17:52:02.000000000,44.303689902940675
2026-03-17 18:20:09.000000000,11.686950591737764
2026-03-17 18:38:27.000000000,48.61542362551109
2026-03-17 18:17:59.000000000,45.35802317237248
2026-03-17 18:12:49.000000000,9.5425862133734
2026-03-17 18:20:35.000000000,17.94348236527761
2026-03-17 18:44:40.000000000,18.058304980751373
2026-03-17 18:13:14.000000000,11.270694224435944
2026-03-17 18:06:18.000000000,17.008313981647085
2026-03-17 18:15:38.000000000,7.424982022970389
2026-03-17 18:17:08.000000000,10.855140133768042
2026-03-17 18:10:28.000000000,16.74657363127124
2026-03-17 18:21:31.000000000,12.428567260396118
2026-03-17 18:05:48.000000000,24.083507137526368
2026-03-17 18:49:45.000000000,25.622156118513246
2026-03-17 18:03:03.000000000,13.21103798926687
2026-03-17 18:53:43.000000000,10.66495029696913
2026-03-17 18:27:28.000000000,105.57349479264552
2026-03-17 18:56:22.000000000,18.59765389519565
2026-03-17 18:07:24.000000000,54.79462155635401
2026-03-17 18:45:20.000000000,7.403584919798157
2026-03-17 19:42:09.000000000,13.307975180189171
2026-03-17 19:55:23.000000000,12.41932759895746
2026-03-17 19:28:15.000000000,32.14077881569361
2026-03-17 19:10:35.000000000,21.540457017972972
2026-03-17 19:18:24.000000000,8.338513319842091
2026-03-17 19:52:25.000000000,6.617692942791372
2026-03-17 19:35:26.000000000,33.41501746390382
2026-03-17 19:36:06.000000000,20.02376305991077
2026-03-17 19:52:12.000000000,12.407461026748758
2026-03-17 19:58:37.000000000,15.303248153177512
2026-03-17 19:29:16.000000000,8.906216331738987
2026-03-17 19:44:38.000000000,10.462021955559733
2026-03-17 20:49:56.000000000,7.429370025398265
2026-03-17 20:31:55.000000000,27.142407506667883
2026-03-17 20:46:40.000000000,7.354994421535217
2026-03-17 20:03:04.000000000,21.811606448605044
2026-03-17 20:27:39.000000000,24.56590408594163
2026-03-17 20:00:32.000000000,15.68358152325669
2026-03-17 20:42:22.000000000,317.9283533470126
2026-03-17 20:26:50.000000000,91.66771939263386
2026-03-17 20:21:27.000000000,38.33791958177869
2026-03-17 20:10:29.000000000,21.554665242565743
2026-03-17 21:59:25.000000000,12.24593206348927
2026-03-17 21:26:15.000000000,12.461041380042191
2026-03-17 21:27:42.000000000,9.09955303956455
2026-03-17 21:44:49.000000000,10.465367866297834
2026-03-17 21:23:44.000000000,24.10358309219398
2026-03-17 21:20:06.000000000,11.483729760394347
2026-03-17 21:43:05.000000000,14.102377642961002
2026-03-17 21:51:08.000000000,74.24889851433622
2026-03-17 21:04:27.000000000,6.5249633010272845
2026-03-17 21:02:21.000000000,25.74622354660171
2026-03-17 21:07:50.000000000,29.452218361977966
2026-03-17 22:43:41.000000000,10.313311036043064
2026-03-17 22:03:36.000000000,31.350808666525182
2026-03-17 22:13:27.000000000,25.349763673787965
2026-03-17 22:40:28.000000000,14.394464655879023
2026-03-17 22:39:50.000000000,16.95406123107251
2026-03-17 22:35:31.000000000,153.64382175864623
2026-03-17 22:25:19.000000000,37.402613883578994
2026-03-17 22:29:28.000000000,10.023092496590408
2026-03-17 22:24:54.000000000,25.492536547552522
2026-03-17 22:31:05.000000000,12.495813179705083
2026-03-17 22:46:26.000000000,8.925270612006097
2026-03-17 22:28:29.000000000,19.42993009185063
2026-03-17 23:49:20.000000000,25.123973259552614
2026-03-17 23:31:11.000000000,24.562354422072843
2026-03-17 23:11:22.000000000,44.1278672397382
2026-03-17 23:43:28.000000000,12.788035734624975
2026-03-17 23:36:58.000000000,32.36874400906337
2026-03-17 23:55:21.000000000,11.827835242284387
2026-03-17 23:32:43.000000000,22.3056949088896
2026-03-17 23:37:51.000000000,24.366291882637416
2026-03-17 23:35:09.000000000,47.23757137903495
2026-03-17 23:44:05.000000000,18.56545558135995
2026-03-17 23:17:18.000000000,32.1418360249676
2026-03-17 23:06:03.000000000,25.814143762413412
2026-03-17 23:51:32.000000000,5.49983527665141
2026-03-18 00:30:13.000000000,149.44774059225824
2026-03-18 00:23:31.000000000,10.005202456453395
2026-03-18 00:42:50.000000000,34.33380004177034
2026-03-18 00:40:30.000000000,97.66855407753728
2026-03-18 00:21:39.000000000,19.40855402856575
2026-03-18 00:08:45.000000000,7.125821911281035
2026-03-18 00:02:28.000000000,34.16723323024834
2026-03-18 01:27:32.000000000,10.103510788714702
2026-03-18 01:57:10.000000000,15.94553234681516
2026-03-18 01:40:05.000000000,30.66125576068927
2026-03-18 02:40:34.000000000,15.523746493355498
2026-03-18 02:04:09.000000000,22.87730713106936
2026-03-18 03:18:36.000000000,30.516196205018097
2026-03-18 03:30:46.000000000,13.302321941068323
2026-03-18 03:34:59.000000000,21.58770922103758
2026-03-18 04:59:47.000000000,11.02836467778427
2026-03-18 05:40:29.000000000,41.64946892305893
2026-03-18 05:44:05.000000000,60.61275727095826
2026-03-18 05:55:21.000000000,8.947417127259593
2026-03-18 05:47:03.000000000,15.591430284157063
2026-03-18 05:54:11.000000000,10.893183668414645
2026-03-18 05:24:03.000000000,11.742123762715684
2026-03-18 05:15:41.000000000,89.67413539937094
2026-03-18 06:22:20.000000000,8.991325463896173
2026-03-18 06:47:13.000000000,16.449317342167593
2026-03-18 06:14:22.000000000,13.471991450114812
2026-03-18 06:08:46.000000000,27.41813886050744
2026-03-18 06:42:21.000000000,11.318890932867882
2026-03-18 06:27:15.000000000,27.381533682765497
2026-03-18 06:45:42.000000000,49.32866227794972
2026-03-18 06:21:20.000000000,10.841111025280087
2026-03-18 06:17:16.000000000,81.69217554197313
2026-03-18 06:38:39.000000000,18.686311140660834
2026-03-18 06:59:52.000000000,6.690253976883238
2026-03-18 06:37:27.000000000,43.401308103189855
2026-03-18 06:29:32.000000000,20.496985113833794
2026-03-18 06:31:10.000000000,97.56991043630755
2026-03-18 06:53:04.000000000,11.527693305860131
2026-03-18 06:54:16.000000000,21.992576146544526
2026-03-18 06:28:21.000000000,27.686082450851348
2026-03-18 07:20:57.000000000,7.565076415607003
2026-03-18 07:57:51.000000000,19.98669989373855
2026-03-18 07:29:57.000000000,98.65396134250068
2026-03-18 07:50:57.000000000,15.95803945965038
2026-03-18 07:18:53.000000000,18.351548136689892
2026-03-18 07:51:03.000000000,18.46438024488957
2026-03-18 07:43:44.000000000,9.599250119612531
2026-03-18 07:27:32.000000000,38.01496916207696
2026-03-18 07:06:18.000000000,94.20035937364163
2026-03-18 07:57:46.000000000,11.543910648345763
2026-03-18 07:59:47.000000000,38.951702200936374
2026-03-18 07:49:26.000000000,30.490192782880673
2026-03-18 07:16:51.000000000,11.628159357041993
2026-03-18 07:36:12.000000000,32.849191794230094
2026-03-18 07:11:19.000000000,22.07285557271765
2026-03-18 07:32:10.000000000,36.141469040849444
2026-03-18 07:59:30.000000000,103.08021204928207
2026-03-18 07:54:29.000000000,9.218967673661899
2026-03-18 07:03:20.000000000,56.114749112211534
2026-03-18 08:36:30.000000000,31.912775312616386
2026-03-18 08:14:33.000000000,40.13840126410677
2026-03-18 08:55:57.000000000,18.522883631134242
2026-03-18 08:32:37.000000000,13.246616032034169
2026-03-18 08:10:29.000000000,26.773605683698314
2026-03-18 08:09:07.000000000,20.24724230875818
2026-03-18 08:36:43.000000000,27.369942264184015
2026-03-18 08:34:14.000000000,33.39674308541947
2026-03-18 08:41:59.000000000,17.562407391503932
2026-03-18 08:08:22.000000000,36.905147691722675
2026-03-18 08:23:05.000000000,24.62151680295796
2026-03-18 08:28:03.000000000,31.02135692811565
2026-03-18 08:05:08.000000000,13.208638352929883
2026-03-18 08:08:01.000000000,56.53279438964924
2026-03-18 08:23:30.000000000,16.77274343755305
2026-03-18 08:49:29.000000000,45.95380666504979
2026-03-18 09:09:03.000000000,30.498004343021506
2026-03-18 09:02:14.000000000,29.272753756578922
2026-03-18 09:32:57.000000000,22.81803931270722
2026-03-18 09:06:53.000000000,9.476930256119132
2026-03-18 09:49:54.000000000,15.102177804839531
2026-03-18 09:50:00.000000000,12.3470536424861
2026-03-18 09:37:44.000000000,14.208737229288559
2026-03-18 09:48:18.000000000,10.81893901200025
2026-03-18 09:56:36.000000000,51.945099294322624
2026-03-18 09:43:28.000000000,22.145555052252128
2026-03-18 09:35:27.000000000,20.42553168683986
2026-03-18 09:25:06.000000000,34.46873536181169
2026-03-18 09:58:40.000000000,63.807105905995904
2026-03-18 09:47:59.000000000,13.298306946841242
2026-03-18 09:38:45.000000000,102.21079696604271
2026-03-18 09:28:21.000000000,13.299270045741501
2026-03-18 09:18:31.000000000,15.86841173319345
2026-03-18 09:09:27.000000000,29.534887632318227
2026-03-18 09:06:51.000000000,7.874659866836473
2026-03-18 09:03:57.000000000,40.08815959348483
2026-03-18 09:44:39.000000000,11.655051671348131
2026-03-18 10:21:13.000000000,18.52019697329295
2026-03-18 10:18:16.000000000,30.16012979951298
2026-03-18 10:55:04.000000000,70.41945835025174
2026-03-18 10:53:17.000000000,9.462962903814185
2026-03-18 10:09:29.000000000,8.92635907567103
2026-03-18 10:50:58.000000000,21.545344048845315
2026-03-18 10:35:29.000000000,13.657474718965407
2026-03-18 10:10:43.000000000,13.535219491429155
2026-03-18 10:41:42.000000000,27.815163068491305
2026-03-18 10:14:02.000000000,37.69594170483563
2026-03-18 10:38:58.000000000,51.97447003026806
2026-03-18 10:14:39.000000000,32.46110257210321
2026-03-18 10:09:21.000000000,23.81120381507987
2026-03-18 10:14:17.000000000,33.17774890391942
2026-03-18 10:42:08.000000000,10.71500481712657
2026-03-18 10:25:59.000000000,8.82977595156653
2026-03-18 10:39:46.000000000,26.170501603581553
2026-03-18 10:30:51.000000000,8.835454663554104
2026-03-18 10:52:03.000000000,130.88249634028196
2026-03-18 11:45:14.000000000,111.17694634623878
2026-03-18 11:34:32.000000000,60.17798156152966
2026-03-18 11:01:19.000000000,22.94591331523607
2026-03-18 11:55:33.000000000,64.66098478210736
2026-03-18 11:21:39.000000000,26.91515274441462
2026-03-18 11:26:10.000000000,17.735417274020676
2026-03-18 11:55:03.000000000,26.648603244103395
2026-03-18 11:35:03.000000000,37.134905066832005
2026-03-18 11:04:19.000000000,7.83592982854579
2026-03-18 12:03:47.000000000,31.530048280689343
2026-03-18 12:53:06.000000000,18.594090867384743
2026-03-18 12:15:14.000000000,48.6877918892887
2026-03-18 12:36:58.000000000,13.50201111229322
2026-03-18 12:55:39.000000000,15.115957518689513
2026-03-18 12:44:28.000000000,7.537788580362217
2026-03-18 12:47:09.000000000,23.23914437323007
2026-03-18 12:34:53.000000000,50.38123596658962
2026-03-18 12:47:32.000000000,19.668183334961746
2026-03-18 12:54:38.000000000,26.200249966484
2026-03-18 12:46:35.000000000,9.22675087127633
2026-03-18 12:02:42.000000000,14.162056191413166
2026-03-18 12:51:23.000000000,12.513594339136866
2026-03-18 12:20:21.000000000,35.733611066125
2026-03-18 12:01:47.000000000,19.606820920748643
2026-03-18 12:02:43.000000000,22.73390742366088
2026-03-18 12:34:54.000000000,42.72524072072282
2026-03-18 12:52:41.000000000,13.277570251498538
2026-03-18 13:56:34.000000000,17.721994843422337
2026-03-18 13:47:41.000000000,56.397136879791866
2026-03-18 13:32:40.000000000,45.56648253422618
2026-03-18 13:42:39.000000000,6.613834050920709
2026-03-18 13:12:44.000000000,33.89677783554596
2026-03-18 13:03:36.000000000,56.809013364764446
2026-03-18 13:05:18.000000000,16.788661446387664
2026-03-18 13:31:02.000000000,26.44685974313132
2026-03-18 13:54:20.000000000,21.22696072645136
2026-03-18 13:45:48.000000000,13.22187729961672
2026-03-18 13:07:30.000000000,11.699374920988415
2026-03-18 13:00:14.000000000,29.680408060329498
2026-03-18 13:00:00.000000000,125.50099984252638
2026-03-18 13:21:24.000000000,74.90748777383868
2026-03-18 13:34:01.000000000,14.424688858311422
2026-03-18 14:47:45.000000000,26.182608121489288
2026-03-18 14:21:16.000000000,62.549788505497965
2026-03-18 14:29:03.000000000,72.72683108518599
2026-03-18 14:36:36.000000000,10.889629992131951
2026-03-18 14:22:39.000000000,7.824159280397521
2026-03-18 14:23:08.000000000,19.94040744110578
2026-03-18 14:29:39.000000000,18.86044909907861
2026-03-18 14:35:18.000000000,18.623274128617496
2026-03-18 14:59:33.000000000,48.67160690830851
2026-03-18 14:41:47.000000000,9.66384199074201
2026-03-18 14:45:08.000000000,15.29400028967296
2026-03-18 14:06:00.000000000,15.179844582364142
2026-03-18 15:49:45.000000000,17.220559647124727
2026-03-18 15:33:45.000000000,23.896253427745883
2026-03-18 15:40:55.000000000,15.068358051452492
2026-03-18 15:04:14.000000000,45.630809601294786
2026-03-18 15:53:05.000000000,19.323532201196556
2026-03-18 15:23:54.000000000,25.84354821766655
2026-03-18 15:30:47.000000000,18.10432391957821
2026-03-18 15:55:51.000000000,39.96168272551428
2026-03-18 15:41:01.000000000,12.545422597493292
2026-03-18 15:36:47.000000000,31.72221954465579
2026-03-18 15:41:20.000000000,25.585211538565638
2026-03-18 15:12:03.000000000,178.72405830602966
2026-03-18 15:11:19.000000000,15.150683524213248
2026-03-18 15:01:19.000000000,64.34451588031942
2026-03-18 15:41:29.000000000,48.58449931133709
2026-03-18 16:42:42.000000000,10.244843652249372
2026-03-18 16:36:15.000000000,28.14369564940184
2026-03-18 16:41:27.000000000,14.36170423439691
2026-03-18 16:29:30.000000000,9.60082108566968
2026-03-18 16:07:19.000000000,31.47682433582108
2026-03-18 16:42:38.000000000,26.205762339887464
2026-03-18 16:29:12.000000000,40.00265084889302
2026-03-18 16:11:04.000000000,10.947975929253689
2026-03-18 16:18:06.000000000,13.26531448190744
2026-03-18 16:11:09.000000000,6.556184751389061
2026-03-18 16:59:47.000000000,22.148698098801713
2026-03-18 16:44:21.000000000,13.217935957192045
2026-03-18 16:10:02.000000000,21.415360669663496
2026-03-18 16:43:33.000000000,15.929381385122245
2026-03-18 16:20:57.000000000,12.91109302153129
2026-03-18 16:30:14.000000000,18.789751503008887
2026-03-18 17:42:41.000000000,12.491591244065015
2026-03-18 17:55:17.000000000,13.111912998374477
2026-03-18 17:43:29.000000000,20.045855441628255
2026-03-18 17:51:50.000000000,97.01355487709708
2026-03-18 17:42:22.000000000,8.75399211940457
2026-03-18 17:36:26.000000000,15.191490345144468
2026-03-18 17:28:07.000000000,7.755165590527317
2026-03-18 17:14:46.000000000,9.868337555903032
2026-03-18 17:39:33.000000000,92.60992641998021
2026-03-18 17:43:00.000000000,73.75362844293568
2026-03-18 17:36:52.000000000,10.868025628235886
2026-03-18 17:36:19.000000000,8.177010269959785
2026-03-18 17:31:22.000000000,10.83161759259191
2026-03-18 17:45:39.000000000,66.37374154404105
2026-03-18 17:44:18.000000000,25.012536788998865
2026-03-18 17:03:27.000000000,16.50086671768056
2026-03-18 17:37:10.000000000,10.609582608315238
2026-03-18 17:09:16.000000000,82.72087694073004
2026-03-18 17:23:36.000000000,21.979926877575576
2026-03-18 17:53:15.000000000,12.360256759792692
2026-03-18 17:30:50.000000000,35.42543164393654
2026-03-18 17:16:55.000000000,27.054743413230415
2026-03-18 17:49:58.000000000,16.83861389513962
2026-03-18 17:19:07.000000000,13.472090407054699
2026-03-18 17:00:24.000000000,58.758119776144234
2026-03-18 18:54:23.000000000,6.0961296288403215
2026-03-18 18:27:22.000000000,79.08914861244988
2026-03-18 18:49:54.000000000,27.66956789456506
2026-03-18 18:05:55.000000000,8.18947774572664
2026-03-18 18:28:26.000000000,11.67462519674761
2026-03-18 18:51:45.000000000,18.71560147095253
2026-03-18 18:48:49.000000000,14.737493927374345
2026-03-18 18:08:41.000000000,79.08926695474798
2026-03-18 18:43:16.000000000,16.18629465118425
2026-03-18 18:10:06.000000000,17.253517639634026
2026-03-18 18:33:28.000000000,48.59558098649684
2026-03-18 18:22:38.000000000,17.747416880491286
2026-03-18 18:37:11.000000000,19.78904288845432
2026-03-18 18:26:32.000000000,41.541232827288546
2026-03-18 18:38:09.000000000,15.294890340942976
2026-03-18 18:11:03.000000000,40.18403529444397
2026-03-18 18:02:37.000000000,7.960944373993694
2026-03-18 18:20:34.000000000,21.652524722171993
2026-03-18 18:32:07.000000000,64.22652644904775
2026-03-18 18:25:58.000000000,23.287760966387427
2026-03-18 18:31:16.000000000,44.48254338580638
2026-03-18 18:30:15.000000000,12.47971527929932
2026-03-18 19:44:46.000000000,25.2067858811577
2026-03-18 19:41:15.000000000,10.081867989018225
2026-03-18 19:08:51.000000000,13.276646770849451
2026-03-18 19:54:23.000000000,56.50612433278286
2026-03-18 19:55:50.000000000,14.012014022869321
2026-03-18 19:34:25.000000000,23.53962669445452
2026-03-18 19:30:27.000000000,17.069357615817083
2026-03-18 19:59:10.000000000,10.829060305851609
2026-03-18 19:59:00.000000000,32.62953015008912
2026-03-18 19:13:48.000000000,70.35173669438832
2026-03-18 19:37:06.000000000,18.81360903692105
2026-03-18 19:41:46.000000000,40.52020271158311
2026-03-18 19:00:08.000000000,18.567053720525664
2026-03-18 19:30:35.000000000,15.977581367649837
2026-03-18 19:15:49.000000000,10.48992700023845
2026-03-18 19:41:39.000000000,48.84392231745241
2026-03-18 19:36:01.000000000,44.72607746072492
2026-03-18 19:52:51.000000000,48.670347038170895
2026-03-18 19:26:18.000000000,31.186710692193344
2026-03-18 19:44:20.000000000,11.01285419302917
2026-03-18 19:26:08.000000000,21.46933141614678
2026-03-18 20:29:12.000000000,23.454498681947854
2026-03-18 20:07:24.000000000,19.322877051954375
2026-03-18 20:32:37.000000000,70.96835874906645
2026-03-18 20:42:24.000000000,62.016596490919994
2026-03-18 20:41:21.000000000,10.933019829169073
2026-03-18 20:07:24.000000000,8.518808325366454
2026-03-18 20:49:12.000000000,45.809492786608246
2026-03-18 20:31:43.000000000,24.342212617433436
2026-03-18 20:28:12.000000000,10.986931484119618
2026-03-18 20:33:00.000000000,16.6638214354659
2026-03-18 20:58:00.000000000,70.12670730311599
2026-03-18 20:23:43.000000000,194.5921241156133
2026-03-18 20:59:42.000000000,44.1402817349972
2026-03-18 20:43:31.000000000,6.551676179958171
2026-03-18 20:56:25.000000000,27.474366766427334
2026-03-18 20:46:36.000000000,25.900794490970263
2026-03-18 21:34:57.000000000,7.748154975899942
2026-03-18 21:16:47.000000000,13.998984578097179
2026-03-18 21:50:32.000000000,10.23993462182247
2026-03-18 21:22:52.000000000,9.981459182441151
2026-03-18 21:16:07.000000000,12.423745785674273
2026-03-18 21:51:17.000000000,11.514980785636327
2026-03-18 21:02:58.000000000,15.304193151007658
2026-03-18 21:20:37.000000000,32.914739878947934
2026-03-18 21:56:39.000000000,25.250310899169108
2026-03-18 21:44:32.000000000,112.07481958772324
2026-03-18 21:21:17.000000000,7.407837629862273
2026-03-18 21:07:31.000000000,12.406518322137988
2026-03-18 21:22:56.000000000,11.733163544706194
2026-03-18 21:19:45.000000000,47.06790871710206
2026-03-18 21:10:20.000000000,12.06278324485522
2026-03-18 21:42:06.000000000,14.52352428236527
2026-03-18 22:11:31.000000000,12.327251246113791
2026-03-18 22:38:32.000000000,8.964972110227563
2026-03-18 22:05:20.000000000,183.9728679760311
2026-03-18 22:50:46.000000000,18.559294460346013
2026-03-18 22:32:08.000000000,30.64642386201149
2026-03-18 22:00:58.000000000,16.596194646779907
2026-03-18 22:52:46.000000000,16.98651747517577
2026-03-18 22:12:45.000000000,12.180449864939547
2026-03-18 22:37:19.000000000,9.698491208620021
2026-03-18 22:03:29.000000000,67.93641671214122
2026-03-18 22:05:00.000000000,20.45800731161033
2026-03-18 22:29:04.000000000,8.083927643296963
2026-03-18 22:37:06.000000000,44.158735026054636
2026-03-18 22:10:54.000000000,12.434310771598081
2026-03-18 22:31:58.000000000,15.194883708679741
2026-03-18 22:42:49.000000000,11.727483477975502
2026-03-18 22:44:47.000000000,89.62039424563636
2026-03-18 22:33:37.000000000,62.82166218675687
2026-03-18 23:19:43.000000000,25.222917906503785
2026-03-18 23:43:59.000000000,29.985136381036202
2026-03-18 23:51:54.000000000,6.831748717364821
2026-03-18 23:15:21.000000000,64.64570255921731
2026-03-18 23:13:56.000000000,22.29070524709034
2026-03-18 23:09:03.000000000,13.271465906542703
2026-03-18 23:58:17.000000000,28.697714763494428
2026-03-18 23:29:04.000000000,14.19678955513822
2026-03-18 23:38:40.000000000,21.448183816685273
2026-03-18 23:55:22.000000000,8.972065272058463
2026-03-18 23:01:49.000000000,18.616598009388166
2026-03-18 23:04:12.000000000,16.088811025877938
2026-03-18 23:05:01.000000000,19.95149857320333
2026-03-19 00:50:04.000000000,13.303713315196875
2026-03-19 00:22:09.000000000,38.327207232811375
2026-03-19 00:59:08.000000000,38.680224751825044
2026-03-19 00:07:15.000000000,27.74388665391801
2026-03-19 00:22:12.000000000,26.420549143967744
2026-03-19 00:16:25.000000000,19.76736113555724
2026-03-19 00:23:34.000000000,37.96840714656562
2026-03-19 00:27:14.000000000,9.808867907130612
2026-03-19 00:37:34.000000000,33.15190194559708
2026-03-19 00:32:06.000000000,28.193909649557614
2026-03-19 00:51:55.000000000,20.207793927964293
2026-03-19 01:22:25.000000000,43.88695187244411
2026-03-19 01:25:13.000000000,30.543265085065244
2026-03-19 01:55:27.000000000,14.581173580466354
2026-03-19 01:56:45.000000000,14.66578746475623
2026-03-19 01:27:01.000000000,22.83089738981259
2026-03-19 01:13:19.000000000,9.005952275896258
2026-03-19 01:31:51.000000000,12.34485003827867
2026-03-19 01:17:17.000000000,10.855329340809678
2026-03-19 01:47:10.000000000,16.660731864961743
2026-03-19 01:17:14.000000000,21.13860128159326
2026-03-19 01:07:08.000000000,15.18375001388408
2026-03-19 02:03:57.000000000,15.976603384169632
2026-03-19 02:47:10.000000000,18.00829458625814
2026-03-19 02:53:08.000000000,62.90774262772712
2026-03-19 03:33:00.000000000,62.89590912731914
2026-03-19 03:52:07.000000000,32.3860714268211
2026-03-19 04:48:13.000000000,65.32062279923267
2026-03-19 05:53:22.000000000,11.364444542440966
2026-03-19 05:50:29.000000000,15.17346359004259
2026-03-19 05:06:12.000000000,55.91756320016776
2026-03-19 05:58:17.000000000,87.8679306173074
2026-03-19 05:34:15.000000000,15.175205741350064
2026-03-19 05:55:53.000000000,11.592834156395512
2026-03-19 05:58:33.000000000,65.39233371232562
2026-03-19 05:27:58.000000000,13.116707045008772
2026-03-19 05:22:58.000000000,10.80489532135279
2026-03-19 05:32:30.000000000,10.618142943307882
2026-03-19 05:55:58.000000000,40.542128627946965
2026-03-19 05:05:58.000000000,58.16030128016652
2026-03-19 06:16:18.000000000,16.556645941407705
2026-03-19 06:41:32.000000000,12.556902336155465
2026-03-19 06:12:34.000000000,10.153624073059765
2026-03-19 06:59:46.000000000,12.10263253638985
2026-03-19 06:50:13.000000000,18.888958969396977
2026-03-19 06:05:43.000000000,15.99822520026422
2026-03-19 06:43:35.000000000,31.032745911523918
2026-03-19 06:30:53.000000000,12.429528366435733
2026-03-19 07:12:54.000000000,13.301151790881697
2026-03-19 07:58:46.000000000,95.62321382563799
2026-03-19 07:17:07.000000000,51.095000830075676
2026-03-19 07:30:31.000000000,8.172026519209581
2026-03-19 07:20:14.000000000,14.342851372047178
2026-03-19 07:33:28.000000000,56.06396749489423
2026-03-19 07:04:53.000000000,12.30709260476417
2026-03-19 07:38:23.000000000,35.3946945834901
2026-03-19 07:50:31.000000000,8.979741934822393
2026-03-19 07:49:38.000000000,45.22654085428768
2026-03-19 07:48:31.000000000,28.363194413343525
2026-03-19 07:27:22.000000000,20.170012788983446
2026-03-19 07:44:38.000000000,56.53426166885303
2026-03-19 07:41:12.000000000,24.69004350480474
2026-03-19 07:36:22.000000000,14.246319769513752
2026-03-19 07:05:04.000000000,15.14166505610514
2026-03-19 07:00:43.000000000,9.729302496296723
2026-03-19 08:39:30.000000000,15.772079279820748
2026-03-19 08:16:10.000000000,16.618708219429237
2026-03-19 08:12:14.000000000,19.17466547516862
2026-03-19 08:26:12.000000000,11.14674660328095
2026-03-19 08:38:07.000000000,39.0738715657691
2026-03-19 08:03:56.000000000,13.768330699113656
2026-03-19 08:19:27.000000000,15.375538502162264
2026-03-19 08:07:41.000000000,19.5768830049477
2026-03-19 08:28:54.000000000,15.18289511662541
2026-03-19 08:14:57.000000000,18.88574587944456
2026-03-19 08:07:20.000000000,17.782008584687365
2026-03-19 08:00:34.000000000,16.471268584474583
2026-03-19 08:22:21.000000000,83.73838405588772
2026-03-19 08:38:47.000000000,36.97865098580207
2026-03-19 08:25:55.000000000,5.6254770595564745
2026-03-19 08:45:54.000000000,24.67674753239884
2026-03-19 08:58:22.000000000,12.324744814682001
2026-03-19 08:01:30.000000000,15.304882117505008
2026-03-19 08:55:16.000000000,7.596308655945376
2026-03-19 08:40:18.000000000,16.868247916388047
2026-03-19 09:59:33.000000000,27.434234151223123
2026-03-19 09:24:51.000000000,12.211052206810656
2026-03-19 09:01:28.000000000,15.273431079727603
2026-03-19 09:28:10.000000000,16.976277755182632
2026-03-19 09:46:39.000000000,11.994848738601826
2026-03-19 09:18:40.000000000,8.834082111181797
2026-03-19 09:24:01.000000000,9.842092673098179
2026-03-19 09:25:01.000000000,6.091402628206539
2026-03-19 09:28:50.000000000,14.067899957533529
2026-03-19 09:09:59.000000000,34.90312682188565
2026-03-19 09:42:23.000000000,15.56208627671199
2026-03-19 09:48:38.000000000,36.04077192366165
2026-03-19 09:16:10.000000000,9.83497782160666
2026-03-19 09:02:49.000000000,8.930923851126945
2026-03-19 09:11:29.000000000,15.018948180633648
2026-03-19 09:12:03.000000000,76.4900114754633
2026-03-19 09:08:54.000000000,130.7582055942082
2026-03-19 09:32:42.000000000,26.65242281614496
2026-03-19 10:51:05.000000000,9.493489926543262
2026-03-19 10:07:46.000000000,11.871174798700322
2026-03-19 10:21:49.000000000,15.113166524780317
2026-03-19 10:40:12.000000000,27.955226240675188
2026-03-19 10:04:58.000000000,34.95246598056536
2026-03-19 10:25:14.000000000,12.47585903855899
2026-03-19 10:25:25.000000000,24.170794304822387
2026-03-19 10:30:36.000000000,18.566694416241635
2026-03-19 10:53:40.000000000,31.619813573079778
2026-03-19 10:23:49.000000000,86.53764929520104
2026-03-19 11:41:06.000000000,37.92638855089364
2026-03-19 11:28:42.000000000,17.4924831380797
2026-03-19 11:49:08.000000000,39.08485757667728
2026-03-19 11:23:30.000000000,37.556595544519
2026-03-19 11:13:27.000000000,64.0815919971782
2026-03-19 11:44:20.000000000,76.07499232675782
2026-03-19 11:08:59.000000000,9.71825927884932
2026-03-19 11:16:48.000000000,22.32684929714801
2026-03-19 11:50:26.000000000,14.493214533097127
2026-03-19 11:56:04.000000000,12.359857612768327
2026-03-19 11:07:46.000000000,25.57711194737559
2026-03-19 11:02:09.000000000,14.387196185394714
2026-03-19 11:42:41.000000000,19.404869853622635
2026-03-19 11:21:29.000000000,21.201521446627925
2026-03-19 11:44:42.000000000,17.234551556529706
2026-03-19 11:22:09.000000000,9.852857148354401
2026-03-19 11:47:41.000000000,10.76688894482169
2026-03-19 12:44:45.000000000,16.080757213211562
2026-03-19 12:34:53.000000000,41.510842241946904
2026-03-19 12:16:14.000000000,19.36995354747323
2026-03-19 12:46:03.000000000,22.134779206436917
2026-03-19 12:01:48.000000000,9.27781037524878
2026-03-19 12:45:56.000000000,10.745055385238157
2026-03-19 12:16:35.000000000,14.980324674382537
2026-03-19 12:01:31.000000000,11.019375637819467
2026-03-19 12:55:36.000000000,100.6889002656255
2026-03-19 12:43:33.000000000,26.12100465749867
2026-03-19 12:03:53.000000000,10.595431810313944
2026-03-19 12:44:32.000000000,24.932750875954877
2026-03-19 12:35:48.000000000,17.773563756313518
2026-03-19 12:10:54.000000000,13.16809140837191
2026-03-19 12:59:48.000000000,15.963785145864412
2026-03-19 12:22:35.000000000,50.19924541588567
2026-03-19 13:14:32.000000000,7.532538951170338
2026-03-19 13:51:02.000000000,23.301749812235123
2026-03-19 13:09:45.000000000,26.890216965744766
2026-03-19 13:06:59.000000000,37.387270329554624
2026-03-19 13:44:44.000000000,29.18156924221728
2026-03-19 13:15:09.000000000,22.39667904240201
2026-03-19 13:49:49.000000000,58.847921048474994
2026-03-19 13:51:23.000000000,14.718245502044198
2026-03-19 13:59:06.000000000,8.187574117208317
2026-03-19 13:34:32.000000000,23.923306593769748
2026-03-19 13:58:57.000000000,41.716678215627816
2026-03-19 13:55:00.000000000,8.809512562865292
2026-03-19 13:03:58.000000000,17.317508014228366
2026-03-19 13:37:51.000000000,39.988307022032515
2026-03-19 13:03:04.000000000,19.33762421446361
2026-03-19 13:43:48.000000000,35.3826707764796
2026-03-19 14:00:05.000000000,17.327081467768622
2026-03-19 14:16:38.000000000,69.76354046725629
2026-03-19 14:45:30.000000000,37.977011243656115
2026-03-19 14:18:11.000000000,19.411420030747884
2026-03-19 14:49:41.000000000,41.0788600577584
2026-03-19 14:40:46.000000000,130.02956509179242
2026-03-19 14:30:04.000000000,96.25232879300258
2026-03-19 14:46:29.000000000,19.060226612433596
2026-03-19 14:18:29.000000000,8.930113429229523
2026-03-19 14:32:41.000000000,32.2056062943982
2026-03-19 14:15:06.000000000,7.891537972937741
2026-03-19 14:00:41.000000000,110.3872768826088
2026-03-19 14:51:14.000000000,22.28931916359477
2026-03-19 14:32:41.000000000,12.140649348229406
2026-03-19 14:43:57.000000000,160.88320541373622
2026-03-19 14:16:03.000000000,8.832795696324384
2026-03-19 14:04:52.000000000,25.768131825481014
2026-03-19 14:33:44.000000000,75.5767407939078
2026-03-19 15:37:43.000000000,13.072551330209388
2026-03-19 15:09:54.000000000,16.477640221254795
2026-03-19 15:43:24.000000000,18.64314729177622
2026-03-19 15:29:48.000000000,36.31484482043462
2026-03-19 15:07:33.000000000,33.60379904740457
2026-03-19 15:26:25.000000000,25.02581098953296
2026-03-19 15:41:17.000000000,17.83159582496892
2026-03-19 15:56:23.000000000,66.09124764132287
2026-03-19 15:44:41.000000000,6.412290634100606
2026-03-19 15:52:08.000000000,8.622548304930126
2026-03-19 15:52:16.000000000,8.923255531874364
2026-03-19 15:20:51.000000000,8.083847849415577
2026-03-19 15:00:13.000000000,15.12007582206864
2026-03-19 15:05:01.000000000,6.132435672565618
2026-03-19 15:10:59.000000000,52.00647172732423
2026-03-19 15:01:21.000000000,47.545459043298074
2026-03-19 15:08:44.000000000,45.05847801821037
2026-03-19 15:04:43.000000000,18.583564849722713
2026-03-19 15:04:26.000000000,19.302203141753992
2026-03-19 15:55:52.000000000,8.079771651294102
2026-03-19 16:13:55.000000000,24.924676495467487
2026-03-19 16:21:08.000000000,56.86978920519551
2026-03-19 16:54:41.000000000,10.183222101474463
2026-03-19 16:46:03.000000000,254.15943664202376
2026-03-19 16:17:45.000000000,11.345014477022682
2026-03-19 16:51:19.000000000,12.600747583060071
2026-03-19 16:50:58.000000000,38.355235879161114
2026-03-19 16:55:58.000000000,20.980093157437366
2026-03-19 16:39:37.000000000,10.707325569276174
2026-03-19 16:18:30.000000000,17.648163788216102
2026-03-19 16:39:37.000000000,17.931310937927872
2026-03-19 16:26:57.000000000,13.278063827735414
2026-03-19 16:44:45.000000000,13.745546930350912
2026-03-19 16:00:30.000000000,8.15555785321572
2026-03-19 16:12:16.000000000,45.805560200282294
2026-03-19 16:56:54.000000000,35.71435528804299
2026-03-19 16:56:47.000000000,56.62575068602972
2026-03-19 16:19:57.000000000,22.53598808476358
2026-03-19 16:04:08.000000000,19.736090940618812
2026-03-19 17:30:04.000000000,27.581730795138867
2026-03-19 17:02:52.000000000,10.265620163225785
2026-03-19 17:47:45.000000000,137.78643078659337
2026-03-19 17:53:02.000000000,19.434889781745103
2026-03-19 17:03:44.000000000,33.83268598733371
2026-03-19 17:57:24.000000000,33.44239064645915
2026-03-19 17:31:13.000000000,50.60030149645099
2026-03-19 17:39:29.000000000,44.84506572872116
2026-03-19 17:14:03.000000000,27.705293014227053
2026-03-19 17:43:06.000000000,30.817845961980773
2026-03-19 17:59:34.000000000,19.853252744533897
2026-03-19 17:24:34.000000000,45.8247314368827
2026-03-19 17:08:19.000000000,12.495872163824272
2026-03-19 17:06:54.000000000,16.121320111472297
2026-03-19 17:50:59.000000000,22.110237371665203
2026-03-19 17:47:55.000000000,52.48807799436127
2026-03-19 17:42:07.000000000,29.190853830856447
2026-03-19 18:55:17.000000000,10.47560523647218
2026-03-19 18:26:38.000000000,15.072977908651161
2026-03-19 18:04:04.000000000,8.593675657370373
2026-03-19 18:23:26.000000000,8.905592285191648
2026-03-19 18:50:56.000000000,21.213933278037402
2026-03-19 18:12:34.000000000,21.19513762345997
2026-03-19 18:51:34.000000000,13.083715232264085
2026-03-19 18:41:33.000000000,139.84049430162483
2026-03-19 18:32:31.000000000,8.203682949140257
2026-03-19 18:14:18.000000000,31.62930384296982
2026-03-19 18:40:11.000000000,39.03506298507334
2026-03-19 18:44:34.000000000,8.511439764431179
2026-03-19 18:36:28.000000000,20.30287355877725
2026-03-19 18:04:06.000000000,65.1973040908649
2026-03-19 18:22:45.000000000,35.78173932123171
2026-03-19 18:34:38.000000000,23.21147223822072
2026-03-19 18:26:02.000000000,8.971646866287033
2026-03-19 18:13:35.000000000,16.58757620843362
2026-03-19 19:28:31.000000000,76.21898229574859
2026-03-19 19:59:47.000000000,6.8335039459813185
2026-03-19 19:29:52.000000000,9.801797587351258
2026-03-19 19:20:43.000000000,62.04309411404673
2026-03-19 19:10:15.000000000,17.358123836101868
2026-03-19 19:21:54.000000000,20.93085027097879
2026-03-19 19:11:45.000000000,20.19914028086976
2026-03-19 19:28:34.000000000,28.697804758828433
2026-03-19 19:52:44.000000000,54.74780522826476
2026-03-19 19:46:33.000000000,20.21852968119786
2026-03-19 19:17:37.000000000,20.55417568284194
2026-03-19 19:30:50.000000000,7.609412464602195
2026-03-19 20:17:43.000000000,13.359149734710993
2026-03-19 20:45:39.000000000,6.717684253059467
2026-03-19 20:47:33.000000000,33.992381577411024
2026-03-19 20:10:27.000000000,23.003347434397938
2026-03-19 20:55:40.000000000,15.126270495375131
2026-03-19 20:49:59.000000000,21.944906321701154
2026-03-19 20:35:31.000000000,28.084975135542347
2026-03-19 20:47:57.000000000,24.434453746049083
2026-03-19 20:03:39.000000000,9.567965261275104
2026-03-19 20:41:12.000000000,42.47157324477626
2026-03-19 20:44:59.000000000,174.81708477966643
2026-03-19 20:08:41.000000000,29.615632222129108
2026-03-19 20:08:40.000000000,49.76413890990387
2026-03-19 20:46:43.000000000,35.34338495457185
2026-03-19 20:14:31.000000000,16.062204374446917
2026-03-19 20:06:42.000000000,18.653778516601133
2026-03-19 20:27:31.000000000,27.160887436476944
2026-03-19 20:25:25.000000000,34.07491529225268
2026-03-19 20:35:26.000000000,35.74508592057802
2026-03-19 20:20:54.000000000,24.011877815280172
2026-03-19 21:29:04.000000000,9.776317866533548
2026-03-19 21:19:11.000000000,7.834222279512224
2026-03-19 21:22:08.000000000,38.279988789026966
2026-03-19 21:08:51.000000000,7.321678528897585
2026-03-19 21:40:54.000000000,105.52455288797294
2026-03-19 21:41:41.000000000,22.606968676250748
2026-03-19 21:27:41.000000000,46.02336240723645
2026-03-19 21:05:18.000000000,68.88908311305237
2026-03-19 21:49:25.000000000,18.240058900992246
2026-03-19 21:41:44.000000000,75.03233697753114
2026-03-19 21:08:02.000000000,31.41856694610979
2026-03-19 21:56:56.000000000,15.190340564775644
2026-03-19 22:13:46.000000000,49.26077112393592
2026-03-19 22:30:13.000000000,10.878250482117135
2026-03-19 22:11:18.000000000,16.92814403895104
2026-03-19 22:26:53.000000000,10.023941959069662
2026-03-19 22:25:53.000000000,11.655051671348131
2026-03-19 22:36:34.000000000,81.74637995507881
2026-03-19 22:27:11.000000000,26.507510975312027
2026-03-19 22:44:50.000000000,70.61421114725951
2026-03-19 22:33:36.000000000,30.500252505396215
2026-03-19 22:32:18.000000000,110.88596282155545
2026-03-19 22:03:44.000000000,29.878781623635334
2026-03-19 22:22:44.000000000,13.696215346941017
2026-03-19 22:27:44.000000000,41.22780952513864
2026-03-19 23:49:02.000000000,7.323634534648996
2026-03-19 23:28:06.000000000,13.070886089834662
2026-03-19 23:55:14.000000000,34.65760896313762
2026-03-19 23:27:28.000000000,6.432630042942934
2026-03-19 23:04:17.000000000,139.7913273369212
2026-03-19 23:14:11.000000000,6.764430982753847
2026-03-19 23:22:08.000000000,49.39558758828882
2026-03-19 23:22:45.000000000,36.3999588232242
2026-03-19 23:32:25.000000000,37.13941885020585
2026-03-19 23:22:00.000000000,6.566111732879622
2026-03-19 23:01:50.000000000,23.420975157225453
2026-03-19 23:22:41.000000000,8.609594023046597
2026-03-20 00:14:07.000000000,15.820980185486615
2026-03-20 00:46:32.000000000,10.85358207254059
2026-03-20 00:49:52.000000000,22.24655862787706
2026-03-20 00:09:38.000000000,18.09906382384514
2026-03-20 00:43:05.000000000,28.221011569564638
2026-03-20 00:37:56.000000000,20.41412914933455
2026-03-20 00:37:53.000000000,17.069895725143844
2026-03-20 01:36:21.000000000,18.61236048454995
2026-03-20 01:49:11.000000000,9.65590746870345
2026-03-20 01:05:07.000000000,37.950037981945115
2026-03-20 01:55:49.000000000,12.511622590612475
2026-03-20 01:37:11.000000000,120.86701540554763
2026-03-20 01:34:51.000000000,12.051335278309494
2026-03-20 01:59:14.000000000,10.836493239181088
2026-03-20 01:04:36.000000000,10.86978456758776
2026-03-20 02:11:17.000000000,6.570858691856064
2026-03-20 02:51:57.000000000,6.915147803284624
2026-03-20 02:47:51.000000000,63.77112044737876
2026-03-20 02:03:29.000000000,44.05529953227363
2026-03-20 02:51:47.000000000,34.65524152377441
2026-03-20 03:34:59.000000000,17.21870359574597
2026-03-20 03:13:32.000000000,11.097955619348978
2026-03-20 03:59:34.000000000,45.13147771651387
2026-03-20 03:23:01.000000000,32.02909171262225
2026-03-20 04:28:39.000000000,35.10793493042701
2026-03-20 04:25:00.000000000,35.05192478473703
2026-03-20 04:46:26.000000000,41.52975066751393
2026-03-20 04:19:20.000000000,56.34247572770241
2026-03-20 04:19:52.000000000,24.387850071834304
2026-03-20 05:41:40.000000000,11.347777175386653
2026-03-20 05:19:43.000000000,31.643677043455035
2026-03-20 05:18:27.000000000,5.994403772306059
2026-03-20 05:44:50.000000000,24.542862220711772
2026-03-20 05:21:47.000000000,62.41261421347096
2026-03-20 06:57:15.000000000,25.33751149688448
2026-03-20 06:24:38.000000000,8.19126587149126
2026-03-20 06:09:09.000000000,16.470518190448807
2026-03-20 06:44:33.000000000,16.56416802609233
2026-03-20 06:24:52.000000000,12.202106900068266
2026-03-20 07:53:11.000000000,96.05028895529753
2026-03-20 07:58:26.000000000,47.383605268294566
2026-03-20 07:44:24.000000000,57.459117902977034
2026-03-20 07:45:17.000000000,32.25950140102916
2026-03-20 07:52:46.000000000,20.204768088592093
2026-03-20 07:26:05.000000000,9.262452179582079
2026-03-20 07:13:30.000000000,20.531233220204253
2026-03-20 07:02:46.000000000,22.032603319788596
2026-03-20 07:27:18.000000000,19.348610753478496
2026-03-20 07:11:41.000000000,57.88230450771845
2026-03-20 07:15:48.000000000,28.236655118420707
2026-03-20 07:58:27.000000000,23.848311681352623
2026-03-20 07:41:25.000000000,19.93591683122678
2026-03-20 07:54:43.000000000,27.280349032285123
2026-03-20 07:03:39.000000000,23.321804962441725
2026-03-20 07:13:10.000000000,8.121290813895547
2026-03-20 07:15:41.000000000,8.80295765416294
2026-03-20 07:56:26.000000000,15.88295153195605
2026-03-20 07:50:40.000000000,8.984238376602784
2026-03-20 08:22:24.000000000,36.42931712862095
2026-03-20 08:38:54.000000000,17.14307317319212
2026-03-20 08:38:30.000000000,99.97956136406094
2026-03-20 08:26:06.000000000,25.715143726237777
2026-03-20 08:18:02.000000000,20.531264562567916
2026-03-20 08:22:14.000000000,6.754880851530848
2026-03-20 08:02:57.000000000,22.928475009260694
2026-03-20 08:26:43.000000000,8.425045581707844
2026-03-20 08:40:17.000000000,100.98081454841736
2026-03-20 08:00:51.000000000,35.73765535204209
2026-03-20 08:05:06.000000000,18.59019980462951
2026-03-20 08:20:46.000000000,7.861644233330373
2026-03-20 08:04:16.000000000,8.18970615930551
2026-03-20 08:27:29.000000000,13.237043372115908
2026-03-20 08:21:06.000000000,28.22101901492268
2026-03-20 08:41:47.000000000,42.18025824096326
2026-03-20 08:45:05.000000000,176.1822005262719
2026-03-20 08:18:29.000000000,28.07611092139854
2026-03-20 08:08:27.000000000,15.304175493492657
2026-03-20 09:55:24.000000000,9.970102858167671
2026-03-20 09:11:32.000000000,34.38205251349229
2026-03-20 09:11:15.000000000,25.9387995896667
2026-03-20 09:19:41.000000000,15.280534291067658
2026-03-20 09:20:39.000000000,21.53544064580956
2026-03-20 09:54:10.000000000,41.220921154997264
2026-03-20 09:20:36.000000000,26.775620763830045
2026-03-20 09:17:00.000000000,65.22884812746585
2026-03-20 09:17:18.000000000,25.812517285468978
2026-03-20 09:10:09.000000000,33.73110455101685
2026-03-20 09:11:49.000000000,19.881212160954274
2026-03-20 09:59:50.000000000,14.381195879438028
2026-03-20 09:02:31.000000000,9.551165295018427
2026-03-20 09:22:25.000000000,14.486131064764358
2026-03-20 09:17:44.000000000,30.893730380164676
2026-03-20 09:40:18.000000000,9.522550790433897
2026-03-20 09:44:36.000000000,6.904295963297753
2026-03-20 09:40:30.000000000,30.376846212593478
2026-03-20 10:49:49.000000000,36.69163719757395
2026-03-20 10:20:09.000000000,20.720812442978318
2026-03-20 10:32:18.000000000,25.49229743144595
2026-03-20 10:41:47.000000000,70.77398428351573
2026-03-20 10:00:24.000000000,91.3243524384802
2026-03-20 10:57:25.000000000,11.474193574978534
2026-03-20 10:54:45.000000000,12.600069139222036
2026-03-20 10:48:19.000000000,20.091380523192186
2026-03-20 10:02:00.000000000,20.471220006085773
2026-03-20 10:10:30.000000000,11.634839057909304
2026-03-20 10:30:01.000000000,18.48284562191368
2026-03-20 10:52:10.000000000,19.46994040694413
2026-03-20 10:02:38.000000000,19.466156702427643
2026-03-20 10:46:39.000000000,30.96674944048757
2026-03-20 10:26:34.000000000,20.524986352781028
2026-03-20 10:49:35.000000000,8.190386417999768
2026-03-20 10:04:22.000000000,25.75140570972783
2026-03-20 10:33:44.000000000,9.523446783180287
2026-03-20 11:25:58.000000000,33.44873343031303
2026-03-20 11:54:57.000000000,22.09440812417888
2026-03-20 11:31:26.000000000,15.275947499013975
2026-03-20 11:25:43.000000000,7.227267426992883
2026-03-20 11:13:18.000000000,16.84778799099388
2026-03-20 11:53:10.000000000,103.53195202444088
2026-03-20 11:16:47.000000000,107.74134546787292
2026-03-20 11:13:50.000000000,10.953604500277706
2026-03-20 11:42:38.000000000,22.063022664766667
2026-03-20 11:12:56.000000000,40.1333619797434
2026-03-20 11:28:48.000000000,22.589476062052952
2026-03-20 11:50:52.000000000,19.898175544460212
2026-03-20 11:19:50.000000000,35.12507864490478
2026-03-20 11:05:07.000000000,19.27313438617135
2026-03-20 11:05:35.000000000,31.144003841196696
2026-03-20 11:35:51.000000000,29.220700161961613
2026-03-20 11:27:09.000000000,13.231129837970176
2026-03-20 11:41:55.000000000,6.754999937307466
2026-03-20 11:32:58.000000000,11.497111011899994
2026-03-20 11:57:59.000000000,18.45909021659656
2026-03-20 12:26:04.000000000,11.552971844790457
2026-03-20 12:41:45.000000000,5.737232208735092
2026-03-20 12:25:36.000000000,93.20557877514675
2026-03-20 12:11:06.000000000,9.583026919810887
2026-03-20 12:07:57.000000000,24.252867844340972
2026-03-20 12:35:49.000000000,31.432875717804016
2026-03-20 12:57:42.000000000,90.90694201255931
2026-03-20 12:48:57.000000000,38.319450665665116
2026-03-20 12:05:43.000000000,25.43059100275498
2026-03-20 12:56:02.000000000,9.095962889936382
2026-03-20 13:15:48.000000000,37.200008769509985
2026-03-20 13:04:16.000000000,32.9009855959295
2026-03-20 13:20:42.000000000,39.37302236435797
2026-03-20 13:27:16.000000000,14.54199548246201
2026-03-20 13:26:39.000000000,17.029372766108864
2026-03-20 13:53:46.000000000,94.65964114302264
2026-03-20 13:59:43.000000000,23.839019672938942
2026-03-20 13:35:55.000000000,29.4257043099869
2026-03-20 13:47:04.000000000,20.52437988808356
2026-03-20 13:12:38.000000000,21.81687253961397
2026-03-20 13:36:12.000000000,11.641084559797207
2026-03-20 13:56:41.000000000,24.373914673042083
2026-03-20 13:01:37.000000000,13.0400154876614
2026-03-20 13:09:38.000000000,11.206215196590929
2026-03-20 13:29:24.000000000,40.99597164411366
2026-03-20 13:42:50.000000000,25.576623216329526
2026-03-20 13:00:11.000000000,10.826095631772299
2026-03-20 14:01:41.000000000,12.608108344301
2026-03-20 14:39:49.000000000,25.880049116504377
2026-03-20 14:17:22.000000000,8.577423454360238
2026-03-20 14:52:01.000000000,12.206730443177257
2026-03-20 14:42:46.000000000,35.564248128612604
2026-03-20 14:55:21.000000000,17.878796096646933
2026-03-20 14:30:32.000000000,38.05629680244169
2026-03-20 14:35:55.000000000,11.455997947977623
2026-03-20 14:43:13.000000000,62.64505263512466
2026-03-20 14:00:08.000000000,20.05190593928064
2026-03-20 14:36:47.000000000,69.41604896060149
2026-03-20 14:37:09.000000000,52.10277732586183
2026-03-20 14:56:46.000000000,31.31011909527378
2026-03-20 14:16:12.000000000,37.67016174701479
2026-03-20 14:14:18.000000000,35.46448987524956
2026-03-20 14:13:31.000000000,14.52132873774741
2026-03-20 14:50:40.000000000,46.1779779848048
2026-03-20 15:32:20.000000000,78.32065092962112
2026-03-20 15:40:39.000000000,12.34304525207281
2026-03-20 15:36:15.000000000,19.46952063519809
2026-03-20 15:51:58.000000000,24.44979212891904
2026-03-20 15:02:04.000000000,7.714523988157138
2026-03-20 15:01:17.000000000,27.69410647247965
2026-03-20 15:30:09.000000000,11.664442057959135
2026-03-20 15:41:45.000000000,27.57866030655072
2026-03-20 15:37:37.000000000,15.194859761854612
2026-03-20 15:24:17.000000000,253.26846890539028
2026-03-20 15:51:07.000000000,17.768176966479345
2026-03-20 15:20:43.000000000,70.2090580765645
2026-03-20 15:35:26.000000000,15.968280704045345
2026-03-20 15:34:44.000000000,69.36243423527712
2026-03-20 16:52:14.000000000,70.78608372761803
2026-03-20 16:15:31.000000000,30.778772063907763
2026-03-20 16:42:24.000000000,6.132435672565618
2026-03-20 16:29:59.000000000,15.009254952928616
2026-03-20 16:12:11.000000000,100.95551004730505
2026-03-20 16:32:45.000000000,21.681663418606
2026-03-20 16:42:18.000000000,49.623791579785674
2026-03-20 16:58:18.000000000,8.195912106752026
2026-03-20 16:49:30.000000000,8.753578219884387
2026-03-20 16:22:14.000000000,13.566313802440174
2026-03-20 16:16:20.000000000,15.535683896174659
2026-03-20 16:24:19.000000000,12.487166010773286
2026-03-20 16:53:24.000000000,5.40410809813815
2026-03-20 16:40:28.000000000,18.579643440818092
2026-03-20 16:45:02.000000000,9.011033413156436
2026-03-20 16:21:21.000000000,58.29165287907445
2026-03-20 17:44:50.000000000,41.06130707226595
2026-03-20 17:02:21.000000000,15.173643116224136
2026-03-20 17:05:26.000000000,12.257806813575405
2026-03-20 17:31:16.000000000,14.223620639938977
2026-03-20 17:48:50.000000000,29.038335797883967
2026-03-20 17:48:23.000000000,75.55687493205227
2026-03-20 17:20:37.000000000,12.901599364107922
2026-03-20 17:39:28.000000000,22.19165270600115
2026-03-20 17:50:45.000000000,21.315887007198743
2026-03-20 17:03:42.000000000,7.582707426643098
2026-03-20 17:36:39.000000000,13.26940363178493
2026-03-20 17:20:31.000000000,9.810881064695131
2026-03-20 17:08:37.000000000,13.96016250574598
2026-03-20 17:23:07.000000000,7.451416069515163
2026-03-20 17:56:35.000000000,17.055697034663016
2026-03-20 17:51:03.000000000,12.34235716028526
2026-03-20 17:56:30.000000000,9.951542214228855
2026-03-20 17:23:43.000000000,6.897191985843179
2026-03-20 18:24:08.000000000,25.019063573499896
2026-03-20 18:35:09.000000000,22.93754314943222
2026-03-20 18:05:37.000000000,11.69955489721534
2026-03-20 18:07:03.000000000,23.450634714843243
2026-03-20 18:13:52.000000000,9.726631501244277
2026-03-20 18:49:17.000000000,9.193336017955328
2026-03-20 18:08:42.000000000,11.465266639663215
2026-03-20 18:36:20.000000000,29.43128197753069
2026-03-20 18:54:26.000000000,16.516380036118324
2026-03-20 18:22:49.000000000,9.57549758346502
2026-03-20 18:27:43.000000000,24.10920931503613
2026-03-20 18:49:18.000000000,15.611669870280052
2026-03-20 18:30:32.000000000,15.860892503463218
2026-03-20 18:29:41.000000000,17.33929398943133
2026-03-20 18:31:20.000000000,21.316917427766676
2026-03-20 18:55:06.000000000,9.69596090269838
2026-03-20 18:10:18.000000000,6.843510935806384
2026-03-20 19:23:45.000000000,17.955997822322477
2026-03-20 19:18:42.000000000,18.238775861208655
2026-03-20 19:25:54.000000000,42.017284228368126
2026-03-20 19:44:35.000000000,24.00867082721255
2026-03-20 19:10:42.000000000,21.338444100098396
2026-03-20 19:16:51.000000000,37.75332327262023
2026-03-20 19:13:35.000000000,25.472786514268233
2026-03-20 19:17:12.000000000,20.572257586177194
2026-03-20 19:27:25.000000000,72.82418063448037
2026-03-20 19:52:54.000000000,18.75053073926314
2026-03-20 19:31:15.000000000,15.875252345986636
2026-03-20 19:27:54.000000000,20.38513963860406
2026-03-20 19:56:45.000000000,6.265462506254631
2026-03-20 19:00:10.000000000,71.71371812259338
2026-03-20 19:22:11.000000000,6.893641260764931
2026-03-20 19:32:15.000000000,12.227175705386962
2026-03-20 19:23:09.000000000,19.797437415105513
2026-03-20 20:07:06.000000000,19.9784711398607
2026-03-20 20:29:52.000000000,36.968105499606544
2026-03-20 20:35:32.000000000,29.64011863579301
2026-03-20 20:39:01.000000000,6.4367040667797095
2026-03-20 20:46:10.000000000,8.78955471278749
2026-03-20 20:51:28.000000000,7.625506979885996
2026-03-20 20:16:39.000000000,42.12134240350661
2026-03-20 20:56:00.000000000,10.67928201856715
2026-03-20 20:25:26.000000000,14.1643541322548
2026-03-20 20:45:59.000000000,27.058469229389654
2026-03-20 20:57:33.000000000,14.457083312926157
2026-03-20 20:02:55.000000000,35.753755292600786
2026-03-20 20:40:35.000000000,11.557035642929577
2026-03-20 20:15:51.000000000,13.88167788902265
2026-03-20 20:31:22.000000000,18.136990181189695
2026-03-20 20:43:44.000000000,16.864011309017233
2026-03-20 20:42:54.000000000,20.40135366925144
2026-03-20 20:16:26.000000000,49.64680101349818
2026-03-20 20:08:35.000000000,8.831712030121471
2026-03-20 20:22:02.000000000,19.490581515838155
2026-03-20 20:44:19.000000000,28.656830728090025
2026-03-20 21:20:38.000000000,29.497817266245896
2026-03-20 21:42:51.000000000,15.63862319850594
2026-03-20 21:03:00.000000000,36.64644275857682
2026-03-20 21:24:55.000000000,13.477656634157604
2026-03-20 21:47:37.000000000,5.869529155660222
2026-03-20 21:00:19.000000000,5.905411423292363
2026-03-20 21:36:23.000000000,17.95401708686968
2026-03-20 21:53:18.000000000,44.35632120866588
2026-03-20 21:32:09.000000000,13.218265128829303
2026-03-20 21:52:30.000000000,20.152440616877612
2026-03-20 21:07:50.000000000,26.218599384517116
2026-03-20 21:57:25.000000000,15.72219074758242
2026-03-20 21:54:01.000000000,90.62223561607422
2026-03-20 21:59:43.000000000,183.20406058863955
2026-03-20 21:14:09.000000000,40.401225466299934
2026-03-20 21:39:30.000000000,28.188192134061783
2026-03-20 21:12:32.000000000,27.70969761894258
2026-03-20 21:24:59.000000000,7.480196747633114
2026-03-20 21:29:30.000000000,11.620035013074249
2026-03-20 21:29:48.000000000,16.865288915480917
2026-03-20 21:36:54.000000000,33.185940012250484
2026-03-20 21:01:30.000000000,9.82383457632527
2026-03-20 21:19:05.000000000,43.43202666402686
2026-03-20 21:21:15.000000000,31.659245869623415
2026-03-20 21:42:18.000000000,30.141544015249664
2026-03-20 22:43:35.000000000,17.239613985994573
2026-03-20 22:56:02.000000000,51.333367644252014
2026-03-20 22:49:13.000000000,16.654160770895015
2026-03-20 22:30:45.000000000,23.330907694310735
2026-03-20 22:02:58.000000000,8.293497561842658
2026-03-20 22:22:44.000000000,39.97172573104566
2026-03-20 22:29:04.000000000,64.38920754198682
2026-03-20 22:12:16.000000000,45.48145784605101
2026-03-20 22:17:25.000000000,14.06716783199684
2026-03-20 22:26:38.000000000,58.55784190731948
2026-03-20 22:28:01.000000000,9.71013643500698
2026-03-20 22:28:34.000000000,17.71091920020103
2026-03-20 22:27:24.000000000,55.89217363710404
2026-03-20 23:35:47.000000000,43.428231854949395
2026-03-20 23:43:23.000000000,52.45393267931227
2026-03-20 23:43:06.000000000,51.1721552970552
2026-03-20 23:30:21.000000000,12.758230680477718
2026-03-20 23:07:24.000000000,59.69436577079289
2026-03-20 23:14:40.000000000,15.185546518141349
2026-03-20 23:40:24.000000000,31.42057307038657
2026-03-20 23:25:52.000000000,15.59390756282158
2026-03-20 23:49:52.000000000,25.821694672533496
2026-03-20 23:57:12.000000000,67.85960887879982
2026-03-20 23:20:45.000000000,9.553199386487684
2026-03-20 23:18:12.000000000,24.53656949583354
2026-03-20 23:58:36.000000000,19.05604936472315
2026-03-20 23:52:23.000000000,52.08523722041106
2026-03-20 23:54:12.000000000,30.750993319087286
2026-03-20 23:47:08.000000000,48.72896566314729
2026-03-20 23:45:03.000000000,48.9895908224857
2026-03-20 23:08:24.000000000,15.062890649640329
2026-03-20 23:24:00.000000000,31.911469957124257
2026-03-20 23:31:10.000000000,42.144627894224854
2026-03-21 00:39:12.000000000,22.144205546360514
2026-03-21 00:42:03.000000000,27.560824426284086
2026-03-21 00:39:24.000000000,14.561388038690101
2026-03-21 00:40:51.000000000,14.13556389727551
2026-03-21 00:53:51.000000000,39.64652969336576
2026-03-21 00:53:43.000000000,40.17948896051667
2026-03-21 00:40:15.000000000,25.531398659121557
2026-03-21 00:48:38.000000000,26.2834675899704
2026-03-21 00:59:17.000000000,10.61180870013748
2026-03-21 00:01:57.000000000,15.169765487991546
2026-03-21 01:13:27.000000000,35.45334060727781
2026-03-21 01:52:17.000000000,15.939599487949398
2026-03-21 01:29:23.000000000,13.280396385560222
2026-03-21 01:49:08.000000000,23.630943861457105
2026-03-21 01:39:43.000000000,51.413693310231146
2026-03-21 01:01:59.000000000,52.1568561986756
2026-03-21 01:47:58.000000000,8.72126950022205
2026-03-21 01:35:40.000000000,19.465389681834452
2026-03-21 01:02:34.000000000,10.966239256106494
2026-03-21 01:00:16.000000000,21.01731928568759
2026-03-21 01:55:01.000000000,12.472668963751705
2026-03-21 02:12:36.000000000,11.75045006061021
2026-03-21 02:22:15.000000000,6.955437602007948
2026-03-21 02:36:29.000000000,13.191294074573525
2026-03-21 02:16:05.000000000,13.557571668958747
2026-03-21 02:09:43.000000000,8.94677680507213
2026-03-21 02:24:36.000000000,19.24416562572226
2026-03-21 02:08:57.000000000,9.727287416164991
2026-03-21 02:16:09.000000000,8.786584073935773
2026-03-21 02:28:44.000000000,15.17256895480739
2026-03-21 03:07:16.000000000,27.090076851860374
2026-03-21 03:15:23.000000000,48.55263828747018
2026-03-21 03:10:17.000000000,17.601432659883358
2026-03-21 03:47:06.000000000,7.340144688172295
2026-03-21 03:23:38.000000000,19.40989377256322
2026-03-21 04:06:05.000000000,30.062742347276295
2026-03-21 04:26:15.000000000,73.48858478470147
2026-03-21 04:33:17.000000000,46.285998738400366
2026-03-21 04:29:18.000000000,27.469912855595133
2026-03-21 04:14:46.000000000,44.70352644792023
2026-03-21 04:44:20.000000000,29.11809224661894
2026-03-21 04:10:42.000000000,25.72859721017993
2026-03-21 05:24:12.000000000,18.53973731153068
2026-03-21 05:15:06.000000000,67.55074795753713
2026-03-21 05:52:53.000000000,11.639693353856504
2026-03-21 05:00:42.000000000,69.36992743716984
2026-03-21 05:07:41.000000000,28.280271923071968
2026-03-21 06:25:06.000000000,25.430797157590327
2026-03-21 06:28:40.000000000,24.905019035859354
2026-03-21 06:11:57.000000000,16.232734242743152
2026-03-21 06:45:32.000000000,69.54161377279772
2026-03-21 06:15:21.000000000,13.216476706186285
2026-03-21 06:30:43.000000000,12.56169638278976
2026-03-21 06:21:52.000000000,17.754225694281658
2026-03-21 06:51:10.000000000,26.5095465592141
2026-03-21 06:34:01.000000000,23.102617602179798
2026-03-21 06:08:00.000000000,21.65862881613596
2026-03-21 06:01:55.000000000,55.979181828774244
2026-03-21 06:08:48.000000000,10.228987081627825
2026-03-21 06:01:53.000000000,8.986017277779167
2026-03-21 06:56:04.000000000,29.512854904256123
2026-03-21 07:21:25.000000000,25.49045832399784
2026-03-21 07:14:18.000000000,11.502313538210762
2026-03-21 07:55:45.000000000,14.726824531056032
2026-03-21 07:36:21.000000000,37.10790016863258
2026-03-21 07:00:09.000000000,10.238799404369166
2026-03-21 07:36:43.000000000,23.992325200050193
2026-03-21 07:09:00.000000000,13.1901745969486
2026-03-21 07:03:45.000000000,32.685517902329266
2026-03-21 07:17:02.000000000,16.548980689530882
2026-03-21 07:10:35.000000000,28.066787519352072
2026-03-21 08:28:05.000000000,6.351207214457329
2026-03-21 08:20:25.000000000,9.86400677602998
2026-03-21 08:44:17.000000000,15.286154347711843
2026-03-21 08:56:44.000000000,13.192598220085648
2026-03-21 08:44:17.000000000,169.47256990047856
2026-03-21 08:51:15.000000000,12.487491396326043
2026-03-21 09:49:11.000000000,26.28575151487392
2026-03-21 09:33:04.000000000,11.818045258817367
2026-03-21 09:26:32.000000000,7.356511202694685
2026-03-21 09:44:13.000000000,8.395438877667594
2026-03-21 09:49:27.000000000,21.174283152382106
2026-03-21 09:57:48.000000000,12.180398683312562
2026-03-21 09:31:40.000000000,11.690283719282693
2026-03-21 09:36:55.000000000,112.47454450419907
2026-03-21 09:09:04.000000000,10.71122008155517
2026-03-21 09:55:38.000000000,9.731693924866637
2026-03-21 09:59:44.000000000,125.00948115003756
2026-03-21 09:31:11.000000000,11.638639499976337
2026-03-21 09:25:50.000000000,22.92478898783566
2026-03-21 10:36:39.000000000,13.479459224995551
2026-03-21 10:30:48.000000000,40.59305457902929
2026-03-21 10:20:23.000000000,22.068143991044376
2026-03-21 10:09:13.000000000,34.88289309789415
2026-03-21 10:02:18.000000000,25.278787002713376
2026-03-21 10:52:16.000000000,8.981757496674692
2026-03-21 10:00:33.000000000,13.345506910920406
2026-03-21 10:14:55.000000000,30.501355055664543
2026-03-21 10:52:12.000000000,38.47594938328898
2026-03-21 10:38:01.000000000,14.209357008854377
2026-03-21 10:52:21.000000000,22.166165964698976
2026-03-21 10:35:21.000000000,8.84359892831939
2026-03-21 10:27:06.000000000,16.686936075595916
2026-03-21 10:10:53.000000000,18.408060162220476
2026-03-21 10:24:01.000000000,96.21174524388921
2026-03-21 11:01:17.000000000,8.903150581079387
2026-03-21 11:12:04.000000000,47.37970226386062
2026-03-21 11:10:21.000000000,13.12159017927371
2026-03-21 11:50:00.000000000,8.789836199945455
2026-03-21 11:15:16.000000000,18.58233674997581
2026-03-21 11:13:05.000000000,16.705156438963886
2026-03-21 11:28:49.000000000,11.93620911681384
2026-03-21 11:33:11.000000000,12.410872329716069
2026-03-21 11:34:34.000000000,10.612096599654691
2026-03-21 11:11:32.000000000,7.882252934533688
2026-03-21 11:51:17.000000000,22.220896998799297
2026-03-21 11:12:34.000000000,12.361258239440522
2026-03-21 11:20:22.000000000,7.997353404314627
2026-03-21 12:18:54.000000000,13.48676518163669
2026-03-21 12:52:41.000000000,36.37461777497904
2026-03-21 12:24:07.000000000,14.587135899373507
2026-03-21 12:11:40.000000000,8.704109770206065
2026-03-21 12:26:44.000000000,15.200296591126147
2026-03-21 12:12:28.000000000,7.321678528897585
2026-03-21 12:03:09.000000000,27.273431595629418
2026-03-21 12:48:19.000000000,21.57366571817298
2026-03-21 12:06:50.000000000,59.733557743211705
2026-03-21 12:05:34.000000000,27.869187675271583
2026-03-21 12:30:45.000000000,55.12312349260029
2026-03-21 12:23:59.000000000,6.233167981672895
2026-03-21 12:51:24.000000000,28.15537076052612
2026-03-21 12:08:42.000000000,11.686200045488564
2026-03-21 12:50:15.000000000,41.01846744695694
2026-03-21 12:48:44.000000000,7.485924348031837
2026-03-21 12:22:17.000000000,16.899325066055468
2026-03-21 13:22:24.000000000,14.415669308934872
2026-03-21 13:56:55.000000000,12.732905202083721
2026-03-21 13:32:14.000000000,7.878645593779893
2026-03-21 13:18:36.000000000,30.982609518923923
2026-03-21 13:46:14.000000000,34.35960821526546
2026-03-21 13:04:08.000000000,47.87345187360613
2026-03-21 13:47:27.000000000,9.681483742205339
2026-03-21 13:06:17.000000000,10.902334673237606
2026-03-21 13:25:31.000000000,50.885221220704985
2026-03-21 13:56:57.000000000,15.877874900750756
2026-03-21 13:30:31.000000000,21.74390330246451
2026-03-21 13:17:28.000000000,18.242911041671682
2026-03-21 13:05:34.000000000,22.997641609159075
2026-03-21 13:23:37.000000000,9.879138965168089
2026-03-21 13:08:20.000000000,61.617073846546006
2026-03-21 13:54:29.000000000,23.87219724917986
2026-03-21 13:45:43.000000000,71.05013490588705
2026-03-21 13:34:02.000000000,20.401943990675893
2026-03-21 13:18:48.000000000,22.149948339428352
2026-03-21 13:36:35.000000000,15.721672729555172
2026-03-21 13:47:08.000000000,19.588079919297765
2026-03-21 13:51:53.000000000,90.25321545860692
2026-03-21 13:50:13.000000000,7.875396396194177
2026-03-21 13:05:46.000000000,20.8299797670789
2026-03-21 13:35:00.000000000,48.358135306647505
2026-03-21 14:02:52.000000000,32.34539399072688
2026-03-21 14:31:57.000000000,17.777657944189873
2026-03-21 14:36:32.000000000,40.44118509579391
2026-03-21 14:03:51.000000000,32.3723322733709
2026-03-21 14:02:35.000000000,59.19923138464605
2026-03-21 14:32:50.000000000,21.255101392674113
2026-03-21 14:32:21.000000000,16.962120037769832
2026-03-21 14:12:40.000000000,14.551581280094013
2026-03-21 14:32:12.000000000,18.913206769718155
2026-03-21 14:33:41.000000000,25.418625981149464
2026-03-21 14:42:52.000000000,27.814511030378977
2026-03-21 14:48:23.000000000,16.610746367709552
2026-03-21 14:18:17.000000000,19.302863850150175
2026-03-21 14:44:02.000000000,13.122930056884709
2026-03-21 14:20:26.000000000,20.59551427413084
2026-03-21 14:06:58.000000000,28.042631478168687
2026-03-21 14:46:45.000000000,45.44886118454044
2026-03-21 14:03:15.000000000,59.23975818825561
2026-03-21 14:49:14.000000000,26.513281444071225
2026-03-21 14:05:55.000000000,18.598305983540616
2026-03-21 14:13:57.000000000,120.42182926754084
2026-03-21 14:33:03.000000000,10.546965646150655
2026-03-21 14:17:19.000000000,73.18230273817161
2026-03-21 15:32:06.000000000,9.05193600432529
2026-03-21 15:06:46.000000000,11.450280262006723
2026-03-21 15:23:00.000000000,18.056357558075693
2026-03-21 15:17:07.000000000,44.51296651558075
2026-03-21 15:41:01.000000000,13.181406935817911
2026-03-21 15:32:55.000000000,50.62509580101886
2026-03-21 15:01:40.000000000,8.20971821897303
2026-03-21 15:39:52.000000000,9.923464493101367
2026-03-21 15:13:38.000000000,38.842014796161955
2026-03-21 15:47:53.000000000,6.911320176441033
2026-03-21 15:12:06.000000000,24.11505670097811
2026-03-21 15:26:39.000000000,30.37120417702388
2026-03-21 15:06:32.000000000,23.450188567370397
2026-03-21 15:01:40.000000000,21.225473673456456
2026-03-21 15:25:19.000000000,25.834439097304315
2026-03-21 15:40:31.000000000,21.318145640074928
2026-03-21 15:34:23.000000000,23.933633544375226
2026-03-21 15:23:28.000000000,9.023538919227303
2026-03-21 15:39:05.000000000,15.260672875329321
2026-03-21 15:15:57.000000000,49.6813166581543
2026-03-21 15:07:46.000000000,77.86470677998494
2026-03-21 16:47:18.000000000,220.40862502271375
2026-03-21 16:25:39.000000000,12.359857612768327
2026-03-21 16:00:13.000000000,26.640231656429894
2026-03-21 16:45:53.000000000,8.8540590456046
2026-03-21 16:20:02.000000000,54.254285818310315
2026-03-21 16:15:46.000000000,8.949451854877085
2026-03-21 16:13:10.000000000,29.177488575977794
2026-03-21 16:30:32.000000000,15.977315994942396
2026-03-21 16:05:25.000000000,22.070420250177786
2026-03-21 16:50:23.000000000,12.438877794399449
2026-03-21 16:16:12.000000000,39.78795457304728
2026-03-21 16:31:56.000000000,114.22396276413801
2026-03-21 16:57:23.000000000,111.30625966743222
2026-03-21 16:09:29.000000000,27.613261111202167
2026-03-21 16:43:21.000000000,15.188654639218607
2026-03-21 16:38:54.000000000,37.16414566634264
2026-03-21 16:38:39.000000000,13.209597724008429
2026-03-21 16:39:07.000000000,51.999487207718914
2026-03-21 16:11:28.000000000,10.274645209064792
2026-03-21 16:38:38.000000000,24.315255610888606
2026-03-21 17:18:11.000000000,39.77064779443193
2026-03-21 17:56:32.000000000,36.20483661726762
2026-03-21 17:47:16.000000000,24.30056892644242
2026-03-21 17:04:06.000000000,22.83437572730207
2026-03-21 17:02:32.000000000,52.74866145688576
2026-03-21 17:32:39.000000000,40.98972641352349
2026-03-21 17:12:57.000000000,23.968316105593246
2026-03-21 17:10:34.000000000,91.62300432290668
2026-03-21 17:49:21.000000000,30.474712430338375
2026-03-21 17:41:56.000000000,21.47464299421828
2026-03-21 17:30:13.000000000,47.781981973213995
2026-03-21 17:54:33.000000000,9.047602881421668
2026-03-21 17:44:26.000000000,14.937080459782516
2026-03-21 17:40:54.000000000,20.272157012706174
2026-03-21 17:19:42.000000000,10.846376026449176
2026-03-21 17:27:04.000000000,19.58421180492929
2026-03-21 17:58:02.000000000,10.27055892340012
2026-03-21 17:04:10.000000000,20.861369997367063
2026-03-21 17:25:41.000000000,32.13745497993982
2026-03-21 17:30:30.000000000,10.73324085819508
2026-03-21 17:56:25.000000000,14.201792239222302
2026-03-21 18:41:04.000000000,18.38205360017735
2026-03-21 18:56:37.000000000,9.620091005229442
2026-03-21 18:45:08.000000000,18.644208195384618
2026-03-21 18:34:29.000000000,38.21554708816545
2026-03-21 18:52:29.000000000,6.251078285346099
2026-03-21 18:27:53.000000000,15.154704881294736
2026-03-21 18:24:11.000000000,19.782561518329192
2026-03-21 18:24:04.000000000,19.927470780227832
2026-03-21 18:53:18.000000000,20.753367311343368
2026-03-21 18:58:57.000000000,10.851134582662041
2026-03-21 18:48:47.000000000,32.07647685991736
2026-03-21 18:41:23.000000000,18.63422656609746
2026-03-21 18:58:01.000000000,18.615881436065628
2026-03-21 18:30:01.000000000,12.904186023098694
2026-03-21 18:52:12.000000000,13.306290108999528
2026-03-21 18:28:58.000000000,8.133009748125943
2026-03-21 18:36:21.000000000,38.76626667854242
2026-03-21 19:42:01.000000000,17.750489189981877
2026-03-21 19:24:31.000000000,10.927860458733543
2026-03-21 19:11:16.000000000,16.078898370808176
2026-03-21 19:05:40.000000000,24.26121366683932
2026-03-21 19:40:04.000000000,46.811466008710475
2026-03-21 19:58:51.000000000,16.653220099102587
2026-03-21 19:28:34.000000000,30.056271013191747
2026-03-21 19:22:59.000000000,59.83697109164656
2026-03-21 19:09:28.000000000,11.64091671569563
2026-03-21 19:46:07.000000000,12.363043341335931
2026-03-21 19:56:27.000000000,39.21705311454265
2026-03-21 19:59:07.000000000,11.04699700595203
2026-03-21 19:17:04.000000000,39.64166485884044
2026-03-21 20:55:48.000000000,6.0829541998004055
2026-03-21 20:24:13.000000000,12.978221566740288
2026-03-21 20:04:38.000000000,39.75370978574525
2026-03-21 20:57:14.000000000,15.142496415568848
2026-03-21 20:17:34.000000000,11.692157720695299
2026-03-21 20:50:55.000000000,8.704861211009394
2026-03-21 20:23:15.000000000,21.340900944442087
2026-03-21 20:14:20.000000000,43.5239399762509
2026-03-21 20:02:43.000000000,7.668691086943445
2026-03-21 20:19:30.000000000,8.433228685697955
2026-03-21 20:13:36.000000000,18.883660245354257
2026-03-21 20:42:56.000000000,18.397139032576508
2026-03-21 20:05:26.000000000,12.543636813605005
2026-03-21 20:22:08.000000000,28.883096611299017
2026-03-21 20:18:39.000000000,15.812799582862409
2026-03-21 20:57:45.000000000,17.35783622563973
2026-03-21 20:14:56.000000000,16.70960383937436
2026-03-21 20:19:16.000000000,13.811295881099664
2026-03-21 20:30:45.000000000,9.033134840972533
2026-03-21 20:50:31.000000000,22.35368938328932
2026-03-21 20:36:17.000000000,16.01731807697783
2026-03-21 20:20:51.000000000,14.036765542681275
2026-03-21 20:06:26.000000000,14.3622205565679
2026-03-21 20:35:52.000000000,18.48398724241194
2026-03-21 20:43:00.000000000,15.95554325364674
2026-03-21 21:24:38.000000000,17.912114152000115
2026-03-21 21:29:40.000000000,9.561336005648181
2026-03-21 21:55:48.000000000,32.79620948926395
2026-03-21 21:30:49.000000000,15.162742335372618
2026-03-21 21:34:17.000000000,17.98677371752555
2026-03-21 21:07:15.000000000,24.79037070049075
2026-03-21 21:09:30.000000000,37.2878246316031
2026-03-21 21:28:13.000000000,22.139175142800603
2026-03-21 21:44:10.000000000,21.296839688127722
2026-03-21 21:52:03.000000000,57.179232768406564
2026-03-21 21:45:04.000000000,6.062244684156984
2026-03-21 21:54:58.000000000,9.542463945873758
2026-03-21 21:50:08.000000000,29.942017188812958
2026-03-21 21:09:03.000000000,18.634449258316998
2026-03-21 21:30:45.000000000,28.144865809010764
2026-03-21 21:37:10.000000000,15.289794697515132
2026-03-21 21:44:11.000000000,15.913382539031764
2026-03-21 22:40:05.000000000,44.540776117933085
2026-03-21 22:58:51.000000000,8.836755472468907
2026-03-21 22:33:57.000000000,32.29887290895186
2026-03-21 22:07:58.000000000,18.82605830362974
2026-03-21 22:21:56.000000000,35.31769642528026
2026-03-21 22:51:27.000000000,21.043769214976688
2026-03-21 22:20:19.000000000,24.047500202631866
2026-03-21 22:55:57.000000000,10.709200781351715
2026-03-21 22:51:30.000000000,8.075837925767646
2026-03-21 22:02:35.000000000,17.05975712955835
2026-03-21 22:36:54.000000000,17.924137948127157
2026-03-21 22:55:41.000000000,41.30321711468989
2026-03-21 22:13:04.000000000,27.564640025944385
2026-03-21 22:27:27.000000000,22.8035326317333
2026-03-21 22:30:20.000000000,30.145001284133937
2026-03-21 22:25:48.000000000,17.402667680575128
2026-03-21 22:49:00.000000000,37.47411141892467
2026-03-21 22:42:54.000000000,10.603905237913404
2026-03-21 22:14:36.000000000,31.552944158320884
2026-03-21 23:51:18.000000000,18.68977740770985
2026-03-21 23:20:18.000000000,24.40247878958488
2026-03-21 23:22:22.000000000,35.46226737318687
2026-03-21 23:54:34.000000000,43.82788193344956
2026-03-21 23:16:31.000000000,45.451116102690506
2026-03-21 23:57:37.000000000,78.20497500391552
2026-03-21 23:23:31.000000000,32.43002359375387
2026-03-21 23:13:48.000000000,35.076203322896426
2026-03-21 23:06:51.000000000,44.76099148791907
2026-03-21 23:20:03.000000000,22.194110122213367
2026-03-21 23:56:25.000000000,8.803807873921532
2026-03-21 23:03:47.000000000,24.321317008489373
2026-03-21 23:39:15.000000000,13.014187409376406
2026-03-21 23:38:36.000000000,19.474457004859925
2026-03-21 23:20:08.000000000,7.9819643597252865
2026-03-21 23:10:40.000000000,30.67407870753679
2026-03-21 23:53:26.000000000,39.999882030403214
2026-03-21 23:05:00.000000000,21.821449281742517
2026-03-21 23:53:51.000000000,62.9136995745398
2026-03-21 23:27:02.000000000,70.67939409373032
2026-03-21 23:50:49.000000000,52.909892902325204
2026-03-22 00:46:49.000000000,18.21587182448297
2026-03-22 00:06:22.000000000,41.0080049617834
2026-03-22 00:21:43.000000000,10.339536199053894
2026-03-22 00:18:15.000000000,31.642946974913418
2026-03-22 00:24:39.000000000,23.72684924928632
2026-03-22 00:42:38.000000000,9.84376207513746
2026-03-22 00:30:04.000000000,78.23190116418691
2026-03-22 00:07:02.000000000,39.143358935579954
2026-03-22 00:41:54.000000000,39.867995250330694
2026-03-22 00:10:33.000000000,25.675098457555915
2026-03-22 00:46:17.000000000,9.429021828695287
2026-03-22 00:07:37.000000000,12.908740246708359
2026-03-22 00:14:02.000000000,57.63396497050941
2026-03-22 00:00:51.000000000,26.523288105306854
2026-03-22 00:33:53.000000000,29.826298373915762
2026-03-22 00:48:28.000000000,48.23116599745631
2026-03-22 00:08:24.000000000,49.253743735305974
2026-03-22 00:08:23.000000000,19.39368340783943
2026-03-22 00:10:05.000000000,11.712449074488084
2026-03-22 00:10:04.000000000,8.209483779022753
2026-03-22 00:55:09.000000000,17.792588848249743
2026-03-22 01:27:34.000000000,12.392570791436611
2026-03-22 01:39:48.000000000,5.877496658301959
2026-03-22 01:28:53.000000000,10.89536983849221
2026-03-22 01:17:32.000000000,27.44776119340699
2026-03-22 01:59:49.000000000,63.59738362819766
2026-03-22 01:03:46.000000000,7.424726936044269
2026-03-22 01:00:51.000000000,15.981994688604036
2026-03-22 01:17:00.000000000,24.61948619598796
2026-03-22 01:28:37.000000000,14.233966694812985
2026-03-22 01:18:30.000000000,8.53325163408894
2026-03-22 01:49:31.000000000,44.80869589724096
2026-03-22 01:30:02.000000000,20.26249405660249
2026-03-22 01:23:41.000000000,42.14172630545333
2026-03-22 01:40:05.000000000,9.60885508678551
2026-03-22 02:26:35.000000000,18.08163977773604
2026-03-22 02:24:42.000000000,10.594700580438744
2026-03-22 02:47:25.000000000,61.758242545944015
2026-03-22 02:31:42.000000000,38.645714479172106
2026-03-22 02:17:08.000000000,28.56119686011769
2026-03-22 02:50:29.000000000,116.97042558006211
2026-03-22 02:00:10.000000000,6.112403254475371
2026-03-22 02:35:10.000000000,22.94094163449115
2026-03-22 02:16:03.000000000,101.28391665102934
2026-03-22 02:40:14.000000000,33.948165035699986
2026-03-22 02:46:48.000000000,31.349164162851
2026-03-22 02:12:17.000000000,5.988836763256211
2026-03-22 02:53:19.000000000,19.304135933771907
2026-03-22 02:55:22.000000000,19.827999469409782
2026-03-22 03:35:08.000000000,18.27382325376601
2026-03-22 03:46:41.000000000,28.045834182817146
2026-03-22 03:07:16.000000000,40.30418578126168
2026-03-22 03:06:14.000000000,43.099382887442246
2026-03-22 03:07:40.000000000,11.850513168995464
2026-03-22 03:13:14.000000000,15.746256938282091
2026-03-22 03:28:02.000000000,29.159542278313747
2026-03-22 03:03:05.000000000,20.436026544926566
2026-03-22 03:11:29.000000000,29.580320714157672
2026-03-22 04:45:08.000000000,62.55904613970664
2026-03-22 04:50:55.000000000,11.736160040883382
2026-03-22 04:20:37.000000000,16.4741644237755
2026-03-22 04:05:34.000000000,43.89935581035009
2026-03-22 04:09:35.000000000,44.98397538314319
2026-03-22 04:45:10.000000000,43.113237804102816
2026-03-22 05:54:00.000000000,25.869778778752856
2026-03-22 05:08:00.000000000,29.01059550587031
2026-03-22 05:38:53.000000000,8.077105768650059
2026-03-22 05:16:46.000000000,15.277981981792058
2026-03-22 05:34:22.000000000,23.27439360585288
2026-03-22 05:10:34.000000000,47.835075429774584
2026-03-22 06:04:10.000000000,26.65816075995752
2026-03-22 06:36:04.000000000,30.192065411630956
2026-03-22 07:34:59.000000000,6.815584641487499
2026-03-22 07:31:15.000000000,8.198437003518224
2026-03-22 07:55:17.000000000,20.057084819254968
2026-03-22 07:12:19.000000000,89.99667019684013
2026-03-22 07:51:57.000000000,6.770128848780641
2026-03-22 07:22:31.000000000,40.73541777834805
2026-03-22 08:42:17.000000000,23.000673069477205
2026-03-22 08:42:12.000000000,12.397692645372551
2026-03-22 08:34:11.000000000,97.90722128910164
2026-03-22 08:02:05.000000000,11.633208258930084
2026-03-22 08:18:23.000000000,25.450886837010376
2026-03-22 08:49:25.000000000,10.305224643987936
2026-03-22 09:23:23.000000000,12.439403530540366
2026-03-22 09:54:37.000000000,10.813099980468259
2026-03-22 09:42:46.000000000,13.262745591913687
2026-03-22 09:51:01.000000000,16.197274834422085
2026-03-22 09:22:42.000000000,11.502833114788626
2026-03-22 09:05:02.000000000,14.995834049367174
2026-03-22 09:39:36.000000000,11.86262895267392
2026-03-22 09:06:56.000000000,13.197120000876042
2026-03-22 09:36:57.000000000,35.92902629738837
2026-03-22 10:01:10.000000000,24.970771161446223
2026-03-22 10:21:52.000000000,17.735748848747008
2026-03-22 10:14:28.000000000,26.46933431742557
2026-03-22 10:41:15.000000000,22.468672963780637
2026-03-22 10:24:15.000000000,13.560291820006833
2026-03-22 10:38:30.000000000,22.139756878157147
2026-03-22 10:12:36.000000000,8.985879580911824
2026-03-22 10:37:50.000000000,8.981493454123939
2026-03-22 10:46:49.000000000,9.75509939522975
2026-03-22 11:44:02.000000000,40.418981862758265
2026-03-22 11:04:29.000000000,8.178407696885172
2026-03-22 11:11:54.000000000,20.9202486896603
2026-03-22 11:48:21.000000000,9.709850545537835
2026-03-22 11:45:12.000000000,13.884661027320554
2026-03-22 11:58:30.000000000,25.52703561734718
2026-03-22 11:35:24.000000000,12.476291248079898
2026-03-22 11:57:32.000000000,14.073697029442037
2026-03-22 11:29:55.000000000,72.06673636238422
2026-03-22 11:50:17.000000000,7.7179594616906675
2026-03-22 11:10:21.000000000,15.530785880447358
2026-03-22 11:51:12.000000000,8.018424916473354
2026-03-22 11:18:59.000000000,12.457941982824163
2026-03-22 11:55:39.000000000,14.799966450973532
2026-03-22 11:44:37.000000000,16.125824150651685
2026-03-22 11:17:11.000000000,7.512080659284325
2026-03-22 12:08:55.000000000,26.00992904615181
2026-03-22 12:41:28.000000000,73.56431530879517
2026-03-22 12:56:17.000000000,13.134288052399105
2026-03-22 12:09:36.000000000,25.76267276179958
2026-03-22 12:20:32.000000000,23.696164995941704
2026-03-22 12:33:50.000000000,108.54914321639407
2026-03-22 12:27:41.000000000,56.87953289987604
2026-03-22 12:35:33.000000000,33.10031303517243
2026-03-22 12:51:27.000000000,12.349068722617833
2026-03-22 12:27:11.000000000,16.568006033285286
2026-03-22 12:21:04.000000000,21.55970985812064
2026-03-22 12:00:32.000000000,15.11968749700998
2026-03-22 12:03:42.000000000,47.576232927311494
2026-03-22 12:41:20.000000000,17.704186099435482
2026-03-22 12:46:11.000000000,33.79133041814902
2026-03-22 12:00:38.000000000,44.7115286930984
2026-03-22 12:04:36.000000000,30.011235650208658
2026-03-22 13:20:50.000000000,10.676555691225554
2026-03-22 13:34:00.000000000,28.44922425636856
2026-03-22 13:24:20.000000000,25.337487707266384
2026-03-22 13:56:18.000000000,42.41860930335332
2026-03-22 13:19:12.000000000,12.45633235929964
2026-03-22 13:45:02.000000000,11.450714610257412
2026-03-22 13:33:12.000000000,14.997963244242618
2026-03-22 13:39:04.000000000,14.198494707411937
2026-03-22 13:48:47.000000000,8.92419446176186
2026-03-22 13:59:24.000000000,33.30256386330519
2026-03-22 13:07:33.000000000,46.827229910433054
2026-03-22 14:25:33.000000000,12.394503836596186
2026-03-22 14:12:40.000000000,16.793356417374746
2026-03-22 14:29:26.000000000,15.191080274647838
2026-03-22 14:20:05.000000000,8.0302730939485
2026-03-22 14:32:16.000000000,50.7508854455714
2026-03-22 14:04:08.000000000,21.269952704087267
2026-03-22 14:20:56.000000000,85.17275875502682
2026-03-22 14:04:23.000000000,15.736389202767725
2026-03-22 14:57:27.000000000,58.33008925095457
2026-03-22 14:07:50.000000000,18.806109597832673
2026-03-22 14:28:41.000000000,22.36908148993922
2026-03-22 14:18:35.000000000,24.33551447133618
2026-03-22 14:36:17.000000000,16.643930176479838
2026-03-22 15:33:58.000000000,20.271145523737673
2026-03-22 15:24:41.000000000,18.608230128438365
2026-03-22 15:49:04.000000000,26.590550201775784
2026-03-22 15:38:32.000000000,12.478064010644694
2026-03-22 15:41:13.000000000,46.631259821482544
2026-03-22 15:27:45.000000000,11.725245171400745
2026-03-22 15:01:48.000000000,10.836610066033582
2026-03-22 15:14:05.000000000,14.71065295991621
2026-03-22 15:04:20.000000000,20.717680022532928
2026-03-22 15:06:38.000000000,24.181952166661773
2026-03-22 15:49:52.000000000,70.24690427699696
2026-03-22 15:17:47.000000000,36.6556179729854
2026-03-22 15:26:23.000000000,12.519572479081358
2026-03-22 16:52:09.000000000,11.385318097445168
2026-03-22 16:48:28.000000000,16.594148303016418
2026-03-22 16:51:56.000000000,8.053892482914623
2026-03-22 16:00:04.000000000,29.82107584346323
2026-03-22 16:06:13.000000000,109.15701896118698
2026-03-22 16:29:58.000000000,14.357852822654388
2026-03-22 16:06:30.000000000,31.431713548526137
2026-03-22 16:56:13.000000000,24.253142017604716
2026-03-22 16:51:33.000000000,12.47170535565139
2026-03-22 16:52:19.000000000,17.047172718854327
2026-03-22 16:48:20.000000000,35.82762547268298
2026-03-22 16:00:03.000000000,12.470000203377673
2026-03-22 16:53:42.000000000,8.049914976693692
2026-03-22 16:04:57.000000000,73.43355240163542
2026-03-22 16:57:33.000000000,24.8715951385973
2026-03-22 16:27:53.000000000,16.96026220302991
2026-03-22 16:54:42.000000000,17.056346393244702
2026-03-22 16:20:37.000000000,25.927858929128767
2026-03-22 17:41:41.000000000,24.29787514334499
2026-03-22 17:51:56.000000000,40.48557161278798
2026-03-22 17:56:41.000000000,14.821664701935436
2026-03-22 17:35:23.000000000,51.94871475013949
2026-03-22 17:47:34.000000000,20.367761988993283
2026-03-22 17:18:50.000000000,7.64366244184754
2026-03-22 17:04:11.000000000,19.491712246583486
2026-03-22 17:48:58.000000000,29.651068115793695
2026-03-22 17:34:40.000000000,29.662528368315538
2026-03-22 17:10:10.000000000,21.157684900753637
2026-03-22 17:59:06.000000000,11.160781697477614
2026-03-22 17:05:10.000000000,22.375615478907896
2026-03-22 17:32:41.000000000,17.743810679411972
2026-03-22 18:14:16.000000000,16.818833808647028
2026-03-22 18:13:46.000000000,8.92635907567103
2026-03-22 18:35:04.000000000,16.779313191475538
2026-03-22 18:34:58.000000000,25.990118032126425
2026-03-22 18:08:02.000000000,29.10641361630418
2026-03-22 18:59:12.000000000,13.033095831878013
2026-03-22 18:46:45.000000000,11.494673649792782
2026-03-22 18:12:00.000000000,21.64636250383589
2026-03-22 18:36:54.000000000,10.323498645702228
2026-03-22 18:27:50.000000000,48.58408048127552
2026-03-22 18:33:59.000000000,15.152453206800564
2026-03-22 18:08:20.000000000,21.0239660899991
2026-03-22 18:48:25.000000000,26.83312906899883
2026-03-22 18:11:35.000000000,27.433951393935786
2026-03-22 19:58:33.000000000,29.83452229641208
2026-03-22 19:58:29.000000000,7.602713589732557
2026-03-22 19:03:04.000000000,17.764536353556323
2026-03-22 19:43:28.000000000,26.782240834196227
2026-03-22 19:33:50.000000000,43.63820623727131
2026-03-22 19:50:50.000000000,50.51670340642654
2026-03-22 19:40:22.000000000,17.376573715534942
2026-03-22 19:35:09.000000000,28.13649911248082
2026-03-22 19:59:40.000000000,13.109068433817596
2026-03-22 19:28:01.000000000,52.18762205824946
2026-03-22 19:57:51.000000000,24.02966688105839
2026-03-22 20:33:06.000000000,18.234691073867502
2026-03-22 20:21:17.000000000,15.891949634325359
2026-03-22 20:05:13.000000000,19.82728822082286
2026-03-22 20:03:30.000000000,20.157008010199814
2026-03-22 20:58:29.000000000,49.958241975876625
2026-03-22 20:58:26.000000000,9.890774752547376
2026-03-22 20:43:36.000000000,17.88671160864281
2026-03-22 20:44:05.000000000,11.205359947375642
2026-03-22 20:52:52.000000000,33.23058506233205
2026-03-22 20:30:56.000000000,11.644915706397018
2026-03-22 20:05:54.000000000,14.427558083462152
2026-03-22 20:43:34.000000000,25.22803205559961
2026-03-22 20:58:15.000000000,18.618104710103733
2026-03-22 20:49:19.000000000,13.240989314955534
2026-03-22 20:39:50.000000000,9.729302496296723
2026-03-22 20:08:05.000000000,14.390351763185711
2026-03-22 20:36:48.000000000,10.154031094503187
2026-03-22 21:21:27.000000000,13.27865012922109
2026-03-22 21:43:54.000000000,19.382869513511224
2026-03-22 21:18:14.000000000,6.124016593337895
2026-03-22 21:50:58.000000000,28.371696825104955
2026-03-22 21:32:20.000000000,15.412320299974931
2026-03-22 21:41:20.000000000,31.20418989971098
2026-03-22 21:09:37.000000000,32.016868333084325
2026-03-22 21:33:51.000000000,38.309936135564996
2026-03-22 21:49:43.000000000,34.06586661975057
2026-03-22 21:01:38.000000000,24.10868461486821
2026-03-22 21:56:21.000000000,11.144473125496859
2026-03-22 21:50:26.000000000,13.287833329643707
2026-03-22 21:03:06.000000000,14.341573659310425
2026-03-22 21:30:09.000000000,6.544039080781491
2026-03-22 21:04:01.000000000,15.304882117505008
2026-03-22 21:08:01.000000000,50.354695168986794
2026-03-22 22:05:51.000000000,7.9499795120066175
2026-03-22 22:10:49.000000000,18.04652367250436
2026-03-22 22:03:22.000000000,43.02451212801824
2026-03-22 22:46:23.000000000,90.42116588683933
2026-03-22 22:08:21.000000000,108.63534084415761
2026-03-22 22:02:33.000000000,16.415875239173378
2026-03-22 22:08:15.000000000,32.13497874382546
2026-03-22 22:40:15.000000000,22.195926701425357
2026-03-22 22:17:10.000000000,47.82202613087455
2026-03-22 22:27:26.000000000,46.538694113046006
2026-03-22 22:42:00.000000000,43.23513726054569
2026-03-22 22:24:51.000000000,26.04723915252644
2026-03-22 22:11:04.000000000,13.154217323817027
2026-03-22 22:04:39.000000000,29.203604679873827
2026-03-22 23:58:47.000000000,23.582006427994298
2026-03-22 23:26:57.000000000,6.0829541998004055
2026-03-22 23:28:42.000000000,7.9957112513327955
2026-03-22 23:04:48.000000000,12.56730449740108
2026-03-22 23:49:06.000000000,15.17473701634584
2026-03-22 23:57:09.000000000,15.915540767401753
2026-03-22 23:26:26.000000000,10.273827595628264
2026-03-22 23:45:49.000000000,14.681244256601744
2026-03-22 23:46:55.000000000,66.93151802819497
2026-03-22 23:09:18.000000000,36.57045826163793
2026-03-23 00:45:26.000000000,26.99082258448673
2026-03-23 00:55:18.000000000,34.2864970219447
2026-03-23 00:16:01.000000000,7.329009152332919
2026-03-23 00:05:54.000000000,27.51161275980982
2026-03-23 00:14:32.000000000,17.81655626602557
2026-03-23 00:05:33.000000000,25.81025333094661
2026-03-23 00:46:44.000000000,9.719196684260762
2026-03-23 01:45:17.000000000,21.44088159360477
2026-03-23 01:14:08.000000000,19.43878998892457
2026-03-23 01:12:35.000000000,21.50388611952098
2026-03-23 01:29:10.000000000,22.574291101604935
2026-03-23 01:40:10.000000000,76.41681989858144
2026-03-23 01:50:43.000000000,6.549814662540308
2026-03-23 01:40:09.000000000,58.407566230633755
2026-03-23 02:06:11.000000000,49.46552668989738
2026-03-23 03:51:42.000000000,62.56700735717827
2026-03-23 03:42:41.000000000,55.39867905882785
2026-03-23 03:34:00.000000000,25.449495481520835
2026-03-23 03:29:08.000000000,38.35723026391489
2026-03-23 03:08:30.000000000,29.015630317481797
2026-03-23 03:18:30.000000000,72.4322778321299
2026-03-23 03:22:05.000000000,9.164647527510493
2026-03-23 03:10:31.000000000,8.581837813914673
2026-03-23 04:42:33.000000000,14.920919188640895
2026-03-23 04:17:34.000000000,20.23307786916728
2026-03-23 04:28:18.000000000,12.500607226339378
2026-03-23 04:10:12.000000000,50.390376792688215
2026-03-23 04:52:42.000000000,109.51016187804427
2026-03-23 05:17:09.000000000,85.53872802963954
2026-03-23 05:59:20.000000000,44.539630311553374
2026-03-23 05:02:21.000000000,104.77821010399445
2026-03-23 05:56:43.000000000,9.023309481148795
2026-03-23 05:14:52.000000000,10.135035522612197
2026-03-23 05:36:40.000000000,24.467939849489845
2026-03-23 05:52:01.000000000,30.36809437830051
2026-03-23 05:40:42.000000000,8.597196987961963
2026-03-23 05:06:45.000000000,17.58457110474373
2026-03-23 05:56:27.000000000,37.282349559654804
2026-03-23 06:20:55.000000000,8.123168144363577
2026-03-23 06:55:07.000000000,20.68293395657961
2026-03-23 06:06:41.000000000,8.875752956471297
2026-03-23 06:43:49.000000000,13.168697352841217
2026-03-23 06:52:24.000000000,30.72912057406561
2026-03-23 06:32:35.000000000,26.387227089865036
2026-03-23 06:52:03.000000000,99.32627168018006
2026-03-23 06:40:50.000000000,9.785926066436602
2026-03-23 06:33:04.000000000,14.140151558355129
2026-03-23 07:10:38.000000000,92.15755168794645
2026-03-23 07:19:00.000000000,23.612838883956513
2026-03-23 07:40:00.000000000,88.52394354912576
2026-03-23 07:28:47.000000000,10.78463752866778
2026-03-23 07:43:48.000000000,24.755729307589455
2026-03-23 07:39:25.000000000,122.52847858437049
2026-03-23 07:48:33.000000000,13.246865733543434
2026-03-23 07:28:57.000000000,25.400124612999452
2026-03-23 07:07:53.000000000,12.421904966966308
2026-03-23 07:32:57.000000000,22.132835902686697
2026-03-23 07:21:19.000000000,49.05953119919323
2026-03-23 07:46:53.000000000,25.218123859869493
2026-03-23 07:36:00.000000000,15.721346121612026
2026-03-23 07:46:21.000000000,13.993326996971282
2026-03-23 07:05:23.000000000,12.273955564099468
2026-03-23 08:26:34.000000000,16.8531806203301
2026-03-23 08:30:00.000000000,36.733947232913
2026-03-23 08:51:19.000000000,22.41295801220584
2026-03-23 08:55:07.000000000,12.994964533737534
2026-03-23 08:50:47.000000000,18.051569470847294
2026-03-23 08:34:56.000000000,51.98819032461294
2026-03-23 08:05:39.000000000,21.233324100808854
2026-03-23 08:50:15.000000000,11.614553050286421
2026-03-23 08:17:00.000000000,13.335595478834254
2026-03-23 08:22:38.000000000,6.4447200826580415
2026-03-23 08:46:37.000000000,20.285554192726288
2026-03-23 08:31:28.000000000,10.80967340132873
2026-03-23 08:55:10.000000000,10.836321392455105
2026-03-23 08:07:53.000000000,68.57921848892485
2026-03-23 08:52:24.000000000,16.090465251289917
2026-03-23 08:34:14.000000000,107.34083783610816
2026-03-23 08:29:03.000000000,22.9022853009878
2026-03-23 08:48:18.000000000,15.19492290455721
2026-03-23 09:00:03.000000000,29.07719848515235
2026-03-23 09:09:17.000000000,26.593767536561575
2026-03-23 09:56:34.000000000,6.492743883481968
2026-03-23 09:19:54.000000000,35.17106174100291
2026-03-23 09:20:00.000000000,15.771899303593823
2026-03-23 09:52:14.000000000,9.592916327562333
2026-03-23 09:17:56.000000000,16.201888338871203
2026-03-23 09:02:08.000000000,21.166362363622472
2026-03-23 09:49:19.000000000,11.663205159272168
2026-03-23 09:58:28.000000000,36.769608276555694
2026-03-23 09:02:48.000000000,14.381957898254342
2026-03-23 09:17:10.000000000,7.391693066440331
2026-03-23 09:45:45.000000000,8.146345304268737
2026-03-23 09:53:06.000000000,8.15555785321572
2026-03-23 09:03:52.000000000,29.616985897939188
2026-03-23 09:42:57.000000000,27.88293407615222
2026-03-23 09:15:20.000000000,32.17297653151801
2026-03-23 09:56:54.000000000,8.210766205995997
2026-03-23 09:34:03.000000000,11.536597957671429
2026-03-23 10:10:24.000000000,43.01844237383131
2026-03-23 10:08:01.000000000,12.486964796316757
2026-03-23 10:44:19.000000000,14.343588739442158
2026-03-23 10:16:48.000000000,13.229882881259602
2026-03-23 10:59:11.000000000,10.860549469602265
2026-03-23 10:02:49.000000000,22.14618464237556
2026-03-23 10:04:16.000000000,33.24424969265428
2026-03-23 10:56:24.000000000,34.60840934351936
2026-03-23 10:03:49.000000000,44.65780871837334
2026-03-23 11:22:37.000000000,27.528269750581437
2026-03-23 11:10:28.000000000,14.739696421973772
2026-03-23 11:06:13.000000000,6.135387211365195
2026-03-23 11:17:23.000000000,20.388764771607867
2026-03-23 11:55:54.000000000,13.274179152913929
2026-03-23 11:38:15.000000000,66.6689939832467
2026-03-23 11:07:37.000000000,17.38075822984188
2026-03-23 11:12:31.000000000,85.99001219343022
2026-03-23 11:50:46.000000000,33.177152260389406
2026-03-23 12:57:43.000000000,22.213206552901266
2026-03-23 12:58:35.000000000,18.61988174599076
2026-03-23 12:18:59.000000000,12.400757974078022
2026-03-23 12:24:58.000000000,31.35088529532855
2026-03-23 12:18:46.000000000,22.82843291478126
2026-03-23 12:39:02.000000000,16.046175891513442
2026-03-23 12:59:09.000000000,6.327132818546949
2026-03-23 12:53:54.000000000,12.34102491551457
2026-03-23 12:02:22.000000000,28.931758891166346
2026-03-23 12:21:27.000000000,26.605189905279378
2026-03-23 12:24:30.000000000,36.04400568671528
2026-03-23 12:11:03.000000000,14.503370626067989
2026-03-23 13:47:03.000000000,73.92681992115826
2026-03-23 13:35:18.000000000,23.789951752908944
2026-03-23 13:48:13.000000000,8.778718780285377
2026-03-23 13:16:32.000000000,90.64698699534222
2026-03-23 13:17:34.000000000,32.73090064441169
2026-03-23 13:37:05.000000000,81.27853833340302
2026-03-23 13:10:28.000000000,12.322184295091915
2026-03-23 13:34:48.000000000,15.700239378614757
2026-03-23 13:10:00.000000000,27.977399499774084
2026-03-23 13:55:57.000000000,23.55593760450969
2026-03-23 13:57:31.000000000,9.793969394620579
2026-03-23 13:17:54.000000000,5.686162082712985
2026-03-23 13:53:15.000000000,64.03002010409503
2026-03-23 13:43:35.000000000,17.09458743874358
2026-03-23 14:19:16.000000000,12.543589155815951
2026-03-23 14:25:46.000000000,16.9176096170934
2026-03-23 14:55:52.000000000,6.59655084917706
2026-03-23 14:44:21.000000000,12.632746816045158
2026-03-23 14:35:44.000000000,37.30549949769872
2026-03-23 14:24:18.000000000,79.72047844885725
2026-03-23 14:45:03.000000000,52.541666783255316
2026-03-23 14:56:31.000000000,17.894120067678347
2026-03-23 14:07:46.000000000,12.40784092400135
2026-03-23 14:06:09.000000000,102.31343761821552
2026-03-23 14:21:07.000000000,7.53337745606597
2026-03-23 14:49:15.000000000,13.563224908079595
2026-03-23 14:48:43.000000000,34.6234460297146
2026-03-23 14:21:00.000000000,70.5118084053104
2026-03-23 14:40:08.000000000,13.840098200155767
2026-03-23 14:57:33.000000000,22.3060881388186
2026-03-23 14:19:35.000000000,12.200075000096525
2026-03-23 14:16:02.000000000,18.878102574521748
2026-03-23 14:03:23.000000000,9.778993600479904
2026-03-23 15:10:21.000000000,17.580850628092684
2026-03-23 15:12:46.000000000,12.264194082708608
2026-03-23 15:26:10.000000000,17.08771972140259
2026-03-23 15:27:22.000000000,35.20746901572976
2026-03-23 15:07:36.000000000,11.21062573724586
2026-03-23 15:13:03.000000000,6.868320946637389
2026-03-23 15:18:35.000000000,96.10595971911
2026-03-23 15:14:36.000000000,20.531852466072237
2026-03-23 15:14:00.000000000,139.627743234159
2026-03-23 15:31:06.000000000,15.213765845442449
2026-03-23 15:44:01.000000000,28.79788683052405
2026-03-23 15:53:55.000000000,17.91159592992749
2026-03-23 15:51:34.000000000,7.017553189823216
2026-03-23 15:50:49.000000000,8.129757685857594
2026-03-23 15:26:53.000000000,7.2854424375799605
2026-03-23 15:29:43.000000000,10.30362467246683
2026-03-23 16:01:58.000000000,35.16677913034315
2026-03-23 16:41:26.000000000,9.220633242598634
2026-03-23 16:44:16.000000000,36.36223368546487
2026-03-23 16:47:10.000000000,20.269751246908967
2026-03-23 16:44:39.000000000,49.00933944611575
2026-03-23 16:25:13.000000000,7.406892734892036
2026-03-23 16:04:03.000000000,23.96068758217099
2026-03-23 16:40:24.000000000,6.49814228338147
2026-03-23 16:58:49.000000000,6.92881234614012
2026-03-23 16:03:12.000000000,20.308622907494104
2026-03-23 16:11:35.000000000,7.408493090159529
2026-03-23 16:39:35.000000000,7.9374019541119
2026-03-23 16:23:05.000000000,36.21432960993878
2026-03-23 16:04:14.000000000,31.03205340003301
2026-03-23 16:11:12.000000000,30.611029553272296
2026-03-23 16:00:18.000000000,15.304599781925356
2026-03-23 17:31:24.000000000,17.33650157093226
2026-03-23 17:36:48.000000000,15.258550173289816
2026-03-23 17:45:25.000000000,16.20615376346748
2026-03-23 17:14:45.000000000,45.39601342846472
2026-03-23 17:02:03.000000000,10.776235280943917
2026-03-23 17:09:07.000000000,10.344462080980298
2026-03-23 17:22:18.000000000,33.870086518310906
2026-03-23 17:46:32.000000000,23.755817781862046
2026-03-23 17:47:40.000000000,5.677525872935229
2026-03-23 17:12:01.000000000,9.957293425122879
2026-03-23 17:24:15.000000000,26.78046908322526
2026-03-23 17:47:44.000000000,20.897141759825477
2026-03-23 17:40:00.000000000,15.177972652614697
2026-03-23 17:15:24.000000000,50.92494897980131
2026-03-23 18:53:19.000000000,5.839056829160692
2026-03-23 18:12:08.000000000,10.62392181960535
2026-03-23 18:42:59.000000000,42.443764663718646
2026-03-23 18:44:52.000000000,23.06404343311965
2026-03-23 18:35:38.000000000,16.179678518189352
2026-03-23 18:30:50.000000000,8.04147256317516
2026-03-23 18:18:58.000000000,17.857091646500376
2026-03-23 18:06:40.000000000,11.7305491109909
2026-03-23 18:04:16.000000000,45.370195439046405
2026-03-23 18:16:21.000000000,12.498142910711044
2026-03-23 18:50:53.000000000,25.80927624476425
2026-03-23 18:44:29.000000000,14.180607404120133
2026-03-23 18:33:54.000000000,13.47885329715756
2026-03-23 18:14:08.000000000,18.501619890922125
2026-03-23 18:45:13.000000000,51.0102687508169
2026-03-23 18:14:38.000000000,7.761278989594532
2026-03-23 18:05:51.000000000,15.023286999371818
2026-03-23 18:34:18.000000000,19.862189874619872
2026-03-23 18:26:04.000000000,15.25228353919192
2026-03-23 19:32:56.000000000,10.893451795055544
2026-03-23 19:25:40.000000000,11.690505697896613
2026-03-23 19:56:33.000000000,45.49904786106768
2026-03-23 19:06:46.000000000,13.258464148507528
2026-03-23 19:02:53.000000000,14.188499149423711
2026-03-23 19:35:11.000000000,26.85447317695197
2026-03-23 19:05:24.000000000,28.348724110428318
2026-03-23 19:47:52.000000000,23.449878490732093
2026-03-23 19:07:43.000000000,13.499459531454088
2026-03-23 19:56:31.000000000,24.23336023959616
2026-03-23 19:36:06.000000000,11.638168545441546
2026-03-23 19:57:58.000000000,19.431179823829694
2026-03-23 19:07:31.000000000,25.811100561208992
2026-03-23 19:11:41.000000000,22.621723382144165
2026-03-23 20:57:25.000000000,34.3914967806094
2026-03-23 20:32:50.000000000,60.95073452209822
2026-03-23 20:43:03.000000000,23.723129617387823
2026-03-23 20:17:19.000000000,25.858038982906123
2026-03-23 20:46:32.000000000,16.12077659404284
2026-03-23 20:43:01.000000000,13.115001892735055
2026-03-23 20:10:50.000000000,29.46626883123085
2026-03-23 20:07:57.000000000,16.77704798700048
2026-03-23 20:25:59.000000000,10.657624948147252
2026-03-23 20:56:05.000000000,16.859999771672094
2026-03-23 20:39:16.000000000,19.31113921643029
2026-03-23 20:15:21.000000000,7.321678528897585
2026-03-23 20:51:46.000000000,14.06458132866759
2026-03-23 20:21:59.000000000,20.328293569942097
2026-03-23 20:09:18.000000000,12.82063103853419
2026-03-23 20:05:21.000000000,7.592053046847143
2026-03-23 20:17:52.000000000,48.53277813605345
2026-03-23 20:45:02.000000000,65.43486896361146
2026-03-23 20:02:06.000000000,89.83671010095105
2026-03-23 21:12:56.000000000,16.00275599207896
2026-03-23 21:01:03.000000000,7.725103487441459
2026-03-23 21:27:00.000000000,28.958117851474785
2026-03-23 21:55:16.000000000,11.92861775079983
2026-03-23 21:42:03.000000000,25.725771165333082
2026-03-23 21:45:05.000000000,169.65041490145785
2026-03-23 21:02:10.000000000,20.11053975876029
2026-03-23 22:12:35.000000000,12.10716638136975
2026-03-23 22:05:16.000000000,11.00484426938124
2026-03-23 22:12:27.000000000,13.857317256362952
2026-03-23 22:33:15.000000000,8.834426192743294
2026-03-23 22:53:00.000000000,9.175699056396622
2026-03-23 22:31:34.000000000,8.221804563659422
2026-03-23 22:26:33.000000000,33.166308942134904
2026-03-23 23:25:23.000000000,12.311472749109427
2026-03-23 23:03:29.000000000,108.30933243838847
2026-03-23 23:45:05.000000000,18.344246913928952
2026-03-23 23:06:48.000000000,13.285013902385792
2026-03-23 23:58:13.000000000,61.61694681054037
2026-03-24 00:36:26.000000000,34.51442567116243
2026-03-24 00:23:18.000000000,7.359675427735274
2026-03-24 00:12:48.000000000,15.27797219831583
2026-03-24 00:47:38.000000000,73.4113104470414
2026-03-24 00:56:44.000000000,23.376475024150462
2026-03-24 00:18:32.000000000,47.226847274253586
2026-03-24 01:23:27.000000000,7.9062881787795325
2026-03-24 01:22:47.000000000,60.298905555383676
2026-03-24 01:08:20.000000000,96.55296333280236
2026-03-24 01:09:21.000000000,95.83347920191699
2026-03-24 01:10:03.000000000,8.163147740256967
2026-03-24 02:06:54.000000000,13.589661452295907
2026-03-24 02:42:55.000000000,31.628737862124296
2026-03-24 02:46:03.000000000,8.67642913042883
2026-03-24 03:42:15.000000000,10.756265641637366
2026-03-24 03:43:13.000000000,66.51919476118972
2026-03-24 04:54:38.000000000,6.635345999723747
2026-03-24 04:54:20.000000000,8.120941979930604
2026-03-24 04:02:22.000000000,17.05646952859564
2026-03-24 04:09:09.000000000,49.90387693499607
2026-03-24 05:42:02.000000000,22.158553417172083
2026-03-24 05:02:44.000000000,58.15249207694323
2026-03-24 05:32:32.000000000,141.1054240055337
2026-03-24 05:55:37.000000000,23.384213333670615
2026-03-24 05:59:18.000000000,8.991078816142569
2026-03-24 05:58:30.000000000,7.8819571520535705
2026-03-24 05:16:15.000000000,76.0402702493917
2026-03-24 06:44:54.000000000,9.718187650490794
2026-03-24 06:35:00.000000000,15.202136492508654
2026-03-24 06:07:16.000000000,11.689180028806481
2026-03-24 06:16:09.000000000,14.137816530633788
2026-03-24 06:48:03.000000000,22.864593691641183
2026-03-24 06:34:14.000000000,8.897582361543718
2026-03-24 06:33:20.000000000,23.29028199826586
2026-03-24 06:50:22.000000000,11.390879689930912
2026-03-24 07:54:30.000000000,32.13012185686976
2026-03-24 07:30:54.000000000,38.183324756179275
2026-03-24 07:45:26.000000000,25.7845552675343
2026-03-24 07:55:50.000000000,12.064320125959695
2026-03-24 07:55:51.000000000,21.645183988465977
2026-03-24 07:36:10.000000000,36.5624804812783
2026-03-24 07:49:09.000000000,10.161999226659715
2026-03-24 07:29:38.000000000,14.303425115249553
2026-03-24 07:56:56.000000000,177.29815134607895
2026-03-24 07:37:09.000000000,25.9737820399828
2026-03-24 07:22:26.000000000,32.10853306792087
2026-03-24 07:53:45.000000000,12.15919943595373
2026-03-24 08:22:29.000000000,39.01838210963943
2026-03-24 08:29:47.000000000,6.8511864470689545
2026-03-24 08:17:45.000000000,8.844938061150275
2026-03-24 08:24:13.000000000,18.480934537513317
2026-03-24 08:50:58.000000000,79.98891008713967
2026-03-24 08:12:58.000000000,20.313270399969834
2026-03-24 08:16:35.000000000,44.156614792689844
2026-03-24 08:49:06.000000000,37.4466860699233
2026-03-24 08:55:25.000000000,32.45711580652058
2026-03-24 08:08:55.000000000,29.215645884240114
2026-03-24 08:21:35.000000000,26.86110561246564
2026-03-24 08:42:34.000000000,14.201706242420524
2026-03-24 08:05:45.000000000,7.940782927653802
2026-03-24 08:14:55.000000000,28.607194051438626
2026-03-24 08:20:55.000000000,7.9579894356545475
2026-03-24 08:38:21.000000000,27.121192676793484
2026-03-24 08:54:16.000000000,26.517179986038013
2026-03-24 08:39:02.000000000,24.65766085033484
2026-03-24 08:14:44.000000000,10.695339138768214
2026-03-24 08:14:28.000000000,6.059802980044723
2026-03-24 08:00:25.000000000,11.399903423902092
2026-03-24 08:54:22.000000000,37.66738600283783
2026-03-24 08:56:49.000000000,15.09912590951271
2026-03-24 08:09:45.000000000,11.461682106854028
2026-03-24 08:56:24.000000000,10.301483218582925
2026-03-24 09:17:52.000000000,13.068639260001838
2026-03-24 09:10:58.000000000,26.144817354302212
2026-03-24 09:32:18.000000000,9.503307225281388
2026-03-24 09:52:46.000000000,21.411156763982685
2026-03-24 09:54:41.000000000,15.149853288282722
2026-03-24 09:38:37.000000000,9.515514175468455
2026-03-24 09:37:55.000000000,93.53738687663025
2026-03-24 09:09:29.000000000,14.928011150771562
2026-03-24 09:38:33.000000000,13.563766342265238
2026-03-24 09:45:25.000000000,9.049497178074901
2026-03-24 09:43:52.000000000,9.953578411575494
2026-03-24 09:59:05.000000000,41.37790794333964
2026-03-24 09:26:44.000000000,45.467085522376976
2026-03-24 09:46:47.000000000,40.76458366848198
2026-03-24 09:05:10.000000000,27.55798324042401
2026-03-24 09:05:48.000000000,8.862333060154832
2026-03-24 09:33:38.000000000,25.782723894236657
2026-03-24 09:00:28.000000000,60.550648014183615
2026-03-24 09:23:52.000000000,6.092465243102712
2026-03-24 10:55:05.000000000,23.14143745969213
2026-03-24 10:23:44.000000000,34.06707835601307
2026-03-24 10:12:20.000000000,34.67782739918016
2026-03-24 10:01:08.000000000,8.90049928019017
2026-03-24 10:03:10.000000000,68.92346322993212
2026-03-24 10:28:53.000000000,14.075491832725378
2026-03-24 10:07:34.000000000,13.32336910678892
2026-03-24 10:16:05.000000000,8.613747710287274
2026-03-24 10:07:03.000000000,27.379805930048335
2026-03-24 10:08:25.000000000,16.840318593104477
2026-03-24 10:48:26.000000000,6.75126697135069
2026-03-24 10:58:24.000000000,14.387228905132467
2026-03-24 10:40:57.000000000,20.78417563081636
2026-03-24 11:12:19.000000000,23.282604618414293
2026-03-24 11:50:15.000000000,18.630408836394825
2026-03-24 11:08:26.000000000,12.793425316833876
2026-03-24 11:58:11.000000000,9.028340794338238
2026-03-24 11:20:12.000000000,29.98967198187155
2026-03-24 11:55:51.000000000,20.4330348612673
2026-03-24 11:06:03.000000000,39.737104276526814
2026-03-24 11:54:17.000000000,22.175576018450794
2026-03-24 11:17:25.000000000,17.86716315617162
2026-03-24 12:59:30.000000000,67.3232837778852
2026-03-24 12:13:57.000000000,44.192098713865654
2026-03-24 12:01:54.000000000,90.30266271929777
2026-03-24 12:04:24.000000000,11.636204401718024
2026-03-24 12:17:58.000000000,26.192345049323837
2026-03-24 12:42:30.000000000,25.314381305047657
2026-03-24 12:53:20.000000000,11.706610671734971
2026-03-24 13:37:03.000000000,26.73026732328534
2026-03-24 13:18:17.000000000,13.25645294933393
2026-03-24 13:38:21.000000000,28.47209919646557
2026-03-24 13:26:45.000000000,24.9002452481052
2026-03-24 13:29:51.000000000,44.1339941328313
2026-03-24 13:35:59.000000000,79.21427722201047
2026-03-24 13:22:25.000000000,22.08839019889585
2026-03-24 13:22:22.000000000,16.65419163866143
2026-03-24 13:45:25.000000000,172.83853292486998
2026-03-24 13:50:20.000000000,8.65538515785657
2026-03-24 13:41:10.000000000,29.014678942857685
2026-03-24 13:11:30.000000000,11.804834285270552
2026-03-24 13:17:11.000000000,33.38747143691069
2026-03-24 14:15:25.000000000,30.017645945361217
2026-03-24 14:53:13.000000000,26.187442445213954
2026-03-24 14:43:11.000000000,83.51713892585735
2026-03-24 14:57:06.000000000,10.810265885494745
2026-03-24 14:23:05.000000000,15.24962348628452
2026-03-24 14:46:22.000000000,8.860204866309465
2026-03-24 14:08:40.000000000,14.21916698016617
2026-03-24 14:10:20.000000000,22.95807589751868
2026-03-24 14:34:31.000000000,51.006739674631994
2026-03-24 15:53:29.000000000,11.275909763846506
2026-03-24 15:36:08.000000000,25.952429130530515
2026-03-24 15:09:55.000000000,64.46637667475326
2026-03-24 15:40:15.000000000,34.49719321478262
2026-03-24 15:08:42.000000000,21.057092288807073
2026-03-24 15:40:46.000000000,16.793021591932455
2026-03-24 15:16:15.000000000,38.47141741524014
2026-03-24 15:29:25.000000000,7.011395358640546
2026-03-24 15:10:28.000000000,23.11570033846704
2026-03-24 15:45:30.000000000,10.6285378293251
2026-03-24 15:09:52.000000000,8.567153552566133
2026-03-24 15:36:14.000000000,12.404202924452873
2026-03-24 15:28:18.000000000,14.066982155830113
2026-03-24 15:31:18.000000000,45.395286236166385
2026-03-24 15:27:32.000000000,29.25544864163414
2026-03-24 15:09:48.000000000,36.428449628561594
2026-03-24 15:58:15.000000000,40.60208302169768
2026-03-24 16:39:01.000000000,27.72337840138307
2026-03-24 16:45:52.000000000,23.46121763942691
2026-03-24 16:07:08.000000000,8.231383575532902
2026-03-24 16:18:26.000000000,14.06274201440082
2026-03-24 16:52:12.000000000,24.318458067162606
2026-03-24 16:07:56.000000000,18.588064631951514
2026-03-24 16:55:06.000000000,43.83922533707302
2026-03-24 16:04:19.000000000,12.494028606172227
2026-03-24 16:10:34.000000000,45.34730396614275
2026-03-24 16:19:30.000000000,24.81948266421903
2026-03-24 16:16:02.000000000,41.52611072531578
2026-03-24 16:48:58.000000000,26.886808398336346
2026-03-24 16:31:28.000000000,25.891135827138207
2026-03-24 17:39:58.000000000,14.799480733845098
2026-03-24 17:44:28.000000000,21.684225149186172
2026-03-24 17:25:52.000000000,33.8839902093084
2026-03-24 17:49:54.000000000,29.64116807135811
2026-03-24 17:13:53.000000000,32.62078301410814
2026-03-24 17:48:15.000000000,7.737333056679575
2026-03-24 17:20:07.000000000,7.818438685826199
2026-03-24 17:27:00.000000000,63.021086562195194
2026-03-24 17:04:11.000000000,70.3767259607111
2026-03-24 17:05:15.000000000,18.165389382233535
2026-03-24 17:39:14.000000000,21.24493301583245
2026-03-24 17:32:51.000000000,15.935221395813706
2026-03-24 17:22:39.000000000,43.341760630013134
2026-03-24 17:46:47.000000000,60.00122427680729
2026-03-24 17:34:50.000000000,26.12188558189721
2026-03-24 17:50:25.000000000,29.266298841458003
2026-03-24 17:09:54.000000000,14.185690737129711
2026-03-24 17:00:43.000000000,22.2542122272443
2026-03-24 17:18:41.000000000,9.015496752102013
2026-03-24 18:32:46.000000000,48.90483763852565
2026-03-24 18:46:12.000000000,9.36821853201539
2026-03-24 18:42:09.000000000,17.736606859663752
2026-03-24 18:02:14.000000000,18.0803369734596
2026-03-24 18:47:00.000000000,19.745591470572712
2026-03-24 18:30:10.000000000,31.193252656052092
2026-03-24 18:01:53.000000000,22.395692796055155
2026-03-24 18:32:02.000000000,6.850293811982056
2026-03-24 18:19:00.000000000,8.905592285191648
2026-03-24 18:10:43.000000000,45.40518099892304
2026-03-24 18:56:43.000000000,28.379927130659528
2026-03-24 18:10:36.000000000,8.933899666979743
2026-03-24 18:08:24.000000000,13.040516280330584
2026-03-24 18:26:00.000000000,14.517356001536262
2026-03-24 18:02:51.000000000,145.8147105181303
2026-03-24 18:47:50.000000000,15.890229555799632
2026-03-24 18:02:04.000000000,10.689947737324573
2026-03-24 19:29:45.000000000,15.214898127710205
2026-03-24 19:50:03.000000000,15.282700053091354
2026-03-24 19:57:10.000000000,6.936560607722136
2026-03-24 19:07:17.000000000,23.247119120691018
2026-03-24 19:06:40.000000000,24.179430042197936
2026-03-24 19:01:36.000000000,12.534420230713806
2026-03-24 19:13:15.000000000,42.84732491374374
2026-03-24 19:32:54.000000000,39.44978753159146
2026-03-24 19:03:35.000000000,37.360755333437545
2026-03-24 19:55:29.000000000,10.548272775534956
2026-03-24 19:21:32.000000000,26.76772651705013
2026-03-24 20:48:54.000000000,7.418156133628005
2026-03-24 20:53:06.000000000,41.14927736573978
2026-03-24 20:04:00.000000000,29.860298414299958
2026-03-24 20:50:57.000000000,6.1492819651064
2026-03-24 20:23:49.000000000,8.872794134991924
2026-03-24 20:54:51.000000000,54.938422371269425
2026-03-24 20:45:01.000000000,17.776963323618652
2026-03-24 20:44:55.000000000,33.89075263943997
2026-03-24 20:36:45.000000000,21.693088261376477
2026-03-24 20:07:03.000000000,49.45682552813964
2026-03-24 20:50:10.000000000,50.90807363339726
2026-03-24 20:21:51.000000000,43.752562395078314
2026-03-24 20:56:01.000000000,21.194938535819986
2026-03-24 20:41:56.000000000,11.635481100065016
2026-03-24 20:09:01.000000000,13.190561972191786
2026-03-24 21:24:35.000000000,20.915895586307453
2026-03-24 21:14:38.000000000,44.20520752107769
2026-03-24 21:36:33.000000000,24.14709014088577
2026-03-24 21:12:42.000000000,56.92817499394155
2026-03-24 21:45:37.000000000,7.303705310568167
2026-03-24 21:58:41.000000000,11.64908678573148
2026-03-24 21:32:39.000000000,72.81855062465206
2026-03-24 21:44:22.000000000,15.12740626541498
2026-03-24 21:00:24.000000000,11.925932050087079
2026-03-24 21:54:01.000000000,37.66282601423425
2026-03-24 21:58:52.000000000,52.61750165543466
2026-03-24 21:41:30.000000000,32.793869454732885
2026-03-24 21:21:00.000000000,62.40890814035575
2026-03-24 21:50:35.000000000,12.47971527929932
2026-03-24 21:27:29.000000000,11.54500188241009
2026-03-24 22:46:41.000000000,15.078185711451015
2026-03-24 22:20:48.000000000,167.31029414957726
2026-03-24 22:09:58.000000000,10.725831656668563
2026-03-24 22:40:09.000000000,22.56627001832648
2026-03-24 22:51:05.000000000,35.60588947627179
2026-03-24 22:06:31.000000000,10.835619792611032
2026-03-24 22:09:49.000000000,53.95582451189307
2026-03-24 22:10:19.000000000,10.826244848557291
2026-03-24 22:14:00.000000000,9.696476128488289
2026-03-24 22:27:03.000000000,94.51167129806352
2026-03-24 22:15:02.000000000,18.645663958158178
2026-03-24 22:16:58.000000000,9.228704861972563
2026-03-24 22:56:49.000000000,14.152124808198957
2026-03-24 22:23:35.000000000,21.464367801863524
2026-03-24 22:02:10.000000000,7.443270173041607
2026-03-24 23:49:00.000000000,8.653966261826184
2026-03-24 23:15:35.000000000,6.211651337048734
2026-03-24 23:38:53.000000000,8.964421930224036
2026-03-24 23:50:59.000000000,10.803261033723773
2026-03-24 23:08:30.000000000,28.693717655742873
2026-03-24 23:42:52.000000000,18.232703662365832
2026-03-24 23:56:19.000000000,7.429841662018304
2026-03-24 23:06:05.000000000,107.38663932988868
2026-03-24 23:59:05.000000000,8.16982052515601
2026-03-24 23:25:52.000000000,9.468752371902552
2026-03-24 23:23:24.000000000,17.239613985994573
2026-03-24 23:10:23.000000000,84.74128325944096
2026-03-25 00:13:39.000000000,29.271934399597434
2026-03-25 00:49:44.000000000,18.580226453939396
2026-03-25 00:56:58.000000000,22.05757708785895
2026-03-25 00:40:44.000000000,21.559662037063198
2026-03-25 00:05:52.000000000,12.517465795122227
2026-03-25 00:20:04.000000000,26.526507119668018
2026-03-25 00:10:33.000000000,10.793411271851907
2026-03-25 00:00:22.000000000,15.386425105101559
2026-03-25 00:44:03.000000000,7.62185800582996
2026-03-25 01:06:11.000000000,22.075527906180834
2026-03-25 01:42:00.000000000,7.393030205189216
2026-03-25 01:13:11.000000000,14.563501408459006
2026-03-25 01:43:57.000000000,76.27414565543754
2026-03-25 02:16:12.000000000,100.34594334974484
2026-03-25 02:01:05.000000000,29.622273202537926
2026-03-25 02:13:15.000000000,15.976249151499836
2026-03-25 02:59:34.000000000,52.644398821714915
2026-03-25 02:34:41.000000000,41.533977464501106
2026-03-25 03:21:47.000000000,39.15911264846066
2026-03-25 03:15:11.000000000,15.158064868050968
2026-03-25 03:11:34.000000000,68.67215140717717
2026-03-25 03:03:31.000000000,45.72458402945714
2026-03-25 04:46:16.000000000,17.189420755528626
2026-03-25 04:20:10.000000000,54.67076871574967
2026-03-25 04:39:35.000000000,8.190107932015168
2026-03-25 04:53:05.000000000,30.32317933828911
2026-03-25 04:33:35.000000000,22.961393519072303
2026-03-25 04:27:27.000000000,10.25004892563841
2026-03-25 05:38:55.000000000,20.216323191051078
2026-03-25 05:55:54.000000000,41.614598119179036
2026-03-25 05:59:19.000000000,22.9795462998393
2026-03-25 06:47:09.000000000,29.802533803616896
2026-03-25 06:59:17.000000000,105.29476208242068
2026-03-25 06:59:28.000000000,8.382798999934138
2026-03-25 06:24:41.000000000,15.466469046631419
2026-03-25 06:23:33.000000000,17.945954334569226
2026-03-25 06:24:56.000000000,56.99839242913144
2026-03-25 06:04:09.000000000,76.2355228744657
2026-03-25 06:55:27.000000000,13.226541089675235
2026-03-25 06:45:45.000000000,65.17802615490268
2026-03-25 06:43:53.000000000,26.864386854379312
2026-03-25 06:52:31.000000000,19.470746898281508
2026-03-25 06:01:33.000000000,12.456334166099369
2026-03-25 07:53:00.000000000,12.358183242698903
2026-03-25 07:19:13.000000000,11.561829689563872
2026-03-25 07:45:08.000000000,22.205065273799242
2026-03-25 07:48:49.000000000,24.597287843514863
2026-03-25 07:53:40.000000000,64.36595427007842
2026-03-25 07:00:09.000000000,10.717488383752492
2026-03-25 07:35:07.000000000,22.02845522599159
2026-03-25 07:17:12.000000000,8.800335209564702
2026-03-25 07:27:37.000000000,14.260642063191224
2026-03-25 07:46:10.000000000,9.475812837669885
2026-03-25 07:46:09.000000000,140.4516885342473
2026-03-25 07:54:03.000000000,46.01124606033545
2026-03-25 07:00:41.000000000,9.888615067021172
2026-03-25 07:29:10.000000000,7.394997348761789
2026-03-25 07:53:50.000000000,31.607723284666523
2026-03-25 08:24:42.000000000,21.52735700943425
2026-03-25 08:47:34.000000000,22.94341007502489
2026-03-25 08:30:20.000000000,15.379465201937158
2026-03-25 08:56:33.000000000,11.494873479583074
2026-03-25 08:40:10.000000000,21.43792085604819
2026-03-25 08:12:58.000000000,14.205509547486391
2026-03-25 08:58:05.000000000,10.33150856935016
2026-03-25 08:14:37.000000000,15.242845222423576
2026-03-25 08:03:11.000000000,12.393180015462669
2026-03-25 08:18:18.000000000,15.999113174826102
2026-03-25 08:25:54.000000000,6.355806236502306
2026-03-25 08:56:31.000000000,8.684870027979834
2026-03-25 08:33:37.000000000,23.479511895850628
2026-03-25 08:07:36.000000000,22.62465317512508
2026-03-25 08:05:33.000000000,30.824711230940107
2026-03-25 08:00:40.000000000,12.431032674841687
2026-03-25 08:29:21.000000000,26.76869577359182
2026-03-25 08:14:18.000000000,9.564776901574497
2026-03-25 08:09:00.000000000,19.524489607697742
2026-03-25 08:23:28.000000000,26.841504860341015
2026-03-25 08:53:20.000000000,11.709553661409446
2026-03-25 09:32:46.000000000,9.711606797219515
2026-03-25 09:58:55.000000000,29.01163994491555
2026-03-25 09:59:17.000000000,10.104878468605126
2026-03-25 09:59:04.000000000,14.95653256603332
2026-03-25 09:32:50.000000000,120.96075708163302
2026-03-25 09:15:31.000000000,16.65340225487255
2026-03-25 09:58:12.000000000,24.408743227465827
2026-03-25 09:52:44.000000000,8.754076148465773
2026-03-25 09:10:26.000000000,36.940245379601656
2026-03-25 09:28:05.000000000,28.63109771604935
2026-03-25 09:31:36.000000000,24.4541054578897
2026-03-25 09:19:04.000000000,54.88546111500865
2026-03-25 09:29:54.000000000,22.762582356417347
2026-03-25 09:06:01.000000000,59.09294700975324
2026-03-25 09:50:25.000000000,65.68371686745392
2026-03-25 09:18:27.000000000,30.605593306792112
2026-03-25 09:49:14.000000000,27.979710501638266
2026-03-25 10:50:57.000000000,34.758751639885936
2026-03-25 10:59:34.000000000,14.638420177836762
2026-03-25 10:39:21.000000000,35.38906829843217
2026-03-25 10:46:36.000000000,19.44466492482136
2026-03-25 10:14:06.000000000,20.178946987700563
2026-03-25 10:24:44.000000000,10.983471379762966
2026-03-25 10:45:16.000000000,7.429821680242935
2026-03-25 10:55:45.000000000,30.434141590976466
2026-03-25 10:33:13.000000000,31.254044399883036
2026-03-25 10:31:59.000000000,49.11021329070791
2026-03-25 10:56:32.000000000,113.43411931991425
2026-03-25 10:49:48.000000000,14.598519412418074
2026-03-25 10:14:57.000000000,7.906515016661472
2026-03-25 10:13:20.000000000,30.457576708364314
2026-03-25 11:58:21.000000000,28.438477118998108
2026-03-25 11:30:24.000000000,18.323624356770633
2026-03-25 11:35:30.000000000,18.61921341316668
2026-03-25 11:05:08.000000000,16.808011118875957
2026-03-25 11:39:02.000000000,58.11913356629825
2026-03-25 11:36:16.000000000,8.789997558192887
2026-03-25 11:49:41.000000000,16.39211088871521
2026-03-25 11:20:35.000000000,16.09358439663887
2026-03-25 11:13:01.000000000,47.7966944380035
2026-03-25 11:40:49.000000000,126.84568522996301
2026-03-25 11:50:23.000000000,157.24469121208006
2026-03-25 12:22:35.000000000,44.28745108903985
2026-03-25 12:04:17.000000000,39.68379878760998
2026-03-25 12:23:57.000000000,43.41282294922339
2026-03-25 12:22:15.000000000,57.55445902675891
2026-03-25 12:15:57.000000000,30.8876661581106
2026-03-25 12:57:13.000000000,36.18458250324143
2026-03-25 12:51:14.000000000,12.12854621352787
2026-03-25 12:45:04.000000000,8.040339774443298
2026-03-25 12:58:50.000000000,8.129827177539697
2026-03-25 12:18:10.000000000,8.188974133722617
2026-03-25 12:52:30.000000000,24.942119976133846
2026-03-25 12:26:46.000000000,26.576418738122435
2026-03-25 12:08:15.000000000,44.248570080018055
2026-03-25 12:46:16.000000000,225.66924459874986
2026-03-25 12:48:43.000000000,22.255424361136306
2026-03-25 12:43:43.000000000,21.51058384414716
2026-03-25 12:31:20.000000000,28.84369376885627
2026-03-25 13:29:30.000000000,12.062314017636549
2026-03-25 13:15:11.000000000,11.480241704239345
2026-03-25 13:17:49.000000000,52.6368396153677
2026-03-25 13:11:05.000000000,79.54060116919234
2026-03-25 13:13:35.000000000,8.91428812782018
2026-03-25 13:36:28.000000000,8.843845576072994
2026-03-25 13:19:44.000000000,87.98882630666823
2026-03-25 13:50:31.000000000,43.46695712170118
2026-03-25 13:48:57.000000000,18.957108313796965
2026-03-25 13:40:11.000000000,53.72282785918704
2026-03-25 13:07:27.000000000,14.98920705973462
2026-03-25 13:46:23.000000000,18.595491494056944
2026-03-25 13:01:36.000000000,15.094286857044537
2026-03-25 13:19:06.000000000,20.601895081848088
2026-03-25 14:53:59.000000000,13.875414458687242
2026-03-25 14:46:03.000000000,57.67427039325337
2026-03-25 14:36:48.000000000,35.2727049460603
2026-03-25 14:38:31.000000000,26.49605689991432
2026-03-25 14:57:52.000000000,8.91993582123719
2026-03-25 14:54:30.000000000,16.660345231854826
2026-03-25 14:37:50.000000000,61.66256217945009
2026-03-25 14:09:05.000000000,19.309889876860687
2026-03-25 14:23:46.000000000,9.362349814861144
2026-03-25 14:11:58.000000000,20.509709504497952
2026-03-25 14:09:32.000000000,8.934050554358903
2026-03-25 14:01:46.000000000,57.59996430371084
2026-03-25 14:01:32.000000000,7.58158275023015
2026-03-25 15:54:52.000000000,8.212011614464506
2026-03-25 15:26:15.000000000,21.553275430164668
2026-03-25 15:55:10.000000000,66.89630922522389
2026-03-25 15:26:48.000000000,31.915620552977924
2026-03-25 15:17:23.000000000,25.9252774986243
2026-03-25 15:09:51.000000000,13.831001932526707
2026-03-25 15:17:20.000000000,67.30341687672437
2026-03-25 15:24:21.000000000,13.493800670067145
2026-03-25 15:50:56.000000000,9.721427713342113
2026-03-25 15:37:11.000000000,27.86736757239725
2026-03-25 15:02:41.000000000,53.38930503901848
2026-03-25 15:20:38.000000000,25.07768986097978
2026-03-25 15:04:48.000000000,6.758706355627439
2026-03-25 15:24:38.000000000,15.759837920599121
2026-03-25 16:29:07.000000000,18.67320272958708
2026-03-25 16:46:25.000000000,18.895338318243983
2026-03-25 16:20:08.000000000,10.310472509016089
2026-03-25 16:42:10.000000000,54.91751504989221
2026-03-25 16:07:00.000000000,120.81520966270512
2026-03-25 16:49:04.000000000,16.265795080323063
2026-03-25 16:08:05.000000000,37.538593510035675
2026-03-25 16:34:23.000000000,40.003386125582004
2026-03-25 16:08:28.000000000,22.371555158754784
2026-03-25 16:52:33.000000000,22.27882950242824
2026-03-25 16:02:18.000000000,31.26451706298061
2026-03-25 16:45:07.000000000,328.5592236192696
2026-03-25 16:12:38.000000000,53.53401536889451
2026-03-25 16:16:24.000000000,41.368439065248225
2026-03-25 16:04:46.000000000,53.632967760805045
2026-03-25 16:30:31.000000000,8.930320560552056
2026-03-25 16:09:38.000000000,25.111077140019926
2026-03-25 17:28:47.000000000,25.310550299129783
2026-03-25 17:32:27.000000000,53.74094730848816
2026-03-25 17:37:31.000000000,7.833488124433529
2026-03-25 17:32:19.000000000,13.427624197297284
2026-03-25 17:44:01.000000000,15.114137366218477
2026-03-25 17:10:22.000000000,10.905618331489292
2026-03-25 17:30:42.000000000,10.857296965151912
2026-03-25 17:28:51.000000000,19.852554090255445
2026-03-25 17:06:16.000000000,22.97454563042719
2026-03-25 17:59:06.000000000,29.046394269245997
2026-03-25 17:26:30.000000000,120.1871541230652
2026-03-25 17:18:12.000000000,8.091796063965333
2026-03-25 17:03:29.000000000,10.994747048802783
2026-03-25 17:58:03.000000000,31.195734348628623
2026-03-25 17:19:09.000000000,23.082450529070346
2026-03-25 17:58:11.000000000,10.726105981376403
2026-03-25 17:45:09.000000000,8.205401884277935
2026-03-25 18:43:36.000000000,17.337715951925933
2026-03-25 18:23:29.000000000,36.328105858975135
2026-03-25 18:52:45.000000000,27.944534851036444
2026-03-25 18:09:41.000000000,38.59798485027323
2026-03-25 18:21:50.000000000,98.4910832781515
2026-03-25 18:39:33.000000000,19.293096331671702
2026-03-25 18:26:42.000000000,64.94286640171997
2026-03-25 18:22:40.000000000,10.437469803496471
2026-03-25 18:45:36.000000000,46.21065605728693
2026-03-25 18:11:18.000000000,96.84529444193858
2026-03-25 18:47:10.000000000,9.565993941363514
2026-03-25 18:06:40.000000000,5.6963618477352815
2026-03-25 18:28:19.000000000,18.222784042506277
2026-03-25 18:52:56.000000000,15.244878571853226
2026-03-25 18:59:07.000000000,20.75325724264481
2026-03-25 18:12:53.000000000,13.307975180189171
2026-03-25 19:12:28.000000000,13.662728074602226
2026-03-25 19:32:21.000000000,25.486361301168753
2026-03-25 19:38:22.000000000,6.0440192621295274
2026-03-25 19:50:41.000000000,13.466898780107433
2026-03-25 19:06:22.000000000,14.408101420494575
2026-03-25 19:16:31.000000000,30.83617272227454
2026-03-25 19:13:48.000000000,7.543983253668708
2026-03-25 19:11:20.000000000,26.43115125734951
2026-03-25 19:11:37.000000000,15.228948520976092
2026-03-25 19:11:03.000000000,7.3962348028964096
2026-03-25 19:36:15.000000000,11.091049181447882
2026-03-25 19:44:12.000000000,10.777406053916472
2026-03-25 19:38:37.000000000,35.20317147257414
2026-03-25 19:16:44.000000000,29.08457484840512
2026-03-25 19:20:05.000000000,13.522131528494953
2026-03-25 19:25:12.000000000,10.731225778063347
2026-03-25 20:23:27.000000000,72.52291541992044
2026-03-25 20:02:25.000000000,73.08329877842738
2026-03-25 20:36:14.000000000,25.091655123379756
2026-03-25 20:26:15.000000000,8.090122316603454
2026-03-25 20:35:22.000000000,12.415215439756716
2026-03-25 20:02:31.000000000,31.02226409649809
2026-03-25 20:22:16.000000000,12.37458102664427
2026-03-25 20:41:40.000000000,59.357737492124464
2026-03-25 20:32:22.000000000,40.96064052043836
2026-03-25 20:01:46.000000000,6.540158357467813
2026-03-25 20:44:15.000000000,6.889641703328042
2026-03-25 20:20:56.000000000,38.56089293223588
2026-03-25 20:16:12.000000000,12.49036042373032
2026-03-25 20:05:18.000000000,11.07865545988321
2026-03-25 21:50:39.000000000,70.60310125282905
2026-03-25 21:33:32.000000000,29.489050437572
2026-03-25 21:12:59.000000000,96.26735078902084
2026-03-25 21:04:13.000000000,15.56777848537497
2026-03-25 21:34:00.000000000,17.32878196107063
2026-03-25 21:16:08.000000000,12.449931877382346
2026-03-25 21:14:05.000000000,12.175902349070451
2026-03-25 21:26:21.000000000,29.85947514756529
2026-03-25 21:05:50.000000000,29.946157171692654
2026-03-25 21:34:26.000000000,55.86743363033025
2026-03-25 22:45:03.000000000,30.383279676699985
2026-03-25 22:43:47.000000000,27.891687452781287
2026-03-25 22:39:57.000000000,15.179295752143195
2026-03-25 22:06:01.000000000,44.26956295082908
2026-03-25 22:16:13.000000000,12.675986008337546
2026-03-25 22:03:23.000000000,9.04704250173097
2026-03-25 22:52:10.000000000,64.21782524128972
2026-03-25 22:56:39.000000000,22.885283133857865
2026-03-25 22:23:52.000000000,18.31770505410069
2026-03-25 22:25:03.000000000,15.295397975152769
2026-03-25 22:55:17.000000000,15.184840216949757
2026-03-25 22:35:52.000000000,13.310050532484937
2026-03-25 22:45:18.000000000,29.602689248311552
2026-03-25 22:42:58.000000000,22.768993148754973
2026-03-25 22:05:21.000000000,30.883978155676015
2026-03-25 22:18:55.000000000,18.49373850779554
2026-03-25 22:44:36.000000000,6.524822083999873
2026-03-25 23:05:23.000000000,65.20550359636249
2026-03-25 23:21:58.000000000,8.065881539496411
2026-03-25 23:29:55.000000000,13.060675833989949
2026-03-25 23:40:56.000000000,31.914234169535465
2026-03-25 23:27:38.000000000,10.705220329560422
2026-03-26 00:21:06.000000000,14.444180003446474
2026-03-26 00:57:21.000000000,19.31680131956186
2026-03-26 00:56:42.000000000,5.835809838482469
2026-03-26 00:22:58.000000000,21.440900234107204
2026-03-26 00:20:51.000000000,5.474367505271039
2026-03-26 00:15:08.000000000,28.328470426814583
2026-03-26 00:53:41.000000000,18.349344263908712
2026-03-26 00:52:42.000000000,8.517509432672558
2026-03-26 00:07:58.000000000,10.855913212384106
2026-03-26 00:16:13.000000000,4.973340522163918
2026-03-26 01:01:33.000000000,11.646459105214015
2026-03-26 01:40:10.000000000,29.825354879837665
2026-03-26 01:33:39.000000000,27.669997270859348
2026-03-26 01:06:04.000000000,14.375753747339406
2026-03-26 01:27:17.000000000,19.958656218170837
2026-03-26 01:39:54.000000000,49.332149357467976
2026-03-26 01:07:31.000000000,40.75476519342928
2026-03-26 01:58:58.000000000,131.6973245808463
2026-03-26 02:50:49.000000000,22.089312511838145
2026-03-26 02:51:29.000000000,24.41614749473764
2026-03-26 02:54:55.000000000,53.52019094664968
2026-03-26 03:58:32.000000000,47.03760658846707
2026-03-26 03:32:50.000000000,8.988527551626298
2026-03-26 03:07:22.000000000,11.547466419921
2026-03-26 03:48:50.000000000,13.238913055775297
2026-03-26 04:37:48.000000000,49.31490905291636
2026-03-26 04:41:23.000000000,13.04015929737523
2026-03-26 04:07:50.000000000,34.8786732784057
2026-03-26 05:28:46.000000000,18.858775394833295
2026-03-26 05:19:31.000000000,11.464096390883155
2026-03-26 05:12:28.000000000,128.21912068555153
2026-03-26 05:19:45.000000000,17.05013792174009
2026-03-26 05:10:04.000000000,33.37572382058189
2026-03-26 06:43:00.000000000,10.434812346568512
2026-03-26 06:08:42.000000000,7.828526537020792
2026-03-26 06:52:30.000000000,94.0272862260845
2026-03-26 06:46:23.000000000,5.799652789293923
2026-03-26 06:43:19.000000000,14.36526938547589
2026-03-26 06:08:35.000000000,7.304003358328083
2026-03-26 06:38:04.000000000,12.529507870049628
2026-03-26 06:35:32.000000000,26.482055130399566
2026-03-26 06:34:17.000000000,30.17571985596384
2026-03-26 07:09:24.000000000,21.158275169690317
2026-03-26 07:14:22.000000000,19.12995330516048
2026-03-26 07:33:55.000000000,34.116048176926725
2026-03-26 07:20:10.000000000,12.34456327512528
2026-03-26 07:25:37.000000000,18.53813249026778
2026-03-26 07:43:30.000000000,15.184667197834697
2026-03-26 07:04:58.000000000,19.760175817309886
2026-03-26 07:33:46.000000000,6.54030901910863
2026-03-26 07:21:27.000000000,35.07271295075662
2026-03-26 07:31:25.000000000,73.83526096144689
2026-03-26 07:31:00.000000000,62.772128688369115
2026-03-26 07:53:30.000000000,28.99453771463576
2026-03-26 07:30:44.000000000,70.3886612996547
2026-03-26 07:12:25.000000000,31.729791855080062
2026-03-26 07:57:33.000000000,26.87417452829162
2026-03-26 07:59:51.000000000,105.03885961440267
2026-03-26 07:50:47.000000000,41.74505469316653
2026-03-26 07:23:58.000000000,27.98303105077672
2026-03-26 07:21:24.000000000,18.650525792020076
2026-03-26 07:33:44.000000000,12.541372742616613
2026-03-26 08:30:01.000000000,38.21690478493481
2026-03-26 08:15:28.000000000,9.626709933876153
2026-03-26 08:49:25.000000000,27.55278596860621
2026-03-26 08:26:29.000000000,12.462312180664131
2026-03-26 08:27:04.000000000,30.819325009804317
2026-03-26 08:45:27.000000000,5.996891003930358
2026-03-26 08:36:16.000000000,11.888744754188878
2026-03-26 08:02:36.000000000,25.446500373113686
2026-03-26 08:21:27.000000000,139.19425929405025
2026-03-26 08:03:32.000000000,23.65601899125269
2026-03-26 08:44:46.000000000,24.527817396928928
2026-03-26 08:43:30.000000000,34.41707808828171
2026-03-26 08:32:52.000000000,12.461789366629963
2026-03-26 08:41:03.000000000,8.561009529316774
2026-03-26 08:16:30.000000000,16.841544265514344
2026-03-26 08:40:33.000000000,12.446733794127187
2026-03-26 08:29:49.000000000,31.61150552289374
2026-03-26 08:46:54.000000000,27.30248432532331
2026-03-26 08:28:38.000000000,25.908822355974795
2026-03-26 08:27:02.000000000,13.558087684765542
2026-03-26 08:07:36.000000000,17.968508530608975
2026-03-26 08:14:19.000000000,10.820197894661792
2026-03-26 08:42:41.000000000,6.115321141538821
2026-03-26 08:10:14.000000000,34.53719798081614
2026-03-26 08:40:47.000000000,22.062478117618376
2026-03-26 09:01:54.000000000,83.79289590951862
2026-03-26 09:12:38.000000000,68.4318271511691
2026-03-26 09:53:55.000000000,15.271763194130507
2026-03-26 09:31:26.000000000,17.236515863514995
2026-03-26 09:11:02.000000000,17.20219897087126
2026-03-26 09:23:22.000000000,13.450725093920303
2026-03-26 09:23:03.000000000,59.020686703601335
2026-03-26 09:28:42.000000000,14.546509388353426
2026-03-26 09:09:16.000000000,98.47051826729749
2026-03-26 09:23:06.000000000,8.236721257742188
2026-03-26 09:47:43.000000000,10.97475222985801
2026-03-26 09:07:25.000000000,26.63998022901507
2026-03-26 09:16:19.000000000,36.31830010150857
2026-03-26 09:42:11.000000000,8.886672360074549
2026-03-26 09:06:23.000000000,11.657152977270956
2026-03-26 09:39:30.000000000,15.946087703711976
2026-03-26 09:10:34.000000000,11.650323138674953
2026-03-26 09:16:05.000000000,8.100512074426277
2026-03-26 10:57:36.000000000,35.10732286531258
2026-03-26 10:01:16.000000000,31.599260674124736
2026-03-26 10:50:55.000000000,125.23040742400778
2026-03-26 10:57:51.000000000,11.640991842498371
2026-03-26 10:14:57.000000000,18.572353470864694
2026-03-26 10:21:35.000000000,23.638631660915436
2026-03-26 10:56:48.000000000,41.04536257108335
2026-03-26 10:33:28.000000000,76.69927955806632
2026-03-26 10:15:24.000000000,34.90287609111839
2026-03-26 10:18:34.000000000,31.237843637301765
2026-03-26 10:22:59.000000000,99.63466042537384
2026-03-26 10:09:15.000000000,8.616136030464775
2026-03-26 10:04:11.000000000,9.672043592828615
2026-03-26 10:00:14.000000000,18.43575021909297
2026-03-26 11:40:40.000000000,22.269262609132323
2026-03-26 11:49:10.000000000,8.110807451404547
2026-03-26 11:32:10.000000000,16.783255460118294
2026-03-26 11:32:37.000000000,85.72095031813299
2026-03-26 11:52:19.000000000,16.928672238664728
2026-03-26 11:19:20.000000000,12.351847689120396
2026-03-26 11:32:56.000000000,120.28508466491363
2026-03-26 11:21:28.000000000,10.335332927785556
2026-03-26 11:21:51.000000000,12.468047922465528
2026-03-26 11:13:34.000000000,6.426440812414253
2026-03-26 11:53:53.000000000,11.144363503254118
2026-03-26 12:07:02.000000000,39.34296345778588
2026-03-26 12:01:09.000000000,13.208210050723771
2026-03-26 12:08:18.000000000,8.510258664891655
2026-03-26 12:56:31.000000000,58.344135600628356
2026-03-26 12:11:20.000000000,7.863969471649069
2026-03-26 12:30:39.000000000,28.402762666219058
2026-03-26 12:01:17.000000000,12.361476574040838
2026-03-26 12:12:03.000000000,70.12841670407313
2026-03-26 12:58:29.000000000,47.37623374306696
2026-03-26 12:08:06.000000000,11.86626328706646
2026-03-26 13:34:03.000000000,73.68971205596466
2026-03-26 13:06:09.000000000,19.439496137595142
2026-03-26 13:37:30.000000000,27.005649096366678
2026-03-26 13:28:39.000000000,51.69431738481818
2026-03-26 13:40:35.000000000,21.629695560626118
2026-03-26 13:27:16.000000000,46.210692530778104
2026-03-26 13:50:52.000000000,18.58268335171517
2026-03-26 13:03:23.000000000,8.982563643034249
2026-03-26 13:10:32.000000000,94.54053902107458
2026-03-26 13:46:30.000000000,17.212847865475762
2026-03-26 13:47:41.000000000,15.899628755822164
2026-03-26 13:14:23.000000000,23.572429280157856
2026-03-26 13:50:03.000000000,9.53907772533067
2026-03-26 13:47:06.000000000,184.70001500400483
2026-03-26 13:53:46.000000000,63.35018566969823
2026-03-26 14:35:38.000000000,13.47807514827297
2026-03-26 14:17:11.000000000,12.422102874045985
2026-03-26 14:04:43.000000000,32.09636768444425
2026-03-26 14:30:55.000000000,25.79816061839658
2026-03-26 14:34:30.000000000,35.749787317604145
2026-03-26 14:24:05.000000000,28.232264972679406
2026-03-26 14:18:19.000000000,19.35617107259951
2026-03-26 14:30:51.000000000,34.48595185707613
2026-03-26 14:58:05.000000000,89.31500893890986
2026-03-26 14:12:25.000000000,80.02977783235778
2026-03-26 14:56:23.000000000,18.104335813234684
2026-03-26 14:34:57.000000000,11.570487703236791
2026-03-26 14:10:11.000000000,18.132673963781887
2026-03-26 15:08:52.000000000,10.887745959811372
2026-03-26 15:56:06.000000000,11.646452962584736
2026-03-26 15:19:34.000000000,27.387464404791167
2026-03-26 15:28:51.000000000,12.089333746245316
2026-03-26 15:51:05.000000000,25.801518396849715
2026-03-26 15:58:43.000000000,36.407926575820014
2026-03-26 15:48:01.000000000,18.67366593069612
2026-03-26 15:17:40.000000000,7.685370890936433
2026-03-26 15:52:43.000000000,8.08574214606881
2026-03-26 15:46:43.000000000,14.50147569789526
2026-03-26 15:42:25.000000000,9.69467092796393
2026-03-26 15:53:13.000000000,12.540272584514264
2026-03-26 15:01:09.000000000,13.20752429869612
2026-03-26 15:49:18.000000000,34.17682321012717
2026-03-26 15:42:38.000000000,86.24043817163455
2026-03-26 15:48:02.000000000,46.456298632518276
2026-03-26 15:53:04.000000000,218.82130411834643
2026-03-26 15:01:56.000000000,40.42832394647331
2026-03-26 16:08:38.000000000,15.106971851473826
2026-03-26 16:39:29.000000000,15.384801695814488
2026-03-26 16:17:37.000000000,21.083923429425056
2026-03-26 16:45:24.000000000,111.12111923518549
2026-03-26 16:22:23.000000000,12.422630753919726
2026-03-26 16:11:50.000000000,17.122027063943378
2026-03-26 16:55:03.000000000,24.83893409373756
2026-03-26 16:28:35.000000000,23.70954525745755
2026-03-26 16:37:48.000000000,32.75537744358588
2026-03-26 16:12:29.000000000,22.05527232387609
2026-03-26 16:38:41.000000000,8.204398353965543
2026-03-26 16:45:33.000000000,96.40286924626652
2026-03-26 16:44:14.000000000,22.069021494537715
2026-03-26 16:03:00.000000000,99.71173544603646
2026-03-26 16:52:57.000000000,16.8165290613513
2026-03-26 16:24:37.000000000,9.815675111329426
2026-03-26 16:00:10.000000000,169.52466564758902
2026-03-26 17:20:15.000000000,27.832504855799364
2026-03-26 17:15:23.000000000,26.830721902287735
2026-03-26 17:52:41.000000000,12.728472024075266
2026-03-26 17:50:47.000000000,10.240463074076608
2026-03-26 17:32:23.000000000,16.828173730505434
2026-03-26 17:48:07.000000000,43.51610824397307
2026-03-26 17:08:19.000000000,28.422200817864944
2026-03-26 17:26:39.000000000,12.050600758327276
2026-03-26 17:48:17.000000000,15.599155273153677
2026-03-26 17:22:04.000000000,76.61880700905859
2026-03-26 17:41:27.000000000,16.777275737197375
2026-03-26 17:53:26.000000000,34.02664160071934
2026-03-26 17:08:44.000000000,14.687656584429435
2026-03-26 17:27:31.000000000,9.739619253840345
2026-03-26 17:10:48.000000000,7.675498195028588
2026-03-26 17:36:37.000000000,13.04381555766283
2026-03-26 17:27:46.000000000,47.345906594520116
2026-03-26 17:55:32.000000000,8.470670640256635
2026-03-26 17:19:48.000000000,8.028920587253177
2026-03-26 18:16:08.000000000,22.69206202718413
2026-03-26 18:07:28.000000000,8.021181027935752
2026-03-26 18:50:03.000000000,24.17080253966265
2026-03-26 18:31:01.000000000,20.119163423012207
2026-03-26 18:06:20.000000000,27.564096067741744
2026-03-26 18:34:44.000000000,14.709252333244015
2026-03-26 18:41:13.000000000,20.759802843583586
2026-03-26 18:39:42.000000000,21.147134861286023
2026-03-26 18:46:19.000000000,68.07601609771379
2026-03-26 18:48:36.000000000,9.695360208939311
2026-03-26 18:23:59.000000000,20.865916616745814
2026-03-26 18:46:55.000000000,13.266614140032996
2026-03-26 18:42:14.000000000,25.31750933401753
2026-03-26 18:17:11.000000000,27.520307014812627
2026-03-26 19:42:53.000000000,8.932949859856492
2026-03-26 19:35:55.000000000,14.904026448218625
2026-03-26 19:45:55.000000000,29.99941342833585
2026-03-26 19:06:03.000000000,38.977313588107315
2026-03-26 19:11:57.000000000,8.915522074580963
2026-03-26 19:00:18.000000000,14.590791086249984
2026-03-26 19:45:06.000000000,56.632865610889546
2026-03-26 19:44:22.000000000,14.539790008385875
2026-03-26 19:42:35.000000000,51.582651158570464
2026-03-26 19:10:31.000000000,11.665498957103274
2026-03-26 19:41:27.000000000,121.66639245123336
2026-03-26 19:37:23.000000000,43.7844402891203
2026-03-26 19:20:13.000000000,16.192737963518955
2026-03-26 19:00:38.000000000,13.513431384099626
2026-03-26 19:33:01.000000000,44.90553897967759
2026-03-26 19:58:40.000000000,15.162488741878043
2026-03-26 19:29:49.000000000,51.15208166241394
2026-03-26 19:33:26.000000000,9.815675111329426
2026-03-26 20:06:37.000000000,12.176121875295493
2026-03-26 20:38:32.000000000,18.579444995075377
2026-03-26 20:31:51.000000000,35.53252286001958
2026-03-26 20:05:54.000000000,23.272886078856576
2026-03-26 20:02:42.000000000,9.952304037964124
2026-03-26 20:20:07.000000000,15.287442988688987
2026-03-26 20:19:46.000000000,9.549053238602225
2026-03-26 20:03:40.000000000,41.66139404048483
2026-03-26 20:38:43.000000000,101.19921523749095
2026-03-26 20:32:03.000000000,8.19561841161274
2026-03-26 21:16:20.000000000,65.89528328382052
2026-03-26 21:24:44.000000000,46.03556654441758
2026-03-26 21:20:58.000000000,9.97222033498015
2026-03-26 21:58:08.000000000,12.458509061293233
2026-03-26 21:28:33.000000000,27.001740668066102
2026-03-26 21:17:41.000000000,26.37287346246574
2026-03-26 21:00:45.000000000,63.94196217962258
2026-03-26 21:45:18.000000000,51.65023555702944
2026-03-26 21:49:58.000000000,66.86230962661682
2026-03-26 21:34:44.000000000,28.210716528167776
2026-03-26 21:33:10.000000000,34.57772920558207
2026-03-26 21:41:17.000000000,38.79907922554643
2026-03-26 21:16:54.000000000,29.679822181062747
2026-03-26 21:51:08.000000000,24.251573111697898
2026-03-26 21:49:38.000000000,25.961040150494014
2026-03-26 22:02:07.000000000,64.13982071893166
2026-03-26 22:26:03.000000000,8.910649000095916
2026-03-26 22:53:19.000000000,6.770009009188278
2026-03-26 22:21:17.000000000,29.051304276201737
2026-03-26 22:24:47.000000000,31.14456903836402
2026-03-26 22:09:08.000000000,22.6561669020086
2026-03-26 22:13:54.000000000,6.891014631473553
2026-03-26 22:58:45.000000000,24.79643102972525
2026-03-26 22:00:57.000000000,24.431204069113996
2026-03-26 22:44:22.000000000,61.91720362211203
2026-03-26 22:34:17.000000000,28.59073357541495
2026-03-26 22:09:18.000000000,16.064323932706863
2026-03-26 22:58:00.000000000,18.621716069187517
2026-03-26 22:26:16.000000000,17.929174169681005
2026-03-26 22:02:56.000000000,90.72409369795844
2026-03-26 22:38:20.000000000,10.935743399728414
2026-03-26 22:21:00.000000000,39.55612543557026
2026-03-26 22:57:51.000000000,32.135082041685415
2026-03-26 22:56:57.000000000,10.84252078855766
2026-03-26 22:27:24.000000000,14.181901371196439
2026-03-26 23:29:32.000000000,22.177182657234873
2026-03-26 23:07:51.000000000,31.190083760336165
2026-03-26 23:14:33.000000000,46.49031133373704
2026-03-26 23:29:15.000000000,19.01390522916399
2026-03-26 23:08:33.000000000,29.277019926096475
2026-03-26 23:04:47.000000000,13.238983839223758
2026-03-26 23:20:19.000000000,25.26542942353797
2026-03-26 23:49:13.000000000,19.806087763517546
2026-03-26 23:19:26.000000000,38.727344314752564
2026-03-26 23:11:52.000000000,27.657893397606117
2026-03-26 23:21:36.000000000,30.747883778077806
2026-03-26 23:14:24.000000000,39.6114669149187
2026-03-26 23:57:16.000000000,13.759958800575212
2026-03-27 00:40:55.000000000,27.565644477476283
2026-03-27 00:31:54.000000000,43.36636173411053
2026-03-27 00:45:59.000000000,163.74798304219422
2026-03-27 00:39:48.000000000,15.343163445081471
2026-03-27 00:42:35.000000000,6.079450078947331
2026-03-27 00:40:48.000000000,12.743888324394044
2026-03-27 00:12:51.000000000,32.61474889142763
2026-03-27 00:26:15.000000000,13.122080777099683
2026-03-27 00:40:32.000000000,110.52546366347666
2026-03-27 01:35:51.000000000,38.24163968811899
2026-03-27 01:35:05.000000000,34.93470980085474
2026-03-27 01:32:21.000000000,91.66401315858775
2026-03-27 01:42:36.000000000,15.19297489066757
2026-03-27 01:30:27.000000000,8.714915571401816
2026-03-27 01:31:47.000000000,10.132212188805907
2026-03-27 01:02:37.000000000,15.20469258420249
2026-03-27 02:48:09.000000000,11.634808104801753
2026-03-27 02:16:21.000000000,29.46566485441686
2026-03-27 02:35:01.000000000,10.751919145115679
2026-03-27 02:50:59.000000000,27.039853924649904
2026-03-27 02:17:06.000000000,20.134223226787256
2026-03-27 02:56:54.000000000,30.94951104200887
2026-03-27 02:36:33.000000000,5.788343366646224
2026-03-27 03:43:31.000000000,9.33601662959415
2026-03-27 03:36:25.000000000,63.88604264064891
2026-03-27 03:58:45.000000000,36.02510199236211
2026-03-27 03:25:36.000000000,59.82695108438675
2026-03-27 03:14:47.000000000,25.863592203839136
2026-03-27 04:31:41.000000000,50.576470573317046
2026-03-27 04:09:49.000000000,42.463465041483765
2026-03-27 04:31:31.000000000,37.91000156749214
2026-03-27 04:41:23.000000000,24.53714321936997
2026-03-27 04:46:19.000000000,36.42908069579116
2026-03-27 04:19:19.000000000,50.233517098867615
2026-03-27 04:22:09.000000000,67.23541605138492
2026-03-27 05:25:11.000000000,40.43163551858141
2026-03-27 05:23:37.000000000,69.27768703630271
2026-03-27 05:46:34.000000000,26.877185170065445
2026-03-27 05:03:22.000000000,15.968850965843737
2026-03-27 05:34:59.000000000,13.509905210533226
2026-03-27 05:56:00.000000000,21.561698119957953
2026-03-27 05:12:43.000000000,71.28958956197971
2026-03-27 06:35:38.000000000,66.52655226238129
2026-03-27 06:58:00.000000000,38.89229345855164
2026-03-27 06:43:19.000000000,93.61557433527267
2026-03-27 06:05:36.000000000,22.081603441520564
2026-03-27 06:01:00.000000000,67.71576949815578
2026-03-27 06:10:08.000000000,65.51521573037186
2026-03-27 06:03:19.000000000,46.8632554643724
2026-03-27 07:03:55.000000000,23.02757332840214
2026-03-27 07:17:48.000000000,55.76812300780808
2026-03-27 07:51:47.000000000,35.66739485684438
2026-03-27 07:24:30.000000000,13.17531356850164
2026-03-27 07:45:18.000000000,13.16341372528479
2026-03-27 07:42:58.000000000,25.53404775432916
2026-03-27 07:17:29.000000000,9.498684585446856
2026-03-27 07:11:22.000000000,16.552668694621016
2026-03-27 07:27:54.000000000,8.51712448624637
2026-03-27 07:37:38.000000000,9.168630592400035
2026-03-27 07:10:18.000000000,6.58337503586081
2026-03-27 07:55:28.000000000,21.16966428439026
2026-03-27 07:09:03.000000000,59.68460927567684
2026-03-27 07:34:37.000000000,27.41560010381785
2026-03-27 07:29:17.000000000,17.58851625122081
2026-03-27 07:57:13.000000000,13.527261317903925
2026-03-27 07:32:46.000000000,19.666751792102634
2026-03-27 07:37:32.000000000,36.039509466061624
2026-03-27 08:06:10.000000000,14.199470450979693
2026-03-27 08:02:47.000000000,12.496399009727671
2026-03-27 08:25:46.000000000,119.40295691976003
2026-03-27 08:48:54.000000000,32.12554568146378
2026-03-27 08:52:27.000000000,20.235444055076858
2026-03-27 08:55:09.000000000,9.54620739681854
2026-03-27 08:12:03.000000000,25.81299389586269
2026-03-27 08:21:41.000000000,10.49698640612912
2026-03-27 08:41:54.000000000,13.40266770754019
2026-03-27 08:36:39.000000000,22.170423967255587
2026-03-27 08:26:32.000000000,17.49523919631548
2026-03-27 08:09:47.000000000,20.632940135967665
2026-03-27 08:18:09.000000000,9.070832486893304
2026-03-27 08:54:02.000000000,54.828962395539996
2026-03-27 08:26:07.000000000,10.739118958650879
2026-03-27 08:42:22.000000000,8.210273274208015
2026-03-27 08:55:20.000000000,12.265500221743384
2026-03-27 08:12:37.000000000,30.557086103584457
2026-03-27 08:59:19.000000000,17.770882720906087
2026-03-27 08:39:48.000000000,22.149386254252704
2026-03-27 09:20:34.000000000,17.207159031583647
2026-03-27 09:19:31.000000000,44.95041446833507
2026-03-27 09:17:14.000000000,153.01799044165483
2026-03-27 09:59:19.000000000,7.59383756654929
2026-03-27 09:42:43.000000000,42.20150536723466
2026-03-27 09:20:27.000000000,29.51979091536203
2026-03-27 09:29:33.000000000,38.561900392648916
2026-03-27 09:23:14.000000000,48.75937947565582
2026-03-27 09:23:33.000000000,30.480043066555314
2026-03-27 09:41:35.000000000,22.177479741775215
2026-03-27 09:51:07.000000000,65.86180482385656
2026-03-27 09:43:46.000000000,21.160535838456575
2026-03-27 09:55:35.000000000,8.884419667706576
2026-03-27 09:17:15.000000000,23.222542468713534
2026-03-27 09:52:34.000000000,44.508028518341945
2026-03-27 10:31:11.000000000,22.60580893668808
2026-03-27 10:35:37.000000000,6.9073080114693175
2026-03-27 10:39:49.000000000,15.216960677679918
2026-03-27 10:33:20.000000000,25.415438909519825
2026-03-27 10:05:22.000000000,33.198079870987456
2026-03-27 10:13:56.000000000,7.570316038554025
2026-03-27 10:47:08.000000000,34.54049831433217
2026-03-27 10:33:39.000000000,8.63222661767772
2026-03-27 10:11:04.000000000,28.14011819498615
2026-03-27 10:01:20.000000000,73.58271717385732
2026-03-27 11:25:46.000000000,14.534673183461024
2026-03-27 11:15:34.000000000,43.4553022030916
2026-03-27 11:20:35.000000000,10.878694782684223
2026-03-27 11:55:15.000000000,16.93249516968803
2026-03-27 11:53:44.000000000,26.469696501720005
2026-03-27 11:21:11.000000000,46.053201797829054
2026-03-27 11:49:02.000000000,22.509386966013306
2026-03-27 11:58:36.000000000,15.215484287405873
2026-03-27 11:43:09.000000000,23.700036860206417
2026-03-27 11:27:12.000000000,34.207630055009396
2026-03-27 11:32:47.000000000,21.32482758188385
2026-03-27 11:10:49.000000000,22.40729958695258
2026-03-27 11:23:27.000000000,12.954409524452014
2026-03-27 11:06:59.000000000,23.170504306651
2026-03-27 12:23:13.000000000,36.516399534947084
2026-03-27 12:25:17.000000000,56.496621944627435
2026-03-27 12:44:47.000000000,37.88896420192529
2026-03-27 12:35:13.000000000,19.29976143764173
2026-03-27 12:54:51.000000000,18.645287855783597
2026-03-27 12:19:33.000000000,18.640050516721757
2026-03-27 12:02:47.000000000,36.43142445753448
2026-03-27 12:05:02.000000000,63.51647909162446
2026-03-27 12:15:47.000000000,22.69380775005221
2026-03-27 12:05:15.000000000,32.93731762651222
2026-03-27 12:25:41.000000000,14.358652339070089
2026-03-27 12:27:04.000000000,35.571137581252906
2026-03-27 13:42:12.000000000,15.964192987090017
2026-03-27 13:05:50.000000000,46.09196308544871
2026-03-27 13:07:02.000000000,16.604856282390934
2026-03-27 13:24:13.000000000,23.55231274413312
2026-03-27 13:14:07.000000000,20.78876890461509
2026-03-27 13:11:39.000000000,28.96304311928198
2026-03-27 13:22:14.000000000,10.782194366011241
2026-03-27 13:56:21.000000000,36.98299267826295
2026-03-27 13:57:50.000000000,69.74727206572993
2026-03-27 13:27:49.000000000,10.759588594765761
2026-03-27 13:51:40.000000000,10.956708959156487
2026-03-27 13:53:42.000000000,28.931949444776535
2026-03-27 13:36:53.000000000,65.91496351403441
2026-03-27 13:46:18.000000000,40.428608972389426
2026-03-27 13:11:23.000000000,22.76927473850523
2026-03-27 13:25:17.000000000,26.237295660277017
2026-03-27 13:04:20.000000000,28.724425707605103
2026-03-27 13:13:54.000000000,25.96636369824077
2026-03-27 13:37:14.000000000,33.48111193754883
2026-03-27 14:16:41.000000000,9.669254852910427
2026-03-27 14:37:48.000000000,23.08970663667991
2026-03-27 14:32:23.000000000,10.172430161170922
2026-03-27 14:37:38.000000000,18.08728969001448
2026-03-27 14:20:20.000000000,17.605036213619332
2026-03-27 14:42:52.000000000,15.939418690369275
2026-03-27 14:21:07.000000000,19.589135589266444
2026-03-27 14:42:00.000000000,27.853609338944278
2026-03-27 14:30:13.000000000,44.79866607039262
2026-03-27 14:44:12.000000000,9.594233432596356
2026-03-27 14:43:36.000000000,71.73912264807028
2026-03-27 14:56:46.000000000,26.506484219548437
2026-03-27 14:43:07.000000000,15.71599607427593
2026-03-27 14:09:49.000000000,35.47211941331387
2026-03-27 14:10:37.000000000,16.581775817441347
2026-03-27 14:50:29.000000000,10.758016204210824
2026-03-27 15:54:51.000000000,18.27090408469386
2026-03-27 15:34:45.000000000,16.784146958365554
2026-03-27 15:46:25.000000000,13.306513561649714
2026-03-27 15:24:14.000000000,19.532886829770394
2026-03-27 15:17:50.000000000,25.99995807653388
2026-03-27 15:15:09.000000000,32.561213405852804
2026-03-27 15:01:41.000000000,21.870814486740628
2026-03-27 15:22:49.000000000,129.09718953537285
2026-03-27 15:54:22.000000000,97.30295003030855
2026-03-27 15:48:59.000000000,17.7509975970357
2026-03-27 15:16:36.000000000,31.13014448369509
2026-03-27 15:45:25.000000000,17.65229996936564
2026-03-27 15:56:06.000000000,16.807910045921798
2026-03-27 15:30:04.000000000,8.199632563815292
2026-03-27 15:32:56.000000000,15.207390508563908
2026-03-27 15:50:55.000000000,58.52665081664402
2026-03-27 16:40:01.000000000,22.62008067293111
2026-03-27 16:53:14.000000000,40.870151248011624
2026-03-27 16:00:24.000000000,17.605583728640497
2026-03-27 16:27:24.000000000,32.085106630437856
2026-03-27 16:56:38.000000000,49.18054043650275
2026-03-27 16:31:17.000000000,63.02373143784168
2026-03-27 16:05:09.000000000,54.564274182903404
2026-03-27 16:20:23.000000000,30.424922035334674
2026-03-27 16:05:49.000000000,10.459398632879909
2026-03-27 16:57:26.000000000,84.05200407298638
2026-03-27 16:49:41.000000000,44.17091370218419
2026-03-27 16:16:19.000000000,8.46779564857679
2026-03-27 16:06:16.000000000,40.92050403006257
2026-03-27 16:09:27.000000000,11.443188680035702
2026-03-27 16:40:56.000000000,20.17435402531826
2026-03-27 16:00:13.000000000,35.432032191788366
2026-03-27 16:53:35.000000000,13.53584769331301
2026-03-27 16:57:53.000000000,20.208490753210977
2026-03-27 16:12:04.000000000,69.75471006738874
2026-03-27 16:38:49.000000000,24.96059111793687
2026-03-27 16:31:52.000000000,9.562707663260422
2026-03-27 16:04:52.000000000,100.40846269196511
2026-03-27 17:00:44.000000000,31.125674231255793
2026-03-27 17:14:29.000000000,24.36858390704811
2026-03-27 17:12:00.000000000,7.364316341923937
2026-03-27 17:35:26.000000000,145.94201478396033
2026-03-27 17:59:58.000000000,11.63427077412244
2026-03-27 17:56:57.000000000,35.92951270119022
2026-03-27 17:24:34.000000000,20.783042769746952
2026-03-27 17:52:40.000000000,21.096392612446003
2026-03-27 17:59:12.000000000,27.534633758860465
2026-03-27 17:24:38.000000000,6.19611784994237
2026-03-27 17:00:58.000000000,23.908234768596476
2026-03-27 17:04:28.000000000,14.98195253638579
2026-03-27 17:17:41.000000000,8.962511664234626
2026-03-27 17:26:29.000000000,10.288373512915248
2026-03-27 17:16:31.000000000,27.753706463107157
2026-03-27 17:27:25.000000000,9.909248932367925
2026-03-27 17:19:09.000000000,8.899605174753056
2026-03-27 17:59:10.000000000,22.95414560139041
2026-03-27 18:47:56.000000000,67.50359105921439
2026-03-27 18:17:22.000000000,33.587202949303055
2026-03-27 18:09:46.000000000,18.680238275752995
2026-03-27 18:34:00.000000000,9.471363142468986
2026-03-27 18:30:19.000000000,6.200506230436551
2026-03-27 18:18:29.000000000,9.256786203009414
2026-03-27 18:29:44.000000000,9.006921074146723
2026-03-27 18:34:48.000000000,6.63664759261324
2026-03-27 18:08:49.000000000,18.255146647048353
2026-03-27 18:37:25.000000000,18.49508590257224
2026-03-27 18:08:54.000000000,16.49275147346802
2026-03-27 18:35:26.000000000,12.40023180365774
2026-03-27 18:05:20.000000000,40.66276384799767
2026-03-27 18:38:06.000000000,9.199941344418182
2026-03-27 18:53:27.000000000,21.000312843726274
2026-03-27 18:44:07.000000000,11.73452091140447
2026-03-27 18:42:23.000000000,19.770856136342584
2026-03-27 18:37:02.000000000,43.31660472562564
2026-03-27 18:56:55.000000000,14.28862813232116
2026-03-27 18:29:14.000000000,11.86287571999498
2026-03-27 18:54:26.000000000,10.5396517016969
2026-03-27 18:02:46.000000000,27.130787724704785
2026-03-27 18:05:46.000000000,10.728784073951086
2026-03-27 18:55:21.000000000,10.299696043349549
2026-03-27 18:50:46.000000000,29.52504786960001
2026-03-27 18:18:52.000000000,15.138001827404048
2026-03-27 18:25:02.000000000,23.02524048924813
2026-03-27 18:52:53.000000000,16.12037329940943
2026-03-27 18:41:05.000000000,9.550758313306149
2026-03-27 18:20:30.000000000,13.027930684681358
2026-03-27 18:10:27.000000000,25.14251075861053
2026-03-27 18:51:12.000000000,8.504467691157439
2026-03-27 18:58:46.000000000,12.015599252987847
2026-03-27 18:20:02.000000000,26.939557014421972
2026-03-27 18:11:52.000000000,43.20995363243646
2026-03-27 19:34:58.000000000,6.563715943413549
2026-03-27 19:22:20.000000000,39.29969268397027
2026-03-27 19:36:25.000000000,14.767564380803536
2026-03-27 19:18:18.000000000,19.396812754817784
2026-03-27 19:43:23.000000000,20.01460857509712
2026-03-27 19:14:31.000000000,11.686388402879853
2026-03-27 19:15:54.000000000,63.31748555028994
2026-03-27 19:16:20.000000000,8.90464739022141
2026-03-27 19:01:49.000000000,68.66436977154754
2026-03-27 19:35:19.000000000,10.843510648367884
2026-03-27 19:32:17.000000000,6.814961532538925
2026-03-27 19:28:41.000000000,13.007533333200097
2026-03-27 19:52:56.000000000,18.126501728750213
2026-03-27 19:03:51.000000000,5.890520927401436
2026-03-27 19:54:44.000000000,7.5845757331288715
2026-03-27 19:08:27.000000000,12.538626004681966
2026-03-27 19:07:11.000000000,9.145261166377185
2026-03-27 19:03:39.000000000,7.005493463497598
2026-03-27 19:33:56.000000000,30.79230671875739
2026-03-27 19:49:55.000000000,8.100959156972612
2026-03-27 20:48:40.000000000,49.62171541929447
2026-03-27 20:27:21.000000000,16.36338347612694
2026-03-27 20:05:52.000000000,29.735218701492844
2026-03-27 20:11:16.000000000,19.579964367645612
2026-03-27 20:10:31.000000000,19.87268296980534
2026-03-27 20:23:36.000000000,38.599135817383114
2026-03-27 20:28:30.000000000,10.970570542546714
2026-03-27 20:44:09.000000000,40.05598466676686
2026-03-27 20:13:58.000000000,12.363223031129875
2026-03-27 20:46:24.000000000,53.14186541866402
2026-03-27 20:14:30.000000000,24.279992779569557
2026-03-27 20:15:44.000000000,15.9707531766908
2026-03-27 20:45:25.000000000,19.641118673511414
2026-03-27 20:47:01.000000000,15.794145457392814
2026-03-27 20:22:05.000000000,9.00658156645888
2026-03-27 20:23:13.000000000,13.774306804628722
2026-03-27 20:47:45.000000000,9.269932666984888
2026-03-27 20:57:31.000000000,19.45621356381628
2026-03-27 20:43:46.000000000,10.817118688199491
2026-03-27 20:17:39.000000000,8.829311204873411
2026-03-27 20:15:46.000000000,24.504797716166777
2026-03-27 20:47:39.000000000,20.14359285788822
2026-03-27 20:45:30.000000000,14.567975242802483
2026-03-27 20:10:05.000000000,20.81602177637235
2026-03-27 20:47:05.000000000,40.55608702835013
2026-03-27 21:26:05.000000000,11.265688458671326
2026-03-27 21:30:52.000000000,27.420610236927953
2026-03-27 21:31:42.000000000,13.03022103574807
2026-03-27 21:56:34.000000000,14.073870732736532
2026-03-27 21:49:33.000000000,41.02001493829234
2026-03-27 21:58:14.000000000,68.84602321970559
2026-03-27 21:35:58.000000000,24.25056004307485
2026-03-27 21:11:11.000000000,18.53449997060318
2026-03-27 21:37:17.000000000,22.982719562343696
2026-03-27 21:28:48.000000000,48.46457813596623
2026-03-27 21:14:35.000000000,25.04851649732179
2026-03-27 21:23:38.000000000,18.871146905010665
2026-03-27 21:17:53.000000000,10.143902995634054
2026-03-27 21:13:44.000000000,7.861564588370201
2026-03-27 21:27:54.000000000,55.99363416917954
2026-03-27 21:26:54.000000000,24.220348039940834
2026-03-27 21:34:10.000000000,12.436818006522973
2026-03-27 21:15:07.000000000,18.54458376899215
2026-03-27 21:48:50.000000000,147.56162219353692
2026-03-27 21:51:23.000000000,83.80358120612446
2026-03-27 21:57:48.000000000,13.097949086923766
2026-03-27 21:08:22.000000000,12.542853004834535
2026-03-27 21:12:24.000000000,13.204937409431373
2026-03-27 21:53:27.000000000,13.30977267254229
2026-03-27 21:10:55.000000000,25.58033179080181
2026-03-27 21:17:10.000000000,33.63848784618796
2026-03-27 21:57:35.000000000,24.71791802267189
2026-03-27 21:56:31.000000000,152.90834124712362
2026-03-27 22:54:59.000000000,12.397836083476323
2026-03-27 22:00:48.000000000,7.527044338500574
2026-03-27 22:29:13.000000000,26.379120187295772
2026-03-27 22:27:09.000000000,9.183900709496823
2026-03-27 22:56:11.000000000,239.201961559471
2026-03-27 22:03:44.000000000,14.506253940438699
2026-03-27 22:13:21.000000000,13.241302574434066
2026-03-27 22:34:36.000000000,21.316637847250608
2026-03-27 22:42:16.000000000,27.682904309728894
2026-03-27 22:15:43.000000000,32.5497922317237
2026-03-27 22:16:12.000000000,34.65714015325067
2026-03-27 22:51:57.000000000,23.855440018635214
2026-03-27 22:58:04.000000000,24.246282346860035
2026-03-27 22:29:24.000000000,15.901751064744117
2026-03-27 22:08:42.000000000,22.43227911009323
2026-03-27 22:38:51.000000000,40.28563356663055
2026-03-27 23:46:12.000000000,47.0508132281667
2026-03-27 23:01:57.000000000,30.25506223237494
2026-03-27 23:55:52.000000000,12.351851780158144
2026-03-27 23:52:31.000000000,22.407169956674398
2026-03-27 23:18:08.000000000,13.252010792063881
2026-03-27 23:42:57.000000000,9.799262939957632
2026-03-27 23:21:12.000000000,24.412104835261164
2026-03-27 23:16:31.000000000,13.88065141139418
2026-03-27 23:03:02.000000000,22.755933792064248
2026-03-27 23:18:25.000000000,9.868885956156948
2026-03-27 23:13:50.000000000,37.44923502346276
2026-03-27 23:54:47.000000000,17.90351611832077
2026-03-27 23:37:58.000000000,32.53716553531225
2026-03-27 23:21:49.000000000,9.489998281650461
2026-03-27 23:39:24.000000000,14.07091375410709
2026-03-27 23:05:28.000000000,26.795600828806627
2026-03-27 23:51:34.000000000,7.862312443881322
2026-03-27 23:01:00.000000000,29.869620533819525
2026-03-27 23:15:25.000000000,17.04716932179243
2026-03-27 23:16:53.000000000,9.035879763451375
2026-03-27 23:01:21.000000000,14.612553681804835
2026-03-27 23:46:18.000000000,23.583426834410115
2026-03-27 23:50:18.000000000,10.406355140703045
2026-03-27 23:29:17.000000000,27.59673644023391
2026-03-28 00:37:58.000000000,35.21355355214551
2026-03-28 00:03:19.000000000,17.714436508498128
2026-03-28 00:10:43.000000000,15.354134272642186
2026-03-28 00:57:25.000000000,14.519511650363825
2026-03-28 00:23:01.000000000,43.00003667751307
2026-03-28 00:55:39.000000000,18.5753787903684
2026-03-28 00:28:39.000000000,6.010200331427664
2026-03-28 00:16:31.000000000,39.676393786689154
2026-03-28 00:15:38.000000000,8.212081276140879
2026-03-28 00:36:14.000000000,14.18162845540974
2026-03-28 00:07:39.000000000,29.994456148823573
2026-03-28 00:37:44.000000000,16.37799381754694
2026-03-28 00:51:07.000000000,32.012814486501604
2026-03-28 01:38:35.000000000,13.829499431104933
2026-03-28 01:55:54.000000000,16.014007973236737
2026-03-28 01:47:07.000000000,17.71713440284883
2026-03-28 01:15:04.000000000,8.842945871449414
2026-03-28 01:30:21.000000000,17.7940662220545
2026-03-28 01:29:52.000000000,15.114173332495229
2026-03-28 01:59:11.000000000,12.863752619620291
2026-03-28 02:04:19.000000000,19.117243109328275
2026-03-28 02:06:28.000000000,11.679850220091307
2026-03-28 02:11:07.000000000,12.947495605419975
2026-03-28 02:12:16.000000000,19.0814574204967
2026-03-28 02:27:50.000000000,21.529036741611666
2026-03-28 02:05:40.000000000,25.68665762527925
2026-03-28 02:01:24.000000000,9.50022401899411
2026-03-28 03:48:18.000000000,15.613907060974954
2026-03-28 03:30:27.000000000,9.511820631944142
2026-03-28 03:53:48.000000000,24.49697879468584
2026-03-28 03:25:59.000000000,17.70939284995716
2026-03-28 03:08:52.000000000,21.5935134367472
2026-03-28 03:03:22.000000000,21.230137446338208
2026-03-28 03:13:40.000000000,13.844275944078008
2026-03-28 03:12:03.000000000,59.99372349142984
2026-03-28 03:56:52.000000000,20.62529468035969
2026-03-28 03:57:03.000000000,14.329052443755486
2026-03-28 03:06:10.000000000,29.008298201845182
2026-03-28 04:14:27.000000000,76.49248371796747
2026-03-28 04:30:48.000000000,8.019907669663654
2026-03-28 04:25:30.000000000,14.775361211932188
2026-03-28 04:01:00.000000000,98.84749168868353
2026-03-28 04:52:56.000000000,9.538170901313688
2026-03-28 05:48:41.000000000,8.680992419426115
2026-03-28 06:20:16.000000000,68.64987522282259
2026-03-28 06:26:15.000000000,23.365518203370403
2026-03-28 06:53:07.000000000,12.019222185701672
2026-03-28 06:34:13.000000000,55.96596751503263
2026-03-28 06:32:11.000000000,28.385366128957333
2026-03-28 07:43:44.000000000,8.889303629671208
2026-03-28 07:34:50.000000000,16.794841303499048
2026-03-28 07:55:34.000000000,14.937163574230517
2026-03-28 07:50:42.000000000,19.413240154269555
2026-03-28 07:25:29.000000000,15.275172118486372
2026-03-28 07:50:52.000000000,36.29684965068764
2026-03-28 07:01:24.000000000,15.197700270061477
2026-03-28 07:55:57.000000000,76.1136106101938
2026-03-28 07:52:20.000000000,65.1565596114526
2026-03-28 07:53:16.000000000,7.51795695027824
2026-03-28 07:38:27.000000000,57.57885053987388
2026-03-28 07:12:46.000000000,26.77739306323635
2026-03-28 07:44:14.000000000,36.701446773141114
2026-03-28 07:29:33.000000000,61.98304645014533
2026-03-28 08:53:57.000000000,14.186356249524978
2026-03-28 08:51:02.000000000,14.028592843688166
2026-03-28 08:02:09.000000000,15.173195621255637
2026-03-28 08:30:22.000000000,21.399201001583783
2026-03-28 08:35:02.000000000,6.880830677301482
2026-03-28 08:32:36.000000000,17.549890532145202
2026-03-28 08:42:28.000000000,16.83382696962628
2026-03-28 08:50:29.000000000,34.327146587961735
2026-03-28 08:50:49.000000000,11.700506940951314
2026-03-28 09:40:06.000000000,125.67393942475476
2026-03-28 09:40:03.000000000,6.483628715944918
2026-03-28 09:30:27.000000000,25.135353645912755
2026-03-28 09:03:48.000000000,16.398914413903853
2026-03-28 09:02:43.000000000,27.195011400930643
2026-03-28 09:33:14.000000000,38.69902031817537
2026-03-28 09:35:13.000000000,13.323272840135896
2026-03-28 09:43:34.000000000,13.302321941068323
2026-03-28 09:37:13.000000000,18.844164943287417
2026-03-28 09:57:50.000000000,34.99004929010225
2026-03-28 09:19:23.000000000,12.487141227734076
2026-03-28 09:26:09.000000000,12.447203065390896
2026-03-28 09:50:28.000000000,12.118604185849629
2026-03-28 09:30:23.000000000,6.5214115757830164
2026-03-28 10:40:51.000000000,9.22675871340558
2026-03-28 10:00:07.000000000,15.138001827404048
2026-03-28 10:03:56.000000000,59.16466532892296
2026-03-28 10:19:25.000000000,6.951112248811638
2026-03-28 10:41:50.000000000,18.362195502674542
2026-03-28 10:05:27.000000000,8.203104381099413
2026-03-28 10:01:46.000000000,11.677244988733039
2026-03-28 10:54:50.000000000,9.742123339222832
2026-03-28 10:35:15.000000000,13.039376700959421
2026-03-28 10:32:16.000000000,21.596507307838564
2026-03-28 10:48:19.000000000,7.556289094379163
2026-03-28 11:14:51.000000000,14.9895792551474
2026-03-28 11:08:41.000000000,15.954228398982709
2026-03-28 11:10:20.000000000,113.8635869422487
2026-03-28 11:57:42.000000000,13.309707935732188
2026-03-28 11:59:47.000000000,31.400895935893217
2026-03-28 11:51:42.000000000,15.08662015488652
2026-03-28 11:49:34.000000000,19.63819659040966
2026-03-28 11:27:53.000000000,43.90645511615354
2026-03-28 11:41:56.000000000,33.61517924147178
2026-03-28 11:07:32.000000000,40.53908879936332
2026-03-28 11:25:29.000000000,9.676362268209932
2026-03-28 11:24:25.000000000,18.330515104674827
2026-03-28 11:54:09.000000000,11.65260996723587
2026-03-28 12:41:21.000000000,26.28953489180977
2026-03-28 12:30:03.000000000,32.96908380626615
2026-03-28 12:32:22.000000000,24.70219125487327
2026-03-28 12:28:14.000000000,63.781349504226846
2026-03-28 12:18:04.000000000,17.23626622644249
2026-03-28 12:17:37.000000000,16.992038083563063
2026-03-28 12:58:44.000000000,9.615757080244961
2026-03-28 12:47:36.000000000,11.628941320798797
2026-03-28 12:26:39.000000000,15.712780197262294
2026-03-28 12:53:53.000000000,12.47971527929932
2026-03-28 12:46:42.000000000,53.009334170548236
2026-03-28 12:33:49.000000000,26.42334838256814
2026-03-28 13:52:11.000000000,10.834690120473628
2026-03-28 13:14:13.000000000,25.31750933401753
2026-03-28 13:28:41.000000000,20.506632618963536
2026-03-28 13:46:08.000000000,7.313668605249655
2026-03-28 13:46:49.000000000,72.54239529014346
2026-03-28 13:22:55.000000000,33.7638617204148
2026-03-28 13:53:41.000000000,38.392452952001996
2026-03-28 13:08:45.000000000,107.72539269212231
2026-03-28 13:18:00.000000000,42.07201494805321
2026-03-28 13:00:39.000000000,13.205900205416832
2026-03-28 13:17:39.000000000,44.15109691372648
2026-03-28 13:35:03.000000000,12.47971527929932
2026-03-28 13:55:56.000000000,30.749180092735386
2026-03-28 13:20:44.000000000,8.205312739594868
2026-03-28 13:35:35.000000000,33.83613914105513
2026-03-28 14:25:17.000000000,44.887168346998784
2026-03-28 14:00:07.000000000,21.450577194624916
2026-03-28 14:33:05.000000000,20.00727444465642
2026-03-28 14:10:27.000000000,18.154863996242444
2026-03-28 14:13:13.000000000,73.23877230622529
2026-03-28 14:14:12.000000000,51.00628620746036
2026-03-28 14:43:24.000000000,8.878601559010928
2026-03-28 14:54:01.000000000,63.53761047543312
2026-03-28 14:09:32.000000000,13.229887223264651
2026-03-28 14:21:21.000000000,31.019679942879097
2026-03-28 14:21:26.000000000,16.060449539233925
2026-03-28 14:52:46.000000000,10.214265803250056
2026-03-28 14:29:38.000000000,28.54492686112732
2026-03-28 14:48:07.000000000,57.40610461469234
2026-03-28 14:28:20.000000000,7.6071356462907564
2026-03-28 14:03:49.000000000,6.136333370715367
2026-03-28 14:49:01.000000000,19.288644531451723
2026-03-28 14:52:38.000000000,11.714861493617377
2026-03-28 14:15:58.000000000,23.027254198912633
2026-03-28 14:06:06.000000000,29.066596435572364
2026-03-28 14:21:34.000000000,16.800724714014333
2026-03-28 14:39:21.000000000,36.428378994352386
2026-03-28 14:33:08.000000000,20.56815017385854
2026-03-28 14:45:19.000000000,19.494115872910086
2026-03-28 15:34:06.000000000,25.03342337592921
2026-03-28 15:06:56.000000000,13.747192977953464
2026-03-28 15:23:11.000000000,24.964662389173387
2026-03-28 15:05:51.000000000,13.296342918110843
2026-03-28 15:00:06.000000000,50.41186859888024
2026-03-28 15:25:44.000000000,12.507349227600885
2026-03-28 15:22:17.000000000,9.975067055912083
2026-03-28 15:13:30.000000000,34.77875151615553
2026-03-28 15:35:12.000000000,30.75115466858013
2026-03-28 15:49:53.000000000,15.210787049149594
2026-03-28 15:52:40.000000000,15.91635464518344
2026-03-28 15:15:40.000000000,33.5062995770264
2026-03-28 15:09:06.000000000,27.0875529463975
2026-03-28 15:28:14.000000000,30.154332794112904
2026-03-28 15:45:07.000000000,15.6901675252385
2026-03-28 15:57:45.000000000,16.15713753254007
2026-03-28 15:49:36.000000000,25.05086170377943
2026-03-28 15:27:52.000000000,18.53498572723088
2026-03-28 15:50:35.000000000,59.97296716401303
2026-03-28 15:08:22.000000000,9.58114766319237
2026-03-28 15:06:40.000000000,9.027935703078844
2026-03-28 16:24:42.000000000,15.900498198954379
2026-03-28 16:23:20.000000000,16.805472751117538
2026-03-28 16:25:06.000000000,32.14432868700953
2026-03-28 16:36:26.000000000,8.017292983800248
2026-03-28 16:44:25.000000000,43.08122333861359
2026-03-28 16:12:30.000000000,16.815258160898345
2026-03-28 16:41:48.000000000,11.286987556305732
2026-03-28 16:58:53.000000000,5.429761602789745
2026-03-28 16:58:25.000000000,7.42410833888912
2026-03-28 16:17:11.000000000,9.526672995395765
2026-03-28 16:35:13.000000000,32.84749063066154
2026-03-28 16:45:10.000000000,13.99896730024022
2026-03-28 16:09:12.000000000,12.488539348738193
2026-03-28 16:01:37.000000000,99.46806450425149
2026-03-28 16:50:21.000000000,13.061017324914312
2026-03-28 16:48:05.000000000,7.43727532952541
2026-03-28 16:32:00.000000000,18.016315450171327
2026-03-28 16:48:19.000000000,11.651835794334495
2026-03-28 16:07:13.000000000,28.486431129606643
2026-03-28 16:27:03.000000000,15.105602800656133
2026-03-28 17:32:47.000000000,28.628090574344704
2026-03-28 17:59:09.000000000,18.37539160391187
2026-03-28 17:46:14.000000000,18.369154489082252
2026-03-28 17:06:08.000000000,9.96893993728744
2026-03-28 17:44:15.000000000,36.12424878674736
2026-03-28 17:42:42.000000000,27.404249391506422
2026-03-28 17:11:05.000000000,20.15191284190278
2026-03-28 17:19:15.000000000,14.043812087478562
2026-03-28 17:00:57.000000000,10.93281874593308
2026-03-28 17:15:18.000000000,9.790817668041296
2026-03-28 17:43:20.000000000,16.411940955543866
2026-03-28 17:48:46.000000000,24.53205300336995
2026-03-28 17:44:16.000000000,12.85473577388625
2026-03-28 17:02:58.000000000,16.58072918048254
2026-03-28 17:46:40.000000000,16.87990310312268
2026-03-28 17:46:17.000000000,29.55165798700925
2026-03-28 17:52:42.000000000,10.961794787694048
2026-03-28 17:13:09.000000000,13.290429216649905
2026-03-28 17:46:48.000000000,17.71856808704278
2026-03-28 17:35:22.000000000,27.634581177865755
2026-03-28 17:50:57.000000000,22.27045610434128
2026-03-28 17:22:41.000000000,10.940606471407778
2026-03-28 17:04:31.000000000,139.0169547518166
2026-03-28 18:21:01.000000000,17.878438551020558
2026-03-28 18:00:51.000000000,6.645271761408081
2026-03-28 18:58:22.000000000,53.35477704539622
2026-03-28 18:24:57.000000000,10.12499759790389
2026-03-28 18:33:24.000000000,30.015210449479408
2026-03-28 18:48:51.000000000,39.690995719042206
2026-03-28 18:17:55.000000000,17.256383685567055
2026-03-28 18:32:09.000000000,77.17415537272107
2026-03-28 18:40:30.000000000,13.115001892735055
2026-03-28 18:49:46.000000000,33.77367914980642
2026-03-28 18:45:51.000000000,48.66802586929938
2026-03-28 18:25:28.000000000,19.748681675279798
2026-03-28 18:07:35.000000000,15.162919285872421
2026-03-28 18:41:04.000000000,10.280695247275279
2026-03-28 18:24:44.000000000,16.999698584523884
2026-03-28 18:40:39.000000000,6.60028125491024
2026-03-28 18:02:33.000000000,165.3660627644626
2026-03-28 18:32:33.000000000,11.36773373803627
2026-03-28 18:22:11.000000000,26.948647966873445
2026-03-28 19:36:03.000000000,67.85706776893883
2026-03-28 19:59:01.000000000,8.880270725966634
2026-03-28 19:48:42.000000000,12.488772743263617
2026-03-28 19:41:57.000000000,13.297527894434028
2026-03-28 19:41:43.000000000,11.50624159637828
2026-03-28 19:34:56.000000000,9.491523895750069
2026-03-28 19:43:41.000000000,24.063435026290605
2026-03-28 19:03:50.000000000,17.898236205114774
2026-03-28 19:20:25.000000000,11.551743227938069
2026-03-28 19:43:31.000000000,10.655758814651923
2026-03-28 19:39:26.000000000,10.811263577581729
2026-03-28 19:55:44.000000000,22.085277996179247
2026-03-28 19:40:02.000000000,31.340544823503603
2026-03-28 19:08:15.000000000,30.68151155324104
2026-03-28 19:00:33.000000000,41.28547007540678
2026-03-28 19:18:19.000000000,15.212904518602578
2026-03-28 19:44:10.000000000,6.051880065289218
2026-03-28 20:51:16.000000000,21.41384116661182
2026-03-28 20:06:42.000000000,19.260129318050872
2026-03-28 20:41:13.000000000,35.70927103351047
2026-03-28 20:59:11.000000000,26.71827339087374
2026-03-28 20:55:34.000000000,16.07185215203526
2026-03-28 20:01:18.000000000,13.727245941206629
2026-03-28 20:29:38.000000000,24.685578764027554
2026-03-28 20:50:33.000000000,41.592187963936055
2026-03-28 20:13:23.000000000,48.69116621774769
2026-03-28 20:47:54.000000000,24.72153975288797
2026-03-28 20:20:55.000000000,8.94089377450717
2026-03-28 20:17:11.000000000,8.557703840155703
2026-03-28 20:55:35.000000000,17.732796666745138
2026-03-28 20:09:21.000000000,30.760942360657825
2026-03-28 20:19:17.000000000,23.313687678208105
2026-03-28 20:23:23.000000000,11.42219605434879
2026-03-28 20:05:54.000000000,17.646694760438017
2026-03-28 21:43:43.000000000,17.04626613149597
2026-03-28 21:08:21.000000000,21.35924547598842
2026-03-28 21:02:00.000000000,17.31558492646259
2026-03-28 21:58:32.000000000,10.749332204223387
2026-03-28 21:46:47.000000000,19.673538762677584
2026-03-28 21:04:14.000000000,23.936851481961938
2026-03-28 21:15:17.000000000,38.40904550364063
2026-03-28 21:02:30.000000000,39.763120709222875
2026-03-28 21:28:04.000000000,8.97529982778529
2026-03-28 21:53:57.000000000,39.66653510425915
2026-03-28 21:56:24.000000000,25.504016604800995
2026-03-28 21:39:32.000000000,46.97322414275427
2026-03-28 21:20:51.000000000,9.199248756088638
2026-03-28 21:36:14.000000000,32.88280747198592
2026-03-28 21:54:54.000000000,31.738902981827838
2026-03-28 21:14:12.000000000,9.028441847387604
2026-03-28 21:14:48.000000000,15.272878093333045
2026-03-28 21:03:06.000000000,11.802592053181847
2026-03-28 21:04:51.000000000,45.70414538942554
2026-03-28 21:13:10.000000000,13.081288197729426
2026-03-28 21:13:59.000000000,12.47971527929932
2026-03-28 21:06:09.000000000,15.187387543384819
2026-03-28 21:37:05.000000000,90.13812719815313
2026-03-28 21:41:47.000000000,14.093782414358644
2026-03-28 22:45:38.000000000,18.379929037203375
2026-03-28 22:39:18.000000000,16.549666319105672
2026-03-28 22:17:35.000000000,18.640785272434563
2026-03-28 22:57:38.000000000,30.461330896012154
2026-03-28 22:12:10.000000000,12.804388369342515
2026-03-28 22:57:10.000000000,14.205038670515362
2026-03-28 22:13:50.000000000,27.34601293567001
2026-03-28 22:04:31.000000000,43.31774932388879
2026-03-28 22:01:12.000000000,18.535884467804344
2026-03-28 22:34:36.000000000,48.46350770052675
2026-03-28 22:14:15.000000000,16.604411023096606
2026-03-28 22:29:07.000000000,10.580720452078191
2026-03-28 22:34:36.000000000,70.47375773434986
2026-03-28 22:19:14.000000000,23.645901743070525
2026-03-28 22:20:40.000000000,33.46883270193008
2026-03-28 22:39:09.000000000,17.981676158507714
2026-03-28 22:02:03.000000000,15.401306099291238
2026-03-28 22:12:36.000000000,8.996483322007574
2026-03-28 22:58:18.000000000,25.722145497970118
2026-03-28 22:38:22.000000000,36.965496617331105
2026-03-28 22:38:41.000000000,13.185144405819504
2026-03-28 22:43:55.000000000,20.03050085129895
2026-03-28 22:25:14.000000000,15.971089864804119
2026-03-28 22:49:20.000000000,11.659845717982426
2026-03-28 22:40:44.000000000,11.777579114917637
2026-03-28 22:43:58.000000000,13.056727366880803
2026-03-28 23:51:29.000000000,11.654606129994432
2026-03-28 23:41:57.000000000,23.88721954863695
2026-03-28 23:28:40.000000000,21.421568618299464
2026-03-28 23:58:06.000000000,62.39771063986567
2026-03-28 23:22:05.000000000,17.73339095301427
2026-03-28 23:35:19.000000000,16.004333660933693
2026-03-28 23:05:38.000000000,7.6618357258307865
2026-03-28 23:09:09.000000000,40.44168285524482
2026-03-28 23:09:34.000000000,40.18645803639911
2026-03-28 23:09:28.000000000,31.135229152182955
2026-03-28 23:13:59.000000000,20.856814452052266
2026-03-28 23:07:38.000000000,6.122201342996457
2026-03-28 23:53:35.000000000,21.533662160740388
2026-03-28 23:25:59.000000000,46.23024986157981
2026-03-28 23:01:18.000000000,36.44828229739496
2026-03-28 23:40:00.000000000,31.603023773808253
2026-03-28 23:40:45.000000000,48.420245033107186
2026-03-28 23:35:23.000000000,14.550717237688485
2026-03-28 23:00:32.000000000,55.29814634566475
2026-03-28 23:31:44.000000000,9.48647813741103
2026-03-28 23:55:51.000000000,7.361874637811676
2026-03-28 23:39:48.000000000,13.178594227563472
2026-03-28 23:04:59.000000000,5.568222076806474
2026-03-28 23:00:40.000000000,18.564690011913342
2026-03-29 00:22:06.000000000,20.035834116249273
2026-03-29 00:12:46.000000000,28.83928736121025
2026-03-29 00:27:36.000000000,13.987520911566225
2026-03-29 00:39:08.000000000,8.188682223624982
2026-03-29 00:11:02.000000000,7.993468076108869
2026-03-29 00:29:40.000000000,29.48118792424841
2026-03-29 00:26:23.000000000,29.130953851786675
2026-03-29 00:52:23.000000000,13.830900740036991
2026-03-29 00:08:41.000000000,16.303763043579416
2026-03-29 00:09:30.000000000,25.00062386780866
2026-03-29 00:02:43.000000000,8.190060670654452
2026-03-29 00:00:58.000000000,35.71965459250593
2026-03-29 00:45:27.000000000,25.195462221254648
2026-03-29 00:03:17.000000000,10.255767810985304
2026-03-29 00:22:06.000000000,10.83340695069136
2026-03-29 00:37:15.000000000,12.5191332797099
2026-03-29 00:17:07.000000000,102.31725034276008
2026-03-29 00:58:59.000000000,15.220603942636256
2026-03-29 00:19:45.000000000,14.182229766865357
2026-03-29 00:11:02.000000000,35.96436321882132
2026-03-29 00:37:38.000000000,50.03430127049994
2026-03-29 00:34:27.000000000,19.2544613856811
2026-03-29 00:44:23.000000000,41.311755891226326
2026-03-29 00:39:52.000000000,49.27664692594632
2026-03-29 01:19:21.000000000,11.109317017465312
2026-03-29 01:05:12.000000000,25.81495022109166
2026-03-29 01:57:32.000000000,6.201327118719522
2026-03-29 01:03:36.000000000,25.842651542058185
2026-03-29 01:04:46.000000000,161.29364688703174
2026-03-29 01:20:42.000000000,11.563949538905074
2026-03-29 01:34:53.000000000,46.93361810141539
2026-03-29 01:05:02.000000000,6.63149245947096
2026-03-29 01:31:50.000000000,25.16215856851559
2026-03-29 01:57:05.000000000,16.795282718903263
2026-03-29 01:29:47.000000000,11.10815521129465
2026-03-29 01:37:27.000000000,12.445809901697825
2026-03-29 01:11:59.000000000,24.93824722520993
2026-03-29 01:52:10.000000000,15.11923497043295
2026-03-29 01:11:50.000000000,7.870200108174364
2026-03-29 02:39:20.000000000,27.07558218213858
2026-03-29 02:49:01.000000000,17.198975843910045
2026-03-29 02:14:14.000000000,18.59221546486273
2026-03-29 02:00:28.000000000,33.58965269522198
2026-03-29 02:13:19.000000000,19.274109628557014
2026-03-29 02:22:41.000000000,13.232492826446196
2026-03-29 02:53:35.000000000,16.63484184990955
2026-03-29 02:53:36.000000000,29.8010793001278
2026-03-29 02:25:22.000000000,45.64766676104785
2026-03-29 02:25:33.000000000,17.213771619449894
2026-03-29 03:08:30.000000000,46.20379463307328
2026-03-29 03:19:27.000000000,8.797108912634032
2026-03-29 03:59:31.000000000,28.07913159329892
2026-03-29 03:05:25.000000000,8.19561841161274
2026-03-29 03:16:32.000000000,31.29654630721936
2026-03-29 03:42:26.000000000,32.25655106833939
2026-03-29 03:41:05.000000000,11.578856122003993
2026-03-29 03:01:13.000000000,10.816599860848799
2026-03-29 03:54:02.000000000,98.07314788755507
2026-03-29 04:14:37.000000000,19.834876560117333
2026-03-29 04:31:45.000000000,34.48037004440134
2026-03-29 04:31:22.000000000,27.804678856082433
2026-03-29 04:25:32.000000000,13.254657089318806
2026-03-29 04:20:47.000000000,20.421406110578186
2026-03-29 04:33:08.000000000,21.45126667809975
2026-03-29 04:48:50.000000000,15.967934287013126
2026-03-29 04:08:36.000000000,21.35945779075278
2026-03-29 04:07:14.000000000,50.45751910238857
2026-03-29 04:35:45.000000000,45.63375401867507
2026-03-29 04:58:24.000000000,23.461863612540455
2026-03-29 04:31:48.000000000,13.08328040463918
2026-03-29 04:16:56.000000000,17.874608259856867
2026-03-29 04:40:14.000000000,35.31004170268665
2026-03-29 05:29:19.000000000,6.715669172927734
2026-03-29 05:03:16.000000000,129.72031065256954
2026-03-29 05:58:30.000000000,36.67376739216818
2026-03-29 05:20:26.000000000,26.78928295465477
2026-03-29 06:20:51.000000000,28.75859500449838
2026-03-29 06:51:54.000000000,53.11699188675987
2026-03-29 06:31:22.000000000,16.13437222963581
2026-03-29 06:56:02.000000000,19.72496106927688
2026-03-29 06:27:33.000000000,12.263031657621926
2026-03-29 06:34:20.000000000,17.853124252155176
2026-03-29 06:03:08.000000000,38.18153834310854
2026-03-29 07:27:32.000000000,21.096277449637096
2026-03-29 07:04:31.000000000,40.596239102660256
2026-03-29 07:25:41.000000000,15.177940472918493
2026-03-29 07:10:24.000000000,10.776244015178689
2026-03-29 07:57:39.000000000,34.36792001187792
2026-03-29 08:45:21.000000000,30.44625738032316
2026-03-29 08:01:05.000000000,37.124388008146084
2026-03-29 08:37:21.000000000,15.093542851902281
2026-03-29 08:23:17.000000000,9.912057531820825
2026-03-29 08:42:58.000000000,14.115881990403983
2026-03-29 08:45:23.000000000,22.35882651260548
2026-03-29 08:04:50.000000000,22.208499630461976
2026-03-29 08:39:10.000000000,228.8469418161813
2026-03-29 09:56:42.000000000,10.92675676825733
2026-03-29 09:52:18.000000000,16.131540870390268
2026-03-29 09:48:23.000000000,24.91456374613385
2026-03-29 09:40:18.000000000,12.37726602837581
2026-03-29 09:44:22.000000000,6.9108083071778355
2026-03-29 09:01:52.000000000,6.200446320861189
2026-03-29 09:58:25.000000000,15.44257171347119
2026-03-29 09:49:16.000000000,10.775102057579923
2026-03-29 09:53:34.000000000,22.33602271024433
2026-03-29 09:24:01.000000000,7.389642035042009
2026-03-29 10:07:55.000000000,9.700761278740295
2026-03-29 10:08:19.000000000,23.49749758486811
2026-03-29 10:55:01.000000000,101.10070246030702
2026-03-29 10:49:37.000000000,8.016496176781933
2026-03-29 10:47:42.000000000,31.352459965392654
2026-03-29 10:25:52.000000000,11.494427342214118
2026-03-29 10:53:47.000000000,21.373159862738827
2026-03-29 10:56:05.000000000,8.63596333187956
2026-03-29 10:21:57.000000000,9.91493115390524
2026-03-29 10:10:15.000000000,9.616372589554109
2026-03-29 10:32:54.000000000,15.849617813951014
2026-03-29 10:49:44.000000000,11.677288750645337
2026-03-29 10:25:54.000000000,13.26401279623897
2026-03-29 10:50:19.000000000,21.046547604496755
2026-03-29 10:16:18.000000000,26.788708072186385
2026-03-29 10:43:15.000000000,8.922828907893836
2026-03-29 11:38:40.000000000,24.819710928157885
2026-03-29 11:02:59.000000000,28.232059752490194
2026-03-29 11:05:24.000000000,14.636041167181858
2026-03-29 11:28:49.000000000,24.669732165897383
2026-03-29 11:10:29.000000000,25.72165651171051
2026-03-29 11:59:05.000000000,14.64781462742715
2026-03-29 11:58:21.000000000,31.40791083163355
2026-03-29 11:15:14.000000000,21.937895910283213
2026-03-29 11:57:21.000000000,17.919086910268554
2026-03-29 11:14:39.000000000,31.268801559491386
2026-03-29 11:37:23.000000000,44.999172411689145
2026-03-29 11:17:48.000000000,13.122930056884709
2026-03-29 11:47:39.000000000,60.28928632509998
2026-03-29 11:20:04.000000000,8.19786373171804
2026-03-29 12:49:15.000000000,27.808425590595384
2026-03-29 12:27:54.000000000,11.709699566095548
2026-03-29 12:43:31.000000000,13.516581886526685
2026-03-29 12:23:08.000000000,11.624287908626957
2026-03-29 12:37:39.000000000,32.82727683280804
2026-03-29 12:31:54.000000000,26.275869335758294
2026-03-29 12:01:39.000000000,60.82167114705962
2026-03-29 12:33:17.000000000,32.223905615222975
2026-03-29 12:27:51.000000000,79.47808943543507
2026-03-29 12:25:29.000000000,18.600751904752446
2026-03-29 12:23:53.000000000,11.04560867251531
2026-03-29 12:35:20.000000000,8.972273870010099
2026-03-29 12:42:05.000000000,6.16492108327724
2026-03-29 12:18:50.000000000,12.177956979200301
2026-03-29 13:04:23.000000000,30.518877747976116
2026-03-29 13:46:28.000000000,12.349405985008135
2026-03-29 13:40:26.000000000,7.937019847726074
2026-03-29 13:10:58.000000000,10.933211080979456
2026-03-29 13:04:04.000000000,69.50865750515338
2026-03-29 13:59:44.000000000,15.153898640367851
2026-03-29 13:03:27.000000000,12.392685951433863
2026-03-29 13:52:17.000000000,28.49412341942222
2026-03-29 13:31:23.000000000,11.349691044836895
2026-03-29 13:39:04.000000000,10.90952821376434
2026-03-29 13:36:21.000000000,11.420498384262547
2026-03-29 13:44:10.000000000,26.240903179938435
2026-03-29 13:29:00.000000000,7.85959399989382
2026-03-29 13:49:55.000000000,24.292609262524785
2026-03-29 13:55:43.000000000,36.667372695245426
2026-03-29 13:00:30.000000000,29.94048886938481
2026-03-29 14:03:39.000000000,39.196497763459725
2026-03-29 14:02:22.000000000,58.52020492200179
2026-03-29 14:35:04.000000000,21.08302548571078
2026-03-29 14:08:44.000000000,12.338227502725324
2026-03-29 14:54:56.000000000,14.05962140860496
2026-03-29 14:48:43.000000000,35.57625130025961
2026-03-29 14:41:54.000000000,8.069302858474815
2026-03-29 14:30:33.000000000,8.650240035837314
2026-03-29 14:45:55.000000000,15.564496481860685
2026-03-29 14:57:32.000000000,18.44071261539333
2026-03-29 14:19:01.000000000,111.56003565554775
2026-03-29 14:33:56.000000000,79.96927717466974
2026-03-29 14:35:20.000000000,39.70376348334128
2026-03-29 14:33:49.000000000,44.67116519014091
2026-03-29 14:52:16.000000000,19.568233963559205
2026-03-29 15:48:40.000000000,14.385989926072323
2026-03-29 15:00:13.000000000,16.98515902205937
2026-03-29 15:00:12.000000000,8.211213325205355
2026-03-29 15:36:00.000000000,25.03190595916425
2026-03-29 15:25:59.000000000,11.079828842369116
2026-03-29 15:16:10.000000000,18.0383321669055
2026-03-29 15:11:41.000000000,7.901488581238997
2026-03-29 15:52:06.000000000,11.118581712217585
2026-03-29 15:46:16.000000000,27.88134609988749
2026-03-29 15:24:23.000000000,8.475714196931426
2026-03-29 15:24:16.000000000,24.844941138903433
2026-03-29 15:29:27.000000000,66.54552319444205
2026-03-29 15:37:38.000000000,16.834557689336457
2026-03-29 15:57:22.000000000,21.20003339175772
2026-03-29 16:15:56.000000000,22.086723065982007
2026-03-29 16:05:38.000000000,8.724107762423047
2026-03-29 16:52:42.000000000,36.94616196447934
2026-03-29 16:37:41.000000000,6.521788101569828
2026-03-29 16:26:17.000000000,20.25606746232076
2026-03-29 16:28:51.000000000,22.27401263772037
2026-03-29 16:05:18.000000000,10.923035330402596
2026-03-29 16:44:29.000000000,59.47246751832369
2026-03-29 16:53:17.000000000,49.52685776475774
2026-03-29 16:43:24.000000000,8.640783502172813
2026-03-29 16:36:10.000000000,26.914126731725457
2026-03-29 17:13:40.000000000,35.022346354734665
2026-03-29 17:29:57.000000000,13.289277393897974
2026-03-29 17:23:21.000000000,31.296356690226638
2026-03-29 17:43:00.000000000,14.538368361638911
2026-03-29 17:08:54.000000000,9.564074996628484
2026-03-29 17:15:17.000000000,24.94720310582519
2026-03-29 17:14:32.000000000,57.04611877154832
2026-03-29 17:09:27.000000000,10.373943808250615
2026-03-29 17:47:10.000000000,32.80001425248757
2026-03-29 17:35:55.000000000,15.863808112603104
2026-03-29 17:10:03.000000000,24.604412873945762
2026-03-29 17:30:40.000000000,39.481074956777455
2026-03-29 17:54:35.000000000,40.598373474703
2026-03-29 17:51:23.000000000,15.289058396426178
2026-03-29 17:46:05.000000000,11.695684629640539
2026-03-29 17:30:05.000000000,50.89876004551566
2026-03-29 17:46:00.000000000,15.169005001376965
2026-03-29 17:47:29.000000000,17.854069305483957
2026-03-29 17:52:08.000000000,10.368499052854522
2026-03-29 17:17:44.000000000,13.557571668958747
2026-03-29 18:36:57.000000000,23.304540949640497
2026-03-29 18:26:52.000000000,43.11895620350408
2026-03-29 18:44:22.000000000,17.25436219003863
2026-03-29 18:40:51.000000000,21.45260502852123
2026-03-29 18:36:29.000000000,9.986253229075446
2026-03-29 18:10:33.000000000,28.2225719912908
2026-03-29 18:54:45.000000000,17.233459268112558
2026-03-29 18:10:13.000000000,64.19221057819723
2026-03-29 18:02:16.000000000,13.250849650955194
2026-03-29 18:55:32.000000000,18.820010031232513
2026-03-29 18:34:11.000000000,10.594440706417691
2026-03-29 18:43:56.000000000,20.20745909835022
2026-03-29 18:01:50.000000000,28.108447136314933
2026-03-29 18:13:22.000000000,10.60957776115049
2026-03-29 18:54:49.000000000,5.908228806780797
2026-03-29 18:59:31.000000000,19.741349255391388
2026-03-29 18:12:48.000000000,31.857316743474197
2026-03-29 18:48:33.000000000,34.25182393652272
2026-03-29 18:59:23.000000000,19.68472058985577
2026-03-29 19:54:07.000000000,17.000490079958777
2026-03-29 19:18:11.000000000,30.14292854006493
2026-03-29 19:11:37.000000000,8.651964962300953
2026-03-29 19:30:30.000000000,35.19700106095201
2026-03-29 19:30:45.000000000,18.156959447428914
2026-03-29 19:29:02.000000000,7.9541932977966
2026-03-29 19:19:05.000000000,11.623250890087885
2026-03-29 19:25:17.000000000,25.11376093073633
2026-03-29 19:37:37.000000000,23.986450834053038
2026-03-29 19:35:58.000000000,25.743645745603573
2026-03-29 19:10:41.000000000,28.519354317758975
2026-03-29 19:17:49.000000000,48.88388557782691
2026-03-29 19:53:15.000000000,8.10342242099579
2026-03-29 19:34:39.000000000,8.004887985006498
2026-03-29 19:42:21.000000000,15.972251604095316
2026-03-29 19:42:31.000000000,21.495588938698738
2026-03-29 19:18:04.000000000,16.646301127018873
2026-03-29 19:18:46.000000000,32.461267729298214
2026-03-29 19:41:16.000000000,6.397899867545227
2026-03-29 20:46:54.000000000,23.049495955329643
2026-03-29 20:26:18.000000000,11.662022985439846
2026-03-29 20:11:23.000000000,9.709591717087783
2026-03-29 20:56:02.000000000,43.79564821249954
2026-03-29 20:24:54.000000000,25.223238008965318
2026-03-29 20:21:16.000000000,19.94535228961512
2026-03-29 20:04:08.000000000,19.889632271416563
2026-03-29 20:26:03.000000000,9.509573773585965
2026-03-29 20:47:00.000000000,30.767420788473114
2026-03-29 20:03:20.000000000,15.138001827404048
2026-03-29 20:21:54.000000000,16.207533179449875
2026-03-29 20:37:38.000000000,17.757679632763
2026-03-29 20:01:53.000000000,25.58311361645011
2026-03-29 21:43:46.000000000,12.497312264423913
2026-03-29 21:23:23.000000000,11.886651856149966
2026-03-29 21:02:11.000000000,28.57747624038506
2026-03-29 21:22:08.000000000,58.82414816497444
2026-03-29 21:32:58.000000000,31.578511692241186
2026-03-29 21:34:42.000000000,14.817179583727132
2026-03-29 21:34:29.000000000,27.148095769994075
2026-03-29 21:41:15.000000000,52.14310288536512
2026-03-29 21:28:47.000000000,26.58215972092858
2026-03-29 21:13:28.000000000,46.46623458879348
2026-03-29 21:14:42.000000000,12.24424848851692
2026-03-29 21:42:48.000000000,10.760806493711534
2026-03-29 21:52:39.000000000,20.27229156022623
2026-03-29 21:38:54.000000000,49.999534868161774
2026-03-29 21:40:13.000000000,28.519434054696866
2026-03-29 22:44:11.000000000,8.5000228485018
2026-03-29 22:29:32.000000000,14.86974902893382
2026-03-29 22:43:08.000000000,19.530120294799183
2026-03-29 22:34:04.000000000,20.600216817475033
2026-03-29 22:07:49.000000000,36.46978159329332
2026-03-29 22:18:18.000000000,16.77767976221061
2026-03-29 22:23:01.000000000,29.527821594601292
2026-03-29 22:38:54.000000000,6.123957518957574
2026-03-29 22:33:39.000000000,12.466488116173737
2026-03-29 22:29:07.000000000,18.510490993978248
2026-03-29 22:21:54.000000000,23.355648093547284
2026-03-29 22:10:41.000000000,25.692889123774282
2026-03-29 22:35:32.000000000,22.141385421167726
2026-03-29 22:21:21.000000000,24.227165566289667
2026-03-29 23:42:20.000000000,10.828110711904031
2026-03-29 23:50:07.000000000,15.921008515225251
2026-03-29 23:03:40.000000000,30.27812329595118
2026-03-29 23:47:31.000000000,67.14127532041924
2026-03-29 23:29:00.000000000,19.240350684712435
2026-03-29 23:07:53.000000000,14.189237739680351
2026-03-29 23:53:29.000000000,15.154875144794639
2026-03-29 23:09:10.000000000,36.58365756044837
2026-03-29 23:33:06.000000000,18.567293398891042
2026-03-29 23:10:07.000000000,13.935311846412132
2026-03-29 23:20:12.000000000,7.385185250798014
2026-03-29 23:03:35.000000000,63.353410208787686
2026-03-29 23:22:58.000000000,54.16731515823102
2026-03-29 23:52:36.000000000,7.397172934574769
2026-03-29 23:05:56.000000000,11.518460977526747
2026-03-30 00:15:20.000000000,19.793081268455914
2026-03-30 00:20:32.000000000,18.248367438827213
2026-03-30 00:54:22.000000000,39.18165898178954
2026-03-30 00:07:32.000000000,35.76379803445911
2026-03-30 00:28:08.000000000,9.190883143789986
2026-03-30 00:20:59.000000000,20.99418584327741
2026-03-30 00:19:01.000000000,15.600440641299267
2026-03-30 01:33:36.000000000,8.114261050112075
2026-03-30 01:44:25.000000000,6.124422789210706
2026-03-30 01:37:00.000000000,6.043577769887026
2026-03-30 01:02:40.000000000,39.82963459088668
2026-03-30 02:37:00.000000000,17.652599210966045
2026-03-30 02:47:37.000000000,43.76122033359738
2026-03-30 02:14:21.000000000,59.484851382917974
2026-03-30 02:54:51.000000000,31.585288434495716
2026-03-30 03:38:29.000000000,17.521848003532117
2026-03-30 03:49:49.000000000,58.24868476991793
2026-03-30 03:23:24.000000000,37.241632852268616
2026-03-30 04:18:33.000000000,28.68020559180949
2026-03-30 04:40:46.000000000,8.79688598887909
2026-03-30 05:30:25.000000000,34.35261051138968
2026-03-30 05:21:43.000000000,18.352710590996036
2026-03-30 05:33:03.000000000,13.018843652842826
2026-03-30 05:59:27.000000000,23.14388900102153
2026-03-30 05:01:52.000000000,9.520581274378138
2026-03-30 05:49:16.000000000,65.08233207870428
2026-03-30 05:13:23.000000000,8.625674154057254
2026-03-30 05:06:20.000000000,40.0269529472259
2026-03-30 05:28:22.000000000,135.7214695011002
2026-03-30 06:19:12.000000000,29.558606387135267
2026-03-30 06:59:13.000000000,62.43750352214359
2026-03-30 06:31:53.000000000,34.42753861903708
2026-03-30 06:28:11.000000000,10.501201745582755
2026-03-30 06:44:57.000000000,10.215876156435169
2026-03-30 06:19:27.000000000,16.279764489675895
2026-03-30 06:16:41.000000000,74.76473979690806
2026-03-30 06:38:08.000000000,12.855986618682678
2026-03-30 06:18:30.000000000,47.23658592493951
2026-03-30 06:35:02.000000000,24.996966683479357
2026-03-30 06:26:03.000000000,58.117623400437665
2026-03-30 07:40:39.000000000,19.080265820445607
2026-03-30 07:52:17.000000000,11.595111175048592
2026-03-30 07:46:30.000000000,48.60359794897467
2026-03-30 07:02:42.000000000,33.767379155788944
2026-03-30 07:18:20.000000000,29.03233539257124
2026-03-30 07:32:58.000000000,14.538449944720881
2026-03-30 07:03:18.000000000,18.39060865617133
2026-03-30 07:02:27.000000000,22.87584014110143
2026-03-30 07:48:28.000000000,29.762058680174185
2026-03-30 07:13:27.000000000,104.07849735876302
2026-03-30 07:42:46.000000000,16.745849006279574
2026-03-30 07:03:48.000000000,28.090232035676326
2026-03-30 07:40:24.000000000,48.24273103038082
2026-03-30 07:57:25.000000000,31.94195159526966
2026-03-30 07:37:55.000000000,15.294920615528966
2026-03-30 08:44:14.000000000,11.678089881934222
2026-03-30 08:48:54.000000000,21.660891363340944
2026-03-30 08:30:41.000000000,11.422624777777596
2026-03-30 08:48:32.000000000,12.934820592415358
2026-03-30 08:54:03.000000000,40.82646533542502
2026-03-30 08:20:20.000000000,14.355984272142422
2026-03-30 08:04:05.000000000,46.72254787849171
2026-03-30 08:11:47.000000000,15.685938104421929
2026-03-30 08:06:31.000000000,21.332058581526596
2026-03-30 08:17:03.000000000,26.218005534191164
2026-03-30 08:22:40.000000000,40.03262718974232
2026-03-30 08:39:09.000000000,30.22270508865186
2026-03-30 08:28:00.000000000,37.0103239528415
2026-03-30 08:12:58.000000000,23.60945342489748
2026-03-30 08:01:49.000000000,42.36511601091704
2026-03-30 08:03:50.000000000,11.596305707028595
2026-03-30 08:51:30.000000000,26.623761176919576
2026-03-30 08:27:42.000000000,12.463682872618488
2026-03-30 08:54:03.000000000,8.9147063940615
2026-03-30 08:27:30.000000000,18.582160181423486
2026-03-30 08:51:56.000000000,21.554154404099876
2026-03-30 09:06:04.000000000,10.233363823600946
2026-03-30 09:35:10.000000000,12.117417952022016
2026-03-30 09:42:45.000000000,8.851280079102038
2026-03-30 09:44:40.000000000,32.753957340071025
2026-03-30 09:42:32.000000000,19.401663582501747
2026-03-30 09:42:59.000000000,48.40305708194252
2026-03-30 09:41:37.000000000,16.64692783196583
2026-03-30 09:39:36.000000000,51.3695068615395
2026-03-30 09:39:31.000000000,9.638265524845995
2026-03-30 09:50:46.000000000,24.31460385582284
2026-03-30 09:29:48.000000000,24.097753824151486
2026-03-30 09:01:36.000000000,6.114053298656407
2026-03-30 09:46:05.000000000,31.727081930571348
2026-03-30 09:01:23.000000000,10.40026127242199
2026-03-30 09:33:41.000000000,16.668118200749234
2026-03-30 10:21:58.000000000,10.839003210089084
2026-03-30 10:13:47.000000000,22.273727247028013
2026-03-30 10:57:34.000000000,14.580305342613407
2026-03-30 10:14:20.000000000,8.152553926014306
2026-03-30 10:12:41.000000000,29.80392348295214
2026-03-30 10:34:56.000000000,47.28931121894674
2026-03-30 10:37:19.000000000,49.56768103462647
2026-03-30 10:52:36.000000000,26.85979265319715
2026-03-30 10:49:40.000000000,52.9544195999017
2026-03-30 10:49:20.000000000,33.35209670499527
2026-03-30 10:59:16.000000000,42.23371888625393
2026-03-30 10:53:51.000000000,40.11925635751468
2026-03-30 10:25:10.000000000,84.6698240492819
2026-03-30 10:50:28.000000000,14.07443630248115
2026-03-30 10:22:56.000000000,23.569532862786833
2026-03-30 10:30:34.000000000,16.53656051564089
2026-03-30 11:45:38.000000000,29.177488575977794
2026-03-30 11:48:05.000000000,20.175815359571114
2026-03-30 11:41:49.000000000,15.831209984124655
2026-03-30 11:04:50.000000000,48.875565080494745
2026-03-30 11:16:56.000000000,33.91394964648288
2026-03-30 11:26:33.000000000,9.540571133241668
2026-03-30 11:25:37.000000000,52.81919255905478
2026-03-30 11:16:29.000000000,40.446662211089446
2026-03-30 11:48:36.000000000,62.663849441990116
2026-03-30 11:24:12.000000000,49.22177201023797
2026-03-30 11:43:09.000000000,16.127940435924405
2026-03-30 11:51:41.000000000,80.79169324213827
2026-03-30 11:41:18.000000000,11.662224454305102
2026-03-30 11:31:06.000000000,30.874455694586118
2026-03-30 11:13:58.000000000,64.37489339682729
2026-03-30 11:53:40.000000000,9.649133192224442
2026-03-30 12:05:25.000000000,16.111156660304047
2026-03-30 12:54:54.000000000,11.673017922685476
2026-03-30 12:34:04.000000000,16.945426883297422
2026-03-30 12:33:11.000000000,6.694127910583203
2026-03-30 12:21:14.000000000,17.925545376250255
2026-03-30 12:08:48.000000000,17.1402227335438
2026-03-30 12:22:11.000000000,53.75428117356782
2026-03-30 12:41:33.000000000,7.474613623486268
2026-03-30 12:57:50.000000000,16.81430000381051
2026-03-30 12:45:24.000000000,25.081576556477184
2026-03-30 12:00:48.000000000,36.957406801197564
2026-03-30 12:54:21.000000000,29.581253738980593
2026-03-30 12:14:08.000000000,9.799895675899053
2026-03-30 12:09:10.000000000,13.198849490111993
2026-03-30 13:47:18.000000000,95.7866375923883
2026-03-30 13:59:53.000000000,22.832727989780118
2026-03-30 13:59:12.000000000,15.939231818168437
2026-03-30 13:04:39.000000000,18.680238275752995
2026-03-30 13:59:39.000000000,44.29182103223237
2026-03-30 13:58:24.000000000,22.15049512625086
2026-03-30 13:02:55.000000000,31.264565032447784
2026-03-30 13:05:39.000000000,10.819771270681263
2026-03-30 13:24:07.000000000,15.979685377087327
2026-03-30 13:17:16.000000000,23.37885391343427
2026-03-30 13:13:20.000000000,85.83945810235183
2026-03-30 13:17:39.000000000,10.710555130643145
2026-03-30 14:32:40.000000000,18.318110902355635
2026-03-30 14:27:06.000000000,15.045729780378338
2026-03-30 14:35:48.000000000,13.205997895545075
2026-03-30 14:47:27.000000000,55.74295061790247
2026-03-30 14:31:09.000000000,11.62177579721144
2026-03-30 14:25:38.000000000,13.832437052691736
2026-03-30 14:40:26.000000000,26.489408179887047
2026-03-30 14:40:49.000000000,19.33721121446312
2026-03-30 14:34:11.000000000,17.573931608975034
2026-03-30 14:44:05.000000000,15.880045480820153
2026-03-30 15:32:06.000000000,8.070301677081856
2026-03-30 15:12:42.000000000,6.5303301706313395
2026-03-30 15:31:21.000000000,39.043653929761405
2026-03-30 15:57:25.000000000,15.108761271442289
2026-03-30 15:09:57.000000000,27.817702376264034
2026-03-30 15:41:10.000000000,9.574293267563622
2026-03-30 15:01:13.000000000,29.222778385516296
2026-03-30 15:49:34.000000000,25.786768745854026
2026-03-30 15:43:43.000000000,7.409510705919901
2026-03-30 15:19:04.000000000,20.469732019193906
2026-03-30 15:51:16.000000000,83.87424826521993
2026-03-30 15:54:57.000000000,8.84278191767405
2026-03-30 15:49:36.000000000,17.40916716421341
2026-03-30 15:58:35.000000000,13.07993036347925
2026-03-30 16:16:23.000000000,22.714280666068312
2026-03-30 16:52:35.000000000,23.466596630676463
2026-03-30 16:57:12.000000000,17.239613985994573
2026-03-30 16:04:05.000000000,8.881508333865643
2026-03-30 16:28:02.000000000,28.357197774983245
2026-03-30 16:49:39.000000000,17.207963649669026
2026-03-30 16:16:54.000000000,9.684900864506089
2026-03-30 16:28:19.000000000,6.647857157732929
2026-03-30 16:14:35.000000000,9.773233927047917
2026-03-30 16:01:24.000000000,15.289206243038665
2026-03-30 16:38:30.000000000,25.724981444768623
2026-03-30 16:02:51.000000000,76.09131745105478
2026-03-30 16:50:07.000000000,7.387626954910275
2026-03-30 16:15:01.000000000,20.494330485176555
2026-03-30 16:26:41.000000000,23.013619525507995
2026-03-30 17:09:08.000000000,20.694400486944406
2026-03-30 17:00:24.000000000,17.812512127980064
2026-03-30 17:07:34.000000000,13.722910871640048
2026-03-30 17:36:36.000000000,7.462406335407159
2026-03-30 17:49:49.000000000,9.622964893405115
2026-03-30 17:24:45.000000000,33.456784429056285
2026-03-30 17:26:56.000000000,59.239330891905595
2026-03-30 17:32:29.000000000,14.063921665470522
2026-03-30 17:55:38.000000000,11.085493010087779
2026-03-30 17:49:51.000000000,8.779150501757831
2026-03-30 17:13:36.000000000,38.18325120622564
2026-03-30 17:51:18.000000000,21.996602980440077
2026-03-30 17:54:27.000000000,7.53980366049395
2026-03-30 17:14:21.000000000,12.142087038245378
2026-03-30 17:07:32.000000000,38.47972878262864
2026-03-30 17:08:08.000000000,47.039158872438065
2026-03-30 18:25:58.000000000,19.851395381088743
2026-03-30 18:24:15.000000000,18.608925285295363
2026-03-30 18:42:29.000000000,55.5504732492436
2026-03-30 18:29:36.000000000,25.60803647252339
2026-03-30 18:31:52.000000000,21.46877310404079
2026-03-30 18:15:12.000000000,13.255917790426011
2026-03-30 18:06:57.000000000,33.604912003119544
2026-03-30 18:54:29.000000000,31.303105584828682
2026-03-30 18:17:26.000000000,15.978195569961988
2026-03-30 18:03:03.000000000,24.893360072061505
2026-03-30 18:31:30.000000000,38.3375657700195
2026-03-30 18:42:12.000000000,21.239977963709467
2026-03-30 18:12:31.000000000,48.957964283396464
2026-03-30 18:41:21.000000000,8.091796063965333
2026-03-30 18:33:10.000000000,14.092215916481734
2026-03-30 18:51:30.000000000,15.06623067576828
2026-03-30 18:37:54.000000000,14.294142882826867
2026-03-30 18:22:39.000000000,81.97390304805761
2026-03-30 18:34:31.000000000,43.07726790375591
2026-03-30 18:12:44.000000000,6.470331349309291
2026-03-30 19:23:25.000000000,32.51924402099819
2026-03-30 19:39:04.000000000,7.481969474206554
2026-03-30 19:52:40.000000000,12.441554619006979
2026-03-30 19:02:21.000000000,24.08363436361163
2026-03-30 19:20:06.000000000,6.62179632023623
2026-03-30 19:33:37.000000000,26.718546947968328
2026-03-30 19:20:13.000000000,52.577189703522905
2026-03-30 19:10:19.000000000,16.756444700698538
2026-03-30 19:36:52.000000000,15.97434426616527
2026-03-30 19:41:54.000000000,23.455875285452606
2026-03-30 19:51:39.000000000,11.774831514361878
2026-03-30 19:55:45.000000000,21.303643401822015
2026-03-30 19:32:53.000000000,13.29996525654124
2026-03-30 19:24:45.000000000,46.24608189718145
2026-03-30 19:30:29.000000000,7.955460677429946
2026-03-30 19:17:57.000000000,25.76333527044953
2026-03-30 20:15:12.000000000,7.957739278715662
2026-03-30 20:47:12.000000000,27.396612870203693
2026-03-30 20:34:37.000000000,55.1356995268117
2026-03-30 20:49:22.000000000,9.793997938788547
2026-03-30 20:53:04.000000000,13.077829685609828
2026-03-30 20:54:32.000000000,8.920670434493156
2026-03-30 20:04:11.000000000,55.61327585421152
2026-03-30 20:46:22.000000000,13.572782262540372
2026-03-30 20:44:51.000000000,22.180109516227855
2026-03-30 20:49:01.000000000,11.998277032892696
2026-03-30 20:55:33.000000000,19.944380081166866
2026-03-30 20:35:46.000000000,9.54633343097698
2026-03-30 20:39:01.000000000,9.009394639926573
2026-03-30 20:07:24.000000000,6.639409546937422
2026-03-30 20:20:28.000000000,9.258561238563608
2026-03-30 21:36:33.000000000,20.19280142159993
2026-03-30 21:08:13.000000000,11.64615634326079
2026-03-30 21:42:09.000000000,15.15857468628482
2026-03-30 21:32:18.000000000,19.209492389937523
2026-03-30 21:29:08.000000000,17.717415458831844
2026-03-30 21:06:47.000000000,17.481395076799842
2026-03-30 21:35:27.000000000,47.30505852875613
2026-03-30 21:02:41.000000000,30.405303632729552
2026-03-30 21:52:41.000000000,14.471778358736694
2026-03-30 21:21:40.000000000,15.274723498092838
2026-03-30 22:49:09.000000000,47.71593817955059
2026-03-30 22:23:39.000000000,20.411619678711805
2026-03-30 22:03:18.000000000,159.427845789577
2026-03-30 22:37:00.000000000,7.292085983491316
2026-03-30 22:49:29.000000000,19.54678885933232
2026-03-30 22:59:04.000000000,44.76913101222229
2026-03-30 22:36:56.000000000,29.004252358446468
2026-03-30 22:54:01.000000000,28.268036073904145
2026-03-30 22:14:40.000000000,19.68319968937228
2026-03-30 22:25:02.000000000,8.465451106171468
2026-03-30 22:55:22.000000000,27.72216698618439
2026-03-30 23:10:12.000000000,48.85110490535026
2026-03-30 23:54:05.000000000,11.230397084130955
2026-03-30 23:04:37.000000000,15.941140292048708
2026-03-30 23:05:23.000000000,99.90776221574505
2026-03-30 23:30:08.000000000,28.992707407476537
2026-03-30 23:01:01.000000000,33.88457209220015
2026-03-30 23:34:11.000000000,39.40565467399977
2026-03-30 23:03:41.000000000,11.666040391288917
2026-03-30 23:33:02.000000000,29.072448432288247
2026-03-30 23:01:59.000000000,54.786790325092134
2026-03-30 23:46:33.000000000,8.14483632756373
2026-03-31 00:04:51.000000000,44.71883859538801
2026-03-31 00:51:52.000000000,23.317558707825597
2026-03-31 00:39:27.000000000,26.433739331868278
2026-03-31 00:41:41.000000000,17.253024846077654
2026-03-31 00:05:19.000000000,56.62141593199183
2026-03-31 00:02:37.000000000,27.610163791871923
2026-03-31 00:06:42.000000000,9.00670998466582
2026-03-31 00:58:42.000000000,79.26661484139605
2026-03-31 01:40:03.000000000,16.800971080938282
2026-03-31 01:30:23.000000000,17.727881551464506
2026-03-31 01:07:04.000000000,70.74188778425957
2026-03-31 01:08:37.000000000,28.13710694114093
2026-03-31 02:46:52.000000000,12.55528355936555
2026-03-31 02:47:56.000000000,23.828972030373855
2026-03-31 03:24:25.000000000,26.453856125209846
2026-03-31 03:49:56.000000000,16.831616499114958
2026-03-31 05:40:08.000000000,11.628236535268776
2026-03-31 05:06:03.000000000,15.186180215368593
2026-03-31 05:13:35.000000000,8.812792745889999
2026-03-31 05:02:59.000000000,8.960618193901626
2026-03-31 05:00:19.000000000,103.04422034896675
2026-03-31 05:22:44.000000000,58.46870763802289
2026-03-31 05:44:08.000000000,23.358145490848255
2026-03-31 05:57:10.000000000,25.19886462351983
2026-03-31 05:25:02.000000000,26.141252335139388
2026-03-31 06:52:23.000000000,8.377535258949145
2026-03-31 06:54:10.000000000,8.188152962582107
2026-03-31 06:37:33.000000000,28.562802309255215
2026-03-31 06:23:57.000000000,27.186741224697162
2026-03-31 06:36:01.000000000,29.00230835785036
2026-03-31 06:49:50.000000000,8.271422326969107
2026-03-31 06:00:20.000000000,15.85807421514284
2026-03-31 06:18:19.000000000,51.38209675488357
2026-03-31 06:56:21.000000000,6.670075649413882
2026-03-31 06:17:37.000000000,32.11734449602062
2026-03-31 06:42:54.000000000,8.12944241214365
2026-03-31 06:37:17.000000000,17.71146311930544
2026-03-31 06:12:28.000000000,35.29990772837502
2026-03-31 06:58:32.000000000,49.31345963426578
2026-03-31 07:50:22.000000000,8.18765862289348
2026-03-31 07:05:22.000000000,17.745833664319473
2026-03-31 07:17:26.000000000,17.55051261489053
2026-03-31 07:23:23.000000000,17.237581644777183
2026-03-31 07:28:55.000000000,136.13761808250752
2026-03-31 07:05:49.000000000,18.31850552170705
2026-03-31 07:18:27.000000000,40.48850452562688
2026-03-31 07:40:21.000000000,10.690305267380253
2026-03-31 07:28:15.000000000,9.54966615980487
2026-03-31 07:34:07.000000000,42.439348413726904
2026-03-31 07:27:14.000000000,17.784905615349086
2026-03-31 07:51:00.000000000,19.069821909880943
2026-03-31 07:15:21.000000000,15.39743800767731
2026-03-31 07:53:37.000000000,36.96540213476884
2026-03-31 07:45:28.000000000,16.23581544810919
2026-03-31 07:01:22.000000000,17.22597937640784
2026-03-31 07:44:56.000000000,10.90901696193588
2026-03-31 07:14:51.000000000,25.819330633394532
2026-03-31 07:44:56.000000000,13.071950066820506
2026-03-31 07:47:47.000000000,10.68873795765413
2026-03-31 07:14:52.000000000,10.911548092896599
2026-03-31 08:38:52.000000000,19.45114231251942
2026-03-31 08:05:50.000000000,7.846418186577568
2026-03-31 08:21:18.000000000,7.2835018990189475
2026-03-31 08:29:10.000000000,22.414020522816084
2026-03-31 08:17:58.000000000,25.086512982948307
2026-03-31 08:44:19.000000000,45.38947297035937
2026-03-31 08:21:23.000000000,50.440585104795275
2026-03-31 08:52:32.000000000,18.728387074142596
2026-03-31 08:26:31.000000000,9.794468893323337
2026-03-31 08:58:57.000000000,17.518070516340746
2026-03-31 08:07:02.000000000,13.34321378446178
2026-03-31 08:59:32.000000000,33.28443326777039
2026-03-31 08:35:50.000000000,7.893780565445511
2026-03-31 08:11:45.000000000,33.857282997575666
2026-03-31 08:54:23.000000000,7.5169499672507865
2026-03-31 08:00:53.000000000,11.071919669115857
2026-03-31 08:34:33.000000000,13.023547084840423
2026-03-31 08:07:38.000000000,10.434673429457952
2026-03-31 08:06:27.000000000,9.071350861094718
2026-03-31 09:01:27.000000000,8.728261562190777
2026-03-31 09:16:37.000000000,7.511343376905935
2026-03-31 09:57:31.000000000,74.74853204524872
2026-03-31 09:10:48.000000000,17.907624872908606
2026-03-31 09:53:56.000000000,6.533806320426301
2026-03-31 09:04:55.000000000,13.078453267570957
2026-03-31 09:59:31.000000000,8.218206287770997
2026-03-31 09:32:22.000000000,26.59211774420876
2026-03-31 09:42:10.000000000,25.80745998181443
2026-03-31 09:00:37.000000000,14.381526671617193
2026-03-31 09:07:51.000000000,30.40374721168482
2026-03-31 09:06:35.000000000,38.99918719449619
2026-03-31 09:58:59.000000000,39.70022449342233
2026-03-31 09:59:31.000000000,51.3911368583882
2026-03-31 09:57:22.000000000,25.900760509382597
2026-03-31 09:57:31.000000000,15.8739095836967
2026-03-31 09:47:55.000000000,36.41354139603611
2026-03-31 09:59:47.000000000,7.34418944160462
2026-03-31 09:33:26.000000000,7.568023635479906
2026-03-31 09:15:27.000000000,9.866890625970262
2026-03-31 09:02:17.000000000,15.280200111462628
2026-03-31 09:12:30.000000000,21.125156139421243
2026-03-31 09:32:58.000000000,19.5081147584121
2026-03-31 09:52:22.000000000,55.26227912390922
2026-03-31 10:24:21.000000000,59.653016289722224
2026-03-31 10:56:12.000000000,41.35585690517592
2026-03-31 10:19:30.000000000,13.859723034789104
2026-03-31 10:19:55.000000000,34.66768896838865
2026-03-31 10:09:04.000000000,9.034334154269356
2026-03-31 10:47:12.000000000,14.758503702091375
2026-03-31 10:15:46.000000000,15.972728333647419
2026-03-31 10:57:16.000000000,21.50100876914045
2026-03-31 10:02:37.000000000,8.786462024220606
2026-03-31 10:29:09.000000000,9.5425862133734
2026-03-31 11:11:25.000000000,35.17597451726455
2026-03-31 11:17:08.000000000,19.50907681784126
2026-03-31 11:22:05.000000000,32.01420708609028
2026-03-31 11:40:34.000000000,78.53634275600632
2026-03-31 11:47:37.000000000,12.288762511663698
2026-03-31 11:23:57.000000000,20.131823138041444
2026-03-31 11:07:34.000000000,10.685829641012127
2026-03-31 12:59:47.000000000,22.093984409391503
2026-03-31 12:10:39.000000000,6.3217081328025335
2026-03-31 12:01:36.000000000,29.48906661984728
2026-03-31 12:28:24.000000000,21.349777987683655
2026-03-31 12:37:42.000000000,13.228595369400026
2026-03-31 12:46:10.000000000,25.725197109906
2026-03-31 12:01:11.000000000,15.337241994252818
2026-03-31 12:26:37.000000000,65.89258822226967
2026-03-31 12:00:41.000000000,9.720283045606639
2026-03-31 12:57:28.000000000,43.420798912364425
2026-03-31 12:44:17.000000000,14.7248094509243
2026-03-31 12:44:56.000000000,44.79843371837605
2026-03-31 12:28:19.000000000,7.549411465548525
2026-03-31 12:07:40.000000000,24.722991619836694
2026-03-31 12:58:07.000000000,7.372472991559197
2026-03-31 12:10:19.000000000,7.309429937694575
2026-03-31 12:31:03.000000000,57.934132615028865
2026-03-31 13:24:35.000000000,51.82943260111541
2026-03-31 13:36:59.000000000,10.11317284091286
2026-03-31 13:28:45.000000000,59.864210579261616
2026-03-31 13:32:03.000000000,41.46837157003606
2026-03-31 13:25:15.000000000,15.287495807441216
2026-03-31 13:58:00.000000000,6.64350017921142
2026-03-31 13:46:56.000000000,48.14535176740449
2026-03-31 13:50:02.000000000,19.773410950291076
2026-03-31 13:52:16.000000000,63.93046902270114
2026-03-31 14:55:43.000000000,17.936227401930367
2026-03-31 14:24:55.000000000,7.340322441695266
2026-03-31 14:42:39.000000000,13.607758877207418
2026-03-31 14:10:54.000000000,7.317439861342505
2026-03-31 14:57:37.000000000,6.560467881379384
2026-03-31 14:14:26.000000000,81.73894409616558
2026-03-31 14:59:44.000000000,15.304226189300298
2026-03-31 14:25:06.000000000,26.3780766124688
2026-03-31 14:07:22.000000000,10.809388892334589
2026-03-31 14:33:51.000000000,34.60912684491546
2026-03-31 14:19:16.000000000,15.201183705586928
2026-03-31 14:44:58.000000000,19.974614338583358
2026-03-31 14:17:00.000000000,33.35148871321591
2026-03-31 14:44:21.000000000,102.99393782672689
2026-03-31 14:36:47.000000000,35.6171537315521
2026-03-31 14:15:35.000000000,22.688764907295827
2026-03-31 14:45:12.000000000,15.887535731227741
2026-03-31 14:37:11.000000000,16.516121467680925
2026-03-31 14:31:13.000000000,41.82861484241763
2026-03-31 15:56:52.000000000,10.826680196825697
2026-03-31 15:38:57.000000000,32.189516101133115
2026-03-31 15:33:51.000000000,9.752076622935165
2026-03-31 15:16:10.000000000,50.26154386443212
2026-03-31 15:13:33.000000000,39.09897527587284
2026-03-31 15:41:15.000000000,25.207160772831624
2026-03-31 15:46:24.000000000,23.651350821323707
2026-03-31 15:37:03.000000000,15.301592648459259
2026-03-31 15:57:51.000000000,28.653128986019645
2026-03-31 15:13:20.000000000,11.31027873765735
2026-03-31 15:07:15.000000000,123.24347552548329
2026-03-31 15:51:18.000000000,8.211151144282876
2026-03-31 15:03:21.000000000,10.484313821829437
2026-03-31 16:59:43.000000000,23.733684729477442
2026-03-31 16:38:44.000000000,15.999113174826102
2026-03-31 16:39:45.000000000,11.088110989763338
2026-03-31 16:10:35.000000000,17.096002849779353
2026-03-31 16:41:12.000000000,21.23448231161862
2026-03-31 16:34:40.000000000,10.879529708608596
2026-03-31 16:22:40.000000000,36.04686020587379
2026-03-31 16:35:47.000000000,7.321678528897585
2026-03-31 16:40:45.000000000,35.85166283209252
2026-03-31 16:52:06.000000000,18.309301250418336
2026-03-31 16:06:35.000000000,18.672054255999974
2026-03-31 16:30:57.000000000,14.53741707013147
2026-03-31 16:22:55.000000000,18.3213008988546
2026-03-31 17:54:09.000000000,29.489216653188574
2026-03-31 17:55:41.000000000,14.1647632194112
2026-03-31 17:42:58.000000000,11.951158748623056
2026-03-31 17:48:00.000000000,25.015406979971907
2026-03-31 17:40:00.000000000,39.15621951621018
2026-03-31 17:35:37.000000000,29.818480646947137
2026-03-31 17:36:42.000000000,15.584066847833846
2026-03-31 17:28:30.000000000,10.834690120473628
2026-03-31 17:42:31.000000000,20.189527435187777
2026-03-31 17:15:55.000000000,8.790851582900109
2026-03-31 18:21:50.000000000,13.455564293679418
2026-03-31 18:18:25.000000000,10.985775234808683
2026-03-31 18:14:10.000000000,23.285635418791543
2026-03-31 18:04:56.000000000,12.494739826806665
2026-03-31 18:24:55.000000000,37.16725963999642
2026-03-31 18:55:11.000000000,12.500272685130332
2026-03-31 18:12:16.000000000,14.229190301697402
2026-03-31 18:48:45.000000000,17.24342298331069
2026-03-31 18:30:21.000000000,154.47806999175344
2026-03-31 18:52:28.000000000,30.330037599706476
2026-03-31 18:53:25.000000000,38.31555881632242
2026-03-31 18:24:54.000000000,14.102240920261398
2026-03-31 18:25:26.000000000,21.47352881400229
2026-03-31 18:50:01.000000000,12.518043582783026
2026-03-31 18:34:22.000000000,36.55211928051682
2026-03-31 18:13:47.000000000,49.79104698398285
2026-03-31 18:00:21.000000000,14.204147946532785
2026-03-31 18:44:10.000000000,21.326336888081972
2026-03-31 18:35:32.000000000,56.21442867614464
2026-03-31 19:05:14.000000000,208.3482522924973
2026-03-31 19:30:41.000000000,20.192826559709882
2026-03-31 19:28:08.000000000,19.51432746106074
2026-03-31 19:12:46.000000000,35.02495460201701
2026-03-31 19:29:54.000000000,22.907633550948056
2026-03-31 19:57:52.000000000,22.852068154439188
2026-03-31 19:00:12.000000000,13.253218443647988
2026-03-31 19:01:37.000000000,16.605461244943577
2026-03-31 19:31:03.000000000,35.004560441957665
2026-03-31 20:18:18.000000000,11.27542646429097
2026-03-31 20:25:25.000000000,10.382504897338563
2026-03-31 20:40:46.000000000,32.132385298260175
2026-03-31 20:02:13.000000000,27.361848338074786
2026-03-31 20:59:56.000000000,25.80309360215603
2026-03-31 20:57:01.000000000,6.5272919539383665
2026-03-31 20:14:25.000000000,17.937577680629968
2026-03-31 20:02:26.000000000,20.622143792439445
2026-03-31 20:02:15.000000000,23.558900114172037
2026-03-31 20:41:22.000000000,18.382921705746945
2026-03-31 20:27:29.000000000,15.56185618415033
2026-03-31 20:50:51.000000000,26.795742210879478
2026-03-31 20:27:23.000000000,60.67490478322744
2026-03-31 20:43:24.000000000,28.13216423601681
2026-03-31 20:44:52.000000000,17.877403384126602
2026-03-31 20:15:52.000000000,11.443876758446786
2026-03-31 20:04:28.000000000,46.6550956560117
2026-03-31 21:12:45.000000000,9.572211316115554
2026-03-31 21:21:50.000000000,7.382767525871389
2026-03-31 21:50:40.000000000,28.251585289421893
2026-03-31 21:24:25.000000000,16.484808782893356
2026-03-31 21:18:24.000000000,47.8157090420107
2026-03-31 21:21:37.000000000,32.380621180789795
2026-03-31 21:53:10.000000000,15.940437257020724
2026-03-31 21:00:48.000000000,42.047155708624636
2026-03-31 21:20:41.000000000,59.59903708319641
2026-03-31 21:57:15.000000000,7.3000959807540164
2026-03-31 21:17:17.000000000,9.65016415076634
2026-03-31 21:55:04.000000000,49.108212193674575
2026-03-31 21:22:07.000000000,35.98456106024924
2026-03-31 21:33:39.000000000,78.46854052054736
2026-03-31 21:12:36.000000000,44.60622841050967
2026-03-31 21:19:42.000000000,21.186822472231132
2026-03-31 21:16:27.000000000,16.132208825077964
2026-03-31 21:55:44.000000000,19.07733012639218
2026-03-31 21:46:49.000000000,17.714279010749145
2026-03-31 21:03:15.000000000,25.45318962784151
2026-03-31 21:26:12.000000000,8.196708120524583
2026-03-31 22:24:59.000000000,27.588553364368156
2026-03-31 22:34:40.000000000,24.361611267614105
2026-03-31 22:24:20.000000000,40.28144945808547
2026-03-31 22:39:16.000000000,25.268836389410044
2026-03-31 22:03:05.000000000,47.304694545545594
2026-03-31 22:30:10.000000000,39.525745046238576
2026-03-31 22:32:44.000000000,8.091796063965333
2026-03-31 22:16:05.000000000,140.2389133386717
2026-03-31 22:23:37.000000000,12.475568422913343
2026-03-31 22:36:49.000000000,22.361476445850723
2026-03-31 23:00:43.000000000,31.582978560499242
2026-03-31 23:36:07.000000000,17.994971657793535
2026-03-31 23:06:20.000000000,23.22195764452436
2026-03-31 23:59:45.000000000,38.28710049811722
2026-03-31 23:19:23.000000000,78.73945365945167
2026-03-31 23:32:45.000000000,114.77437863242565
2026-03-31 23:08:39.000000000,29.577530211219013
2026-03-31 23:09:09.000000000,20.16782039635552
2026-03-31 23:39:46.000000000,31.13545512116753
2026-03-31 23:45:44.000000000,13.306811462101097
