pickup_datetime,base_passenger_fare
2026-03-01 00:45:49.000000000,48.02858122600759
2026-03-01 00:36:44.000000000,17.924553478016787
2026-03-01 00:38:05.000000000,11.096695818406669
2026-03-01 00:01:04.000000000,7.263579238274758
2026-03-01 00:43:49.000000000,84.32498920024385
2026-03-01 00:05:03.000000000,15.580403756083916
2026-03-01 00:34:55.000000000,12.490217387428489
2026-03-01 00:27:54.000000000,77.48152671964971
2026-03-01 00:18:28.000000000,12.332858318639769
2026-03-01 00:56:18.000000000,27.425451850515522
2026-03-01 00:02:02.000000000,16.971390559170093
2026-03-01 00:49:18.000000000,17.13694264582853
2026-03-01 00:59:53.000000000,13.84743359075307
2026-03-01 00:31:00.000000000,15.464061319741349
2026-03-01 00:00:08.000000000,76.71394132923241
2026-03-01 00:32:09.000000000,67.52027837004856
2026-03-01 00:29:25.000000000,8.469718292262996
2026-03-01 00:27:22.000000000,29.327882875446385
2026-03-01 00:13:06.000000000,39.61643498713051
2026-03-01 00:57:29.000000000,12.993805300449367
2026-03-01 00:45:18.000000000,6.216843567332562
2026-03-01 00:29:53.000000000,19.947110159699893
2026-03-01 00:26:03.000000000,17.176128861943024
2026-03-01 00:13:54.000000000,22.998357411452133
2026-03-01 00:01:03.000000000,52.09194002261112
2026-03-01 00:50:17.000000000,10.788614413690059
2026-03-01 00:35:16.000000000,80.47801476754447
2026-03-01 00:06:20.000000000,78.22529530423188
2026-03-01 00:33:38.000000000,73.77621431365654
2026-03-01 00:51:47.000000000,65.39474018090988
2026-03-01 00:55:48.000000000,10.461009515081656
2026-03-01 00:12:48.000000000,44.584596054527864
2026-03-01 01:10:22.000000000,9.967555445637508
2026-03-01 01:24:02.000000000,175.6669761899743
2026-03-01 01:10:52.000000000,28.666083810789814
2026-03-01 01:18:13.000000000,21.678526848820038
2026-03-01 01:15:10.000000000,22.084548577192944
2026-03-01 01:10:33.000000000,41.616124969290055
2026-03-01 01:10:27.000000000,9.550705053538106
2026-03-01 01:01:07.000000000,37.160429191039626
2026-03-01 01:45:39.000000000,27.838061817720288
2026-03-01 01:15:41.000000000,9.396091478596333
2026-03-01 01:50:39.000000000,16.952709776927342
2026-03-01 01:29:43.000000000,16.956867760604318
2026-03-01 01:25:54.000000000,8.71280344766224
2026-03-01 01:16:19.000000000,23.099953326391343
2026-03-01 01:30:24.000000000,44.90060865417003
2026-03-01 01:32:22.000000000,27.76660981857296
2026-03-01 01:01:10.000000000,26.394401825408934
2026-03-01 01:13:37.000000000,15.575005175928
2026-03-01 01:04:12.000000000,15.418225929149818
2026-03-01 01:35:44.000000000,12.962284859395888
2026-03-01 01:48:21.000000000,6.173201731225609
2026-03-01 01:58:14.000000000,26.61418233774787
2026-03-01 01:40:21.000000000,49.63618970317209
2026-03-01 02:21:34.000000000,80.63753200942904
2026-03-01 02:39:24.000000000,64.0796076519274
2026-03-01 02:01:29.000000000,41.676446883274224
2026-03-01 02:07:02.000000000,24.629397319706896
2026-03-01 02:29:12.000000000,36.49163214913701
2026-03-01 02:19:23.000000000,51.913088193785875
2026-03-01 02:11:38.000000000,25.507274977493914
2026-03-01 02:39:50.000000000,12.418668170486061
2026-03-01 02:05:26.000000000,8.880970822937797
2026-03-01 02:13:51.000000000,12.535031880747148
2026-03-01 02:06:47.000000000,15.899546091163893
2026-03-01 02:32:26.000000000,16.58763984302392
2026-03-01 02:34:29.000000000,20.254407582066378
2026-03-01 02:09:44.000000000,29.561500399786073
2026-03-01 02:31:48.000000000,36.406614822125164
2026-03-01 03:20:59.000000000,48.7286695670461
2026-03-01 03:53:53.000000000,17.638333211128952
2026-03-01 03:23:31.000000000,17.208844817345863
2026-03-01 03:06:48.000000000,8.93099170122165
2026-03-01 03:05:16.000000000,19.32349108898009
2026-03-01 03:17:19.000000000,27.78269953567417
2026-03-01 03:28:15.000000000,19.64114170592819
2026-03-01 03:12:04.000000000,68.48988554992617
2026-03-01 03:34:27.000000000,11.949484509833333
2026-03-01 03:44:14.000000000,87.59993093311402
2026-03-01 03:46:42.000000000,19.68528757247491
2026-03-01 03:07:58.000000000,15.483454750351653
2026-03-01 03:00:15.000000000,17.627064532585205
2026-03-01 03:13:54.000000000,30.3462669448962
2026-03-01 03:16:06.000000000,21.388348464006704
2026-03-01 03:33:03.000000000,55.016931577623424
2026-03-01 04:57:36.000000000,32.70575674718808
2026-03-01 04:18:34.000000000,44.76337793552284
2026-03-01 04:08:18.000000000,27.495287076257966
2026-03-01 04:40:15.000000000,40.00198662662341
2026-03-01 04:42:06.000000000,40.758019361377464
2026-03-01 04:53:26.000000000,18.486879206850876
2026-03-01 04:02:57.000000000,39.72667581994527
2026-03-01 04:01:43.000000000,45.061060069111754
2026-03-01 04:49:48.000000000,40.78825362045588
2026-03-01 05:11:13.000000000,50.55878750145659
2026-03-01 05:10:11.000000000,61.27458942712348
2026-03-01 06:04:53.000000000,16.000249273598456
2026-03-01 06:28:36.000000000,24.962923599460986
2026-03-01 06:00:06.000000000,16.36413336345418
2026-03-01 06:03:12.000000000,9.815240009475474
2026-03-01 06:13:49.000000000,25.072330916007125
2026-03-01 06:00:55.000000000,24.926075661480436
2026-03-01 06:43:00.000000000,12.242485373250325
2026-03-01 06:53:59.000000000,64.40918396598603
2026-03-01 07:38:51.000000000,20.429288775260094
2026-03-01 07:31:13.000000000,13.627606897282512
2026-03-01 07:49:02.000000000,7.168328732669924
2026-03-01 07:52:43.000000000,20.59201368093764
2026-03-01 07:15:31.000000000,13.298037979481286
2026-03-01 07:46:07.000000000,21.07063216707917
2026-03-01 07:44:34.000000000,16.621220700468662
2026-03-01 08:44:41.000000000,9.702295141572657
2026-03-01 08:31:09.000000000,47.851604657337695
2026-03-01 08:30:48.000000000,8.11518818972042
2026-03-01 08:59:18.000000000,11.712577505472893
2026-03-01 08:14:47.000000000,40.095207782607694
2026-03-01 08:00:19.000000000,51.71361633400038
2026-03-01 08:32:58.000000000,8.872878162403442
2026-03-01 08:06:14.000000000,18.600952061560772
2026-03-01 08:13:35.000000000,25.230283334225085
2026-03-01 08:46:29.000000000,13.310916478781593
2026-03-01 08:04:10.000000000,8.90493284322067
2026-03-01 08:27:56.000000000,8.398397963033446
2026-03-01 09:31:05.000000000,42.15836834873265
2026-03-01 09:43:24.000000000,16.947076293844155
2026-03-01 09:51:47.000000000,38.26527775379549
2026-03-01 09:46:40.000000000,41.883968555570895
2026-03-01 09:52:13.000000000,18.65884847445114
2026-03-01 09:19:13.000000000,13.299925085099265
2026-03-01 09:50:36.000000000,11.472304743716538
2026-03-01 09:04:37.000000000,9.472047495617689
2026-03-01 09:09:29.000000000,46.07852694538224
2026-03-01 10:00:46.000000000,8.582657698608973
2026-03-01 10:15:22.000000000,12.324185920268043
2026-03-01 10:26:25.000000000,12.476303709972619
2026-03-01 10:27:16.000000000,17.152606299325647
2026-03-01 10:12:50.000000000,66.8229484417493
2026-03-01 10:33:55.000000000,45.18683198884056
2026-03-01 10:02:31.000000000,11.85980631359197
2026-03-01 10:39:04.000000000,20.611204741180902
2026-03-01 10:35:27.000000000,35.45834358574214
2026-03-01 10:16:11.000000000,69.51551546890458
2026-03-01 10:55:11.000000000,6.911998272975599
2026-03-01 10:44:01.000000000,21.592038338923224
2026-03-01 10:06:03.000000000,26.001227601949246
2026-03-01 10:51:02.000000000,36.862747059488136
2026-03-01 10:53:07.000000000,29.512409550351954
2026-03-01 10:22:49.000000000,47.02356996510828
2026-03-01 10:54:40.000000000,11.639568799169362
2026-03-01 10:13:02.000000000,80.64345693820462
2026-03-01 10:33:29.000000000,31.39679054215518
2026-03-01 10:43:59.000000000,33.809767764389484
2026-03-01 11:43:33.000000000,25.486409533927052
2026-03-01 11:33:57.000000000,24.29097966077889
2026-03-01 11:12:51.000000000,13.421981992740825
2026-03-01 11:48:46.000000000,20.467164439231794
2026-03-01 11:51:17.000000000,31.8930666408247
2026-03-01 11:13:35.000000000,26.094346163741424
2026-03-01 11:08:13.000000000,15.95503187299325
2026-03-01 11:32:39.000000000,8.100483533859805
2026-03-01 11:45:27.000000000,11.380010092959974
2026-03-01 11:28:56.000000000,35.73009974055271
2026-03-01 11:08:29.000000000,23.994377556583338
2026-03-01 11:16:24.000000000,56.93982906597728
2026-03-01 11:52:12.000000000,29.519451391666173
2026-03-01 11:05:23.000000000,32.68882398474615
2026-03-01 11:56:22.000000000,26.35668381024401
2026-03-01 12:31:49.000000000,13.220598378461537
2026-03-01 12:37:49.000000000,47.91662960295743
2026-03-01 12:15:47.000000000,12.87510716865138
2026-03-01 12:08:46.000000000,10.776637627390178
2026-03-01 12:34:29.000000000,23.555191143044205
2026-03-01 12:42:28.000000000,15.410858394271184
2026-03-01 12:20:35.000000000,56.362180679870605
2026-03-01 12:55:10.000000000,8.14946069229567
2026-03-01 12:52:47.000000000,19.18000517372358
2026-03-01 12:48:45.000000000,9.999930664785659
2026-03-01 12:57:04.000000000,17.35256174636371
2026-03-01 12:10:59.000000000,17.348762421001656
2026-03-01 12:51:44.000000000,9.484477246146142
2026-03-01 12:11:25.000000000,10.905402043014329
2026-03-01 12:31:11.000000000,25.380132710273813
2026-03-01 12:21:47.000000000,41.37392959855322
2026-03-01 12:55:15.000000000,16.00705712493853
2026-03-01 12:38:50.000000000,32.531187556499134
2026-03-01 12:23:00.000000000,16.823838822318777
2026-03-01 12:51:11.000000000,20.661068120790596
2026-03-01 12:56:48.000000000,18.539156183590674
2026-03-01 13:36:56.000000000,11.681466581896569
2026-03-01 13:14:34.000000000,6.126858882382328
2026-03-01 13:14:07.000000000,12.296421899787049
2026-03-01 13:13:42.000000000,22.310907535643512
2026-03-01 13:12:55.000000000,33.58653737220359
2026-03-01 13:18:37.000000000,8.597410710172941
2026-03-01 13:01:15.000000000,26.451102409448815
2026-03-01 13:18:06.000000000,6.899896635237444
2026-03-01 13:52:07.000000000,23.114530181851983
2026-03-01 13:14:32.000000000,48.664412621759794
2026-03-01 13:48:28.000000000,8.651421142081741
2026-03-01 13:38:45.000000000,23.25759684546054
2026-03-01 13:52:02.000000000,17.908995637630643
2026-03-01 14:56:50.000000000,25.094569598301295
2026-03-01 14:13:20.000000000,12.454942304522227
2026-03-01 14:38:00.000000000,22.932694670041528
2026-03-01 14:50:50.000000000,16.484082347921774
2026-03-01 14:02:58.000000000,8.71871923048042
2026-03-01 14:51:48.000000000,14.524196311847293
2026-03-01 14:37:44.000000000,25.803966974516563
2026-03-01 14:26:58.000000000,11.2203543590052
2026-03-01 14:12:51.000000000,13.991607192269981
2026-03-01 14:27:16.000000000,20.767428544652322
2026-03-01 14:34:04.000000000,9.55603172453509
2026-03-01 14:40:05.000000000,9.491749889828906
2026-03-01 14:40:07.000000000,13.77402065372917
2026-03-01 14:45:04.000000000,61.338960941166384
2026-03-01 14:38:49.000000000,26.41394435447015
2026-03-01 14:59:24.000000000,46.69473115076447
2026-03-01 14:07:00.000000000,10.332419907949404
2026-03-01 14:34:34.000000000,17.81256537865179
2026-03-01 15:33:57.000000000,36.6717639363111
2026-03-01 15:25:47.000000000,20.573269534805505
2026-03-01 15:34:17.000000000,9.227664423950543
2026-03-01 15:45:39.000000000,44.468648231253056
2026-03-01 15:34:32.000000000,20.302412241689275
2026-03-01 15:52:54.000000000,56.551613351794096
2026-03-01 15:01:01.000000000,19.007018771788793
2026-03-01 15:03:46.000000000,24.802763205473692
2026-03-01 15:28:00.000000000,13.065131780067137
2026-03-01 15:39:10.000000000,31.105308400293904
2026-03-01 15:44:15.000000000,15.170926167540811
2026-03-01 15:51:24.000000000,128.3172467408244
2026-03-01 15:07:36.000000000,11.632445337711072
2026-03-01 15:16:52.000000000,68.22045086301594
2026-03-01 15:00:12.000000000,16.527427861124043
2026-03-01 15:45:41.000000000,34.89841753273923
2026-03-01 15:14:48.000000000,54.93784882662746
2026-03-01 15:23:10.000000000,43.59427468966155
2026-03-01 16:16:55.000000000,33.91355604337214
2026-03-01 16:06:55.000000000,14.656097902190812
2026-03-01 16:44:10.000000000,35.456170680229405
2026-03-01 16:20:19.000000000,17.657859025850687
2026-03-01 16:28:17.000000000,23.78521902992749
2026-03-01 16:36:38.000000000,20.181778511399013
2026-03-01 16:14:31.000000000,13.168855438823154
2026-03-01 16:16:07.000000000,9.023132013134243
2026-03-01 16:10:38.000000000,18.359755209304176
2026-03-01 16:44:09.000000000,29.44003330775044
2026-03-01 16:55:11.000000000,12.170945950292106
2026-03-01 16:35:27.000000000,48.75984482439101
2026-03-01 16:56:43.000000000,8.266364521312205
2026-03-01 16:58:57.000000000,102.81123515366637
2026-03-01 17:22:39.000000000,11.222797162641058
2026-03-01 17:18:27.000000000,20.312208107581817
2026-03-01 17:59:00.000000000,14.307724436011668
2026-03-01 17:18:21.000000000,14.084769033410328
2026-03-01 17:09:30.000000000,25.35984411525237
2026-03-01 17:01:29.000000000,16.96562505906491
2026-03-01 17:37:04.000000000,52.79123581224056
2026-03-01 17:34:31.000000000,11.712661531654629
2026-03-01 17:54:51.000000000,50.15395771267312
2026-03-01 17:32:18.000000000,15.98084910651118
2026-03-01 17:45:45.000000000,21.338673899876525
2026-03-01 17:00:09.000000000,15.252218894440688
2026-03-01 17:43:07.000000000,11.658625184359273
2026-03-01 17:09:36.000000000,23.568242428684613
2026-03-01 17:01:43.000000000,38.69336748273706
2026-03-01 17:09:36.000000000,28.285180238250536
2026-03-01 17:55:50.000000000,7.9049831507299375
2026-03-01 17:54:09.000000000,21.465608230374173
2026-03-01 17:02:30.000000000,7.6070727293411835
2026-03-01 18:29:46.000000000,19.31849758807636
2026-03-01 18:18:35.000000000,8.240830380721317
2026-03-01 18:16:31.000000000,38.532834568189244
2026-03-01 18:19:42.000000000,41.187264081920496
2026-03-01 18:05:12.000000000,10.779137977332505
2026-03-01 18:12:29.000000000,15.15043690265828
2026-03-01 18:06:06.000000000,39.287153274961774
2026-03-01 18:12:21.000000000,33.4121063218445
2026-03-01 18:28:02.000000000,34.61819219968797
2026-03-01 18:50:24.000000000,19.933121596202575
2026-03-01 18:32:39.000000000,43.37607993710169
2026-03-01 18:04:30.000000000,28.973027577637858
2026-03-01 18:50:23.000000000,17.2783759909843
2026-03-01 18:25:02.000000000,31.20725902603997
2026-03-01 19:52:14.000000000,79.57298182303154
2026-03-01 19:52:01.000000000,10.329923437150251
2026-03-01 19:12:56.000000000,50.817900820011666
2026-03-01 19:25:02.000000000,83.91491594217027
2026-03-01 19:22:59.000000000,19.41419754190356
2026-03-01 19:11:22.000000000,39.00535343464268
2026-03-01 19:42:09.000000000,9.140312067259822
2026-03-01 19:52:01.000000000,91.74041859592863
2026-03-01 19:48:08.000000000,186.05008529884373
2026-03-01 19:17:53.000000000,13.377709886845494
2026-03-01 19:56:13.000000000,11.401811551811122
2026-03-01 19:24:48.000000000,14.190976871279092
2026-03-01 19:56:17.000000000,39.585296986965396
2026-03-01 19:35:53.000000000,25.943071654767376
2026-03-01 19:27:55.000000000,8.891532477307225
2026-03-01 19:01:31.000000000,9.939426239000115
2026-03-01 19:26:17.000000000,10.213012817075711
2026-03-01 19:30:46.000000000,26.341664158226422
2026-03-01 19:03:13.000000000,76.83735993875321
2026-03-01 19:29:48.000000000,6.563560116845215
2026-03-01 19:12:09.000000000,16.686071019221124
2026-03-01 19:02:57.000000000,16.803880811694615
2026-03-01 19:21:13.000000000,13.28974885156802
2026-03-01 19:52:38.000000000,12.237143892609723
2026-03-01 20:42:22.000000000,13.646473658694976
2026-03-01 20:54:15.000000000,19.058266649481762
2026-03-01 20:23:25.000000000,39.91548317321178
2026-03-01 20:03:25.000000000,23.397652153977898
2026-03-01 20:00:55.000000000,45.83774788047102
2026-03-01 20:02:39.000000000,28.96073411527356
2026-03-01 20:35:50.000000000,33.4462641313505
2026-03-01 20:33:12.000000000,15.333260849818409
2026-03-01 20:45:45.000000000,42.115484676406794
2026-03-01 20:56:58.000000000,10.660415356195735
2026-03-01 20:58:38.000000000,12.453139755103052
2026-03-01 20:06:21.000000000,10.058052695931057
2026-03-01 20:05:56.000000000,17.372857653810684
2026-03-01 20:11:59.000000000,21.405692893318687
2026-03-01 20:40:21.000000000,21.932420515252737
2026-03-01 20:02:31.000000000,22.71100242156208
2026-03-01 20:56:55.000000000,8.513152363404807
2026-03-01 21:24:24.000000000,38.14597577308369
2026-03-01 21:19:54.000000000,40.67115237419797
2026-03-01 21:19:54.000000000,7.401661038129362
2026-03-01 21:53:29.000000000,18.589278032603723
2026-03-01 21:12:06.000000000,13.319596270956628
2026-03-01 21:19:57.000000000,16.231023423610047
2026-03-01 21:44:00.000000000,42.62553123622022
2026-03-01 21:07:33.000000000,30.37128434521291
2026-03-01 21:55:20.000000000,36.94979497650769
2026-03-01 21:15:13.000000000,6.547061755313026
2026-03-01 21:35:49.000000000,98.45561302920615
2026-03-01 21:48:18.000000000,12.018311186414497
2026-03-01 21:15:03.000000000,31.537265644309503
2026-03-01 22:37:28.000000000,25.1305632707575
2026-03-01 22:44:50.000000000,8.967276057381975
2026-03-01 22:35:52.000000000,19.64421017691489
2026-03-01 22:24:04.000000000,8.965090397447979
2026-03-01 22:41:40.000000000,27.804920255784026
2026-03-01 22:07:16.000000000,10.096753732494223
2026-03-01 22:22:01.000000000,5.66285739797348
2026-03-01 23:33:44.000000000,54.4109029489569
2026-03-01 23:35:56.000000000,11.651192070753073
2026-03-01 23:26:11.000000000,21.47111955530292
2026-03-01 23:41:25.000000000,18.207965435758723
2026-03-01 23:33:23.000000000,55.049441575439666
2026-03-01 23:56:13.000000000,22.654323425958417
2026-03-01 23:51:14.000000000,10.113305185935483
2026-03-01 23:19:29.000000000,9.661842120153201
2026-03-01 23:19:05.000000000,37.12841899677329
2026-03-01 23:21:50.000000000,19.924173354821676
2026-03-01 23:56:34.000000000,19.696900223989232
2026-03-02 00:11:29.000000000,32.797846947124576
2026-03-02 00:34:18.000000000,37.14464943505081
2026-03-02 00:39:42.000000000,12.476437582017123
2026-03-02 00:15:29.000000000,21.507191926141687
2026-03-02 00:57:48.000000000,29.46805891667643
2026-03-02 00:32:34.000000000,9.244363813413202
2026-03-02 01:06:07.000000000,11.897569385577302
2026-03-02 01:39:04.000000000,9.01010672272007
2026-03-02 01:59:33.000000000,19.332892655014852
2026-03-02 02:57:56.000000000,26.03600028528012
2026-03-02 02:20:49.000000000,36.39750436345651
2026-03-02 02:31:46.000000000,13.058862434930294
2026-03-02 02:32:24.000000000,59.46823002350857
2026-03-02 03:06:18.000000000,13.280330177772965
2026-03-02 03:07:21.000000000,39.99384046530493
2026-03-02 03:15:58.000000000,12.584350869334418
2026-03-02 03:35:27.000000000,17.311420466380262
2026-03-02 03:39:41.000000000,24.59659624055156
2026-03-02 04:57:41.000000000,16.946803844846166
2026-03-02 04:45:05.000000000,65.18054706384103
2026-03-02 05:57:47.000000000,15.730520860424816
2026-03-02 05:50:43.000000000,16.82697134903374
2026-03-02 05:42:29.000000000,15.348475636696708
2026-03-02 05:25:34.000000000,9.244265946298908
2026-03-02 05:59:07.000000000,62.14784423493248
2026-03-02 05:14:45.000000000,5.612417237647219
2026-03-02 06:40:33.000000000,8.327266934936038
2026-03-02 06:44:22.000000000,30.69775440642914
2026-03-02 06:31:55.000000000,23.08784498686444
2026-03-02 06:10:41.000000000,85.5690200172044
2026-03-02 06:31:06.000000000,56.811354788660154
2026-03-02 06:02:41.000000000,79.33428953440043
2026-03-02 06:39:30.000000000,13.980814855463922
2026-03-02 06:23:28.000000000,20.450630223946924
2026-03-02 06:50:33.000000000,27.671568801513338
2026-03-02 06:34:06.000000000,20.549241150791133
2026-03-02 07:30:35.000000000,21.25887862685277
2026-03-02 07:58:12.000000000,9.48949088086183
2026-03-02 07:09:54.000000000,29.883375633605347
2026-03-02 07:39:11.000000000,20.45471981916385
2026-03-02 07:58:29.000000000,21.25581592383963
2026-03-02 07:45:00.000000000,45.00443392150906
2026-03-02 07:12:48.000000000,14.53822703382642
2026-03-02 07:11:47.000000000,23.848760851424515
2026-03-02 07:49:27.000000000,21.669567253105157
2026-03-02 07:51:12.000000000,15.87210585266956
2026-03-02 07:18:08.000000000,48.22181522487472
2026-03-02 07:34:16.000000000,14.618265626658085
2026-03-02 08:42:37.000000000,56.563405143587424
2026-03-02 08:18:04.000000000,14.351039581299755
2026-03-02 08:48:36.000000000,29.403598384026154
2026-03-02 08:07:19.000000000,15.999989747016908
2026-03-02 08:28:47.000000000,15.598898169383121
2026-03-02 08:49:49.000000000,7.30640497081443
2026-03-02 08:06:26.000000000,20.845392051163767
2026-03-02 08:17:02.000000000,33.584698161924365
2026-03-02 08:17:38.000000000,11.737788330635215
2026-03-02 08:15:42.000000000,20.228972818363925
2026-03-02 08:52:26.000000000,27.491771910830415
2026-03-02 08:28:22.000000000,19.693752464002102
2026-03-02 08:59:15.000000000,9.520890655791618
2026-03-02 08:07:44.000000000,18.61099269401222
2026-03-02 08:44:52.000000000,50.85566736542437
2026-03-02 08:56:05.000000000,13.40689940633115
2026-03-02 08:15:13.000000000,30.43490643852983
2026-03-02 08:02:21.000000000,28.28049458709822
2026-03-02 08:05:37.000000000,42.4733789281
2026-03-02 08:02:05.000000000,41.644709494805554
2026-03-02 09:17:22.000000000,13.296841721373205
2026-03-02 09:57:59.000000000,9.721703747467954
2026-03-02 09:48:41.000000000,12.903865517431148
2026-03-02 09:39:41.000000000,7.863318819412451
2026-03-02 09:33:19.000000000,16.200989805392602
2026-03-02 09:20:45.000000000,15.706389126087268
2026-03-02 09:41:35.000000000,11.299840124933912
2026-03-02 09:33:53.000000000,11.642003434887215
2026-03-02 09:22:41.000000000,9.599964031722822
2026-03-02 09:11:27.000000000,48.78932794654351
2026-03-02 09:53:23.000000000,20.423694574516233
2026-03-02 09:47:01.000000000,14.808568776369356
2026-03-02 09:10:35.000000000,44.22435621431116
2026-03-02 09:35:21.000000000,28.869734896238718
2026-03-02 09:45:10.000000000,14.733343210565629
2026-03-02 09:11:40.000000000,87.16736717697071
2026-03-02 09:49:57.000000000,10.985069294012629
2026-03-02 09:48:47.000000000,45.291139638428064
2026-03-02 09:35:11.000000000,15.312968148474443
2026-03-02 09:53:12.000000000,21.781439449537352
2026-03-02 09:15:43.000000000,13.698235532947074
2026-03-02 09:31:10.000000000,39.19829355607247
2026-03-02 10:21:36.000000000,9.692455020153185
2026-03-02 10:35:07.000000000,31.038839469419585
2026-03-02 10:23:00.000000000,30.524407043170648
2026-03-02 10:02:52.000000000,21.090029423254627
2026-03-02 10:56:26.000000000,12.472017805991603
2026-03-02 10:57:13.000000000,7.002486486836347
2026-03-02 10:05:41.000000000,27.347074607083222
2026-03-02 10:22:19.000000000,20.266597684601724
2026-03-02 10:38:40.000000000,11.421071215884083
2026-03-02 10:24:02.000000000,15.256461166297104
2026-03-02 10:30:14.000000000,51.862513138638676
2026-03-02 10:56:51.000000000,9.370596111672294
2026-03-02 10:24:17.000000000,19.885730138033853
2026-03-02 10:50:04.000000000,16.702224391336326
2026-03-02 10:07:53.000000000,19.725207326138225
2026-03-02 10:47:32.000000000,23.592739680029112
2026-03-02 10:05:01.000000000,24.754281922605816
2026-03-02 10:01:54.000000000,15.998828660963587
2026-03-02 10:23:26.000000000,33.00431276461063
2026-03-02 11:54:10.000000000,100.28237393116626
2026-03-02 11:24:47.000000000,21.766521323219834
2026-03-02 11:51:29.000000000,6.574683455581488
2026-03-02 11:09:59.000000000,31.129719209211324
2026-03-02 11:44:58.000000000,12.6215847184347
2026-03-02 11:39:50.000000000,6.491813527057991
2026-03-02 11:35:41.000000000,63.19824119763026
2026-03-02 11:17:14.000000000,14.234766071994382
2026-03-02 11:40:19.000000000,35.40237339143257
2026-03-02 12:17:37.000000000,13.320236163902695
2026-03-02 12:13:09.000000000,11.277222242027134
2026-03-02 12:11:20.000000000,30.46935840558544
2026-03-02 12:37:45.000000000,25.116531463515297
2026-03-02 12:41:54.000000000,30.50763373206773
2026-03-02 12:13:46.000000000,6.111135558502434
2026-03-02 12:51:28.000000000,94.46114809215615
2026-03-02 12:56:55.000000000,26.909506266127902
2026-03-02 12:55:33.000000000,23.33663618772409
2026-03-02 12:19:32.000000000,45.11176142804342
2026-03-02 12:26:57.000000000,15.38744361480748
2026-03-02 12:33:49.000000000,69.46946817350486
2026-03-02 12:05:59.000000000,23.010480185187397
2026-03-02 12:06:05.000000000,22.132833821946313
2026-03-02 13:21:02.000000000,21.782875740527786
2026-03-02 13:22:46.000000000,17.635893245027166
2026-03-02 13:45:47.000000000,34.65572889714371
2026-03-02 13:24:08.000000000,70.52393604125518
2026-03-02 13:17:22.000000000,14.329031718659026
2026-03-02 13:08:50.000000000,31.274942640401434
2026-03-02 13:50:46.000000000,23.365694472987393
2026-03-02 13:32:07.000000000,30.5404821305965
2026-03-02 13:20:13.000000000,32.2821967682638
2026-03-02 13:00:25.000000000,63.612968748278156
2026-03-02 13:29:28.000000000,16.55742028334217
2026-03-02 13:31:53.000000000,46.347599955910965
2026-03-02 14:02:29.000000000,23.258567450441674
2026-03-02 14:17:48.000000000,15.237301382094895
2026-03-02 14:56:50.000000000,30.39639248336789
2026-03-02 14:12:31.000000000,95.7207625238307
2026-03-02 14:37:08.000000000,8.96922485066866
2026-03-02 14:45:43.000000000,43.55298480972958
2026-03-02 14:54:22.000000000,28.441503739393653
2026-03-02 14:51:19.000000000,10.579890037549161
2026-03-02 15:38:15.000000000,10.508416991539576
2026-03-02 15:59:12.000000000,13.502482006557301
2026-03-02 15:36:25.000000000,10.855721822905522
2026-03-02 15:09:09.000000000,33.27413622330539
2026-03-02 15:18:19.000000000,12.395203761893871
2026-03-02 15:46:27.000000000,12.765630071395908
2026-03-02 15:24:14.000000000,15.148285191422818
2026-03-02 15:40:02.000000000,17.775200993062256
2026-03-02 15:39:17.000000000,13.72267754860476
2026-03-02 15:15:34.000000000,23.7760611141959
2026-03-02 15:12:50.000000000,8.674731180798943
2026-03-02 15:36:36.000000000,32.497430150562295
2026-03-02 15:05:11.000000000,38.47276710292137
2026-03-02 15:35:49.000000000,12.320196814841236
2026-03-02 15:30:36.000000000,9.51603178361853
2026-03-02 15:11:25.000000000,77.07504829548805
2026-03-02 16:05:28.000000000,11.219634571242146
2026-03-02 16:28:29.000000000,52.420415448967326
2026-03-02 16:12:01.000000000,25.585718594617283
2026-03-02 16:51:04.000000000,12.518341399612556
2026-03-02 16:43:34.000000000,37.300716139193455
2026-03-02 16:02:22.000000000,18.59027913755377
2026-03-02 16:44:25.000000000,25.10137872749081
2026-03-02 16:31:08.000000000,33.25370019474059
2026-03-02 16:49:09.000000000,59.228299017687846
2026-03-02 16:20:32.000000000,11.641539462323061
2026-03-02 16:17:59.000000000,14.386205979975001
2026-03-02 16:36:09.000000000,14.588918962446328
2026-03-02 16:39:27.000000000,32.05038392127227
2026-03-02 16:12:00.000000000,14.31512387844616
2026-03-02 16:16:22.000000000,32.75843434630106
2026-03-02 16:45:03.000000000,16.59070934086745
2026-03-02 16:11:37.000000000,14.566948666609767
2026-03-02 16:38:00.000000000,10.233355622865389
2026-03-02 16:16:30.000000000,68.30075081480209
2026-03-02 16:41:03.000000000,10.591373012532772
2026-03-02 17:06:37.000000000,17.24347982428277
2026-03-02 17:31:21.000000000,9.394511018152286
2026-03-02 17:25:33.000000000,26.92737687372056
2026-03-02 17:49:50.000000000,14.482534234909163
2026-03-02 17:03:35.000000000,18.479990626979774
2026-03-02 17:04:01.000000000,54.3936372908905
2026-03-02 17:48:16.000000000,13.287962899508333
2026-03-02 17:58:49.000000000,13.150206218896628
2026-03-02 17:15:04.000000000,53.40201013539439
2026-03-02 18:12:45.000000000,9.03226309085268
2026-03-02 18:09:49.000000000,32.08432390228336
2026-03-02 18:41:38.000000000,9.732423690317592
2026-03-02 18:29:25.000000000,12.989632030937111
2026-03-02 18:22:52.000000000,10.38178128819196
2026-03-02 18:36:31.000000000,51.59674231169528
2026-03-02 18:47:20.000000000,22.39492260474193
2026-03-02 18:40:48.000000000,11.907055577545165
2026-03-02 18:28:17.000000000,7.8736687685968025
2026-03-02 18:45:37.000000000,11.645832461027524
2026-03-02 18:48:34.000000000,7.953723292950036
2026-03-02 18:53:59.000000000,19.684617985314567
2026-03-02 18:00:23.000000000,48.23575577791976
2026-03-02 18:32:25.000000000,15.0913797612943
2026-03-02 18:51:47.000000000,19.711370309431775
2026-03-02 18:17:26.000000000,17.80663085821669
2026-03-02 19:02:25.000000000,61.09115843986305
2026-03-02 19:19:56.000000000,14.093072071494431
2026-03-02 19:27:18.000000000,110.42781505903173
2026-03-02 19:14:55.000000000,30.396350582802732
2026-03-02 19:09:54.000000000,25.147085983577902
2026-03-02 19:03:50.000000000,32.164992432994495
2026-03-02 19:29:34.000000000,25.97882706500993
2026-03-02 19:05:02.000000000,66.1832108044242
2026-03-02 19:10:58.000000000,55.47536471157754
2026-03-02 19:32:02.000000000,6.692736501159551
2026-03-02 20:48:24.000000000,20.23420527985722
2026-03-02 20:22:47.000000000,11.732650733989075
2026-03-02 20:30:57.000000000,10.335588398733565
2026-03-02 20:04:44.000000000,177.37517885522925
2026-03-02 20:53:52.000000000,39.15625170269978
2026-03-02 20:10:18.000000000,63.85451852324552
2026-03-02 20:09:30.000000000,31.223065169275486
2026-03-02 20:53:34.000000000,14.336111962709106
2026-03-02 20:16:58.000000000,53.03708533828885
2026-03-02 20:33:47.000000000,22.801073474176942
2026-03-02 20:50:09.000000000,16.891311102177607
2026-03-02 20:56:56.000000000,58.31800203641528
2026-03-02 20:11:53.000000000,18.362188147059936
2026-03-02 20:25:04.000000000,17.893311226190402
2026-03-02 20:00:15.000000000,5.87796994863263
2026-03-02 20:55:30.000000000,75.04386166869321
2026-03-02 20:36:38.000000000,9.996570167150173
2026-03-02 20:34:24.000000000,20.72547512128461
2026-03-02 20:51:38.000000000,44.32448896670904
2026-03-02 20:12:21.000000000,65.66905857691772
2026-03-02 21:01:26.000000000,17.72644187551681
2026-03-02 21:12:09.000000000,22.83927921090984
2026-03-02 21:16:21.000000000,23.454373217375377
2026-03-02 21:04:49.000000000,19.265738341638883
2026-03-02 21:18:25.000000000,17.185672887190364
2026-03-02 21:31:49.000000000,22.26100695025439
2026-03-02 21:49:54.000000000,9.236165926442258
2026-03-02 21:23:59.000000000,40.58386302004875
2026-03-02 21:25:12.000000000,8.764421482141856
2026-03-02 21:00:21.000000000,10.591882059406688
2026-03-02 21:58:42.000000000,29.780588667251404
2026-03-02 21:14:36.000000000,37.09414108137103
2026-03-02 21:31:37.000000000,16.15315974346262
2026-03-02 22:16:10.000000000,18.464571732282188
2026-03-02 22:26:44.000000000,19.802152657656922
2026-03-02 22:46:14.000000000,39.331047724252166
2026-03-02 22:20:12.000000000,15.033357022968367
2026-03-02 22:03:27.000000000,15.998252804800172
2026-03-02 22:23:30.000000000,33.708686439910096
2026-03-02 22:06:47.000000000,8.988829501231939
2026-03-02 22:29:32.000000000,10.292996141254624
2026-03-02 22:33:18.000000000,14.23609183874227
2026-03-02 22:31:51.000000000,21.187837838760927
2026-03-02 22:12:55.000000000,9.024916853927953
2026-03-02 22:52:55.000000000,19.74764680313375
2026-03-02 22:03:55.000000000,40.57823313929063
2026-03-02 22:54:20.000000000,15.829286437688893
2026-03-02 22:22:06.000000000,224.76139573489172
2026-03-02 22:55:35.000000000,37.10903596665425
2026-03-02 22:15:17.000000000,31.73959251653465
2026-03-02 23:51:43.000000000,11.04436713187175
2026-03-02 23:16:00.000000000,76.25865726261034
2026-03-02 23:56:38.000000000,15.733887430076786
2026-03-02 23:17:36.000000000,15.281754216309553
2026-03-02 23:06:27.000000000,15.791009706820429
2026-03-02 23:35:15.000000000,24.964326504518112
2026-03-02 23:02:10.000000000,17.778917439427932
2026-03-02 23:28:16.000000000,20.78023158186885
2026-03-03 00:06:12.000000000,18.20582519448347
2026-03-03 00:51:32.000000000,15.178688927279662
2026-03-03 00:52:21.000000000,27.4752420760253
2026-03-03 00:31:45.000000000,8.673251425894449
2026-03-03 00:01:31.000000000,14.44465630048138
2026-03-03 00:29:37.000000000,7.3867052870201295
2026-03-03 01:45:29.000000000,28.775742757799033
2026-03-03 01:02:35.000000000,16.793322246193853
2026-03-03 01:29:47.000000000,31.4301637261879
2026-03-03 01:47:37.000000000,17.329213509444273
2026-03-03 01:35:12.000000000,30.862466436439924
2026-03-03 01:27:57.000000000,14.596672072882672
2026-03-03 02:08:50.000000000,24.046337787306996
2026-03-03 02:33:35.000000000,52.247349487484314
2026-03-03 03:22:55.000000000,32.77482178150338
2026-03-03 03:00:12.000000000,29.47980666794747
2026-03-03 04:49:51.000000000,10.668600337896706
2026-03-03 04:20:27.000000000,68.01202284453178
2026-03-03 04:02:11.000000000,37.893218793615915
2026-03-03 05:28:17.000000000,40.51507302126935
2026-03-03 05:18:36.000000000,14.322365113958117
2026-03-03 05:21:56.000000000,25.821490499212047
2026-03-03 06:44:56.000000000,15.01734041326562
2026-03-03 06:26:42.000000000,8.86224472542762
2026-03-03 06:51:48.000000000,9.231282157191123
2026-03-03 06:27:41.000000000,17.4116262068737
2026-03-03 06:09:35.000000000,45.246472277451
2026-03-03 06:39:03.000000000,18.786902793742588
2026-03-03 06:07:34.000000000,95.8435746676608
2026-03-03 06:13:48.000000000,27.650119306929152
2026-03-03 06:27:27.000000000,106.94854990968808
2026-03-03 06:44:35.000000000,9.129619218660654
2026-03-03 07:37:26.000000000,22.967453659580777
2026-03-03 07:06:49.000000000,13.853810396803857
2026-03-03 07:26:17.000000000,14.22569465094719
2026-03-03 07:40:50.000000000,24.555613439220977
2026-03-03 07:06:50.000000000,37.51787817948876
2026-03-03 07:12:19.000000000,10.656968734382026
2026-03-03 07:54:48.000000000,18.562483114609673
2026-03-03 07:36:20.000000000,44.81353762048465
2026-03-03 07:54:01.000000000,17.21236532441928
2026-03-03 07:35:10.000000000,8.264399941436459
2026-03-03 07:10:17.000000000,16.0079051535175
2026-03-03 07:53:56.000000000,68.77361044976442
2026-03-03 07:35:18.000000000,12.08688068479231
2026-03-03 07:34:57.000000000,28.22004073591389
2026-03-03 07:11:47.000000000,40.275665138814205
2026-03-03 07:08:40.000000000,22.598123161626006
2026-03-03 07:46:26.000000000,12.483522773636896
2026-03-03 07:03:52.000000000,23.55428672122826
2026-03-03 07:24:44.000000000,44.32663559579709
2026-03-03 07:46:14.000000000,29.692400263584748
2026-03-03 07:38:30.000000000,10.805969207281162
2026-03-03 08:36:10.000000000,16.372275353534896
2026-03-03 08:33:55.000000000,25.38831373965259
2026-03-03 08:32:31.000000000,7.125368281953351
2026-03-03 08:57:02.000000000,18.410309164280356
2026-03-03 08:40:14.000000000,6.029376267715185
2026-03-03 08:40:15.000000000,33.48718293557056
2026-03-03 08:59:11.000000000,40.482305476128815
2026-03-03 08:37:57.000000000,38.41251569353679
2026-03-03 08:23:00.000000000,34.93753802918947
2026-03-03 08:09:51.000000000,20.559574909747333
2026-03-03 08:20:38.000000000,22.326071477976516
2026-03-03 08:17:34.000000000,23.223477377791845
2026-03-03 08:50:32.000000000,12.351882820522071
2026-03-03 08:34:21.000000000,9.52742248151965
2026-03-03 08:41:25.000000000,16.094729005679117
2026-03-03 08:20:41.000000000,12.486008459112469
2026-03-03 09:43:08.000000000,13.15282175645914
2026-03-03 09:49:38.000000000,10.634250753970756
2026-03-03 09:41:27.000000000,30.007438014515014
2026-03-03 09:51:50.000000000,18.019473318844977
2026-03-03 09:16:55.000000000,32.798862847751245
2026-03-03 09:07:34.000000000,23.665005381389285
2026-03-03 09:23:32.000000000,11.209034869535135
2026-03-03 09:52:27.000000000,31.019092321477153
2026-03-03 09:56:06.000000000,12.418698856207417
2026-03-03 09:54:43.000000000,21.14803953747002
2026-03-03 09:18:29.000000000,16.195239916524827
2026-03-03 09:39:35.000000000,12.291859583185722
2026-03-03 09:58:26.000000000,10.69151382059199
2026-03-03 09:23:01.000000000,19.321151509951555
2026-03-03 09:49:57.000000000,6.51234133810225
2026-03-03 09:12:29.000000000,15.986326560528028
2026-03-03 09:25:50.000000000,17.858958707284557
2026-03-03 09:48:08.000000000,36.96850264819699
2026-03-03 09:40:58.000000000,17.21790111694311
2026-03-03 09:39:33.000000000,17.782681366320716
2026-03-03 10:36:20.000000000,13.108129900985372
2026-03-03 10:29:41.000000000,11.049316755705602
2026-03-03 10:49:19.000000000,30.867156176189358
2026-03-03 10:06:59.000000000,8.399079394942373
2026-03-03 10:30:42.000000000,28.71881130304175
2026-03-03 10:33:21.000000000,10.840282240442036
2026-03-03 10:26:54.000000000,7.575319860291666
2026-03-03 10:24:33.000000000,34.10378580453772
2026-03-03 10:20:00.000000000,17.78096739394092
2026-03-03 10:19:08.000000000,10.890632732162874
2026-03-03 10:48:42.000000000,15.987174484520551
2026-03-03 10:13:07.000000000,33.04617008761267
2026-03-03 10:59:49.000000000,12.433425934121972
2026-03-03 10:35:15.000000000,25.940870609980585
2026-03-03 10:41:36.000000000,12.368726787838666
2026-03-03 10:36:00.000000000,26.467070644486824
2026-03-03 10:49:30.000000000,12.491926968839799
2026-03-03 11:22:08.000000000,36.74353211619258
2026-03-03 11:24:19.000000000,41.69808711086125
2026-03-03 11:44:36.000000000,20.158729321046344
2026-03-03 11:49:09.000000000,22.32123425036486
2026-03-03 11:31:32.000000000,15.904886905636214
2026-03-03 11:53:08.000000000,33.46884137149209
2026-03-03 11:26:18.000000000,16.20494179172905
2026-03-03 11:03:37.000000000,54.88101095773752
2026-03-03 12:15:51.000000000,8.605830749607582
2026-03-03 12:23:01.000000000,8.105199636645704
2026-03-03 12:54:20.000000000,20.493079250567355
2026-03-03 12:20:13.000000000,38.256896712632155
2026-03-03 12:17:26.000000000,7.941660492596
2026-03-03 12:32:51.000000000,176.9182203489269
2026-03-03 12:43:07.000000000,20.70032531789881
2026-03-03 12:58:01.000000000,30.498934292695523
2026-03-03 12:52:10.000000000,21.418128028835483
2026-03-03 12:40:20.000000000,12.547199742841617
2026-03-03 12:00:56.000000000,16.334305193442347
2026-03-03 12:39:39.000000000,8.45439185776046
2026-03-03 12:36:47.000000000,15.771080126556562
2026-03-03 13:53:49.000000000,41.82450216847252
2026-03-03 13:24:19.000000000,9.32183569111913
2026-03-03 13:32:44.000000000,68.5171441293568
2026-03-03 13:50:55.000000000,8.68375294215845
2026-03-03 13:27:42.000000000,16.470186361157246
2026-03-03 13:01:38.000000000,28.52015142918319
2026-03-03 13:18:54.000000000,6.70778999338045
2026-03-03 13:33:50.000000000,45.63323740615492
2026-03-03 13:34:11.000000000,16.13263974721948
2026-03-03 13:37:22.000000000,55.34378473863089
2026-03-03 13:27:38.000000000,10.036857810205888
2026-03-03 13:50:55.000000000,37.194561227557166
2026-03-03 13:10:08.000000000,19.604833202227532
2026-03-03 13:35:01.000000000,23.685654689003748
2026-03-03 13:04:31.000000000,28.963800739366647
2026-03-03 13:12:55.000000000,13.51367631743793
2026-03-03 13:43:02.000000000,17.68446484151616
2026-03-03 13:23:46.000000000,6.886378540332746
2026-03-03 14:33:35.000000000,20.633651147141766
2026-03-03 14:53:18.000000000,12.09966759999003
2026-03-03 14:34:55.000000000,8.905639405055206
2026-03-03 14:31:03.000000000,47.25400883509428
2026-03-03 14:07:42.000000000,31.32829909657602
2026-03-03 14:00:50.000000000,74.16887151546874
2026-03-03 14:00:16.000000000,8.902016288861411
2026-03-03 14:16:05.000000000,23.79161559376187
2026-03-03 14:01:40.000000000,8.124584700076698
2026-03-03 14:48:20.000000000,99.27004824568273
2026-03-03 14:03:50.000000000,16.02692927737094
2026-03-03 14:49:23.000000000,25.132176266104864
2026-03-03 14:17:02.000000000,14.137744319344296
2026-03-03 14:00:18.000000000,8.969893171474405
2026-03-03 14:53:06.000000000,28.23158285428353
2026-03-03 14:54:20.000000000,23.119434042012802
2026-03-03 14:36:28.000000000,6.9356524233865535
2026-03-03 14:45:25.000000000,11.62284927718777
2026-03-03 14:05:12.000000000,14.251636494155782
2026-03-03 15:50:40.000000000,11.207770512499973
2026-03-03 15:36:22.000000000,7.305008869451532
2026-03-03 15:57:38.000000000,9.7910756798004
2026-03-03 15:11:57.000000000,39.42970690189095
2026-03-03 15:32:32.000000000,13.742410348186525
2026-03-03 15:37:35.000000000,14.236707618458809
2026-03-03 15:17:11.000000000,7.3728284254349985
2026-03-03 15:42:49.000000000,23.121146519430372
2026-03-03 15:52:05.000000000,7.305575357142814
2026-03-03 15:21:42.000000000,71.61585358846501
2026-03-03 15:14:02.000000000,58.96698082819589
2026-03-03 15:08:43.000000000,16.384371735768198
2026-03-03 15:25:43.000000000,11.512276340887205
2026-03-03 15:53:06.000000000,18.453149836964236
2026-03-03 16:00:19.000000000,17.4181166521938
2026-03-03 16:23:03.000000000,14.7991854215684
2026-03-03 16:25:04.000000000,20.04102107780477
2026-03-03 16:30:43.000000000,6.505726583857943
2026-03-03 16:36:28.000000000,51.95692633764014
2026-03-03 16:09:29.000000000,38.59711361261593
2026-03-03 16:41:26.000000000,32.22498115321156
2026-03-03 16:43:16.000000000,8.76017513454428
2026-03-03 16:10:50.000000000,78.30697269365257
2026-03-03 16:28:07.000000000,8.170116619908402
2026-03-03 16:40:51.000000000,35.12946571324232
2026-03-03 16:25:18.000000000,21.23752386641753
2026-03-03 16:25:36.000000000,22.07300790523601
2026-03-03 16:22:16.000000000,16.879616882510057
2026-03-03 17:57:18.000000000,13.60923648021021
2026-03-03 17:57:01.000000000,50.53888291752883
2026-03-03 17:41:49.000000000,39.583359248463985
2026-03-03 17:03:31.000000000,30.46346617252994
2026-03-03 17:21:38.000000000,37.61136068827531
2026-03-03 17:16:48.000000000,20.77942624630102
2026-03-03 17:27:21.000000000,11.613769836734635
2026-03-03 17:05:11.000000000,19.21008570228204
2026-03-03 17:40:55.000000000,24.805529949082814
2026-03-03 17:31:44.000000000,52.44242093526108
2026-03-03 17:55:15.000000000,20.402474337330382
2026-03-03 17:47:20.000000000,16.86442698149287
2026-03-03 17:41:48.000000000,23.389571964785407
2026-03-03 17:37:00.000000000,10.79403065975147
2026-03-03 17:38:55.000000000,73.08947864385345
2026-03-03 18:40:09.000000000,35.42089020232134
2026-03-03 18:16:24.000000000,36.81079328216454
2026-03-03 18:15:07.000000000,21.45131810823498
2026-03-03 18:03:21.000000000,21.215417615727894
2026-03-03 18:43:50.000000000,18.18310728099565
2026-03-03 18:13:18.000000000,6.503251122177522
2026-03-03 18:08:11.000000000,11.880867950170668
2026-03-03 18:55:38.000000000,47.38604273519925
2026-03-03 18:13:02.000000000,10.393791199960287
2026-03-03 18:23:08.000000000,63.2084407796231
2026-03-03 18:29:10.000000000,8.239704499167448
2026-03-03 18:08:45.000000000,25.195654847896826
2026-03-03 18:19:57.000000000,12.966125510133608
2026-03-03 18:08:08.000000000,25.644323597492747
2026-03-03 18:37:16.000000000,72.92696670612739
2026-03-03 18:10:58.000000000,16.81363411196466
2026-03-03 18:01:42.000000000,30.687144402757156
2026-03-03 18:14:05.000000000,15.113830367322556
2026-03-03 18:53:42.000000000,8.991329014717106
2026-03-03 19:04:16.000000000,7.290075970883887
2026-03-03 19:54:44.000000000,15.223955729876653
2026-03-03 19:53:24.000000000,25.815300176115777
2026-03-03 19:10:35.000000000,9.295031293006257
2026-03-03 19:40:41.000000000,82.37229854573741
2026-03-03 19:49:26.000000000,41.15032002896453
2026-03-03 19:36:29.000000000,35.85143994374377
2026-03-03 19:16:04.000000000,45.284285085550835
2026-03-03 19:33:06.000000000,14.238606320953163
2026-03-03 19:23:00.000000000,18.390675206088225
2026-03-03 19:53:24.000000000,6.062941713328282
2026-03-03 19:27:16.000000000,6.7940779146116
2026-03-03 19:42:40.000000000,43.554712799151304
2026-03-03 19:40:44.000000000,34.62237430256144
2026-03-03 19:47:49.000000000,35.143671698671625
2026-03-03 19:39:59.000000000,19.943946414340367
2026-03-03 19:44:51.000000000,12.122971693258053
2026-03-03 19:19:12.000000000,15.147822668745256
2026-03-03 19:52:54.000000000,8.880575400255237
2026-03-03 20:40:03.000000000,90.98023093154391
2026-03-03 20:28:03.000000000,22.94964934920946
2026-03-03 20:01:38.000000000,38.43984652387217
2026-03-03 20:11:43.000000000,16.360140602014788
2026-03-03 20:27:27.000000000,17.78328646323659
2026-03-03 20:03:02.000000000,20.7825011899505
2026-03-03 20:16:01.000000000,11.024498014084976
2026-03-03 20:13:49.000000000,27.60336363513153
2026-03-03 20:30:23.000000000,14.43701117805103
2026-03-03 20:49:15.000000000,54.48546740950195
2026-03-03 20:13:39.000000000,18.700918267701873
2026-03-03 20:08:05.000000000,11.669058810640696
2026-03-03 20:13:54.000000000,17.734075590175145
2026-03-03 20:03:15.000000000,8.048092207767967
2026-03-03 20:32:00.000000000,33.99503208452721
2026-03-03 20:36:42.000000000,25.005620816069573
2026-03-03 20:17:19.000000000,69.41772145577983
2026-03-03 20:23:51.000000000,11.350023941841686
2026-03-03 21:40:29.000000000,29.929540281023478
2026-03-03 21:25:37.000000000,6.712338013653705
2026-03-03 21:45:55.000000000,8.393096502458455
2026-03-03 21:13:00.000000000,27.85583183049393
2026-03-03 21:52:40.000000000,77.39514225157971
2026-03-03 21:36:15.000000000,8.070801999701684
2026-03-03 21:53:11.000000000,18.38402064052008
2026-03-03 21:03:42.000000000,21.33101691225042
2026-03-03 21:23:54.000000000,13.267065190180556
2026-03-03 21:47:37.000000000,13.776140015298955
2026-03-03 21:21:13.000000000,30.791059261059452
2026-03-03 22:08:04.000000000,16.255589802464918
2026-03-03 22:22:18.000000000,22.72999349085698
2026-03-03 22:33:52.000000000,8.13879696075761
2026-03-03 22:11:53.000000000,43.566605335278
2026-03-03 22:28:13.000000000,17.875375666683595
2026-03-03 22:59:29.000000000,25.78837744760684
2026-03-03 22:38:18.000000000,19.798251717600095
2026-03-03 22:09:16.000000000,20.008053343566242
2026-03-03 22:16:49.000000000,60.69079889206289
2026-03-03 22:28:10.000000000,5.468066612111133
2026-03-03 22:55:01.000000000,6.514209323625322
2026-03-03 22:56:41.000000000,12.517424765210585
2026-03-03 22:13:03.000000000,10.346938585478526
2026-03-03 23:52:35.000000000,44.894418808701204
2026-03-03 23:57:28.000000000,26.14557441154428
2026-03-03 23:34:09.000000000,28.558361419065626
2026-03-03 23:24:45.000000000,42.69988289562323
2026-03-03 23:14:02.000000000,16.86687098457138
2026-03-03 23:33:31.000000000,28.98378175895214
2026-03-03 23:52:11.000000000,40.902036427900825
2026-03-03 23:21:10.000000000,25.531676908718403
2026-03-03 23:58:05.000000000,20.22635371926811
2026-03-03 23:34:01.000000000,10.999377084056695
2026-03-03 23:22:52.000000000,22.614551887587147
2026-03-03 23:27:19.000000000,34.55907262015726
2026-03-03 23:16:49.000000000,28.160346257667936
2026-03-03 23:41:38.000000000,37.36640168673528
2026-03-03 23:33:54.000000000,17.632510002829164
2026-03-04 00:27:54.000000000,20.71210827609039
2026-03-04 00:35:12.000000000,10.471442175820696
2026-03-04 00:38:57.000000000,29.44508865929229
2026-03-04 00:01:14.000000000,6.911848580547506
2026-03-04 00:06:18.000000000,13.52597634838853
2026-03-04 00:04:22.000000000,20.509633978177895
2026-03-04 00:23:10.000000000,23.556185160876236
2026-03-04 01:51:46.000000000,9.745133777171528
2026-03-04 01:19:06.000000000,13.038375989121603
2026-03-04 01:20:27.000000000,16.750791210069885
2026-03-04 01:37:41.000000000,16.44787727949842
2026-03-04 01:21:41.000000000,11.830289662929601
2026-03-04 02:39:17.000000000,18.292928732640263
2026-03-04 03:07:38.000000000,12.190586376559864
2026-03-04 03:44:27.000000000,20.79961836195092
2026-03-04 04:23:40.000000000,71.97828296240506
2026-03-04 04:29:22.000000000,12.455954125920282
2026-03-04 04:11:30.000000000,41.60783625104604
2026-03-04 05:12:45.000000000,15.835155808726048
2026-03-04 05:01:12.000000000,43.00897862500496
2026-03-04 05:55:00.000000000,101.55847581237046
2026-03-04 05:42:03.000000000,16.8578981153072
2026-03-04 05:57:46.000000000,15.986825145284856
2026-03-04 05:30:31.000000000,15.223531725374379
2026-03-04 05:14:22.000000000,13.449915632242838
2026-03-04 06:26:04.000000000,17.243975680252944
2026-03-04 06:04:54.000000000,15.998055839236406
2026-03-04 06:50:11.000000000,12.181872240315819
2026-03-04 06:09:44.000000000,80.46137473877228
2026-03-04 06:32:17.000000000,6.707549035444361
2026-03-04 06:06:55.000000000,39.7458875024652
2026-03-04 06:20:41.000000000,16.022691547934777
2026-03-04 06:28:27.000000000,6.245056737274474
2026-03-04 06:45:24.000000000,15.174884976198545
2026-03-04 06:37:17.000000000,15.993721520783852
2026-03-04 07:18:09.000000000,10.672808924598186
2026-03-04 07:51:49.000000000,40.3290555983344
2026-03-04 07:56:22.000000000,13.735210112331156
2026-03-04 07:49:22.000000000,18.57083342307081
2026-03-04 07:48:03.000000000,34.23386882493098
2026-03-04 07:18:40.000000000,11.334734103441622
2026-03-04 07:10:21.000000000,17.278788970091302
2026-03-04 07:06:20.000000000,58.678880320962996
2026-03-04 07:18:27.000000000,51.56293320766454
2026-03-04 07:35:27.000000000,40.26482595026247
2026-03-04 07:56:51.000000000,33.565274230113204
2026-03-04 07:21:51.000000000,16.846756326673994
2026-03-04 07:17:26.000000000,20.89122362186987
2026-03-04 07:15:47.000000000,8.67075844000332
2026-03-04 07:43:13.000000000,41.886551380353765
2026-03-04 07:42:52.000000000,21.76844211596562
2026-03-04 07:51:27.000000000,62.4106128995635
2026-03-04 07:25:45.000000000,86.69726018097089
2026-03-04 07:25:41.000000000,7.016653176125715
2026-03-04 07:45:11.000000000,29.53197023298374
2026-03-04 08:26:02.000000000,34.952603612131426
2026-03-04 08:30:27.000000000,32.81247049698827
2026-03-04 08:15:11.000000000,31.43663475625851
2026-03-04 08:06:46.000000000,10.550023464565145
2026-03-04 08:12:32.000000000,83.57244572912039
2026-03-04 08:33:50.000000000,17.680238640892505
2026-03-04 08:40:31.000000000,8.33629824551774
2026-03-04 08:30:22.000000000,30.429843300056845
2026-03-04 08:15:00.000000000,36.61585365232674
2026-03-04 08:05:48.000000000,14.655005079224225
2026-03-04 08:14:19.000000000,43.675870078164394
2026-03-04 08:51:55.000000000,24.744055714447697
2026-03-04 08:46:54.000000000,29.854501586409217
2026-03-04 08:00:07.000000000,50.94822947873391
2026-03-04 08:50:50.000000000,10.774334771602657
2026-03-04 08:25:04.000000000,89.56705135113846
2026-03-04 08:58:03.000000000,79.08020245724332
2026-03-04 08:36:01.000000000,10.50212160555269
2026-03-04 08:17:31.000000000,8.743723115710186
2026-03-04 09:01:58.000000000,16.203460099171142
2026-03-04 09:13:55.000000000,24.27737817659922
2026-03-04 09:38:42.000000000,15.019569800785817
2026-03-04 09:40:10.000000000,72.7704839913601
2026-03-04 09:27:00.000000000,29.450591873437496
2026-03-04 09:30:49.000000000,19.988358602032328
2026-03-04 09:32:14.000000000,12.735600311142857
2026-03-04 09:49:36.000000000,12.528663555093354
2026-03-04 09:11:47.000000000,79.02927891349434
2026-03-04 09:49:30.000000000,14.520952399565907
2026-03-04 09:56:14.000000000,12.579765242125644
2026-03-04 09:09:17.000000000,12.470313360127928
2026-03-04 09:58:17.000000000,23.803624883183456
2026-03-04 10:02:26.000000000,9.369816225907714
2026-03-04 10:17:25.000000000,10.039421686164792
2026-03-04 10:19:01.000000000,14.973480317877812
2026-03-04 10:16:37.000000000,10.808391227832793
2026-03-04 10:58:27.000000000,10.769322069873295
2026-03-04 10:25:56.000000000,31.09938913185876
2026-03-04 10:39:20.000000000,6.834493463054475
2026-03-04 10:16:13.000000000,12.136257513571216
2026-03-04 10:00:59.000000000,128.30405171622576
2026-03-04 10:36:49.000000000,24.146139594519425
2026-03-04 10:12:36.000000000,50.62337657149982
2026-03-04 10:51:22.000000000,32.19957698483519
2026-03-04 10:02:32.000000000,10.599891461312886
2026-03-04 10:37:25.000000000,32.79029910908017
2026-03-04 11:17:08.000000000,17.88904977451015
2026-03-04 11:08:49.000000000,33.50026551572287
2026-03-04 11:57:33.000000000,20.741587105388994
2026-03-04 11:19:52.000000000,15.366733798407619
2026-03-04 11:59:20.000000000,11.074489982638159
2026-03-04 11:16:41.000000000,68.91171836601514
2026-03-04 11:59:12.000000000,22.424589318657134
2026-03-04 11:25:49.000000000,50.884548523911505
2026-03-04 11:03:00.000000000,51.25861206022324
2026-03-04 11:47:42.000000000,25.664367117010787
2026-03-04 11:48:49.000000000,9.410079209932706
2026-03-04 11:38:56.000000000,101.5167833153946
2026-03-04 12:16:51.000000000,24.60347600596287
2026-03-04 12:43:26.000000000,17.808728162810464
2026-03-04 12:15:55.000000000,52.452380274032514
2026-03-04 12:35:13.000000000,30.205488613563023
2026-03-04 12:04:41.000000000,15.916550672379957
2026-03-04 12:16:51.000000000,13.97975711120283
2026-03-04 12:57:10.000000000,43.052915574952294
2026-03-04 12:14:21.000000000,8.26509200391398
2026-03-04 12:20:33.000000000,13.25661038597567
2026-03-04 12:02:19.000000000,43.08067008605252
2026-03-04 12:41:40.000000000,18.610202867650557
2026-03-04 12:09:44.000000000,7.363602462596406
2026-03-04 13:30:34.000000000,101.04593839189964
2026-03-04 13:52:17.000000000,25.55163676981074
2026-03-04 13:48:55.000000000,20.31328976002037
2026-03-04 13:47:53.000000000,9.996002976313033
2026-03-04 13:50:18.000000000,32.141564455794864
2026-03-04 13:15:19.000000000,62.64524354406822
2026-03-04 13:12:34.000000000,37.66737880756271
2026-03-04 13:43:25.000000000,30.194238097721474
2026-03-04 13:42:41.000000000,23.19765199134723
2026-03-04 13:54:48.000000000,27.342290650934334
2026-03-04 13:28:08.000000000,29.916452697698304
2026-03-04 13:20:42.000000000,28.215551623045613
2026-03-04 14:00:03.000000000,14.626534947794726
2026-03-04 14:38:35.000000000,162.59879120140454
2026-03-04 14:48:55.000000000,31.632247800572962
2026-03-04 14:14:10.000000000,14.509634769192408
2026-03-04 14:51:09.000000000,13.311333298015224
2026-03-04 14:06:27.000000000,23.52089018052991
2026-03-04 14:07:50.000000000,20.996020968133266
2026-03-04 14:13:25.000000000,14.368821991439606
2026-03-04 14:22:12.000000000,19.832778714390678
2026-03-04 14:40:01.000000000,23.072885462850806
2026-03-04 14:45:15.000000000,18.21323377809247
2026-03-04 14:02:24.000000000,22.251328615704484
2026-03-04 14:30:46.000000000,41.18356987129158
2026-03-04 14:45:41.000000000,7.765258083655796
2026-03-04 14:23:48.000000000,47.071526264835136
2026-03-04 14:25:07.000000000,44.06669420842749
2026-03-04 14:51:52.000000000,16.800480338183235
2026-03-04 14:39:04.000000000,17.72229745806968
2026-03-04 14:57:27.000000000,11.5353762442088
2026-03-04 14:25:58.000000000,36.088147786190376
2026-03-04 14:05:49.000000000,44.59396126141341
2026-03-04 14:52:32.000000000,24.790817110598397
2026-03-04 15:56:32.000000000,41.27075976112417
2026-03-04 15:06:57.000000000,102.47002227727671
2026-03-04 15:01:59.000000000,45.3432493424973
2026-03-04 15:31:18.000000000,9.463528589326074
2026-03-04 15:30:50.000000000,14.630526891323186
2026-03-04 15:31:32.000000000,20.911614387553847
2026-03-04 15:41:28.000000000,14.752371678457035
2026-03-04 15:06:20.000000000,7.837231545483023
2026-03-04 15:12:17.000000000,57.60475532393065
2026-03-04 15:54:34.000000000,9.74217522247007
2026-03-04 15:36:52.000000000,25.83234111669322
2026-03-04 15:09:11.000000000,18.106270062268308
2026-03-04 15:31:26.000000000,8.099400032749571
2026-03-04 15:13:02.000000000,18.532846142987864
2026-03-04 16:39:27.000000000,20.466328419433538
2026-03-04 16:33:02.000000000,6.044456966944443
2026-03-04 16:18:17.000000000,14.230627726220927
2026-03-04 16:45:09.000000000,32.601916838443465
2026-03-04 16:46:30.000000000,15.284139327009001
2026-03-04 16:50:38.000000000,7.866055302113591
2026-03-04 16:49:05.000000000,26.401832908980552
2026-03-04 16:41:07.000000000,19.47270978603664
2026-03-04 16:43:12.000000000,37.28050345128741
2026-03-04 16:57:01.000000000,6.550391884062067
2026-03-04 16:38:41.000000000,17.886691600035658
2026-03-04 16:51:04.000000000,80.52175228880559
2026-03-04 16:59:12.000000000,13.436894701495442
2026-03-04 16:32:26.000000000,22.50296999561994
2026-03-04 16:56:06.000000000,22.246246639465035
2026-03-04 16:24:18.000000000,16.920752810485002
2026-03-04 16:43:23.000000000,42.77958475066684
2026-03-04 16:51:01.000000000,30.54893582653685
2026-03-04 16:56:26.000000000,72.83572812398458
2026-03-04 16:31:53.000000000,14.449175450232527
2026-03-04 16:25:08.000000000,7.131878593856342
2026-03-04 16:07:37.000000000,86.34539626822539
2026-03-04 16:46:32.000000000,10.798184374489395
2026-03-04 16:25:37.000000000,54.11212576278078
2026-03-04 17:07:05.000000000,14.561447631368035
2026-03-04 17:33:36.000000000,8.450033938522546
2026-03-04 17:46:24.000000000,9.03955881894123
2026-03-04 17:47:25.000000000,21.129639083780443
2026-03-04 17:06:00.000000000,35.75073875866361
2026-03-04 17:41:47.000000000,10.789233625169349
2026-03-04 17:38:13.000000000,11.534856976107204
2026-03-04 17:19:19.000000000,50.071435181412355
2026-03-04 17:13:04.000000000,106.81492890066518
2026-03-04 17:26:27.000000000,9.650217638336896
2026-03-04 17:53:59.000000000,13.8210181491041
2026-03-04 17:09:15.000000000,12.061359743497835
2026-03-04 17:08:06.000000000,9.727320477801992
2026-03-04 17:00:47.000000000,26.863761235651733
2026-03-04 17:22:26.000000000,11.461228042411976
2026-03-04 17:22:10.000000000,33.53923228606541
2026-03-04 17:28:43.000000000,111.19811085618947
2026-03-04 17:10:57.000000000,11.610338539361841
2026-03-04 17:48:29.000000000,33.493108281466135
2026-03-04 18:26:04.000000000,11.429504951752072
2026-03-04 18:40:34.000000000,16.3027940537089
2026-03-04 18:32:24.000000000,11.70530390178601
2026-03-04 18:11:00.000000000,18.59746838956382
2026-03-04 18:49:25.000000000,81.97973555040062
2026-03-04 18:10:43.000000000,13.924001233792538
2026-03-04 18:43:14.000000000,29.063846502448644
2026-03-04 18:30:04.000000000,20.540670023254705
2026-03-04 18:18:47.000000000,146.71918334542733
2026-03-04 18:40:51.000000000,29.252262379381236
2026-03-04 18:48:45.000000000,8.22236442590676
2026-03-04 18:36:51.000000000,16.872626894860765
2026-03-04 18:42:25.000000000,21.880673373950753
2026-03-04 18:46:39.000000000,30.988360835680282
2026-03-04 18:06:16.000000000,8.834851477263655
2026-03-04 18:07:27.000000000,13.652118796900552
2026-03-04 18:32:20.000000000,10.416330193691907
2026-03-04 18:58:13.000000000,25.427556836366666
2026-03-04 18:52:40.000000000,25.71063656344714
2026-03-04 18:55:30.000000000,15.902097532891045
2026-03-04 18:03:37.000000000,10.943577527020711
2026-03-04 18:47:15.000000000,8.890163681536226
2026-03-04 18:39:31.000000000,27.63197986909502
2026-03-04 18:21:09.000000000,33.97175360407787
2026-03-04 18:25:44.000000000,28.701932637354396
2026-03-04 18:32:50.000000000,50.21761678413357
2026-03-04 18:23:01.000000000,76.1529792613482
2026-03-04 18:30:04.000000000,58.32788500930397
2026-03-04 19:55:50.000000000,10.40602526077731
2026-03-04 19:06:01.000000000,9.744278903808393
2026-03-04 19:23:52.000000000,17.922612345010883
2026-03-04 19:02:40.000000000,16.831978914824468
2026-03-04 19:16:52.000000000,30.44465512155466
2026-03-04 19:50:56.000000000,34.19532633890027
2026-03-04 19:59:15.000000000,14.188821319799686
2026-03-04 19:11:07.000000000,13.964122682324305
2026-03-04 19:29:37.000000000,22.8666504940662
2026-03-04 19:32:01.000000000,37.81706728642544
2026-03-04 19:39:56.000000000,40.55978641911461
2026-03-04 19:59:25.000000000,13.889511275515552
2026-03-04 19:16:50.000000000,41.9170364821298
2026-03-04 19:30:26.000000000,29.142895108150178
2026-03-04 19:08:00.000000000,33.208176053535624
2026-03-04 19:08:20.000000000,85.72631809266534
2026-03-04 19:49:59.000000000,7.999779623288509
2026-03-04 19:56:12.000000000,48.74848808545146
2026-03-04 19:13:01.000000000,25.12483121331028
2026-03-04 19:38:47.000000000,30.487767381474406
2026-03-04 19:48:38.000000000,136.43711390145185
2026-03-04 20:09:48.000000000,73.25255975045144
2026-03-04 20:32:34.000000000,13.2979386494419
2026-03-04 20:13:40.000000000,11.493671663244129
2026-03-04 20:45:25.000000000,25.920264821085965
2026-03-04 20:16:06.000000000,50.40670617453462
2026-03-04 20:42:33.000000000,42.56101215416949
2026-03-04 20:39:11.000000000,13.627346270366484
2026-03-04 20:27:38.000000000,8.448249756397407
2026-03-04 20:00:50.000000000,14.72944035479565
2026-03-04 20:39:06.000000000,7.7735983850634165
2026-03-04 20:01:38.000000000,22.407725997923006
2026-03-04 20:04:14.000000000,32.51965250021608
2026-03-04 20:48:10.000000000,94.13940132774943
2026-03-04 20:12:01.000000000,10.598305066947546
2026-03-04 20:20:35.000000000,44.122635155578585
2026-03-04 20:42:09.000000000,25.332079645514
2026-03-04 21:06:54.000000000,15.245445159530501
2026-03-04 21:51:45.000000000,104.45292358187712
2026-03-04 21:31:21.000000000,39.438836709536744
2026-03-04 21:02:57.000000000,18.50018034302083
2026-03-04 21:13:24.000000000,7.359683852853584
2026-03-04 21:39:23.000000000,7.196468376856254
2026-03-04 21:08:29.000000000,50.28857681122658
2026-03-04 21:38:23.000000000,36.27597287111582
2026-03-04 21:32:46.000000000,22.82801788314294
2026-03-04 21:09:46.000000000,20.532718766783226
2026-03-04 21:18:43.000000000,32.63763689153538
2026-03-04 21:14:31.000000000,8.795288440556252
2026-03-04 21:00:23.000000000,68.6161296471447
2026-03-04 21:17:44.000000000,9.020888705342443
2026-03-04 21:55:46.000000000,18.00788766651862
2026-03-04 22:34:44.000000000,19.616278539560764
2026-03-04 22:42:11.000000000,9.789706197398893
2026-03-04 22:43:16.000000000,14.08872941914514
2026-03-04 22:16:10.000000000,9.633297367103633
2026-03-04 22:22:55.000000000,17.495093406820807
2026-03-04 22:59:14.000000000,18.221401778864987
2026-03-04 22:10:10.000000000,37.64799645117956
2026-03-04 22:07:24.000000000,207.66773221105376
2026-03-04 23:01:31.000000000,19.601265041921664
2026-03-04 23:42:33.000000000,27.776081312121896
2026-03-04 23:04:09.000000000,34.768896457418336
2026-03-04 23:44:00.000000000,8.126409041803683
2026-03-04 23:03:03.000000000,110.34663057504753
2026-03-04 23:30:40.000000000,20.556558640512158
2026-03-04 23:11:26.000000000,7.429794629556627
2026-03-04 23:13:17.000000000,37.23958210575321
2026-03-04 23:48:48.000000000,40.8636050850799
2026-03-05 00:45:12.000000000,8.13328232389047
2026-03-05 00:06:19.000000000,20.765328902004434
2026-03-05 00:57:24.000000000,14.291273508422005
2026-03-05 00:31:48.000000000,8.796817250256662
2026-03-05 01:02:26.000000000,10.75319862364044
2026-03-05 01:45:18.000000000,18.66827959720024
2026-03-05 01:16:42.000000000,7.975775981483489
2026-03-05 01:17:29.000000000,47.04382127625492
2026-03-05 01:50:10.000000000,18.900797449779322
2026-03-05 01:51:22.000000000,10.272507717745583
2026-03-05 02:53:14.000000000,16.05072018840317
2026-03-05 03:13:11.000000000,14.396644601485077
2026-03-05 04:39:09.000000000,14.99550627194154
2026-03-05 04:24:58.000000000,25.620250392617333
2026-03-05 04:27:18.000000000,13.310363259295901
2026-03-05 04:26:30.000000000,20.46650105873769
2026-03-05 05:32:42.000000000,18.89121655091543
2026-03-05 05:15:35.000000000,93.32100328288877
2026-03-05 05:32:15.000000000,9.117481565673959
2026-03-05 05:28:00.000000000,17.10256241551114
2026-03-05 05:08:54.000000000,8.221940423352187
2026-03-05 06:30:21.000000000,42.13396339307191
2026-03-05 06:26:24.000000000,23.824933937738088
2026-03-05 06:00:25.000000000,27.605418322654675
2026-03-05 06:31:27.000000000,9.753583187812673
2026-03-05 06:17:18.000000000,42.95634234758922
2026-03-05 06:55:49.000000000,12.834228298717408
2026-03-05 06:47:37.000000000,106.5294374187965
2026-03-05 06:28:28.000000000,15.391846331066322
2026-03-05 06:59:39.000000000,11.611691532353914
2026-03-05 07:03:21.000000000,41.45439910543792
2026-03-05 07:52:29.000000000,45.33143058910004
2026-03-05 07:29:01.000000000,32.46272180860618
2026-03-05 07:22:40.000000000,43.79403285158274
2026-03-05 07:41:20.000000000,39.49911115627428
2026-03-05 07:14:04.000000000,152.61204895611596
2026-03-05 07:21:12.000000000,21.442955602153727
2026-03-05 07:56:26.000000000,19.707936526442833
2026-03-05 07:04:42.000000000,20.536375582550804
2026-03-05 07:01:14.000000000,26.847014546941214
2026-03-05 07:53:47.000000000,28.385466477705847
2026-03-05 07:42:33.000000000,11.523764089319673
2026-03-05 07:04:43.000000000,18.360753455743726
2026-03-05 07:00:14.000000000,12.034978090957509
2026-03-05 07:38:40.000000000,20.16044261088184
2026-03-05 08:33:57.000000000,7.806778705576665
2026-03-05 08:57:13.000000000,19.8498063860261
2026-03-05 08:31:11.000000000,46.195763085539575
2026-03-05 08:50:32.000000000,26.21570832507591
2026-03-05 08:11:59.000000000,36.98643492595211
2026-03-05 08:10:06.000000000,20.700357580496856
2026-03-05 08:10:47.000000000,13.442602762618856
2026-03-05 08:14:30.000000000,47.64019846675139
2026-03-05 08:48:21.000000000,31.061168878829648
2026-03-05 08:26:18.000000000,12.745304869886596
2026-03-05 08:31:21.000000000,53.63027699957334
2026-03-05 08:34:34.000000000,52.848534123998036
2026-03-05 08:04:33.000000000,76.57670725357985
2026-03-05 08:35:46.000000000,9.699466542786286
2026-03-05 08:43:27.000000000,15.074233105147389
2026-03-05 08:51:53.000000000,11.131475071751163
2026-03-05 08:49:29.000000000,22.38144286693974
2026-03-05 08:45:09.000000000,49.663838442670496
2026-03-05 08:01:57.000000000,27.516954077076257
2026-03-05 08:50:51.000000000,12.082478906883843
2026-03-05 08:49:29.000000000,111.41493057927278
2026-03-05 08:33:01.000000000,7.9085385980593825
2026-03-05 08:06:55.000000000,9.009742883748016
2026-03-05 08:19:54.000000000,15.703722546752743
2026-03-05 08:05:57.000000000,22.070406742540605
2026-03-05 08:10:46.000000000,23.890325232648028
2026-03-05 08:27:53.000000000,15.980943110738576
2026-03-05 09:06:04.000000000,61.51755279726356
2026-03-05 09:00:56.000000000,97.2925415039887
2026-03-05 09:20:19.000000000,11.832671047168624
2026-03-05 09:03:16.000000000,11.65961993410445
2026-03-05 09:22:08.000000000,16.287028438432255
2026-03-05 09:51:04.000000000,41.762566276258774
2026-03-05 09:08:55.000000000,11.523551787234435
2026-03-05 09:31:23.000000000,14.298918783548284
2026-03-05 09:58:39.000000000,14.821227332329432
2026-03-05 09:51:31.000000000,15.807409409003242
2026-03-05 09:35:48.000000000,14.496874372574233
2026-03-05 09:53:05.000000000,15.449721651232888
2026-03-05 09:50:59.000000000,21.47999142305126
2026-03-05 09:06:24.000000000,31.986330986161825
2026-03-05 09:52:02.000000000,46.113760846137694
2026-03-05 09:37:20.000000000,66.15747045812401
2026-03-05 09:51:45.000000000,18.28371298933076
2026-03-05 09:57:17.000000000,19.97353323405156
2026-03-05 09:24:20.000000000,100.63859720936074
2026-03-05 09:39:16.000000000,8.917393663211193
2026-03-05 09:58:09.000000000,68.85813452363942
2026-03-05 09:04:40.000000000,21.126374660595992
2026-03-05 10:25:28.000000000,17.39874517898034
2026-03-05 10:11:13.000000000,16.552870559171726
2026-03-05 10:26:03.000000000,35.497208991294364
2026-03-05 10:24:40.000000000,8.800816457406757
2026-03-05 10:47:53.000000000,11.611792565565814
2026-03-05 10:22:54.000000000,16.972625586810118
2026-03-05 10:13:58.000000000,27.077116765955864
2026-03-05 10:12:37.000000000,73.4829979726131
2026-03-05 10:43:00.000000000,79.938134425226
2026-03-05 10:42:21.000000000,143.79139304482592
2026-03-05 10:21:27.000000000,12.475601376380563
2026-03-05 10:51:37.000000000,90.2256071932689
2026-03-05 10:52:19.000000000,20.403638974456932
2026-03-05 10:13:17.000000000,22.22438307841386
2026-03-05 10:44:13.000000000,35.883056644535145
2026-03-05 10:20:28.000000000,22.372390051758465
2026-03-05 10:05:21.000000000,12.854042018371715
2026-03-05 10:09:47.000000000,16.857689250085677
2026-03-05 10:37:22.000000000,22.225479932974327
2026-03-05 10:03:59.000000000,31.981686675301567
2026-03-05 10:02:08.000000000,34.43454790450679
2026-03-05 10:00:28.000000000,12.451081102936431
2026-03-05 10:32:47.000000000,22.208345736785127
2026-03-05 10:34:20.000000000,11.90668861599972
2026-03-05 10:03:28.000000000,29.047980829174918
2026-03-05 10:48:15.000000000,91.02537854045342
2026-03-05 10:22:46.000000000,8.851125850403811
2026-03-05 11:43:19.000000000,16.283643164972837
2026-03-05 11:13:31.000000000,15.309417830714384
2026-03-05 11:12:05.000000000,14.480715508589823
2026-03-05 11:30:24.000000000,28.079548393453287
2026-03-05 11:06:38.000000000,15.781069382140116
2026-03-05 11:03:01.000000000,35.649705900639944
2026-03-05 11:26:29.000000000,21.377990878942054
2026-03-05 11:39:48.000000000,29.302455769463144
2026-03-05 11:55:07.000000000,47.47201742345176
2026-03-05 11:32:02.000000000,18.050898296433996
2026-03-05 11:43:43.000000000,18.442958937350102
2026-03-05 11:25:19.000000000,23.725167618312923
2026-03-05 11:45:44.000000000,19.954820063275527
2026-03-05 11:34:14.000000000,31.05999560609175
2026-03-05 11:24:37.000000000,9.446942762473814
2026-03-05 11:43:41.000000000,8.491521527697
2026-03-05 11:42:22.000000000,12.135784447396277
2026-03-05 12:27:59.000000000,13.31617780783905
2026-03-05 12:31:03.000000000,7.264518965082124
2026-03-05 12:38:36.000000000,106.65929753776483
2026-03-05 12:39:19.000000000,15.430743642657287
2026-03-05 12:38:03.000000000,14.88053635895754
2026-03-05 12:11:26.000000000,9.070332788304661
2026-03-05 12:00:41.000000000,101.56053392030104
2026-03-05 12:13:20.000000000,16.94430603465316
2026-03-05 12:07:58.000000000,11.029701702030913
2026-03-05 12:30:40.000000000,16.608009550637156
2026-03-05 12:11:46.000000000,9.168443044246917
2026-03-05 12:32:04.000000000,24.78262817681106
2026-03-05 12:55:04.000000000,22.72518940608761
2026-03-05 12:18:36.000000000,66.03400050742798
2026-03-05 12:49:32.000000000,77.51185813898252
2026-03-05 12:12:14.000000000,48.39243604824246
2026-03-05 12:43:28.000000000,9.777747846158602
2026-03-05 12:44:53.000000000,13.235058335161881
2026-03-05 13:54:16.000000000,28.67628531618229
2026-03-05 13:29:09.000000000,36.028062055517694
2026-03-05 13:38:10.000000000,16.28356091287082
2026-03-05 13:59:03.000000000,32.051690948996004
2026-03-05 13:53:36.000000000,7.330399400958008
2026-03-05 13:21:50.000000000,16.339616488730577
2026-03-05 13:36:43.000000000,23.93290401379739
2026-03-05 13:16:28.000000000,10.491771830119852
2026-03-05 13:48:38.000000000,8.176667243360242
2026-03-05 13:48:14.000000000,41.19044775242418
2026-03-05 13:55:49.000000000,87.61250691458747
2026-03-05 13:13:22.000000000,13.306673619195845
2026-03-05 13:09:11.000000000,11.713952196342309
2026-03-05 13:01:53.000000000,10.523995179793221
2026-03-05 13:17:38.000000000,25.920729695507987
2026-03-05 14:36:49.000000000,15.455595242207053
2026-03-05 14:45:54.000000000,156.15126110018107
2026-03-05 14:57:29.000000000,20.24307725369949
2026-03-05 14:34:03.000000000,86.78719104732157
2026-03-05 14:57:02.000000000,12.498347352100733
2026-03-05 14:12:12.000000000,51.716270751480934
2026-03-05 14:08:29.000000000,8.17240537286645
2026-03-05 14:05:56.000000000,12.99858214129046
2026-03-05 14:03:40.000000000,45.78239557370179
2026-03-05 14:16:02.000000000,57.276683125133786
2026-03-05 15:58:36.000000000,113.42495702865818
2026-03-05 15:07:57.000000000,20.41870472784462
2026-03-05 15:12:08.000000000,35.64537887444756
2026-03-05 15:29:39.000000000,12.978285119292387
2026-03-05 15:56:16.000000000,11.719654112025552
2026-03-05 15:38:41.000000000,38.424586075679215
2026-03-05 15:22:24.000000000,67.42824041815808
2026-03-05 15:11:43.000000000,62.39518884023075
2026-03-05 15:58:04.000000000,8.802597971443593
2026-03-05 15:10:24.000000000,25.4458512466344
2026-03-05 15:00:41.000000000,16.34403197963444
2026-03-05 15:49:52.000000000,29.400987745827205
2026-03-05 15:26:51.000000000,16.89145456882671
2026-03-05 15:57:09.000000000,17.069037832862037
2026-03-05 15:11:19.000000000,24.80402939720815
2026-03-05 15:57:25.000000000,28.733261960504276
2026-03-05 15:49:39.000000000,11.992178393429477
2026-03-05 15:42:09.000000000,13.205555175121132
2026-03-05 15:00:19.000000000,13.323865208361426
2026-03-05 15:28:30.000000000,34.703319977017216
2026-03-05 15:18:52.000000000,101.62660005905389
2026-03-05 15:44:03.000000000,37.297708681249105
2026-03-05 15:12:49.000000000,29.920918799378693
2026-03-05 15:06:13.000000000,39.053762339937464
2026-03-05 15:45:51.000000000,21.095691692217915
2026-03-05 15:24:16.000000000,10.596009005348002
2026-03-05 15:21:07.000000000,36.4476031851933
2026-03-05 16:15:26.000000000,11.658859183928413
2026-03-05 16:46:29.000000000,7.278201234462307
2026-03-05 16:43:25.000000000,10.295680159112857
2026-03-05 16:35:20.000000000,49.53663453404445
2026-03-05 16:21:27.000000000,23.333905026195836
2026-03-05 16:55:01.000000000,55.313388725368725
2026-03-05 16:56:18.000000000,25.810725564040432
2026-03-05 16:51:54.000000000,27.92093323003529
2026-03-05 16:51:15.000000000,13.551831083489054
2026-03-05 16:21:13.000000000,62.88263015832625
2026-03-05 16:52:03.000000000,22.47075582677701
2026-03-05 16:51:56.000000000,36.49251364165761
2026-03-05 16:07:28.000000000,15.869163822116331
2026-03-05 16:10:13.000000000,12.061505908650979
2026-03-05 16:04:37.000000000,28.984406899212445
2026-03-05 16:27:59.000000000,23.28729862461904
2026-03-05 16:50:52.000000000,11.652897051356005
2026-03-05 16:36:35.000000000,13.6282718948397
2026-03-05 16:34:25.000000000,44.68409947233654
2026-03-05 17:09:33.000000000,14.248801002362002
2026-03-05 17:49:24.000000000,22.779817101575958
2026-03-05 17:04:48.000000000,11.564757458608081
2026-03-05 17:54:11.000000000,60.8453481587654
2026-03-05 17:50:00.000000000,31.405363693205558
2026-03-05 17:54:41.000000000,6.428330115656201
2026-03-05 17:48:43.000000000,7.849352443301093
2026-03-05 17:26:09.000000000,28.123043052735884
2026-03-05 17:45:25.000000000,12.72161989215175
2026-03-05 17:39:30.000000000,19.431291243931128
2026-03-05 17:13:21.000000000,59.28992903877064
2026-03-05 17:45:53.000000000,49.75925859577138
2026-03-05 17:44:40.000000000,25.3199692550723
2026-03-05 17:35:09.000000000,21.06216094960856
2026-03-05 17:55:35.000000000,14.142547942471285
2026-03-05 17:30:06.000000000,9.175086397590245
2026-03-05 17:21:24.000000000,23.297439459013482
2026-03-05 18:13:57.000000000,8.842221614407377
2026-03-05 18:51:06.000000000,11.527133780756266
2026-03-05 18:15:12.000000000,42.82110256489571
2026-03-05 18:03:04.000000000,111.16386446658652
2026-03-05 18:34:44.000000000,12.520760735686514
2026-03-05 18:31:05.000000000,22.873256972639155
2026-03-05 18:30:18.000000000,28.48173894130869
2026-03-05 18:18:10.000000000,31.88826532091671
2026-03-05 18:59:25.000000000,28.909843302467912
2026-03-05 18:28:52.000000000,27.92775564019407
2026-03-05 18:45:30.000000000,42.45419714197979
2026-03-05 18:25:43.000000000,24.76451280201531
2026-03-05 18:51:13.000000000,15.184989129250104
2026-03-05 18:14:01.000000000,55.256657363990506
2026-03-05 18:00:55.000000000,53.93942925779301
2026-03-05 18:45:03.000000000,17.426744765245175
2026-03-05 18:58:24.000000000,22.30009812518987
2026-03-05 18:58:32.000000000,31.84371543707703
2026-03-05 19:36:25.000000000,88.60684366486173
2026-03-05 19:34:28.000000000,15.575498454963547
2026-03-05 19:05:45.000000000,8.645402533921166
2026-03-05 19:42:07.000000000,28.77381038809516
2026-03-05 19:04:51.000000000,20.02293277357221
2026-03-05 19:37:01.000000000,12.196506613417945
2026-03-05 19:41:07.000000000,52.104260146895356
2026-03-05 19:15:23.000000000,15.291286954743036
2026-03-05 19:46:43.000000000,17.466915859289436
2026-03-05 19:12:56.000000000,19.303646412095837
2026-03-05 19:09:52.000000000,24.942681852479538
2026-03-05 19:18:37.000000000,43.463729593432035
2026-03-05 19:29:05.000000000,56.282929013773874
2026-03-05 19:29:31.000000000,15.185638935854332
2026-03-05 19:34:54.000000000,6.166140180862868
2026-03-05 19:46:50.000000000,32.511147799086785
2026-03-05 20:46:10.000000000,21.55295798867916
2026-03-05 20:32:19.000000000,16.619774050208278
2026-03-05 20:53:05.000000000,12.485587101570442
2026-03-05 20:02:38.000000000,7.23491820349528
2026-03-05 20:34:41.000000000,28.874258516218983
2026-03-05 20:25:25.000000000,75.21120647420744
2026-03-05 20:24:23.000000000,23.93206940186254
2026-03-05 20:59:16.000000000,14.666708825926246
2026-03-05 20:10:28.000000000,8.158941752956745
2026-03-05 20:09:52.000000000,217.67266789604844
2026-03-05 20:39:33.000000000,20.319633202808582
2026-03-05 20:19:34.000000000,37.3676154792458
2026-03-05 20:14:02.000000000,35.40603505826145
2026-03-05 20:34:10.000000000,37.88029895227219
2026-03-05 20:22:48.000000000,22.819746136355263
2026-03-05 20:48:39.000000000,9.681764480317003
2026-03-05 20:14:53.000000000,22.179493279623422
2026-03-05 20:10:36.000000000,39.87918349298708
2026-03-05 20:19:00.000000000,11.97338455083879
2026-03-05 20:16:44.000000000,77.97638565067955
2026-03-05 20:29:10.000000000,59.83178896524876
2026-03-05 20:27:31.000000000,21.74939455959742
2026-03-05 20:02:42.000000000,11.05603779869023
2026-03-05 20:52:23.000000000,39.23088687784704
2026-03-05 21:18:15.000000000,32.18185982626128
2026-03-05 21:26:25.000000000,137.36325907442605
2026-03-05 21:30:14.000000000,6.145119631575106
2026-03-05 21:33:11.000000000,26.55489850442271
2026-03-05 21:23:42.000000000,203.1116687305037
2026-03-05 21:18:05.000000000,34.945677212691294
2026-03-05 21:10:52.000000000,172.41551344442752
2026-03-05 21:27:46.000000000,90.38678445608377
2026-03-05 21:25:31.000000000,9.758226707443082
2026-03-05 21:30:52.000000000,5.401617563623409
2026-03-05 21:16:42.000000000,13.410996376816055
2026-03-05 21:47:36.000000000,6.657613636220471
2026-03-05 21:41:18.000000000,12.244948281528778
2026-03-05 21:57:11.000000000,25.64318105794615
2026-03-05 21:56:05.000000000,15.344816626782174
2026-03-05 21:43:54.000000000,117.7546937855623
2026-03-05 21:28:28.000000000,14.074837495469431
2026-03-05 21:10:27.000000000,16.600325669944585
2026-03-05 21:55:25.000000000,37.26551075257049
2026-03-05 21:26:49.000000000,9.96038387684433
2026-03-05 22:18:31.000000000,45.328072849046805
2026-03-05 22:06:57.000000000,19.577533498958278
2026-03-05 22:39:06.000000000,16.027276281588243
2026-03-05 22:33:13.000000000,16.00818558703355
2026-03-05 22:15:46.000000000,7.939054096434515
2026-03-05 22:46:03.000000000,29.048959509416846
2026-03-05 22:18:33.000000000,21.458975181396337
2026-03-05 22:02:41.000000000,24.806040752692226
2026-03-05 22:30:30.000000000,26.865354357780777
2026-03-05 22:23:20.000000000,9.523242802454345
2026-03-05 22:31:41.000000000,11.63547808192994
2026-03-05 22:01:35.000000000,51.12218681972544
2026-03-05 22:56:32.000000000,21.47821458767214
2026-03-05 22:22:26.000000000,8.816704281925059
2026-03-05 22:23:02.000000000,6.843098557737118
2026-03-05 22:18:56.000000000,25.261002701978896
2026-03-05 22:01:50.000000000,12.528606667249448
2026-03-05 22:52:57.000000000,13.328659962089338
2026-03-05 22:23:46.000000000,64.76753310305185
2026-03-05 22:06:26.000000000,55.437779386685776
2026-03-05 22:13:13.000000000,42.67907853683724
2026-03-05 22:24:23.000000000,13.584796587270926
2026-03-05 22:45:09.000000000,24.449269633197645
2026-03-05 22:10:28.000000000,8.099044768745856
2026-03-05 22:26:52.000000000,58.93221736448698
2026-03-05 22:49:21.000000000,21.591625464288562
2026-03-05 22:35:07.000000000,16.804519870271633
2026-03-05 23:38:25.000000000,15.052297127042628
2026-03-05 23:04:32.000000000,13.632455215504645
2026-03-05 23:23:37.000000000,17.81356082216734
2026-03-05 23:59:29.000000000,18.6322500436635
2026-03-05 23:33:18.000000000,46.54227657967289
2026-03-05 23:27:24.000000000,12.421054075001338
2026-03-05 23:57:34.000000000,12.198895800128797
2026-03-05 23:37:44.000000000,14.16029939558821
2026-03-05 23:00:25.000000000,10.295913564210581
2026-03-05 23:55:20.000000000,35.47347496816549
2026-03-05 23:18:27.000000000,17.99153754992758
2026-03-05 23:48:46.000000000,13.264490936101755
2026-03-05 23:09:27.000000000,18.34590878464075
2026-03-05 23:54:35.000000000,17.6515550277998
2026-03-05 23:39:44.000000000,25.105731012522917
2026-03-05 23:09:58.000000000,90.87424424033583
2026-03-05 23:35:42.000000000,32.70217350668645
2026-03-05 23:26:52.000000000,18.78089335094051
2026-03-05 23:31:08.000000000,15.192607911628972
2026-03-05 23:17:17.000000000,18.553793672682296
2026-03-05 23:51:39.000000000,10.91013036822418
2026-03-05 23:51:16.000000000,22.35997961913138
2026-03-05 23:29:10.000000000,36.74870846206649
2026-03-05 23:01:22.000000000,45.35446260796193
2026-03-05 23:41:22.000000000,23.565945312530566
2026-03-05 23:43:35.000000000,19.25340876253901
2026-03-05 23:34:35.000000000,7.055088380109279
2026-03-05 23:32:26.000000000,52.45481998459178
2026-03-05 23:22:25.000000000,9.524713662604404
2026-03-05 23:45:20.000000000,8.498831371059806
2026-03-05 23:18:59.000000000,11.120303371955323
2026-03-06 00:42:52.000000000,29.470677022665498
2026-03-06 00:15:40.000000000,10.04983182806642
2026-03-06 00:04:20.000000000,27.62693183417166
2026-03-06 00:35:19.000000000,25.819124760979378
2026-03-06 00:21:13.000000000,12.964091851156955
2026-03-06 00:45:13.000000000,23.882021543049213
2026-03-06 00:30:00.000000000,37.20126231105867
2026-03-06 01:50:46.000000000,7.578293625126493
2026-03-06 01:21:28.000000000,23.755339146515023
2026-03-06 01:24:38.000000000,10.30051834561283
2026-03-06 01:30:45.000000000,22.207329634738514
2026-03-06 01:06:14.000000000,7.6437545543482965
2026-03-06 01:45:07.000000000,8.638732804159847
2026-03-06 01:00:27.000000000,11.538503650233363
2026-03-06 01:02:21.000000000,50.843970966500294
2026-03-06 02:20:24.000000000,22.32900382539065
2026-03-06 02:37:16.000000000,14.052605431844224
2026-03-06 02:11:23.000000000,13.46295026637408
2026-03-06 03:25:05.000000000,29.789714263856673
2026-03-06 03:36:21.000000000,53.958225534175874
2026-03-06 03:11:22.000000000,9.456351007787553
2026-03-06 03:45:32.000000000,9.562450226912272
2026-03-06 03:13:54.000000000,12.758818009216096
2026-03-06 04:11:01.000000000,9.473100060975781
2026-03-06 04:57:35.000000000,32.495326978329004
2026-03-06 04:16:42.000000000,53.96506336539686
2026-03-06 05:04:50.000000000,68.52291532695456
2026-03-06 05:43:13.000000000,50.940602197948465
2026-03-06 05:50:56.000000000,8.189971028099002
2026-03-06 05:07:37.000000000,48.209536371792154
2026-03-06 05:37:50.000000000,133.25494029760281
2026-03-06 05:25:41.000000000,8.669165475812115
2026-03-06 05:32:03.000000000,65.44807090355292
2026-03-06 05:27:47.000000000,20.401942909515313
2026-03-06 05:53:48.000000000,15.759744664745737
2026-03-06 05:26:14.000000000,7.978605403274509
2026-03-06 05:55:33.000000000,9.43990973845837
2026-03-06 06:19:18.000000000,16.52116303815506
2026-03-06 06:28:07.000000000,12.857992055673419
2026-03-06 06:04:24.000000000,17.16307273508519
2026-03-06 06:56:59.000000000,8.854347331368544
2026-03-06 06:25:56.000000000,8.561723784618163
2026-03-06 06:59:08.000000000,26.25731003474932
2026-03-06 06:27:54.000000000,44.41980134705986
2026-03-06 06:25:24.000000000,17.98622405379807
2026-03-06 06:55:43.000000000,56.68093007857166
2026-03-06 06:07:09.000000000,28.46119354369227
2026-03-06 06:23:40.000000000,42.17361919452496
2026-03-06 06:38:48.000000000,67.74125353931305
2026-03-06 06:08:41.000000000,45.67417182173197
2026-03-06 06:01:32.000000000,24.947131466105063
2026-03-06 07:26:12.000000000,33.965671995959866
2026-03-06 07:48:42.000000000,6.204486886112429
2026-03-06 07:33:41.000000000,20.720915459701978
2026-03-06 07:05:28.000000000,142.70954589240336
2026-03-06 07:54:16.000000000,39.44087568939538
2026-03-06 07:42:56.000000000,9.741633435804673
2026-03-06 07:54:38.000000000,30.17337801863382
2026-03-06 07:07:15.000000000,18.60388030518361
2026-03-06 07:03:55.000000000,12.70976216878908
2026-03-06 07:48:43.000000000,6.064683989848485
2026-03-06 07:35:42.000000000,40.37811089568497
2026-03-06 07:56:49.000000000,98.03794821939246
2026-03-06 08:06:29.000000000,6.463736251060301
2026-03-06 08:29:20.000000000,22.773713763386798
2026-03-06 08:45:54.000000000,27.035043519508285
2026-03-06 08:17:05.000000000,11.27789945253627
2026-03-06 08:18:04.000000000,15.74973397081305
2026-03-06 08:31:24.000000000,8.680895887834058
2026-03-06 08:32:14.000000000,10.698909862514565
2026-03-06 08:22:18.000000000,24.407437064020506
2026-03-06 08:26:43.000000000,23.585240148520214
2026-03-06 08:17:16.000000000,6.038117334551163
2026-03-06 08:12:50.000000000,9.475855492315688
2026-03-06 08:41:05.000000000,142.64531822606625
2026-03-06 08:07:07.000000000,16.953699872492564
2026-03-06 08:23:45.000000000,15.279599748450455
2026-03-06 08:24:46.000000000,25.149071298655965
2026-03-06 08:21:58.000000000,15.908698521154559
2026-03-06 08:05:47.000000000,8.919156861219442
2026-03-06 08:19:35.000000000,41.504837845088055
2026-03-06 09:04:21.000000000,11.621137998145596
2026-03-06 09:47:02.000000000,55.25112732505074
2026-03-06 09:21:04.000000000,9.11554995597785
2026-03-06 09:48:28.000000000,22.77788604105539
2026-03-06 09:21:50.000000000,29.517218725295738
2026-03-06 09:36:40.000000000,26.573445527791172
2026-03-06 09:34:15.000000000,16.497951457286916
2026-03-06 09:29:04.000000000,46.98968166761654
2026-03-06 09:08:31.000000000,57.1896889820254
2026-03-06 09:31:03.000000000,51.43410600327744
2026-03-06 09:16:24.000000000,24.568748749745833
2026-03-06 09:47:27.000000000,118.57611769769464
2026-03-06 09:36:18.000000000,18.08192322707072
2026-03-06 09:15:14.000000000,10.355622461548865
2026-03-06 09:27:58.000000000,22.11614281920103
2026-03-06 09:24:45.000000000,7.639228571316057
2026-03-06 09:28:23.000000000,7.770419855389312
2026-03-06 09:12:42.000000000,13.305682051700193
2026-03-06 09:18:47.000000000,35.732087750359234
2026-03-06 09:09:12.000000000,6.632359691669279
2026-03-06 09:17:14.000000000,20.378187048120044
2026-03-06 09:15:27.000000000,20.172892019040702
2026-03-06 10:51:57.000000000,37.32714859950378
2026-03-06 10:33:27.000000000,32.60104134751344
2026-03-06 10:10:21.000000000,37.17654471481284
2026-03-06 10:19:30.000000000,16.619634789571748
2026-03-06 10:52:13.000000000,40.861989008209164
2026-03-06 10:05:24.000000000,56.50461455927358
2026-03-06 10:19:23.000000000,35.415614486019344
2026-03-06 10:26:45.000000000,35.795880916704185
2026-03-06 10:50:52.000000000,16.85807036535658
2026-03-06 10:59:33.000000000,35.53239169856569
2026-03-06 10:55:15.000000000,34.531395309658535
2026-03-06 10:23:51.000000000,15.915938224896507
2026-03-06 10:29:06.000000000,30.72639662800376
2026-03-06 10:24:38.000000000,20.42330596129877
2026-03-06 10:41:30.000000000,11.829063327466374
2026-03-06 10:41:49.000000000,32.556587750205175
2026-03-06 10:21:52.000000000,9.108603678935939
2026-03-06 11:43:25.000000000,8.644645467674879
2026-03-06 11:45:32.000000000,9.118489671966238
2026-03-06 11:05:57.000000000,14.319979130954756
2026-03-06 11:40:25.000000000,13.601463005113308
2026-03-06 11:33:55.000000000,11.520395410147716
2026-03-06 11:06:05.000000000,10.273903122622935
2026-03-06 11:21:48.000000000,11.672677306804088
2026-03-06 11:29:05.000000000,18.549076303081577
2026-03-06 11:34:48.000000000,14.409548534922898
2026-03-06 11:55:32.000000000,30.51327432788376
2026-03-06 11:11:11.000000000,13.272857242297878
2026-03-06 11:23:21.000000000,83.04978589461966
2026-03-06 11:51:58.000000000,70.69340510207982
2026-03-06 11:37:19.000000000,21.058142302856943
2026-03-06 11:38:24.000000000,21.9702199429224
2026-03-06 11:35:11.000000000,19.87515177701262
2026-03-06 11:04:00.000000000,37.18688108904663
2026-03-06 12:18:58.000000000,8.310232082554553
2026-03-06 12:58:48.000000000,42.18563388117802
2026-03-06 12:26:22.000000000,13.310990115424204
2026-03-06 12:01:10.000000000,17.06666512950283
2026-03-06 12:15:53.000000000,42.374013488545465
2026-03-06 12:36:19.000000000,12.01038096419154
2026-03-06 12:36:31.000000000,16.04223939227669
2026-03-06 13:02:35.000000000,33.91994187258351
2026-03-06 13:35:09.000000000,9.750087704660759
2026-03-06 13:17:38.000000000,22.270949264997185
2026-03-06 13:56:01.000000000,50.98672679445562
2026-03-06 13:41:20.000000000,28.131764979957
2026-03-06 13:02:32.000000000,10.229345660702878
2026-03-06 13:41:54.000000000,63.59083375988138
2026-03-06 13:45:13.000000000,9.743147693696539
2026-03-06 13:41:26.000000000,16.1027818473569
2026-03-06 14:16:55.000000000,24.909459706185174
2026-03-06 14:48:37.000000000,217.70716371120517
2026-03-06 14:57:12.000000000,17.652136078241504
2026-03-06 14:48:29.000000000,28.958135456557407
2026-03-06 14:07:39.000000000,27.654414964918757
2026-03-06 14:46:55.000000000,9.544762816414446
2026-03-06 14:04:26.000000000,10.79077991643435
2026-03-06 14:31:27.000000000,32.66468602431782
2026-03-06 14:23:40.000000000,19.809603486805123
2026-03-06 14:25:05.000000000,19.626406940658665
2026-03-06 14:46:06.000000000,14.576665413853586
2026-03-06 14:50:51.000000000,28.293660933947947
2026-03-06 14:01:52.000000000,37.163302417429946
2026-03-06 14:22:01.000000000,15.983347131459952
2026-03-06 14:19:40.000000000,8.823955811771647
2026-03-06 14:56:25.000000000,9.962197916087717
2026-03-06 14:12:36.000000000,9.824229843968169
2026-03-06 14:11:22.000000000,8.083807039141874
2026-03-06 15:57:33.000000000,58.36749907457409
2026-03-06 15:07:23.000000000,44.284667574673634
2026-03-06 15:50:52.000000000,19.898389018072223
2026-03-06 15:29:15.000000000,14.049031924895585
2026-03-06 15:47:04.000000000,5.705893134352857
2026-03-06 15:04:32.000000000,56.74036634163652
2026-03-06 15:10:50.000000000,10.317558951337773
2026-03-06 15:44:28.000000000,75.91210299346938
2026-03-06 15:33:39.000000000,59.68410288700637
2026-03-06 15:54:24.000000000,169.35637734349245
2026-03-06 15:05:33.000000000,13.259521934181073
2026-03-06 15:58:24.000000000,15.92760175027478
2026-03-06 15:15:17.000000000,33.29031083204794
2026-03-06 15:58:01.000000000,9.383065554353218
2026-03-06 15:38:04.000000000,12.80028810348895
2026-03-06 15:56:39.000000000,50.462683361925556
2026-03-06 15:35:00.000000000,16.683229359589983
2026-03-06 16:16:58.000000000,7.630627949377106
2026-03-06 16:04:26.000000000,43.25277614496699
2026-03-06 16:35:46.000000000,128.54049496499704
2026-03-06 16:03:54.000000000,36.46081816446163
2026-03-06 16:11:42.000000000,12.718245822533984
2026-03-06 16:51:22.000000000,12.494789372449418
2026-03-06 16:12:20.000000000,63.35310207158506
2026-03-06 16:02:14.000000000,9.013085735431007
2026-03-06 16:10:23.000000000,19.88975103547652
2026-03-06 16:28:20.000000000,7.933477626207999
2026-03-06 16:06:24.000000000,9.712831349177362
2026-03-06 16:27:21.000000000,9.679180692903461
2026-03-06 16:48:34.000000000,20.77382620071209
2026-03-06 16:36:06.000000000,13.048217267089374
2026-03-06 16:22:23.000000000,35.45498975576053
2026-03-06 16:22:55.000000000,12.384749011115494
2026-03-06 16:14:11.000000000,14.119276593776183
2026-03-06 16:56:47.000000000,50.96835859972883
2026-03-06 17:27:11.000000000,121.90784053608688
2026-03-06 17:05:25.000000000,44.99191024152036
2026-03-06 17:59:44.000000000,28.82223368114486
2026-03-06 17:39:42.000000000,20.40532682514874
2026-03-06 17:26:08.000000000,11.619135692714014
2026-03-06 17:23:47.000000000,67.610187463612
2026-03-06 17:38:53.000000000,13.91658804452143
2026-03-06 17:06:22.000000000,8.893994069934
2026-03-06 17:16:24.000000000,17.848277183184027
2026-03-06 17:30:52.000000000,22.134889655577112
2026-03-06 17:02:03.000000000,21.044245332090693
2026-03-06 17:15:04.000000000,11.639795277930927
2026-03-06 17:47:54.000000000,7.256754818296827
2026-03-06 17:57:00.000000000,14.223909416142806
2026-03-06 17:37:37.000000000,13.008714828919103
2026-03-06 17:15:40.000000000,10.144991010248795
2026-03-06 17:37:20.000000000,33.23455934623412
2026-03-06 17:13:03.000000000,27.595004865686903
2026-03-06 17:54:27.000000000,9.449121950452257
2026-03-06 17:34:30.000000000,18.62398522463188
2026-03-06 17:29:52.000000000,7.364256252925628
2026-03-06 17:45:28.000000000,18.437775548453217
2026-03-06 17:06:24.000000000,15.14425373128234
2026-03-06 17:16:24.000000000,31.34927776337268
2026-03-06 18:20:05.000000000,26.28637014841534
2026-03-06 18:08:08.000000000,13.359868936857334
2026-03-06 18:33:45.000000000,22.1726544841442
2026-03-06 18:39:34.000000000,24.15659861533735
2026-03-06 18:53:50.000000000,38.436052664033376
2026-03-06 18:37:24.000000000,34.6644628936662
2026-03-06 18:38:55.000000000,27.64717485995178
2026-03-06 18:50:51.000000000,21.8154885276929
2026-03-06 18:40:41.000000000,9.75127276079908
2026-03-06 18:34:17.000000000,11.77346564326555
2026-03-06 18:45:56.000000000,31.538201450213734
2026-03-06 18:59:45.000000000,21.383517542559773
2026-03-06 18:19:32.000000000,35.113430019501706
2026-03-06 18:59:54.000000000,12.067293395541153
2026-03-06 18:11:24.000000000,157.619780717151
2026-03-06 18:52:10.000000000,161.07685113707237
2026-03-06 18:14:45.000000000,15.202904986674012
2026-03-06 18:16:03.000000000,42.02983489012642
2026-03-06 18:38:52.000000000,30.605683303653844
2026-03-06 18:42:51.000000000,18.08833349500015
2026-03-06 18:01:42.000000000,14.624909062927486
2026-03-06 18:33:46.000000000,43.29964183489887
2026-03-06 18:42:14.000000000,11.164703321102463
2026-03-06 18:38:21.000000000,12.151721304549628
2026-03-06 18:36:52.000000000,15.171732812722375
2026-03-06 18:31:55.000000000,16.340175979749333
2026-03-06 19:18:26.000000000,13.22961362549622
2026-03-06 19:23:19.000000000,32.26689336048146
2026-03-06 19:50:10.000000000,18.279796690144536
2026-03-06 19:00:21.000000000,7.852636639518428
2026-03-06 19:15:25.000000000,12.359966081310708
2026-03-06 19:54:45.000000000,38.827030821121085
2026-03-06 19:57:20.000000000,22.30081828578127
2026-03-06 19:16:45.000000000,14.102096854318233
2026-03-06 19:49:48.000000000,33.819432011888274
2026-03-06 19:39:38.000000000,47.574294322447386
2026-03-06 19:05:35.000000000,59.21065778304096
2026-03-06 19:35:13.000000000,19.62627927901865
2026-03-06 19:10:34.000000000,27.893302398122056
2026-03-06 19:16:41.000000000,83.16882580313907
2026-03-06 19:08:31.000000000,11.618369749415574
2026-03-06 19:03:27.000000000,31.175254158707546
2026-03-06 19:09:10.000000000,9.801872687966227
2026-03-06 19:41:34.000000000,17.169504557650534
2026-03-06 19:13:42.000000000,17.79314658789504
2026-03-06 20:26:42.000000000,9.804994997209453
2026-03-06 20:36:17.000000000,21.384581951596864
2026-03-06 20:55:30.000000000,8.160816700981337
2026-03-06 20:45:01.000000000,21.35548436101525
2026-03-06 20:59:51.000000000,22.676724292896814
2026-03-06 20:18:41.000000000,20.21991687258366
2026-03-06 20:55:06.000000000,13.05703142050075
2026-03-06 20:18:57.000000000,20.227778993847988
2026-03-06 20:33:52.000000000,28.82449965738978
2026-03-06 20:03:07.000000000,18.976311594189568
2026-03-06 20:00:17.000000000,44.26228612162233
2026-03-06 20:18:57.000000000,14.606586623697044
2026-03-06 20:21:36.000000000,22.77037723152444
2026-03-06 20:26:24.000000000,13.599650339947562
2026-03-06 20:26:58.000000000,11.459585945093789
2026-03-06 20:31:37.000000000,28.446438519311386
2026-03-06 20:03:27.000000000,15.11487128113672
2026-03-06 20:06:50.000000000,27.379093723709126
2026-03-06 20:59:12.000000000,37.545020387207344
2026-03-06 20:00:19.000000000,14.518801904513648
2026-03-06 20:04:28.000000000,26.699004699482153
2026-03-06 20:18:06.000000000,21.524332386998495
2026-03-06 20:04:19.000000000,13.274348061141087
2026-03-06 20:10:55.000000000,21.1478313130958
2026-03-06 21:15:18.000000000,16.464124829016164
2026-03-06 21:17:28.000000000,20.560023944392857
2026-03-06 21:22:43.000000000,14.787182125534034
2026-03-06 21:01:30.000000000,32.47154097790572
2026-03-06 21:37:42.000000000,19.654263212524928
2026-03-06 21:48:36.000000000,20.305629793373306
2026-03-06 21:56:02.000000000,10.704748208594616
2026-03-06 21:21:43.000000000,11.896609432890457
2026-03-06 21:39:35.000000000,22.22659510180507
2026-03-06 21:20:26.000000000,26.639547325421347
2026-03-06 21:06:02.000000000,8.934867259363774
2026-03-06 21:44:21.000000000,16.188255936494862
2026-03-06 21:22:54.000000000,42.44505617578287
2026-03-06 21:40:27.000000000,36.733139406567865
2026-03-06 21:57:35.000000000,14.036568127531428
2026-03-06 21:11:07.000000000,11.859357082691394
2026-03-06 21:35:56.000000000,10.008052101687383
2026-03-06 21:13:45.000000000,20.868772544473508
2026-03-06 21:38:51.000000000,31.495980056401294
2026-03-06 21:19:16.000000000,5.643620355640159
2026-03-06 21:49:48.000000000,40.65911014514961
2026-03-06 21:24:07.000000000,40.38233807400756
2026-03-06 22:49:44.000000000,37.663200039444824
2026-03-06 22:53:19.000000000,15.880323786860162
2026-03-06 22:22:21.000000000,20.396897350133322
2026-03-06 22:10:53.000000000,70.35885385850855
2026-03-06 22:16:46.000000000,22.234552102829205
2026-03-06 22:50:36.000000000,16.69984266582302
2026-03-06 22:28:02.000000000,24.484703015195738
2026-03-06 22:32:01.000000000,74.57044151181685
2026-03-06 22:29:50.000000000,50.68631089767375
2026-03-06 22:06:19.000000000,16.80018607932369
2026-03-06 22:35:03.000000000,16.938811956554645
2026-03-06 22:29:33.000000000,26.61106126994612
2026-03-06 22:50:10.000000000,18.467226225414738
2026-03-06 22:53:44.000000000,58.025682417654785
2026-03-06 22:25:16.000000000,14.506695537509502
2026-03-06 22:40:34.000000000,13.91032340511321
2026-03-06 22:43:02.000000000,10.049635067733444
2026-03-06 22:46:09.000000000,24.00154622415345
2026-03-06 22:28:27.000000000,12.47417980826271
2026-03-06 22:13:24.000000000,23.871584743294115
2026-03-06 22:10:34.000000000,20.387897294788132
2026-03-06 22:23:13.000000000,11.860476778960924
2026-03-06 22:49:31.000000000,23.14519534157926
2026-03-06 22:18:53.000000000,37.305522530185215
2026-03-06 23:28:07.000000000,13.43117368924771
2026-03-06 23:53:48.000000000,6.257207225349463
2026-03-06 23:58:43.000000000,14.657569400295273
2026-03-06 23:49:46.000000000,12.547067159980791
2026-03-06 23:15:36.000000000,58.84945732794456
2026-03-06 23:21:54.000000000,11.494656530477862
2026-03-06 23:13:33.000000000,15.253724077620218
2026-03-06 23:14:02.000000000,23.2556601331666
2026-03-06 23:07:45.000000000,7.328052279653103
2026-03-06 23:52:30.000000000,9.361133252196844
2026-03-06 23:39:21.000000000,45.861944115442704
2026-03-06 23:11:35.000000000,241.85694977473776
2026-03-06 23:57:47.000000000,21.73971310175089
2026-03-06 23:17:08.000000000,50.349624912509455
2026-03-06 23:53:58.000000000,11.629944150934652
2026-03-06 23:32:04.000000000,17.698769022511414
2026-03-06 23:04:42.000000000,96.0050642203891
2026-03-07 00:09:46.000000000,33.34633402702918
2026-03-07 00:50:06.000000000,24.193611375397975
2026-03-07 00:13:39.000000000,20.8678420840577
2026-03-07 00:36:14.000000000,12.531028847421812
2026-03-07 00:29:28.000000000,8.903263551127814
2026-03-07 00:54:29.000000000,38.648081714755484
2026-03-07 00:14:23.000000000,24.73954499072243
2026-03-07 00:40:16.000000000,9.033509561773101
2026-03-07 00:47:34.000000000,20.884914405694907
2026-03-07 00:47:25.000000000,10.679861517729412
2026-03-07 00:57:23.000000000,12.372317967412876
2026-03-07 00:44:07.000000000,59.97351910325882
2026-03-07 00:09:18.000000000,21.11976900995159
2026-03-07 00:17:05.000000000,23.354189406295745
2026-03-07 00:55:26.000000000,34.51829742045891
2026-03-07 00:46:54.000000000,29.932576927184815
2026-03-07 00:34:50.000000000,31.639471226686425
2026-03-07 00:44:05.000000000,8.840530950222885
2026-03-07 00:37:51.000000000,16.77070517785973
2026-03-07 00:54:53.000000000,10.565457645667287
2026-03-07 00:04:34.000000000,29.65360840774727
2026-03-07 00:19:48.000000000,14.385570622211763
2026-03-07 00:00:08.000000000,21.559338365069856
2026-03-07 01:48:32.000000000,8.87880963155515
2026-03-07 01:02:39.000000000,31.103397404275526
2026-03-07 01:38:23.000000000,7.693732524441048
2026-03-07 01:54:39.000000000,16.454095704134318
2026-03-07 01:05:01.000000000,10.688699336067103
2026-03-07 01:46:49.000000000,11.797577822780386
2026-03-07 01:59:53.000000000,9.926163114970716
2026-03-07 01:40:34.000000000,19.49534007962195
2026-03-07 01:11:08.000000000,12.095374517729837
2026-03-07 01:03:08.000000000,10.40429122506966
2026-03-07 01:43:33.000000000,58.64970079668798
2026-03-07 01:29:13.000000000,27.646944701057564
2026-03-07 01:10:39.000000000,18.627816742265384
2026-03-07 01:13:14.000000000,9.76540179572947
2026-03-07 02:56:07.000000000,19.204808551908595
2026-03-07 02:18:04.000000000,20.943913868213482
2026-03-07 02:47:39.000000000,45.48398529914
2026-03-07 02:17:02.000000000,34.61963634193007
2026-03-07 02:59:22.000000000,15.803494245237193
2026-03-07 02:50:15.000000000,49.12302430537099
2026-03-07 02:46:10.000000000,25.51935424951617
2026-03-07 02:08:15.000000000,12.742824600613572
2026-03-07 02:36:00.000000000,42.1366923011344
2026-03-07 02:53:45.000000000,25.518726003061424
2026-03-07 02:26:56.000000000,19.408458139972165
2026-03-07 02:43:32.000000000,15.685711788725104
2026-03-07 02:32:19.000000000,39.27629970868582
2026-03-07 02:47:58.000000000,104.77404946005043
2026-03-07 02:03:18.000000000,14.79421925349473
2026-03-07 02:26:47.000000000,36.00624534924352
2026-03-07 03:41:18.000000000,9.739371008589885
2026-03-07 03:08:34.000000000,42.768567692842865
2026-03-07 03:43:35.000000000,5.993193392426906
2026-03-07 03:43:46.000000000,30.205092338379377
2026-03-07 03:30:37.000000000,18.70915112318285
2026-03-07 03:27:51.000000000,29.82124509767541
2026-03-07 03:26:06.000000000,20.284702955414925
2026-03-07 03:17:04.000000000,23.968238988054985
2026-03-07 03:20:19.000000000,14.281887722097462
2026-03-07 03:00:19.000000000,25.013660778475515
2026-03-07 04:40:41.000000000,27.28444719570239
2026-03-07 04:21:18.000000000,18.518640939044463
2026-03-07 04:42:54.000000000,13.783166471887204
2026-03-07 04:25:26.000000000,27.910480849791526
2026-03-07 04:30:43.000000000,15.08460074889466
2026-03-07 05:48:09.000000000,63.36083081308284
2026-03-07 05:53:17.000000000,32.308196728227
2026-03-07 05:34:39.000000000,54.978670948637905
2026-03-07 05:41:08.000000000,34.585392668981946
2026-03-07 05:44:35.000000000,16.48676146230273
2026-03-07 05:01:40.000000000,120.40240511308785
2026-03-07 06:19:02.000000000,11.268535018093388
2026-03-07 06:25:53.000000000,35.09341366382717
2026-03-07 06:58:40.000000000,20.59993756642891
2026-03-07 06:49:33.000000000,8.507215508405036
2026-03-07 06:36:44.000000000,16.19969085317186
2026-03-07 06:25:51.000000000,53.64007500958559
2026-03-07 06:05:42.000000000,17.86414484409579
2026-03-07 07:24:18.000000000,9.083582618096777
2026-03-07 07:37:16.000000000,9.838698013073568
2026-03-07 07:09:19.000000000,8.824623842484842
2026-03-07 07:41:24.000000000,9.34314026678345
2026-03-07 07:20:23.000000000,17.59764844418369
2026-03-07 07:04:57.000000000,28.24668810624639
2026-03-07 07:02:24.000000000,17.251169999581705
2026-03-07 07:52:47.000000000,7.840535072458198
2026-03-07 08:48:44.000000000,20.519094159533342
2026-03-07 08:12:04.000000000,61.36570704959111
2026-03-07 08:32:40.000000000,19.636628516210703
2026-03-07 08:32:11.000000000,15.074806177629291
2026-03-07 08:07:18.000000000,7.392281201274902
2026-03-07 08:28:16.000000000,31.94581758800488
2026-03-07 08:41:43.000000000,8.820669221824629
2026-03-07 08:50:06.000000000,14.500323118772666
2026-03-07 09:57:57.000000000,46.2146260217654
2026-03-07 09:15:59.000000000,11.588928941789074
2026-03-07 09:31:22.000000000,8.31453677934394
2026-03-07 09:38:35.000000000,54.46285120857212
2026-03-07 09:03:00.000000000,38.066630567997734
2026-03-07 09:32:22.000000000,28.08862647145122
2026-03-07 09:50:18.000000000,15.209537331877904
2026-03-07 09:58:13.000000000,8.965220341502498
2026-03-07 09:08:49.000000000,8.867827519870193
2026-03-07 09:37:13.000000000,30.619834510817235
2026-03-07 09:25:04.000000000,8.715181634868689
2026-03-07 09:39:12.000000000,27.53772306846005
2026-03-07 09:21:31.000000000,11.349789644542666
2026-03-07 10:32:54.000000000,13.555806963960793
2026-03-07 10:38:09.000000000,12.985429400220193
2026-03-07 10:33:11.000000000,8.874931163438818
2026-03-07 10:04:59.000000000,23.697740244667656
2026-03-07 10:40:01.000000000,12.868214774802382
2026-03-07 10:13:18.000000000,15.942127077992392
2026-03-07 10:01:19.000000000,23.91477978621213
2026-03-07 10:25:45.000000000,6.539714832091759
2026-03-07 10:44:05.000000000,15.15813464586769
2026-03-07 10:08:27.000000000,12.028373783506861
2026-03-07 10:55:31.000000000,26.476032501884156
2026-03-07 11:45:58.000000000,49.310462601266295
2026-03-07 11:09:53.000000000,15.39437281335369
2026-03-07 11:39:12.000000000,35.877558895432976
2026-03-07 11:06:20.000000000,8.045648408399963
2026-03-07 11:24:15.000000000,20.382817362291163
2026-03-07 11:15:29.000000000,33.40545867106331
2026-03-07 11:09:47.000000000,17.120836264433546
2026-03-07 11:50:15.000000000,31.364100674277488
2026-03-07 11:21:51.000000000,20.168254016653812
2026-03-07 11:32:51.000000000,13.615247319324695
2026-03-07 11:05:57.000000000,14.891417156731954
2026-03-07 11:52:23.000000000,7.919123839856268
2026-03-07 11:26:48.000000000,10.149588858843682
2026-03-07 11:25:01.000000000,15.353572598619197
2026-03-07 12:47:05.000000000,33.69109794582631
2026-03-07 12:27:26.000000000,18.203963562430726
2026-03-07 12:55:17.000000000,45.49073389115997
2026-03-07 12:55:50.000000000,11.095509922895431
2026-03-07 12:19:26.000000000,22.381620490562547
2026-03-07 12:44:47.000000000,17.413099944073142
2026-03-07 12:36:40.000000000,55.39431663977705
2026-03-07 12:10:02.000000000,48.456819866969354
2026-03-07 12:12:41.000000000,23.00988581843734
2026-03-07 12:03:28.000000000,41.56498149769689
2026-03-07 12:24:16.000000000,42.74559239069309
2026-03-07 12:29:50.000000000,15.063236038129933
2026-03-07 12:24:55.000000000,24.027844659288462
2026-03-07 12:36:33.000000000,24.40040764592787
2026-03-07 12:06:04.000000000,14.201061890210926
2026-03-07 12:14:40.000000000,44.62676930675236
2026-03-07 12:59:01.000000000,9.670076046605733
2026-03-07 12:43:57.000000000,59.0980735906425
2026-03-07 12:51:16.000000000,45.0245782730794
2026-03-07 12:25:44.000000000,7.90980367900409
2026-03-07 12:01:12.000000000,8.489905004283683
2026-03-07 12:01:37.000000000,12.7068176491296
2026-03-07 13:30:31.000000000,103.60163112985491
2026-03-07 13:05:28.000000000,18.479752246869936
2026-03-07 13:40:33.000000000,46.832233677686574
2026-03-07 13:49:01.000000000,26.03295445485748
2026-03-07 13:00:59.000000000,26.833606845399082
2026-03-07 13:46:30.000000000,11.560235009257836
2026-03-07 13:18:58.000000000,12.208253486944379
2026-03-07 13:05:09.000000000,20.53443910387105
2026-03-07 13:07:16.000000000,14.521294204323947
2026-03-07 13:40:32.000000000,64.11613089246795
2026-03-07 13:23:35.000000000,25.105006587902515
2026-03-07 13:51:24.000000000,11.13772438586918
2026-03-07 13:11:34.000000000,23.715974295506
2026-03-07 13:23:14.000000000,33.47512833395842
2026-03-07 13:57:42.000000000,10.006685664940814
2026-03-07 13:13:33.000000000,29.574686018185258
2026-03-07 14:09:42.000000000,11.55275735911814
2026-03-07 14:06:43.000000000,21.61104114075885
2026-03-07 14:16:41.000000000,11.957925757537394
2026-03-07 14:40:56.000000000,9.81316917507576
2026-03-07 14:24:54.000000000,31.034258532779866
2026-03-07 14:35:23.000000000,18.015984743404438
2026-03-07 14:23:27.000000000,10.750585235919246
2026-03-07 14:42:40.000000000,31.36926603117093
2026-03-07 14:09:53.000000000,26.81782049486486
2026-03-07 14:23:06.000000000,13.731272151750703
2026-03-07 14:16:29.000000000,14.844412716583953
2026-03-07 14:35:33.000000000,23.042734521862272
2026-03-07 14:44:44.000000000,16.02077979819544
2026-03-07 14:28:41.000000000,30.189696944478438
2026-03-07 14:28:37.000000000,22.375139567722975
2026-03-07 14:45:36.000000000,16.66718016843274
2026-03-07 14:19:07.000000000,8.608295372305808
2026-03-07 14:50:10.000000000,35.64721733559317
2026-03-07 14:51:53.000000000,8.348034436072702
2026-03-07 14:04:17.000000000,23.01438628729025
2026-03-07 14:00:24.000000000,8.133682588465277
2026-03-07 14:18:34.000000000,6.523993725756892
2026-03-07 15:17:31.000000000,21.935774930046026
2026-03-07 15:15:53.000000000,10.711696373970277
2026-03-07 15:52:38.000000000,13.325856109311422
2026-03-07 15:39:28.000000000,14.102596383400058
2026-03-07 15:30:56.000000000,17.53866193451875
2026-03-07 15:58:23.000000000,18.532372904995825
2026-03-07 15:47:25.000000000,36.89560589416715
2026-03-07 15:36:06.000000000,7.924613135178344
2026-03-07 16:40:00.000000000,33.85067319707607
2026-03-07 16:31:17.000000000,44.70550414092115
2026-03-07 16:22:09.000000000,27.45973006730398
2026-03-07 16:27:50.000000000,17.415244139448475
2026-03-07 16:45:43.000000000,17.16348940435104
2026-03-07 16:17:39.000000000,19.613187854609947
2026-03-07 16:26:24.000000000,7.595208456719359
2026-03-07 16:01:40.000000000,13.630141174920126
2026-03-07 16:54:51.000000000,8.067497677916279
2026-03-07 16:28:26.000000000,13.401248899020683
2026-03-07 16:15:57.000000000,20.45339269752417
2026-03-07 16:24:36.000000000,16.851770248895857
2026-03-07 16:55:09.000000000,38.480516777254266
2026-03-07 16:59:50.000000000,8.229248368203244
2026-03-07 16:31:59.000000000,42.28427789103636
2026-03-07 16:55:59.000000000,9.756372110341186
2026-03-07 16:56:51.000000000,10.739134791587617
2026-03-07 16:43:59.000000000,23.806930037700454
2026-03-07 17:16:01.000000000,7.9169611748789945
2026-03-07 17:40:49.000000000,8.1157644144362
2026-03-07 17:40:06.000000000,49.99181398230364
2026-03-07 17:09:36.000000000,38.62788425008689
2026-03-07 17:13:01.000000000,6.622219288778227
2026-03-07 17:18:18.000000000,22.21799654191988
2026-03-07 17:00:04.000000000,14.591644772143477
2026-03-07 17:06:16.000000000,28.871856048103403
2026-03-07 17:37:34.000000000,25.789420245350037
2026-03-07 17:43:05.000000000,8.215122024844918
2026-03-07 17:08:20.000000000,17.58581714714146
2026-03-07 17:45:26.000000000,20.60503670318056
2026-03-07 17:11:59.000000000,18.982647264651792
2026-03-07 17:30:09.000000000,46.25708867574057
2026-03-07 17:50:33.000000000,19.28223845699435
2026-03-07 17:49:09.000000000,21.998586814877385
2026-03-07 17:18:18.000000000,12.918429179147372
2026-03-07 17:48:33.000000000,20.28322023754904
2026-03-07 17:02:02.000000000,17.64349085296699
2026-03-07 17:57:44.000000000,31.644795846033844
2026-03-07 17:58:32.000000000,55.89633105086251
2026-03-07 17:59:33.000000000,7.148667319428894
2026-03-07 17:08:50.000000000,54.9422521371056
2026-03-07 18:27:55.000000000,35.65824595715365
2026-03-07 18:40:41.000000000,12.086708099148826
2026-03-07 18:12:04.000000000,17.7225863325403
2026-03-07 18:13:55.000000000,19.380477100616982
2026-03-07 18:43:28.000000000,9.866227838125928
2026-03-07 18:39:52.000000000,104.9143557129269
2026-03-07 18:45:34.000000000,40.12944741944423
2026-03-07 18:20:13.000000000,9.443277826688755
2026-03-07 18:45:12.000000000,9.7066399080006
2026-03-07 18:32:52.000000000,58.331006730978615
2026-03-07 18:24:32.000000000,16.553347271760828
2026-03-07 18:23:55.000000000,101.8619595505957
2026-03-07 18:16:40.000000000,37.95128019769921
2026-03-07 18:00:37.000000000,47.61051082835901
2026-03-07 18:36:04.000000000,19.641923279045486
2026-03-07 18:27:46.000000000,9.676166507243256
2026-03-07 18:45:58.000000000,23.13351402355059
2026-03-07 18:44:26.000000000,19.485909372111006
2026-03-07 18:42:27.000000000,34.36640028932196
2026-03-07 18:18:19.000000000,9.719300040796567
2026-03-07 18:00:42.000000000,25.948335997762744
2026-03-07 18:17:04.000000000,27.543874083237185
2026-03-07 19:20:36.000000000,40.54911198248235
2026-03-07 19:34:15.000000000,33.13941324729279
2026-03-07 19:23:57.000000000,7.924887440888736
2026-03-07 19:55:30.000000000,15.759235713490218
2026-03-07 19:22:32.000000000,12.829620043112012
2026-03-07 19:50:17.000000000,34.847321376185306
2026-03-07 19:00:35.000000000,49.455818995379374
2026-03-07 19:10:06.000000000,6.294582242146363
2026-03-07 19:09:56.000000000,40.39056352844788
2026-03-07 19:42:17.000000000,31.352675920131787
2026-03-07 19:47:37.000000000,14.435453683154982
2026-03-07 19:09:32.000000000,9.609031723750718
2026-03-07 19:44:53.000000000,11.066701001839547
2026-03-07 19:51:04.000000000,32.32509646888933
2026-03-07 19:46:32.000000000,53.95382052153262
2026-03-07 19:03:12.000000000,24.738121483722356
2026-03-07 20:56:03.000000000,56.99848432918447
2026-03-07 20:05:16.000000000,13.325037206608048
2026-03-07 20:35:17.000000000,20.931992223673653
2026-03-07 20:06:08.000000000,27.979493691553554
2026-03-07 20:03:18.000000000,18.49322106252204
2026-03-07 20:44:15.000000000,14.259797041227744
2026-03-07 20:41:53.000000000,35.157625730425366
2026-03-07 20:53:24.000000000,14.626049980244552
2026-03-07 20:23:33.000000000,15.984019737693991
2026-03-07 20:02:10.000000000,16.252897392392885
2026-03-07 20:47:50.000000000,11.644780877678205
2026-03-07 20:24:17.000000000,20.41977665718182
2026-03-07 20:17:55.000000000,43.04839381673733
2026-03-07 20:48:42.000000000,31.633863154260986
2026-03-07 20:19:06.000000000,14.330973166556511
2026-03-07 20:52:05.000000000,14.03703222532613
2026-03-07 21:54:35.000000000,13.65455016688963
2026-03-07 21:41:07.000000000,59.52846180658251
2026-03-07 21:21:24.000000000,40.81685504536598
2026-03-07 21:25:12.000000000,25.45780442307158
2026-03-07 21:18:34.000000000,32.91155958679981
2026-03-07 21:03:12.000000000,11.739829518324312
2026-03-07 21:43:42.000000000,44.239249922642486
2026-03-07 21:10:42.000000000,13.7753455378712
2026-03-07 21:56:52.000000000,25.129401832212025
2026-03-07 21:13:41.000000000,28.859025091490743
2026-03-07 21:18:54.000000000,6.2293306412992955
2026-03-07 21:15:57.000000000,20.470710672220598
2026-03-07 21:22:45.000000000,10.125516400286253
2026-03-07 21:19:17.000000000,28.050158840928333
2026-03-07 21:51:38.000000000,8.598237338372174
2026-03-07 21:58:54.000000000,13.30882375585273
2026-03-07 21:30:26.000000000,19.209834302385186
2026-03-07 21:37:19.000000000,28.809004959985792
2026-03-07 21:03:47.000000000,25.602337224936328
2026-03-07 21:15:21.000000000,28.797135570731974
2026-03-07 21:40:46.000000000,28.381414572647415
2026-03-07 22:56:32.000000000,17.951778774224536
2026-03-07 22:36:14.000000000,27.49863155228765
2026-03-07 22:43:21.000000000,29.74858447458107
2026-03-07 22:56:04.000000000,17.087648120384014
2026-03-07 22:01:05.000000000,30.71603030688892
2026-03-07 22:27:54.000000000,31.555486585532574
2026-03-07 22:31:40.000000000,12.143255928590538
2026-03-07 22:57:07.000000000,10.71484479955634
2026-03-07 22:32:44.000000000,11.667369885849958
2026-03-07 22:16:12.000000000,7.951442832217037
2026-03-07 22:37:52.000000000,7.670516142447452
2026-03-07 22:57:02.000000000,16.730107511828464
2026-03-07 22:45:54.000000000,25.174298398213498
2026-03-07 22:13:51.000000000,25.97495798030713
2026-03-07 22:52:40.000000000,10.927097850425376
2026-03-07 22:20:05.000000000,20.358770366071788
2026-03-07 22:28:39.000000000,11.134773534878406
2026-03-07 22:32:10.000000000,47.49216326904766
2026-03-07 22:23:46.000000000,10.14962661468769
2026-03-07 22:56:04.000000000,23.719924981913984
2026-03-07 22:57:10.000000000,14.132895885676476
2026-03-07 22:13:08.000000000,16.88664686217904
2026-03-07 23:20:45.000000000,11.376010867263833
2026-03-07 23:54:27.000000000,10.489077834282478
2026-03-07 23:36:38.000000000,18.919104453067366
2026-03-07 23:10:09.000000000,18.138501616031427
2026-03-07 23:34:26.000000000,18.311618444826077
2026-03-07 23:09:29.000000000,9.764166281800497
2026-03-07 23:00:46.000000000,52.17680335859627
2026-03-07 23:56:07.000000000,13.312462908217423
2026-03-07 23:58:20.000000000,8.575090943145836
2026-03-07 23:14:45.000000000,54.21705752423969
2026-03-07 23:10:38.000000000,10.835182993569994
2026-03-07 23:58:19.000000000,26.512774323487946
2026-03-07 23:43:52.000000000,18.487041847061235
2026-03-07 23:17:22.000000000,10.295924559526362
2026-03-07 23:02:55.000000000,10.438200951929506
2026-03-07 23:33:07.000000000,20.298823522590308
2026-03-07 23:28:25.000000000,52.227480344926974
2026-03-07 23:37:42.000000000,21.782754808221483
2026-03-07 23:13:41.000000000,30.453242376016703
2026-03-07 23:55:53.000000000,26.173238899016397
2026-03-07 23:10:49.000000000,15.27949083461165
2026-03-07 23:48:20.000000000,41.96088180000069
2026-03-07 23:05:28.000000000,7.291709010008048
2026-03-08 00:05:49.000000000,34.43248088650012
2026-03-08 00:53:51.000000000,17.258743564953594
2026-03-08 00:06:02.000000000,27.712497810774018
2026-03-08 00:06:10.000000000,15.136737088229903
2026-03-08 00:30:41.000000000,27.50812487199192
2026-03-08 00:17:29.000000000,12.259556091958864
2026-03-08 00:27:59.000000000,25.878236290434774
2026-03-08 00:06:56.000000000,17.01978235410862
2026-03-08 00:32:29.000000000,23.33086165754675
2026-03-08 00:09:45.000000000,15.00749811346415
2026-03-08 00:46:05.000000000,13.52759475826953
2026-03-08 00:45:17.000000000,7.968056599424445
2026-03-08 00:44:19.000000000,8.555634936236693
2026-03-08 00:20:02.000000000,85.48167948937834
2026-03-08 00:51:15.000000000,8.105549978404506
2026-03-08 00:42:43.000000000,46.740751632897584
2026-03-08 00:41:51.000000000,31.90450262641983
2026-03-08 00:46:56.000000000,20.770481550482444
2026-03-08 00:30:39.000000000,20.932698621295582
2026-03-08 00:38:55.000000000,30.16674247464058
2026-03-08 00:56:03.000000000,83.52028376808391
2026-03-08 00:23:17.000000000,21.565012946586883
2026-03-08 01:39:14.000000000,13.02259964132736
2026-03-08 01:51:33.000000000,23.210917624469396
2026-03-08 01:11:19.000000000,48.407533083457636
2026-03-08 01:11:05.000000000,10.596257523458421
2026-03-08 01:21:11.000000000,17.20059969103162
2026-03-08 01:22:54.000000000,22.966347122745066
2026-03-08 01:29:37.000000000,33.19601596627133
2026-03-08 01:13:16.000000000,54.721720003689015
2026-03-08 03:08:35.000000000,12.397592567605617
2026-03-08 03:47:33.000000000,16.080649739941272
2026-03-08 03:17:46.000000000,44.356904546717274
2026-03-08 03:06:34.000000000,59.81688339035519
2026-03-08 03:06:28.000000000,16.286749511932236
2026-03-08 03:33:22.000000000,22.971417321469723
2026-03-08 03:52:25.000000000,14.595180117693895
2026-03-08 03:19:26.000000000,20.47700050084478
2026-03-08 03:08:08.000000000,59.0497319925082
2026-03-08 03:11:30.000000000,23.948214366567804
2026-03-08 03:05:23.000000000,47.61281505031115
2026-03-08 03:41:19.000000000,42.53145186293433
2026-03-08 03:46:20.000000000,11.735627038493316
2026-03-08 03:09:26.000000000,89.16414413437755
2026-03-08 03:52:12.000000000,25.88325895308011
2026-03-08 03:33:22.000000000,65.52077626651138
2026-03-08 03:17:43.000000000,10.74862419518291
2026-03-08 04:02:39.000000000,21.314069660061204
2026-03-08 04:02:34.000000000,21.14670153197588
2026-03-08 04:03:49.000000000,57.724708231141264
2026-03-08 04:39:23.000000000,11.694656134350826
2026-03-08 04:19:02.000000000,45.54564537015444
2026-03-08 04:04:02.000000000,33.79410544033423
2026-03-08 04:10:32.000000000,16.85235655632841
2026-03-08 04:53:17.000000000,12.644610172177057
2026-03-08 04:00:13.000000000,68.62129365205395
2026-03-08 04:44:39.000000000,66.55157138262362
2026-03-08 05:52:51.000000000,29.486319817094248
2026-03-08 05:56:03.000000000,30.01397708190212
2026-03-08 05:50:16.000000000,10.55610957682034
2026-03-08 05:11:58.000000000,54.915886015896376
2026-03-08 05:06:04.000000000,54.19812938832061
2026-03-08 05:52:37.000000000,33.740388449272295
2026-03-08 06:53:43.000000000,35.89631565123116
2026-03-08 06:21:14.000000000,17.97443800632609
2026-03-08 06:32:58.000000000,12.808411503808934
2026-03-08 06:39:08.000000000,8.748554414517269
2026-03-08 06:50:13.000000000,25.454109839462898
2026-03-08 06:47:23.000000000,43.416918652827675
2026-03-08 06:56:53.000000000,14.993638454941136
2026-03-08 06:24:45.000000000,21.939456370740945
2026-03-08 06:31:39.000000000,102.8096220786768
2026-03-08 06:47:01.000000000,10.791210806548056
2026-03-08 06:04:51.000000000,70.39317029654295
2026-03-08 07:45:38.000000000,15.154003952265208
2026-03-08 07:01:14.000000000,15.228668138530846
2026-03-08 07:54:03.000000000,20.028852945474753
2026-03-08 07:48:28.000000000,10.546753545086142
2026-03-08 07:49:08.000000000,77.33243034578501
2026-03-08 07:05:23.000000000,10.46428469774137
2026-03-08 07:10:33.000000000,42.9714596674082
2026-03-08 07:50:40.000000000,12.729765372246696
2026-03-08 08:40:53.000000000,17.55580077379259
2026-03-08 08:23:10.000000000,16.271702309325256
2026-03-08 08:42:33.000000000,40.13515233973844
2026-03-08 08:01:08.000000000,8.105437071637434
2026-03-08 08:13:22.000000000,17.803067512220814
2026-03-08 08:49:47.000000000,39.425572820640255
2026-03-08 08:54:37.000000000,24.364862405462205
2026-03-08 08:07:39.000000000,14.300646357575499
2026-03-08 09:28:58.000000000,16.04247376514632
2026-03-08 09:13:06.000000000,16.01019523247893
2026-03-08 09:50:22.000000000,11.530970928820617
2026-03-08 09:13:35.000000000,18.900068664741312
2026-03-08 09:15:12.000000000,8.857475278279956
2026-03-08 09:58:04.000000000,19.6586120048126
2026-03-08 09:27:45.000000000,11.669912875767277
2026-03-08 09:51:01.000000000,25.78911959970403
2026-03-08 09:22:48.000000000,25.123337626738287
2026-03-08 09:41:44.000000000,18.363372285893213
2026-03-08 09:54:39.000000000,11.636470243580078
2026-03-08 09:14:47.000000000,36.248261913065164
2026-03-08 09:16:22.000000000,11.929969237194602
2026-03-08 09:44:16.000000000,13.288813285742773
2026-03-08 09:19:53.000000000,10.744818184297884
2026-03-08 09:53:29.000000000,8.13736286935743
2026-03-08 09:15:49.000000000,16.879468437759364
2026-03-08 09:12:16.000000000,15.085021526923262
2026-03-08 10:00:45.000000000,31.168989062313265
2026-03-08 10:40:06.000000000,15.153080561374233
2026-03-08 10:14:26.000000000,12.358195135066435
2026-03-08 10:05:26.000000000,9.516672701303515
2026-03-08 10:40:11.000000000,8.077051610719568
2026-03-08 10:12:18.000000000,66.4105578996203
2026-03-08 10:21:27.000000000,13.342211652151468
2026-03-08 10:00:12.000000000,7.422419641004728
2026-03-08 10:51:01.000000000,23.151508718432442
2026-03-08 10:58:22.000000000,72.12468060263541
2026-03-08 10:21:21.000000000,36.00237920222391
2026-03-08 10:23:32.000000000,19.31813684960782
2026-03-08 10:06:08.000000000,18.15549166960917
2026-03-08 10:55:13.000000000,12.974334241615518
2026-03-08 10:27:25.000000000,19.749711995674105
2026-03-08 10:33:05.000000000,14.615967576599578
2026-03-08 10:13:44.000000000,27.781369041981584
2026-03-08 10:58:42.000000000,23.431398677743513
2026-03-08 11:06:25.000000000,15.188153525158109
2026-03-08 11:46:41.000000000,32.83190746782038
2026-03-08 11:04:19.000000000,12.972018853206452
2026-03-08 11:02:30.000000000,45.86250143871195
2026-03-08 11:09:23.000000000,8.662753649418207
2026-03-08 11:25:01.000000000,43.51323623115589
2026-03-08 11:02:14.000000000,11.654680811843056
2026-03-08 11:32:39.000000000,32.67722396217101
2026-03-08 11:03:54.000000000,44.35412240184164
2026-03-08 11:42:19.000000000,27.668618473533925
2026-03-08 11:14:58.000000000,12.906578326451154
2026-03-08 11:03:20.000000000,8.157683011606341
2026-03-08 11:25:26.000000000,17.844765306915487
2026-03-08 11:56:32.000000000,14.293555009139377
2026-03-08 11:53:34.000000000,8.172762393758116
2026-03-08 11:43:47.000000000,9.755585792493642
2026-03-08 11:53:13.000000000,8.503295653006258
2026-03-08 11:45:25.000000000,11.478708913853083
2026-03-08 11:16:26.000000000,31.81034951728536
2026-03-08 11:57:12.000000000,11.334820554908298
2026-03-08 12:15:20.000000000,8.910641558140767
2026-03-08 12:14:23.000000000,21.268860795939784
2026-03-08 12:08:55.000000000,29.059425024591807
2026-03-08 12:53:00.000000000,14.550214130434494
2026-03-08 12:42:08.000000000,23.133413759113015
2026-03-08 12:41:21.000000000,33.07643416781714
2026-03-08 12:15:56.000000000,70.94259110080313
2026-03-08 12:15:52.000000000,45.69602055266738
2026-03-08 12:09:25.000000000,61.307975856872844
2026-03-08 12:05:50.000000000,30.25760115244928
2026-03-08 12:55:07.000000000,15.304733723816087
2026-03-08 12:31:40.000000000,14.155615739944608
2026-03-08 12:17:34.000000000,67.6319702190186
2026-03-08 12:08:07.000000000,41.35617879679685
2026-03-08 12:58:58.000000000,44.779249946305285
2026-03-08 12:36:16.000000000,21.231688930501356
2026-03-08 12:26:47.000000000,44.980805404801885
2026-03-08 12:10:28.000000000,13.358293993221231
2026-03-08 13:41:25.000000000,8.831896177962513
2026-03-08 13:49:03.000000000,11.656964022848523
2026-03-08 13:03:33.000000000,13.815931480314585
2026-03-08 13:37:17.000000000,32.23266941871145
2026-03-08 13:11:39.000000000,24.119894083363864
2026-03-08 13:49:14.000000000,33.68369069944522
2026-03-08 13:34:27.000000000,26.948265893406273
2026-03-08 13:23:28.000000000,22.378089589156524
2026-03-08 13:37:00.000000000,53.091197283506204
2026-03-08 13:39:30.000000000,10.314812452056607
2026-03-08 13:30:09.000000000,11.975327049396958
2026-03-08 13:54:17.000000000,79.53234564652257
2026-03-08 13:24:16.000000000,8.923445452925158
2026-03-08 13:32:20.000000000,26.97324363513578
2026-03-08 13:17:29.000000000,6.066405418157862
2026-03-08 13:59:03.000000000,10.039346063854424
2026-03-08 13:48:58.000000000,8.20831613774314
2026-03-08 13:37:22.000000000,28.554601845642505
2026-03-08 13:28:34.000000000,46.44422573145282
2026-03-08 13:14:23.000000000,18.11142293956089
2026-03-08 13:22:03.000000000,31.517751162837662
2026-03-08 13:45:40.000000000,19.952934891086766
2026-03-08 14:10:38.000000000,16.014992315685017
2026-03-08 14:01:15.000000000,59.067978889316706
2026-03-08 14:36:53.000000000,13.988869146982395
2026-03-08 14:12:19.000000000,24.72457279620752
2026-03-08 14:09:22.000000000,22.57398789359813
2026-03-08 14:11:54.000000000,29.42616430130053
2026-03-08 14:11:11.000000000,26.073699245519975
2026-03-08 14:13:09.000000000,28.311718041767918
2026-03-08 14:04:17.000000000,30.85293085756178
2026-03-08 14:20:50.000000000,13.99527385727717
2026-03-08 14:36:33.000000000,40.20725162428872
2026-03-08 14:04:58.000000000,28.833915333930975
2026-03-08 15:24:00.000000000,37.759114049627
2026-03-08 15:03:44.000000000,7.8861642759317645
2026-03-08 15:23:30.000000000,28.28887245890586
2026-03-08 15:33:20.000000000,23.61339302134842
2026-03-08 15:17:24.000000000,30.59779857065648
2026-03-08 15:01:24.000000000,58.935173915866464
2026-03-08 15:23:37.000000000,11.960628487842367
2026-03-08 15:21:18.000000000,6.209877927785804
2026-03-08 15:08:00.000000000,12.227173294149992
2026-03-08 15:53:56.000000000,49.64276648151777
2026-03-08 15:31:12.000000000,19.064522816060823
2026-03-08 15:13:01.000000000,58.81734719650406
2026-03-08 15:42:11.000000000,56.46449064005898
2026-03-08 15:32:43.000000000,14.172405099552407
2026-03-08 15:35:03.000000000,13.74709861160883
2026-03-08 15:44:53.000000000,56.65112211485947
2026-03-08 16:01:24.000000000,16.953006041205313
2026-03-08 16:54:17.000000000,12.929104313260211
2026-03-08 16:53:28.000000000,192.18905636689323
2026-03-08 16:19:52.000000000,10.55233625177046
2026-03-08 16:48:17.000000000,37.40272027454653
2026-03-08 16:39:30.000000000,9.451037496005787
2026-03-08 16:37:44.000000000,31.371479645968286
2026-03-08 16:25:31.000000000,10.194553045704872
2026-03-08 16:20:32.000000000,29.014667561825924
2026-03-08 16:40:34.000000000,11.87562678870243
2026-03-08 16:46:13.000000000,48.71260285636991
2026-03-08 16:11:15.000000000,29.891957125916026
2026-03-08 16:48:58.000000000,110.54114821624393
2026-03-08 16:48:21.000000000,57.667809015619795
2026-03-08 17:14:50.000000000,8.868547207814348
2026-03-08 17:22:48.000000000,11.085729288235349
2026-03-08 17:57:52.000000000,16.01092224805272
2026-03-08 17:08:30.000000000,30.192436371052032
2026-03-08 17:47:14.000000000,18.667272018178366
2026-03-08 17:11:05.000000000,15.969868313745398
2026-03-08 17:25:35.000000000,5.824265512380456
2026-03-08 17:58:10.000000000,74.43143986752467
2026-03-08 17:49:10.000000000,33.415591441413824
2026-03-08 17:22:29.000000000,8.876979095490274
2026-03-08 17:03:56.000000000,27.415954759225585
2026-03-08 17:14:44.000000000,15.882965774144163
2026-03-08 17:54:28.000000000,17.94703070542561
2026-03-08 17:04:48.000000000,8.055072255049048
2026-03-08 17:18:09.000000000,44.27652956399145
2026-03-08 17:03:38.000000000,94.56603424985599
2026-03-08 17:40:21.000000000,63.27202403418573
2026-03-08 17:16:05.000000000,17.274453636898
2026-03-08 17:03:21.000000000,11.344741422222993
2026-03-08 17:31:12.000000000,9.712027984712655
2026-03-08 17:44:28.000000000,6.647245395252659
2026-03-08 17:26:45.000000000,17.781659954102597
2026-03-08 18:11:01.000000000,16.273879030512227
2026-03-08 18:55:43.000000000,12.806928982980459
2026-03-08 18:56:02.000000000,24.113887050950197
2026-03-08 18:20:51.000000000,14.337344077570897
2026-03-08 18:15:31.000000000,71.99508499118134
2026-03-08 18:15:23.000000000,25.756437130800776
2026-03-08 18:56:01.000000000,16.75174906757786
2026-03-08 18:23:37.000000000,20.71651687445607
2026-03-08 18:02:48.000000000,15.618733837752329
2026-03-08 18:33:18.000000000,34.50381116390967
2026-03-08 18:07:54.000000000,13.321803668819275
2026-03-08 18:16:15.000000000,18.34135652534917
2026-03-08 18:42:45.000000000,31.205046601429885
2026-03-08 19:01:39.000000000,15.144515929542184
2026-03-08 19:07:55.000000000,7.593895813384047
2026-03-08 19:26:49.000000000,19.67151910661913
2026-03-08 19:18:58.000000000,85.11186695207257
2026-03-08 19:53:31.000000000,14.40497103113866
2026-03-08 19:45:35.000000000,64.67374928567943
2026-03-08 19:50:12.000000000,61.6005821811179
2026-03-08 19:38:13.000000000,9.001735064350557
2026-03-08 19:27:04.000000000,25.80792224683875
2026-03-08 19:53:54.000000000,30.88615364512811
2026-03-08 19:49:07.000000000,25.30708388910559
2026-03-08 19:15:17.000000000,49.60111416363041
2026-03-08 19:55:54.000000000,27.49497413020149
2026-03-08 19:33:05.000000000,10.88100635682347
2026-03-08 20:08:17.000000000,22.780332831302278
2026-03-08 20:41:52.000000000,20.692008549296474
2026-03-08 20:16:25.000000000,17.92053841100509
2026-03-08 20:55:33.000000000,8.59253813669654
2026-03-08 20:16:55.000000000,14.475642180683435
2026-03-08 20:13:43.000000000,8.129749920202476
2026-03-08 20:19:50.000000000,22.17223651084522
2026-03-08 20:41:50.000000000,30.26864134924952
2026-03-08 20:57:55.000000000,62.75979037368536
2026-03-08 20:10:51.000000000,19.049814953690877
2026-03-08 20:08:37.000000000,25.814919835321255
2026-03-08 20:46:31.000000000,9.474367162425418
2026-03-08 20:55:38.000000000,10.567919569407241
2026-03-08 20:30:33.000000000,18.67166890930389
2026-03-08 20:20:14.000000000,20.874843111428447
2026-03-08 21:30:07.000000000,20.017736072097183
2026-03-08 21:14:41.000000000,40.74551253280315
2026-03-08 21:27:04.000000000,33.29210538928231
2026-03-08 21:51:20.000000000,16.686260797359296
2026-03-08 21:03:33.000000000,58.64319325107953
2026-03-08 21:17:54.000000000,34.786332313107295
2026-03-08 21:52:55.000000000,15.108547540617234
2026-03-08 21:16:23.000000000,16.187572371060448
2026-03-08 21:51:34.000000000,18.08141605999428
2026-03-08 21:57:20.000000000,7.270291761897662
2026-03-08 21:09:09.000000000,68.19681024477654
2026-03-08 22:24:12.000000000,47.202506605761954
2026-03-08 22:21:30.000000000,29.494610416829104
2026-03-08 22:08:28.000000000,22.722547245420476
2026-03-08 22:31:59.000000000,7.822736266823442
2026-03-08 22:14:57.000000000,38.569897141699585
2026-03-08 22:44:01.000000000,22.428927860721924
2026-03-08 22:47:50.000000000,19.601221687198795
2026-03-08 22:39:56.000000000,24.92111597732707
2026-03-08 22:19:22.000000000,20.39550831087724
2026-03-08 22:41:49.000000000,15.118810938118674
2026-03-08 22:02:49.000000000,24.122314345715118
2026-03-08 22:09:41.000000000,61.88161270187064
2026-03-08 22:01:14.000000000,12.532676857814304
2026-03-08 22:11:02.000000000,20.306450278619803
2026-03-08 22:26:12.000000000,21.882253291286816
2026-03-08 22:16:02.000000000,24.57066995236034
2026-03-08 23:07:48.000000000,11.790369741173116
2026-03-08 23:33:32.000000000,27.89449484334756
2026-03-08 23:49:40.000000000,18.033782213622796
2026-03-08 23:15:01.000000000,28.99020216961542
2026-03-08 23:20:57.000000000,12.867919778112121
2026-03-08 23:48:31.000000000,8.664631444736994
2026-03-08 23:43:02.000000000,49.49709860812564
2026-03-08 23:31:35.000000000,47.27803633717073
2026-03-08 23:01:55.000000000,23.778201073676676
2026-03-08 23:36:09.000000000,33.81807049632264
2026-03-08 23:53:46.000000000,27.733240756261615
2026-03-08 23:56:10.000000000,16.9526772632946
2026-03-08 23:51:19.000000000,17.541360377163702
2026-03-08 23:03:18.000000000,9.713204979259746
2026-03-08 23:50:24.000000000,7.855868368370022
2026-03-08 23:24:27.000000000,11.717942192071527
2026-03-09 00:50:41.000000000,39.18000164479527
2026-03-09 00:41:06.000000000,10.483156325365583
2026-03-09 00:33:14.000000000,25.653615824195185
2026-03-09 00:44:24.000000000,24.87725537443179
2026-03-09 00:03:30.000000000,63.331944163003485
2026-03-09 00:32:24.000000000,24.8605507818831
2026-03-09 00:13:31.000000000,21.533393180357685
2026-03-09 01:06:28.000000000,14.907147934813926
2026-03-09 01:11:15.000000000,39.688406674399744
2026-03-09 01:39:31.000000000,14.393600008154657
2026-03-09 02:43:04.000000000,26.11936697669227
2026-03-09 02:03:20.000000000,36.336447660005376
2026-03-09 02:34:50.000000000,20.09761683202084
2026-03-09 02:41:59.000000000,11.184909229137034
2026-03-09 02:09:32.000000000,48.866964898239274
2026-03-09 02:16:50.000000000,10.546657825238288
2026-03-09 04:32:42.000000000,25.268103704073997
2026-03-09 04:56:19.000000000,12.126579193895974
2026-03-09 04:37:22.000000000,20.970848620406667
2026-03-09 05:57:58.000000000,24.698331199258625
2026-03-09 05:53:43.000000000,25.05483572331088
2026-03-09 05:26:44.000000000,33.27905620560059
2026-03-09 05:45:00.000000000,71.45138321304682
2026-03-09 05:12:54.000000000,20.118424337152334
2026-03-09 05:28:19.000000000,9.435943981499431
2026-03-09 05:39:24.000000000,5.1744736006992875
2026-03-09 06:48:22.000000000,18.694798010316433
2026-03-09 06:46:10.000000000,29.89113693511167
2026-03-09 06:16:00.000000000,92.58536038848555
2026-03-09 06:01:06.000000000,13.962406724691753
2026-03-09 06:37:18.000000000,17.778030111067885
2026-03-09 06:43:02.000000000,102.67337437804548
2026-03-09 06:31:44.000000000,17.35543106843207
2026-03-09 06:25:46.000000000,18.432146215873612
2026-03-09 06:33:39.000000000,24.184931790456044
2026-03-09 06:47:20.000000000,19.428693146341743
2026-03-09 06:34:08.000000000,76.05474698669211
2026-03-09 06:35:46.000000000,20.385442324210544
2026-03-09 06:52:32.000000000,117.33726452379994
2026-03-09 06:20:50.000000000,39.179392784532354
2026-03-09 07:59:27.000000000,11.023860542596184
2026-03-09 07:33:33.000000000,15.062645630706914
2026-03-09 07:36:27.000000000,46.11748554350696
2026-03-09 07:14:51.000000000,65.23181841437335
2026-03-09 07:59:52.000000000,12.180241407301729
2026-03-09 07:44:02.000000000,48.13766820896936
2026-03-09 07:34:39.000000000,20.57569904884254
2026-03-09 07:30:46.000000000,13.34417235424935
2026-03-09 07:49:34.000000000,16.708585276360488
2026-03-09 07:13:26.000000000,22.666495011582736
2026-03-09 07:50:27.000000000,14.406374799797783
2026-03-09 07:51:29.000000000,20.846025515088186
2026-03-09 07:21:20.000000000,33.57080681435639
2026-03-09 07:12:05.000000000,21.956821881465462
2026-03-09 08:15:26.000000000,11.55099227169682
2026-03-09 08:44:01.000000000,20.517516081715364
2026-03-09 08:30:56.000000000,13.316438771864835
2026-03-09 08:51:18.000000000,42.836085823459364
2026-03-09 08:26:54.000000000,29.42869020825532
2026-03-09 08:41:52.000000000,37.47921270205581
2026-03-09 08:58:48.000000000,10.687321182483362
2026-03-09 08:17:13.000000000,43.53879876262158
2026-03-09 08:06:24.000000000,52.54985372201865
2026-03-09 08:25:42.000000000,8.080153905488373
2026-03-09 08:18:46.000000000,29.563824591860982
2026-03-09 08:40:00.000000000,59.904912698207
2026-03-09 08:42:06.000000000,10.125934709993874
2026-03-09 08:58:50.000000000,17.810621062138438
2026-03-09 08:39:44.000000000,18.10012213532957
2026-03-09 08:06:35.000000000,12.505990344747602
2026-03-09 09:20:34.000000000,45.65436189685333
2026-03-09 09:53:50.000000000,18.748789573721233
2026-03-09 09:15:42.000000000,22.21297945200044
2026-03-09 09:29:35.000000000,12.556878347116294
2026-03-09 09:25:18.000000000,29.607611443920206
2026-03-09 09:44:37.000000000,9.814095478633192
2026-03-09 09:25:53.000000000,35.90087489437311
2026-03-09 09:14:59.000000000,6.05203596771378
2026-03-09 09:23:57.000000000,42.7085772452055
2026-03-09 09:15:08.000000000,15.923934706001802
2026-03-09 10:46:06.000000000,8.447390719167693
2026-03-09 10:08:23.000000000,16.39319411813152
2026-03-09 10:45:34.000000000,31.80168188559651
2026-03-09 10:37:57.000000000,11.481464206987773
2026-03-09 10:45:32.000000000,7.351731321912252
2026-03-09 10:34:21.000000000,21.78435027001007
2026-03-09 10:53:39.000000000,8.592566769002538
2026-03-09 10:41:37.000000000,11.632281448056197
2026-03-09 10:10:40.000000000,13.893875892855363
2026-03-09 10:55:10.000000000,30.930482845854375
2026-03-09 10:26:58.000000000,22.81961202651319
2026-03-09 10:03:30.000000000,7.756476609617
2026-03-09 10:47:14.000000000,15.691476030683463
2026-03-09 11:07:26.000000000,24.25523611732344
2026-03-09 11:43:02.000000000,19.13858699855025
2026-03-09 11:28:57.000000000,41.6144231077529
2026-03-09 11:19:39.000000000,9.42327052996795
2026-03-09 11:25:12.000000000,8.083586561691115
2026-03-09 11:21:46.000000000,13.3379008260634
2026-03-09 11:00:27.000000000,9.8389654076849
2026-03-09 11:53:25.000000000,41.44712454875127
2026-03-09 11:29:31.000000000,11.757641341476612
2026-03-09 12:52:32.000000000,13.975342157956842
2026-03-09 12:49:49.000000000,7.340933642989258
2026-03-09 12:32:09.000000000,9.567891532291274
2026-03-09 12:12:36.000000000,11.354055739084266
2026-03-09 12:40:52.000000000,15.170083113561788
2026-03-09 12:09:06.000000000,66.66683469503569
2026-03-09 12:48:04.000000000,56.130212694431364
2026-03-09 12:45:04.000000000,68.47300710241409
2026-03-09 12:13:52.000000000,17.85383066493381
2026-03-09 12:53:53.000000000,19.006270680970466
2026-03-09 12:34:27.000000000,18.421532561123428
2026-03-09 12:27:23.000000000,8.713813013724838
2026-03-09 13:19:56.000000000,15.623659008103735
2026-03-09 13:39:14.000000000,39.64313576642852
2026-03-09 13:45:42.000000000,15.329506935640218
2026-03-09 13:40:39.000000000,7.429811003941411
2026-03-09 13:20:41.000000000,17.282474684301334
2026-03-09 13:20:00.000000000,53.836455223123295
2026-03-09 13:21:51.000000000,16.092457178955893
2026-03-09 13:52:50.000000000,16.768592580040803
2026-03-09 13:07:58.000000000,16.076117340379113
2026-03-09 13:50:44.000000000,18.73124639177474
2026-03-09 13:34:56.000000000,11.811635102047823
2026-03-09 13:12:41.000000000,57.32219835552512
2026-03-09 14:38:00.000000000,33.27516662744014
2026-03-09 14:40:25.000000000,55.95996196709167
2026-03-09 14:12:27.000000000,33.83304464616576
2026-03-09 14:35:33.000000000,135.81790668456256
2026-03-09 14:15:09.000000000,14.247377489871134
2026-03-09 14:48:31.000000000,14.266180250806068
2026-03-09 14:00:17.000000000,12.95819102397011
2026-03-09 14:02:32.000000000,8.236215546682857
2026-03-09 14:02:56.000000000,16.61479021836298
2026-03-09 14:05:05.000000000,16.853032889456955
2026-03-09 14:58:22.000000000,18.625425638731148
2026-03-09 14:31:09.000000000,13.015936263032673
2026-03-09 14:02:05.000000000,12.506959426949551
2026-03-09 14:19:56.000000000,10.725761202678637
2026-03-09 15:08:54.000000000,24.470555692980334
2026-03-09 15:59:41.000000000,11.75875857807221
2026-03-09 15:22:12.000000000,8.712893876504578
2026-03-09 15:58:06.000000000,32.70730219399465
2026-03-09 15:29:59.000000000,8.150400548899807
2026-03-09 15:07:19.000000000,10.919475415443937
2026-03-09 16:37:27.000000000,31.11797586068701
2026-03-09 16:03:03.000000000,19.090920542035946
2026-03-09 16:19:34.000000000,25.477090605698173
2026-03-09 16:54:01.000000000,118.32887185992769
2026-03-09 16:45:21.000000000,16.713579213000653
2026-03-09 16:07:41.000000000,86.88230820856455
2026-03-09 16:52:17.000000000,9.993360155421914
2026-03-09 16:30:34.000000000,127.79718106943355
2026-03-09 16:51:11.000000000,36.742944428413395
2026-03-09 16:07:00.000000000,112.318940534431
2026-03-09 16:22:26.000000000,9.001092566585193
2026-03-09 16:16:18.000000000,12.980925257530888
2026-03-09 16:30:11.000000000,68.31376684554512
2026-03-09 17:44:27.000000000,14.743166911007878
2026-03-09 17:59:58.000000000,13.624509700160809
2026-03-09 17:47:17.000000000,27.54264322813936
2026-03-09 17:38:26.000000000,21.080763322058242
2026-03-09 17:50:58.000000000,16.856164999273428
2026-03-09 17:56:31.000000000,31.761344506870355
2026-03-09 17:49:54.000000000,8.107998879961276
2026-03-09 17:22:54.000000000,14.311588093955457
2026-03-09 17:52:29.000000000,21.54200463344025
2026-03-09 17:27:43.000000000,52.67144617270945
2026-03-09 17:39:17.000000000,21.996423866692055
2026-03-09 17:25:57.000000000,117.86698639414479
2026-03-09 17:39:49.000000000,15.341071375276641
2026-03-09 17:08:15.000000000,15.18015168589508
2026-03-09 17:54:23.000000000,13.347801280371563
2026-03-09 17:47:34.000000000,11.75887190135342
2026-03-09 17:38:47.000000000,129.1966733771601
2026-03-09 17:37:06.000000000,76.83058768417854
2026-03-09 18:59:40.000000000,9.271821918242802
2026-03-09 18:48:06.000000000,16.017716957632494
2026-03-09 18:34:46.000000000,13.473346669951063
2026-03-09 18:31:40.000000000,66.16452118539006
2026-03-09 18:38:38.000000000,26.239928129246984
2026-03-09 18:46:15.000000000,63.361487148774685
2026-03-09 18:30:18.000000000,21.06335160791962
2026-03-09 18:31:01.000000000,22.85368667688156
2026-03-09 18:24:39.000000000,8.97552601626022
2026-03-09 18:29:01.000000000,54.048475500860334
2026-03-09 18:12:21.000000000,9.886575486861993
2026-03-09 18:33:15.000000000,22.218258282741438
2026-03-09 18:42:13.000000000,64.757918765351
2026-03-09 18:58:06.000000000,23.868269621227185
2026-03-09 18:33:49.000000000,62.652191358843254
2026-03-09 18:22:20.000000000,8.90637815125066
2026-03-09 18:38:39.000000000,6.586638647767547
2026-03-09 18:10:00.000000000,6.816233580832274
2026-03-09 18:18:46.000000000,44.66115728276481
2026-03-09 18:15:52.000000000,6.018537976672416
2026-03-09 19:40:32.000000000,29.002092382069275
2026-03-09 19:48:08.000000000,6.68108630612371
2026-03-09 19:12:41.000000000,14.730283487909718
2026-03-09 19:33:22.000000000,47.41589567833754
2026-03-09 19:29:26.000000000,29.378583858337954
2026-03-09 19:35:45.000000000,11.448121274915149
2026-03-09 19:53:33.000000000,16.82962261532219
2026-03-09 19:31:36.000000000,43.85830530678796
2026-03-09 19:33:17.000000000,53.36595531734489
2026-03-09 20:23:34.000000000,24.49393453798976
2026-03-09 20:26:56.000000000,17.740650104559325
2026-03-09 20:54:38.000000000,9.699324120433978
2026-03-09 20:48:07.000000000,30.878313812978025
2026-03-09 20:31:51.000000000,12.617391955107866
2026-03-09 20:03:29.000000000,14.177319598666504
2026-03-09 20:17:00.000000000,26.653322729010338
2026-03-09 20:04:20.000000000,17.730394293653173
2026-03-09 20:13:01.000000000,10.792009521876983
2026-03-09 20:28:21.000000000,11.63004070032477
2026-03-09 20:32:44.000000000,23.31718271169318
2026-03-09 20:20:30.000000000,48.717134370301636
2026-03-09 20:37:04.000000000,25.388590482792324
2026-03-09 21:20:05.000000000,28.36425255340867
2026-03-09 21:06:34.000000000,17.763270348873373
2026-03-09 21:16:53.000000000,12.04542293294443
2026-03-09 21:14:49.000000000,15.303062771299574
2026-03-09 21:24:18.000000000,51.223937401267314
2026-03-09 21:03:45.000000000,91.07170042821143
2026-03-09 21:08:28.000000000,26.098371736632313
2026-03-09 21:32:29.000000000,21.39657872275975
2026-03-09 21:06:59.000000000,6.701606809598509
2026-03-09 21:43:36.000000000,10.693413581036552
2026-03-09 21:08:41.000000000,17.57272278912246
2026-03-09 21:54:08.000000000,9.047919935704442
2026-03-09 21:46:28.000000000,9.736668163414622
2026-03-09 21:06:32.000000000,47.86392631229561
2026-03-09 21:23:08.000000000,39.68188935775601
2026-03-09 21:10:43.000000000,28.17181035365875
2026-03-09 22:44:23.000000000,10.722132942418707
2026-03-09 22:05:36.000000000,12.860320914212087
2026-03-09 22:37:38.000000000,10.002316203681856
2026-03-09 22:51:59.000000000,6.619210397217572
2026-03-09 22:20:14.000000000,6.094987799726827
2026-03-09 22:43:00.000000000,10.56641528962318
2026-03-09 22:12:28.000000000,84.60741937325439
2026-03-09 22:50:04.000000000,15.96227063492448
2026-03-09 22:10:58.000000000,20.209057226422395
2026-03-09 22:49:14.000000000,12.945919959292443
2026-03-09 23:01:34.000000000,57.43850023970067
2026-03-09 23:53:36.000000000,17.64188686263664
2026-03-09 23:44:53.000000000,50.26506865109312
2026-03-09 23:43:06.000000000,7.834693227051734
2026-03-09 23:03:43.000000000,20.173523413645782
2026-03-09 23:01:10.000000000,14.375607488438707
2026-03-09 23:54:32.000000000,8.1203902597786
2026-03-09 23:30:28.000000000,6.669842712308194
2026-03-09 23:47:52.000000000,11.54600894963503
2026-03-09 23:23:32.000000000,59.696225299218554
2026-03-09 23:20:44.000000000,25.223622222924924
2026-03-09 23:35:11.000000000,6.155470135667493
2026-03-10 00:32:56.000000000,11.791625101981058
2026-03-10 00:46:49.000000000,29.243636228123563
2026-03-10 00:18:01.000000000,44.851262601971214
2026-03-10 00:41:24.000000000,17.76868337682432
2026-03-10 00:03:08.000000000,25.841064643104833
2026-03-10 00:34:31.000000000,9.66221151771316
2026-03-10 00:52:04.000000000,14.020041333133786
2026-03-10 01:35:56.000000000,28.787284951309967
2026-03-10 02:13:37.000000000,34.68567289228431
2026-03-10 02:59:25.000000000,9.447989733714362
2026-03-10 02:17:54.000000000,68.17279006914123
2026-03-10 02:10:12.000000000,13.267180687004934
2026-03-10 02:07:49.000000000,7.0219073158324345
2026-03-10 03:54:07.000000000,59.256362637806994
2026-03-10 04:32:10.000000000,36.79983956271432
2026-03-10 04:55:44.000000000,16.47967031417874
2026-03-10 06:43:06.000000000,9.166712286261465
2026-03-10 06:05:33.000000000,7.804773502827494
2026-03-10 06:18:29.000000000,47.379697416193544
2026-03-10 06:57:06.000000000,68.47075384439475
2026-03-10 06:35:33.000000000,62.45806427243872
2026-03-10 06:13:13.000000000,24.34148925706056
2026-03-10 06:37:48.000000000,26.91727094602306
2026-03-10 07:33:36.000000000,24.35153512270165
2026-03-10 07:17:09.000000000,70.49289152007772
2026-03-10 07:17:17.000000000,11.819262696276317
2026-03-10 07:22:48.000000000,9.99774909739593
2026-03-10 07:01:12.000000000,8.514496053534744
2026-03-10 07:52:14.000000000,77.672381709429
2026-03-10 07:55:27.000000000,15.641717226284733
2026-03-10 07:40:19.000000000,85.17131532853865
2026-03-10 07:21:44.000000000,34.702717187208684
2026-03-10 07:03:00.000000000,15.256287658740966
2026-03-10 07:45:39.000000000,18.714722759682207
2026-03-10 07:29:55.000000000,96.87923269341022
2026-03-10 07:18:55.000000000,29.234883917155237
2026-03-10 07:51:41.000000000,20.28659605539343
2026-03-10 07:34:46.000000000,13.272575168198331
2026-03-10 07:48:12.000000000,26.315825420742485
2026-03-10 07:48:33.000000000,72.24918488057114
2026-03-10 07:33:08.000000000,22.004772512735542
2026-03-10 07:54:38.000000000,48.67603530265373
2026-03-10 08:48:54.000000000,75.26606455276203
2026-03-10 08:03:42.000000000,51.553062164236536
2026-03-10 08:38:49.000000000,109.64501537398917
2026-03-10 08:32:51.000000000,17.833248839943103
2026-03-10 08:40:29.000000000,19.738601365787424
2026-03-10 08:42:35.000000000,7.758879039028919
2026-03-10 08:20:09.000000000,29.214017447292136
2026-03-10 08:01:59.000000000,51.81615673076014
2026-03-10 08:09:08.000000000,52.12832032150054
2026-03-10 08:05:54.000000000,21.86930305823346
2026-03-10 08:25:45.000000000,31.166140536633037
2026-03-10 08:56:52.000000000,73.07785489527893
2026-03-10 08:23:38.000000000,59.59941572050531
2026-03-10 08:38:35.000000000,22.213039721795926
2026-03-10 08:25:28.000000000,52.32144946403869
2026-03-10 08:31:02.000000000,12.951341790985836
2026-03-10 09:49:12.000000000,10.88046232600616
2026-03-10 09:42:13.000000000,57.02273554729112
2026-03-10 09:36:41.000000000,11.487429450537807
2026-03-10 09:57:26.000000000,7.306126799036036
2026-03-10 09:29:13.000000000,11.143523982646101
2026-03-10 09:44:13.000000000,15.85584768498045
2026-03-10 09:56:06.000000000,9.324055775806858
2026-03-10 09:43:23.000000000,11.552965245284517
2026-03-10 09:43:34.000000000,39.47817548174433
2026-03-10 09:54:49.000000000,8.120478034710292
2026-03-10 09:12:51.000000000,119.17678325738414
2026-03-10 09:40:06.000000000,21.209660332285118
2026-03-10 09:16:50.000000000,15.915761657967398
2026-03-10 09:50:29.000000000,16.780317882592506
2026-03-10 09:39:21.000000000,19.707041786967025
2026-03-10 09:09:04.000000000,43.86413266456243
2026-03-10 10:07:44.000000000,10.930549485106749
2026-03-10 10:30:45.000000000,8.66870891282256
2026-03-10 10:59:58.000000000,8.882280343286375
2026-03-10 10:20:25.000000000,12.477943834377395
2026-03-10 10:42:10.000000000,26.55503482887771
2026-03-10 10:09:20.000000000,8.092725175717781
2026-03-10 10:40:43.000000000,14.880301420014897
2026-03-10 10:45:10.000000000,9.033464490083922
2026-03-10 10:42:23.000000000,28.0166487868999
2026-03-10 10:06:08.000000000,13.153446598294526
2026-03-10 10:32:04.000000000,80.91475735605985
2026-03-10 10:58:39.000000000,27.520877927310785
2026-03-10 10:29:11.000000000,22.236223654573777
2026-03-10 11:37:58.000000000,11.750820289468603
2026-03-10 11:07:57.000000000,74.36072861829373
2026-03-10 11:20:41.000000000,23.336605583185527
2026-03-10 11:05:19.000000000,12.451678920751378
2026-03-10 11:20:30.000000000,6.058115088533661
2026-03-10 11:41:29.000000000,31.395600461064443
2026-03-10 11:51:12.000000000,42.001978395073586
2026-03-10 11:11:38.000000000,12.648481602105715
2026-03-10 11:19:31.000000000,63.93963318240739
2026-03-10 11:05:56.000000000,20.681519259256348
2026-03-10 11:14:22.000000000,40.575007015557176
2026-03-10 11:56:32.000000000,34.404833419914866
2026-03-10 11:47:32.000000000,18.516438597574812
2026-03-10 11:11:22.000000000,12.068883574790245
2026-03-10 12:01:35.000000000,13.331845950230043
2026-03-10 12:36:12.000000000,29.066974991755636
2026-03-10 12:31:10.000000000,14.452095492558497
2026-03-10 12:01:40.000000000,19.84390376684369
2026-03-10 12:35:50.000000000,21.4818329006876
2026-03-10 12:00:35.000000000,10.473076242483433
2026-03-10 12:54:37.000000000,13.379249144739227
2026-03-10 12:31:59.000000000,11.034646134331105
2026-03-10 12:48:58.000000000,12.1447133968895
2026-03-10 12:22:38.000000000,16.008249747389538
2026-03-10 12:07:36.000000000,11.689293024179676
2026-03-10 13:26:25.000000000,24.02548331160346
2026-03-10 13:31:20.000000000,10.397603294122455
2026-03-10 13:22:12.000000000,12.885669777945385
2026-03-10 13:34:48.000000000,16.218780654277218
2026-03-10 13:27:41.000000000,33.743075758287716
2026-03-10 13:22:21.000000000,34.662076792195535
2026-03-10 13:40:44.000000000,29.326039028625495
2026-03-10 13:58:29.000000000,18.852434450371966
2026-03-10 13:39:50.000000000,10.341028796661947
2026-03-10 13:31:10.000000000,13.733597249706502
2026-03-10 13:04:16.000000000,24.765515199945604
2026-03-10 13:14:57.000000000,63.458976108576195
2026-03-10 13:18:27.000000000,24.227562606194347
2026-03-10 13:46:40.000000000,30.9792593241594
2026-03-10 14:43:28.000000000,15.803463404564685
2026-03-10 14:29:28.000000000,25.79816225863426
2026-03-10 14:42:00.000000000,22.491082749646736
2026-03-10 14:07:26.000000000,44.47176679012561
2026-03-10 14:10:56.000000000,14.01138666758806
2026-03-10 14:51:44.000000000,9.13027302567672
2026-03-10 14:30:22.000000000,12.577950027921396
2026-03-10 14:30:55.000000000,38.21315772700575
2026-03-10 14:16:04.000000000,45.9420696610265
2026-03-10 14:32:05.000000000,39.95250756132808
2026-03-10 14:07:53.000000000,25.603676379343597
2026-03-10 15:26:00.000000000,9.43742684666347
2026-03-10 15:38:47.000000000,21.463955828631242
2026-03-10 15:06:34.000000000,20.859962387980495
2026-03-10 15:48:23.000000000,170.22976770995928
2026-03-10 15:46:13.000000000,19.680561647747965
2026-03-10 15:00:22.000000000,14.748640668331847
2026-03-10 15:46:54.000000000,91.12318849372016
2026-03-10 15:00:39.000000000,21.236233468570227
2026-03-10 15:44:53.000000000,28.4221083011049
2026-03-10 15:18:27.000000000,54.436635409892375
2026-03-10 15:43:42.000000000,17.87198466069277
2026-03-10 15:04:20.000000000,21.450479306022245
2026-03-10 15:50:47.000000000,32.856615988927715
2026-03-10 15:08:43.000000000,11.41538992620021
2026-03-10 15:12:06.000000000,8.957160302160982
2026-03-10 15:45:22.000000000,13.562903171120386
2026-03-10 16:24:34.000000000,29.121470567502804
2026-03-10 16:21:43.000000000,8.088715962027322
2026-03-10 16:28:16.000000000,23.052083336518358
2026-03-10 16:39:31.000000000,15.99502159947679
2026-03-10 16:08:10.000000000,6.292329671610645
2026-03-10 16:31:19.000000000,23.468865741873536
2026-03-10 16:53:12.000000000,31.375592282953725
2026-03-10 16:47:51.000000000,15.822325605084275
2026-03-10 16:00:51.000000000,72.04177570408362
2026-03-10 16:00:13.000000000,8.12873527136366
2026-03-10 16:47:40.000000000,14.410337423654784
2026-03-10 16:13:12.000000000,64.85583863468403
2026-03-10 16:55:55.000000000,32.27036672861715
2026-03-10 16:23:55.000000000,8.723228852436105
2026-03-10 17:33:06.000000000,29.398237512263076
2026-03-10 17:58:48.000000000,12.937230744830535
2026-03-10 17:14:19.000000000,14.15047359981012
2026-03-10 17:33:31.000000000,6.514246016896511
2026-03-10 17:11:09.000000000,18.210968135445665
2026-03-10 17:43:08.000000000,23.153613673561658
2026-03-10 17:09:28.000000000,67.85020807781969
2026-03-10 17:46:06.000000000,11.70738448571895
2026-03-10 17:52:54.000000000,19.785271755516426
2026-03-10 17:46:58.000000000,14.288558094388101
2026-03-10 17:38:33.000000000,19.57562146655834
2026-03-10 17:29:13.000000000,23.037393247472927
2026-03-10 17:52:29.000000000,37.856805107113736
2026-03-10 17:58:59.000000000,11.568931063803259
2026-03-10 17:59:02.000000000,11.413013816358452
2026-03-10 17:12:56.000000000,21.779411069639757
2026-03-10 17:49:25.000000000,16.80222583292519
2026-03-10 18:01:38.000000000,9.41536065237985
2026-03-10 18:24:21.000000000,38.5314141255238
2026-03-10 18:58:22.000000000,70.35059939517762
2026-03-10 18:08:18.000000000,10.871056607447494
2026-03-10 18:53:14.000000000,48.75741938171416
2026-03-10 18:59:03.000000000,59.8396820186848
2026-03-10 18:05:39.000000000,48.70346462054856
2026-03-10 18:01:54.000000000,21.345793990735523
2026-03-10 18:38:24.000000000,32.013168927179976
2026-03-10 18:24:48.000000000,67.16249393475023
2026-03-10 18:30:24.000000000,70.52425667119533
2026-03-10 18:34:05.000000000,11.617675560991763
2026-03-10 18:32:27.000000000,12.373238377475367
2026-03-10 18:53:16.000000000,20.965026310370696
2026-03-10 18:33:39.000000000,41.412147409227494
2026-03-10 18:30:32.000000000,13.518478795645432
2026-03-10 18:42:30.000000000,48.543233103753025
2026-03-10 18:05:03.000000000,77.30735290566338
2026-03-10 18:06:55.000000000,34.69403412496457
2026-03-10 18:05:47.000000000,20.042236322642445
2026-03-10 18:45:46.000000000,22.13140516397523
2026-03-10 18:41:58.000000000,24.88312191393426
2026-03-10 18:18:16.000000000,10.758971967706126
2026-03-10 19:35:32.000000000,9.114291032561532
2026-03-10 19:09:25.000000000,11.228220358314598
2026-03-10 19:23:47.000000000,19.812641450888158
2026-03-10 19:34:47.000000000,18.79904853497412
2026-03-10 19:30:37.000000000,90.70463418016047
2026-03-10 19:41:57.000000000,9.02701394206435
2026-03-10 19:16:47.000000000,16.98735641513008
2026-03-10 19:22:42.000000000,18.254084070398854
2026-03-10 19:13:18.000000000,55.26477694879423
2026-03-10 19:49:34.000000000,104.1046320527193
2026-03-10 19:14:46.000000000,28.94827212304236
2026-03-10 19:52:44.000000000,18.639741143329477
2026-03-10 19:08:15.000000000,11.708600905141058
2026-03-10 19:25:01.000000000,33.48792631157667
2026-03-10 19:11:53.000000000,104.5009255445498
2026-03-10 19:20:28.000000000,19.632243147561347
2026-03-10 19:10:36.000000000,23.131114506095006
2026-03-10 19:56:03.000000000,8.958497845355609
2026-03-10 19:21:50.000000000,34.66585612763145
2026-03-10 19:45:15.000000000,13.819457164748366
2026-03-10 19:12:50.000000000,32.394381314862756
2026-03-10 19:58:07.000000000,41.82038927512323
2026-03-10 19:15:25.000000000,8.493048924557389
2026-03-10 20:54:41.000000000,50.700912768904715
2026-03-10 20:32:58.000000000,50.180298582672634
2026-03-10 20:46:51.000000000,31.7170108774039
2026-03-10 20:48:58.000000000,22.952421875163854
2026-03-10 20:00:52.000000000,17.377083913130313
2026-03-10 20:13:13.000000000,19.445852007291563
2026-03-10 20:33:01.000000000,34.350209907843386
2026-03-10 20:41:03.000000000,20.171564160523296
2026-03-10 20:03:25.000000000,20.850821600324977
2026-03-10 20:13:45.000000000,15.969690331993625
2026-03-10 20:39:15.000000000,11.081431872103455
2026-03-10 20:42:04.000000000,48.01479565065541
2026-03-10 21:42:25.000000000,16.642215545577407
2026-03-10 21:00:44.000000000,29.8045301418171
2026-03-10 21:54:47.000000000,33.73478258613747
2026-03-10 21:33:06.000000000,58.62380945254793
2026-03-10 21:50:56.000000000,34.76223725340503
2026-03-10 21:06:41.000000000,37.89573506440584
2026-03-10 21:59:17.000000000,16.624008176479187
2026-03-10 21:22:02.000000000,55.53882258182759
2026-03-10 21:41:42.000000000,69.70661445689635
2026-03-10 21:59:42.000000000,35.99513859924307
2026-03-10 21:25:53.000000000,15.904597061706781
2026-03-10 21:19:06.000000000,9.124256536648351
2026-03-10 21:09:53.000000000,37.70765522546589
2026-03-10 21:25:03.000000000,15.057748372454311
2026-03-10 22:57:20.000000000,9.618323651611362
2026-03-10 22:46:23.000000000,9.208034515972038
2026-03-10 22:00:33.000000000,13.041644724392649
2026-03-10 22:09:47.000000000,12.915467108818097
2026-03-10 22:55:51.000000000,13.213439547452356
2026-03-10 22:03:50.000000000,118.96148331448477
2026-03-10 22:04:37.000000000,50.69067208719973
2026-03-10 22:21:17.000000000,55.91623158033692
2026-03-10 22:16:53.000000000,40.243421919227984
2026-03-10 22:17:57.000000000,43.6490987157109
2026-03-10 22:29:22.000000000,82.5402979028371
2026-03-10 23:43:01.000000000,18.273003796778603
2026-03-10 23:32:26.000000000,21.53840747951044
2026-03-10 23:46:48.000000000,11.860609388088072
2026-03-10 23:15:17.000000000,11.4059564171299
2026-03-10 23:28:54.000000000,22.47189909752395
2026-03-10 23:54:53.000000000,18.394377349965232
2026-03-10 23:31:53.000000000,62.4179057654084
2026-03-10 23:17:37.000000000,17.589578797952257
2026-03-10 23:53:09.000000000,21.744386055876816
2026-03-10 23:54:26.000000000,38.89535259703989
2026-03-10 23:38:30.000000000,25.731308000413904
2026-03-10 23:48:50.000000000,20.337718887628792
2026-03-10 23:09:49.000000000,40.33728921812103
2026-03-10 23:43:23.000000000,15.243181003468735
2026-03-10 23:03:07.000000000,11.785508843432803
2026-03-10 23:13:24.000000000,16.65874359402296
2026-03-10 23:49:14.000000000,47.37958917787456
2026-03-10 23:10:11.000000000,6.040799846236009
2026-03-11 00:41:33.000000000,25.41571972236683
2026-03-11 00:23:20.000000000,29.277502096698605
2026-03-11 00:58:25.000000000,16.04795596742999
2026-03-11 00:10:53.000000000,30.589550509538824
2026-03-11 00:42:21.000000000,38.88117045652284
2026-03-11 00:03:20.000000000,10.329032288292538
2026-03-11 01:10:06.000000000,7.347020048829153
2026-03-11 01:36:47.000000000,59.39348100947497
2026-03-11 01:26:05.000000000,16.59881016881652
2026-03-11 01:35:19.000000000,33.16998895904757
2026-03-11 01:24:27.000000000,36.58996789245121
2026-03-11 02:01:34.000000000,10.096826484200442
2026-03-11 02:58:24.000000000,9.342372469051803
2026-03-11 02:50:39.000000000,16.041511480468667
2026-03-11 02:16:32.000000000,8.1166677333217
2026-03-11 02:58:55.000000000,17.02944878147857
2026-03-11 03:11:50.000000000,6.403438505575421
2026-03-11 03:16:25.000000000,21.67189471695248
2026-03-11 04:58:50.000000000,16.012474928135525
2026-03-11 04:26:07.000000000,16.81825424236378
2026-03-11 04:34:37.000000000,26.02757899380876
2026-03-11 04:23:06.000000000,8.686575136387297
2026-03-11 04:49:27.000000000,12.886580639383823
2026-03-11 05:19:21.000000000,49.54135757961281
2026-03-11 05:53:23.000000000,56.91014321378265
2026-03-11 05:52:39.000000000,65.45999557740438
2026-03-11 05:45:31.000000000,24.456945675895508
2026-03-11 06:00:50.000000000,12.12094857912992
2026-03-11 06:42:16.000000000,13.268088821326174
2026-03-11 06:01:44.000000000,9.549214051870567
2026-03-11 06:26:38.000000000,31.872474887730746
2026-03-11 06:20:17.000000000,23.995265232082915
2026-03-11 06:42:24.000000000,9.970463811863425
2026-03-11 07:57:30.000000000,7.720715465836214
2026-03-11 07:12:07.000000000,26.04557921054883
2026-03-11 07:58:29.000000000,11.580313614911002
2026-03-11 07:44:58.000000000,12.47350406428346
2026-03-11 07:07:28.000000000,30.005133690904533
2026-03-11 07:35:04.000000000,21.08497869195451
2026-03-11 07:53:57.000000000,26.941418063230888
2026-03-11 07:29:42.000000000,39.752042536680875
2026-03-11 07:03:49.000000000,36.87700895344037
2026-03-11 07:11:10.000000000,66.88823618581866
2026-03-11 07:45:45.000000000,16.870606188019604
2026-03-11 07:48:04.000000000,21.714056983844955
2026-03-11 07:51:11.000000000,19.5412796182004
2026-03-11 07:11:53.000000000,16.016473780543926
2026-03-11 07:21:38.000000000,33.80534618090084
2026-03-11 07:11:11.000000000,21.3388176126953
2026-03-11 07:31:02.000000000,116.77573809670807
2026-03-11 07:13:20.000000000,30.28930770477377
2026-03-11 08:11:53.000000000,80.32722647311952
2026-03-11 08:22:51.000000000,12.459344188972718
2026-03-11 08:36:44.000000000,17.73034981886764
2026-03-11 08:10:07.000000000,10.572854310454924
2026-03-11 08:36:53.000000000,102.56022881604785
2026-03-11 08:45:50.000000000,13.813389939572392
2026-03-11 08:06:24.000000000,24.95865443106247
2026-03-11 08:06:12.000000000,19.2518870298641
2026-03-11 08:55:31.000000000,21.958753743142797
2026-03-11 08:35:52.000000000,25.877617763355364
2026-03-11 08:00:35.000000000,40.88742888571663
2026-03-11 08:02:18.000000000,15.971322436733374
2026-03-11 08:48:34.000000000,100.08128482956914
2026-03-11 08:32:54.000000000,133.55889091605937
2026-03-11 08:06:53.000000000,123.9769004209198
2026-03-11 08:28:06.000000000,27.00517747584871
2026-03-11 08:26:22.000000000,14.631421083941817
2026-03-11 08:13:42.000000000,22.063189504020798
2026-03-11 08:59:38.000000000,8.157457158124767
2026-03-11 08:48:03.000000000,12.282067052830266
2026-03-11 08:26:53.000000000,90.20121768787365
2026-03-11 09:34:47.000000000,50.70426048583592
2026-03-11 09:19:36.000000000,11.12644841702719
2026-03-11 09:06:11.000000000,28.762889332435154
2026-03-11 09:49:47.000000000,67.18942733558393
2026-03-11 09:32:57.000000000,44.89635575354909
2026-03-11 09:06:31.000000000,18.546798219961584
2026-03-11 09:41:13.000000000,11.708917632787632
2026-03-11 09:33:36.000000000,19.189097371139873
2026-03-11 09:08:57.000000000,27.562990445081688
2026-03-11 09:29:36.000000000,21.124673286854037
2026-03-11 09:50:03.000000000,16.02801375223465
2026-03-11 09:02:33.000000000,19.530973239413154
2026-03-11 09:33:36.000000000,8.90161497210569
2026-03-11 09:23:38.000000000,39.65879346768947
2026-03-11 09:41:17.000000000,11.872562738656423
2026-03-11 09:42:23.000000000,76.63051050453461
2026-03-11 09:19:53.000000000,15.786692393660362
2026-03-11 09:07:51.000000000,29.673935560299306
2026-03-11 09:09:21.000000000,24.733639027617595
2026-03-11 09:13:16.000000000,22.177122149692707
2026-03-11 09:33:56.000000000,8.743136668153905
2026-03-11 09:42:18.000000000,16.663937029340296
2026-03-11 10:44:40.000000000,7.3982801366292215
2026-03-11 10:18:56.000000000,38.45280821626562
2026-03-11 10:30:00.000000000,50.06859144727479
2026-03-11 10:11:09.000000000,16.54998302662102
2026-03-11 10:26:40.000000000,48.719430133508055
2026-03-11 10:23:57.000000000,9.718099306819017
2026-03-11 10:11:17.000000000,8.723172106525624
2026-03-11 10:24:52.000000000,19.13384676231322
2026-03-11 10:26:21.000000000,18.728724315148014
2026-03-11 10:16:58.000000000,13.83512615986774
2026-03-11 10:27:03.000000000,46.777847836043534
2026-03-11 10:04:23.000000000,31.11622975002171
2026-03-11 10:42:53.000000000,12.560828707227934
2026-03-11 10:34:45.000000000,19.692983994407143
2026-03-11 10:08:03.000000000,8.676106922548183
2026-03-11 10:42:45.000000000,15.251852472199623
2026-03-11 11:47:43.000000000,25.790435728874627
2026-03-11 11:10:29.000000000,13.330307333019832
2026-03-11 11:25:32.000000000,15.970368611745489
2026-03-11 11:56:16.000000000,29.08730782285032
2026-03-11 11:44:14.000000000,17.7207221668506
2026-03-11 11:06:52.000000000,27.861704444350377
2026-03-11 11:13:31.000000000,30.56662469502976
2026-03-11 11:39:09.000000000,6.7226106156963255
2026-03-11 11:30:24.000000000,12.115971468314111
2026-03-11 11:51:55.000000000,86.60617361818348
2026-03-11 11:18:58.000000000,15.719135000949802
2026-03-11 11:10:25.000000000,82.7406562032782
2026-03-11 11:20:41.000000000,10.2232697477098
2026-03-11 11:51:03.000000000,10.503332837447342
2026-03-11 11:34:31.000000000,29.86800778006818
2026-03-11 11:57:37.000000000,6.779051231852309
2026-03-11 11:33:27.000000000,9.758646055808764
2026-03-11 11:47:39.000000000,20.430210550747347
2026-03-11 12:58:28.000000000,66.7621028522178
2026-03-11 12:48:25.000000000,34.05174625415741
2026-03-11 12:50:24.000000000,52.04570787087785
2026-03-11 12:17:10.000000000,11.730167107082888
2026-03-11 12:14:10.000000000,51.005393944586814
2026-03-11 12:57:15.000000000,51.87083308832133
2026-03-11 12:25:47.000000000,27.595087990614694
2026-03-11 12:15:06.000000000,20.47929925268101
2026-03-11 12:10:39.000000000,19.99591696363198
2026-03-11 12:13:15.000000000,114.69589316438457
2026-03-11 12:16:00.000000000,10.908382986349308
2026-03-11 12:37:46.000000000,166.44687590528682
2026-03-11 12:59:20.000000000,8.970287389557624
2026-03-11 12:20:17.000000000,8.943103707559818
2026-03-11 12:43:04.000000000,17.72566943384843
2026-03-11 12:59:20.000000000,11.879312663822324
2026-03-11 12:25:08.000000000,73.67374027687883
2026-03-11 12:34:09.000000000,10.648206017486721
2026-03-11 12:37:11.000000000,23.685849946816855
2026-03-11 12:40:38.000000000,17.436412854469047
2026-03-11 12:48:32.000000000,40.370922287182665
2026-03-11 12:17:56.000000000,19.351923539414557
2026-03-11 13:46:32.000000000,17.23792656502507
2026-03-11 13:41:48.000000000,12.922207221472755
2026-03-11 13:47:40.000000000,11.44474930606415
2026-03-11 13:14:19.000000000,8.22660180065201
2026-03-11 13:37:17.000000000,14.286006448269786
2026-03-11 13:38:43.000000000,18.352064869302257
2026-03-11 13:46:12.000000000,59.69476260797009
2026-03-11 13:59:11.000000000,28.49436178353514
2026-03-11 13:29:24.000000000,89.47670109493458
2026-03-11 13:11:19.000000000,35.19233917287724
2026-03-11 13:17:06.000000000,14.63271984911606
2026-03-11 13:03:12.000000000,21.389497712410765
2026-03-11 13:53:29.000000000,30.8687990083541
2026-03-11 13:07:15.000000000,25.057324690331797
2026-03-11 14:01:20.000000000,77.73477034757282
2026-03-11 14:49:55.000000000,5.811951237653346
2026-03-11 14:36:23.000000000,41.948715846420335
2026-03-11 14:48:04.000000000,18.390071898512456
2026-03-11 14:16:02.000000000,16.732151765922946
2026-03-11 14:52:17.000000000,129.14372379478453
2026-03-11 14:27:09.000000000,15.634471013146577
2026-03-11 14:52:24.000000000,19.93283144680461
2026-03-11 14:52:53.000000000,41.0841111344556
2026-03-11 14:59:53.000000000,258.5885725489102
2026-03-11 14:59:15.000000000,19.38975511280666
2026-03-11 14:42:20.000000000,14.689899505139646
2026-03-11 14:57:51.000000000,50.871858434554454
2026-03-11 14:52:19.000000000,30.4813072626943
2026-03-11 14:29:01.000000000,25.84622999593017
2026-03-11 14:36:33.000000000,96.09965193082145
2026-03-11 14:37:44.000000000,79.08568097233764
2026-03-11 15:38:49.000000000,30.809363128286154
2026-03-11 15:10:13.000000000,9.992240715472674
2026-03-11 15:20:51.000000000,6.340079020733919
2026-03-11 15:16:55.000000000,9.147127283131438
2026-03-11 15:18:21.000000000,8.095702104515777
2026-03-11 15:18:18.000000000,13.144631766360067
2026-03-11 16:09:42.000000000,10.498649429333609
2026-03-11 16:33:42.000000000,78.36206342365621
2026-03-11 16:10:00.000000000,35.567588518598576
2026-03-11 16:35:43.000000000,52.136248085759874
2026-03-11 16:56:06.000000000,13.691290004292714
2026-03-11 16:48:09.000000000,64.43422108533511
2026-03-11 16:11:31.000000000,12.13650289442453
2026-03-11 16:46:04.000000000,49.92489371301182
2026-03-11 16:44:28.000000000,8.96735963083848
2026-03-11 16:06:08.000000000,8.567524113097383
2026-03-11 16:36:04.000000000,27.605265587382032
2026-03-11 16:03:55.000000000,70.32009849307019
2026-03-11 16:38:36.000000000,17.737138008078634
2026-03-11 16:01:49.000000000,96.7518690331491
2026-03-11 17:19:57.000000000,13.969539045185625
2026-03-11 17:00:08.000000000,46.878535946011226
2026-03-11 17:28:21.000000000,42.10924303051453
2026-03-11 17:19:49.000000000,106.98350625077322
2026-03-11 17:29:46.000000000,19.533108757562633
2026-03-11 17:53:47.000000000,29.03818623543847
2026-03-11 17:09:49.000000000,20.01292412645671
2026-03-11 17:13:52.000000000,53.41936077323304
2026-03-11 17:39:28.000000000,17.56825745822083
2026-03-11 17:01:45.000000000,14.09557188326599
2026-03-11 17:32:14.000000000,49.7235928112658
2026-03-11 17:28:09.000000000,12.429334856573824
2026-03-11 17:32:59.000000000,20.473965848803232
2026-03-11 17:39:17.000000000,28.19592827935573
2026-03-11 17:49:39.000000000,13.178985077698933
2026-03-11 17:11:59.000000000,15.97466161915117
2026-03-11 17:30:58.000000000,55.948907653015944
2026-03-11 18:41:50.000000000,15.981919918574711
2026-03-11 18:12:23.000000000,9.443022712083312
2026-03-11 18:05:26.000000000,15.999114832846768
2026-03-11 18:15:39.000000000,23.216351486821008
2026-03-11 18:20:47.000000000,53.27746076178576
2026-03-11 18:07:45.000000000,32.066506027406355
2026-03-11 18:59:29.000000000,11.08744104242022
2026-03-11 18:12:31.000000000,10.587104267272531
2026-03-11 18:58:54.000000000,20.43868589301875
2026-03-11 18:30:13.000000000,90.89516207673583
2026-03-11 18:54:16.000000000,141.99915977184273
2026-03-11 18:10:49.000000000,15.05610956654013
2026-03-11 18:34:42.000000000,26.08297149735394
2026-03-11 18:02:13.000000000,15.478967236440784
2026-03-11 18:03:01.000000000,27.604178309408073
2026-03-11 19:14:18.000000000,22.009164821227934
2026-03-11 19:32:01.000000000,85.56295510852271
2026-03-11 19:35:29.000000000,58.37171106503794
2026-03-11 19:46:01.000000000,19.374803288896384
2026-03-11 19:15:11.000000000,17.864265269316476
2026-03-11 19:06:12.000000000,14.632024819092056
2026-03-11 19:17:04.000000000,10.101151101133361
2026-03-11 19:08:37.000000000,19.897981942566535
2026-03-11 19:13:26.000000000,45.10733395422784
2026-03-11 19:49:54.000000000,24.73604959150289
2026-03-11 19:23:35.000000000,26.023513249850396
2026-03-11 19:57:25.000000000,10.914142729692838
2026-03-11 19:52:49.000000000,9.687426306320761
2026-03-11 19:18:28.000000000,18.633003936613513
2026-03-11 19:00:00.000000000,27.226809486652126
2026-03-11 19:32:37.000000000,6.625790409567125
2026-03-11 19:11:00.000000000,108.29960502161671
2026-03-11 19:02:59.000000000,16.852740859520583
2026-03-11 19:19:13.000000000,50.91865347137001
2026-03-11 19:31:08.000000000,50.469306761507504
2026-03-11 19:05:26.000000000,13.57245660708081
2026-03-11 19:51:14.000000000,9.37628961323594
2026-03-11 19:03:11.000000000,29.157736607603542
2026-03-11 20:11:09.000000000,26.00746868883548
2026-03-11 20:15:15.000000000,34.2881062666182
2026-03-11 20:21:48.000000000,44.59106640303142
2026-03-11 20:00:26.000000000,66.1138245822928
2026-03-11 20:27:05.000000000,6.220782836025897
2026-03-11 20:49:39.000000000,25.53466421374835
2026-03-11 20:00:28.000000000,12.587476692618026
2026-03-11 20:01:42.000000000,36.57581215023235
2026-03-11 20:21:12.000000000,103.8438667862178
2026-03-11 20:38:13.000000000,24.6799970336885
2026-03-11 20:37:42.000000000,15.926839822837636
2026-03-11 20:03:39.000000000,14.827069939943703
2026-03-11 20:13:26.000000000,7.534738688645567
2026-03-11 20:26:29.000000000,11.659495486934201
2026-03-11 20:10:23.000000000,26.34376600924167
2026-03-11 20:15:56.000000000,16.881787842996374
2026-03-11 20:07:19.000000000,134.99255585191753
2026-03-11 20:43:53.000000000,55.750072618978415
2026-03-11 20:18:51.000000000,28.302062519488036
2026-03-11 20:06:19.000000000,16.708622562453016
2026-03-11 20:52:57.000000000,47.25760998354699
2026-03-11 21:49:01.000000000,20.235689598345516
2026-03-11 21:10:59.000000000,18.384202993559335
2026-03-11 21:06:24.000000000,17.373369071906666
2026-03-11 21:30:47.000000000,17.921525897656114
2026-03-11 21:31:54.000000000,66.16279408616936
2026-03-11 21:13:34.000000000,37.84987154908974
2026-03-11 21:04:19.000000000,56.792000987178355
2026-03-11 21:26:05.000000000,8.89446087024018
2026-03-11 21:03:56.000000000,32.674637221247295
2026-03-11 21:01:37.000000000,18.053276997143858
2026-03-11 21:26:56.000000000,18.459759537655454
2026-03-11 21:48:03.000000000,11.050779522432165
2026-03-11 21:02:20.000000000,20.15878206732506
2026-03-11 21:37:14.000000000,12.111098152683471
2026-03-11 21:22:36.000000000,13.29368387351971
2026-03-11 21:34:51.000000000,11.03978900872475
2026-03-11 21:03:48.000000000,80.25193098898727
2026-03-11 21:33:55.000000000,7.569283563454502
2026-03-11 22:22:22.000000000,16.878222775318072
2026-03-11 22:53:25.000000000,5.929732587459071
2026-03-11 22:55:30.000000000,20.42818071819319
2026-03-11 22:01:48.000000000,18.32603751114631
2026-03-11 22:45:37.000000000,9.05169952322442
2026-03-11 22:26:40.000000000,40.74406259860854
2026-03-11 22:03:04.000000000,63.85626500844655
2026-03-11 22:32:23.000000000,30.15042880735354
2026-03-11 22:48:13.000000000,16.662794285792042
2026-03-11 22:45:02.000000000,35.53896462446569
2026-03-11 23:55:18.000000000,8.490345003381922
2026-03-11 23:18:03.000000000,29.084072857487495
2026-03-11 23:21:27.000000000,11.622869487123495
2026-03-11 23:11:34.000000000,21.2961471254775
2026-03-11 23:29:53.000000000,15.802301335441676
2026-03-11 23:08:51.000000000,12.43999403105198
2026-03-11 23:24:09.000000000,34.2760572500854
2026-03-11 23:11:44.000000000,23.4645907363024
2026-03-11 23:02:13.000000000,7.681984085641588
2026-03-11 23:20:38.000000000,19.26024749366787
2026-03-11 23:39:04.000000000,10.960248499583086
2026-03-11 23:10:17.000000000,47.989632846244696
2026-03-11 23:19:30.000000000,16.129986800853743
2026-03-11 23:45:24.000000000,11.655484598693326
2026-03-11 23:51:03.000000000,12.550728416089225
2026-03-11 23:30:56.000000000,15.82753641521169
2026-03-11 23:16:24.000000000,7.624911024032382
2026-03-12 00:42:24.000000000,47.30135673428927
2026-03-12 00:21:04.000000000,17.94859696781534
2026-03-12 00:08:44.000000000,25.088110200016743
2026-03-12 00:04:33.000000000,15.151370180166115
2026-03-12 00:30:07.000000000,16.9991449889119
2026-03-12 00:07:16.000000000,52.00094378478438
2026-03-12 00:10:12.000000000,40.61304803484036
2026-03-12 00:13:58.000000000,10.823487112749495
2026-03-12 00:58:53.000000000,12.084556234204387
2026-03-12 00:12:43.000000000,33.85379658646527
2026-03-12 00:01:35.000000000,6.008520243604878
2026-03-12 00:42:49.000000000,17.947614053058846
2026-03-12 00:29:38.000000000,10.472254012018723
2026-03-12 00:00:36.000000000,40.082824938107066
2026-03-12 00:27:29.000000000,10.746412059792132
2026-03-12 00:25:12.000000000,17.13475882637281
2026-03-12 00:12:13.000000000,7.3671174343732435
2026-03-12 00:15:12.000000000,8.932113220263965
2026-03-12 01:26:11.000000000,9.955841226862566
2026-03-12 01:09:03.000000000,13.615619988848792
2026-03-12 02:42:11.000000000,81.52829977354193
2026-03-12 02:42:33.000000000,20.698398754387213
2026-03-12 02:41:25.000000000,53.773767598629995
2026-03-12 03:14:57.000000000,12.224278360363764
2026-03-12 03:49:20.000000000,6.043508422823836
2026-03-12 03:03:25.000000000,15.366318604700385
2026-03-12 03:45:39.000000000,15.208163570856993
2026-03-12 03:28:42.000000000,51.509665522828854
2026-03-12 03:27:40.000000000,8.001989841380249
2026-03-12 03:48:32.000000000,30.543940150398832
2026-03-12 03:07:44.000000000,35.678458397988734
2026-03-12 03:58:16.000000000,7.377384924497848
2026-03-12 04:05:38.000000000,15.99667085405981
2026-03-12 04:37:21.000000000,6.702089947793464
2026-03-12 04:48:38.000000000,10.234575765419759
2026-03-12 04:07:42.000000000,26.46626031542696
2026-03-12 04:01:05.000000000,30.19475627841237
2026-03-12 04:28:18.000000000,58.29029795427624
2026-03-12 05:06:08.000000000,22.415096650600894
2026-03-12 05:43:24.000000000,42.63115332734549
2026-03-12 05:41:31.000000000,51.86676310366089
2026-03-12 05:18:13.000000000,27.336180308058896
2026-03-12 05:30:31.000000000,106.62089117974377
2026-03-12 05:42:11.000000000,17.63768032603111
2026-03-12 05:28:18.000000000,10.395294925268061
2026-03-12 06:44:12.000000000,7.856419737671444
2026-03-12 06:51:44.000000000,10.930283513794695
2026-03-12 06:48:06.000000000,5.552486716065252
2026-03-12 06:28:56.000000000,59.31367451563181
2026-03-12 06:29:38.000000000,13.321594772495247
2026-03-12 06:43:36.000000000,15.476075602311168
2026-03-12 06:48:58.000000000,11.055990451244131
2026-03-12 06:38:13.000000000,18.68563375639755
2026-03-12 06:07:24.000000000,5.369441314632438
2026-03-12 06:18:10.000000000,40.79342715369854
2026-03-12 06:07:57.000000000,16.92661644397883
2026-03-12 07:56:27.000000000,6.881041679682031
2026-03-12 07:12:36.000000000,8.824795035544255
2026-03-12 07:52:39.000000000,9.935282005132269
2026-03-12 07:58:22.000000000,36.01710014757017
2026-03-12 07:34:03.000000000,12.306016657725412
2026-03-12 07:16:44.000000000,21.08823441487105
2026-03-12 07:29:44.000000000,65.01831075646058
2026-03-12 07:10:09.000000000,35.59529952575383
2026-03-12 07:05:58.000000000,87.05227964044637
2026-03-12 07:37:02.000000000,34.759892465772715
2026-03-12 07:44:32.000000000,24.361612120803755
2026-03-12 07:27:07.000000000,34.29748801214065
2026-03-12 07:34:20.000000000,20.427527789942584
2026-03-12 07:14:15.000000000,68.12272961632735
2026-03-12 07:02:27.000000000,32.8681212453456
2026-03-12 07:19:15.000000000,51.04838953308644
2026-03-12 07:07:08.000000000,15.465400790397048
2026-03-12 07:20:41.000000000,14.341491780035842
2026-03-12 07:38:06.000000000,16.83053044322797
2026-03-12 07:12:36.000000000,114.47188542048801
2026-03-12 08:28:10.000000000,11.253453845863298
2026-03-12 08:44:14.000000000,8.914522973217416
2026-03-12 08:01:11.000000000,18.48696130457741
2026-03-12 08:52:56.000000000,48.42564249072163
2026-03-12 08:00:11.000000000,33.63153279514741
2026-03-12 08:30:03.000000000,27.81611321697472
2026-03-12 08:42:50.000000000,44.77382371139338
2026-03-12 08:09:56.000000000,42.96565701879648
2026-03-12 08:38:05.000000000,19.49060582900937
2026-03-12 08:30:57.000000000,12.484266793441275
2026-03-12 08:40:44.000000000,6.998386981682231
2026-03-12 08:02:42.000000000,21.55397766219754
2026-03-12 08:47:06.000000000,21.97080687223112
2026-03-12 08:44:41.000000000,35.01711381305325
2026-03-12 08:12:59.000000000,10.694267720995724
2026-03-12 08:01:52.000000000,30.236373053193105
2026-03-12 08:42:31.000000000,45.25380592124902
2026-03-12 08:37:28.000000000,20.80835894015992
2026-03-12 08:46:28.000000000,12.815110696405526
2026-03-12 08:28:14.000000000,16.057314084017676
2026-03-12 08:08:08.000000000,50.90795269193945
2026-03-12 08:41:41.000000000,26.592721407367
2026-03-12 08:48:40.000000000,29.732079534304674
2026-03-12 09:34:48.000000000,29.08874649147148
2026-03-12 09:44:59.000000000,8.430395947742833
2026-03-12 09:48:15.000000000,14.729550798201732
2026-03-12 09:22:25.000000000,45.27819403510364
2026-03-12 09:25:42.000000000,26.60891589334466
2026-03-12 09:15:26.000000000,13.979769986823104
2026-03-12 09:06:29.000000000,10.461198048602563
2026-03-12 09:00:58.000000000,21.621745532293165
2026-03-12 09:48:41.000000000,29.243441234737023
2026-03-12 09:01:24.000000000,26.77652260539332
2026-03-12 09:14:46.000000000,38.38808916404382
2026-03-12 09:51:44.000000000,20.65635027069255
2026-03-12 09:07:44.000000000,7.454881472443761
2026-03-12 09:23:16.000000000,26.266776263565774
2026-03-12 09:37:31.000000000,21.464156567852804
2026-03-12 09:05:55.000000000,107.09537253711838
2026-03-12 09:16:11.000000000,37.962129202372054
2026-03-12 09:37:33.000000000,26.801477110669865
2026-03-12 09:43:12.000000000,16.23407479097609
2026-03-12 09:59:52.000000000,7.8444110715404864
2026-03-12 09:28:04.000000000,10.836218157257347
2026-03-12 09:19:51.000000000,36.21739596221621
2026-03-12 09:41:16.000000000,6.978849466940078
2026-03-12 09:45:22.000000000,14.280939602380805
2026-03-12 09:06:22.000000000,13.32423701891709
2026-03-12 09:21:15.000000000,27.121024730842024
2026-03-12 10:06:38.000000000,69.53603871550298
2026-03-12 10:07:56.000000000,19.950938618177844
2026-03-12 10:33:44.000000000,49.88070157500441
2026-03-12 10:35:31.000000000,8.629279948307444
2026-03-12 10:51:08.000000000,21.440602536430134
2026-03-12 10:34:14.000000000,12.645490862251654
2026-03-12 10:06:36.000000000,27.077426698259202
2026-03-12 10:21:08.000000000,75.9918303941301
2026-03-12 10:10:13.000000000,33.881482057225526
2026-03-12 10:34:17.000000000,17.756927502032777
2026-03-12 10:15:57.000000000,12.287684106444049
2026-03-12 10:55:05.000000000,30.284380637491065
2026-03-12 11:41:32.000000000,61.084712708697495
2026-03-12 11:58:19.000000000,17.467946652416554
2026-03-12 11:11:18.000000000,19.104996817571443
2026-03-12 11:40:32.000000000,6.829558823858957
2026-03-12 11:10:40.000000000,48.60133778799171
2026-03-12 11:06:51.000000000,8.079343022261352
2026-03-12 11:28:03.000000000,6.111252125871451
2026-03-12 11:44:09.000000000,12.270304808522658
2026-03-12 11:41:12.000000000,29.090678441339364
2026-03-12 11:00:05.000000000,18.55248384052465
2026-03-12 11:36:11.000000000,19.824383529976735
2026-03-12 11:08:23.000000000,29.50794505510963
2026-03-12 11:36:44.000000000,16.28936300904796
2026-03-12 11:10:59.000000000,17.381840104186953
2026-03-12 11:43:02.000000000,11.036611825849516
2026-03-12 11:42:22.000000000,31.197915636076694
2026-03-12 11:39:35.000000000,25.83843744144115
2026-03-12 12:12:23.000000000,6.148159725206659
2026-03-12 12:10:04.000000000,6.9509073346897825
2026-03-12 12:53:12.000000000,22.300828401038103
2026-03-12 12:02:08.000000000,15.97791764643181
2026-03-12 12:52:01.000000000,70.54945472584886
2026-03-12 12:16:08.000000000,51.14994713010701
2026-03-12 12:46:28.000000000,16.860634437885096
2026-03-12 12:54:30.000000000,17.858444025662422
2026-03-12 12:55:25.000000000,33.686198144061734
2026-03-12 12:12:48.000000000,14.483309073583248
2026-03-12 12:05:39.000000000,79.33968274609424
2026-03-12 12:43:12.000000000,26.702554236423254
2026-03-12 12:14:56.000000000,11.638305008055166
2026-03-12 12:01:56.000000000,31.428851655423955
2026-03-12 12:05:47.000000000,109.01759527859231
2026-03-12 12:13:37.000000000,17.324903868380375
2026-03-12 13:02:28.000000000,141.07048188692693
2026-03-12 13:44:24.000000000,64.67433898460342
2026-03-12 13:40:00.000000000,21.38251965655814
2026-03-12 13:13:41.000000000,19.66383195189329
2026-03-12 13:08:32.000000000,30.421524859745396
2026-03-12 13:56:14.000000000,42.789290150202916
2026-03-12 13:09:43.000000000,72.36943729550777
2026-03-12 13:47:57.000000000,12.470656041582679
2026-03-12 13:49:34.000000000,13.210949033267603
2026-03-12 13:51:08.000000000,10.732947266100059
2026-03-12 13:32:56.000000000,10.274324643026937
2026-03-12 13:56:31.000000000,12.106393253863827
2026-03-12 13:03:19.000000000,9.8153607197339
2026-03-12 13:11:37.000000000,8.922878467027678
2026-03-12 13:41:50.000000000,30.115336974301368
2026-03-12 14:07:38.000000000,46.47477423849796
2026-03-12 14:16:27.000000000,5.4924162870652
2026-03-12 14:46:38.000000000,68.25472516198253
2026-03-12 14:59:46.000000000,27.45939323058877
2026-03-12 14:09:51.000000000,8.414323815681506
2026-03-12 14:00:55.000000000,110.44326322431598
2026-03-12 14:27:53.000000000,43.61955212437522
2026-03-12 14:18:34.000000000,15.96512712379901
2026-03-12 14:18:40.000000000,9.002664641845652
2026-03-12 14:47:15.000000000,6.148574640611213
2026-03-12 14:20:40.000000000,13.57831792300844
2026-03-12 14:42:46.000000000,57.13445417508211
2026-03-12 14:12:24.000000000,7.403817752422221
2026-03-12 14:19:13.000000000,61.404008726133
2026-03-12 14:42:53.000000000,7.221113474724253
2026-03-12 14:57:11.000000000,69.22567574317577
2026-03-12 14:43:17.000000000,13.29427315580354
2026-03-12 14:45:04.000000000,10.756568680628794
2026-03-12 14:43:39.000000000,8.354733048806882
2026-03-12 14:05:40.000000000,23.927845693362507
2026-03-12 14:49:00.000000000,20.191294752224543
2026-03-12 14:29:51.000000000,26.04613505600466
2026-03-12 14:01:30.000000000,12.506234011789447
2026-03-12 14:39:23.000000000,28.49316341903994
2026-03-12 14:31:07.000000000,26.227071501680648
2026-03-12 14:43:03.000000000,18.926279543860655
2026-03-12 14:08:13.000000000,32.149800747240896
2026-03-12 14:23:00.000000000,19.54120369735625
2026-03-12 15:41:23.000000000,19.62060447035088
2026-03-12 15:17:08.000000000,47.55835837326608
2026-03-12 15:44:36.000000000,9.57280489509739
2026-03-12 15:00:42.000000000,23.843938710463657
2026-03-12 15:20:14.000000000,28.30630955439499
2026-03-12 15:42:22.000000000,11.720660791603446
2026-03-12 15:08:22.000000000,17.79298238028378
2026-03-12 15:05:25.000000000,42.260571474707675
2026-03-12 15:49:14.000000000,10.662915353497729
2026-03-12 15:15:09.000000000,13.340029639809789
2026-03-12 15:29:11.000000000,14.445772761506262
2026-03-12 15:21:48.000000000,33.722616097648896
2026-03-12 15:34:01.000000000,9.407113381565928
2026-03-12 15:40:40.000000000,54.82265785493489
2026-03-12 16:07:40.000000000,20.721012095937617
2026-03-12 16:13:17.000000000,7.403660359554323
2026-03-12 16:28:48.000000000,45.47786230656996
2026-03-12 16:11:55.000000000,38.19743856767276
2026-03-12 16:50:02.000000000,19.692622847094515
2026-03-12 16:07:51.000000000,9.86164364092844
2026-03-12 16:53:10.000000000,6.78183145763246
2026-03-12 16:37:41.000000000,17.64890719720093
2026-03-12 16:06:11.000000000,10.274165184125202
2026-03-12 16:36:24.000000000,20.623665368260454
2026-03-12 16:53:54.000000000,12.060969829959037
2026-03-12 16:38:02.000000000,10.29271417737248
2026-03-12 16:55:40.000000000,20.905728108291967
2026-03-12 16:12:34.000000000,7.914261187239665
2026-03-12 16:41:02.000000000,8.36932882052735
2026-03-12 16:26:19.000000000,10.527802198469178
2026-03-12 16:18:43.000000000,16.604894144099482
2026-03-12 16:29:04.000000000,26.666977474188215
2026-03-12 16:52:43.000000000,14.30659727828391
2026-03-12 16:33:45.000000000,14.06863973268276
2026-03-12 16:08:23.000000000,34.223884620475715
2026-03-12 16:10:25.000000000,160.7289616661783
2026-03-12 16:24:53.000000000,15.234849777522502
2026-03-12 16:10:06.000000000,12.394490142610397
2026-03-12 16:19:22.000000000,32.31617749746289
2026-03-12 17:37:53.000000000,10.874807771003319
2026-03-12 17:33:22.000000000,56.103763946389535
2026-03-12 17:36:34.000000000,53.25491300154159
2026-03-12 17:32:01.000000000,144.24497598354256
2026-03-12 17:04:03.000000000,13.091593256751423
2026-03-12 17:40:29.000000000,55.03708906814856
2026-03-12 17:15:04.000000000,26.488895243085754
2026-03-12 17:36:15.000000000,31.283345716484536
2026-03-12 17:24:48.000000000,32.82046657706158
2026-03-12 17:04:35.000000000,19.153435775085043
2026-03-12 17:15:54.000000000,29.40646164922814
2026-03-12 17:13:58.000000000,16.703849309570828
2026-03-12 17:48:27.000000000,21.5096641564498
2026-03-12 17:01:09.000000000,130.73648483580342
2026-03-12 17:41:32.000000000,13.152001250726354
2026-03-12 17:24:16.000000000,62.76944326600128
2026-03-12 17:39:06.000000000,25.26811245655059
2026-03-12 17:14:05.000000000,57.20103596115541
2026-03-12 17:36:45.000000000,13.582850717688636
2026-03-12 17:43:42.000000000,9.594578267324355
2026-03-12 17:10:48.000000000,51.716204424987524
2026-03-12 17:17:25.000000000,17.045910154719152
2026-03-12 17:39:17.000000000,30.730769735957665
2026-03-12 18:51:58.000000000,25.89413017320267
2026-03-12 18:40:26.000000000,28.071936826022736
2026-03-12 18:22:15.000000000,22.565508667238696
2026-03-12 18:02:32.000000000,26.67897071919368
2026-03-12 18:02:33.000000000,32.88208466741938
2026-03-12 18:09:04.000000000,10.776171405883204
2026-03-12 18:45:10.000000000,19.922137252319693
2026-03-12 18:32:53.000000000,8.87631446680007
2026-03-12 18:10:46.000000000,15.759396597428037
2026-03-12 18:58:00.000000000,15.401919987694933
2026-03-12 18:51:51.000000000,17.45298681624194
2026-03-12 18:49:19.000000000,39.50374234283365
2026-03-12 18:16:55.000000000,42.001916789163545
2026-03-12 18:35:59.000000000,9.272103726068789
2026-03-12 18:40:47.000000000,10.747878500788609
2026-03-12 18:33:52.000000000,8.877100387896236
2026-03-12 18:35:30.000000000,12.508644999304405
2026-03-12 18:16:35.000000000,22.712837232352726
2026-03-12 18:12:43.000000000,13.935960056566572
2026-03-12 18:01:56.000000000,23.86420362877503
2026-03-12 18:05:42.000000000,7.416063399415174
2026-03-12 18:08:48.000000000,12.495902661570405
2026-03-12 18:55:50.000000000,22.093804376761632
2026-03-12 19:32:12.000000000,17.476163737222745
2026-03-12 19:28:09.000000000,30.81908221964611
2026-03-12 19:16:52.000000000,32.81705602462694
2026-03-12 19:42:22.000000000,20.637961857978535
2026-03-12 19:49:25.000000000,35.909786507437666
2026-03-12 19:58:28.000000000,7.350874160605229
2026-03-12 19:03:27.000000000,27.661431238477064
2026-03-12 19:14:48.000000000,34.56414158535193
2026-03-12 19:12:00.000000000,25.57023527748132
2026-03-12 19:10:53.000000000,25.79932174754476
2026-03-12 19:47:07.000000000,37.5359370482165
2026-03-12 19:05:03.000000000,12.30294864043941
2026-03-12 19:57:21.000000000,11.440931446226394
2026-03-12 19:29:16.000000000,22.979323936173227
2026-03-12 19:42:16.000000000,28.159137998415243
2026-03-12 19:36:28.000000000,13.91169114218533
2026-03-12 19:52:21.000000000,12.429709395551175
2026-03-12 19:23:49.000000000,19.854380981073895
2026-03-12 19:18:29.000000000,9.676042390099015
2026-03-12 19:44:07.000000000,15.035253669705078
2026-03-12 19:00:18.000000000,66.11180340689069
2026-03-12 19:25:58.000000000,8.082341161067122
2026-03-12 19:39:02.000000000,130.00843237530106
2026-03-12 19:41:40.000000000,75.47096996171432
2026-03-12 19:58:47.000000000,60.85921459789621
2026-03-12 19:17:43.000000000,13.68429647473209
2026-03-12 19:39:24.000000000,17.713301754924743
2026-03-12 19:15:02.000000000,37.73762604393196
2026-03-12 20:10:26.000000000,14.352734774161554
2026-03-12 20:09:28.000000000,28.73221138022229
2026-03-12 20:15:24.000000000,7.6816067246465245
2026-03-12 20:43:12.000000000,20.43395689521899
2026-03-12 20:28:10.000000000,37.26663379703437
2026-03-12 20:48:45.000000000,54.847257630154374
2026-03-12 20:39:25.000000000,17.4943456049966
2026-03-12 20:30:16.000000000,9.605502032531442
2026-03-12 20:55:45.000000000,9.735593116984564
2026-03-12 20:53:26.000000000,9.079109326887888
2026-03-12 20:32:35.000000000,8.250662062589731
2026-03-12 20:36:23.000000000,52.97512102924229
2026-03-12 20:06:21.000000000,17.18446549132964
2026-03-12 20:35:14.000000000,66.36025583578191
2026-03-12 20:44:40.000000000,42.731531703162716
2026-03-12 20:05:12.000000000,43.03547155411283
2026-03-12 20:45:38.000000000,70.60113444631621
2026-03-12 20:47:31.000000000,23.455808429724534
2026-03-12 20:31:41.000000000,10.76220667318227
2026-03-12 20:24:10.000000000,27.629348626380924
2026-03-12 21:56:06.000000000,17.234060200308864
2026-03-12 21:32:23.000000000,11.69972438385259
2026-03-12 21:48:55.000000000,33.92359530219215
2026-03-12 21:51:55.000000000,35.9107324035854
2026-03-12 21:24:48.000000000,9.092812263650941
2026-03-12 21:58:13.000000000,15.048325079655589
2026-03-12 21:55:22.000000000,13.376110387473721
2026-03-12 21:17:55.000000000,9.820678733324769
2026-03-12 21:34:17.000000000,23.31462707867004
2026-03-12 21:39:54.000000000,6.880280109738756
2026-03-12 21:12:30.000000000,23.992444057114653
2026-03-12 21:33:00.000000000,30.865563841935018
2026-03-12 21:14:38.000000000,17.074362594142034
2026-03-12 21:50:46.000000000,9.848606261885577
2026-03-12 21:58:41.000000000,12.143457905541869
2026-03-12 21:05:30.000000000,136.63514846824154
2026-03-12 21:56:50.000000000,15.32408414104463
2026-03-12 21:34:03.000000000,9.61526912204176
2026-03-12 21:19:25.000000000,57.3127770894169
2026-03-12 22:54:30.000000000,44.31135813613564
2026-03-12 22:09:46.000000000,12.53078961150706
2026-03-12 22:52:57.000000000,13.836861546759406
2026-03-12 22:56:56.000000000,39.67757999150561
2026-03-12 22:56:36.000000000,9.707123833445083
2026-03-12 22:35:55.000000000,42.37529723908188
2026-03-12 22:14:09.000000000,8.360331773076226
2026-03-12 22:22:35.000000000,47.07321500262178
2026-03-12 22:07:06.000000000,46.32547176143263
2026-03-12 22:23:01.000000000,17.341326151153567
2026-03-12 22:21:02.000000000,132.18165113481172
2026-03-12 22:05:40.000000000,66.59020019295431
2026-03-12 22:06:13.000000000,117.53020465216494
2026-03-12 22:18:23.000000000,9.757974711229858
2026-03-12 22:53:59.000000000,21.13942002799834
2026-03-12 22:36:04.000000000,21.018128546014882
2026-03-12 22:35:18.000000000,19.592438208181047
2026-03-12 22:37:51.000000000,17.293400999256438
2026-03-12 22:13:33.000000000,53.315769177656854
2026-03-12 22:44:14.000000000,20.67008014339708
2026-03-12 22:50:56.000000000,14.328937254214814
2026-03-12 23:44:18.000000000,21.884178428213016
2026-03-12 23:34:50.000000000,70.53892398008671
2026-03-12 23:24:04.000000000,12.598938452885434
2026-03-12 23:58:34.000000000,36.109455446255396
2026-03-12 23:42:34.000000000,17.74204522807313
2026-03-12 23:02:25.000000000,31.275609655154092
2026-03-12 23:04:55.000000000,6.119117119296004
2026-03-12 23:49:19.000000000,23.255664291272723
2026-03-12 23:28:39.000000000,20.662975176480703
2026-03-13 00:22:07.000000000,62.85509773915349
2026-03-13 00:17:10.000000000,23.089069504132915
2026-03-13 00:54:46.000000000,10.168289740608307
2026-03-13 00:16:50.000000000,12.049607165304224
2026-03-13 00:42:42.000000000,19.948850359455
2026-03-13 00:51:56.000000000,12.41629507650672
2026-03-13 00:22:20.000000000,10.829598793969492
2026-03-13 00:38:17.000000000,7.89021707363125
2026-03-13 00:23:49.000000000,76.91307025644068
2026-03-13 00:22:25.000000000,36.097707055799816
2026-03-13 00:41:21.000000000,5.71282140451342
2026-03-13 01:16:13.000000000,14.257592321675896
2026-03-13 01:08:17.000000000,30.197373370050023
2026-03-13 01:49:09.000000000,12.352629866572268
2026-03-13 01:39:56.000000000,7.130845827936103
2026-03-13 01:34:41.000000000,38.20372647015477
2026-03-13 01:28:00.000000000,19.19592034423034
2026-03-13 02:42:12.000000000,40.85852553699151
2026-03-13 02:16:35.000000000,81.04315700073133
2026-03-13 02:14:24.000000000,38.11771775129183
2026-03-13 03:37:36.000000000,11.77933294296789
2026-03-13 03:43:12.000000000,17.852091614842426
2026-03-13 04:10:07.000000000,28.045391450298204
2026-03-13 04:39:20.000000000,46.747023867185106
2026-03-13 04:19:14.000000000,17.20834893213292
2026-03-13 04:28:50.000000000,49.44907672317091
2026-03-13 04:16:59.000000000,42.16227582235189
2026-03-13 04:43:18.000000000,94.92582447331516
2026-03-13 04:14:25.000000000,10.068181373211871
2026-03-13 05:34:10.000000000,116.97694482559623
2026-03-13 05:17:50.000000000,12.244252435515488
2026-03-13 05:19:57.000000000,55.48827060810321
2026-03-13 05:40:55.000000000,12.504213294372192
2026-03-13 05:32:09.000000000,44.912706455245996
2026-03-13 06:03:50.000000000,17.64129956023621
2026-03-13 06:46:55.000000000,8.979784253145679
2026-03-13 06:03:01.000000000,20.05905244666304
2026-03-13 06:50:56.000000000,73.79103093517085
2026-03-13 06:47:25.000000000,12.031819073827181
2026-03-13 07:56:30.000000000,35.89331638169622
2026-03-13 07:04:04.000000000,22.340129198386478
2026-03-13 07:39:58.000000000,12.47547548636743
2026-03-13 07:31:30.000000000,31.840074919490846
2026-03-13 07:42:03.000000000,33.92196071184638
2026-03-13 07:29:13.000000000,17.345565133041685
2026-03-13 07:15:38.000000000,27.54392224877129
2026-03-13 07:55:02.000000000,11.713323254330986
2026-03-13 07:01:16.000000000,95.70914694505633
2026-03-13 07:54:32.000000000,8.831729425266207
2026-03-13 07:13:45.000000000,21.071399201062967
2026-03-13 07:07:07.000000000,11.253104649738884
2026-03-13 07:00:03.000000000,18.68983472028214
2026-03-13 07:06:43.000000000,19.918045783912877
2026-03-13 07:25:05.000000000,11.67791218230826
2026-03-13 07:35:25.000000000,54.05012389477181
2026-03-13 08:11:50.000000000,30.80282723614517
2026-03-13 08:12:28.000000000,20.29683107902108
2026-03-13 08:35:07.000000000,26.896868203609277
2026-03-13 08:02:46.000000000,74.61918324640682
2026-03-13 08:44:24.000000000,58.6475867740983
2026-03-13 08:41:05.000000000,14.108133748237039
2026-03-13 08:03:37.000000000,17.699231380442583
2026-03-13 08:25:33.000000000,17.700564473407837
2026-03-13 08:18:27.000000000,9.68674522060687
2026-03-13 08:33:53.000000000,19.325480746814524
2026-03-13 08:28:36.000000000,17.073067977706927
2026-03-13 08:47:03.000000000,17.092520830437444
2026-03-13 08:51:00.000000000,78.77369130848385
2026-03-13 08:00:35.000000000,42.41203596016877
2026-03-13 08:20:38.000000000,9.123081917312877
2026-03-13 08:16:57.000000000,8.985353149606642
2026-03-13 08:32:00.000000000,23.275264538025823
2026-03-13 08:52:38.000000000,36.47019972493181
2026-03-13 08:00:57.000000000,15.675738303346396
2026-03-13 08:32:34.000000000,53.58242341789072
2026-03-13 08:26:29.000000000,18.595891744299273
2026-03-13 08:25:43.000000000,85.32101721083264
2026-03-13 08:03:48.000000000,34.3412656062995
2026-03-13 09:46:49.000000000,24.197111023811303
2026-03-13 09:33:31.000000000,8.971262806561992
2026-03-13 09:16:49.000000000,14.210439639686744
2026-03-13 09:00:34.000000000,7.543477450688755
2026-03-13 09:01:13.000000000,53.24352009776119
2026-03-13 09:54:33.000000000,15.020404224296785
2026-03-13 09:55:19.000000000,23.325147721004335
2026-03-13 09:41:33.000000000,8.993275748638318
2026-03-13 09:08:34.000000000,37.33993406378109
2026-03-13 09:27:51.000000000,19.55337731057591
2026-03-13 09:10:54.000000000,17.191675470684725
2026-03-13 09:06:29.000000000,11.63006440013285
2026-03-13 09:47:27.000000000,27.40156641923784
2026-03-13 10:53:00.000000000,37.21922799454815
2026-03-13 10:17:32.000000000,32.81063956984755
2026-03-13 10:26:52.000000000,8.501259546451738
2026-03-13 10:42:17.000000000,7.154308792752253
2026-03-13 10:56:31.000000000,8.984492487016682
2026-03-13 10:56:12.000000000,16.887049043112082
2026-03-13 10:25:53.000000000,11.636926188837801
2026-03-13 10:54:06.000000000,6.707812769585608
2026-03-13 10:40:58.000000000,11.244683833706187
2026-03-13 10:18:33.000000000,8.967777372388035
2026-03-13 11:44:09.000000000,16.035607551952523
2026-03-13 11:58:57.000000000,8.697320562280195
2026-03-13 11:41:21.000000000,26.20213630688992
2026-03-13 11:07:41.000000000,37.10929871758579
2026-03-13 11:35:26.000000000,63.836221758910774
2026-03-13 11:37:53.000000000,33.77670177184116
2026-03-13 11:41:00.000000000,13.18921922077196
2026-03-13 11:28:28.000000000,20.618564335698373
2026-03-13 11:16:11.000000000,10.007174156636555
2026-03-13 11:10:18.000000000,11.606363920617264
2026-03-13 11:46:03.000000000,15.705191621983463
2026-03-13 11:08:35.000000000,15.852787154927771
2026-03-13 11:50:26.000000000,24.527029558867035
2026-03-13 12:21:14.000000000,68.94666938585448
2026-03-13 12:37:22.000000000,13.577754203505233
2026-03-13 12:01:41.000000000,25.102595026626712
2026-03-13 12:20:17.000000000,104.7521343731444
2026-03-13 12:16:03.000000000,13.448096915077691
2026-03-13 12:17:40.000000000,6.076882281194769
2026-03-13 12:48:23.000000000,9.511685100299013
2026-03-13 12:10:15.000000000,15.252761917909334
2026-03-13 13:00:07.000000000,27.716869623273915
2026-03-13 13:32:19.000000000,11.813538133499359
2026-03-13 13:46:25.000000000,7.627009484407777
2026-03-13 13:31:51.000000000,16.845252216569943
2026-03-13 13:08:24.000000000,20.233550258938877
2026-03-13 13:02:56.000000000,17.8905269446994
2026-03-13 13:07:08.000000000,5.769210667237702
2026-03-13 13:05:03.000000000,33.83640655659794
2026-03-13 13:29:25.000000000,23.254565706928094
2026-03-13 13:24:52.000000000,31.71758527241728
2026-03-13 13:01:59.000000000,21.161954343460057
2026-03-13 14:11:27.000000000,20.6765758020693
2026-03-13 14:37:42.000000000,29.12944001748411
2026-03-13 14:07:15.000000000,48.03374494522089
2026-03-13 14:58:57.000000000,15.234849486110434
2026-03-13 14:15:56.000000000,6.092108041746723
2026-03-13 14:08:38.000000000,6.654646698285072
2026-03-13 14:37:22.000000000,17.840051877991115
2026-03-13 14:01:22.000000000,20.885189601807717
2026-03-13 14:51:44.000000000,72.71399511857959
2026-03-13 14:57:16.000000000,12.803313716363052
2026-03-13 14:33:11.000000000,19.705961812070477
2026-03-13 14:15:50.000000000,8.070372003767478
2026-03-13 14:59:29.000000000,361.48924223194894
2026-03-13 14:10:42.000000000,49.4051573164162
2026-03-13 14:23:34.000000000,5.522373528296347
2026-03-13 14:16:51.000000000,12.471049334467605
2026-03-13 14:42:49.000000000,28.355787134782005
2026-03-13 14:02:43.000000000,8.421250600391657
2026-03-13 15:20:01.000000000,10.827802549851938
2026-03-13 15:21:23.000000000,6.116699612682231
2026-03-13 15:05:29.000000000,23.768730373719798
2026-03-13 15:46:32.000000000,10.538897398590986
2026-03-13 15:25:21.000000000,47.56915249402424
2026-03-13 15:20:08.000000000,30.787796022158354
2026-03-13 15:12:16.000000000,35.79407589846534
2026-03-13 15:04:38.000000000,15.56901979302117
2026-03-13 15:30:08.000000000,18.503593323705545
2026-03-13 15:13:07.000000000,9.522133357598712
2026-03-13 15:19:54.000000000,17.473779052508526
2026-03-13 15:18:28.000000000,28.248334792441618
2026-03-13 15:15:07.000000000,20.319159024989634
2026-03-13 15:54:15.000000000,18.074711675194663
2026-03-13 15:17:10.000000000,16.383112053005267
2026-03-13 15:42:22.000000000,39.715649698936915
2026-03-13 15:49:19.000000000,138.0999675219665
2026-03-13 15:44:43.000000000,15.278094317269634
2026-03-13 15:43:20.000000000,20.065227154995227
2026-03-13 15:00:45.000000000,159.67218942948003
2026-03-13 15:10:22.000000000,48.44417607120418
2026-03-13 15:54:11.000000000,23.057804023787522
2026-03-13 15:38:17.000000000,9.868317809372037
2026-03-13 16:38:18.000000000,26.139107976018842
2026-03-13 16:53:15.000000000,31.198090642871506
2026-03-13 16:22:14.000000000,18.768338112453467
2026-03-13 16:55:10.000000000,16.47358871474149
2026-03-13 16:38:37.000000000,147.27004136910006
2026-03-13 16:19:03.000000000,14.289195977039324
2026-03-13 16:11:04.000000000,31.885678369666962
2026-03-13 16:09:39.000000000,9.295393433582742
2026-03-13 16:27:53.000000000,11.541319447802415
2026-03-13 16:30:29.000000000,50.88599312222338
2026-03-13 16:38:54.000000000,7.794829249477457
2026-03-13 16:37:12.000000000,131.6969948042942
2026-03-13 16:03:40.000000000,14.556927665151953
2026-03-13 16:38:09.000000000,22.1788494331926
2026-03-13 16:47:39.000000000,10.032254186779891
2026-03-13 16:01:48.000000000,32.867995747898306
2026-03-13 17:40:03.000000000,18.1963611121088
2026-03-13 17:58:18.000000000,14.07767801597904
2026-03-13 17:04:52.000000000,131.73837484464298
2026-03-13 17:25:26.000000000,42.88585125162549
2026-03-13 17:47:33.000000000,11.053818462891726
2026-03-13 17:40:17.000000000,33.378251252393206
2026-03-13 17:31:57.000000000,9.69076640875292
2026-03-13 17:30:02.000000000,28.60262174148594
2026-03-13 17:55:50.000000000,25.83836844010814
2026-03-13 17:13:59.000000000,16.982589620759544
2026-03-13 17:18:25.000000000,8.601763177828705
2026-03-13 17:37:15.000000000,14.618172081288586
2026-03-13 17:12:37.000000000,13.286999056833928
2026-03-13 17:05:40.000000000,7.93295748799159
2026-03-13 17:40:20.000000000,14.926952679754692
2026-03-13 17:15:02.000000000,11.759945487043538
2026-03-13 17:17:28.000000000,21.036030671456643
2026-03-13 17:59:42.000000000,41.232328707949705
2026-03-13 17:33:51.000000000,48.56213808968921
2026-03-13 17:03:47.000000000,10.387897535209037
2026-03-13 17:03:18.000000000,15.095036284221445
2026-03-13 17:07:01.000000000,23.23802927341101
2026-03-13 17:17:59.000000000,46.7386525977316
2026-03-13 17:22:42.000000000,11.683329756799667
2026-03-13 17:49:03.000000000,8.085552631702287
2026-03-13 17:20:15.000000000,26.35199224590661
2026-03-13 18:03:21.000000000,11.643467158663242
2026-03-13 18:41:34.000000000,14.417784463933433
2026-03-13 18:10:51.000000000,30.50355426333801
2026-03-13 18:05:18.000000000,7.9068329907862545
2026-03-13 18:39:30.000000000,50.855227831275485
2026-03-13 18:01:03.000000000,10.50838379588328
2026-03-13 18:22:29.000000000,67.33750051342746
2026-03-13 18:27:08.000000000,14.437768244179583
2026-03-13 18:55:14.000000000,8.180732065457029
2026-03-13 18:28:57.000000000,28.622920759570086
2026-03-13 18:11:24.000000000,13.577630062437697
2026-03-13 18:24:26.000000000,36.484494884420485
2026-03-13 18:38:39.000000000,10.047884934831641
2026-03-13 18:24:54.000000000,42.13132270171378
2026-03-13 18:04:07.000000000,30.015503762878012
2026-03-13 18:59:19.000000000,29.740239487881908
2026-03-13 18:19:58.000000000,21.081469407458357
2026-03-13 18:08:19.000000000,8.93448496918678
2026-03-13 19:32:21.000000000,21.679810666657467
2026-03-13 19:12:00.000000000,6.078443720293613
2026-03-13 19:13:04.000000000,80.35250796704292
2026-03-13 19:24:18.000000000,68.18045946580628
2026-03-13 19:02:56.000000000,37.3403312957891
2026-03-13 19:56:02.000000000,6.621495200419869
2026-03-13 19:15:18.000000000,27.10267586772961
2026-03-13 19:07:56.000000000,16.03508544215628
2026-03-13 19:46:53.000000000,8.35187316208817
2026-03-13 19:58:44.000000000,6.088522317311816
2026-03-13 19:32:17.000000000,38.94963997002629
2026-03-13 19:00:09.000000000,21.365987477620443
2026-03-13 19:32:46.000000000,41.13161269241995
2026-03-13 19:30:42.000000000,50.26403319722927
2026-03-13 19:33:05.000000000,31.452082312814085
2026-03-13 19:18:35.000000000,32.75580632517824
2026-03-13 19:56:18.000000000,47.87509061053822
2026-03-13 19:00:20.000000000,27.991116271854224
2026-03-13 20:59:10.000000000,6.579766161094031
2026-03-13 20:11:55.000000000,11.706910613758433
2026-03-13 20:39:29.000000000,39.875546554307455
2026-03-13 20:54:22.000000000,14.46817364485619
2026-03-13 20:56:08.000000000,8.896719075435719
2026-03-13 20:30:07.000000000,38.369332037750375
2026-03-13 20:30:01.000000000,9.553203517040734
2026-03-13 20:45:04.000000000,39.95061886345579
2026-03-13 20:17:10.000000000,17.83018993128753
2026-03-13 20:25:09.000000000,14.363035748126453
2026-03-13 20:43:14.000000000,28.48911608300942
2026-03-13 20:34:51.000000000,31.52021287989978
2026-03-13 20:02:06.000000000,25.19173649188994
2026-03-13 20:32:18.000000000,9.570609693220955
2026-03-13 20:22:14.000000000,24.145954347930083
2026-03-13 20:19:50.000000000,9.620321643137355
2026-03-13 20:23:39.000000000,31.52309834522206
2026-03-13 20:24:50.000000000,11.53098534934762
2026-03-13 20:06:12.000000000,8.93025213808189
2026-03-13 20:26:54.000000000,18.98119637371005
2026-03-13 20:08:36.000000000,14.855924234516037
2026-03-13 20:30:37.000000000,26.465989493790097
2026-03-13 20:02:05.000000000,7.366744153020612
2026-03-13 20:25:31.000000000,19.262912404156427
2026-03-13 20:58:36.000000000,10.433094623621887
2026-03-13 20:21:01.000000000,7.265518855167512
2026-03-13 20:12:03.000000000,24.361886139210338
2026-03-13 21:45:42.000000000,11.521567660984307
2026-03-13 21:46:48.000000000,25.775282499258253
2026-03-13 21:03:05.000000000,53.12939749712932
2026-03-13 21:41:00.000000000,10.996974875571324
2026-03-13 21:58:11.000000000,36.72199136636888
2026-03-13 21:19:35.000000000,7.899898393932026
2026-03-13 21:05:47.000000000,37.84115749075536
2026-03-13 21:37:54.000000000,26.252042955145342
2026-03-13 21:07:40.000000000,44.68085760064933
2026-03-13 21:12:42.000000000,26.327599397712163
2026-03-13 21:40:16.000000000,7.520531035985343
2026-03-13 21:48:37.000000000,38.822556074896724
2026-03-13 21:07:23.000000000,17.68755128669941
2026-03-13 21:31:41.000000000,10.151562152544136
2026-03-13 21:43:58.000000000,18.320074404734395
2026-03-13 21:58:14.000000000,8.172855909754189
2026-03-13 21:13:30.000000000,20.219532987204524
2026-03-13 21:38:47.000000000,10.031736846871237
2026-03-13 21:07:20.000000000,110.89509536569771
2026-03-13 21:23:48.000000000,10.706572308131896
2026-03-13 21:41:37.000000000,8.94271158096435
2026-03-13 21:19:02.000000000,10.135770549522077
2026-03-13 22:23:00.000000000,24.40254157047952
2026-03-13 22:31:30.000000000,30.529686237914248
2026-03-13 22:08:37.000000000,72.66793654168669
2026-03-13 22:35:36.000000000,18.71545744102167
2026-03-13 22:38:07.000000000,31.1387222490122
2026-03-13 22:55:42.000000000,24.493737171901856
2026-03-13 22:07:14.000000000,12.576713290993396
2026-03-13 22:57:06.000000000,16.948831479954002
2026-03-13 22:17:15.000000000,9.657915199416486
2026-03-13 22:23:02.000000000,10.60668416280093
2026-03-13 22:44:41.000000000,11.072237899161491
2026-03-13 22:01:02.000000000,10.902974035285329
2026-03-13 22:48:12.000000000,10.756481289620847
2026-03-13 22:58:12.000000000,13.334231700480412
2026-03-13 22:04:47.000000000,46.25150758352786
2026-03-13 22:45:50.000000000,52.40332300083736
2026-03-13 22:43:45.000000000,28.854250018198677
2026-03-13 22:41:27.000000000,34.16613229254193
2026-03-13 22:28:44.000000000,28.29720130220848
2026-03-13 22:22:04.000000000,8.915970675446443
2026-03-13 22:36:50.000000000,11.172279100418436
2026-03-13 22:55:21.000000000,15.197497081753216
2026-03-13 22:20:28.000000000,41.52163373913534
2026-03-13 22:26:43.000000000,47.82553466011262
2026-03-13 22:54:06.000000000,38.94294057332431
2026-03-13 23:32:01.000000000,19.675940000316928
2026-03-13 23:34:38.000000000,20.418027064098403
2026-03-13 23:21:29.000000000,10.572611816949859
2026-03-13 23:00:17.000000000,13.328973388824949
2026-03-13 23:44:20.000000000,8.72790532328348
2026-03-13 23:02:56.000000000,20.494756108300066
2026-03-13 23:45:28.000000000,13.862036430848008
2026-03-13 23:34:22.000000000,24.999221546563497
2026-03-13 23:53:59.000000000,20.808327185595576
2026-03-13 23:07:08.000000000,38.8223443884081
2026-03-13 23:45:50.000000000,19.698201635793485
2026-03-13 23:09:40.000000000,10.434306024316477
2026-03-13 23:40:01.000000000,7.962986660859322
2026-03-14 00:18:31.000000000,20.02493028361132
2026-03-14 00:35:55.000000000,42.58796232051698
2026-03-14 00:21:17.000000000,20.72357373561705
2026-03-14 00:25:54.000000000,25.54820346115374
2026-03-14 00:58:52.000000000,8.147712151661231
2026-03-14 00:45:38.000000000,9.795293414233313
2026-03-14 00:09:17.000000000,9.499972264051305
2026-03-14 00:20:40.000000000,14.117386356544015
2026-03-14 00:50:37.000000000,13.339890956804059
2026-03-14 00:21:17.000000000,60.5637407267551
2026-03-14 00:23:29.000000000,48.097827920478174
2026-03-14 00:25:19.000000000,26.05669094974315
2026-03-14 00:15:30.000000000,15.299318469117434
2026-03-14 00:13:49.000000000,81.32350446821096
2026-03-14 00:42:31.000000000,42.13379090125631
2026-03-14 00:07:07.000000000,19.64860895054693
2026-03-14 00:54:57.000000000,22.274864279005257
2026-03-14 00:43:25.000000000,10.739319885076014
2026-03-14 00:36:33.000000000,38.57247718405985
2026-03-14 00:25:59.000000000,19.167730551762062
2026-03-14 00:02:34.000000000,13.76904390680138
2026-03-14 00:49:22.000000000,19.64351518100967
2026-03-14 01:27:15.000000000,29.006485844436597
2026-03-14 01:41:55.000000000,21.95334916101976
2026-03-14 01:38:33.000000000,16.044186577467073
2026-03-14 01:06:49.000000000,13.820845315886356
2026-03-14 01:11:49.000000000,18.26906550097101
2026-03-14 01:40:57.000000000,15.417513307746264
2026-03-14 01:34:13.000000000,42.24055742233311
2026-03-14 01:04:27.000000000,23.426363630128265
2026-03-14 01:01:31.000000000,20.73390891299833
2026-03-14 01:19:24.000000000,37.38224859810385
2026-03-14 01:20:41.000000000,15.122410662319732
2026-03-14 01:16:14.000000000,21.407842533354575
2026-03-14 01:32:28.000000000,22.288479225652395
2026-03-14 01:33:41.000000000,18.14746226717191
2026-03-14 01:08:05.000000000,17.2030214840532
2026-03-14 01:38:47.000000000,26.964761472165314
2026-03-14 01:22:45.000000000,29.462708810034385
2026-03-14 01:48:16.000000000,28.669591313205117
2026-03-14 02:23:22.000000000,14.203384636226986
2026-03-14 02:12:04.000000000,12.719328902805822
2026-03-14 02:34:12.000000000,22.727493997215205
2026-03-14 02:32:32.000000000,46.9558190583282
2026-03-14 02:50:02.000000000,10.423161299900574
2026-03-14 02:05:53.000000000,14.676914552457056
2026-03-14 02:26:30.000000000,25.706387272245507
2026-03-14 02:25:18.000000000,17.9547329408445
2026-03-14 03:25:27.000000000,10.73931456471499
2026-03-14 03:10:24.000000000,31.48320283366774
2026-03-14 03:36:10.000000000,10.527756973487717
2026-03-14 03:38:44.000000000,28.78726415631514
2026-03-14 03:14:14.000000000,19.18400200383164
2026-03-14 03:51:23.000000000,27.65959459251701
2026-03-14 03:36:19.000000000,21.39155547210472
2026-03-14 03:44:48.000000000,15.069057372704975
2026-03-14 03:09:27.000000000,17.319372595699484
2026-03-14 03:11:14.000000000,8.638476616400634
2026-03-14 03:44:48.000000000,32.84768089580858
2026-03-14 03:13:08.000000000,12.483033011445688
2026-03-14 03:23:29.000000000,17.094247947834077
2026-03-14 03:46:00.000000000,18.38785580253232
2026-03-14 04:51:03.000000000,152.36457777020928
2026-03-14 04:04:44.000000000,15.247319375428848
2026-03-14 04:37:18.000000000,11.58635990672827
2026-03-14 04:24:42.000000000,90.80279007604852
2026-03-14 04:01:38.000000000,76.13660556656507
2026-03-14 05:51:08.000000000,36.997732797020674
2026-03-14 05:20:23.000000000,21.143351315407504
2026-03-14 05:08:10.000000000,8.976872150293627
2026-03-14 05:33:59.000000000,30.070133688450348
2026-03-14 05:10:23.000000000,9.097500761867952
2026-03-14 05:56:49.000000000,110.79292489971873
2026-03-14 05:40:03.000000000,11.679584625716481
2026-03-14 06:49:45.000000000,10.490983520949232
2026-03-14 06:01:56.000000000,19.182320080780457
2026-03-14 06:07:17.000000000,18.596806537799623
2026-03-14 06:13:45.000000000,5.9369777143259475
2026-03-14 06:14:43.000000000,32.07653286874965
2026-03-14 07:11:57.000000000,20.080877683230288
2026-03-14 07:32:23.000000000,41.48972507594554
2026-03-14 07:52:27.000000000,20.653144343032736
2026-03-14 07:20:15.000000000,39.621583265961405
2026-03-14 07:25:54.000000000,9.133387798159982
2026-03-14 07:23:02.000000000,52.724207453832825
2026-03-14 07:31:20.000000000,17.789696713417097
2026-03-14 07:49:29.000000000,22.629728427429075
2026-03-14 07:59:32.000000000,44.99011800365359
2026-03-14 07:35:27.000000000,22.317247560035806
2026-03-14 07:16:21.000000000,67.00722588205734
2026-03-14 07:17:31.000000000,43.94649659418798
2026-03-14 07:12:24.000000000,13.887209633266336
2026-03-14 08:26:16.000000000,11.929816291428411
2026-03-14 08:32:35.000000000,13.485919041127595
2026-03-14 08:46:18.000000000,15.349892504229725
2026-03-14 08:23:29.000000000,12.481480230161203
2026-03-14 08:56:14.000000000,6.7887787976309655
2026-03-14 08:33:49.000000000,52.933407052011106
2026-03-14 08:51:33.000000000,23.602329005985247
2026-03-14 08:58:53.000000000,7.069860973552279
2026-03-14 08:11:07.000000000,19.434335953390732
2026-03-14 08:21:29.000000000,16.92075904687276
2026-03-14 08:35:59.000000000,15.218025758936493
2026-03-14 08:34:26.000000000,20.526607215441086
2026-03-14 08:40:27.000000000,20.256740130848275
2026-03-14 09:41:26.000000000,33.693940664169766
2026-03-14 09:53:28.000000000,9.827860106833022
2026-03-14 09:51:08.000000000,16.656200416661964
2026-03-14 09:21:27.000000000,11.941017631302369
2026-03-14 09:50:16.000000000,16.579118024862886
2026-03-14 09:49:46.000000000,37.57274067292048
2026-03-14 09:36:48.000000000,27.529512499504097
2026-03-14 09:40:11.000000000,24.37215498757625
2026-03-14 09:27:07.000000000,15.377363930820254
2026-03-14 09:00:03.000000000,8.348869208624398
2026-03-14 09:35:57.000000000,54.33022089401856
2026-03-14 09:29:06.000000000,25.865092285835317
2026-03-14 09:26:43.000000000,21.55726907959952
2026-03-14 09:45:16.000000000,22.363473541588824
2026-03-14 09:39:34.000000000,29.97144496571115
2026-03-14 09:43:21.000000000,13.366794791561276
2026-03-14 09:12:29.000000000,12.681851190215031
2026-03-14 09:11:45.000000000,14.036251784268735
2026-03-14 09:13:13.000000000,10.946796273915892
2026-03-14 10:47:09.000000000,7.661577928134312
2026-03-14 10:01:45.000000000,11.739377907945736
2026-03-14 10:12:22.000000000,6.514965789427745
2026-03-14 10:17:12.000000000,13.864176052811013
2026-03-14 10:42:38.000000000,9.050254392741326
2026-03-14 10:54:53.000000000,17.857621983101517
2026-03-14 10:23:06.000000000,34.183868296880654
2026-03-14 10:08:26.000000000,14.813937746590447
2026-03-14 10:18:53.000000000,68.08964960522934
2026-03-14 10:24:56.000000000,8.226664656613746
2026-03-14 10:20:49.000000000,8.412096423417289
2026-03-14 11:19:28.000000000,8.88389903895272
2026-03-14 11:31:35.000000000,56.68165076162728
2026-03-14 11:46:27.000000000,32.88449521192338
2026-03-14 11:33:23.000000000,10.300762149064735
2026-03-14 11:42:46.000000000,21.48294905699319
2026-03-14 11:49:51.000000000,15.246017064365944
2026-03-14 11:47:55.000000000,17.978636723744913
2026-03-14 11:33:29.000000000,8.035061788684164
2026-03-14 11:48:50.000000000,16.020521361789257
2026-03-14 11:55:52.000000000,17.27853311802039
2026-03-14 12:28:24.000000000,14.225154152248344
2026-03-14 12:16:04.000000000,14.098070202729115
2026-03-14 12:33:04.000000000,17.17596077495358
2026-03-14 12:06:57.000000000,35.11299566105364
2026-03-14 12:27:36.000000000,14.474063521281778
2026-03-14 12:00:54.000000000,30.376681214279728
2026-03-14 12:32:03.000000000,22.32969149934949
2026-03-14 12:38:24.000000000,24.15009321197543
2026-03-14 12:44:57.000000000,12.96071518999868
2026-03-14 12:31:45.000000000,45.472940741598336
2026-03-14 12:37:45.000000000,19.53557244463257
2026-03-14 12:55:08.000000000,6.954840145509412
2026-03-14 12:56:30.000000000,59.17083897811156
2026-03-14 12:21:29.000000000,12.489018442926849
2026-03-14 13:03:49.000000000,7.047898302452586
2026-03-14 13:20:10.000000000,23.080071591933667
2026-03-14 13:23:09.000000000,11.985620502781833
2026-03-14 13:38:40.000000000,8.07729499956524
2026-03-14 13:58:11.000000000,56.09044807302981
2026-03-14 13:28:38.000000000,8.568958016028766
2026-03-14 13:50:02.000000000,40.06790174917252
2026-03-14 13:52:53.000000000,14.188602353291047
2026-03-14 13:03:49.000000000,26.61060890816232
2026-03-14 13:57:15.000000000,26.47060177950606
2026-03-14 13:36:51.000000000,25.869115130444726
2026-03-14 13:34:30.000000000,19.617717022529487
2026-03-14 13:17:10.000000000,13.025048065181796
2026-03-14 13:05:26.000000000,101.5649724358178
2026-03-14 13:33:22.000000000,16.27750416152403
2026-03-14 13:30:59.000000000,49.85311657257332
2026-03-14 13:23:38.000000000,10.869984241747806
2026-03-14 13:52:07.000000000,62.78707484268614
2026-03-14 13:10:55.000000000,17.47457258294739
2026-03-14 13:38:35.000000000,48.99404729886986
2026-03-14 13:47:22.000000000,62.05180383519576
2026-03-14 13:00:37.000000000,9.632920353456107
2026-03-14 13:58:07.000000000,142.01489305768877
2026-03-14 13:21:05.000000000,12.132902610880887
2026-03-14 13:11:44.000000000,16.983085344549707
2026-03-14 13:17:12.000000000,41.69930302677942
2026-03-14 13:18:12.000000000,11.999363924276551
2026-03-14 14:25:17.000000000,21.900709775194002
2026-03-14 14:24:28.000000000,32.2511178854636
2026-03-14 14:43:13.000000000,21.893740469376745
2026-03-14 14:37:42.000000000,17.430743541908832
2026-03-14 14:42:23.000000000,68.1887433461674
2026-03-14 14:36:50.000000000,27.97086988926855
2026-03-14 14:08:09.000000000,9.566144430555518
2026-03-14 14:34:42.000000000,49.54462905768518
2026-03-14 14:48:56.000000000,25.919987857493496
2026-03-14 14:45:05.000000000,36.929547742518565
2026-03-14 14:45:56.000000000,26.685152431596677
2026-03-14 14:17:41.000000000,25.116922094853578
2026-03-14 14:59:33.000000000,29.197449388042195
2026-03-14 14:42:10.000000000,8.33627173579726
2026-03-14 14:18:33.000000000,9.447233597381128
2026-03-14 14:35:02.000000000,59.54004069582917
2026-03-14 14:28:59.000000000,13.882626355942886
2026-03-14 14:53:26.000000000,13.710951171768745
2026-03-14 14:26:53.000000000,13.58544164394482
2026-03-14 14:55:21.000000000,18.626297736499765
2026-03-14 14:24:31.000000000,10.758549868270075
2026-03-14 15:12:43.000000000,41.27902538529774
2026-03-14 15:22:52.000000000,8.256219186010071
2026-03-14 15:34:38.000000000,7.149928856180692
2026-03-14 15:40:25.000000000,22.14304486019953
2026-03-14 15:57:25.000000000,11.77112446508136
2026-03-14 15:06:27.000000000,15.1441784281159
2026-03-14 15:19:27.000000000,54.96323032082512
2026-03-14 15:40:21.000000000,13.668247607315248
2026-03-14 15:51:18.000000000,9.50222231175501
2026-03-14 15:19:34.000000000,15.74204473461647
2026-03-14 15:21:18.000000000,18.56984086449262
2026-03-14 15:28:04.000000000,33.6619930565908
2026-03-14 15:05:48.000000000,15.135007468634322
2026-03-14 15:03:32.000000000,15.698255864065601
2026-03-14 15:56:59.000000000,27.724792040944912
2026-03-14 15:28:00.000000000,31.95384980022208
2026-03-14 15:39:59.000000000,8.106875678232786
2026-03-14 16:47:03.000000000,12.787178525451314
2026-03-14 16:30:20.000000000,10.986326151807834
2026-03-14 16:10:35.000000000,19.714257114934036
2026-03-14 16:05:11.000000000,11.070476370626574
2026-03-14 16:52:12.000000000,29.025755480137626
2026-03-14 16:50:20.000000000,22.793360356045614
2026-03-14 16:26:15.000000000,26.48517621428613
2026-03-14 16:33:37.000000000,10.92447139973915
2026-03-14 16:38:29.000000000,27.151233340880687
2026-03-14 16:41:41.000000000,13.995558522720756
2026-03-14 16:01:37.000000000,26.32106965536424
2026-03-14 16:04:08.000000000,15.226490761246193
2026-03-14 16:02:59.000000000,28.12151989112953
2026-03-14 16:26:11.000000000,15.895146389256443
2026-03-14 16:22:16.000000000,10.606800250649997
2026-03-14 16:22:09.000000000,25.39419096346662
2026-03-14 16:13:32.000000000,26.506230984047864
2026-03-14 17:14:22.000000000,39.71000837088995
2026-03-14 17:16:57.000000000,8.780884998432095
2026-03-14 17:30:33.000000000,11.603053026938893
2026-03-14 17:43:04.000000000,7.199043323626318
2026-03-14 17:15:06.000000000,24.247399144992595
2026-03-14 17:32:09.000000000,12.667398718537282
2026-03-14 17:11:58.000000000,67.25585061961308
2026-03-14 17:07:51.000000000,18.428588878745572
2026-03-14 17:24:13.000000000,51.5667511745783
2026-03-14 17:39:44.000000000,17.69001180309185
2026-03-14 17:38:22.000000000,15.84937257164993
2026-03-14 17:38:29.000000000,39.54089653732148
2026-03-14 17:35:12.000000000,11.224556419648458
2026-03-14 17:03:20.000000000,25.89395283978943
2026-03-14 17:04:13.000000000,5.8102552707198285
2026-03-14 17:01:42.000000000,20.459526920503663
2026-03-14 17:10:59.000000000,17.740807334459753
2026-03-14 18:58:42.000000000,17.526584100454848
2026-03-14 18:18:22.000000000,23.812993758800236
2026-03-14 18:07:11.000000000,16.42469466219655
2026-03-14 18:34:50.000000000,40.61990032110175
2026-03-14 18:50:35.000000000,19.356281325433752
2026-03-14 18:37:37.000000000,11.279361706600294
2026-03-14 18:25:49.000000000,12.820759866496108
2026-03-14 18:58:53.000000000,61.69142413570525
2026-03-14 18:07:31.000000000,38.3721883466242
2026-03-14 18:43:03.000000000,10.84854220413347
2026-03-14 18:07:19.000000000,26.77960271857637
2026-03-14 19:36:57.000000000,45.50828079058016
2026-03-14 19:31:36.000000000,6.922205590968024
2026-03-14 19:38:29.000000000,23.062382088433715
2026-03-14 19:23:16.000000000,15.981516377487162
2026-03-14 19:47:37.000000000,24.478390555534606
2026-03-14 19:32:14.000000000,18.64680943296233
2026-03-14 19:07:39.000000000,47.88113630726036
2026-03-14 19:57:37.000000000,13.712563542775488
2026-03-14 19:13:19.000000000,24.10752888943375
2026-03-14 19:07:37.000000000,62.89520957904294
2026-03-14 19:51:52.000000000,8.889621345432552
2026-03-14 19:15:25.000000000,43.332544017041045
2026-03-14 19:38:37.000000000,37.844742793095975
2026-03-14 19:46:38.000000000,18.722225703783227
2026-03-14 19:52:55.000000000,23.4650179547343
2026-03-14 19:31:30.000000000,31.741183087499994
2026-03-14 19:22:08.000000000,8.174716268977564
2026-03-14 20:17:07.000000000,20.769943151926473
2026-03-14 20:48:16.000000000,9.795511718914305
2026-03-14 20:29:42.000000000,8.665677250619675
2026-03-14 20:32:23.000000000,22.165896481789556
2026-03-14 20:01:26.000000000,12.807122023278342
2026-03-14 20:38:38.000000000,27.010236358738595
2026-03-14 20:18:24.000000000,18.198478863260384
2026-03-14 20:35:51.000000000,30.910134179553467
2026-03-14 20:27:36.000000000,11.932076469449896
2026-03-14 20:15:48.000000000,10.880821074164604
2026-03-14 20:26:19.000000000,44.313078311689964
2026-03-14 20:05:32.000000000,35.85234137186821
2026-03-14 20:07:14.000000000,32.59454173731456
2026-03-14 20:14:40.000000000,36.5502310703605
2026-03-14 20:44:52.000000000,12.162113507728728
2026-03-14 20:59:13.000000000,23.61612485587493
2026-03-14 20:35:29.000000000,15.409219189405766
2026-03-14 20:14:45.000000000,13.477461067532648
2026-03-14 20:31:26.000000000,11.887094690312203
2026-03-14 20:50:30.000000000,21.45496352585906
2026-03-14 20:36:36.000000000,7.391503040450354
2026-03-14 20:56:34.000000000,44.17043425558604
2026-03-14 20:19:08.000000000,37.70028297781157
2026-03-14 20:52:03.000000000,25.779933333695624
2026-03-14 21:02:32.000000000,14.214884291645927
2026-03-14 21:51:47.000000000,35.16475314025077
2026-03-14 21:37:38.000000000,24.9931994260416
2026-03-14 21:52:01.000000000,44.47574180281671
2026-03-14 21:03:03.000000000,13.258454161524767
2026-03-14 21:21:23.000000000,5.640189159248433
2026-03-14 21:09:18.000000000,30.929090768561746
2026-03-14 21:58:22.000000000,31.5666114487705
2026-03-14 21:26:12.000000000,11.622443968679928
2026-03-14 21:56:29.000000000,55.96479007015046
2026-03-14 21:46:57.000000000,9.71188325721652
2026-03-14 21:32:09.000000000,24.655692166092024
2026-03-14 21:29:20.000000000,10.552268127440513
2026-03-14 21:49:32.000000000,26.72251190891428
2026-03-14 21:23:04.000000000,51.81364603379782
2026-03-14 21:42:35.000000000,28.44215363318704
2026-03-14 21:23:42.000000000,30.544845985580423
2026-03-14 21:18:38.000000000,17.904842798808055
2026-03-14 21:18:19.000000000,12.574067244597309
2026-03-14 21:08:51.000000000,19.37305014573905
2026-03-14 22:57:58.000000000,5.619485207019597
2026-03-14 22:19:06.000000000,18.793197020792366
2026-03-14 22:10:03.000000000,19.111655659988678
2026-03-14 22:41:53.000000000,42.078565442702455
2026-03-14 22:54:19.000000000,9.55822657034293
2026-03-14 22:28:28.000000000,12.68749067462577
2026-03-14 22:17:29.000000000,11.709843263513203
2026-03-14 22:25:47.000000000,16.887283948382713
2026-03-14 22:51:17.000000000,40.12337556310063
2026-03-14 22:18:59.000000000,16.152598002689373
2026-03-14 22:48:58.000000000,6.084715891733468
2026-03-14 22:27:00.000000000,18.716069727476263
2026-03-14 22:26:30.000000000,17.142476790049354
2026-03-14 22:41:09.000000000,45.88886473487395
2026-03-14 22:31:56.000000000,26.592406041511524
2026-03-14 22:27:42.000000000,30.369377364567587
2026-03-14 22:38:35.000000000,8.127872639377037
2026-03-14 22:54:01.000000000,58.68568336542091
2026-03-14 22:04:10.000000000,52.78225081434153
2026-03-14 23:34:40.000000000,13.615815235994965
2026-03-14 23:22:43.000000000,19.962878379619617
2026-03-14 23:03:26.000000000,103.08693170391896
2026-03-14 23:01:29.000000000,117.90592596166718
2026-03-14 23:35:45.000000000,22.79384076127053
2026-03-14 23:37:45.000000000,19.09353629727944
2026-03-14 23:39:27.000000000,149.71054002202885
2026-03-14 23:08:29.000000000,20.680306920810857
2026-03-14 23:31:22.000000000,22.398703555419445
2026-03-14 23:30:17.000000000,62.541152730722985
2026-03-14 23:37:02.000000000,10.66594795728069
2026-03-14 23:06:44.000000000,22.962489696998095
2026-03-14 23:21:34.000000000,9.567129676163514
2026-03-14 23:00:21.000000000,14.16122331092617
2026-03-14 23:03:13.000000000,6.0730644108743626
2026-03-14 23:42:23.000000000,26.48382686594762
2026-03-14 23:16:30.000000000,14.013276050820002
2026-03-14 23:37:13.000000000,15.74646032649841
2026-03-14 23:46:28.000000000,22.91113701362282
2026-03-14 23:49:22.000000000,8.450837842557943
2026-03-14 23:10:48.000000000,24.001927492817877
2026-03-15 00:00:39.000000000,15.25320964695561
2026-03-15 00:26:45.000000000,16.02631483717609
2026-03-15 00:42:40.000000000,30.208311500914398
2026-03-15 00:58:32.000000000,28.325448118422983
2026-03-15 00:14:57.000000000,35.186557499141756
2026-03-15 00:51:09.000000000,46.94905720443798
2026-03-15 00:40:03.000000000,35.99932474181977
2026-03-15 00:22:57.000000000,21.33829657482285
2026-03-15 00:51:13.000000000,11.629296767659177
2026-03-15 00:11:17.000000000,38.955849067493965
2026-03-15 00:34:31.000000000,7.283077675687157
2026-03-15 00:45:45.000000000,39.92288388241129
2026-03-15 00:40:14.000000000,23.684523438550535
2026-03-15 00:28:10.000000000,9.782096626454795
2026-03-15 01:26:27.000000000,27.976657379572487
2026-03-15 01:18:35.000000000,12.014092826886243
2026-03-15 01:45:35.000000000,13.069159174266648
2026-03-15 01:14:09.000000000,24.935255498026834
2026-03-15 01:00:08.000000000,9.96709733756533
2026-03-15 01:06:04.000000000,26.511994351003153
2026-03-15 01:15:49.000000000,48.039947633355865
2026-03-15 01:40:19.000000000,46.20456146227676
2026-03-15 01:52:19.000000000,14.954970644877932
2026-03-15 02:09:49.000000000,13.181346958216931
2026-03-15 02:46:46.000000000,28.795472132089287
2026-03-15 02:05:25.000000000,43.137414192115884
2026-03-15 02:11:09.000000000,8.283650948938918
2026-03-15 02:17:48.000000000,36.429896797568965
2026-03-15 02:05:25.000000000,29.161940544208882
2026-03-15 02:12:04.000000000,27.87431866747013
2026-03-15 02:14:11.000000000,22.12031643553355
2026-03-15 02:51:10.000000000,9.5089189935814
2026-03-15 02:41:42.000000000,8.113608456895381
2026-03-15 02:18:30.000000000,40.37146353419197
2026-03-15 02:56:14.000000000,16.347916162950423
2026-03-15 02:42:39.000000000,49.67420588195682
2026-03-15 02:54:43.000000000,9.988358776856932
2026-03-15 03:19:37.000000000,33.81744075516962
2026-03-15 03:20:27.000000000,9.551316281232493
2026-03-15 03:46:29.000000000,16.905483711523544
2026-03-15 03:16:07.000000000,8.72982901537532
2026-03-15 03:14:45.000000000,10.096062668031017
2026-03-15 03:23:32.000000000,25.664422026685095
2026-03-15 03:01:41.000000000,15.792568029440805
2026-03-15 04:37:21.000000000,45.38557333297046
2026-03-15 04:19:25.000000000,37.32694815153953
2026-03-15 05:11:00.000000000,71.89211514990592
2026-03-15 05:15:55.000000000,50.492352257537476
2026-03-15 06:04:49.000000000,27.843799739010826
2026-03-15 06:53:08.000000000,134.24026621983427
2026-03-15 06:28:38.000000000,37.06932328140515
2026-03-15 06:21:47.000000000,24.572700086888226
2026-03-15 06:11:52.000000000,10.27841913947831
2026-03-15 06:32:17.000000000,86.48297119733962
2026-03-15 06:42:53.000000000,26.146247157013384
2026-03-15 06:39:00.000000000,31.447285439623744
2026-03-15 06:32:58.000000000,13.073524362029005
2026-03-15 06:40:33.000000000,33.36046735021088
2026-03-15 07:42:50.000000000,22.96475421569491
2026-03-15 07:39:37.000000000,17.703895430172803
2026-03-15 07:55:40.000000000,8.584150647733441
2026-03-15 08:54:54.000000000,8.562189453795147
2026-03-15 08:07:35.000000000,10.74339705949207
2026-03-15 08:39:03.000000000,28.715510046308584
2026-03-15 08:51:27.000000000,26.979108508299724
2026-03-15 08:22:54.000000000,21.877602449540454
2026-03-15 08:38:41.000000000,90.85788713429088
2026-03-15 08:16:44.000000000,16.26616294622814
2026-03-15 08:52:24.000000000,5.615243880486879
2026-03-15 08:08:49.000000000,23.642127402806004
2026-03-15 08:57:29.000000000,5.62313003170733
2026-03-15 08:59:31.000000000,12.336998448473054
2026-03-15 08:51:50.000000000,21.274417515308308
2026-03-15 08:32:34.000000000,49.54612064561293
2026-03-15 08:30:55.000000000,27.017973643205902
2026-03-15 09:55:59.000000000,6.986817632049893
2026-03-15 09:17:49.000000000,15.067091829653464
2026-03-15 09:29:22.000000000,10.789377411020993
2026-03-15 09:01:06.000000000,85.86794967707928
2026-03-15 09:47:41.000000000,15.752316974043186
2026-03-15 09:59:24.000000000,15.278213971408626
2026-03-15 09:20:43.000000000,18.556689687598016
2026-03-15 09:32:02.000000000,18.35487692740321
2026-03-15 09:03:01.000000000,14.309392350665672
2026-03-15 09:49:08.000000000,18.72508203951229
2026-03-15 09:46:57.000000000,11.170072995911593
2026-03-15 09:46:27.000000000,13.98419020625375
2026-03-15 09:10:45.000000000,19.918172768204222
2026-03-15 09:17:47.000000000,57.21808398119799
2026-03-15 09:54:40.000000000,21.679643474442326
2026-03-15 10:29:40.000000000,11.630090139834566
2026-03-15 10:31:01.000000000,12.973681713143044
2026-03-15 10:58:28.000000000,8.91825438381889
2026-03-15 10:34:16.000000000,30.623260072255512
2026-03-15 10:41:43.000000000,13.181680321244922
2026-03-15 10:50:46.000000000,15.30801518883446
2026-03-15 10:50:07.000000000,10.78526402830579
2026-03-15 10:55:07.000000000,10.66178350881853
2026-03-15 10:00:44.000000000,5.395245104064915
2026-03-15 10:38:03.000000000,16.275878776544815
2026-03-15 10:53:08.000000000,36.4675484757631
2026-03-15 10:46:03.000000000,21.96247422145789
2026-03-15 10:32:26.000000000,24.972348346639897
2026-03-15 10:38:18.000000000,10.209805028091171
2026-03-15 10:22:13.000000000,20.347440404341587
2026-03-15 11:55:48.000000000,10.91290025548078
2026-03-15 11:04:46.000000000,17.926971256861023
2026-03-15 11:26:13.000000000,72.63948436605492
2026-03-15 11:49:01.000000000,17.802215698054322
2026-03-15 11:10:06.000000000,19.437851770136227
2026-03-15 11:54:34.000000000,51.45062691983989
2026-03-15 11:11:55.000000000,50.39551043118282
2026-03-15 11:52:49.000000000,18.103494195543718
2026-03-15 11:18:47.000000000,23.298252086221577
2026-03-15 11:17:05.000000000,11.64763061305714
2026-03-15 12:03:25.000000000,9.895501524658535
2026-03-15 12:06:36.000000000,9.607757849115352
2026-03-15 12:33:27.000000000,8.081905069788917
2026-03-15 12:56:18.000000000,17.82528916316805
2026-03-15 12:03:33.000000000,33.97477790825897
2026-03-15 12:04:26.000000000,8.964782659853615
2026-03-15 12:57:18.000000000,34.069535037112594
2026-03-15 12:07:59.000000000,37.22411464062282
2026-03-15 12:49:58.000000000,14.659125709131814
2026-03-15 12:52:13.000000000,11.380780746635981
2026-03-15 12:54:37.000000000,10.273162396991141
2026-03-15 12:41:57.000000000,38.878085109818
2026-03-15 12:26:52.000000000,14.940273492888997
2026-03-15 12:11:05.000000000,20.06536775701004
2026-03-15 12:07:17.000000000,31.489135981644054
2026-03-15 12:18:29.000000000,21.62183515783563
2026-03-15 12:59:28.000000000,20.738227046577677
2026-03-15 12:40:33.000000000,31.864383102387908
2026-03-15 13:35:40.000000000,9.214120026413989
2026-03-15 13:23:12.000000000,70.03933969262815
2026-03-15 13:45:59.000000000,152.35566733627266
2026-03-15 13:07:21.000000000,13.985356819437328
2026-03-15 13:00:04.000000000,63.58003748936312
2026-03-15 13:15:44.000000000,31.916242968020107
2026-03-15 13:09:29.000000000,11.923929690438014
2026-03-15 13:07:33.000000000,22.026928650157817
2026-03-15 13:23:57.000000000,24.94322367433591
2026-03-15 13:33:16.000000000,15.100457218352787
2026-03-15 13:50:06.000000000,12.530602466269544
2026-03-15 13:04:25.000000000,99.23010505029129
2026-03-15 13:03:15.000000000,11.632099373584223
2026-03-15 13:42:52.000000000,48.78134901995003
2026-03-15 13:33:18.000000000,40.94455963167893
2026-03-15 13:58:05.000000000,49.94996878457365
2026-03-15 13:33:30.000000000,6.540186784444505
2026-03-15 13:48:53.000000000,30.07327401413472
2026-03-15 13:29:00.000000000,18.361387062926923
2026-03-15 14:01:54.000000000,7.639459542068808
2026-03-15 14:05:36.000000000,38.47482304039327
2026-03-15 14:38:11.000000000,12.840367804216228
2026-03-15 14:28:27.000000000,25.829416379698074
2026-03-15 14:00:43.000000000,10.80617532772543
2026-03-15 14:36:24.000000000,11.451109104391836
2026-03-15 14:23:44.000000000,9.001778069126285
2026-03-15 14:23:26.000000000,11.545236304755985
2026-03-15 14:47:11.000000000,22.152489041795867
2026-03-15 14:34:23.000000000,31.392520255784348
2026-03-15 14:58:46.000000000,14.167301497848877
2026-03-15 14:29:46.000000000,13.564037801803659
2026-03-15 14:58:28.000000000,41.79381534290168
2026-03-15 14:03:00.000000000,8.797977325152248
2026-03-15 14:43:14.000000000,72.10776605099375
2026-03-15 15:06:50.000000000,12.451069184667464
2026-03-15 15:51:41.000000000,51.61184306217489
2026-03-15 15:53:40.000000000,17.109732914060093
2026-03-15 15:38:41.000000000,30.576616046589557
2026-03-15 15:19:21.000000000,9.060939982813085
2026-03-15 15:43:22.000000000,24.468402219825766
2026-03-15 15:22:27.000000000,10.730015467894013
2026-03-15 15:48:57.000000000,42.371413491785404
2026-03-15 15:20:33.000000000,16.0244576108677
2026-03-15 15:37:23.000000000,41.51385550239378
2026-03-15 15:57:16.000000000,18.04643529440935
2026-03-15 15:08:54.000000000,16.85554969929292
2026-03-15 15:08:22.000000000,29.888153618861203
2026-03-15 15:26:21.000000000,49.131616693505556
2026-03-15 15:06:11.000000000,15.138275821231721
2026-03-15 15:48:24.000000000,20.187568298494476
2026-03-15 15:44:22.000000000,12.368583914437869
2026-03-15 16:29:58.000000000,23.6179095321419
2026-03-15 16:10:38.000000000,9.887202491486654
2026-03-15 16:22:40.000000000,10.266249526897417
2026-03-15 16:15:38.000000000,17.749162279316323
2026-03-15 16:01:07.000000000,10.69946742401939
2026-03-15 16:53:48.000000000,48.970730279006915
2026-03-15 16:06:13.000000000,15.798635895859292
2026-03-15 16:50:26.000000000,11.487814806665456
2026-03-15 16:40:45.000000000,26.40873832258694
2026-03-15 16:42:17.000000000,106.04400204050211
2026-03-15 16:08:55.000000000,26.524775578154866
2026-03-15 16:50:01.000000000,64.11229955665047
2026-03-15 16:34:30.000000000,8.302393039298723
2026-03-15 16:15:14.000000000,88.63531609363022
2026-03-15 16:26:46.000000000,21.524243419935978
2026-03-15 16:53:39.000000000,21.462808611015653
2026-03-15 16:25:04.000000000,89.27194325370468
2026-03-15 17:53:03.000000000,48.504042812365796
2026-03-15 17:40:24.000000000,17.197347772284555
2026-03-15 17:36:57.000000000,10.83992440807185
2026-03-15 17:06:34.000000000,72.64524224957054
2026-03-15 17:29:22.000000000,16.561863037081153
2026-03-15 17:04:19.000000000,337.4283671450416
2026-03-15 17:46:22.000000000,9.996382406743166
2026-03-15 17:53:54.000000000,15.86134994496392
2026-03-15 17:52:22.000000000,14.265683603856715
2026-03-15 17:04:29.000000000,27.65654376476563
2026-03-15 17:31:37.000000000,24.631578497872155
2026-03-15 17:51:28.000000000,14.507856899674039
2026-03-15 17:49:22.000000000,13.680095346382567
2026-03-15 17:18:24.000000000,84.93155052671096
2026-03-15 17:22:52.000000000,20.611808146624504
2026-03-15 17:12:32.000000000,9.666052060977934
2026-03-15 18:09:51.000000000,7.285824856793086
2026-03-15 18:25:07.000000000,33.897216022114506
2026-03-15 18:37:05.000000000,12.113242705016805
2026-03-15 18:59:26.000000000,34.2323994936517
2026-03-15 18:04:57.000000000,24.854317604379098
2026-03-15 18:19:47.000000000,20.713010799705955
2026-03-15 18:19:21.000000000,6.901165651978152
2026-03-15 18:46:36.000000000,6.453649365330776
2026-03-15 18:32:30.000000000,9.593979795257471
2026-03-15 18:29:02.000000000,6.957456223517449
2026-03-15 18:37:56.000000000,18.031708646594616
2026-03-15 18:11:36.000000000,21.225935311203866
2026-03-15 18:56:25.000000000,28.14914559574155
2026-03-15 18:26:33.000000000,27.725517130599354
2026-03-15 18:16:34.000000000,18.032053795556294
2026-03-15 18:00:30.000000000,30.63181711853021
2026-03-15 18:58:10.000000000,58.33285490111374
2026-03-15 18:49:59.000000000,19.62147953935583
2026-03-15 18:21:07.000000000,16.82612101195292
2026-03-15 18:15:54.000000000,12.061158686293393
2026-03-15 18:14:21.000000000,39.112793596794354
2026-03-15 18:48:06.000000000,17.601778883490447
2026-03-15 18:32:15.000000000,23.21565829313031
2026-03-15 18:34:35.000000000,10.120311369468261
2026-03-15 19:02:02.000000000,9.237936187092709
2026-03-15 19:58:03.000000000,7.386589713734596
2026-03-15 19:39:01.000000000,48.164356634305676
2026-03-15 19:47:04.000000000,19.19383657711792
2026-03-15 19:52:03.000000000,12.44753375611674
2026-03-15 19:01:33.000000000,18.614523565636244
2026-03-15 19:12:30.000000000,60.65142849491245
2026-03-15 19:48:56.000000000,24.69651584484241
2026-03-15 19:25:05.000000000,20.263257894457126
2026-03-15 19:01:06.000000000,80.83465270282015
2026-03-15 19:24:43.000000000,25.434409420343556
2026-03-15 19:22:53.000000000,6.789976640285385
2026-03-15 19:53:22.000000000,15.729851604032284
2026-03-15 19:06:19.000000000,7.945594162883612
2026-03-15 19:52:04.000000000,47.78593202600329
2026-03-15 19:50:10.000000000,20.484978733419762
2026-03-15 19:22:56.000000000,15.922930868650296
2026-03-15 19:00:28.000000000,24.305799826748512
2026-03-15 19:53:56.000000000,25.625543538946477
2026-03-15 20:33:52.000000000,12.492320896058047
2026-03-15 20:09:08.000000000,19.48028031160058
2026-03-15 20:09:21.000000000,65.38662503591809
2026-03-15 20:19:27.000000000,36.091868884218826
2026-03-15 20:14:28.000000000,42.30515963579532
2026-03-15 20:51:09.000000000,17.779328499767978
2026-03-15 20:48:02.000000000,21.32934169125631
2026-03-15 20:39:59.000000000,8.934210431588701
2026-03-15 20:56:56.000000000,10.954851244019888
2026-03-15 20:54:30.000000000,44.44168221036108
2026-03-15 20:17:35.000000000,11.664701269969726
2026-03-15 20:18:15.000000000,9.902401432030327
2026-03-15 20:42:54.000000000,46.19125089761676
2026-03-15 20:07:10.000000000,29.944915057371905
2026-03-15 20:26:09.000000000,8.946225020083562
2026-03-15 20:02:34.000000000,14.126096111460365
2026-03-15 20:53:11.000000000,36.53255901146808
2026-03-15 21:36:11.000000000,9.82148815652937
2026-03-15 21:59:20.000000000,20.242522067445663
2026-03-15 21:11:46.000000000,62.964497607984896
2026-03-15 21:20:25.000000000,9.315750559102247
2026-03-15 21:22:54.000000000,8.913177094904533
2026-03-15 21:12:11.000000000,7.938807321851768
2026-03-15 21:26:57.000000000,9.28887345620959
2026-03-15 21:12:18.000000000,8.252947447287532
2026-03-15 21:32:23.000000000,10.08015663886118
2026-03-15 21:31:16.000000000,11.776858986369101
2026-03-15 21:12:20.000000000,18.609715202846765
2026-03-15 22:49:39.000000000,25.78993436062082
2026-03-15 22:30:38.000000000,11.391679541302292
2026-03-15 22:36:22.000000000,10.91619660829813
2026-03-15 22:49:24.000000000,20.44890751832616
2026-03-15 22:25:50.000000000,57.08259644501035
2026-03-15 22:09:19.000000000,9.541235510911733
2026-03-15 22:06:49.000000000,44.51441338631312
2026-03-15 22:04:54.000000000,28.47917239162838
2026-03-15 22:19:11.000000000,8.981501118780931
2026-03-15 22:15:48.000000000,16.517859208885042
2026-03-15 22:44:50.000000000,33.797098097910954
2026-03-15 22:46:25.000000000,13.504405428014543
2026-03-15 22:41:23.000000000,23.480983322671225
2026-03-15 23:29:35.000000000,6.052760022096075
2026-03-15 23:50:05.000000000,11.691656479174142
2026-03-15 23:59:55.000000000,19.74076279134563
2026-03-15 23:05:12.000000000,6.042153890837705
2026-03-15 23:44:47.000000000,15.997393015764697
2026-03-15 23:56:43.000000000,16.03177839162412
2026-03-15 23:49:37.000000000,20.41200004967635
2026-03-15 23:23:34.000000000,11.189137266314168
2026-03-15 23:32:45.000000000,12.36734353626669
2026-03-15 23:33:36.000000000,32.01590522172484
2026-03-15 23:04:04.000000000,25.783363094823223
2026-03-15 23:35:53.000000000,29.283988571658618
2026-03-15 23:00:46.000000000,85.69914153717065
2026-03-15 23:16:04.000000000,14.331381540424944
2026-03-15 23:21:56.000000000,9.066884181448431
2026-03-16 00:54:17.000000000,51.11664880023562
2026-03-16 00:02:40.000000000,26.628111700435777
2026-03-16 00:25:26.000000000,11.602546949298667
2026-03-16 00:20:12.000000000,17.29766856897571
2026-03-16 00:24:48.000000000,31.28461083319246
2026-03-16 00:55:47.000000000,85.75531873744157
2026-03-16 00:28:25.000000000,30.915703605931764
2026-03-16 00:40:27.000000000,13.854481619893399
2026-03-16 01:03:11.000000000,29.332478994398393
2026-03-16 01:20:04.000000000,7.8720466012053425
2026-03-16 01:06:18.000000000,11.06005971551066
2026-03-16 02:17:56.000000000,14.477106993515498
2026-03-16 02:50:27.000000000,21.629332067449504
2026-03-16 02:11:42.000000000,12.996589503381447
2026-03-16 02:25:12.000000000,28.36658711425234
2026-03-16 02:27:29.000000000,10.593425848316611
2026-03-16 03:32:10.000000000,8.531241651545672
2026-03-16 03:00:39.000000000,12.424123227069394
2026-03-16 03:36:59.000000000,54.04027090666227
2026-03-16 03:08:11.000000000,38.99671214508295
2026-03-16 04:15:44.000000000,81.19943461057008
2026-03-16 05:35:03.000000000,56.02680664931884
2026-03-16 05:58:00.000000000,32.53733426568722
2026-03-16 05:07:48.000000000,103.47055003484297
2026-03-16 05:00:45.000000000,17.880106656473078
2026-03-16 05:22:22.000000000,79.19595528100004
2026-03-16 05:47:08.000000000,18.596301460316383
2026-03-16 05:02:17.000000000,54.358229925639016
2026-03-16 05:52:53.000000000,8.972474546216677
2026-03-16 06:59:19.000000000,10.927370411104906
2026-03-16 06:00:10.000000000,20.104972304367102
2026-03-16 06:58:53.000000000,20.139430656197504
2026-03-16 06:27:24.000000000,15.150179139996226
2026-03-16 06:02:02.000000000,16.888964104259518
2026-03-16 06:16:11.000000000,23.211024178149575
2026-03-16 06:46:53.000000000,103.17363786036259
2026-03-16 06:37:02.000000000,32.654599985513514
2026-03-16 06:26:49.000000000,62.70531822622392
2026-03-16 07:15:10.000000000,46.88608043682656
2026-03-16 07:13:07.000000000,8.04359509301843
2026-03-16 07:53:32.000000000,19.20130706513997
2026-03-16 07:09:23.000000000,9.982236228852601
2026-03-16 07:21:27.000000000,17.7229892523776
2026-03-16 07:05:43.000000000,6.170863305296944
2026-03-16 07:54:22.000000000,44.953702868715496
2026-03-16 07:19:16.000000000,17.629052580154173
2026-03-16 07:25:36.000000000,16.83509690444048
2026-03-16 07:32:55.000000000,29.767970652258526
2026-03-16 07:34:50.000000000,239.94535989485382
2026-03-16 07:14:38.000000000,15.293425173517951
2026-03-16 07:55:40.000000000,48.5758862064001
2026-03-16 07:08:09.000000000,8.150478837728137
2026-03-16 07:53:53.000000000,25.64852883862738
2026-03-16 07:49:54.000000000,40.70388250788329
2026-03-16 07:23:15.000000000,14.538613467029833
2026-03-16 07:56:14.000000000,17.31834061850116
2026-03-16 07:27:29.000000000,10.454833173194626
2026-03-16 07:50:44.000000000,15.992689407404864
2026-03-16 08:44:57.000000000,12.672148363135555
2026-03-16 08:56:55.000000000,21.888554818989704
2026-03-16 08:02:56.000000000,60.53299727997312
2026-03-16 08:06:10.000000000,23.46263756284972
2026-03-16 08:45:01.000000000,11.698108314133854
2026-03-16 08:42:25.000000000,21.67644887274148
2026-03-16 08:19:35.000000000,15.81986960843763
2026-03-16 08:03:27.000000000,6.839761174868901
2026-03-16 08:56:24.000000000,12.110205442915884
2026-03-16 08:11:42.000000000,39.77442728332812
2026-03-16 08:38:38.000000000,23.911130012457335
2026-03-16 08:42:10.000000000,21.67049775824033
2026-03-16 08:10:06.000000000,16.244767460015638
2026-03-16 08:00:42.000000000,20.55957450589477
2026-03-16 08:49:37.000000000,6.503519842512823
2026-03-16 08:37:01.000000000,9.850378575540596
2026-03-16 08:04:10.000000000,14.912522935397128
2026-03-16 08:35:59.000000000,59.14944560452061
2026-03-16 08:06:43.000000000,37.546581075615535
2026-03-16 08:42:15.000000000,15.89106844460262
2026-03-16 08:56:39.000000000,24.35004876211302
2026-03-16 08:29:49.000000000,9.116090166657894
2026-03-16 09:26:53.000000000,32.66840218059237
2026-03-16 09:42:38.000000000,27.698524916603176
2026-03-16 09:10:12.000000000,80.23039893926051
2026-03-16 09:49:45.000000000,7.000745338671581
2026-03-16 09:52:42.000000000,24.208400465644583
2026-03-16 09:52:59.000000000,14.297109425218142
2026-03-16 09:33:40.000000000,19.70726905263455
2026-03-16 09:03:46.000000000,11.942386455675855
2026-03-16 09:33:38.000000000,6.110384101654345
2026-03-16 09:17:25.000000000,27.965566687118468
2026-03-16 09:02:16.000000000,10.41176904718537
2026-03-16 09:24:07.000000000,51.36693499154718
2026-03-16 09:45:03.000000000,29.312231359185006
2026-03-16 09:39:48.000000000,8.528089709440088
2026-03-16 09:30:00.000000000,22.145225792111745
2026-03-16 09:00:38.000000000,8.949972674544505
2026-03-16 09:51:45.000000000,16.493510874231582
2026-03-16 09:52:22.000000000,34.2619436448735
2026-03-16 09:13:30.000000000,18.28350949547044
2026-03-16 09:18:41.000000000,24.61613700262218
2026-03-16 10:38:03.000000000,23.412963588568424
2026-03-16 10:37:24.000000000,30.5488429925811
2026-03-16 10:59:07.000000000,16.229274060327366
2026-03-16 10:21:13.000000000,9.015658346033177
2026-03-16 10:10:36.000000000,41.71447752593646
2026-03-16 10:23:33.000000000,7.838147249180125
2026-03-16 10:55:59.000000000,16.518710295957064
2026-03-16 10:57:41.000000000,43.08460953279237
2026-03-16 10:00:28.000000000,10.936870361562029
2026-03-16 10:18:28.000000000,11.014509649150389
2026-03-16 10:11:39.000000000,30.957424836450606
2026-03-16 10:21:08.000000000,37.08858400723396
2026-03-16 10:21:13.000000000,23.95407106236435
2026-03-16 10:58:48.000000000,68.1253055616172
2026-03-16 10:56:44.000000000,16.253995517676962
2026-03-16 10:43:51.000000000,10.439418402486272
2026-03-16 10:07:54.000000000,24.755381333427817
2026-03-16 10:12:08.000000000,21.084644064316592
2026-03-16 11:29:21.000000000,12.264362089481649
2026-03-16 11:40:58.000000000,13.55541009710064
2026-03-16 11:21:35.000000000,8.350760254411423
2026-03-16 11:18:58.000000000,35.13548627766819
2026-03-16 11:37:34.000000000,10.195599979592064
2026-03-16 11:56:39.000000000,16.48261244174124
2026-03-16 11:32:46.000000000,20.613808928275553
2026-03-16 11:46:55.000000000,30.115547769232727
2026-03-16 11:25:33.000000000,48.625512963752506
2026-03-16 11:00:28.000000000,13.772814735243951
2026-03-16 12:57:04.000000000,32.136987205774766
2026-03-16 12:12:20.000000000,10.405793960744823
2026-03-16 12:42:24.000000000,7.657901080277825
2026-03-16 12:35:18.000000000,27.936487692405713
2026-03-16 12:37:32.000000000,40.67578802720367
2026-03-16 12:43:43.000000000,15.995180151965574
2026-03-16 12:03:04.000000000,22.175989570004887
2026-03-16 12:35:51.000000000,20.86110560940088
2026-03-16 12:16:38.000000000,109.83619315686333
2026-03-16 12:51:41.000000000,6.064149932073588
2026-03-16 12:19:42.000000000,11.996210767853292
2026-03-16 12:19:36.000000000,10.12028678034167
2026-03-16 12:16:55.000000000,22.93622035349544
2026-03-16 12:40:44.000000000,19.98808679553735
2026-03-16 12:53:41.000000000,9.584395373596259
2026-03-16 12:17:28.000000000,47.9177312194215
2026-03-16 12:58:19.000000000,6.7190679629544965
2026-03-16 12:11:33.000000000,89.8904553854796
2026-03-16 12:46:03.000000000,6.376479164889087
2026-03-16 13:41:34.000000000,17.28128074417574
2026-03-16 13:25:02.000000000,18.584681097076064
2026-03-16 13:54:37.000000000,22.765441455459335
2026-03-16 13:37:28.000000000,79.87095458163498
2026-03-16 13:50:02.000000000,12.470094983361221
2026-03-16 13:03:47.000000000,14.702227752425607
2026-03-16 13:25:16.000000000,11.273509388856935
2026-03-16 13:23:36.000000000,18.46919554191639
2026-03-16 13:05:24.000000000,11.416919450672506
2026-03-16 13:09:52.000000000,11.688319663485773
2026-03-16 14:53:25.000000000,19.007013239264513
2026-03-16 14:02:43.000000000,8.82484944775243
2026-03-16 14:01:10.000000000,51.47274134302883
2026-03-16 14:59:04.000000000,21.37799226016054
2026-03-16 14:22:06.000000000,20.633830538295065
2026-03-16 14:33:27.000000000,15.851454486891026
2026-03-16 14:49:13.000000000,46.93256289739247
2026-03-16 14:15:51.000000000,106.179360470987
2026-03-16 14:06:35.000000000,7.363647314263803
2026-03-16 14:07:08.000000000,26.36077057135889
2026-03-16 14:02:39.000000000,11.600719124972887
2026-03-16 14:51:12.000000000,21.8767322057608
2026-03-16 14:37:25.000000000,14.716549930627284
2026-03-16 15:26:05.000000000,17.894465332269668
2026-03-16 15:40:43.000000000,19.135117274601107
2026-03-16 15:01:30.000000000,7.421850165578345
2026-03-16 15:09:34.000000000,17.402322233117854
2026-03-16 15:07:59.000000000,11.411553193884123
2026-03-16 15:40:19.000000000,46.79288041315001
2026-03-16 15:33:47.000000000,20.648859126214212
2026-03-16 15:59:01.000000000,8.683734753642366
2026-03-16 15:08:05.000000000,10.912005196892727
2026-03-16 15:13:54.000000000,17.189787802159884
2026-03-16 15:08:10.000000000,48.39836304238574
2026-03-16 15:59:45.000000000,66.85923154685223
2026-03-16 16:16:23.000000000,19.9668913095446
2026-03-16 16:51:33.000000000,11.176065361300743
2026-03-16 16:45:06.000000000,17.88171133869699
2026-03-16 16:07:13.000000000,20.631889730473304
2026-03-16 16:54:44.000000000,8.213141091329284
2026-03-16 16:37:28.000000000,22.69679010701242
2026-03-16 16:50:10.000000000,9.723407820222702
2026-03-16 16:51:27.000000000,11.672438155689088
2026-03-16 16:31:46.000000000,192.96097746473959
2026-03-16 16:34:59.000000000,32.39310055714211
2026-03-16 16:04:19.000000000,22.744862398873856
2026-03-16 16:02:19.000000000,16.35274295758465
2026-03-16 16:25:53.000000000,22.641520454615332
2026-03-16 16:22:34.000000000,11.758984723091324
2026-03-16 16:41:27.000000000,59.30310250970358
2026-03-16 16:57:09.000000000,6.7038715884158275
2026-03-16 16:18:53.000000000,8.033734989186808
2026-03-16 17:41:33.000000000,26.553771806232007
2026-03-16 17:26:16.000000000,19.91834742422526
2026-03-16 17:26:37.000000000,34.4372724745305
2026-03-16 17:29:40.000000000,7.0548337624145265
2026-03-16 17:26:36.000000000,14.43651509524162
2026-03-16 17:15:49.000000000,15.717260773298648
2026-03-16 17:10:08.000000000,18.558519923549095
2026-03-16 17:19:00.000000000,78.32300194716605
2026-03-16 17:19:37.000000000,28.464035083340356
2026-03-16 17:06:29.000000000,16.564326366510837
2026-03-16 17:05:41.000000000,24.165596854706692
2026-03-16 17:55:18.000000000,32.17313660468965
2026-03-16 17:15:44.000000000,17.760385348098982
2026-03-16 17:57:35.000000000,14.782588931020609
2026-03-16 17:06:09.000000000,9.72222422113594
2026-03-16 17:46:06.000000000,23.474709196615386
2026-03-16 17:12:57.000000000,46.911756592402114
2026-03-16 17:20:22.000000000,26.442064932131863
2026-03-16 17:36:53.000000000,17.727664779355486
2026-03-16 17:22:25.000000000,15.997460764215765
2026-03-16 17:02:37.000000000,16.86199814376687
2026-03-16 17:17:03.000000000,12.587254522179553
2026-03-16 17:47:52.000000000,11.40781673589457
2026-03-16 17:07:22.000000000,21.437445400111272
2026-03-16 17:16:45.000000000,8.117296613266177
2026-03-16 17:35:48.000000000,15.327508651826193
2026-03-16 17:05:53.000000000,23.607422789887423
2026-03-16 17:38:47.000000000,8.55319398531315
2026-03-16 17:55:54.000000000,27.308386293087192
2026-03-16 17:33:42.000000000,63.46463698882
2026-03-16 18:06:11.000000000,30.43875936683318
2026-03-16 18:32:50.000000000,18.307963608167224
2026-03-16 18:30:25.000000000,11.135035343880393
2026-03-16 18:26:33.000000000,41.36235196682945
2026-03-16 18:20:18.000000000,6.0498227177040205
2026-03-16 18:28:43.000000000,6.368375572080456
2026-03-16 18:55:39.000000000,6.019020243318184
2026-03-16 18:02:31.000000000,14.676283368267612
2026-03-16 18:08:42.000000000,23.3631458312628
2026-03-16 18:44:20.000000000,13.302687414308657
2026-03-16 18:17:50.000000000,15.365113173467527
2026-03-16 18:08:34.000000000,29.70912553234981
2026-03-16 18:26:43.000000000,17.96853026422764
2026-03-16 18:56:33.000000000,50.07742095337212
2026-03-16 18:53:35.000000000,40.096073539134466
2026-03-16 18:59:59.000000000,8.958599486133068
2026-03-16 18:46:28.000000000,12.713999067205174
2026-03-16 18:55:43.000000000,16.294560608616933
2026-03-16 18:19:20.000000000,13.066895933966546
2026-03-16 19:39:54.000000000,8.020256242823221
2026-03-16 19:25:25.000000000,56.69400133278718
2026-03-16 19:45:54.000000000,19.5435646040304
2026-03-16 19:11:26.000000000,20.542792994400095
2026-03-16 19:27:51.000000000,8.078061413830483
2026-03-16 19:23:18.000000000,30.915307118584938
2026-03-16 19:12:55.000000000,26.461169885563102
2026-03-16 19:30:16.000000000,14.437566669547941
2026-03-16 19:17:38.000000000,18.125692928022495
2026-03-16 19:45:18.000000000,20.36873650560053
2026-03-16 19:15:04.000000000,13.723139082018221
2026-03-16 19:32:55.000000000,24.940634868954376
2026-03-16 20:24:20.000000000,8.4789927131382
2026-03-16 20:30:43.000000000,32.46640349729538
2026-03-16 20:52:13.000000000,17.086175532207776
2026-03-16 20:43:38.000000000,7.922215478304591
2026-03-16 20:09:08.000000000,54.08931884251012
2026-03-16 20:40:07.000000000,6.17242537880983
2026-03-16 21:10:22.000000000,13.532375729806276
2026-03-16 21:24:12.000000000,81.28358883453222
2026-03-16 21:19:32.000000000,41.891867658412735
2026-03-16 21:02:40.000000000,20.202095883305205
2026-03-16 21:32:31.000000000,16.950283508642855
2026-03-16 21:35:45.000000000,9.114807178645915
2026-03-16 21:29:41.000000000,37.380102814775995
2026-03-16 21:13:13.000000000,7.34182557225407
2026-03-16 21:12:26.000000000,6.481137279360478
2026-03-16 21:23:54.000000000,13.974459214709356
2026-03-16 21:56:29.000000000,23.406247007970613
2026-03-16 21:10:11.000000000,42.265648056726334
2026-03-16 22:45:43.000000000,11.74477771371557
2026-03-16 22:49:44.000000000,45.4917605778445
2026-03-16 22:12:57.000000000,46.8886092700552
2026-03-16 22:12:49.000000000,14.652663335125661
2026-03-16 22:05:45.000000000,11.795938874796894
2026-03-16 22:04:58.000000000,24.831046278877256
2026-03-16 22:49:47.000000000,48.54026559866965
2026-03-16 22:15:59.000000000,9.001094858408763
2026-03-16 22:15:16.000000000,30.564083340216143
2026-03-16 22:55:12.000000000,25.226824039231786
2026-03-16 22:28:04.000000000,11.623020838517768
2026-03-16 22:23:09.000000000,6.886967371669987
2026-03-16 22:52:34.000000000,37.07642355044848
2026-03-16 22:08:25.000000000,14.31064409139874
2026-03-16 22:06:50.000000000,11.318007114890383
2026-03-16 23:15:10.000000000,13.329252672261699
2026-03-16 23:37:06.000000000,6.987647051237142
2026-03-16 23:00:28.000000000,8.68774677262942
2026-03-16 23:09:06.000000000,27.61459387567219
2026-03-16 23:12:45.000000000,8.070159163155006
2026-03-16 23:47:45.000000000,6.876605643050802
2026-03-16 23:08:09.000000000,120.20885766704397
2026-03-16 23:47:30.000000000,19.35235813641256
2026-03-16 23:09:59.000000000,13.013184836216894
2026-03-16 23:32:53.000000000,34.361834870546446
2026-03-16 23:46:14.000000000,13.569575691798676
2026-03-16 23:28:47.000000000,24.323505725669136
2026-03-16 23:11:45.000000000,63.24300622182249
2026-03-16 23:07:30.000000000,14.411812852653757
2026-03-16 23:25:25.000000000,6.811083947913682
2026-03-16 23:03:31.000000000,110.24464155269573
2026-03-16 23:03:56.000000000,26.71970934226143
2026-03-16 23:55:38.000000000,38.14888895583964
2026-03-16 23:54:22.000000000,7.3845424623656
2026-03-16 23:55:39.000000000,71.92862184655183
2026-03-16 23:04:17.000000000,24.20684057722972
2026-03-16 23:32:14.000000000,7.403579530316176
2026-03-17 00:12:53.000000000,19.783060473877786
2026-03-17 00:57:34.000000000,24.59809486933791
2026-03-17 00:28:35.000000000,41.467525750297256
2026-03-17 00:17:28.000000000,25.36386745779415
2026-03-17 00:00:22.000000000,40.90074684109932
2026-03-17 00:10:27.000000000,48.27225676161382
2026-03-17 00:48:39.000000000,6.684227583401167
2026-03-17 00:48:41.000000000,17.1589740402099
2026-03-17 00:45:58.000000000,17.928101933113254
2026-03-17 01:12:39.000000000,14.596560742109496
2026-03-17 02:36:30.000000000,41.044083783571566
2026-03-17 02:37:51.000000000,70.01653356775903
2026-03-17 02:44:17.000000000,20.76813657757711
2026-03-17 02:15:13.000000000,13.984672305802475
2026-03-17 02:17:17.000000000,8.650294816196066
2026-03-17 02:16:50.000000000,15.14708458597767
2026-03-17 03:15:41.000000000,21.669575263772195
2026-03-17 03:12:50.000000000,49.722957687130446
2026-03-17 03:36:06.000000000,8.3459905484917
2026-03-17 04:53:52.000000000,44.69264613985606
2026-03-17 04:09:45.000000000,69.65083554626793
2026-03-17 04:22:34.000000000,26.467649418181516
2026-03-17 04:37:39.000000000,83.7874480590392
2026-03-17 04:00:06.000000000,26.56383650515419
2026-03-17 05:30:50.000000000,21.43112142622747
2026-03-17 05:41:55.000000000,7.9411278555921605
2026-03-17 05:40:23.000000000,23.52585837771943
2026-03-17 05:02:05.000000000,27.557218097577447
2026-03-17 05:11:51.000000000,9.485177453565253
2026-03-17 05:04:40.000000000,100.5028050174302
2026-03-17 06:06:21.000000000,20.597215014295678
2026-03-17 06:06:13.000000000,12.524224113651691
2026-03-17 06:53:21.000000000,97.64360587691296
2026-03-17 06:42:19.000000000,15.304056153214628
2026-03-17 06:46:54.000000000,16.245293221691373
2026-03-17 06:01:37.000000000,9.69763042034593
2026-03-17 06:33:12.000000000,16.88724448193187
2026-03-17 06:00:18.000000000,39.335840035420055
2026-03-17 07:49:39.000000000,19.30865925846658
2026-03-17 07:22:28.000000000,37.537106938427016
2026-03-17 07:55:37.000000000,19.511668398651878
2026-03-17 07:46:57.000000000,85.62759461045526
2026-03-17 07:06:16.000000000,10.4848460085701
2026-03-17 07:34:48.000000000,20.691236119950904
2026-03-17 07:30:11.000000000,13.455147686769966
2026-03-17 07:11:50.000000000,51.916243856701115
2026-03-17 07:52:20.000000000,93.80059346952751
2026-03-17 07:58:59.000000000,10.86063214393467
2026-03-17 07:29:02.000000000,18.155434714310868
2026-03-17 07:56:32.000000000,25.56684805949125
2026-03-17 07:39:30.000000000,22.426741954224603
2026-03-17 07:19:40.000000000,56.37778632211199
2026-03-17 07:35:49.000000000,43.60705668718294
2026-03-17 07:00:43.000000000,22.65930084738958
2026-03-17 07:06:17.000000000,9.65389551646675
2026-03-17 07:18:25.000000000,110.59547822305791
2026-03-17 08:31:51.000000000,17.035353331529347
2026-03-17 08:27:33.000000000,7.521399689487607
2026-03-17 08:39:26.000000000,50.646551225377564
2026-03-17 08:01:50.000000000,15.08860862525069
2026-03-17 08:52:53.000000000,33.67933327060781
2026-03-17 08:22:29.000000000,51.692825284551205
2026-03-17 08:09:15.000000000,32.16355077733415
2026-03-17 08:25:27.000000000,21.958640701740222
2026-03-17 08:56:44.000000000,37.496269407166764
2026-03-17 08:25:47.000000000,17.323744459065818
2026-03-17 08:07:14.000000000,16.508964888015928
2026-03-17 08:06:26.000000000,29.073102673382866
2026-03-17 08:06:09.000000000,38.566075231862385
2026-03-17 09:15:06.000000000,7.588131398104483
2026-03-17 09:16:18.000000000,11.48198640453093
2026-03-17 09:36:24.000000000,31.007295733210924
2026-03-17 09:09:44.000000000,28.206085763621747
2026-03-17 09:23:07.000000000,48.12120382005868
2026-03-17 09:38:39.000000000,23.30467835336746
2026-03-17 09:31:05.000000000,53.916600849665514
2026-03-17 09:05:03.000000000,18.930106646627387
2026-03-17 09:29:18.000000000,18.464572875490468
2026-03-17 09:31:37.000000000,31.004673155246486
2026-03-17 09:37:17.000000000,20.09590412462368
2026-03-17 09:02:10.000000000,15.2186522282718
2026-03-17 09:44:50.000000000,23.864953503915153
2026-03-17 09:22:21.000000000,8.567524715876276
2026-03-17 09:50:46.000000000,26.931180955130205
2026-03-17 09:44:01.000000000,37.256532580099545
2026-03-17 09:16:32.000000000,119.00566593951777
2026-03-17 09:16:40.000000000,10.167162091731868
2026-03-17 09:17:50.000000000,11.524066737657316
2026-03-17 09:40:03.000000000,12.567214015909647
2026-03-17 09:36:13.000000000,9.906380566184387
2026-03-17 10:48:23.000000000,8.139946759967565
2026-03-17 10:45:43.000000000,11.633296374338222
2026-03-17 10:14:04.000000000,15.008829428664455
2026-03-17 10:02:14.000000000,28.755751432066845
2026-03-17 10:10:04.000000000,17.41762313292768
2026-03-17 10:10:29.000000000,7.48974167144216
2026-03-17 10:03:30.000000000,11.413542697368023
2026-03-17 10:54:45.000000000,75.71297345041569
2026-03-17 10:05:52.000000000,37.6832389916107
2026-03-17 10:47:03.000000000,41.05354144690331
2026-03-17 10:00:48.000000000,6.696235036046884
2026-03-17 10:59:25.000000000,9.992056848047694
2026-03-17 10:01:50.000000000,7.749166942275294
2026-03-17 10:24:30.000000000,25.805816798569097
2026-03-17 10:27:54.000000000,33.68020553704519
2026-03-17 10:57:55.000000000,13.280101941609484
2026-03-17 10:33:06.000000000,82.04116344582468
2026-03-17 10:00:37.000000000,30.32944143186009
2026-03-17 10:36:59.000000000,15.144508587218965
2026-03-17 11:31:04.000000000,5.639996577259941
2026-03-17 11:05:00.000000000,13.47814283633478
2026-03-17 11:31:40.000000000,15.970890570372237
2026-03-17 11:08:32.000000000,8.574760845115682
2026-03-17 11:50:33.000000000,20.262839734042736
2026-03-17 11:13:08.000000000,5.462357214593987
2026-03-17 11:02:11.000000000,6.522598749470266
2026-03-17 11:51:00.000000000,28.412119827950633
2026-03-17 11:26:32.000000000,27.967343140856904
2026-03-17 11:38:06.000000000,15.150428416308042
2026-03-17 11:32:15.000000000,8.051929103457454
2026-03-17 11:18:24.000000000,13.017751941717854
2026-03-17 12:45:33.000000000,28.85646332642539
2026-03-17 12:46:27.000000000,14.584492110645371
2026-03-17 12:06:02.000000000,30.229719716715927
2026-03-17 12:52:32.000000000,19.299853214975393
2026-03-17 12:54:39.000000000,74.38043673433933
2026-03-17 12:34:08.000000000,13.261006851036662
2026-03-17 12:03:28.000000000,203.0681102909288
2026-03-17 12:49:27.000000000,17.249356141232106
2026-03-17 12:08:01.000000000,13.352324424247424
2026-03-17 12:19:43.000000000,15.130761716822835
2026-03-17 12:22:10.000000000,11.20828672353459
2026-03-17 12:34:02.000000000,21.17365192179748
2026-03-17 12:30:54.000000000,46.363225852130476
2026-03-17 12:38:54.000000000,12.07640620073592
2026-03-17 12:07:21.000000000,59.24604839770414
2026-03-17 13:39:16.000000000,40.146487673222545
2026-03-17 13:00:41.000000000,6.115889741959249
2026-03-17 13:35:17.000000000,8.92169282782133
2026-03-17 13:40:45.000000000,16.435795944543592
2026-03-17 13:14:26.000000000,54.953775082124935
2026-03-17 13:08:18.000000000,8.999224182448838
2026-03-17 13:18:14.000000000,104.29760421529198
2026-03-17 13:16:09.000000000,11.636284805032771
2026-03-17 13:49:14.000000000,20.17225191369461
2026-03-17 13:26:32.000000000,12.042128661696822
2026-03-17 13:37:13.000000000,29.573217935027287
2026-03-17 13:06:23.000000000,51.886025223818606
2026-03-17 14:07:49.000000000,46.43351674832381
2026-03-17 14:58:58.000000000,49.05874232756108
2026-03-17 14:48:53.000000000,12.146428672160308
2026-03-17 14:42:05.000000000,13.556542634571457
2026-03-17 14:57:48.000000000,25.269160270938798
2026-03-17 14:32:49.000000000,6.355548873565583
2026-03-17 14:36:55.000000000,15.449556506622894
2026-03-17 14:45:33.000000000,8.058014555065807
2026-03-17 14:24:33.000000000,11.94244908267531
2026-03-17 14:52:44.000000000,28.908257788706024
2026-03-17 14:58:05.000000000,11.80945353857012
2026-03-17 14:19:20.000000000,16.031669588665668
2026-03-17 14:27:51.000000000,22.718887743630717
2026-03-17 14:16:53.000000000,13.345571054329046
2026-03-17 14:59:08.000000000,9.823911856023184
2026-03-17 14:01:44.000000000,8.443275529315594
2026-03-17 14:34:04.000000000,27.108580756276055
2026-03-17 14:38:13.000000000,33.159777312916844
2026-03-17 15:43:26.000000000,12.463491774980355
2026-03-17 15:21:58.000000000,9.907240753702634
2026-03-17 15:41:16.000000000,9.540684804743734
2026-03-17 15:00:54.000000000,8.924213014106295
2026-03-17 15:56:47.000000000,18.598983992909865
2026-03-17 15:38:53.000000000,11.153600171668856
2026-03-17 15:09:32.000000000,28.29661899494871
2026-03-17 15:13:21.000000000,19.99413806200117
2026-03-17 15:32:29.000000000,12.761409325919015
2026-03-17 15:25:33.000000000,20.761416627409545
2026-03-17 15:55:03.000000000,19.793154217613843
2026-03-17 15:41:21.000000000,21.98714595235446
2026-03-17 15:30:57.000000000,17.717591527755225
2026-03-17 15:04:49.000000000,15.396309245815118
2026-03-17 15:34:16.000000000,18.224397644894303
2026-03-17 15:25:57.000000000,9.035646171969898
2026-03-17 15:58:47.000000000,28.419194541104197
2026-03-17 16:41:35.000000000,12.781904498192596
2026-03-17 16:46:01.000000000,16.10886843311536
2026-03-17 16:06:00.000000000,96.43922975285614
2026-03-17 16:36:56.000000000,54.16422791776347
2026-03-17 16:40:49.000000000,23.7219982594509
2026-03-17 16:35:08.000000000,9.422984260781789
2026-03-17 16:53:43.000000000,15.932072604756073
2026-03-17 16:55:00.000000000,8.207653777096253
2026-03-17 16:50:54.000000000,20.33555646396786
2026-03-17 16:24:58.000000000,15.351729945072123
2026-03-17 16:52:36.000000000,11.609927175915313
2026-03-17 16:47:57.000000000,15.174052638709464
2026-03-17 16:54:37.000000000,42.762228329214125
2026-03-17 16:49:06.000000000,12.817776035454497
2026-03-17 16:05:30.000000000,15.905439077328332
2026-03-17 17:01:03.000000000,12.739952693702193
2026-03-17 17:33:43.000000000,43.58845246955322
2026-03-17 17:27:56.000000000,16.048279638727998
2026-03-17 17:09:58.000000000,64.06670087810818
2026-03-17 17:27:19.000000000,27.78845244387341
2026-03-17 17:04:17.000000000,28.329924531337326
2026-03-17 17:49:26.000000000,7.970973957998579
2026-03-17 17:34:15.000000000,15.914463578937724
2026-03-17 17:20:18.000000000,8.628758207674142
2026-03-17 17:30:56.000000000,16.349603059610942
2026-03-17 17:55:37.000000000,23.314412122491376
2026-03-17 17:31:29.000000000,42.96451104225946
2026-03-17 17:08:18.000000000,21.31229031330767
2026-03-17 17:35:19.000000000,56.55449451282078
2026-03-17 17:52:02.000000000,44.32856093785649
2026-03-17 18:20:09.000000000,11.692948686063325
2026-03-17 18:38:27.000000000,48.498751846208265
2026-03-17 18:17:59.000000000,46.17176518913777
2026-03-17 18:12:49.000000000,9.393933810123206
2026-03-17 18:20:35.000000000,18.245115288071
2026-03-17 18:44:40.000000000,18.237429931045554
2026-03-17 18:13:14.000000000,11.137575741217912
2026-03-17 18:06:18.000000000,17.05875799933201
2026-03-17 18:15:38.000000000,7.186237069518443
2026-03-17 18:17:08.000000000,10.804506365890372
2026-03-17 18:10:28.000000000,16.55827174597347
2026-03-17 18:21:31.000000000,12.429930963973113
2026-03-17 18:05:48.000000000,23.758948108790555
2026-03-17 18:49:45.000000000,25.336533671107954
2026-03-17 18:03:03.000000000,13.281404758342347
2026-03-17 18:53:43.000000000,10.930900288213042
2026-03-17 18:27:28.000000000,106.23805687558735
2026-03-17 18:56:22.000000000,18.5986159757702
2026-03-17 18:07:24.000000000,54.79281527025374
2026-03-17 18:45:20.000000000,7.3522810640439715
2026-03-17 19:42:09.000000000,13.340776174796428
2026-03-17 19:55:23.000000000,12.09362824256072
2026-03-17 19:28:15.000000000,32.101639537650314
2026-03-17 19:10:35.000000000,21.77885691048506
2026-03-17 19:18:24.000000000,8.234920695820666
2026-03-17 19:52:25.000000000,6.598288479713462
2026-03-17 19:35:26.000000000,33.597596515193764
2026-03-17 19:36:06.000000000,20.994029032024898
2026-03-17 19:52:12.000000000,12.418942915615274
2026-03-17 19:58:37.000000000,15.608462063092539
2026-03-17 19:29:16.000000000,8.912895573994492
2026-03-17 19:44:38.000000000,10.55476756830247
2026-03-17 20:49:56.000000000,7.710690430354123
2026-03-17 20:31:55.000000000,27.339082357512112
2026-03-17 20:46:40.000000000,7.393210443027774
2026-03-17 20:03:04.000000000,21.761044903128013
2026-03-17 20:27:39.000000000,24.522006869606884
2026-03-17 20:00:32.000000000,15.455789384681324
2026-03-17 20:42:22.000000000,333.9355720082076
2026-03-17 20:26:50.000000000,91.71626894006806
2026-03-17 20:21:27.000000000,38.39116852544403
2026-03-17 20:10:29.000000000,21.234515708077268
2026-03-17 21:59:25.000000000,13.10091694664359
2026-03-17 21:26:15.000000000,12.468516806827807
2026-03-17 21:27:42.000000000,9.13889171196234
2026-03-17 21:44:49.000000000,10.804673863225876
2026-03-17 21:23:44.000000000,24.347139366835048
2026-03-17 21:20:06.000000000,11.548439890631617
2026-03-17 21:43:05.000000000,14.167591668009619
2026-03-17 21:51:08.000000000,74.52773077297005
2026-03-17 21:04:27.000000000,6.405075235450452
2026-03-17 21:02:21.000000000,25.787772196459073
2026-03-17 21:07:50.000000000,29.26512660030418
2026-03-17 22:43:41.000000000,10.431185780004391
2026-03-17 22:03:36.000000000,31.33652863362591
2026-03-17 22:13:27.000000000,25.57729839532871
2026-03-17 22:40:28.000000000,14.477323451548937
2026-03-17 22:39:50.000000000,16.948615174883685
2026-03-17 22:35:31.000000000,154.19882638852107
2026-03-17 22:25:19.000000000,37.69011868777642
2026-03-17 22:29:28.000000000,10.33868712014747
2026-03-17 22:24:54.000000000,25.48210599761724
2026-03-17 22:31:05.000000000,12.59578378322058
2026-03-17 22:46:26.000000000,8.890944779171232
2026-03-17 22:28:29.000000000,19.749762137086243
2026-03-17 23:49:20.000000000,25.148356218059643
2026-03-17 23:31:11.000000000,24.536541762017038
2026-03-17 23:11:22.000000000,44.15282394027255
2026-03-17 23:43:28.000000000,13.034675186730148
2026-03-17 23:36:58.000000000,32.43479581482198
2026-03-17 23:55:21.000000000,11.724110067006158
2026-03-17 23:32:43.000000000,22.37191752037874
2026-03-17 23:37:51.000000000,24.46151181480515
2026-03-17 23:35:09.000000000,47.519947928764076
2026-03-17 23:44:05.000000000,18.679235336688315
2026-03-17 23:17:18.000000000,32.1158382165681
2026-03-17 23:06:03.000000000,25.80146060799629
2026-03-17 23:51:32.000000000,5.726694687748941
2026-03-18 00:30:13.000000000,149.29788435535494
2026-03-18 00:23:31.000000000,10.1497886183877
2026-03-18 00:42:50.000000000,34.37561756472456
2026-03-18 00:40:30.000000000,97.69410549974367
2026-03-18 00:21:39.000000000,19.740155894290947
2026-03-18 00:08:45.000000000,6.711387226640987
2026-03-18 00:02:28.000000000,34.273008746321224
2026-03-18 01:27:32.000000000,9.824874510816647
2026-03-18 01:57:10.000000000,15.919938566492366
2026-03-18 01:40:05.000000000,30.54183539268279
2026-03-18 02:40:34.000000000,15.649892510849234
2026-03-18 02:04:09.000000000,22.50614427864162
2026-03-18 03:18:36.000000000,30.914669723010864
2026-03-18 03:30:46.000000000,13.34106152163973
2026-03-18 03:34:59.000000000,21.64196475578067
2026-03-18 04:59:47.000000000,10.932911029555592
2026-03-18 05:40:29.000000000,41.19994028490428
2026-03-18 05:44:05.000000000,61.84942998162258
2026-03-18 05:55:21.000000000,8.937570486882358
2026-03-18 05:47:03.000000000,15.826071907898882
2026-03-18 05:54:11.000000000,11.03895906533598
2026-03-18 05:24:03.000000000,11.767023425542302
2026-03-18 05:15:41.000000000,89.41102885867016
2026-03-18 06:22:20.000000000,8.982036730458717
2026-03-18 06:47:13.000000000,16.617681374695152
2026-03-18 06:14:22.000000000,14.33984120340222
2026-03-18 06:08:46.000000000,27.500498318468964
2026-03-18 06:42:21.000000000,11.948777749219003
2026-03-18 06:27:15.000000000,28.346581266170347
2026-03-18 06:45:42.000000000,49.907476930669155
2026-03-18 06:21:20.000000000,10.810243967517486
2026-03-18 06:17:16.000000000,84.4437053251839
2026-03-18 06:38:39.000000000,18.699934524835356
2026-03-18 06:59:52.000000000,6.518587939470924
2026-03-18 06:37:27.000000000,43.44438146815864
2026-03-18 06:29:32.000000000,20.48528615290747
2026-03-18 06:31:10.000000000,96.51714626178452
2026-03-18 06:53:04.000000000,11.535264692378544
2026-03-18 06:54:16.000000000,21.91083892200452
2026-03-18 06:28:21.000000000,27.9779358043692
2026-03-18 07:20:57.000000000,7.675739009918718
2026-03-18 07:57:51.000000000,19.831981119170067
2026-03-18 07:29:57.000000000,97.62170916913678
2026-03-18 07:50:57.000000000,16.174596070370175
2026-03-18 07:18:53.000000000,18.38427508132336
2026-03-18 07:51:03.000000000,18.52008841125632
2026-03-18 07:43:44.000000000,9.572544140669017
2026-03-18 07:27:32.000000000,36.9318845723582
2026-03-18 07:06:18.000000000,94.34118938176073
2026-03-18 07:57:46.000000000,11.411592636524961
2026-03-18 07:59:47.000000000,39.268482742946915
2026-03-18 07:49:26.000000000,30.13455757202596
2026-03-18 07:16:51.000000000,11.74802293832847
2026-03-18 07:36:12.000000000,32.79744661271337
2026-03-18 07:11:19.000000000,21.88308438691312
2026-03-18 07:32:10.000000000,37.55756113465459
2026-03-18 07:59:30.000000000,102.84520722956924
2026-03-18 07:54:29.000000000,9.410342689085205
2026-03-18 07:03:20.000000000,56.05006004152733
2026-03-18 08:36:30.000000000,31.697685649108294
2026-03-18 08:14:33.000000000,40.46101232975199
2026-03-18 08:55:57.000000000,18.393662351034664
2026-03-18 08:32:37.000000000,13.345938166299005
2026-03-18 08:10:29.000000000,26.888752124154934
2026-03-18 08:09:07.000000000,20.330285286580743
2026-03-18 08:36:43.000000000,27.75281319064302
2026-03-18 08:34:14.000000000,33.34989278021102
2026-03-18 08:41:59.000000000,17.339499939952862
2026-03-18 08:08:22.000000000,36.89156964855847
2026-03-18 08:23:05.000000000,24.674615705141235
2026-03-18 08:28:03.000000000,30.746388355303775
2026-03-18 08:05:08.000000000,13.210078431950754
2026-03-18 08:08:01.000000000,56.29440164546877
2026-03-18 08:23:30.000000000,16.805299276398856
2026-03-18 08:49:29.000000000,46.078251056917125
2026-03-18 09:09:03.000000000,30.505782295490427
2026-03-18 09:02:14.000000000,28.80283275613682
2026-03-18 09:32:57.000000000,23.104099562446578
2026-03-18 09:06:53.000000000,9.289495851354694
2026-03-18 09:49:54.000000000,15.092590237775672
2026-03-18 09:50:00.000000000,12.082269389081372
2026-03-18 09:37:44.000000000,14.277876523911145
2026-03-18 09:48:18.000000000,10.774253273744167
2026-03-18 09:56:36.000000000,51.87861483403957
2026-03-18 09:43:28.000000000,22.220057798252377
2026-03-18 09:35:27.000000000,20.432830973246666
2026-03-18 09:25:06.000000000,34.51365019972887
2026-03-18 09:58:40.000000000,65.36268258755356
2026-03-18 09:47:59.000000000,13.345288661764682
2026-03-18 09:38:45.000000000,102.02423817962564
2026-03-18 09:28:21.000000000,13.339446884934043
2026-03-18 09:18:31.000000000,15.890514295841779
2026-03-18 09:09:27.000000000,29.645981814005587
2026-03-18 09:06:51.000000000,7.893233533075003
2026-03-18 09:03:57.000000000,40.22267389887344
2026-03-18 09:44:39.000000000,11.78350179361874
2026-03-18 10:21:13.000000000,18.55520645253493
2026-03-18 10:18:16.000000000,30.325234950034154
2026-03-18 10:55:04.000000000,70.66950918610235
2026-03-18 10:53:17.000000000,9.613749109626356
2026-03-18 10:09:29.000000000,9.22241313776033
2026-03-18 10:50:58.000000000,21.67731708902599
2026-03-18 10:35:29.000000000,13.204583567950642
2026-03-18 10:10:43.000000000,13.677157299792539
2026-03-18 10:41:42.000000000,28.05749437763451
2026-03-18 10:14:02.000000000,38.009296841083184
2026-03-18 10:38:58.000000000,51.7585753751909
2026-03-18 10:14:39.000000000,32.36807156035992
2026-03-18 10:09:21.000000000,23.78244502116268
2026-03-18 10:14:17.000000000,34.08436508067784
2026-03-18 10:42:08.000000000,10.731643931719972
2026-03-18 10:25:59.000000000,8.828629155072658
2026-03-18 10:39:46.000000000,26.253764917263993
2026-03-18 10:30:51.000000000,8.898152705618998
2026-03-18 10:52:03.000000000,131.04131951845488
2026-03-18 11:45:14.000000000,111.26450017137962
2026-03-18 11:34:32.000000000,60.529017460727324
2026-03-18 11:01:19.000000000,23.168192707282238
2026-03-18 11:55:33.000000000,64.56131086926442
2026-03-18 11:21:39.000000000,26.866533830164194
2026-03-18 11:26:10.000000000,17.738118308949222
2026-03-18 11:55:03.000000000,26.597092228600594
2026-03-18 11:35:03.000000000,37.03730872318369
2026-03-18 11:04:19.000000000,7.8540686273153755
2026-03-18 12:03:47.000000000,32.39468731472637
2026-03-18 12:53:06.000000000,18.603970830062167
2026-03-18 12:15:14.000000000,49.396237498652575
2026-03-18 12:36:58.000000000,13.828901806233745
2026-03-18 12:55:39.000000000,15.113124543289189
2026-03-18 12:44:28.000000000,7.7928068522037455
2026-03-18 12:47:09.000000000,23.232443257975337
2026-03-18 12:34:53.000000000,50.213906254240825
2026-03-18 12:47:32.000000000,19.782174927818893
2026-03-18 12:54:38.000000000,26.072326271422398
2026-03-18 12:46:35.000000000,9.140056789981564
2026-03-18 12:02:42.000000000,14.215419512319684
2026-03-18 12:51:23.000000000,12.641230628748731
2026-03-18 12:20:21.000000000,35.86025953995207
2026-03-18 12:01:47.000000000,19.957532405437814
2026-03-18 12:02:43.000000000,22.713400050679635
2026-03-18 12:34:54.000000000,42.367591051120556
2026-03-18 12:52:41.000000000,13.30470745714933
2026-03-18 13:56:34.000000000,17.728615577835313
2026-03-18 13:47:41.000000000,56.34481702538936
2026-03-18 13:32:40.000000000,45.855162153707724
2026-03-18 13:42:39.000000000,6.528733288661346
2026-03-18 13:12:44.000000000,33.87319287698899
2026-03-18 13:03:36.000000000,57.01604617267267
2026-03-18 13:05:18.000000000,16.793483846667904
2026-03-18 13:31:02.000000000,25.99062379557958
2026-03-18 13:54:20.000000000,21.52713411636158
2026-03-18 13:45:48.000000000,13.34164033411018
2026-03-18 13:07:30.000000000,11.830547746611897
2026-03-18 13:00:14.000000000,29.706252574164285
2026-03-18 13:00:00.000000000,126.59631990551583
2026-03-18 13:21:24.000000000,75.4155726643032
2026-03-18 13:34:01.000000000,14.347346917245341
2026-03-18 14:47:45.000000000,26.097752967332255
2026-03-18 14:21:16.000000000,63.05750590416457
2026-03-18 14:29:03.000000000,72.90021150825444
2026-03-18 14:36:36.000000000,10.86599647109687
2026-03-18 14:22:39.000000000,7.927746590843867
2026-03-18 14:23:08.000000000,20.22691746622343
2026-03-18 14:29:39.000000000,19.041598486181943
2026-03-18 14:35:18.000000000,18.63035592500115
2026-03-18 14:59:33.000000000,49.51569386024043
2026-03-18 14:41:47.000000000,9.69201997351847
2026-03-18 14:45:08.000000000,15.258389853059613
2026-03-18 14:06:00.000000000,15.272881376814672
2026-03-18 15:49:45.000000000,17.402698191930504
2026-03-18 15:33:45.000000000,23.93336173268748
2026-03-18 15:40:55.000000000,15.019357603497514
2026-03-18 15:04:14.000000000,45.28660576077689
2026-03-18 15:53:05.000000000,19.66615490106093
2026-03-18 15:23:54.000000000,25.70633266031652
2026-03-18 15:30:47.000000000,18.108578828368344
2026-03-18 15:55:51.000000000,40.58861595796413
2026-03-18 15:41:01.000000000,12.70020219249676
2026-03-18 15:36:47.000000000,31.587664087503462
2026-03-18 15:41:20.000000000,25.756509615878443
2026-03-18 15:12:03.000000000,179.8427149836178
2026-03-18 15:11:19.000000000,15.140600438538527
2026-03-18 15:01:19.000000000,64.32469983122196
2026-03-18 15:41:29.000000000,48.73344000939837
2026-03-18 16:42:42.000000000,10.396705357225816
2026-03-18 16:36:15.000000000,28.233321621068875
2026-03-18 16:41:27.000000000,14.394522083044492
2026-03-18 16:29:30.000000000,9.570602992312978
2026-03-18 16:07:19.000000000,31.70087412667618
2026-03-18 16:42:38.000000000,26.311576041510726
2026-03-18 16:29:12.000000000,40.2478299648559
2026-03-18 16:11:04.000000000,10.74969634503609
2026-03-18 16:18:06.000000000,13.326775603800499
2026-03-18 16:11:09.000000000,6.628924013136043
2026-03-18 16:59:47.000000000,22.15209663668101
2026-03-18 16:44:21.000000000,13.274374288728293
2026-03-18 16:10:02.000000000,21.23120391958446
2026-03-18 16:43:33.000000000,15.842185914570416
2026-03-18 16:20:57.000000000,12.644486885881669
2026-03-18 16:30:14.000000000,19.481127038100112
2026-03-18 17:42:41.000000000,12.552153063614025
2026-03-18 17:55:17.000000000,12.996216428668486
2026-03-18 17:43:29.000000000,21.03454493164362
2026-03-18 17:51:50.000000000,96.9879195929249
2026-03-18 17:42:22.000000000,8.82011953879244
2026-03-18 17:36:26.000000000,15.765127972341142
2026-03-18 17:28:07.000000000,7.66208989790455
2026-03-18 17:14:46.000000000,10.3323604972758
2026-03-18 17:39:33.000000000,92.79207251865479
2026-03-18 17:43:00.000000000,74.4985170657614
2026-03-18 17:36:52.000000000,10.957942828790419
2026-03-18 17:36:19.000000000,8.118705010240518
2026-03-18 17:31:22.000000000,10.823751150263226
2026-03-18 17:45:39.000000000,65.84676768832941
2026-03-18 17:44:18.000000000,25.959555040992075
2026-03-18 17:03:27.000000000,16.42791389447069
2026-03-18 17:37:10.000000000,10.66852942976929
2026-03-18 17:09:16.000000000,82.09071116443805
2026-03-18 17:23:36.000000000,22.124141136260747
2026-03-18 17:53:15.000000000,12.486267715454776
2026-03-18 17:30:50.000000000,35.70304905463853
2026-03-18 17:16:55.000000000,27.211314951620594
2026-03-18 17:49:58.000000000,16.975918784375846
2026-03-18 17:19:07.000000000,13.587903653897651
2026-03-18 17:00:24.000000000,59.22725189828727
2026-03-18 18:54:23.000000000,6.057565672720051
2026-03-18 18:27:22.000000000,79.21826916746993
2026-03-18 18:49:54.000000000,28.14343393380863
2026-03-18 18:05:55.000000000,8.564963276139212
2026-03-18 18:28:26.000000000,11.758152947936846
2026-03-18 18:51:45.000000000,19.089014116554132
2026-03-18 18:48:49.000000000,14.786062269885182
2026-03-18 18:08:41.000000000,79.0136801728488
2026-03-18 18:43:16.000000000,16.370308762093973
2026-03-18 18:10:06.000000000,16.85965693182327
2026-03-18 18:33:28.000000000,48.78034283708607
2026-03-18 18:22:38.000000000,17.76915717044116
2026-03-18 18:37:11.000000000,19.790232953843038
2026-03-18 18:26:32.000000000,41.638309340600685
2026-03-18 18:38:09.000000000,15.413023821334118
2026-03-18 18:11:03.000000000,40.27663913659972
2026-03-18 18:02:37.000000000,8.141946473138137
2026-03-18 18:20:34.000000000,21.8328072758138
2026-03-18 18:32:07.000000000,64.29448586942866
2026-03-18 18:25:58.000000000,23.3259293282234
2026-03-18 18:31:16.000000000,44.255145293388594
2026-03-18 18:30:15.000000000,12.480273554815962
2026-03-18 19:44:46.000000000,25.24883253356007
2026-03-18 19:41:15.000000000,10.614465193492915
2026-03-18 19:08:51.000000000,13.339788666316036
2026-03-18 19:54:23.000000000,56.60503459966972
2026-03-18 19:55:50.000000000,14.026041430416997
2026-03-18 19:34:25.000000000,23.233477576847584
2026-03-18 19:30:27.000000000,17.149322020032237
2026-03-18 19:59:10.000000000,10.777427963759799
2026-03-18 19:59:00.000000000,33.166353814921194
2026-03-18 19:13:48.000000000,70.41814601913929
2026-03-18 19:37:06.000000000,18.99869957157968
2026-03-18 19:41:46.000000000,42.5936473913609
2026-03-18 19:00:08.000000000,18.58122796049301
2026-03-18 19:30:35.000000000,15.99777379539013
2026-03-18 19:15:49.000000000,10.741124104638502
2026-03-18 19:41:39.000000000,49.26849460463438
2026-03-18 19:36:01.000000000,44.82185088112843
2026-03-18 19:52:51.000000000,48.57238977131812
2026-03-18 19:26:18.000000000,31.231498012643122
2026-03-18 19:44:20.000000000,10.915664261515634
2026-03-18 19:26:08.000000000,21.630927453864505
2026-03-18 20:29:12.000000000,24.178006989593676
2026-03-18 20:07:24.000000000,19.39690686958716
2026-03-18 20:32:37.000000000,72.10667810658272
2026-03-18 20:42:24.000000000,63.17657442557653
2026-03-18 20:41:21.000000000,10.857957006137006
2026-03-18 20:07:24.000000000,8.342961968740978
2026-03-18 20:49:12.000000000,46.21215234569659
2026-03-18 20:31:43.000000000,24.520035220462773
2026-03-18 20:28:12.000000000,11.20061271077954
2026-03-18 20:33:00.000000000,16.61832502272354
2026-03-18 20:58:00.000000000,69.95996123701059
2026-03-18 20:23:43.000000000,196.060674469368
2026-03-18 20:59:42.000000000,44.04618095974335
2026-03-18 20:43:31.000000000,6.430959759706855
2026-03-18 20:56:25.000000000,27.678301856170776
2026-03-18 20:46:36.000000000,25.76366619456605
2026-03-18 21:34:57.000000000,7.912141510546525
2026-03-18 21:16:47.000000000,14.501333992849995
2026-03-18 21:50:32.000000000,10.411221495767162
2026-03-18 21:22:52.000000000,9.845931145805125
2026-03-18 21:16:07.000000000,12.413109104648306
2026-03-18 21:51:17.000000000,11.77636080530177
2026-03-18 21:02:58.000000000,15.541851663331872
2026-03-18 21:20:37.000000000,32.95931123484754
2026-03-18 21:56:39.000000000,25.117858214669972
2026-03-18 21:44:32.000000000,111.99421175263396
2026-03-18 21:21:17.000000000,7.384134649883074
2026-03-18 21:07:31.000000000,13.053770256547306
2026-03-18 21:22:56.000000000,11.807709166366838
2026-03-18 21:19:45.000000000,47.16430911950782
2026-03-18 21:10:20.000000000,12.480727716335977
2026-03-18 21:42:06.000000000,14.494762990351958
2026-03-18 22:11:31.000000000,12.642015420722142
2026-03-18 22:38:32.000000000,9.097774021707057
2026-03-18 22:05:20.000000000,186.67364078561866
2026-03-18 22:50:46.000000000,18.55860745184293
2026-03-18 22:32:08.000000000,30.54119280037602
2026-03-18 22:00:58.000000000,16.698617110556114
2026-03-18 22:52:46.000000000,17.08042581681637
2026-03-18 22:12:45.000000000,12.021520244849963
2026-03-18 22:37:19.000000000,9.721726999525433
2026-03-18 22:03:29.000000000,68.43505002728472
2026-03-18 22:05:00.000000000,20.43677140380328
2026-03-18 22:29:04.000000000,8.030511807569743
2026-03-18 22:37:06.000000000,43.882682335613914
2026-03-18 22:10:54.000000000,12.48666395603456
2026-03-18 22:31:58.000000000,15.172645787566719
2026-03-18 22:42:49.000000000,11.869223753180872
2026-03-18 22:44:47.000000000,89.53270588071514
2026-03-18 22:33:37.000000000,63.66909501253723
2026-03-18 23:19:43.000000000,25.207849650652797
2026-03-18 23:43:59.000000000,29.967337473753254
2026-03-18 23:51:54.000000000,6.586407917921451
2026-03-18 23:15:21.000000000,64.39532050697724
2026-03-18 23:13:56.000000000,22.11264905629572
2026-03-18 23:09:03.000000000,13.357243080230278
2026-03-18 23:58:17.000000000,28.64435529238219
2026-03-18 23:29:04.000000000,14.225062125057836
2026-03-18 23:38:40.000000000,21.377813671147454
2026-03-18 23:55:22.000000000,8.963960233201687
2026-03-18 23:01:49.000000000,18.674984069619004
2026-03-18 23:04:12.000000000,16.387058610936243
2026-03-18 23:05:01.000000000,19.943055869217687
2026-03-19 00:50:04.000000000,13.382216104060802
2026-03-19 00:22:09.000000000,38.294997983818845
2026-03-19 00:59:08.000000000,39.828343435510604
2026-03-19 00:07:15.000000000,27.55962519772791
2026-03-19 00:22:12.000000000,26.26579678732042
2026-03-19 00:16:25.000000000,19.710555788470153
2026-03-19 00:23:34.000000000,38.050036081982526
2026-03-19 00:27:14.000000000,9.833752142281613
2026-03-19 00:37:34.000000000,32.8246282141448
2026-03-19 00:32:06.000000000,28.341017905540937
2026-03-19 00:51:55.000000000,20.224428450043668
2026-03-19 01:22:25.000000000,43.5745260276277
2026-03-19 01:25:13.000000000,30.379270101544193
2026-03-19 01:55:27.000000000,14.660374190013597
2026-03-19 01:56:45.000000000,14.573780493736551
2026-03-19 01:27:01.000000000,22.864724330686155
2026-03-19 01:13:19.000000000,9.021941834316511
2026-03-19 01:31:51.000000000,12.662763144700666
2026-03-19 01:17:17.000000000,10.872216844010133
2026-03-19 01:47:10.000000000,16.58106315576493
2026-03-19 01:17:14.000000000,21.184162470397847
2026-03-19 01:07:08.000000000,15.163408292616527
2026-03-19 02:03:57.000000000,16.0364751367416
2026-03-19 02:47:10.000000000,18.122999913105023
2026-03-19 02:53:08.000000000,63.452265529017225
2026-03-19 03:33:00.000000000,63.47491714305814
2026-03-19 03:52:07.000000000,32.41096858928485
2026-03-19 04:48:13.000000000,66.21536453668247
2026-03-19 05:53:22.000000000,11.405199293673506
2026-03-19 05:50:29.000000000,15.194975757634644
2026-03-19 05:06:12.000000000,55.35269792010066
2026-03-19 05:58:17.000000000,87.92795265609871
2026-03-19 05:34:15.000000000,15.236177282579881
2026-03-19 05:55:53.000000000,11.561869523591227
2026-03-19 05:58:33.000000000,65.33825659103174
2026-03-19 05:27:58.000000000,12.943728098667595
2026-03-19 05:22:58.000000000,10.750342675513096
2026-03-19 05:32:30.000000000,10.636216842148293
2026-03-19 05:55:58.000000000,40.68841307922451
2026-03-19 05:05:58.000000000,58.08313640087563
2026-03-19 06:16:18.000000000,16.657991011538428
2026-03-19 06:41:32.000000000,13.27639775751301
2026-03-19 06:12:34.000000000,10.044177300052388
2026-03-19 06:59:46.000000000,12.06160780523953
2026-03-19 06:50:13.000000000,19.306651230686093
2026-03-19 06:05:43.000000000,15.941688601490641
2026-03-19 06:43:35.000000000,30.95042860488875
2026-03-19 06:30:53.000000000,12.08001148824588
2026-03-19 07:12:54.000000000,13.732423421754191
2026-03-19 07:58:46.000000000,95.92540329538281
2026-03-19 07:17:07.000000000,50.932559000670395
2026-03-19 07:30:31.000000000,8.246708427789397
2026-03-19 07:20:14.000000000,14.315983362508348
2026-03-19 07:33:28.000000000,55.82352767421396
2026-03-19 07:04:53.000000000,12.526763404128346
2026-03-19 07:38:23.000000000,34.970184957499455
2026-03-19 07:50:31.000000000,9.016420145758481
2026-03-19 07:49:38.000000000,44.98528630544281
2026-03-19 07:48:31.000000000,28.344634198659413
2026-03-19 07:27:22.000000000,20.073263880599544
2026-03-19 07:44:38.000000000,56.44043351413232
2026-03-19 07:41:12.000000000,24.70456666796499
2026-03-19 07:36:22.000000000,14.28902949510164
2026-03-19 07:05:04.000000000,15.452153649544394
2026-03-19 07:00:43.000000000,9.754455445803647
2026-03-19 08:39:30.000000000,16.231291209254067
2026-03-19 08:16:10.000000000,16.88938718504665
2026-03-19 08:12:14.000000000,19.466791858077865
2026-03-19 08:26:12.000000000,11.510616165804336
2026-03-19 08:38:07.000000000,39.17161438727301
2026-03-19 08:03:56.000000000,13.809805953519454
2026-03-19 08:19:27.000000000,15.480654855239838
2026-03-19 08:07:41.000000000,19.745238099032058
2026-03-19 08:28:54.000000000,15.202249851319568
2026-03-19 08:14:57.000000000,18.469962475717644
2026-03-19 08:07:20.000000000,17.840834880276585
2026-03-19 08:00:34.000000000,16.452105954971504
2026-03-19 08:22:21.000000000,84.05819835777507
2026-03-19 08:38:47.000000000,37.365711684264106
2026-03-19 08:25:55.000000000,5.3548933004267925
2026-03-19 08:45:54.000000000,24.58685746938574
2026-03-19 08:58:22.000000000,12.367710221319903
2026-03-19 08:01:30.000000000,15.391788651955371
2026-03-19 08:55:16.000000000,7.789795623588171
2026-03-19 08:40:18.000000000,17.03833573512235
2026-03-19 09:59:33.000000000,27.590088887032476
2026-03-19 09:24:51.000000000,11.90288426448532
2026-03-19 09:01:28.000000000,15.333024464991219
2026-03-19 09:28:10.000000000,17.678074133629067
2026-03-19 09:46:39.000000000,11.87749501240782
2026-03-19 09:18:40.000000000,8.84881549376244
2026-03-19 09:24:01.000000000,10.082961132161046
2026-03-19 09:25:01.000000000,5.886191701520935
2026-03-19 09:28:50.000000000,13.909770130216742
2026-03-19 09:09:59.000000000,35.153931286621614
2026-03-19 09:42:23.000000000,15.637705997066881
2026-03-19 09:48:38.000000000,35.640470865050716
2026-03-19 09:16:10.000000000,10.227554395465404
2026-03-19 09:02:49.000000000,8.91833581781486
2026-03-19 09:11:29.000000000,15.163812778641969
2026-03-19 09:12:03.000000000,76.73550736928993
2026-03-19 09:08:54.000000000,129.0794033565249
2026-03-19 09:32:42.000000000,26.680280148815925
2026-03-19 10:51:05.000000000,9.31726255458638
2026-03-19 10:07:46.000000000,12.245652276453281
2026-03-19 10:21:49.000000000,15.077264728159157
2026-03-19 10:40:12.000000000,28.179207497306685
2026-03-19 10:04:58.000000000,35.08397497790144
2026-03-19 10:25:14.000000000,12.56412006755377
2026-03-19 10:25:25.000000000,24.292312753789474
2026-03-19 10:30:36.000000000,18.568743328066745
2026-03-19 10:53:40.000000000,31.881356598646
2026-03-19 10:23:49.000000000,86.80608757712059
2026-03-19 11:41:06.000000000,38.49975805896226
2026-03-19 11:28:42.000000000,17.709343561746905
2026-03-19 11:49:08.000000000,39.026491837245004
2026-03-19 11:23:30.000000000,37.504525332115115
2026-03-19 11:13:27.000000000,63.729901864973584
2026-03-19 11:44:20.000000000,76.04955753891183
2026-03-19 11:08:59.000000000,10.048739634706605
2026-03-19 11:16:48.000000000,22.332935279881866
2026-03-19 11:50:26.000000000,14.608122703806657
2026-03-19 11:56:04.000000000,12.813023952195614
2026-03-19 11:07:46.000000000,25.820409767438793
2026-03-19 11:02:09.000000000,14.385966215728427
2026-03-19 11:42:41.000000000,19.56912644770901
2026-03-19 11:21:29.000000000,21.372818869916703
2026-03-19 11:44:42.000000000,17.404067443682436
2026-03-19 11:22:09.000000000,10.113237989955524
2026-03-19 11:47:41.000000000,10.775533022217939
2026-03-19 12:44:45.000000000,16.450545150066027
2026-03-19 12:34:53.000000000,41.64925670844255
2026-03-19 12:16:14.000000000,19.740322794927746
2026-03-19 12:46:03.000000000,22.127346211275913
2026-03-19 12:01:48.000000000,9.3751074703369
2026-03-19 12:45:56.000000000,10.667754029441024
2026-03-19 12:16:35.000000000,14.86508054355539
2026-03-19 12:01:31.000000000,10.978973364724109
2026-03-19 12:55:36.000000000,101.90160815937531
2026-03-19 12:43:33.000000000,26.442037946014352
2026-03-19 12:03:53.000000000,10.758177373767756
2026-03-19 12:44:32.000000000,24.801690525572916
2026-03-19 12:35:48.000000000,17.78790685720777
2026-03-19 12:10:54.000000000,13.250646857213678
2026-03-19 12:59:48.000000000,15.98283966044016
2026-03-19 12:22:35.000000000,50.63816353524568
2026-03-19 13:14:32.000000000,7.384890174416459
2026-03-19 13:51:02.000000000,23.22797477478708
2026-03-19 13:09:45.000000000,26.64366225787913
2026-03-19 13:06:59.000000000,37.393327075511834
2026-03-19 13:44:44.000000000,29.929022812846945
2026-03-19 13:15:09.000000000,22.37937034655912
2026-03-19 13:49:49.000000000,59.27379659406738
2026-03-19 13:51:23.000000000,14.691730712542451
2026-03-19 13:59:06.000000000,8.386968942018003
2026-03-19 13:34:32.000000000,25.149050622928513
2026-03-19 13:58:57.000000000,41.569041339859794
2026-03-19 13:55:00.000000000,8.799807268310627
2026-03-19 13:03:58.000000000,17.263089917634932
2026-03-19 13:37:51.000000000,39.79106458410229
2026-03-19 13:03:04.000000000,19.729482041336617
2026-03-19 13:43:48.000000000,35.07868089111387
2026-03-19 14:00:05.000000000,17.535213072826426
2026-03-19 14:16:38.000000000,70.29620205813154
2026-03-19 14:45:30.000000000,37.5600015224033
2026-03-19 14:18:11.000000000,19.534564877468437
2026-03-19 14:49:41.000000000,41.68824499326102
2026-03-19 14:40:46.000000000,129.79641905507543
2026-03-19 14:30:04.000000000,96.60736120437298
2026-03-19 14:46:29.000000000,19.285094925718948
2026-03-19 14:18:29.000000000,8.907011055942185
2026-03-19 14:32:41.000000000,32.301570530007446
2026-03-19 14:15:06.000000000,8.019422350023108
2026-03-19 14:00:41.000000000,109.89644612956526
2026-03-19 14:51:14.000000000,22.49440590138168
2026-03-19 14:32:41.000000000,11.940995100837068
2026-03-19 14:43:57.000000000,160.10096324824173
2026-03-19 14:16:03.000000000,8.888212728828607
2026-03-19 14:04:52.000000000,25.794750299523642
2026-03-19 14:33:44.000000000,75.61363580967802
2026-03-19 15:37:43.000000000,13.093977529960794
2026-03-19 15:09:54.000000000,16.831489691342295
2026-03-19 15:43:24.000000000,18.650139235217928
2026-03-19 15:29:48.000000000,36.57986282298887
2026-03-19 15:07:33.000000000,33.694223568935804
2026-03-19 15:26:25.000000000,25.115575129963126
2026-03-19 15:41:17.000000000,18.031967635490588
2026-03-19 15:56:23.000000000,65.82273275146036
2026-03-19 15:44:41.000000000,6.569454737530384
2026-03-19 15:52:08.000000000,8.785885064653346
2026-03-19 15:52:16.000000000,8.901663102814844
2026-03-19 15:20:51.000000000,8.048267077179393
2026-03-19 15:00:13.000000000,15.163773982059613
2026-03-19 15:05:01.000000000,6.031668574715676
2026-03-19 15:10:59.000000000,51.60805224126811
2026-03-19 15:01:21.000000000,47.548198927963796
2026-03-19 15:08:44.000000000,45.32231751527742
2026-03-19 15:04:43.000000000,18.666720020978715
2026-03-19 15:04:26.000000000,19.309044926073803
2026-03-19 15:55:52.000000000,8.1165496772642
2026-03-19 16:13:55.000000000,24.96349476768917
2026-03-19 16:21:08.000000000,56.41558607314285
2026-03-19 16:54:41.000000000,10.273361210825648
2026-03-19 16:46:03.000000000,251.6770219852142
2026-03-19 16:17:45.000000000,11.210779033522357
2026-03-19 16:51:19.000000000,12.724026262470494
2026-03-19 16:50:58.000000000,37.907345568946276
2026-03-19 16:55:58.000000000,20.91878112172833
2026-03-19 16:39:37.000000000,10.698326244860286
2026-03-19 16:18:30.000000000,17.65538487682978
2026-03-19 16:39:37.000000000,18.870350124787286
2026-03-19 16:26:57.000000000,13.309612218033989
2026-03-19 16:44:45.000000000,13.784120761486903
2026-03-19 16:00:30.000000000,8.084778542664056
2026-03-19 16:12:16.000000000,45.69408288976156
2026-03-19 16:56:54.000000000,36.485514602546715
2026-03-19 16:56:47.000000000,56.26314503045083
2026-03-19 16:19:57.000000000,22.691793397636896
2026-03-19 16:04:08.000000000,19.678282913131703
2026-03-19 17:30:04.000000000,27.644357167556056
2026-03-19 17:02:52.000000000,10.092697707878145
2026-03-19 17:47:45.000000000,137.383178471956
2026-03-19 17:53:02.000000000,19.752221870117836
2026-03-19 17:03:44.000000000,34.839587831129336
2026-03-19 17:57:24.000000000,33.6841081365306
2026-03-19 17:31:13.000000000,50.66691161064321
2026-03-19 17:39:29.000000000,45.51976449417167
2026-03-19 17:14:03.000000000,27.796751232688685
2026-03-19 17:43:06.000000000,31.424277349519556
2026-03-19 17:59:34.000000000,19.764965420376907
2026-03-19 17:24:34.000000000,46.88707957071402
2026-03-19 17:08:19.000000000,12.575076777051244
2026-03-19 17:06:54.000000000,16.26079511102544
2026-03-19 17:50:59.000000000,22.071235133921455
2026-03-19 17:47:55.000000000,51.96842155852151
2026-03-19 17:42:07.000000000,28.606449394749777
2026-03-19 18:55:17.000000000,10.799677063089666
2026-03-19 18:26:38.000000000,14.805197967298081
2026-03-19 18:04:04.000000000,8.628541188940439
2026-03-19 18:23:26.000000000,8.887540271393167
2026-03-19 18:50:56.000000000,21.246742695227816
2026-03-19 18:12:34.000000000,21.342782496865468
2026-03-19 18:51:34.000000000,13.498828591525942
2026-03-19 18:41:33.000000000,137.91789658097494
2026-03-19 18:32:31.000000000,8.325445604917647
2026-03-19 18:14:18.000000000,31.6094250746667
2026-03-19 18:40:11.000000000,39.08467134172321
2026-03-19 18:44:34.000000000,8.52249595688031
2026-03-19 18:36:28.000000000,20.59034562292362
2026-03-19 18:04:06.000000000,65.80798912118561
2026-03-19 18:22:45.000000000,35.73617024460008
2026-03-19 18:34:38.000000000,23.066183824329293
2026-03-19 18:26:02.000000000,8.984098453237925
2026-03-19 18:13:35.000000000,16.862451379743977
2026-03-19 19:28:31.000000000,75.91443604411583
2026-03-19 19:59:47.000000000,6.7111483385034685
2026-03-19 19:29:52.000000000,9.580467473396064
2026-03-19 19:20:43.000000000,63.756929725909686
2026-03-19 19:10:15.000000000,17.43974600908129
2026-03-19 19:21:54.000000000,21.388555486774347
2026-03-19 19:11:45.000000000,20.120244324188114
2026-03-19 19:28:34.000000000,28.762215891597197
2026-03-19 19:52:44.000000000,54.685973647308415
2026-03-19 19:46:33.000000000,20.369489579888207
2026-03-19 19:17:37.000000000,21.07841764486996
2026-03-19 19:30:50.000000000,7.84770950550681
2026-03-19 20:17:43.000000000,13.079090777205616
2026-03-19 20:45:39.000000000,6.855089488196964
2026-03-19 20:47:33.000000000,34.444176969201344
2026-03-19 20:10:27.000000000,23.34854512944872
2026-03-19 20:55:40.000000000,15.102674102560854
2026-03-19 20:49:59.000000000,22.008567568168893
2026-03-19 20:35:31.000000000,27.916719651446932
2026-03-19 20:47:57.000000000,24.668405247473302
2026-03-19 20:03:39.000000000,9.75563790162305
2026-03-19 20:41:12.000000000,42.55520666723728
2026-03-19 20:44:59.000000000,176.01133086779978
2026-03-19 20:08:41.000000000,27.971099333277465
2026-03-19 20:08:40.000000000,49.58601957911948
2026-03-19 20:46:43.000000000,35.28624402982982
2026-03-19 20:14:31.000000000,16.05483994304759
2026-03-19 20:06:42.000000000,18.690970877245498
2026-03-19 20:27:31.000000000,27.41712734758631
2026-03-19 20:25:25.000000000,33.93902864053547
2026-03-19 20:35:26.000000000,35.83603374496454
2026-03-19 20:20:54.000000000,24.309873404983378
2026-03-19 21:29:04.000000000,9.899707785016652
2026-03-19 21:19:11.000000000,7.949088646535029
2026-03-19 21:22:08.000000000,38.2507538343919
2026-03-19 21:08:51.000000000,7.288201540674573
2026-03-19 21:40:54.000000000,106.35785173278376
2026-03-19 21:41:41.000000000,22.881529165910365
2026-03-19 21:27:41.000000000,45.73567466921532
2026-03-19 21:05:18.000000000,68.89892457930138
2026-03-19 21:49:25.000000000,18.213496289194737
2026-03-19 21:41:44.000000000,75.47605270666523
2026-03-19 21:08:02.000000000,31.29683038707799
2026-03-19 21:56:56.000000000,15.323338739020969
2026-03-19 22:13:46.000000000,49.11540820490829
2026-03-19 22:30:13.000000000,10.940673076394514
2026-03-19 22:11:18.000000000,16.94311049602708
2026-03-19 22:26:53.000000000,10.232708812709106
2026-03-19 22:25:53.000000000,11.645772332463823
2026-03-19 22:36:34.000000000,81.64039241749174
2026-03-19 22:27:11.000000000,26.513194771034506
2026-03-19 22:44:50.000000000,70.2237475697834
2026-03-19 22:33:36.000000000,30.526792190491594
2026-03-19 22:32:18.000000000,110.86552738990297
2026-03-19 22:03:44.000000000,29.87896212060329
2026-03-19 22:22:44.000000000,14.001510535978607
2026-03-19 22:27:44.000000000,41.96365645949435
2026-03-19 23:49:02.000000000,7.2721275918984105
2026-03-19 23:28:06.000000000,12.937840287362054
2026-03-19 23:55:14.000000000,34.43516727261941
2026-03-19 23:27:28.000000000,6.651914390646239
2026-03-19 23:04:17.000000000,140.53724973548606
2026-03-19 23:14:11.000000000,6.956392558408978
2026-03-19 23:22:08.000000000,49.38053092109847
2026-03-19 23:22:45.000000000,36.335699300426
2026-03-19 23:32:25.000000000,37.31461727963695
2026-03-19 23:22:00.000000000,6.543847597029405
2026-03-19 23:01:50.000000000,23.559772579267594
2026-03-19 23:22:41.000000000,8.594901483475493
2026-03-20 00:14:07.000000000,15.605609096028179
2026-03-20 00:46:32.000000000,10.737418422131235
2026-03-20 00:49:52.000000000,22.220788844904085
2026-03-20 00:09:38.000000000,18.4755868601276
2026-03-20 00:43:05.000000000,28.186973545628838
2026-03-20 00:37:56.000000000,20.21836329014295
2026-03-20 00:37:53.000000000,17.110149959448904
2026-03-20 01:36:21.000000000,18.590056510505768
2026-03-20 01:49:11.000000000,9.428794245121095
2026-03-20 01:05:07.000000000,38.06886265328608
2026-03-20 01:55:49.000000000,12.569639191120956
2026-03-20 01:37:11.000000000,122.55404924332859
2026-03-20 01:34:51.000000000,11.668116210921582
2026-03-20 01:59:14.000000000,10.749851276481431
2026-03-20 01:04:36.000000000,10.829716588052733
2026-03-20 02:11:17.000000000,6.5034184852935875
2026-03-20 02:51:57.000000000,7.00837854417298
2026-03-20 02:47:51.000000000,63.682941859489176
2026-03-20 02:03:29.000000000,43.58007361168231
2026-03-20 02:51:47.000000000,34.55594049711855
2026-03-20 03:34:59.000000000,17.245042661067398
2026-03-20 03:13:32.000000000,11.61438186540633
2026-03-20 03:59:34.000000000,45.0958793571027
2026-03-20 03:23:01.000000000,32.10739435449642
2026-03-20 04:28:39.000000000,35.29058535869876
2026-03-20 04:25:00.000000000,35.64731061785076
2026-03-20 04:46:26.000000000,40.962782253820706
2026-03-20 04:19:20.000000000,56.569740364986856
2026-03-20 04:19:52.000000000,24.58686895568677
2026-03-20 05:41:40.000000000,11.732863636913173
2026-03-20 05:19:43.000000000,31.845440697450577
2026-03-20 05:18:27.000000000,6.0180548270668215
2026-03-20 05:44:50.000000000,24.996016673006807
2026-03-20 05:21:47.000000000,63.61739342217398
2026-03-20 06:57:15.000000000,25.430364325140324
2026-03-20 06:24:38.000000000,8.161519752209463
2026-03-20 06:09:09.000000000,16.46429814660396
2026-03-20 06:44:33.000000000,16.516471744860745
2026-03-20 06:24:52.000000000,12.262329245642604
2026-03-20 07:53:11.000000000,95.95882321444836
2026-03-20 07:58:26.000000000,47.30054465605686
2026-03-20 07:44:24.000000000,57.46915846329979
2026-03-20 07:45:17.000000000,32.13666136843399
2026-03-20 07:52:46.000000000,20.303794676692206
2026-03-20 07:26:05.000000000,9.31825673294015
2026-03-20 07:13:30.000000000,20.722143148399237
2026-03-20 07:02:46.000000000,21.891817177474834
2026-03-20 07:27:18.000000000,19.348793357382657
2026-03-20 07:11:41.000000000,58.54584350900643
2026-03-20 07:15:48.000000000,28.120080980780116
2026-03-20 07:58:27.000000000,23.766817332539254
2026-03-20 07:41:25.000000000,20.129401761098435
2026-03-20 07:54:43.000000000,27.20234410291123
2026-03-20 07:03:39.000000000,23.374139558388954
2026-03-20 07:13:10.000000000,8.13666254613877
2026-03-20 07:15:41.000000000,8.701086879320016
2026-03-20 07:56:26.000000000,15.915736712000633
2026-03-20 07:50:40.000000000,9.046671038389231
2026-03-20 08:22:24.000000000,35.86552524448623
2026-03-20 08:38:54.000000000,17.174207228851685
2026-03-20 08:38:30.000000000,100.73339681843657
2026-03-20 08:26:06.000000000,25.724625103205103
2026-03-20 08:18:02.000000000,20.559409021917233
2026-03-20 08:22:14.000000000,6.582179932250474
2026-03-20 08:02:57.000000000,23.086141968382286
2026-03-20 08:26:43.000000000,8.61630497145784
2026-03-20 08:40:17.000000000,101.65933272905042
2026-03-20 08:00:51.000000000,35.810912591649426
2026-03-20 08:05:06.000000000,18.59266333570411
2026-03-20 08:20:46.000000000,8.182303774033738
2026-03-20 08:04:16.000000000,8.266393954704512
2026-03-20 08:27:29.000000000,13.156946495197673
2026-03-20 08:21:06.000000000,28.312705057608746
2026-03-20 08:41:47.000000000,42.15083894457796
2026-03-20 08:45:05.000000000,175.35852031576314
2026-03-20 08:18:29.000000000,28.29134596408172
2026-03-20 08:08:27.000000000,15.427546845604105
2026-03-20 09:55:24.000000000,10.043806462389016
2026-03-20 09:11:32.000000000,34.47642314663375
2026-03-20 09:11:15.000000000,26.033383669638127
2026-03-20 09:19:41.000000000,15.369607245360372
2026-03-20 09:20:39.000000000,21.3891317828675
2026-03-20 09:54:10.000000000,40.95103644116614
2026-03-20 09:20:36.000000000,26.967689189937236
2026-03-20 09:17:00.000000000,65.5501269248666
2026-03-20 09:17:18.000000000,25.68133499234576
2026-03-20 09:10:09.000000000,33.754325024451916
2026-03-20 09:11:49.000000000,19.726639360450264
2026-03-20 09:59:50.000000000,14.29697779309323
2026-03-20 09:02:31.000000000,9.581406190863909
2026-03-20 09:22:25.000000000,14.514573574537762
2026-03-20 09:17:44.000000000,30.92097344208657
2026-03-20 09:40:18.000000000,9.510588323040363
2026-03-20 09:44:36.000000000,7.110904829117252
2026-03-20 09:40:30.000000000,30.088877856588343
2026-03-20 10:49:49.000000000,36.791961941323805
2026-03-20 10:20:09.000000000,20.656781295251918
2026-03-20 10:32:18.000000000,25.337661393485078
2026-03-20 10:41:47.000000000,70.73636507010944
2026-03-20 10:00:24.000000000,91.58050806916317
2026-03-20 10:57:25.000000000,11.576230959283322
2026-03-20 10:54:45.000000000,12.79450429778455
2026-03-20 10:48:19.000000000,20.13959912541523
2026-03-20 10:02:00.000000000,20.537681896306516
2026-03-20 10:10:30.000000000,11.642281419056143
2026-03-20 10:30:01.000000000,18.495983012394994
2026-03-20 10:52:10.000000000,19.58893734341092
2026-03-20 10:02:38.000000000,19.617794676630425
2026-03-20 10:46:39.000000000,30.765996322125947
2026-03-20 10:26:34.000000000,20.538509052033312
2026-03-20 10:49:35.000000000,8.134321110976224
2026-03-20 10:04:22.000000000,25.784527611127736
2026-03-20 10:33:44.000000000,9.50429422402544
2026-03-20 11:25:58.000000000,33.580593483185446
2026-03-20 11:54:57.000000000,22.29215251208252
2026-03-20 11:31:26.000000000,15.280548486025804
2026-03-20 11:25:43.000000000,7.012975796424131
2026-03-20 11:13:18.000000000,16.676957859655996
2026-03-20 11:53:10.000000000,104.15199883371213
2026-03-20 11:16:47.000000000,107.50516728072377
2026-03-20 11:13:50.000000000,10.95449337381047
2026-03-20 11:42:38.000000000,22.403430606828437
2026-03-20 11:12:56.000000000,40.50643793001561
2026-03-20 11:28:48.000000000,22.365562702211637
2026-03-20 11:50:52.000000000,19.820290334264378
2026-03-20 11:19:50.000000000,34.88687502831297
2026-03-20 11:05:07.000000000,19.8004444774045
2026-03-20 11:05:35.000000000,31.44811927854152
2026-03-20 11:35:51.000000000,28.806609610941614
2026-03-20 11:27:09.000000000,13.490748350614705
2026-03-20 11:41:55.000000000,6.912235343369602
2026-03-20 11:32:58.000000000,11.521391007215957
2026-03-20 11:57:59.000000000,18.251024442631167
2026-03-20 12:26:04.000000000,11.728923277443522
2026-03-20 12:41:45.000000000,5.7342025470283495
2026-03-20 12:25:36.000000000,92.49349126508807
2026-03-20 12:11:06.000000000,9.542257650906365
2026-03-20 12:07:57.000000000,24.31443163718753
2026-03-20 12:35:49.000000000,31.4614456008861
2026-03-20 12:57:42.000000000,90.06097414692955
2026-03-20 12:48:57.000000000,38.4237711546364
2026-03-20 12:05:43.000000000,25.398033883592028
2026-03-20 12:56:02.000000000,9.330623172205787
2026-03-20 13:15:48.000000000,37.39470303779198
2026-03-20 13:04:16.000000000,32.87722822726597
2026-03-20 13:20:42.000000000,39.48466305935621
2026-03-20 13:27:16.000000000,14.693357713459568
2026-03-20 13:26:39.000000000,17.20932994766776
2026-03-20 13:53:46.000000000,94.90242468581359
2026-03-20 13:59:43.000000000,23.73553365648172
2026-03-20 13:35:55.000000000,29.239764588699103
2026-03-20 13:47:04.000000000,20.484964377483067
2026-03-20 13:12:38.000000000,21.70963472099226
2026-03-20 13:36:12.000000000,11.970649680559315
2026-03-20 13:56:41.000000000,24.421411321929035
2026-03-20 13:01:37.000000000,12.79174171453111
2026-03-20 13:09:38.000000000,11.08677865754689
2026-03-20 13:29:24.000000000,40.3480513930616
2026-03-20 13:42:50.000000000,25.60110819020943
2026-03-20 13:00:11.000000000,10.73641968703668
2026-03-20 14:01:41.000000000,12.760729265334119
2026-03-20 14:39:49.000000000,25.75912425670073
2026-03-20 14:17:22.000000000,8.759180733021957
2026-03-20 14:52:01.000000000,11.744136528483832
2026-03-20 14:42:46.000000000,35.62748834037469
2026-03-20 14:55:21.000000000,17.81063354857597
2026-03-20 14:30:32.000000000,38.04873055112802
2026-03-20 14:35:55.000000000,11.365723477556916
2026-03-20 14:43:13.000000000,65.62929831367552
2026-03-20 14:00:08.000000000,20.25255901807693
2026-03-20 14:36:47.000000000,69.68968656934337
2026-03-20 14:37:09.000000000,52.032166395517095
2026-03-20 14:56:46.000000000,31.487215843671244
2026-03-20 14:16:12.000000000,37.71923476146502
2026-03-20 14:14:18.000000000,35.469520408762385
2026-03-20 14:13:31.000000000,14.906474779975149
2026-03-20 14:50:40.000000000,46.043124663108415
2026-03-20 15:32:20.000000000,78.14222722443932
2026-03-20 15:40:39.000000000,12.649716861558836
2026-03-20 15:36:15.000000000,19.541819303765152
2026-03-20 15:51:58.000000000,24.398111228527373
2026-03-20 15:02:04.000000000,7.55311379277682
2026-03-20 15:01:17.000000000,28.558671026344943
2026-03-20 15:30:09.000000000,11.877685862071555
2026-03-20 15:41:45.000000000,27.601716475561055
2026-03-20 15:37:37.000000000,15.280978673448969
2026-03-20 15:24:17.000000000,251.16684134323413
2026-03-20 15:51:07.000000000,17.411475502329772
2026-03-20 15:20:43.000000000,70.3166934674926
2026-03-20 15:35:26.000000000,16.051421012078137
2026-03-20 15:34:44.000000000,69.02814076094648
2026-03-20 16:52:14.000000000,70.90125023657082
2026-03-20 16:15:31.000000000,30.264707681700443
2026-03-20 16:42:24.000000000,6.016141538512342
2026-03-20 16:29:59.000000000,15.276315122347324
2026-03-20 16:12:11.000000000,100.8672895577948
2026-03-20 16:32:45.000000000,22.00555421566576
2026-03-20 16:42:18.000000000,49.44054826174697
2026-03-20 16:58:18.000000000,8.209682286211807
2026-03-20 16:49:30.000000000,8.61157791239398
2026-03-20 16:22:14.000000000,13.713702777276968
2026-03-20 16:16:20.000000000,15.813241715133437
2026-03-20 16:24:19.000000000,12.452167710363769
2026-03-20 16:53:24.000000000,5.002430633095086
2026-03-20 16:40:28.000000000,18.656922776762503
2026-03-20 16:45:02.000000000,9.541414749403575
2026-03-20 16:21:21.000000000,58.28891999712384
2026-03-20 17:44:50.000000000,40.915006861964905
2026-03-20 17:02:21.000000000,15.210132038831476
2026-03-20 17:05:26.000000000,12.489649219694593
2026-03-20 17:31:16.000000000,14.272715938892532
2026-03-20 17:48:50.000000000,28.56865766309224
2026-03-20 17:48:23.000000000,75.5406000881604
2026-03-20 17:20:37.000000000,12.626730698353072
2026-03-20 17:39:28.000000000,22.757755705135473
2026-03-20 17:50:45.000000000,21.33398944247771
2026-03-20 17:03:42.000000000,7.743643221372871
2026-03-20 17:36:39.000000000,13.303918042730645
2026-03-20 17:20:31.000000000,9.836949171976089
2026-03-20 17:08:37.000000000,14.15107523738424
2026-03-20 17:23:07.000000000,7.455451403104018
2026-03-20 17:56:35.000000000,17.345636515359065
2026-03-20 17:51:03.000000000,11.845358275704342
2026-03-20 17:56:30.000000000,9.922422808732916
2026-03-20 17:23:43.000000000,7.045114656862032
2026-03-20 18:24:08.000000000,24.913428788812663
2026-03-20 18:35:09.000000000,23.190989706644004
2026-03-20 18:05:37.000000000,11.468978914237828
2026-03-20 18:07:03.000000000,23.674102034079965
2026-03-20 18:13:52.000000000,9.63986617590326
2026-03-20 18:49:17.000000000,9.065958837007745
2026-03-20 18:08:42.000000000,11.686454372786994
2026-03-20 18:36:20.000000000,29.319140418580027
2026-03-20 18:54:26.000000000,16.44778246509145
2026-03-20 18:22:49.000000000,9.528630922288386
2026-03-20 18:27:43.000000000,24.361062407955497
2026-03-20 18:49:18.000000000,15.935539857071449
2026-03-20 18:30:32.000000000,15.77212132141264
2026-03-20 18:29:41.000000000,17.340138242214785
2026-03-20 18:31:20.000000000,21.445376379470304
2026-03-20 18:55:06.000000000,10.02600751034813
2026-03-20 18:10:18.000000000,7.190033598231231
2026-03-20 19:23:45.000000000,17.949689585836797
2026-03-20 19:18:42.000000000,18.22875073027339
2026-03-20 19:25:54.000000000,41.98350127603342
2026-03-20 19:44:35.000000000,24.36118910235449
2026-03-20 19:10:42.000000000,21.5443421182456
2026-03-20 19:16:51.000000000,37.84483119767868
2026-03-20 19:13:35.000000000,25.674955931480426
2026-03-20 19:17:12.000000000,19.859457667953738
2026-03-20 19:27:25.000000000,72.83424572372022
2026-03-20 19:52:54.000000000,18.505622319559663
2026-03-20 19:31:15.000000000,16.02770446470075
2026-03-20 19:27:54.000000000,20.505107697345892
2026-03-20 19:56:45.000000000,6.122646885599818
2026-03-20 19:00:10.000000000,71.52627573001944
2026-03-20 19:22:11.000000000,6.656319800749923
2026-03-20 19:32:15.000000000,11.909181406160275
2026-03-20 19:23:09.000000000,19.911662394412282
2026-03-20 20:07:06.000000000,19.949298954603847
2026-03-20 20:29:52.000000000,37.37681305157342
2026-03-20 20:35:32.000000000,28.85827476130774
2026-03-20 20:39:01.000000000,6.622862819949763
2026-03-20 20:46:10.000000000,8.750484577595591
2026-03-20 20:51:28.000000000,7.897949074357383
2026-03-20 20:16:39.000000000,41.99621802775759
2026-03-20 20:56:00.000000000,10.67338632574252
2026-03-20 20:25:26.000000000,14.306728663319927
2026-03-20 20:45:59.000000000,27.029499729539648
2026-03-20 20:57:33.000000000,14.936441890593603
2026-03-20 20:02:55.000000000,35.727794505060665
2026-03-20 20:40:35.000000000,11.567388110339383
2026-03-20 20:15:51.000000000,13.845239836103673
2026-03-20 20:31:22.000000000,17.966258486329085
2026-03-20 20:43:44.000000000,16.89802646135475
2026-03-20 20:42:54.000000000,20.43080558265857
2026-03-20 20:16:26.000000000,49.54058039786874
2026-03-20 20:08:35.000000000,9.23082378851294
2026-03-20 20:22:02.000000000,19.60652413037553
2026-03-20 20:44:19.000000000,28.703600865677856
2026-03-20 21:20:38.000000000,29.530176718327866
2026-03-20 21:42:51.000000000,15.2665487509955
2026-03-20 21:03:00.000000000,36.50640036749013
2026-03-20 21:24:55.000000000,13.590672483424177
2026-03-20 21:47:37.000000000,5.812015126746095
2026-03-20 21:00:19.000000000,5.664650236976332
2026-03-20 21:36:23.000000000,18.045069794562306
2026-03-20 21:53:18.000000000,43.16963272519953
2026-03-20 21:32:09.000000000,13.266280921380595
2026-03-20 21:52:30.000000000,20.237824527739065
2026-03-20 21:07:50.000000000,26.592275051434846
2026-03-20 21:57:25.000000000,16.459788175277684
2026-03-20 21:54:01.000000000,90.88356803631123
2026-03-20 21:59:43.000000000,182.5074763531837
2026-03-20 21:14:09.000000000,40.93995061497681
2026-03-20 21:39:30.000000000,28.20735384281428
2026-03-20 21:12:32.000000000,27.839782779219924
2026-03-20 21:24:59.000000000,7.36313710767728
2026-03-20 21:29:30.000000000,11.460879725063505
2026-03-20 21:29:48.000000000,16.91622976408267
2026-03-20 21:36:54.000000000,33.225706003914915
2026-03-20 21:01:30.000000000,9.84211996330195
2026-03-20 21:19:05.000000000,43.330016705720595
2026-03-20 21:21:15.000000000,31.63465955934299
2026-03-20 21:42:18.000000000,30.09451148637336
2026-03-20 22:43:35.000000000,17.225125280632003
2026-03-20 22:56:02.000000000,51.36911333101194
2026-03-20 22:49:13.000000000,16.783650790376434
2026-03-20 22:30:45.000000000,24.204501199243495
2026-03-20 22:02:58.000000000,8.276285688316504
2026-03-20 22:22:44.000000000,39.88084402871843
2026-03-20 22:29:04.000000000,65.13937082822241
2026-03-20 22:12:16.000000000,46.34729414862778
2026-03-20 22:17:25.000000000,13.958597865591393
2026-03-20 22:26:38.000000000,58.743217463715666
2026-03-20 22:28:01.000000000,9.82894153550513
2026-03-20 22:28:34.000000000,17.718969458225814
2026-03-20 22:27:24.000000000,56.00722988994166
2026-03-20 23:35:47.000000000,43.23633280905116
2026-03-20 23:43:23.000000000,52.3093085616554
2026-03-20 23:43:06.000000000,51.16126541741482
2026-03-20 23:30:21.000000000,13.347340228694792
2026-03-20 23:07:24.000000000,61.23622080333958
2026-03-20 23:14:40.000000000,15.246731058783201
2026-03-20 23:40:24.000000000,32.075563304722046
2026-03-20 23:25:52.000000000,15.702059608148264
2026-03-20 23:49:52.000000000,25.763216036457607
2026-03-20 23:57:12.000000000,67.6939048510894
2026-03-20 23:20:45.000000000,9.578955892139327
2026-03-20 23:18:12.000000000,24.511815449443297
2026-03-20 23:58:36.000000000,19.224389144197396
2026-03-20 23:52:23.000000000,52.0414060928765
2026-03-20 23:54:12.000000000,30.503387758909447
2026-03-20 23:47:08.000000000,48.834379354362426
2026-03-20 23:45:03.000000000,49.00172357882146
2026-03-20 23:08:24.000000000,15.1044169494172
2026-03-20 23:24:00.000000000,31.933204916423655
2026-03-20 23:31:10.000000000,42.514464159906986
2026-03-21 00:39:12.000000000,22.08135579831979
2026-03-21 00:42:03.000000000,28.299579914823973
2026-03-21 00:39:24.000000000,14.584627747468424
2026-03-21 00:40:51.000000000,14.167142005780732
2026-03-21 00:53:51.000000000,39.38985634952841
2026-03-21 00:53:43.000000000,40.33085017357138
2026-03-21 00:40:15.000000000,25.502941116470154
2026-03-21 00:48:38.000000000,26.212763779578697
2026-03-21 00:59:17.000000000,10.63363621401
2026-03-21 00:01:57.000000000,15.167824197621076
2026-03-21 01:13:27.000000000,36.18414966682738
2026-03-21 01:52:17.000000000,15.851705175597534
2026-03-21 01:29:23.000000000,13.418297282379921
2026-03-21 01:49:08.000000000,24.000742195137732
2026-03-21 01:39:43.000000000,51.66301017298817
2026-03-21 01:01:59.000000000,52.601610285374015
2026-03-21 01:47:58.000000000,8.016501795628963
2026-03-21 01:35:40.000000000,19.455882655731745
2026-03-21 01:02:34.000000000,11.027870026079542
2026-03-21 01:00:16.000000000,20.883161267338142
2026-03-21 01:55:01.000000000,12.462656039053563
2026-03-21 02:12:36.000000000,11.74345340857554
2026-03-21 02:22:15.000000000,6.6863015911677275
2026-03-21 02:36:29.000000000,13.195995367654685
2026-03-21 02:16:05.000000000,13.561299552686695
2026-03-21 02:09:43.000000000,9.566885315956718
2026-03-21 02:24:36.000000000,19.59450041413237
2026-03-21 02:08:57.000000000,9.736498528021125
2026-03-21 02:16:09.000000000,8.506453778500692
2026-03-21 02:28:44.000000000,15.05442657542106
2026-03-21 03:07:16.000000000,27.07619112126926
2026-03-21 03:15:23.000000000,48.80749612746888
2026-03-21 03:10:17.000000000,17.85874153050277
2026-03-21 03:47:06.000000000,7.326867014319462
2026-03-21 03:23:38.000000000,19.580900880204958
2026-03-21 04:06:05.000000000,30.277625706641572
2026-03-21 04:26:15.000000000,73.53251267837832
2026-03-21 04:33:17.000000000,46.39761718341728
2026-03-21 04:29:18.000000000,27.34916617103428
2026-03-21 04:14:46.000000000,44.5873310666116
2026-03-21 04:44:20.000000000,28.870452934173844
2026-03-21 04:10:42.000000000,25.774214698072246
2026-03-21 05:24:12.000000000,18.561699176276825
2026-03-21 05:15:06.000000000,67.25222210785562
2026-03-21 05:52:53.000000000,11.683287488747178
2026-03-21 05:00:42.000000000,68.53275201785746
2026-03-21 05:07:41.000000000,28.409935123292733
2026-03-21 06:25:06.000000000,25.428776389792297
2026-03-21 06:28:40.000000000,24.86234072320657
2026-03-21 06:11:57.000000000,16.399838068799397
2026-03-21 06:45:32.000000000,68.20730826367861
2026-03-21 06:15:21.000000000,13.159461613112677
2026-03-21 06:30:43.000000000,12.207564538570633
2026-03-21 06:21:52.000000000,17.785243747096988
2026-03-21 06:51:10.000000000,26.631819059357024
2026-03-21 06:34:01.000000000,23.612704129144383
2026-03-21 06:08:00.000000000,21.785346324237665
2026-03-21 06:01:55.000000000,55.535834097264555
2026-03-21 06:08:48.000000000,10.90716782531975
2026-03-21 06:01:53.000000000,8.986914863622887
2026-03-21 06:56:04.000000000,29.457398102787277
2026-03-21 07:21:25.000000000,25.588206586672282
2026-03-21 07:14:18.000000000,11.519439610443484
2026-03-21 07:55:45.000000000,14.564886893995123
2026-03-21 07:36:21.000000000,37.132729624989075
2026-03-21 07:00:09.000000000,10.370525107704744
2026-03-21 07:36:43.000000000,24.19595983591958
2026-03-21 07:09:00.000000000,13.240787423271694
2026-03-21 07:03:45.000000000,32.599270229132046
2026-03-21 07:17:02.000000000,16.984534808358276
2026-03-21 07:10:35.000000000,28.80372145375049
2026-03-21 08:28:05.000000000,6.3715147553931075
2026-03-21 08:20:25.000000000,9.967831612334505
2026-03-21 08:44:17.000000000,15.256939218004224
2026-03-21 08:56:44.000000000,13.15017737842005
2026-03-21 08:44:17.000000000,165.77926194028714
2026-03-21 08:51:15.000000000,12.528087613212016
2026-03-21 09:49:11.000000000,25.859010908924354
2026-03-21 09:33:04.000000000,12.0501955880184
2026-03-21 09:26:32.000000000,7.3063000519344525
2026-03-21 09:44:13.000000000,8.66390442214496
2026-03-21 09:49:27.000000000,20.999995729605427
2026-03-21 09:57:48.000000000,11.96108528103634
2026-03-21 09:31:40.000000000,11.780211150634077
2026-03-21 09:36:55.000000000,113.95450003585275
2026-03-21 09:09:04.000000000,10.359403738963149
2026-03-21 09:55:38.000000000,10.153592487398612
2026-03-21 09:59:44.000000000,124.58956869002253
2026-03-21 09:31:11.000000000,11.757689391006679
2026-03-21 09:25:50.000000000,23.01454100307639
2026-03-21 10:36:39.000000000,13.534187852282251
2026-03-21 10:30:48.000000000,40.61118157674875
2026-03-21 10:20:23.000000000,22.17523505803772
2026-03-21 10:09:13.000000000,35.60705736719592
2026-03-21 10:02:18.000000000,25.361100132318462
2026-03-21 10:52:16.000000000,9.033336698158813
2026-03-21 10:00:33.000000000,13.700902748482417
2026-03-21 10:14:55.000000000,30.28526432902118
2026-03-21 10:52:12.000000000,38.50381366911734
2026-03-21 10:38:01.000000000,14.040290164391175
2026-03-21 10:52:21.000000000,22.21574330735786
2026-03-21 10:35:21.000000000,8.824004810916405
2026-03-21 10:27:06.000000000,16.60815441006746
2026-03-21 10:10:53.000000000,18.444573001242667
2026-03-21 10:24:01.000000000,96.15304714633353
2026-03-21 11:01:17.000000000,8.898738871536779
2026-03-21 11:12:04.000000000,47.733589390062406
2026-03-21 11:10:21.000000000,13.326011672914595
2026-03-21 11:50:00.000000000,8.523796031429795
2026-03-21 11:15:16.000000000,18.595520788712356
2026-03-21 11:13:05.000000000,17.17026486337833
2026-03-21 11:28:49.000000000,12.07279130405017
2026-03-21 11:33:11.000000000,12.433697344708573
2026-03-21 11:34:34.000000000,10.8163634624535
2026-03-21 11:11:32.000000000,7.86277258097054
2026-03-21 11:51:17.000000000,22.349443153836006
2026-03-21 11:12:34.000000000,12.070358469922699
2026-03-21 11:20:22.000000000,7.643216600706724
2026-03-21 12:18:54.000000000,13.565051597921457
2026-03-21 12:52:41.000000000,36.37271508381268
2026-03-21 12:24:07.000000000,14.702299831782689
2026-03-21 12:11:40.000000000,8.472993680681267
2026-03-21 12:26:44.000000000,15.226076729027998
2026-03-21 12:12:28.000000000,7.304494753798117
2026-03-21 12:03:09.000000000,27.465196711886474
2026-03-21 12:48:19.000000000,21.773442478278053
2026-03-21 12:06:50.000000000,61.22381472486981
2026-03-21 12:05:34.000000000,27.89651939206587
2026-03-21 12:30:45.000000000,55.017273592793686
2026-03-21 12:23:59.000000000,6.433780807072468
2026-03-21 12:51:24.000000000,28.303134873913724
2026-03-21 12:08:42.000000000,11.702928344767022
2026-03-21 12:50:15.000000000,41.47170713484083
2026-03-21 12:48:44.000000000,7.572596772165633
2026-03-21 12:22:17.000000000,17.148387280311788
2026-03-21 13:22:24.000000000,14.498962118135278
2026-03-21 13:56:55.000000000,12.678019151563761
2026-03-21 13:32:14.000000000,7.996017694276054
2026-03-21 13:18:36.000000000,31.408658200242584
2026-03-21 13:46:14.000000000,34.31158467859395
2026-03-21 13:04:08.000000000,47.580386298766854
2026-03-21 13:47:27.000000000,9.671048203029503
2026-03-21 13:06:17.000000000,10.913326638590135
2026-03-21 13:25:31.000000000,50.46889431667826
2026-03-21 13:56:57.000000000,15.8195749135506
2026-03-21 13:30:31.000000000,21.859572284138757
2026-03-21 13:17:28.000000000,19.062112170634098
2026-03-21 13:05:34.000000000,23.233261066799038
2026-03-21 13:23:37.000000000,9.839819401382488
2026-03-21 13:08:20.000000000,63.76843419607142
2026-03-21 13:54:29.000000000,23.909646268134896
2026-03-21 13:45:43.000000000,71.31200065367716
2026-03-21 13:34:02.000000000,20.40829293899469
2026-03-21 13:18:48.000000000,22.088419373497
2026-03-21 13:36:35.000000000,15.914026051412634
2026-03-21 13:47:08.000000000,19.559638590272595
2026-03-21 13:51:53.000000000,89.99020927516416
2026-03-21 13:50:13.000000000,7.897818133248737
2026-03-21 13:05:46.000000000,20.79669557918238
2026-03-21 13:35:00.000000000,48.31979663010528
2026-03-21 14:02:52.000000000,32.43583237405286
2026-03-21 14:31:57.000000000,17.762314770160273
2026-03-21 14:36:32.000000000,40.40767689520351
2026-03-21 14:03:51.000000000,32.61866437982464
2026-03-21 14:02:35.000000000,59.22644549745429
2026-03-21 14:32:50.000000000,21.58216333208709
2026-03-21 14:32:21.000000000,16.93529449687184
2026-03-21 14:12:40.000000000,14.577727312901573
2026-03-21 14:32:12.000000000,19.390499334753034
2026-03-21 14:33:41.000000000,26.19417120828678
2026-03-21 14:42:52.000000000,28.033382441100294
2026-03-21 14:48:23.000000000,16.7347405546497
2026-03-21 14:18:17.000000000,19.361456604740376
2026-03-21 14:44:02.000000000,13.333119744927261
2026-03-21 14:20:26.000000000,20.555681950594796
2026-03-21 14:06:58.000000000,28.00259870952674
2026-03-21 14:46:45.000000000,45.93627429802585
2026-03-21 14:03:15.000000000,59.28585978474824
2026-03-21 14:49:14.000000000,27.915921717529123
2026-03-21 14:05:55.000000000,18.598097390850672
2026-03-21 14:13:57.000000000,120.5030575605245
2026-03-21 14:33:03.000000000,10.783201905364093
2026-03-21 14:17:19.000000000,73.46830331728412
2026-03-21 15:32:06.000000000,9.008533429710827
2026-03-21 15:06:46.000000000,11.560434421615296
2026-03-21 15:23:00.000000000,17.83119938333026
2026-03-21 15:17:07.000000000,44.05117970299925
2026-03-21 15:41:01.000000000,13.107086700032076
2026-03-21 15:32:55.000000000,50.872827980653206
2026-03-21 15:01:40.000000000,8.149239888350749
2026-03-21 15:39:52.000000000,10.084014086028557
2026-03-21 15:13:38.000000000,38.65137521995686
2026-03-21 15:47:53.000000000,7.081240934180744
2026-03-21 15:12:06.000000000,24.373711164920962
2026-03-21 15:26:39.000000000,30.328988273705853
2026-03-21 15:06:32.000000000,23.586583513031833
2026-03-21 15:01:40.000000000,21.326178166053033
2026-03-21 15:25:19.000000000,26.00115036761369
2026-03-21 15:40:31.000000000,21.239220602594944
2026-03-21 15:34:23.000000000,23.985527412089045
2026-03-21 15:23:28.000000000,9.385210800717083
2026-03-21 15:39:05.000000000,15.286533036550322
2026-03-21 15:15:57.000000000,49.377285994892574
2026-03-21 15:07:46.000000000,77.81883109916603
2026-03-21 16:47:18.000000000,218.99105501362828
2026-03-21 16:25:39.000000000,13.031561447897115
2026-03-21 16:00:13.000000000,26.633432679849893
2026-03-21 16:45:53.000000000,8.923113589251013
2026-03-21 16:20:02.000000000,54.06127986573012
2026-03-21 16:15:46.000000000,8.992630649957988
2026-03-21 16:13:10.000000000,28.508513644597187
2026-03-21 16:30:32.000000000,15.880338519353371
2026-03-21 16:05:25.000000000,21.907330975568417
2026-03-21 16:50:23.000000000,12.448963816992364
2026-03-21 16:16:12.000000000,39.69431742152972
2026-03-21 16:31:56.000000000,114.28592765848278
2026-03-21 16:57:23.000000000,111.61004151474506
2026-03-21 16:09:29.000000000,27.538121526826927
2026-03-21 16:43:21.000000000,15.215932493359004
2026-03-21 16:38:54.000000000,37.271584646484214
2026-03-21 16:38:39.000000000,13.780634977892834
2026-03-21 16:39:07.000000000,51.09369232463135
2026-03-21 16:11:28.000000000,10.323630748292189
2026-03-21 16:38:38.000000000,24.42814022963646
2026-03-21 17:18:11.000000000,39.78426375745495
2026-03-21 17:56:32.000000000,36.826133533067946
2026-03-21 17:47:16.000000000,24.569535341615065
2026-03-21 17:04:06.000000000,22.870729753062445
2026-03-21 17:02:32.000000000,53.31555358841716
2026-03-21 17:32:39.000000000,40.89585936161225
2026-03-21 17:12:57.000000000,23.93479836125138
2026-03-21 17:10:34.000000000,92.25056926041067
2026-03-21 17:49:21.000000000,30.50275235634199
2026-03-21 17:41:56.000000000,21.51355811924281
2026-03-21 17:30:13.000000000,47.94753663370396
2026-03-21 17:54:33.000000000,9.09290050240717
2026-03-21 17:44:26.000000000,15.633990558493029
2026-03-21 17:40:54.000000000,20.933024742153997
2026-03-21 17:19:42.000000000,10.81475667710288
2026-03-21 17:27:04.000000000,19.583073381844002
2026-03-21 17:58:02.000000000,10.267189524242031
2026-03-21 17:04:10.000000000,21.034710616862917
2026-03-21 17:25:41.000000000,32.20877582063203
2026-03-21 17:30:30.000000000,10.701051102410144
2026-03-21 17:56:25.000000000,14.216851597714564
2026-03-21 18:41:04.000000000,18.59164142178473
2026-03-21 18:56:37.000000000,9.853913406177565
2026-03-21 18:45:08.000000000,18.42632491723077
2026-03-21 18:34:29.000000000,39.1225976751215
2026-03-21 18:52:29.000000000,6.2634295455872575
2026-03-21 18:27:53.000000000,15.389471093090265
2026-03-21 18:24:11.000000000,20.121346109465716
2026-03-21 18:24:04.000000000,19.849690999634042
2026-03-21 18:53:18.000000000,20.864747932310436
2026-03-21 18:58:57.000000000,10.803623444300442
2026-03-21 18:48:47.000000000,31.458666722011024
2026-03-21 18:41:23.000000000,18.9607116697759
2026-03-21 18:58:01.000000000,18.6071420144651
2026-03-21 18:30:01.000000000,12.865123938827207
2026-03-21 18:52:12.000000000,13.898983228366996
2026-03-21 18:28:58.000000000,8.100121847342763
2026-03-21 18:36:21.000000000,38.966358514265615
2026-03-21 19:42:01.000000000,17.99425272015199
2026-03-21 19:24:31.000000000,10.96634587236581
2026-03-21 19:11:16.000000000,15.820998376232382
2026-03-21 19:05:40.000000000,24.873581223611644
2026-03-21 19:40:04.000000000,46.80179960522629
2026-03-21 19:58:51.000000000,16.769447468808522
2026-03-21 19:28:34.000000000,30.000512952302813
2026-03-21 19:22:59.000000000,59.84985963180883
2026-03-21 19:09:28.000000000,11.560312027409328
2026-03-21 19:46:07.000000000,12.382272050953606
2026-03-21 19:56:27.000000000,39.28180807253791
2026-03-21 19:59:07.000000000,11.127635837903103
2026-03-21 19:17:04.000000000,39.200545910405324
2026-03-21 20:55:48.000000000,6.114626938310878
2026-03-21 20:24:13.000000000,12.801835990160557
2026-03-21 20:04:38.000000000,39.50231139007981
2026-03-21 20:57:14.000000000,15.427204502481821
2026-03-21 20:17:34.000000000,11.740896282904831
2026-03-21 20:50:55.000000000,8.850349369993815
2026-03-21 20:23:15.000000000,21.456995339738363
2026-03-21 20:14:20.000000000,42.813869827901875
2026-03-21 20:02:43.000000000,7.488215376864436
2026-03-21 20:19:30.000000000,8.294435864281938
2026-03-21 20:13:36.000000000,19.12081188752421
2026-03-21 20:42:56.000000000,18.697494462638023
2026-03-21 20:05:26.000000000,12.767933267970731
2026-03-21 20:22:08.000000000,28.83828937133532
2026-03-21 20:18:39.000000000,16.376902482024803
2026-03-21 20:57:45.000000000,17.57621963325417
2026-03-21 20:14:56.000000000,16.80242241664325
2026-03-21 20:19:16.000000000,13.89937168685434
2026-03-21 20:30:45.000000000,9.115322839000083
2026-03-21 20:50:31.000000000,22.42218340621049
2026-03-21 20:36:17.000000000,16.0192269579789
2026-03-21 20:20:51.000000000,14.155634049003949
2026-03-21 20:06:26.000000000,14.475884498159774
2026-03-21 20:35:52.000000000,18.35385488607333
2026-03-21 20:43:00.000000000,15.973049158762553
2026-03-21 21:24:38.000000000,17.8720560271528
2026-03-21 21:29:40.000000000,9.505640613865546
2026-03-21 21:55:48.000000000,32.634266057194736
2026-03-21 21:30:49.000000000,15.099976614857685
2026-03-21 21:34:17.000000000,18.012844437293104
2026-03-21 21:07:15.000000000,25.07188603934206
2026-03-21 21:09:30.000000000,37.4129627708686
2026-03-21 21:28:13.000000000,22.157105388036086
2026-03-21 21:44:10.000000000,21.309546941134784
2026-03-21 21:52:03.000000000,57.13658636870409
2026-03-21 21:45:04.000000000,6.023661201255411
2026-03-21 21:54:58.000000000,9.412342867073395
2026-03-21 21:50:08.000000000,29.962127039470083
2026-03-21 21:09:03.000000000,18.62806483972154
2026-03-21 21:30:45.000000000,28.166770417077053
2026-03-21 21:37:10.000000000,15.300290553624746
2026-03-21 21:44:11.000000000,16.012643611096767
2026-03-21 22:40:05.000000000,44.56440983082179
2026-03-21 22:58:51.000000000,8.632347402568406
2026-03-21 22:33:57.000000000,32.48768466459475
2026-03-21 22:07:58.000000000,18.847612330111765
2026-03-21 22:21:56.000000000,35.028888514508814
2026-03-21 22:51:27.000000000,21.011546911518607
2026-03-21 22:20:19.000000000,23.993656228096917
2026-03-21 22:55:57.000000000,10.765035914973572
2026-03-21 22:51:30.000000000,8.055718096086773
2026-03-21 22:02:35.000000000,16.956873268161047
2026-03-21 22:36:54.000000000,17.867875763109517
2026-03-21 22:55:41.000000000,41.55660386217323
2026-03-21 22:13:04.000000000,27.99632534889997
2026-03-21 22:27:27.000000000,23.056471580539963
2026-03-21 22:30:20.000000000,29.970009396300146
2026-03-21 22:25:48.000000000,18.852485608345084
2026-03-21 22:49:00.000000000,37.693403404415896
2026-03-21 22:42:54.000000000,10.945132605521078
2026-03-21 22:14:36.000000000,31.7181182546996
2026-03-21 23:51:18.000000000,18.815383208476675
2026-03-21 23:20:18.000000000,24.45184903062659
2026-03-21 23:22:22.000000000,35.409464165475555
2026-03-21 23:54:34.000000000,43.7823114596485
2026-03-21 23:16:31.000000000,45.383138990259624
2026-03-21 23:57:37.000000000,78.13829863871295
2026-03-21 23:23:31.000000000,32.40025705805839
2026-03-21 23:13:48.000000000,35.154373847344246
2026-03-21 23:06:51.000000000,44.88737733514933
2026-03-21 23:20:03.000000000,22.835168510239924
2026-03-21 23:56:25.000000000,8.811545491433733
2026-03-21 23:03:47.000000000,24.241250601632103
2026-03-21 23:39:15.000000000,13.168374387558577
2026-03-21 23:38:36.000000000,19.659662670993754
2026-03-21 23:20:08.000000000,8.140874867226874
2026-03-21 23:10:40.000000000,30.716451529948216
2026-03-21 23:53:26.000000000,39.77758591571152
2026-03-21 23:05:00.000000000,22.01793761004138
2026-03-21 23:53:51.000000000,62.96909586756722
2026-03-21 23:27:02.000000000,70.5601916521936
2026-03-21 23:50:49.000000000,53.14317590716447
2026-03-22 00:46:49.000000000,18.224868400555245
2026-03-22 00:06:22.000000000,40.53225214188913
2026-03-22 00:21:43.000000000,10.274186947045001
2026-03-22 00:18:15.000000000,31.62649430224147
2026-03-22 00:24:39.000000000,23.601027548234242
2026-03-22 00:42:38.000000000,10.503338795758863
2026-03-22 00:30:04.000000000,78.58390869851213
2026-03-22 00:07:02.000000000,39.226834218938365
2026-03-22 00:41:54.000000000,39.982126943276214
2026-03-22 00:10:33.000000000,25.523278157912586
2026-03-22 00:46:17.000000000,9.970223423905106
2026-03-22 00:07:37.000000000,12.757933473270093
2026-03-22 00:14:02.000000000,57.66682006034601
2026-03-22 00:00:51.000000000,26.574747869194105
2026-03-22 00:33:53.000000000,30.39759834738227
2026-03-22 00:48:28.000000000,48.03771670958489
2026-03-22 00:08:24.000000000,49.43070862404035
2026-03-22 00:08:23.000000000,19.50609576077998
2026-03-22 00:10:05.000000000,11.46470171140205
2026-03-22 00:10:04.000000000,8.148762775311855
2026-03-22 00:55:09.000000000,17.63314845279027
2026-03-22 01:27:34.000000000,13.220341885721098
2026-03-22 01:39:48.000000000,5.5443669696176325
2026-03-22 01:28:53.000000000,10.913834801108568
2026-03-22 01:17:32.000000000,27.458761256887737
2026-03-22 01:59:49.000000000,62.95512272237312
2026-03-22 01:03:46.000000000,7.455146645538287
2026-03-22 01:00:51.000000000,15.976250931875393
2026-03-22 01:17:00.000000000,24.59406346459346
2026-03-22 01:28:37.000000000,14.262765069981338
2026-03-22 01:18:30.000000000,8.57084887473301
2026-03-22 01:49:31.000000000,44.583226134856105
2026-03-22 01:30:02.000000000,20.32869279263663
2026-03-22 01:23:41.000000000,42.72424313665232
2026-03-22 01:40:05.000000000,9.509533053178519
2026-03-22 02:26:35.000000000,18.0872376046054
2026-03-22 02:24:42.000000000,10.624267914019232
2026-03-22 02:47:25.000000000,61.89318423178892
2026-03-22 02:31:42.000000000,39.78526868750326
2026-03-22 02:17:08.000000000,28.46640020848571
2026-03-22 02:50:29.000000000,117.75689534803729
2026-03-22 02:00:10.000000000,6.113929853988335
2026-03-22 02:35:10.000000000,23.12435255481209
2026-03-22 02:16:03.000000000,101.21867381632566
2026-03-22 02:40:14.000000000,33.91697582189529
2026-03-22 02:46:48.000000000,31.51059044109018
2026-03-22 02:12:17.000000000,5.911559653851263
2026-03-22 02:53:19.000000000,19.70391692476985
2026-03-22 02:55:22.000000000,19.84352098413296
2026-03-22 03:35:08.000000000,18.319886039464546
2026-03-22 03:46:41.000000000,28.088119812135094
2026-03-22 03:07:16.000000000,40.162131599998304
2026-03-22 03:06:14.000000000,44.61628751024312
2026-03-22 03:07:40.000000000,11.972376811541299
2026-03-22 03:13:14.000000000,16.315188708423804
2026-03-22 03:28:02.000000000,28.913378862828317
2026-03-22 03:03:05.000000000,21.01678785175245
2026-03-22 03:11:29.000000000,29.42143047229547
2026-03-22 04:45:08.000000000,62.85198435049065
2026-03-22 04:50:55.000000000,11.73961675590357
2026-03-22 04:20:37.000000000,16.466184631162868
2026-03-22 04:05:34.000000000,43.77851441556996
2026-03-22 04:09:35.000000000,44.847582515333244
2026-03-22 04:45:10.000000000,43.15935823801725
2026-03-22 05:54:00.000000000,25.847427509607
2026-03-22 05:08:00.000000000,28.897961550982423
2026-03-22 05:38:53.000000000,8.032233091197433
2026-03-22 05:16:46.000000000,15.342703692001479
2026-03-22 05:34:22.000000000,23.270508750815985
2026-03-22 05:10:34.000000000,48.14964106551684
2026-03-22 06:04:10.000000000,26.898069763512083
2026-03-22 06:36:04.000000000,30.280740276539852
2026-03-22 07:34:59.000000000,7.005688769063401
2026-03-22 07:31:15.000000000,8.227223852733735
2026-03-22 07:55:17.000000000,20.02786481309449
2026-03-22 07:12:19.000000000,90.9851363141825
2026-03-22 07:51:57.000000000,6.981437875584337
2026-03-22 07:22:31.000000000,40.54753102593787
2026-03-22 08:42:17.000000000,23.307867086405057
2026-03-22 08:42:12.000000000,12.08977626312823
2026-03-22 08:34:11.000000000,97.704252773461
2026-03-22 08:02:05.000000000,11.858227494590055
2026-03-22 08:18:23.000000000,25.417577785250266
2026-03-22 08:49:25.000000000,10.994696579764266
2026-03-22 09:23:23.000000000,12.211518759501493
2026-03-22 09:54:37.000000000,10.765761973374051
2026-03-22 09:42:46.000000000,13.302538798326893
2026-03-22 09:51:01.000000000,16.218740172637844
2026-03-22 09:22:42.000000000,11.568107097743756
2026-03-22 09:05:02.000000000,14.677180467272306
2026-03-22 09:39:36.000000000,11.875916649159736
2026-03-22 09:06:56.000000000,13.050502661481278
2026-03-22 09:36:57.000000000,36.090968655626014
2026-03-22 10:01:10.000000000,24.828777947443882
2026-03-22 10:21:52.000000000,17.564817151713157
2026-03-22 10:14:28.000000000,26.388194970600793
2026-03-22 10:41:15.000000000,22.215976773752267
2026-03-22 10:24:15.000000000,13.559736650101467
2026-03-22 10:38:30.000000000,22.034025739040022
2026-03-22 10:12:36.000000000,8.950765604242248
2026-03-22 10:37:50.000000000,8.946983892490733
2026-03-22 10:46:49.000000000,10.746892970471182
2026-03-22 11:44:02.000000000,40.82612395953531
2026-03-22 11:04:29.000000000,8.471961142576724
2026-03-22 11:11:54.000000000,21.25095925053956
2026-03-22 11:48:21.000000000,9.469441544394545
2026-03-22 11:45:12.000000000,13.856405439884798
2026-03-22 11:58:30.000000000,25.57055747877985
2026-03-22 11:35:24.000000000,12.516345047624828
2026-03-22 11:57:32.000000000,13.884751908349033
2026-03-22 11:29:55.000000000,72.38283881743054
2026-03-22 11:50:17.000000000,7.538137772852936
2026-03-22 11:10:21.000000000,15.79226735918865
2026-03-22 11:51:12.000000000,8.05009801939249
2026-03-22 11:18:59.000000000,12.52625675380478
2026-03-22 11:55:39.000000000,15.025777789059507
2026-03-22 11:44:37.000000000,16.224855548420436
2026-03-22 11:17:11.000000000,7.522458727056505
2026-03-22 12:08:55.000000000,26.45468240137759
2026-03-22 12:41:28.000000000,73.7795073758213
2026-03-22 12:56:17.000000000,13.77423975248728
2026-03-22 12:09:36.000000000,25.686219152089436
2026-03-22 12:20:32.000000000,24.313797382896922
2026-03-22 12:33:50.000000000,109.11704592983641
2026-03-22 12:27:41.000000000,56.99982605571509
2026-03-22 12:35:33.000000000,33.3838626174629
2026-03-22 12:51:27.000000000,12.312332749419514
2026-03-22 12:27:11.000000000,16.408722870287555
2026-03-22 12:21:04.000000000,21.717070188686627
2026-03-22 12:00:32.000000000,15.096419881826803
2026-03-22 12:03:42.000000000,47.521419756386905
2026-03-22 12:41:20.000000000,17.63153599635496
2026-03-22 12:46:11.000000000,33.7834261887324
2026-03-22 12:00:38.000000000,44.28478610474794
2026-03-22 12:04:36.000000000,29.977662258000585
2026-03-22 13:20:50.000000000,10.781987173768254
2026-03-22 13:34:00.000000000,28.54718244967738
2026-03-22 13:24:20.000000000,25.589543492660873
2026-03-22 13:56:18.000000000,42.4551930672542
2026-03-22 13:19:12.000000000,12.373200281863923
2026-03-22 13:45:02.000000000,11.368447573357123
2026-03-22 13:33:12.000000000,15.236954910745526
2026-03-22 13:39:04.000000000,14.245124091164355
2026-03-22 13:48:47.000000000,9.075527067126245
2026-03-22 13:59:24.000000000,33.62601831798311
2026-03-22 13:07:33.000000000,46.96026712506107
2026-03-22 14:25:33.000000000,11.971208664693851
2026-03-22 14:12:40.000000000,16.870226246968038
2026-03-22 14:29:26.000000000,14.993867910384193
2026-03-22 14:20:05.000000000,8.108803499715947
2026-03-22 14:32:16.000000000,51.22837186588751
2026-03-22 14:04:08.000000000,21.777856436734066
2026-03-22 14:20:56.000000000,85.61395525301609
2026-03-22 14:04:23.000000000,15.583437232604666
2026-03-22 14:57:27.000000000,57.83993288390608
2026-03-22 14:07:50.000000000,18.9344954886988
2026-03-22 14:28:41.000000000,22.44419371037528
2026-03-22 14:18:35.000000000,24.284736964726715
2026-03-22 14:36:17.000000000,16.857365529756482
2026-03-22 15:33:58.000000000,20.518580867980308
2026-03-22 15:24:41.000000000,18.649725373406234
2026-03-22 15:49:04.000000000,26.68005385844868
2026-03-22 15:38:32.000000000,12.478955822294939
2026-03-22 15:41:13.000000000,47.6622306418205
2026-03-22 15:27:45.000000000,11.898975441248254
2026-03-22 15:01:48.000000000,10.794490777214849
2026-03-22 15:14:05.000000000,15.122588457699152
2026-03-22 15:04:20.000000000,21.44994534788506
2026-03-22 15:06:38.000000000,24.166658963416978
2026-03-22 15:49:52.000000000,70.31235390203777
2026-03-22 15:17:47.000000000,36.509780563376246
2026-03-22 15:26:23.000000000,12.45366484637286
2026-03-22 16:52:09.000000000,11.735508181570827
2026-03-22 16:48:28.000000000,16.61724398180985
2026-03-22 16:51:56.000000000,8.480881128647251
2026-03-22 16:00:04.000000000,30.415319479116995
2026-03-22 16:06:13.000000000,110.19511891783773
2026-03-22 16:29:58.000000000,14.489643281534505
2026-03-22 16:06:30.000000000,31.533450355226385
2026-03-22 16:56:13.000000000,24.23629033964546
2026-03-22 16:51:33.000000000,12.48353642108172
2026-03-22 16:52:19.000000000,17.223442858314073
2026-03-22 16:48:20.000000000,36.01401268752416
2026-03-22 16:00:03.000000000,12.523133952396888
2026-03-22 16:53:42.000000000,8.111713583004445
2026-03-22 16:04:57.000000000,75.16312533708516
2026-03-22 16:57:33.000000000,25.366963295797596
2026-03-22 16:27:53.000000000,17.018518178030565
2026-03-22 16:54:42.000000000,17.105351009600973
2026-03-22 16:20:37.000000000,25.80054253890473
2026-03-22 17:41:41.000000000,24.42723150285922
2026-03-22 17:51:56.000000000,39.62418296767279
2026-03-22 17:56:41.000000000,15.143623463176104
2026-03-22 17:35:23.000000000,51.77795787696897
2026-03-22 17:47:34.000000000,20.297243678378273
2026-03-22 17:18:50.000000000,7.8941601094283405
2026-03-22 17:04:11.000000000,19.774947868014642
2026-03-22 17:48:58.000000000,29.37351341018426
2026-03-22 17:34:40.000000000,29.875141552410586
2026-03-22 17:10:10.000000000,21.522024825463863
2026-03-22 17:59:06.000000000,11.308095724257509
2026-03-22 17:05:10.000000000,22.371579123341782
2026-03-22 17:32:41.000000000,17.716369890744687
2026-03-22 18:14:16.000000000,17.194801842477393
2026-03-22 18:13:46.000000000,9.193089436977454
2026-03-22 18:35:04.000000000,16.84429778821185
2026-03-22 18:34:58.000000000,26.709843860486313
2026-03-22 18:08:02.000000000,28.51709205275246
2026-03-22 18:59:12.000000000,12.83196215728708
2026-03-22 18:46:45.000000000,11.457636416628445
2026-03-22 18:12:00.000000000,21.660830360554932
2026-03-22 18:36:54.000000000,10.33577814588687
2026-03-22 18:27:50.000000000,48.80985273868333
2026-03-22 18:33:59.000000000,15.067639878980565
2026-03-22 18:08:20.000000000,21.132551174869057
2026-03-22 18:48:25.000000000,26.99288039414492
2026-03-22 18:11:35.000000000,27.593678106202738
2026-03-22 19:58:33.000000000,30.376497650593464
2026-03-22 19:58:29.000000000,7.753095303146507
2026-03-22 19:03:04.000000000,17.720019436665204
2026-03-22 19:43:28.000000000,27.721228848343827
2026-03-22 19:33:50.000000000,43.65290520251685
2026-03-22 19:50:50.000000000,50.58696952894755
2026-03-22 19:40:22.000000000,17.501815293757062
2026-03-22 19:35:09.000000000,28.32648116929415
2026-03-22 19:59:40.000000000,12.942495208590827
2026-03-22 19:28:01.000000000,52.26426091259189
2026-03-22 19:57:51.000000000,24.085147935369683
2026-03-22 20:33:06.000000000,18.120316711599685
2026-03-22 20:21:17.000000000,16.50761715482508
2026-03-22 20:05:13.000000000,20.04392175869446
2026-03-22 20:03:30.000000000,20.28457214491639
2026-03-22 20:58:29.000000000,50.110547724106596
2026-03-22 20:58:26.000000000,10.060612312171111
2026-03-22 20:43:36.000000000,17.760164397455263
2026-03-22 20:44:05.000000000,11.538228822692869
2026-03-22 20:52:52.000000000,33.269185185357024
2026-03-22 20:30:56.000000000,11.518652648356449
2026-03-22 20:05:54.000000000,14.781375992234915
2026-03-22 20:43:34.000000000,25.166781906667723
2026-03-22 20:58:15.000000000,18.846730815034057
2026-03-22 20:49:19.000000000,13.265304853348836
2026-03-22 20:39:50.000000000,9.753556107858206
2026-03-22 20:08:05.000000000,14.381171812361082
2026-03-22 20:36:48.000000000,10.262990220564156
2026-03-22 21:21:27.000000000,13.243030163359123
2026-03-22 21:43:54.000000000,19.50594539383159
2026-03-22 21:18:14.000000000,6.0812529737280965
2026-03-22 21:50:58.000000000,28.43479386590881
2026-03-22 21:32:20.000000000,15.593594148975948
2026-03-22 21:41:20.000000000,31.351307885915773
2026-03-22 21:09:37.000000000,32.0141450410391
2026-03-22 21:33:51.000000000,38.54463074763292
2026-03-22 21:49:43.000000000,33.86296000760892
2026-03-22 21:01:38.000000000,24.141097112672895
2026-03-22 21:56:21.000000000,11.23268565994128
2026-03-22 21:50:26.000000000,13.349292518200954
2026-03-22 21:03:06.000000000,14.21485162476688
2026-03-22 21:30:09.000000000,6.568062608445476
2026-03-22 21:04:01.000000000,15.446629987427954
2026-03-22 21:08:01.000000000,50.61499801578269
2026-03-22 22:05:51.000000000,8.058552109040093
2026-03-22 22:10:49.000000000,18.067576512933858
2026-03-22 22:03:22.000000000,42.76657741490585
2026-03-22 22:46:23.000000000,90.887773947688
2026-03-22 22:08:21.000000000,108.30500450649458
2026-03-22 22:02:33.000000000,16.391570882235882
2026-03-22 22:08:15.000000000,31.824453833899298
2026-03-22 22:40:15.000000000,22.01356022052266
2026-03-22 22:17:10.000000000,47.86682261505072
2026-03-22 22:27:26.000000000,46.658545623145486
2026-03-22 22:42:00.000000000,43.47197166480576
2026-03-22 22:24:51.000000000,26.086553546609593
2026-03-22 22:11:04.000000000,13.186096412958307
2026-03-22 22:04:39.000000000,28.67438143035615
2026-03-22 23:58:47.000000000,24.02582924221233
2026-03-22 23:26:57.000000000,5.851624563358364
2026-03-22 23:28:42.000000000,7.890129342040531
2026-03-22 23:04:48.000000000,12.533087350230819
2026-03-22 23:49:06.000000000,15.249942238155317
2026-03-22 23:57:09.000000000,15.962210876060619
2026-03-22 23:26:26.000000000,10.298091184971518
2026-03-22 23:45:49.000000000,14.727021447657302
2026-03-22 23:46:55.000000000,67.01293037247254
2026-03-22 23:09:18.000000000,36.74007194772692
2026-03-23 00:45:26.000000000,26.704256081756462
2026-03-23 00:55:18.000000000,33.61105767316759
2026-03-23 00:16:01.000000000,7.300100028139948
2026-03-23 00:05:54.000000000,27.52134438604038
2026-03-23 00:14:32.000000000,17.785018706556933
2026-03-23 00:05:33.000000000,25.778675760841615
2026-03-23 00:46:44.000000000,9.737477266216803
2026-03-23 01:45:17.000000000,22.04102845537415
2026-03-23 01:14:08.000000000,19.613256232943804
2026-03-23 01:12:35.000000000,21.424754086631957
2026-03-23 01:29:10.000000000,23.1269429135709
2026-03-23 01:40:10.000000000,76.88071711597983
2026-03-23 01:50:43.000000000,6.50255863092295
2026-03-23 01:40:09.000000000,58.730083738380245
2026-03-23 02:06:11.000000000,49.566410841932345
2026-03-23 03:51:42.000000000,63.340685068123925
2026-03-23 03:42:41.000000000,54.834176611767305
2026-03-23 03:34:00.000000000,26.07312618825801
2026-03-23 03:29:08.000000000,38.98763578289121
2026-03-23 03:08:30.000000000,29.0473044934093
2026-03-23 03:18:30.000000000,72.29010920815281
2026-03-23 03:22:05.000000000,9.156694079360545
2026-03-23 03:10:31.000000000,9.059787102755609
2026-03-23 04:42:33.000000000,14.757857725516725
2026-03-23 04:17:34.000000000,20.30504992989451
2026-03-23 04:28:18.000000000,12.609389088777036
2026-03-23 04:10:12.000000000,50.40119976844033
2026-03-23 04:52:42.000000000,110.64869712682653
2026-03-23 05:17:09.000000000,85.73707434159324
2026-03-23 05:59:20.000000000,44.66280307915089
2026-03-23 05:02:21.000000000,104.98704606239666
2026-03-23 05:56:43.000000000,9.063487566726444
2026-03-23 05:14:52.000000000,10.262880841839037
2026-03-23 05:36:40.000000000,24.81101533220012
2026-03-23 05:52:01.000000000,30.41445439014339
2026-03-23 05:40:42.000000000,8.949672007792167
2026-03-23 05:06:45.000000000,17.75255652184551
2026-03-23 05:56:27.000000000,37.40541568497601
2026-03-23 06:20:55.000000000,8.971450925053396
2026-03-23 06:55:07.000000000,20.950017402126544
2026-03-23 06:06:41.000000000,9.002352578721737
2026-03-23 06:43:49.000000000,13.123141762613901
2026-03-23 06:52:24.000000000,30.685427844057262
2026-03-23 06:32:35.000000000,26.11948950465547
2026-03-23 06:52:03.000000000,100.18360300810804
2026-03-23 06:40:50.000000000,9.775368168706724
2026-03-23 06:33:04.000000000,14.660528192173144
2026-03-23 07:10:38.000000000,92.136562123879
2026-03-23 07:19:00.000000000,23.549970658851393
2026-03-23 07:40:00.000000000,88.50036041518973
2026-03-23 07:28:47.000000000,10.761655008176557
2026-03-23 07:43:48.000000000,25.0533652541837
2026-03-23 07:39:25.000000000,122.84204715062225
2026-03-23 07:48:33.000000000,13.218786012394556
2026-03-23 07:28:57.000000000,25.48209186487263
2026-03-23 07:07:53.000000000,12.401405200941255
2026-03-23 07:32:57.000000000,22.14119944826283
2026-03-23 07:21:19.000000000,48.73261430925953
2026-03-23 07:46:53.000000000,25.335216931520044
2026-03-23 07:36:00.000000000,15.485439449160356
2026-03-23 07:46:21.000000000,14.502298694823384
2026-03-23 07:05:23.000000000,11.92576688245795
2026-03-23 08:26:34.000000000,16.816191270304756
2026-03-23 08:30:00.000000000,37.74837028649702
2026-03-23 08:51:19.000000000,22.836671496280083
2026-03-23 08:55:07.000000000,12.745240823993768
2026-03-23 08:50:47.000000000,18.403135091155356
2026-03-23 08:34:56.000000000,52.006203934265386
2026-03-23 08:05:39.000000000,21.17589809784246
2026-03-23 08:50:15.000000000,11.68404659139154
2026-03-23 08:17:00.000000000,13.341409084516737
2026-03-23 08:22:38.000000000,6.650945290678855
2026-03-23 08:46:37.000000000,20.408112387148876
2026-03-23 08:31:28.000000000,10.772145047274904
2026-03-23 08:55:10.000000000,10.872154104703352
2026-03-23 08:07:53.000000000,68.25562014097395
2026-03-23 08:52:24.000000000,17.05508697268454
2026-03-23 08:34:14.000000000,107.16326270166492
2026-03-23 08:29:03.000000000,22.802395601097047
2026-03-23 08:48:18.000000000,15.167092073784985
2026-03-23 09:00:03.000000000,29.130905981947915
2026-03-23 09:09:17.000000000,26.818098566088075
2026-03-23 09:56:34.000000000,6.69622301845503
2026-03-23 09:19:54.000000000,35.15977172782157
2026-03-23 09:20:00.000000000,16.325593050033735
2026-03-23 09:52:14.000000000,9.49220223761728
2026-03-23 09:17:56.000000000,16.06020765862676
2026-03-23 09:02:08.000000000,21.069195262844232
2026-03-23 09:49:19.000000000,11.6437285150509
2026-03-23 09:58:28.000000000,36.63329979079092
2026-03-23 09:02:48.000000000,15.276859522502393
2026-03-23 09:17:10.000000000,7.419580307583509
2026-03-23 09:45:45.000000000,8.491884995719477
2026-03-23 09:53:06.000000000,8.095869440813239
2026-03-23 09:03:52.000000000,29.683731390595696
2026-03-23 09:42:57.000000000,27.880978822921094
2026-03-23 09:15:20.000000000,32.9100871540535
2026-03-23 09:56:54.000000000,8.163136052578933
2026-03-23 09:34:03.000000000,11.523061486206569
2026-03-23 10:10:24.000000000,42.710236359234614
2026-03-23 10:08:01.000000000,12.503583066778509
2026-03-23 10:44:19.000000000,14.320586295666864
2026-03-23 10:16:48.000000000,13.500283107210308
2026-03-23 10:59:11.000000000,10.893981884367996
2026-03-23 10:02:49.000000000,22.25746479936562
2026-03-23 10:04:16.000000000,33.07856848225923
2026-03-23 10:56:24.000000000,34.40108116781364
2026-03-23 10:03:49.000000000,45.40630583405289
2026-03-23 11:22:37.000000000,27.977992866464696
2026-03-23 11:10:28.000000000,15.30761943775771
2026-03-23 11:06:13.000000000,5.946826921351141
2026-03-23 11:17:23.000000000,20.227093240654682
2026-03-23 11:55:54.000000000,13.296359292728443
2026-03-23 11:38:15.000000000,66.43057181851944
2026-03-23 11:07:37.000000000,17.627186884518604
2026-03-23 11:12:31.000000000,86.24555008617307
2026-03-23 11:50:46.000000000,33.203477320009796
2026-03-23 12:57:43.000000000,22.2545329610927
2026-03-23 12:58:35.000000000,18.710004164754455
2026-03-23 12:18:59.000000000,12.125759302585301
2026-03-23 12:24:58.000000000,31.539655546703678
2026-03-23 12:18:46.000000000,23.535579748868752
2026-03-23 12:39:02.000000000,16.06929478321818
2026-03-23 12:59:09.000000000,6.564723720413767
2026-03-23 12:53:54.000000000,11.969955729903598
2026-03-23 12:02:22.000000000,28.786656778967973
2026-03-23 12:21:27.000000000,26.375782552511424
2026-03-23 12:24:30.000000000,35.919143144396735
2026-03-23 12:11:03.000000000,14.481036567559556
2026-03-23 13:47:03.000000000,74.73396023840922
2026-03-23 13:35:18.000000000,23.81703855619363
2026-03-23 13:48:13.000000000,8.612918781026389
2026-03-23 13:16:32.000000000,90.80573486387198
2026-03-23 13:17:34.000000000,32.24617158909472
2026-03-23 13:37:05.000000000,81.23612800004182
2026-03-23 13:10:28.000000000,12.761227434261464
2026-03-23 13:34:48.000000000,15.561060154809084
2026-03-23 13:10:00.000000000,28.029271372789527
2026-03-23 13:55:57.000000000,23.729575419848672
2026-03-23 13:57:31.000000000,9.765067317387679
2026-03-23 13:17:54.000000000,5.611975398735533
2026-03-23 13:53:15.000000000,63.38822178467923
2026-03-23 13:43:35.000000000,17.17059811244948
2026-03-23 14:19:16.000000000,12.676491933857626
2026-03-23 14:25:46.000000000,18.03189626376253
2026-03-23 14:55:52.000000000,6.512657566815616
2026-03-23 14:44:21.000000000,13.295152536803272
2026-03-23 14:35:44.000000000,36.79196098977605
2026-03-23 14:24:18.000000000,79.9430729154682
2026-03-23 14:45:03.000000000,52.384658474741734
2026-03-23 14:56:31.000000000,18.083137402153508
2026-03-23 14:07:46.000000000,11.9875903814054
2026-03-23 14:06:09.000000000,102.86136257092933
2026-03-23 14:21:07.000000000,7.69450405232244
2026-03-23 14:49:15.000000000,13.62285910899077
2026-03-23 14:48:43.000000000,34.40168572152133
2026-03-23 14:21:00.000000000,70.21940202402915
2026-03-23 14:40:08.000000000,14.529524717977644
2026-03-23 14:57:33.000000000,22.426685137248988
2026-03-23 14:19:35.000000000,11.895442315020162
2026-03-23 14:16:02.000000000,18.98922408714325
2026-03-23 14:03:23.000000000,9.830690073101334
2026-03-23 15:10:21.000000000,17.71268665781891
2026-03-23 15:12:46.000000000,12.20679183835021
2026-03-23 15:26:10.000000000,17.056198964432888
2026-03-23 15:27:22.000000000,35.327517382803926
2026-03-23 15:07:36.000000000,11.237833692455137
2026-03-23 15:13:03.000000000,6.92634059574162
2026-03-23 15:18:35.000000000,96.85393583146599
2026-03-23 15:14:36.000000000,20.516365141211963
2026-03-23 15:14:00.000000000,139.93872594049537
2026-03-23 15:31:06.000000000,14.969633736859404
2026-03-23 15:44:01.000000000,28.136294926938415
2026-03-23 15:53:55.000000000,18.0117862311913
2026-03-23 15:51:34.000000000,7.535917825148405
2026-03-23 15:50:49.000000000,8.124999661923528
2026-03-23 15:26:53.000000000,7.249218232975069
2026-03-23 15:29:43.000000000,10.33098156443919
2026-03-23 16:01:58.000000000,35.06992510985877
2026-03-23 16:41:26.000000000,9.183825982099304
2026-03-23 16:44:16.000000000,36.89255606579956
2026-03-23 16:47:10.000000000,20.496694050721324
2026-03-23 16:44:39.000000000,49.549062334336114
2026-03-23 16:25:13.000000000,7.4523600461777395
2026-03-23 16:04:03.000000000,23.982380285273525
2026-03-23 16:40:24.000000000,6.764413964951821
2026-03-23 16:58:49.000000000,6.839334410015882
2026-03-23 16:03:12.000000000,20.33230339779541
2026-03-23 16:11:35.000000000,7.400607652267286
2026-03-23 16:39:35.000000000,7.859334432174106
2026-03-23 16:23:05.000000000,36.24025253014036
2026-03-23 16:04:14.000000000,31.063058917712148
2026-03-23 16:11:12.000000000,30.243744668859826
2026-03-23 16:00:18.000000000,15.41763920398104
2026-03-23 17:31:24.000000000,17.44752590452658
2026-03-23 17:36:48.000000000,15.370943497813673
2026-03-23 17:45:25.000000000,16.19173243314423
2026-03-23 17:14:45.000000000,45.21945423170062
2026-03-23 17:02:03.000000000,10.850330203624674
2026-03-23 17:09:07.000000000,10.486410346312756
2026-03-23 17:22:18.000000000,33.82439859350075
2026-03-23 17:46:32.000000000,24.336908488822807
2026-03-23 17:47:40.000000000,5.5995480822187504
2026-03-23 17:12:01.000000000,10.123554196471016
2026-03-23 17:24:15.000000000,26.828415518903846
2026-03-23 17:47:44.000000000,20.82185445350637
2026-03-23 17:40:00.000000000,15.215262805972072
2026-03-23 17:15:24.000000000,50.70536775581015
2026-03-23 18:53:19.000000000,5.714766415872722
2026-03-23 18:12:08.000000000,10.75457550509135
2026-03-23 18:42:59.000000000,42.25231321446908
2026-03-23 18:44:52.000000000,23.128552192722232
2026-03-23 18:35:38.000000000,16.572554665019826
2026-03-23 18:30:50.000000000,8.493817642693418
2026-03-23 18:18:58.000000000,17.66038832851902
2026-03-23 18:06:40.000000000,11.74349420354875
2026-03-23 18:04:16.000000000,44.92617209137768
2026-03-23 18:16:21.000000000,13.015140065351106
2026-03-23 18:50:53.000000000,26.700657273110075
2026-03-23 18:44:29.000000000,14.134779866747749
2026-03-23 18:33:54.000000000,13.907899659254376
2026-03-23 18:14:08.000000000,18.390211293527635
2026-03-23 18:45:13.000000000,51.291718945766995
2026-03-23 18:14:38.000000000,7.815559012444359
2026-03-23 18:05:51.000000000,14.859945798116641
2026-03-23 18:34:18.000000000,20.180870688052018
2026-03-23 18:26:04.000000000,15.315962863203929
2026-03-23 19:32:56.000000000,10.809254863733056
2026-03-23 19:25:40.000000000,11.727182729132016
2026-03-23 19:56:33.000000000,45.67152164273406
2026-03-23 19:06:46.000000000,13.290179334220339
2026-03-23 19:02:53.000000000,14.321268554065055
2026-03-23 19:35:11.000000000,26.87461366751246
2026-03-23 19:05:24.000000000,28.410463489661183
2026-03-23 19:47:52.000000000,23.369227376407224
2026-03-23 19:07:43.000000000,13.544583710400277
2026-03-23 19:56:31.000000000,24.164398793561197
2026-03-23 19:36:06.000000000,11.591580246368421
2026-03-23 19:57:58.000000000,19.48859611104701
2026-03-23 19:07:31.000000000,25.75948975217223
2026-03-23 19:11:41.000000000,22.898587367715557
2026-03-23 20:57:25.000000000,34.39712033763891
2026-03-23 20:32:50.000000000,62.3368015321191
2026-03-23 20:43:03.000000000,23.79735891896631
2026-03-23 20:17:19.000000000,25.842427995200524
2026-03-23 20:46:32.000000000,16.474748204520516
2026-03-23 20:43:01.000000000,13.026296262363097
2026-03-23 20:10:50.000000000,29.4029828666364
2026-03-23 20:07:57.000000000,16.77982407893048
2026-03-23 20:25:59.000000000,10.337284053190746
2026-03-23 20:56:05.000000000,16.881412591064624
2026-03-23 20:39:16.000000000,19.458405251282986
2026-03-23 20:15:21.000000000,7.291781654521261
2026-03-23 20:51:46.000000000,14.034698027052743
2026-03-23 20:21:59.000000000,20.48977838740923
2026-03-23 20:09:18.000000000,14.240625649659192
2026-03-23 20:05:21.000000000,7.758162235117044
2026-03-23 20:17:52.000000000,48.0503023102035
2026-03-23 20:45:02.000000000,65.12639166388117
2026-03-23 20:02:06.000000000,89.59898991771348
2026-03-23 21:12:56.000000000,16.043563237856326
2026-03-23 21:01:03.000000000,7.756323975183967
2026-03-23 21:27:00.000000000,28.894955491539342
2026-03-23 21:55:16.000000000,12.230021084282503
2026-03-23 21:42:03.000000000,25.669985619060085
2026-03-23 21:45:05.000000000,169.69812894087468
2026-03-23 21:02:10.000000000,19.688029805993565
2026-03-23 22:12:35.000000000,12.188410480914555
2026-03-23 22:05:16.000000000,10.913397565595169
2026-03-23 22:12:27.000000000,13.861424616476505
2026-03-23 22:33:15.000000000,9.036645826847312
2026-03-23 22:53:00.000000000,9.117697716083065
2026-03-23 22:31:34.000000000,8.255060608237041
2026-03-23 22:26:33.000000000,33.1809487914784
2026-03-23 23:25:23.000000000,12.059646582621454
2026-03-23 23:03:29.000000000,108.2182537113991
2026-03-23 23:45:05.000000000,18.029768148357363
2026-03-23 23:06:48.000000000,13.324841126455059
2026-03-23 23:58:13.000000000,63.18592621330835
2026-03-24 00:36:26.000000000,34.64862160537281
2026-03-24 00:23:18.000000000,7.2469054060076035
2026-03-24 00:12:48.000000000,15.247019328576576
2026-03-24 00:47:38.000000000,73.30552226822486
2026-03-24 00:56:44.000000000,23.359745953172588
2026-03-24 00:18:32.000000000,47.14437432859732
2026-03-24 01:23:27.000000000,7.879053693435223
2026-03-24 01:22:47.000000000,61.49457533323021
2026-03-24 01:08:20.000000000,96.31818819575983
2026-03-24 01:09:21.000000000,95.69049285448352
2026-03-24 01:10:03.000000000,8.100536090654128
2026-03-24 02:06:54.000000000,13.489840475724048
2026-03-24 02:42:55.000000000,31.553016771941017
2026-03-24 02:46:03.000000000,8.65790667926878
2026-03-24 03:42:15.000000000,10.735428418922723
2026-03-24 03:43:13.000000000,66.25231035295442
2026-03-24 04:54:38.000000000,6.518379899102022
2026-03-24 04:54:20.000000000,8.105499185464828
2026-03-24 04:02:22.000000000,17.020062831685657
2026-03-24 04:09:09.000000000,50.577462438024696
2026-03-24 05:42:02.000000000,22.129789935062668
2026-03-24 05:02:44.000000000,58.23573293447111
2026-03-24 05:32:32.000000000,140.98873440332022
2026-03-24 05:55:37.000000000,23.307982569577973
2026-03-24 05:59:18.000000000,9.011017222266865
2026-03-24 05:58:30.000000000,7.922505933841101
2026-03-24 05:16:15.000000000,75.91841038406724
2026-03-24 06:44:54.000000000,9.710343724210377
2026-03-24 06:35:00.000000000,15.370174173369659
2026-03-24 06:07:16.000000000,11.735369768724068
2026-03-24 06:16:09.000000000,14.066491408079667
2026-03-24 06:48:03.000000000,22.927110733964028
2026-03-24 06:34:14.000000000,8.88737811784339
2026-03-24 06:33:20.000000000,23.537380632835276
2026-03-24 06:50:22.000000000,11.540156979280452
2026-03-24 07:54:30.000000000,32.038576687440575
2026-03-24 07:30:54.000000000,38.226389464674114
2026-03-24 07:45:26.000000000,26.060108372919025
2026-03-24 07:55:50.000000000,12.562385656906812
2026-03-24 07:55:51.000000000,21.07935039307959
2026-03-24 07:36:10.000000000,36.64889906095959
2026-03-24 07:49:09.000000000,10.463567009806784
2026-03-24 07:29:38.000000000,13.926499668197915
2026-03-24 07:56:56.000000000,175.55305080764737
2026-03-24 07:37:09.000000000,25.913354097676958
2026-03-24 07:22:26.000000000,32.11002366561643
2026-03-24 07:53:45.000000000,12.626440392326604
2026-03-24 08:22:29.000000000,39.49348932424311
2026-03-24 08:29:47.000000000,7.029159438276954
2026-03-24 08:17:45.000000000,8.87058514030586
2026-03-24 08:24:13.000000000,18.467487729334255
2026-03-24 08:50:58.000000000,80.5851597665695
2026-03-24 08:12:58.000000000,20.451292860469124
2026-03-24 08:16:35.000000000,44.10019164570791
2026-03-24 08:49:06.000000000,37.450663237366555
2026-03-24 08:55:25.000000000,32.337293149214965
2026-03-24 08:08:55.000000000,28.75636547359445
2026-03-24 08:21:35.000000000,27.05799683770546
2026-03-24 08:42:34.000000000,14.125729728552985
2026-03-24 08:05:45.000000000,8.283414990108486
2026-03-24 08:14:55.000000000,28.388326622019655
2026-03-24 08:20:55.000000000,8.015217883248294
2026-03-24 08:38:21.000000000,27.16381837008155
2026-03-24 08:54:16.000000000,26.497644005257
2026-03-24 08:39:02.000000000,24.784048823143102
2026-03-24 08:14:44.000000000,11.055218210809766
2026-03-24 08:14:28.000000000,6.104310384187255
2026-03-24 08:00:25.000000000,11.461302410244958
2026-03-24 08:54:22.000000000,37.501766933931236
2026-03-24 08:56:49.000000000,15.092572972796482
2026-03-24 08:09:45.000000000,11.445520659413464
2026-03-24 08:56:24.000000000,10.525887986322516
2026-03-24 09:17:52.000000000,13.718674712630959
2026-03-24 09:10:58.000000000,26.024731563176815
2026-03-24 09:32:18.000000000,9.57857396948383
2026-03-24 09:52:46.000000000,21.467020167842886
2026-03-24 09:54:41.000000000,15.284568929370256
2026-03-24 09:38:37.000000000,9.626232357982156
2026-03-24 09:37:55.000000000,93.21734069740674
2026-03-24 09:09:29.000000000,15.207139009691858
2026-03-24 09:38:33.000000000,13.619060129217072
2026-03-24 09:45:25.000000000,9.17924147967269
2026-03-24 09:43:52.000000000,9.957453652546182
2026-03-24 09:59:05.000000000,41.230935529944574
2026-03-24 09:26:44.000000000,45.480826454802894
2026-03-24 09:46:47.000000000,41.27820620108919
2026-03-24 09:05:10.000000000,27.684236464779787
2026-03-24 09:05:48.000000000,8.763733383883274
2026-03-24 09:33:38.000000000,25.94038104704628
2026-03-24 09:00:28.000000000,60.509637644773434
2026-03-24 09:23:52.000000000,6.011057434130786
2026-03-24 10:55:05.000000000,22.933008805837716
2026-03-24 10:23:44.000000000,36.05824701360785
2026-03-24 10:12:20.000000000,34.899250809612546
2026-03-24 10:01:08.000000000,8.977337372190883
2026-03-24 10:03:10.000000000,68.77939392785828
2026-03-24 10:28:53.000000000,13.978612931189273
2026-03-24 10:07:34.000000000,13.65318160402437
2026-03-24 10:16:05.000000000,8.487267740816417
2026-03-24 10:07:03.000000000,27.346648519394755
2026-03-24 10:08:25.000000000,17.043833566425427
2026-03-24 10:48:26.000000000,6.605549719428229
2026-03-24 10:58:24.000000000,14.430252828066566
2026-03-24 10:40:57.000000000,20.34791998848428
2026-03-24 11:12:19.000000000,23.272117277137035
2026-03-24 11:50:15.000000000,18.73795093345447
2026-03-24 11:08:26.000000000,12.96931675972135
2026-03-24 11:58:11.000000000,9.10871314283997
2026-03-24 11:20:12.000000000,29.79616017996083
2026-03-24 11:55:51.000000000,20.42683582455595
2026-03-24 11:06:03.000000000,39.577728934309164
2026-03-24 11:54:17.000000000,22.079208077574613
2026-03-24 11:17:25.000000000,18.439393268347906
2026-03-24 12:59:30.000000000,67.51434893339777
2026-03-24 12:13:57.000000000,44.847314847367
2026-03-24 12:01:54.000000000,90.61361763157868
2026-03-24 12:04:24.000000000,11.56498431418341
2026-03-24 12:17:58.000000000,24.6578204069436
2026-03-24 12:42:30.000000000,25.44405553922749
2026-03-24 12:53:20.000000000,11.722972539737523
2026-03-24 13:37:03.000000000,26.52754102953082
2026-03-24 13:18:17.000000000,13.290849701236713
2026-03-24 13:38:21.000000000,28.497724966262595
2026-03-24 13:26:45.000000000,24.93952920672005
2026-03-24 13:29:51.000000000,44.225515347690305
2026-03-24 13:35:59.000000000,79.31251299987295
2026-03-24 13:22:25.000000000,21.984500459385586
2026-03-24 13:22:22.000000000,16.295666910516807
2026-03-24 13:45:25.000000000,174.729879754922
2026-03-24 13:50:20.000000000,8.610011666093271
2026-03-24 13:41:10.000000000,28.938619556856295
2026-03-24 13:11:30.000000000,11.958672094957397
2026-03-24 13:17:11.000000000,33.467858666767526
2026-03-24 14:15:25.000000000,29.77192899517123
2026-03-24 14:53:13.000000000,25.96491971599767
2026-03-24 14:43:11.000000000,82.97696335551441
2026-03-24 14:57:06.000000000,10.88951559923677
2026-03-24 14:23:05.000000000,15.516350683980578
2026-03-24 14:46:22.000000000,8.704685038020397
2026-03-24 14:08:40.000000000,14.14462903275805
2026-03-24 14:10:20.000000000,23.122637015142825
2026-03-24 14:34:31.000000000,50.80398380477921
2026-03-24 15:53:29.000000000,11.208495852076151
2026-03-24 15:36:08.000000000,25.90775368295226
2026-03-24 15:09:55.000000000,64.1736526715186
2026-03-24 15:40:15.000000000,34.46129946730998
2026-03-24 15:08:42.000000000,21.401723929914866
2026-03-24 15:40:46.000000000,16.835273164034753
2026-03-24 15:16:15.000000000,38.455449783525054
2026-03-24 15:29:25.000000000,7.100693155909946
2026-03-24 15:10:28.000000000,22.94817339066846
2026-03-24 15:45:30.000000000,10.620949833379505
2026-03-24 15:09:52.000000000,8.499702931599385
2026-03-24 15:36:14.000000000,12.476343460273872
2026-03-24 15:28:18.000000000,14.070947402189558
2026-03-24 15:31:18.000000000,45.269238254100664
2026-03-24 15:27:32.000000000,28.795178068281935
2026-03-24 15:09:48.000000000,36.52455720342337
2026-03-24 15:58:15.000000000,40.58888381976099
2026-03-24 16:39:01.000000000,28.879898527894753
2026-03-24 16:45:52.000000000,23.846417882698542
2026-03-24 16:07:08.000000000,8.500154129957341
2026-03-24 16:18:26.000000000,14.139384828932876
2026-03-24 16:52:12.000000000,24.639789551770818
2026-03-24 16:07:56.000000000,18.537133209894627
2026-03-24 16:55:06.000000000,43.91009275725237
2026-03-24 16:04:19.000000000,12.508149700375876
2026-03-24 16:10:34.000000000,46.93280834159043
2026-03-24 16:19:30.000000000,24.756697302741134
2026-03-24 16:16:02.000000000,41.464149868551395
2026-03-24 16:48:58.000000000,26.80843157720469
2026-03-24 16:31:28.000000000,25.811389661879645
2026-03-24 17:39:58.000000000,15.319320626993843
2026-03-24 17:44:28.000000000,22.02397647372007
2026-03-24 17:25:52.000000000,33.86779448883493
2026-03-24 17:49:54.000000000,29.81869285746688
2026-03-24 17:13:53.000000000,32.552515038273874
2026-03-24 17:48:15.000000000,7.6719297754901
2026-03-24 17:20:07.000000000,7.7609458781447955
2026-03-24 17:27:00.000000000,65.37144793731711
2026-03-24 17:04:11.000000000,70.38640414785525
2026-03-24 17:05:15.000000000,18.10692922250431
2026-03-24 17:39:14.000000000,21.527430565869167
2026-03-24 17:32:51.000000000,15.857581739556124
2026-03-24 17:22:39.000000000,42.83721906513934
2026-03-24 17:46:47.000000000,59.495408614996556
2026-03-24 17:34:50.000000000,25.99454545624271
2026-03-24 17:50:25.000000000,28.51349874218939
2026-03-24 17:09:54.000000000,14.249419765509261
2026-03-24 17:00:43.000000000,22.802101648143974
2026-03-24 17:18:41.000000000,9.082706138613732
2026-03-24 18:32:46.000000000,49.1931709378391
2026-03-24 18:46:12.000000000,9.794808107076477
2026-03-24 18:42:09.000000000,17.783210759448753
2026-03-24 18:02:14.000000000,18.107739980188875
2026-03-24 18:47:00.000000000,19.833559818989432
2026-03-24 18:30:10.000000000,31.112805371913247
2026-03-24 18:01:53.000000000,22.39943260270809
2026-03-24 18:32:02.000000000,7.137424058858828
2026-03-24 18:19:00.000000000,8.884914010706343
2026-03-24 18:10:43.000000000,45.33348752349051
2026-03-24 18:56:43.000000000,28.39503022823696
2026-03-24 18:10:36.000000000,8.905234709984938
2026-03-24 18:08:24.000000000,13.041094488571742
2026-03-24 18:26:00.000000000,14.58524687788151
2026-03-24 18:02:51.000000000,145.99318631087814
2026-03-24 18:47:50.000000000,16.31465591729815
2026-03-24 18:02:04.000000000,10.793361554535782
2026-03-24 19:29:45.000000000,15.552385192415596
2026-03-24 19:50:03.000000000,15.521175385390169
2026-03-24 19:57:10.000000000,6.7134844498173845
2026-03-24 19:07:17.000000000,23.24822325501885
2026-03-24 19:06:40.000000000,24.290623120494566
2026-03-24 19:01:36.000000000,13.039608769370439
2026-03-24 19:13:15.000000000,42.69087494824625
2026-03-24 19:32:54.000000000,39.37884371939592
2026-03-24 19:03:35.000000000,37.267510296695306
2026-03-24 19:55:29.000000000,10.679032656454819
2026-03-24 19:21:32.000000000,26.868112610045692
2026-03-24 20:48:54.000000000,7.375855577033013
2026-03-24 20:53:06.000000000,40.93292452881376
2026-03-24 20:04:00.000000000,29.9203689314195
2026-03-24 20:50:57.000000000,6.523464661332435
2026-03-24 20:23:49.000000000,8.935495714334643
2026-03-24 20:54:51.000000000,55.07008782796018
2026-03-24 20:45:01.000000000,17.77080225470964
2026-03-24 20:44:55.000000000,33.87316750078769
2026-03-24 20:36:45.000000000,21.615058150571066
2026-03-24 20:07:03.000000000,49.04447112560629
2026-03-24 20:50:10.000000000,51.51800565622882
2026-03-24 20:21:51.000000000,44.21601743704698
2026-03-24 20:56:01.000000000,21.21344194875652
2026-03-24 20:41:56.000000000,11.346535928621599
2026-03-24 20:09:01.000000000,13.133178022740479
2026-03-24 21:24:35.000000000,20.804689013573444
2026-03-24 21:14:38.000000000,44.34870430216255
2026-03-24 21:36:33.000000000,23.8497366359059
2026-03-24 21:12:42.000000000,56.88053511644014
2026-03-24 21:45:37.000000000,7.298495657064356
2026-03-24 21:58:41.000000000,11.73135469846235
2026-03-24 21:32:39.000000000,72.93775935987149
2026-03-24 21:44:22.000000000,15.343773633099289
2026-03-24 21:00:24.000000000,11.860762124454464
2026-03-24 21:54:01.000000000,37.75736787780008
2026-03-24 21:58:52.000000000,53.18960997482799
2026-03-24 21:41:30.000000000,33.53256382100808
2026-03-24 21:21:00.000000000,61.78288414611821
2026-03-24 21:50:35.000000000,12.49862233977268
2026-03-24 21:27:29.000000000,11.615671200684076
2026-03-24 22:46:41.000000000,15.20583301731692
2026-03-24 22:20:48.000000000,167.22129648974635
2026-03-24 22:09:58.000000000,10.876775363318867
2026-03-24 22:40:09.000000000,22.611740263395717
2026-03-24 22:51:05.000000000,35.804867506322644
2026-03-24 22:06:31.000000000,10.77429410766388
2026-03-24 22:09:49.000000000,53.97119031104226
2026-03-24 22:10:19.000000000,10.771318112073446
2026-03-24 22:14:00.000000000,9.736406132218368
2026-03-24 22:27:03.000000000,93.75258811217142
2026-03-24 22:15:02.000000000,19.055247324962913
2026-03-24 22:16:58.000000000,9.64096401537483
2026-03-24 22:56:49.000000000,14.190978451234779
2026-03-24 22:23:35.000000000,21.344175860001542
2026-03-24 22:02:10.000000000,7.362572634135651
2026-03-24 23:49:00.000000000,8.725305981932102
2026-03-24 23:15:35.000000000,6.329989846810221
2026-03-24 23:38:53.000000000,8.972543011746483
2026-03-24 23:50:59.000000000,10.807488280190752
2026-03-24 23:08:30.000000000,28.724716483586494
2026-03-24 23:42:52.000000000,18.234421418431335
2026-03-24 23:56:19.000000000,7.377973584348431
2026-03-24 23:06:05.000000000,107.44303470904433
2026-03-24 23:59:05.000000000,8.126765708252059
2026-03-24 23:25:52.000000000,9.302792978224735
2026-03-24 23:23:24.000000000,17.414261396872682
2026-03-24 23:10:23.000000000,84.33845266129228
2026-03-25 00:13:39.000000000,28.77548096342663
2026-03-25 00:49:44.000000000,18.58288343139739
2026-03-25 00:56:58.000000000,22.008856572616644
2026-03-25 00:40:44.000000000,21.502269628555325
2026-03-25 00:05:52.000000000,12.704712411485367
2026-03-25 00:20:04.000000000,26.579442331882433
2026-03-25 00:10:33.000000000,10.946823576177906
2026-03-25 00:00:22.000000000,15.43321689441031
2026-03-25 00:44:03.000000000,7.663314470493586
2026-03-25 01:06:11.000000000,22.094229654294825
2026-03-25 01:42:00.000000000,7.359061952773159
2026-03-25 01:13:11.000000000,14.471442489489165
2026-03-25 01:43:57.000000000,76.67362433896389
2026-03-25 02:16:12.000000000,100.10861267651359
2026-03-25 02:01:05.000000000,29.810482138911844
2026-03-25 02:13:15.000000000,15.699414559275247
2026-03-25 02:59:34.000000000,52.826091715477745
2026-03-25 02:34:41.000000000,41.58023183178513
2026-03-25 03:21:47.000000000,39.1254420960877
2026-03-25 03:15:11.000000000,15.75087478015861
2026-03-25 03:11:34.000000000,69.03787896354214
2026-03-25 03:03:31.000000000,46.23576039153049
2026-03-25 04:46:16.000000000,17.419409138526213
2026-03-25 04:20:10.000000000,55.10439631253874
2026-03-25 04:39:35.000000000,8.374157242495581
2026-03-25 04:53:05.000000000,30.473739847901584
2026-03-25 04:33:35.000000000,23.18977261867923
2026-03-25 04:27:27.000000000,10.341344149930862
2026-03-25 05:38:55.000000000,20.382516280578283
2026-03-25 05:55:54.000000000,41.65992671464468
2026-03-25 05:59:19.000000000,22.706981798662078
2026-03-25 06:47:09.000000000,29.883040798453727
2026-03-25 06:59:17.000000000,107.49949724945242
2026-03-25 06:59:28.000000000,8.44251331981966
2026-03-25 06:24:41.000000000,15.76220956727093
2026-03-25 06:23:33.000000000,17.590157991629823
2026-03-25 06:24:56.000000000,57.00001752790878
2026-03-25 06:04:09.000000000,76.1538111982244
2026-03-25 06:55:27.000000000,12.924269038438489
2026-03-25 06:45:45.000000000,65.56853723075673
2026-03-25 06:43:53.000000000,26.799712341806114
2026-03-25 06:52:31.000000000,19.36960393906351
2026-03-25 06:01:33.000000000,12.579402161212315
2026-03-25 07:53:00.000000000,12.457404656788642
2026-03-25 07:19:13.000000000,11.595482749872385
2026-03-25 07:45:08.000000000,22.697106904291225
2026-03-25 07:48:49.000000000,24.69392338422233
2026-03-25 07:53:40.000000000,64.9366760986324
2026-03-25 07:00:09.000000000,10.756222959090064
2026-03-25 07:35:07.000000000,21.921153723312273
2026-03-25 07:17:12.000000000,8.688378964023713
2026-03-25 07:27:37.000000000,14.230600177049675
2026-03-25 07:46:10.000000000,9.7483292095832
2026-03-25 07:46:09.000000000,140.77350145388166
2026-03-25 07:54:03.000000000,46.141702723845455
2026-03-25 07:00:41.000000000,10.05455316621566
2026-03-25 07:29:10.000000000,7.343874991219165
2026-03-25 07:53:50.000000000,31.587739706887824
2026-03-25 08:24:42.000000000,21.646900607629835
2026-03-25 08:47:34.000000000,23.288386264404316
2026-03-25 08:30:20.000000000,15.54271100532657
2026-03-25 08:56:33.000000000,11.487622230982668
2026-03-25 08:40:10.000000000,21.19300065717821
2026-03-25 08:12:58.000000000,14.381310059327983
2026-03-25 08:58:05.000000000,10.497097446097184
2026-03-25 08:14:37.000000000,15.36022841395231
2026-03-25 08:03:11.000000000,12.422689056209407
2026-03-25 08:18:18.000000000,16.108071527272564
2026-03-25 08:25:54.000000000,6.295575600173537
2026-03-25 08:56:31.000000000,8.482810702198549
2026-03-25 08:33:37.000000000,23.545849768400412
2026-03-25 08:07:36.000000000,22.864712662290664
2026-03-25 08:05:33.000000000,31.79759358823344
2026-03-25 08:00:40.000000000,12.435369133706299
2026-03-25 08:29:21.000000000,26.82024871665282
2026-03-25 08:14:18.000000000,9.521752271899611
2026-03-25 08:09:00.000000000,19.622410050573144
2026-03-25 08:23:28.000000000,26.798741641100293
2026-03-25 08:53:20.000000000,11.470339051205812
2026-03-25 09:32:46.000000000,9.730910442432027
2026-03-25 09:58:55.000000000,28.795711780351564
2026-03-25 09:59:17.000000000,10.18737193763993
2026-03-25 09:59:04.000000000,15.301166015644995
2026-03-25 09:32:50.000000000,120.67145424897976
2026-03-25 09:15:31.000000000,16.898399031861608
2026-03-25 09:58:12.000000000,24.55356286354943
2026-03-25 09:52:44.000000000,8.512511910084996
2026-03-25 09:10:26.000000000,36.86884484417682
2026-03-25 09:28:05.000000000,28.480025674742393
2026-03-25 09:31:36.000000000,24.975587036289422
2026-03-25 09:19:04.000000000,54.74452705493297
2026-03-25 09:29:54.000000000,22.689508099926144
2026-03-25 09:06:01.000000000,59.28036069719994
2026-03-25 09:50:25.000000000,65.66075509882732
2026-03-25 09:18:27.000000000,30.62502864795143
2026-03-25 09:49:14.000000000,28.100983955328974
2026-03-25 10:50:57.000000000,34.688054536050764
2026-03-25 10:59:34.000000000,14.551773542526679
2026-03-25 10:39:21.000000000,36.016059231804974
2026-03-25 10:46:36.000000000,19.580022382121754
2026-03-25 10:14:06.000000000,20.141171025114012
2026-03-25 10:24:44.000000000,11.146951473943645
2026-03-25 10:45:16.000000000,7.405250578910556
2026-03-25 10:55:45.000000000,30.567142514169056
2026-03-25 10:33:13.000000000,31.273480734282458
2026-03-25 10:31:59.000000000,49.53963010083438
2026-03-25 10:56:32.000000000,113.30275159194855
2026-03-25 10:49:48.000000000,14.656098349436526
2026-03-25 10:14:57.000000000,7.900652587780859
2026-03-25 10:13:20.000000000,30.37074269168525
2026-03-25 11:58:21.000000000,28.55755122589111
2026-03-25 11:30:24.000000000,18.22370369806849
2026-03-25 11:35:30.000000000,18.609977618567488
2026-03-25 11:05:08.000000000,16.863013748756472
2026-03-25 11:39:02.000000000,58.4038020798245
2026-03-25 11:36:16.000000000,8.463968204767937
2026-03-25 11:49:41.000000000,16.344432519605913
2026-03-25 11:20:35.000000000,16.092571496091416
2026-03-25 11:13:01.000000000,47.83773628673372
2026-03-25 11:40:49.000000000,126.53470161416828
2026-03-25 11:50:23.000000000,157.37637472724802
2026-03-25 12:22:35.000000000,44.4403042228392
2026-03-25 12:04:17.000000000,39.810047554255235
2026-03-25 12:23:57.000000000,43.38764304493804
2026-03-25 12:22:15.000000000,57.72856329918312
2026-03-25 12:15:57.000000000,30.606883980580648
2026-03-25 12:57:13.000000000,36.10565045474013
2026-03-25 12:51:14.000000000,11.93373323405095
2026-03-25 12:45:04.000000000,7.817146065740143
2026-03-25 12:58:50.000000000,8.382189701892573
2026-03-25 12:18:10.000000000,8.196798404785387
2026-03-25 12:52:30.000000000,24.991574092823207
2026-03-25 12:26:46.000000000,26.64540877063607
2026-03-25 12:08:15.000000000,44.46316887023214
2026-03-25 12:46:16.000000000,226.53766675924987
2026-03-25 12:48:43.000000000,22.11096280665961
2026-03-25 12:43:43.000000000,21.46994343767642
2026-03-25 12:31:20.000000000,28.601994596855025
2026-03-25 13:29:30.000000000,11.816613504466169
2026-03-25 13:15:11.000000000,11.379646711918575
2026-03-25 13:17:49.000000000,52.522332132856974
2026-03-25 13:11:05.000000000,79.68246178088046
2026-03-25 13:13:35.000000000,8.93201987429095
2026-03-25 13:36:28.000000000,8.852810111104311
2026-03-25 13:19:44.000000000,86.68289578400092
2026-03-25 13:50:31.000000000,43.28328466406538
2026-03-25 13:48:57.000000000,19.19320284147386
2026-03-25 13:40:11.000000000,53.37817320901873
2026-03-25 13:07:27.000000000,15.042138292035808
2026-03-25 13:46:23.000000000,18.57614364335869
2026-03-25 13:01:36.000000000,15.235088774675315
2026-03-25 13:19:06.000000000,20.543695203930007
2026-03-25 14:53:59.000000000,13.885671937890862
2026-03-25 14:46:03.000000000,57.75542957262364
2026-03-25 14:36:48.000000000,35.34669111261974
2026-03-25 14:38:31.000000000,26.542706388216846
2026-03-25 14:57:52.000000000,8.726382355024457
2026-03-25 14:54:30.000000000,16.68464937711412
2026-03-25 14:37:50.000000000,63.70636017946491
2026-03-25 14:09:05.000000000,19.52276119118858
2026-03-25 14:23:46.000000000,9.430435791198782
2026-03-25 14:11:58.000000000,20.787283598691015
2026-03-25 14:09:32.000000000,8.923121569922625
2026-03-25 14:01:46.000000000,58.493562660148584
2026-03-25 14:01:32.000000000,7.59345893165425
2026-03-25 15:54:52.000000000,8.156060632663026
2026-03-25 15:26:15.000000000,21.71175299724295
2026-03-25 15:55:10.000000000,66.68066402449875
2026-03-25 15:26:48.000000000,30.994632210574636
2026-03-25 15:17:23.000000000,25.998852587999455
2026-03-25 15:09:51.000000000,14.558713820255338
2026-03-25 15:17:20.000000000,67.39826282444731
2026-03-25 15:24:21.000000000,13.579596847704307
2026-03-25 15:50:56.000000000,9.705698606993815
2026-03-25 15:37:11.000000000,27.885266649102867
2026-03-25 15:02:41.000000000,53.1947230234111
2026-03-25 15:20:38.000000000,25.066693583819813
2026-03-25 15:04:48.000000000,6.964064029424684
2026-03-25 15:24:38.000000000,16.168981350326725
2026-03-25 16:29:07.000000000,18.865287455912906
2026-03-25 16:46:25.000000000,18.96498747196589
2026-03-25 16:20:08.000000000,10.54362468161775
2026-03-25 16:42:10.000000000,54.98224540311882
2026-03-25 16:07:00.000000000,121.97004579762304
2026-03-25 16:49:04.000000000,16.618349117124907
2026-03-25 16:08:05.000000000,37.376667624127435
2026-03-25 16:34:23.000000000,39.93501361606604
2026-03-25 16:08:28.000000000,22.121174822889397
2026-03-25 16:52:33.000000000,22.289836984873475
2026-03-25 16:02:18.000000000,31.365489107259847
2026-03-25 16:45:07.000000000,346.03045417156176
2026-03-25 16:12:38.000000000,53.313081711544385
2026-03-25 16:16:24.000000000,41.244027898344555
2026-03-25 16:04:46.000000000,53.720094507372394
2026-03-25 16:30:31.000000000,8.92662515063257
2026-03-25 16:09:38.000000000,25.20720409846537
2026-03-25 17:28:47.000000000,25.892468519271404
2026-03-25 17:32:27.000000000,53.75848738132642
2026-03-25 17:37:31.000000000,7.941302075478954
2026-03-25 17:32:19.000000000,13.17706763327666
2026-03-25 17:44:01.000000000,15.149454077804553
2026-03-25 17:10:22.000000000,10.971452491293041
2026-03-25 17:30:42.000000000,10.919469464678663
2026-03-25 17:28:51.000000000,20.330594703462225
2026-03-25 17:06:16.000000000,22.783100852274927
2026-03-25 17:59:06.000000000,28.52084345072186
2026-03-25 17:26:30.000000000,120.56093247383916
2026-03-25 17:18:12.000000000,8.051155146346344
2026-03-25 17:03:29.000000000,10.876643863668253
2026-03-25 17:58:03.000000000,31.27005066824711
2026-03-25 17:19:09.000000000,23.223719747473474
2026-03-25 17:58:11.000000000,11.093851855333554
2026-03-25 17:45:09.000000000,8.137668975743066
2026-03-25 18:43:36.000000000,17.60807275582329
2026-03-25 18:23:29.000000000,36.48897189935881
2026-03-25 18:52:45.000000000,27.88367883095109
2026-03-25 18:09:41.000000000,38.84237285714191
2026-03-25 18:21:50.000000000,98.05958996689091
2026-03-25 18:39:33.000000000,19.239296581225695
2026-03-25 18:26:42.000000000,65.50458080651093
2026-03-25 18:22:40.000000000,10.545364029662451
2026-03-25 18:45:36.000000000,46.18273356426896
2026-03-25 18:11:18.000000000,96.72357666516314
2026-03-25 18:47:10.000000000,9.823626087842088
2026-03-25 18:06:40.000000000,5.586300145504182
2026-03-25 18:28:19.000000000,18.25690574730747
2026-03-25 18:52:56.000000000,15.427986406096442
2026-03-25 18:59:07.000000000,20.65019697475541
2026-03-25 18:12:53.000000000,13.38441558084152
2026-03-25 19:12:28.000000000,13.648481289205781
2026-03-25 19:32:21.000000000,25.815252428852148
2026-03-25 19:38:22.000000000,5.944698440185123
2026-03-25 19:50:41.000000000,13.547529935745583
2026-03-25 19:06:22.000000000,14.503185392033206
2026-03-25 19:16:31.000000000,30.909363047960515
2026-03-25 19:13:48.000000000,7.802759507869652
2026-03-25 19:11:20.000000000,26.526819329344747
2026-03-25 19:11:37.000000000,15.179555449110053
2026-03-25 19:11:03.000000000,7.420175897234273
2026-03-25 19:36:15.000000000,11.053749479811794
2026-03-25 19:44:12.000000000,10.83349503510033
2026-03-25 19:38:37.000000000,35.15429426619821
2026-03-25 19:16:44.000000000,28.934240777581437
2026-03-25 19:20:05.000000000,13.66707033518519
2026-03-25 19:25:12.000000000,10.658112426710861
2026-03-25 20:23:27.000000000,72.6622325852856
2026-03-25 20:02:25.000000000,73.42359794622041
2026-03-25 20:36:14.000000000,25.032679037013263
2026-03-25 20:26:15.000000000,8.045235637449998
2026-03-25 20:35:22.000000000,12.06250613087147
2026-03-25 20:02:31.000000000,31.01388735737828
2026-03-25 20:22:16.000000000,12.864440775158815
2026-03-25 20:41:40.000000000,59.736452633368195
2026-03-25 20:32:22.000000000,40.682303535972686
2026-03-25 20:01:46.000000000,6.601463288314708
2026-03-25 20:44:15.000000000,6.98581238349552
2026-03-25 20:20:56.000000000,38.505267092311634
2026-03-25 20:16:12.000000000,12.4035729101733
2026-03-25 20:05:18.000000000,11.018023987017312
2026-03-25 21:50:39.000000000,70.23827963405037
2026-03-25 21:33:32.000000000,29.48876844626122
2026-03-25 21:12:59.000000000,96.4526104734125
2026-03-25 21:04:13.000000000,15.597075096545215
2026-03-25 21:34:00.000000000,17.692946044649478
2026-03-25 21:16:08.000000000,11.980981773290964
2026-03-25 21:14:05.000000000,11.978313114215211
2026-03-25 21:26:21.000000000,29.891569087200345
2026-03-25 21:05:50.000000000,29.929695845863353
2026-03-25 21:34:26.000000000,55.47581674962673
2026-03-25 22:45:03.000000000,30.997745390617943
2026-03-25 22:43:47.000000000,28.606493294487244
2026-03-25 22:39:57.000000000,15.293570711031514
2026-03-25 22:06:01.000000000,44.17012300228545
2026-03-25 22:16:13.000000000,12.980129730327633
2026-03-25 22:03:23.000000000,9.074431452871636
2026-03-25 22:52:10.000000000,63.66559748820818
2026-03-25 22:56:39.000000000,23.48056988031472
2026-03-25 22:23:52.000000000,18.314917418689223
2026-03-25 22:25:03.000000000,15.231947798483677
2026-03-25 22:55:17.000000000,15.224950711785763
2026-03-25 22:35:52.000000000,13.277968581699614
2026-03-25 22:45:18.000000000,29.448505015763807
2026-03-25 22:42:58.000000000,22.70929829447217
2026-03-25 22:05:21.000000000,31.2399276974977
2026-03-25 22:18:55.000000000,18.434394247084242
2026-03-25 22:44:36.000000000,6.513416250604909
2026-03-25 23:05:23.000000000,65.43655033963567
2026-03-25 23:21:58.000000000,7.937303885333417
2026-03-25 23:29:55.000000000,12.858243313878429
2026-03-25 23:40:56.000000000,31.964823493914476
2026-03-25 23:27:38.000000000,10.596652668661068
2026-03-26 00:21:06.000000000,14.412789208995395
2026-03-26 00:57:21.000000000,19.449186998674968
2026-03-26 00:56:42.000000000,5.718877705948673
2026-03-26 00:22:58.000000000,21.489940727683233
2026-03-26 00:20:51.000000000,5.300942179225574
2026-03-26 00:15:08.000000000,28.30050892910095
2026-03-26 00:53:41.000000000,18.272831476281286
2026-03-26 00:52:42.000000000,8.47306421483865
2026-03-26 00:07:58.000000000,10.837749273429903
2026-03-26 00:16:13.000000000,4.789455761421543
2026-03-26 01:01:33.000000000,11.631406914581028
2026-03-26 01:40:10.000000000,30.100236860278997
2026-03-26 01:33:39.000000000,27.671261643413146
2026-03-26 01:06:04.000000000,14.353795897946327
2026-03-26 01:27:17.000000000,20.23098160461009
2026-03-26 01:39:54.000000000,49.57390792535122
2026-03-26 01:07:31.000000000,40.73408210111826
2026-03-26 01:58:58.000000000,132.40002474850778
2026-03-26 02:50:49.000000000,22.208078067109476
2026-03-26 02:51:29.000000000,24.536775315531777
2026-03-26 02:54:55.000000000,53.370709003314005
2026-03-26 03:58:32.000000000,47.1116760041658
2026-03-26 03:32:50.000000000,8.970490053092906
2026-03-26 03:07:22.000000000,11.567992706919213
2026-03-26 03:48:50.000000000,13.292886136677089
2026-03-26 04:37:48.000000000,49.68814619365457
2026-03-26 04:41:23.000000000,13.046699133761834
2026-03-26 04:07:50.000000000,34.531333402604695
2026-03-26 05:28:46.000000000,19.09766951923372
2026-03-26 05:19:31.000000000,11.429697581183472
2026-03-26 05:12:28.000000000,129.09448352244203
2026-03-26 05:19:45.000000000,17.21708049472442
2026-03-26 05:10:04.000000000,33.3960271345396
2026-03-26 06:43:00.000000000,10.551396903687285
2026-03-26 06:08:42.000000000,7.820152733362695
2026-03-26 06:52:30.000000000,94.57141471400568
2026-03-26 06:46:23.000000000,5.790523151655734
2026-03-26 06:43:19.000000000,14.079909201196978
2026-03-26 06:08:35.000000000,7.288129051829049
2026-03-26 06:38:04.000000000,12.407876362418236
2026-03-26 06:35:32.000000000,26.56599184262283
2026-03-26 06:34:17.000000000,30.078548430763977
2026-03-26 07:09:24.000000000,21.426672988805034
2026-03-26 07:14:22.000000000,19.124427262451434
2026-03-26 07:33:55.000000000,34.30215704968216
2026-03-26 07:20:10.000000000,11.978723039609168
2026-03-26 07:25:37.000000000,18.652411666728323
2026-03-26 07:43:30.000000000,15.433655360047993
2026-03-26 07:04:58.000000000,19.957586081868772
2026-03-26 07:33:46.000000000,6.5235996700377985
2026-03-26 07:21:27.000000000,35.46108357311809
2026-03-26 07:31:25.000000000,74.19749039657461
2026-03-26 07:31:00.000000000,63.0450729444012
2026-03-26 07:53:30.000000000,28.819482866241064
2026-03-26 07:30:44.000000000,70.50455828628634
2026-03-26 07:12:25.000000000,31.897714277483594
2026-03-26 07:57:33.000000000,26.656941486999642
2026-03-26 07:59:51.000000000,105.22255672102256
2026-03-26 07:50:47.000000000,41.92884271065216
2026-03-26 07:23:58.000000000,28.5209482973766
2026-03-26 07:21:24.000000000,18.61110279201929
2026-03-26 07:33:44.000000000,12.337895318377383
2026-03-26 08:30:01.000000000,38.34029212981462
2026-03-26 08:15:28.000000000,9.770542122294161
2026-03-26 08:49:25.000000000,27.618093960203204
2026-03-26 08:26:29.000000000,12.579890580252634
2026-03-26 08:27:04.000000000,30.82725456910306
2026-03-26 08:45:27.000000000,6.593656739125001
2026-03-26 08:36:16.000000000,11.711620631700967
2026-03-26 08:02:36.000000000,25.34714161249334
2026-03-26 08:21:27.000000000,139.36007557643015
2026-03-26 08:03:32.000000000,23.677639204696067
2026-03-26 08:44:46.000000000,24.42374274158516
2026-03-26 08:43:30.000000000,34.538940168050416
2026-03-26 08:32:52.000000000,13.158019832685968
2026-03-26 08:41:03.000000000,8.69033842451533
2026-03-26 08:16:30.000000000,16.854006464208464
2026-03-26 08:40:33.000000000,12.633086736807794
2026-03-26 08:29:49.000000000,31.66808954167623
2026-03-26 08:46:54.000000000,28.158885103130487
2026-03-26 08:28:38.000000000,25.890119812193674
2026-03-26 08:27:02.000000000,13.976128210346088
2026-03-26 08:07:36.000000000,18.42176533216364
2026-03-26 08:14:19.000000000,10.784250164273054
2026-03-26 08:42:41.000000000,5.967660721348565
2026-03-26 08:10:14.000000000,34.53341325975861
2026-03-26 08:40:47.000000000,21.744550111907788
2026-03-26 09:01:54.000000000,84.06064355573622
2026-03-26 09:12:38.000000000,68.5319301368553
2026-03-26 09:53:55.000000000,15.297648977147476
2026-03-26 09:31:26.000000000,17.31512740947258
2026-03-26 09:11:02.000000000,17.283376899199318
2026-03-26 09:23:22.000000000,13.605007172767236
2026-03-26 09:23:03.000000000,58.943590436079056
2026-03-26 09:28:42.000000000,14.492289463521987
2026-03-26 09:09:16.000000000,99.03311096037852
2026-03-26 09:23:06.000000000,8.48183202674876
2026-03-26 09:47:43.000000000,10.94719028871664
2026-03-26 09:07:25.000000000,27.075262938876357
2026-03-26 09:16:19.000000000,36.268832561364846
2026-03-26 09:42:11.000000000,8.914614466791681
2026-03-26 09:06:23.000000000,11.743482522688367
2026-03-26 09:39:30.000000000,15.988779048500856
2026-03-26 09:10:34.000000000,11.83302238216384
2026-03-26 09:16:05.000000000,8.258274100392768
2026-03-26 10:57:36.000000000,34.7730886616664
2026-03-26 10:01:16.000000000,31.96434773403375
2026-03-26 10:50:55.000000000,126.4182844544047
2026-03-26 10:57:51.000000000,11.686051992705803
2026-03-26 10:14:57.000000000,18.490335798056073
2026-03-26 10:21:35.000000000,23.705415343082095
2026-03-26 10:56:48.000000000,41.16262927746499
2026-03-26 10:33:28.000000000,76.41067440150645
2026-03-26 10:15:24.000000000,34.95156531835803
2026-03-26 10:18:34.000000000,31.20374937606369
2026-03-26 10:22:59.000000000,99.76667978463605
2026-03-26 10:09:15.000000000,8.585636197696262
2026-03-26 10:04:11.000000000,10.151880999904705
2026-03-26 10:00:14.000000000,18.35490630711108
2026-03-26 11:40:40.000000000,22.04541811127637
2026-03-26 11:49:10.000000000,8.081070972431665
2026-03-26 11:32:10.000000000,16.853159004382192
2026-03-26 11:32:37.000000000,86.18611748480423
2026-03-26 11:52:19.000000000,16.898418506717707
2026-03-26 11:19:20.000000000,12.741294378926034
2026-03-26 11:32:56.000000000,120.7985307989482
2026-03-26 11:21:28.000000000,10.638984295690197
2026-03-26 11:21:51.000000000,12.616954531248355
2026-03-26 11:13:34.000000000,6.404820012048962
2026-03-26 11:53:53.000000000,11.386093712996676
2026-03-26 12:07:02.000000000,39.42859777082021
2026-03-26 12:01:09.000000000,13.238618159719984
2026-03-26 12:08:18.000000000,8.589935157055983
2026-03-26 12:56:31.000000000,58.96386636037701
2026-03-26 12:11:20.000000000,7.965751132442386
2026-03-26 12:30:39.000000000,28.266881644425524
2026-03-26 12:01:17.000000000,12.37944616642344
2026-03-26 12:12:03.000000000,70.45264443347145
2026-03-26 12:58:29.000000000,47.438660818477445
2026-03-26 12:08:06.000000000,12.637727297026196
2026-03-26 13:34:03.000000000,74.31723782990011
2026-03-26 13:06:09.000000000,19.61213185238979
2026-03-26 13:37:30.000000000,26.933386863463124
2026-03-26 13:28:39.000000000,51.550528490624416
2026-03-26 13:40:35.000000000,21.790361795600216
2026-03-26 13:27:16.000000000,46.26008308023872
2026-03-26 13:50:52.000000000,18.32521775975745
2026-03-26 13:03:23.000000000,9.013489271709577
2026-03-26 13:10:32.000000000,94.58184341264474
2026-03-26 13:46:30.000000000,17.348782256729535
2026-03-26 13:47:41.000000000,15.774718994134535
2026-03-26 13:14:23.000000000,23.672992623605005
2026-03-26 13:50:03.000000000,9.3466818869174
2026-03-26 13:47:06.000000000,184.0547290024029
2026-03-26 13:53:46.000000000,63.42439711610464
2026-03-26 14:35:38.000000000,13.802672055438421
2026-03-26 14:17:11.000000000,12.330536279973412
2026-03-26 14:04:43.000000000,31.982069345963545
2026-03-26 14:30:55.000000000,25.729305985591346
2026-03-26 14:34:30.000000000,36.1310461484681
2026-03-26 14:24:05.000000000,28.228648157183528
2026-03-26 14:18:19.000000000,19.34367114558888
2026-03-26 14:30:51.000000000,34.41988733724001
2026-03-26 14:58:05.000000000,89.39417069667923
2026-03-26 14:12:25.000000000,79.86554269941465
2026-03-26 14:56:23.000000000,18.20743421127247
2026-03-26 14:34:57.000000000,11.55844830709366
2026-03-26 14:10:11.000000000,18.47511416975899
2026-03-26 15:08:52.000000000,10.935093215933602
2026-03-26 15:56:06.000000000,11.59623918364468
2026-03-26 15:19:34.000000000,27.994153416409105
2026-03-26 15:28:51.000000000,11.809660702790934
2026-03-26 15:51:05.000000000,25.786960816017203
2026-03-26 15:58:43.000000000,36.05055214385227
2026-03-26 15:48:01.000000000,18.76609162001015
2026-03-26 15:17:40.000000000,7.651273042887436
2026-03-26 15:52:43.000000000,8.037876195991988
2026-03-26 15:46:43.000000000,14.587070777163113
2026-03-26 15:42:25.000000000,9.872856784065476
2026-03-26 15:53:13.000000000,13.529592222466693
2026-03-26 15:01:09.000000000,13.33466657635077
2026-03-26 15:49:18.000000000,34.15605796325064
2026-03-26 15:42:38.000000000,86.17571071558957
2026-03-26 15:48:02.000000000,46.11654473506651
2026-03-26 15:53:04.000000000,220.20266247100787
2026-03-26 15:01:56.000000000,40.520267216368836
2026-03-26 16:08:38.000000000,15.223145804946503
2026-03-26 16:39:29.000000000,15.552287118574743
2026-03-26 16:17:37.000000000,21.0049432715494
2026-03-26 16:45:24.000000000,110.7969800616104
2026-03-26 16:22:23.000000000,12.558316436159856
2026-03-26 16:11:50.000000000,17.611071923651934
2026-03-26 16:55:03.000000000,25.465557884833938
2026-03-26 16:28:35.000000000,24.14810405399208
2026-03-26 16:37:48.000000000,32.691431874524824
2026-03-26 16:12:29.000000000,22.01365358124027
2026-03-26 16:38:41.000000000,8.148150843633822
2026-03-26 16:45:33.000000000,96.2050815477599
2026-03-26 16:44:14.000000000,22.05633297461494
2026-03-26 16:03:00.000000000,100.63527460095523
2026-03-26 16:52:57.000000000,16.862647731058154
2026-03-26 16:24:37.000000000,9.94656929078819
2026-03-26 16:00:10.000000000,173.4834393885534
2026-03-26 17:20:15.000000000,27.97111015986096
2026-03-26 17:15:23.000000000,26.86496515381731
2026-03-26 17:52:41.000000000,12.724570528779523
2026-03-26 17:50:47.000000000,10.364614886196511
2026-03-26 17:32:23.000000000,16.90970868983537
2026-03-26 17:48:07.000000000,43.642600486001655
2026-03-26 17:08:19.000000000,28.26514297883599
2026-03-26 17:26:39.000000000,11.79355011945275
2026-03-26 17:48:17.000000000,15.66899889562535
2026-03-26 17:22:04.000000000,77.09852420543513
2026-03-26 17:41:27.000000000,16.828178091332294
2026-03-26 17:53:26.000000000,33.89803957260824
2026-03-26 17:08:44.000000000,14.741176525113111
2026-03-26 17:27:31.000000000,9.78391291715558
2026-03-26 17:10:48.000000000,7.977697186624191
2026-03-26 17:36:37.000000000,12.970556389623026
2026-03-26 17:27:46.000000000,47.564465556712065
2026-03-26 17:55:32.000000000,8.772882251546651
2026-03-26 17:19:48.000000000,8.351377173214289
2026-03-26 18:16:08.000000000,22.756405404409612
2026-03-26 18:07:28.000000000,8.1704042363579
2026-03-26 18:50:03.000000000,24.259459648550962
2026-03-26 18:31:01.000000000,20.069298053807323
2026-03-26 18:06:20.000000000,27.147595445523095
2026-03-26 18:34:44.000000000,14.933539133173964
2026-03-26 18:41:13.000000000,20.399980236681273
2026-03-26 18:39:42.000000000,21.207265431643897
2026-03-26 18:46:19.000000000,68.16083600097062
2026-03-26 18:48:36.000000000,9.754507353175743
2026-03-26 18:23:59.000000000,21.073416183380978
2026-03-26 18:46:55.000000000,13.389020795133888
2026-03-26 18:42:14.000000000,25.362860371218595
2026-03-26 18:17:11.000000000,27.50373856404131
2026-03-26 19:42:53.000000000,8.909625049789085
2026-03-26 19:35:55.000000000,15.101794235051873
2026-03-26 19:45:55.000000000,30.990277024142586
2026-03-26 19:06:03.000000000,39.665540517666244
2026-03-26 19:11:57.000000000,8.785356796430685
2026-03-26 19:00:18.000000000,15.448579651749991
2026-03-26 19:45:06.000000000,56.00024569986708
2026-03-26 19:44:22.000000000,14.54015480248864
2026-03-26 19:42:35.000000000,51.342006018076205
2026-03-26 19:10:31.000000000,11.724903653124345
2026-03-26 19:41:27.000000000,121.71099547073999
2026-03-26 19:37:23.000000000,49.321144173472184
2026-03-26 19:20:13.000000000,16.371711164756714
2026-03-26 19:00:38.000000000,13.63259534594899
2026-03-26 19:33:01.000000000,45.1657921195804
2026-03-26 19:58:40.000000000,15.2755223700204
2026-03-26 19:29:49.000000000,50.934482828775494
2026-03-26 19:33:26.000000000,9.829613290019262
2026-03-26 20:06:37.000000000,12.500042982618268
2026-03-26 20:38:32.000000000,18.583862906121546
2026-03-26 20:31:51.000000000,35.465982947646005
2026-03-26 20:05:54.000000000,23.319002209528286
2026-03-26 20:02:42.000000000,10.084053517936315
2026-03-26 20:20:07.000000000,15.330737789064656
2026-03-26 20:19:46.000000000,9.52979710536147
2026-03-26 20:03:40.000000000,41.91300309095757
2026-03-26 20:38:43.000000000,101.44178914249459
2026-03-26 20:32:03.000000000,8.134490677058247
2026-03-26 21:16:20.000000000,66.71945953550971
2026-03-26 21:24:44.000000000,46.15991727255522
2026-03-26 21:20:58.000000000,9.870234104469588
2026-03-26 21:58:08.000000000,12.484905577114034
2026-03-26 21:28:33.000000000,27.001097771152033
2026-03-26 21:17:41.000000000,26.1112411685805
2026-03-26 21:00:45.000000000,63.97562631243554
2026-03-26 21:45:18.000000000,51.48644923131334
2026-03-26 21:49:58.000000000,66.97669241551388
2026-03-26 21:34:44.000000000,28.0088723379533
2026-03-26 21:33:10.000000000,34.598405253285634
2026-03-26 21:41:17.000000000,38.61302137679128
2026-03-26 21:16:54.000000000,29.159144916229742
2026-03-26 21:51:08.000000000,24.5123542820037
2026-03-26 21:49:38.000000000,25.899582425833593
2026-03-26 22:02:07.000000000,63.89851909802566
2026-03-26 22:26:03.000000000,8.965745611132109
2026-03-26 22:53:19.000000000,7.095925364704257
2026-03-26 22:21:17.000000000,29.024253192702773
2026-03-26 22:24:47.000000000,31.27213885447044
2026-03-26 22:09:08.000000000,24.072780141205158
2026-03-26 22:13:54.000000000,6.646892094768656
2026-03-26 22:58:45.000000000,24.954032944570784
2026-03-26 22:00:57.000000000,24.66812700876204
2026-03-26 22:44:22.000000000,62.02960619793757
2026-03-26 22:34:17.000000000,28.858480624429816
2026-03-26 22:09:18.000000000,16.473186770216145
2026-03-26 22:58:00.000000000,18.68371046028869
2026-03-26 22:26:16.000000000,17.720262616127535
2026-03-26 22:02:56.000000000,90.68874446438909
2026-03-26 22:38:20.000000000,10.9254842151104
2026-03-26 22:21:00.000000000,39.57111886273424
2026-03-26 22:57:51.000000000,32.164650722663836
2026-03-26 22:56:57.000000000,10.770542409447712
2026-03-26 22:27:24.000000000,14.271827142918477
2026-03-26 23:29:32.000000000,22.246352399874006
2026-03-26 23:07:51.000000000,31.53349498949597
2026-03-26 23:14:33.000000000,46.51671946195846
2026-03-26 23:29:15.000000000,19.26132214321738
2026-03-26 23:08:33.000000000,29.261964876798835
2026-03-26 23:04:47.000000000,13.966727765794186
2026-03-26 23:20:19.000000000,25.304842887156
2026-03-26 23:49:13.000000000,19.795167416297126
2026-03-26 23:19:26.000000000,38.739516355182005
2026-03-26 23:11:52.000000000,28.01875448641417
2026-03-26 23:21:36.000000000,30.55092714642796
2026-03-26 23:14:24.000000000,39.58626989254097
2026-03-26 23:57:16.000000000,13.803210329140878
2026-03-27 00:40:55.000000000,27.687860830981293
2026-03-27 00:31:54.000000000,43.17123881802357
2026-03-27 00:45:59.000000000,164.81710982531655
2026-03-27 00:39:48.000000000,15.424597881453103
2026-03-27 00:42:35.000000000,5.9906171757703675
2026-03-27 00:40:48.000000000,12.796228688147693
2026-03-27 00:12:51.000000000,32.4849793399622
2026-03-27 00:26:15.000000000,12.655403118787287
2026-03-27 00:40:32.000000000,111.49855819808604
2026-03-27 01:35:51.000000000,38.796249896432585
2026-03-27 01:35:05.000000000,34.97907369903163
2026-03-27 01:32:21.000000000,91.76259577122102
2026-03-27 01:42:36.000000000,15.158923903096232
2026-03-27 01:30:27.000000000,8.768593511290371
2026-03-27 01:31:47.000000000,9.928537294484949
2026-03-27 01:02:37.000000000,15.120311878380196
2026-03-27 02:48:09.000000000,11.618340592209648
2026-03-27 02:16:21.000000000,29.379104866705916
2026-03-27 02:35:01.000000000,10.01747442936173
2026-03-27 02:50:59.000000000,27.059007890925898
2026-03-27 02:17:06.000000000,20.200339341584943
2026-03-27 02:56:54.000000000,30.74961815722259
2026-03-27 02:36:33.000000000,5.73905998635761
2026-03-27 03:43:31.000000000,9.285153990318438
2026-03-27 03:36:25.000000000,63.35604958438936
2026-03-27 03:58:45.000000000,35.973935733080936
2026-03-27 03:25:36.000000000,60.11838195532736
2026-03-27 03:14:47.000000000,27.12131121119237
2026-03-27 04:31:41.000000000,51.124412343990215
2026-03-27 04:09:49.000000000,42.39892384086451
2026-03-27 04:31:31.000000000,38.804535290245674
2026-03-27 04:41:23.000000000,24.889974329601564
2026-03-27 04:46:19.000000000,36.64008554764126
2026-03-27 04:19:19.000000000,50.612765592653886
2026-03-27 04:22:09.000000000,67.33803963083095
2026-03-27 05:25:11.000000000,40.52932185811794
2026-03-27 05:23:37.000000000,69.20095050749593
2026-03-27 05:46:34.000000000,26.798805708899835
2026-03-27 05:03:22.000000000,16.070540625669643
2026-03-27 05:34:59.000000000,13.311850866550532
2026-03-27 05:56:00.000000000,21.592349174034837
2026-03-27 05:12:43.000000000,71.33289669795255
2026-03-27 06:35:38.000000000,66.54525897647638
2026-03-27 06:58:00.000000000,39.04818278943591
2026-03-27 06:43:19.000000000,92.88954818011098
2026-03-27 06:05:36.000000000,22.255124771078307
2026-03-27 06:01:00.000000000,68.42722969889347
2026-03-27 06:10:08.000000000,65.67502943822312
2026-03-27 06:03:19.000000000,46.923901287515264
2026-03-27 07:03:55.000000000,23.61785904586344
2026-03-27 07:17:48.000000000,55.98468091777937
2026-03-27 07:51:47.000000000,36.128186169669355
2026-03-27 07:24:30.000000000,13.859783148128209
2026-03-27 07:45:18.000000000,13.308355238804948
2026-03-27 07:42:58.000000000,25.598499920514676
2026-03-27 07:17:29.000000000,9.498429384758749
2026-03-27 07:11:22.000000000,16.519951552405896
2026-03-27 07:27:54.000000000,8.637645960968126
2026-03-27 07:37:38.000000000,9.142744655083709
2026-03-27 07:10:18.000000000,6.509067048234879
2026-03-27 07:55:28.000000000,21.474046889974236
2026-03-27 07:09:03.000000000,60.56684269782272
2026-03-27 07:34:37.000000000,27.604991629089753
2026-03-27 07:29:17.000000000,17.473069095317676
2026-03-27 07:57:13.000000000,13.675620609002364
2026-03-27 07:32:46.000000000,19.623068067948992
2026-03-27 07:37:32.000000000,36.042564109136535
2026-03-27 08:06:10.000000000,14.210661425202616
2026-03-27 08:02:47.000000000,12.83040715568517
2026-03-27 08:25:46.000000000,120.10285415185605
2026-03-27 08:48:54.000000000,32.10410888202562
2026-03-27 08:52:27.000000000,20.469337949745764
2026-03-27 08:55:09.000000000,9.550022634411583
2026-03-27 08:12:03.000000000,25.631471584908773
2026-03-27 08:21:41.000000000,10.725074901733347
2026-03-27 08:41:54.000000000,13.455620766733727
2026-03-27 08:36:39.000000000,22.139418974276705
2026-03-27 08:26:32.000000000,17.33390714900545
2026-03-27 08:09:47.000000000,21.133332309569298
2026-03-27 08:18:09.000000000,9.122933265922136
2026-03-27 08:54:02.000000000,54.95703613955797
2026-03-27 08:26:07.000000000,10.637026226759843
2026-03-27 08:42:22.000000000,8.181436170056278
2026-03-27 08:55:20.000000000,12.340474190344406
2026-03-27 08:12:37.000000000,30.576929266485553
2026-03-27 08:59:19.000000000,17.729588876080992
2026-03-27 08:39:48.000000000,22.25294439078975
2026-03-27 09:20:34.000000000,17.35504980945771
2026-03-27 09:19:31.000000000,45.01652931585052
2026-03-27 09:17:14.000000000,152.38647426499293
2026-03-27 09:59:19.000000000,7.643897780917534
2026-03-27 09:42:43.000000000,42.18218051384101
2026-03-27 09:20:27.000000000,29.250619358179414
2026-03-27 09:29:33.000000000,38.57746000381459
2026-03-27 09:23:14.000000000,48.43362693936175
2026-03-27 09:23:33.000000000,30.622784110480126
2026-03-27 09:41:35.000000000,22.213357366351197
2026-03-27 09:51:07.000000000,66.58618079286467
2026-03-27 09:43:46.000000000,21.665636178371695
2026-03-27 09:55:35.000000000,8.727594454457071
2026-03-27 09:17:15.000000000,23.0506972493627
2026-03-27 09:52:34.000000000,44.47177123387381
2026-03-27 10:31:11.000000000,22.870740156617245
2026-03-27 10:35:37.000000000,6.662170816263601
2026-03-27 10:39:49.000000000,15.158979270028894
2026-03-27 10:33:20.000000000,25.34200848042189
2026-03-27 10:05:22.000000000,33.054097914340275
2026-03-27 10:13:56.000000000,7.710231793054174
2026-03-27 10:47:08.000000000,35.444070525939914
2026-03-27 10:33:39.000000000,9.352117334964493
2026-03-27 10:11:04.000000000,28.154226269384345
2026-03-27 10:01:20.000000000,73.8061393043144
2026-03-27 11:25:46.000000000,14.49808110982783
2026-03-27 11:15:34.000000000,44.17801954189529
2026-03-27 11:20:35.000000000,10.948403645763264
2026-03-27 11:55:15.000000000,17.606567556358268
2026-03-27 11:53:44.000000000,26.643255005728847
2026-03-27 11:21:11.000000000,45.651114364411725
2026-03-27 11:49:02.000000000,22.736485835642537
2026-03-27 11:58:36.000000000,15.35222432823328
2026-03-27 11:43:09.000000000,23.85886017505581
2026-03-27 11:27:12.000000000,33.71905048379317
2026-03-27 11:32:47.000000000,21.30963645485601
2026-03-27 11:10:49.000000000,22.448816958531197
2026-03-27 11:23:27.000000000,13.070993884617948
2026-03-27 11:06:59.000000000,23.258127532792564
2026-03-27 12:23:13.000000000,36.72248155406682
2026-03-27 12:25:17.000000000,56.200680032273524
2026-03-27 12:44:47.000000000,37.60079893497794
2026-03-27 12:35:13.000000000,19.180120221433047
2026-03-27 12:54:51.000000000,18.826945564028037
2026-03-27 12:19:33.000000000,18.626452457224744
2026-03-27 12:02:47.000000000,36.45098182124513
2026-03-27 12:05:02.000000000,63.714791091338306
2026-03-27 12:15:47.000000000,22.735592161918916
2026-03-27 12:05:15.000000000,32.97363634393521
2026-03-27 12:25:41.000000000,14.340396916335306
2026-03-27 12:27:04.000000000,35.83628281807621
2026-03-27 13:42:12.000000000,16.0201171277909
2026-03-27 13:05:50.000000000,46.050573089380116
2026-03-27 13:07:02.000000000,16.604981052169762
2026-03-27 13:24:13.000000000,23.606715015677164
2026-03-27 13:14:07.000000000,20.75284448924366
2026-03-27 13:11:39.000000000,29.27875707894936
2026-03-27 13:22:14.000000000,10.863764514920074
2026-03-27 13:56:21.000000000,37.190945325000875
2026-03-27 13:57:50.000000000,70.06074898302771
2026-03-27 13:27:49.000000000,11.160299212594593
2026-03-27 13:51:40.000000000,10.985032024290732
2026-03-27 13:53:42.000000000,28.985580412778248
2026-03-27 13:36:53.000000000,66.11692520438025
2026-03-27 13:46:18.000000000,40.20769044068739
2026-03-27 13:11:23.000000000,22.728693715047857
2026-03-27 13:25:17.000000000,26.13610657820892
2026-03-27 13:04:20.000000000,29.03021202754557
2026-03-27 13:13:54.000000000,26.11323740494329
2026-03-27 13:37:14.000000000,33.555669642052436
2026-03-27 14:16:41.000000000,9.622466390414814
2026-03-27 14:37:48.000000000,23.35686357463279
2026-03-27 14:32:23.000000000,10.31912982855553
2026-03-27 14:37:38.000000000,18.226649263415673
2026-03-27 14:20:20.000000000,17.72168184351004
2026-03-27 14:42:52.000000000,15.884765866332842
2026-03-27 14:21:07.000000000,19.609573287018364
2026-03-27 14:42:00.000000000,28.01291712944019
2026-03-27 14:30:13.000000000,45.031866679093675
2026-03-27 14:44:12.000000000,9.564665705689013
2026-03-27 14:43:36.000000000,71.75712174570492
2026-03-27 14:56:46.000000000,26.552619010213824
2026-03-27 14:43:07.000000000,16.354335200259463
2026-03-27 14:09:49.000000000,35.48994194899364
2026-03-27 14:10:37.000000000,16.786943178436818
2026-03-27 14:50:29.000000000,10.674061277104396
2026-03-27 15:54:51.000000000,18.458748196955277
2026-03-27 15:34:45.000000000,16.616695156909632
2026-03-27 15:46:25.000000000,13.358300174040725
2026-03-27 15:24:14.000000000,19.669599148569006
2026-03-27 15:17:50.000000000,26.041087863007398
2026-03-27 15:15:09.000000000,32.444235498508576
2026-03-27 15:01:41.000000000,22.122981047933145
2026-03-27 15:22:49.000000000,128.2911537212237
2026-03-27 15:54:22.000000000,96.9891702086613
2026-03-27 15:48:59.000000000,17.695832165114332
2026-03-27 15:16:36.000000000,31.06487453793949
2026-03-27 15:45:25.000000000,19.302139981619383
2026-03-27 15:56:06.000000000,16.83405720262138
2026-03-27 15:30:04.000000000,8.375852304192826
2026-03-27 15:32:56.000000000,14.80664410596883
2026-03-27 15:50:55.000000000,58.527150108788575
2026-03-27 16:40:01.000000000,23.057819457208616
2026-03-27 16:53:14.000000000,40.888683704328166
2026-03-27 16:00:24.000000000,17.727894563436333
2026-03-27 16:27:24.000000000,31.995108180908325
2026-03-27 16:56:38.000000000,49.47490651770708
2026-03-27 16:31:17.000000000,64.78886869420684
2026-03-27 16:05:09.000000000,54.77413634734887
2026-03-27 16:20:23.000000000,30.230331952116444
2026-03-27 16:05:49.000000000,10.298478287577481
2026-03-27 16:57:26.000000000,84.63820244379181
2026-03-27 16:49:41.000000000,44.360858887544325
2026-03-27 16:16:19.000000000,8.635846215918033
2026-03-27 16:06:16.000000000,40.82722028479348
2026-03-27 16:09:27.000000000,11.456056271829642
2026-03-27 16:40:56.000000000,20.382895492408753
2026-03-27 16:00:13.000000000,35.735598982311956
2026-03-27 16:53:35.000000000,13.714256406744699
2026-03-27 16:57:53.000000000,20.038028802419937
2026-03-27 16:12:04.000000000,69.16578834812555
2026-03-27 16:38:49.000000000,25.95919502321715
2026-03-27 16:31:52.000000000,9.459693335168843
2026-03-27 16:04:52.000000000,100.54034161517907
2026-03-27 17:00:44.000000000,31.096711393154507
2026-03-27 17:14:29.000000000,24.404240636924605
2026-03-27 17:12:00.000000000,7.2775907556137645
2026-03-27 17:35:26.000000000,143.9721288703762
2026-03-27 17:59:58.000000000,11.68364865180813
2026-03-27 17:56:57.000000000,36.058422499314844
2026-03-27 17:24:34.000000000,20.770580286773175
2026-03-27 17:52:40.000000000,21.056917976391304
2026-03-27 17:59:12.000000000,27.462497960413245
2026-03-27 17:24:38.000000000,6.116968470589683
2026-03-27 17:00:58.000000000,23.951182698178503
2026-03-27 17:04:28.000000000,15.008537950205534
2026-03-27 17:17:41.000000000,8.914904851987108
2026-03-27 17:26:29.000000000,10.380179843011238
2026-03-27 17:16:31.000000000,27.704806143836677
2026-03-27 17:27:25.000000000,9.983632505003293
2026-03-27 17:19:09.000000000,8.905277428540185
2026-03-27 17:59:10.000000000,23.111080177534163
2026-03-27 18:47:56.000000000,67.41548707997308
2026-03-27 18:17:22.000000000,33.3907864117737
2026-03-27 18:09:46.000000000,18.82458413974598
2026-03-27 18:34:00.000000000,9.54057664614302
2026-03-27 18:30:19.000000000,6.0878059123138994
2026-03-27 18:18:29.000000000,9.364978221169718
2026-03-27 18:29:44.000000000,9.085667906601998
2026-03-27 18:34:48.000000000,6.565384946449683
2026-03-27 18:08:49.000000000,18.81430969855815
2026-03-27 18:37:25.000000000,18.461934357039866
2026-03-27 18:08:54.000000000,16.342997298654517
2026-03-27 18:35:26.000000000,12.983928800301634
2026-03-27 18:05:20.000000000,41.36622811832241
2026-03-27 18:38:06.000000000,9.214060171845407
2026-03-27 18:53:27.000000000,22.52946770623576
2026-03-27 18:44:07.000000000,11.789608141999192
2026-03-27 18:42:23.000000000,19.783244912007767
2026-03-27 18:37:02.000000000,43.13926491899656
2026-03-27 18:56:55.000000000,14.114439377124492
2026-03-27 18:29:14.000000000,12.964872898663655
2026-03-27 18:54:26.000000000,10.685248674372039
2026-03-27 18:02:46.000000000,27.132914857045087
2026-03-27 18:05:46.000000000,10.820633277280585
2026-03-27 18:55:21.000000000,10.135855059067872
2026-03-27 18:50:46.000000000,29.535432842700896
2026-03-27 18:18:52.000000000,15.336202447923096
2026-03-27 18:25:02.000000000,23.29137091176778
2026-03-27 18:52:53.000000000,16.631877204753877
2026-03-27 18:41:05.000000000,9.648900487240203
2026-03-27 18:20:30.000000000,12.872024127007544
2026-03-27 18:10:27.000000000,26.427283074213936
2026-03-27 18:51:12.000000000,8.625392174973861
2026-03-27 18:58:46.000000000,12.629404712931446
2026-03-27 18:20:02.000000000,27.31115263669284
2026-03-27 18:11:52.000000000,43.408120291362685
2026-03-27 19:34:58.000000000,6.561373136941148
2026-03-27 19:22:20.000000000,39.4385146086532
2026-03-27 19:36:25.000000000,14.540254712779905
2026-03-27 19:18:18.000000000,19.369951543791473
2026-03-27 19:43:23.000000000,19.888039961874128
2026-03-27 19:14:31.000000000,11.722843557323515
2026-03-27 19:15:54.000000000,63.33046449256712
2026-03-27 19:16:20.000000000,8.91744677599308
2026-03-27 19:01:49.000000000,68.2626910816179
2026-03-27 19:35:19.000000000,10.806503587277303
2026-03-27 19:32:17.000000000,6.779935767371303
2026-03-27 19:28:41.000000000,13.020496805448026
2026-03-27 19:52:56.000000000,18.300679933354026
2026-03-27 19:03:51.000000000,5.691970975548866
2026-03-27 19:54:44.000000000,7.683251920751582
2026-03-27 19:08:27.000000000,12.228020405518334
2026-03-27 19:07:11.000000000,9.52482367246224
2026-03-27 19:03:39.000000000,7.41196186133327
2026-03-27 19:33:56.000000000,30.43774744551102
2026-03-27 19:49:55.000000000,8.148780198404458
2026-03-27 20:48:40.000000000,50.22242689380409
2026-03-27 20:27:21.000000000,16.868135293086674
2026-03-27 20:05:52.000000000,29.775229637548925
2026-03-27 20:11:16.000000000,19.463191788734292
2026-03-27 20:10:31.000000000,19.694998392904047
2026-03-27 20:23:36.000000000,38.53575174162862
2026-03-27 20:28:30.000000000,10.77505293751295
2026-03-27 20:44:09.000000000,40.00851012426523
2026-03-27 20:13:58.000000000,12.895107783810722
2026-03-27 20:46:24.000000000,52.703629330563494
2026-03-27 20:14:30.000000000,24.203885905608104
2026-03-27 20:15:44.000000000,16.00410014180104
2026-03-27 20:45:25.000000000,19.654609686317627
2026-03-27 20:47:01.000000000,16.5508778165021
2026-03-27 20:22:05.000000000,8.993598396719172
2026-03-27 20:23:13.000000000,14.35692277088565
2026-03-27 20:47:45.000000000,9.206063162366927
2026-03-27 20:57:31.000000000,19.828019858859953
2026-03-27 20:43:46.000000000,10.798561842456428
2026-03-27 20:17:39.000000000,8.753606017187726
2026-03-27 20:15:46.000000000,25.05961426191616
2026-03-27 20:47:39.000000000,20.161723051267014
2026-03-27 20:45:30.000000000,14.582532044730403
2026-03-27 20:10:05.000000000,20.985859148560728
2026-03-27 20:47:05.000000000,40.796662650058515
2026-03-27 21:26:05.000000000,11.182230209502812
2026-03-27 21:30:52.000000000,27.428624175357875
2026-03-27 21:31:42.000000000,13.309077171012252
2026-03-27 21:56:34.000000000,14.1889180928374
2026-03-27 21:49:33.000000000,41.146795856451725
2026-03-27 21:58:14.000000000,68.8461334006878
2026-03-27 21:35:58.000000000,24.192885032831924
2026-03-27 21:11:11.000000000,18.465629534031876
2026-03-27 21:37:17.000000000,23.004779435713097
2026-03-27 21:28:48.000000000,48.54066129247265
2026-03-27 21:14:35.000000000,25.142006411783896
2026-03-27 21:23:38.000000000,18.572137855410645
2026-03-27 21:17:53.000000000,10.495943025079363
2026-03-27 21:13:44.000000000,8.049341057784027
2026-03-27 21:27:54.000000000,56.08672550150774
2026-03-27 21:26:54.000000000,24.169624155575665
2026-03-27 21:34:10.000000000,12.507172037279453
2026-03-27 21:15:07.000000000,18.52583176697464
2026-03-27 21:48:50.000000000,148.10085331612217
2026-03-27 21:51:23.000000000,84.14878872367468
2026-03-27 21:57:48.000000000,13.47350077278824
2026-03-27 21:08:22.000000000,12.649835790012366
2026-03-27 21:12:24.000000000,13.278894242570436
2026-03-27 21:53:27.000000000,13.370372925063695
2026-03-27 21:10:55.000000000,25.67708571950297
2026-03-27 21:17:10.000000000,33.553195398998135
2026-03-27 21:57:35.000000000,24.59788704105411
2026-03-27 21:56:31.000000000,152.5829647482742
2026-03-27 22:54:59.000000000,12.290166473481854
2026-03-27 22:00:48.000000000,7.8437705564058575
2026-03-27 22:29:13.000000000,26.296862053304338
2026-03-27 22:27:09.000000000,9.461985003079572
2026-03-27 22:56:11.000000000,240.9425769356826
2026-03-27 22:03:44.000000000,13.82578525315211
2026-03-27 22:13:21.000000000,13.351167403374644
2026-03-27 22:34:36.000000000,21.120909587216143
2026-03-27 22:42:16.000000000,27.647225025553656
2026-03-27 22:15:43.000000000,30.449915339034227
2026-03-27 22:16:12.000000000,34.331409439934866
2026-03-27 22:51:57.000000000,24.264957543013047
2026-03-27 22:58:04.000000000,24.425571442593743
2026-03-27 22:29:24.000000000,15.897536668520164
2026-03-27 22:08:42.000000000,22.425212880221835
2026-03-27 22:38:51.000000000,40.36098198663905
2026-03-27 23:46:12.000000000,46.77551118266538
2026-03-27 23:01:57.000000000,30.5712906727583
2026-03-27 23:55:52.000000000,12.368497954861017
2026-03-27 23:52:31.000000000,22.378556425068517
2026-03-27 23:18:08.000000000,13.356503786329707
2026-03-27 23:42:57.000000000,9.819275753209126
2026-03-27 23:21:12.000000000,24.579902905678154
2026-03-27 23:16:31.000000000,13.883752464184818
2026-03-27 23:03:02.000000000,23.255003657816523
2026-03-27 23:18:25.000000000,10.412727799172977
2026-03-27 23:13:50.000000000,37.51496365949174
2026-03-27 23:54:47.000000000,17.733706641604453
2026-03-27 23:37:58.000000000,32.6014423654115
2026-03-27 23:21:49.000000000,9.411384061905203
2026-03-27 23:39:24.000000000,14.139178324565812
2026-03-27 23:05:28.000000000,26.756163252350248
2026-03-27 23:51:34.000000000,7.9857234332552665
2026-03-27 23:01:00.000000000,29.82404468722637
2026-03-27 23:15:25.000000000,17.20116423314839
2026-03-27 23:16:53.000000000,9.208187577663935
2026-03-27 23:01:21.000000000,14.184880927031617
2026-03-27 23:46:18.000000000,23.728297435336014
2026-03-27 23:50:18.000000000,10.405274944509852
2026-03-27 23:29:17.000000000,27.669111648406034
2026-03-28 00:37:58.000000000,35.133227961765265
2026-03-28 00:03:19.000000000,17.717340548673793
2026-03-28 00:10:43.000000000,16.73897988256783
2026-03-28 00:57:25.000000000,14.544659342515223
2026-03-28 00:23:01.000000000,42.856448749319675
2026-03-28 00:55:39.000000000,18.550787273955017
2026-03-28 00:28:39.000000000,6.071280237881636
2026-03-28 00:16:31.000000000,39.84843961800085
2026-03-28 00:15:38.000000000,8.140945506358696
2026-03-28 00:36:14.000000000,14.216814703056437
2026-03-28 00:07:39.000000000,29.928946421170433
2026-03-28 00:37:44.000000000,16.420797398479934
2026-03-28 00:51:07.000000000,31.91972444478697
2026-03-28 01:38:35.000000000,13.40489683134108
2026-03-28 01:55:54.000000000,15.987194168648506
2026-03-28 01:47:07.000000000,17.825051442442795
2026-03-28 01:15:04.000000000,8.8915333944979
2026-03-28 01:30:21.000000000,17.901319733232693
2026-03-28 01:29:52.000000000,15.13517524976978
2026-03-28 01:59:11.000000000,12.518233049835752
2026-03-28 02:04:19.000000000,19.440637250108146
2026-03-28 02:06:28.000000000,11.676273104738952
2026-03-28 02:11:07.000000000,13.131371269794563
2026-03-28 02:12:16.000000000,19.175811431441915
2026-03-28 02:27:50.000000000,21.44331138145494
2026-03-28 02:05:40.000000000,25.756272981628342
2026-03-28 02:01:24.000000000,9.801965137394
2026-03-28 03:48:18.000000000,15.632399722446843
2026-03-28 03:30:27.000000000,9.419572511498433
2026-03-28 03:53:48.000000000,24.547075872163568
2026-03-28 03:25:59.000000000,17.551063023529096
2026-03-28 03:08:52.000000000,21.510102359818926
2026-03-28 03:03:22.000000000,20.988285670738634
2026-03-28 03:13:40.000000000,13.969935945302081
2026-03-28 03:12:03.000000000,59.96033290814456
2026-03-28 03:56:52.000000000,20.36381306847714
2026-03-28 03:57:03.000000000,14.311976045356527
2026-03-28 03:06:10.000000000,28.87715383093864
2026-03-28 04:14:27.000000000,76.2894802307805
2026-03-28 04:30:48.000000000,8.010274772684244
2026-03-28 04:25:30.000000000,14.592139591054082
2026-03-28 04:01:00.000000000,99.25213501321014
2026-03-28 04:52:56.000000000,9.537569859188629
2026-03-28 05:48:41.000000000,8.454909116646906
2026-03-28 06:20:16.000000000,68.56822976861417
2026-03-28 06:26:15.000000000,23.58885097164924
2026-03-28 06:53:07.000000000,11.986385796610561
2026-03-28 06:34:13.000000000,56.169590540751585
2026-03-28 06:32:11.000000000,28.377516597983117
2026-03-28 07:43:44.000000000,8.764471556084935
2026-03-28 07:34:50.000000000,16.87433665722203
2026-03-28 07:55:34.000000000,15.119046204701505
2026-03-28 07:50:42.000000000,19.633744686596664
2026-03-28 07:25:29.000000000,15.454928861341084
2026-03-28 07:50:52.000000000,37.789503773318565
2026-03-28 07:01:24.000000000,15.341776459320812
2026-03-28 07:55:57.000000000,76.22943753853008
2026-03-28 07:52:20.000000000,67.42225676687154
2026-03-28 07:53:16.000000000,7.650259230295013
2026-03-28 07:38:27.000000000,57.28678788278675
2026-03-28 07:12:46.000000000,27.197842580759456
2026-03-28 07:44:14.000000000,36.53509061577371
2026-03-28 07:29:33.000000000,61.67996612739714
2026-03-28 08:53:57.000000000,14.274326875890583
2026-03-28 08:51:02.000000000,13.875103860535905
2026-03-28 08:02:09.000000000,15.107529995748
2026-03-28 08:30:22.000000000,21.39914473265386
2026-03-28 08:35:02.000000000,6.678754116242536
2026-03-28 08:32:36.000000000,17.45021068353673
2026-03-28 08:42:28.000000000,16.869127660406015
2026-03-28 08:50:29.000000000,33.888071360957
2026-03-28 08:50:49.000000000,11.558103743127678
2026-03-28 09:40:06.000000000,125.31316365485287
2026-03-28 09:40:03.000000000,6.677370691143107
2026-03-28 09:30:27.000000000,25.110532815068982
2026-03-28 09:03:48.000000000,16.55297273442553
2026-03-28 09:02:43.000000000,28.480606840558394
2026-03-28 09:33:14.000000000,39.34376044191737
2026-03-28 09:35:13.000000000,13.345336678092973
2026-03-28 09:43:34.000000000,13.327041986139134
2026-03-28 09:37:13.000000000,19.35701904864986
2026-03-28 09:57:50.000000000,34.72992658410695
2026-03-28 09:19:23.000000000,12.531126178597415
2026-03-28 09:26:09.000000000,12.456443154318055
2026-03-28 09:50:28.000000000,11.946166165679788
2026-03-28 09:30:23.000000000,6.531152023462113
2026-03-28 10:40:51.000000000,9.204458974095843
2026-03-28 10:00:07.000000000,15.353456924185895
2026-03-28 10:03:56.000000000,59.403320069148656
2026-03-28 10:19:25.000000000,7.125218505935431
2026-03-28 10:41:50.000000000,18.49339001643753
2026-03-28 10:05:27.000000000,8.101501617029566
2026-03-28 10:01:46.000000000,11.825842830755189
2026-03-28 10:54:50.000000000,9.752477069863584
2026-03-28 10:35:15.000000000,13.079879158382287
2026-03-28 10:32:16.000000000,21.77056706202171
2026-03-28 10:48:19.000000000,7.752035247309886
2026-03-28 11:14:51.000000000,15.021212025517247
2026-03-28 11:08:41.000000000,15.766443853994542
2026-03-28 11:10:20.000000000,113.78531216534921
2026-03-28 11:57:42.000000000,13.324598885604663
2026-03-28 11:59:47.000000000,31.218196021831222
2026-03-28 11:51:42.000000000,14.766835710804335
2026-03-28 11:49:34.000000000,19.79115851879301
2026-03-28 11:27:53.000000000,44.677993958581
2026-03-28 11:41:56.000000000,33.565049834148255
2026-03-28 11:07:32.000000000,40.589654996194746
2026-03-28 11:25:29.000000000,9.699569406496558
2026-03-28 11:24:25.000000000,18.294991382675747
2026-03-28 11:54:09.000000000,11.643993018558813
2026-03-28 12:41:21.000000000,26.274074915928328
2026-03-28 12:30:03.000000000,32.922135342984625
2026-03-28 12:32:22.000000000,24.74353230106592
2026-03-28 12:28:14.000000000,64.7563010055664
2026-03-28 12:18:04.000000000,17.495404820264188
2026-03-28 12:17:37.000000000,16.9049700388652
2026-03-28 12:58:44.000000000,9.767895646088682
2026-03-28 12:47:36.000000000,11.633138978248258
2026-03-28 12:26:39.000000000,16.223502838905226
2026-03-28 12:53:53.000000000,12.504694041684173
2026-03-28 12:46:42.000000000,52.64078248035091
2026-03-28 12:33:49.000000000,26.460126074414937
2026-03-28 13:52:11.000000000,10.804821630618779
2026-03-28 13:14:13.000000000,25.38246872550678
2026-03-28 13:28:41.000000000,20.597467238683194
2026-03-28 13:46:08.000000000,7.343306624085713
2026-03-28 13:46:49.000000000,72.62412632951127
2026-03-28 13:22:55.000000000,34.29238017510601
2026-03-28 13:53:41.000000000,37.90126869427812
2026-03-28 13:08:45.000000000,107.52028894860672
2026-03-28 13:18:00.000000000,41.84800222123632
2026-03-28 13:00:39.000000000,13.419800116271254
2026-03-28 13:17:39.000000000,44.478233108448094
2026-03-28 13:35:03.000000000,12.506586301171156
2026-03-28 13:55:56.000000000,30.722890913477016
2026-03-28 13:20:44.000000000,8.147766666764962
2026-03-28 13:35:35.000000000,33.67311869841939
2026-03-28 14:25:17.000000000,44.74263648826169
2026-03-28 14:00:07.000000000,21.564716995834814
2026-03-28 14:33:05.000000000,20.08952681376015
2026-03-28 14:10:27.000000000,18.038278950255986
2026-03-28 14:13:13.000000000,73.02614338373516
2026-03-28 14:14:12.000000000,50.75200284444885
2026-03-28 14:43:24.000000000,9.02031837050101
2026-03-28 14:54:01.000000000,62.76180712504231
2026-03-28 14:09:32.000000000,13.050275172654878
2026-03-28 14:21:21.000000000,30.902556404286166
2026-03-28 14:21:26.000000000,16.163471476544032
2026-03-28 14:52:46.000000000,10.330735372231025
2026-03-28 14:29:38.000000000,28.894064373441136
2026-03-28 14:48:07.000000000,57.20423385722332
2026-03-28 14:28:20.000000000,7.898230435152714
2026-03-28 14:03:49.000000000,6.204209348946236
2026-03-28 14:49:01.000000000,19.42616323259912
2026-03-28 14:52:38.000000000,11.729641709947167
2026-03-28 14:15:58.000000000,23.11500948661218
2026-03-28 14:06:06.000000000,28.361722870034114
2026-03-28 14:21:34.000000000,16.842183887921923
2026-03-28 14:39:21.000000000,36.40648733599174
2026-03-28 14:33:08.000000000,19.338130104315134
2026-03-28 14:45:19.000000000,20.086917577602915
2026-03-28 15:34:06.000000000,24.916807153732183
2026-03-28 15:06:56.000000000,13.767495630278543
2026-03-28 15:23:11.000000000,25.074164091749157
2026-03-28 15:05:51.000000000,13.351920033975674
2026-03-28 15:00:06.000000000,50.898570821134726
2026-03-28 15:25:44.000000000,12.618300280019406
2026-03-28 15:22:17.000000000,10.507604068285609
2026-03-28 15:13:30.000000000,35.10729175689531
2026-03-28 15:35:12.000000000,31.439732054921144
2026-03-28 15:49:53.000000000,15.31685925269777
2026-03-28 15:52:40.000000000,15.655867141573143
2026-03-28 15:15:40.000000000,33.66922209090568
2026-03-28 15:09:06.000000000,27.053893563408675
2026-03-28 15:28:14.000000000,30.898427693305493
2026-03-28 15:45:07.000000000,15.6072596538343
2026-03-28 15:57:45.000000000,16.04040858191139
2026-03-28 15:49:36.000000000,25.049327632082313
2026-03-28 15:27:52.000000000,18.53598875637348
2026-03-28 15:50:35.000000000,60.04005562197315
2026-03-28 15:08:22.000000000,9.539433645468936
2026-03-28 15:06:40.000000000,9.0627581057152
2026-03-28 16:24:42.000000000,15.892359319365951
2026-03-28 16:23:20.000000000,16.859476374854328
2026-03-28 16:25:06.000000000,32.27180199448077
2026-03-28 16:36:26.000000000,8.037266091985863
2026-03-28 16:44:25.000000000,42.91209907443954
2026-03-28 16:12:30.000000000,17.048456448641744
2026-03-28 16:41:48.000000000,11.941585349586898
2026-03-28 16:58:53.000000000,5.203168541185919
2026-03-28 16:58:25.000000000,7.392090525365665
2026-03-28 16:17:11.000000000,9.457498551718345
2026-03-28 16:35:13.000000000,32.840643131318444
2026-03-28 16:45:10.000000000,13.782903991630947
2026-03-28 16:09:12.000000000,12.51307039826202
2026-03-28 16:01:37.000000000,100.37251870255088
2026-03-28 16:50:21.000000000,12.923948508701425
2026-03-28 16:48:05.000000000,7.365852839966669
2026-03-28 16:32:00.000000000,18.138295125701084
2026-03-28 16:48:19.000000000,11.648065761283881
2026-03-28 16:07:13.000000000,28.47445974345059
2026-03-28 16:27:03.000000000,15.247922101072419
2026-03-28 17:32:47.000000000,28.42806435058485
2026-03-28 17:59:09.000000000,18.430893561722755
2026-03-28 17:46:14.000000000,18.735435563399673
2026-03-28 17:06:08.000000000,10.121685522197708
2026-03-28 17:44:15.000000000,37.28632022148017
2026-03-28 17:42:42.000000000,27.795772302810416
2026-03-28 17:11:05.000000000,20.68416440867469
2026-03-28 17:19:15.000000000,14.003188887677677
2026-03-28 17:00:57.000000000,10.9035398854063
2026-03-28 17:15:18.000000000,9.849070398305273
2026-03-28 17:43:20.000000000,16.14347843364876
2026-03-28 17:48:46.000000000,24.486605505121123
2026-03-28 17:44:16.000000000,13.133038147288456
2026-03-28 17:02:58.000000000,16.453138168896157
2026-03-28 17:46:40.000000000,17.07094750384873
2026-03-28 17:46:17.000000000,29.785139832241704
2026-03-28 17:52:42.000000000,11.19084592945399
2026-03-28 17:13:09.000000000,13.3415200405361
2026-03-28 17:46:48.000000000,17.502720754814792
2026-03-28 17:35:22.000000000,27.666839754071766
2026-03-28 17:50:57.000000000,22.321100495261465
2026-03-28 17:22:41.000000000,11.007418861082337
2026-03-28 17:04:31.000000000,140.0638528510899
2026-03-28 18:21:01.000000000,18.106280151577252
2026-03-28 18:00:51.000000000,6.490887243207814
2026-03-28 18:58:22.000000000,53.51084607395468
2026-03-28 18:24:57.000000000,10.157362209975197
2026-03-28 18:33:24.000000000,29.929801081935356
2026-03-28 18:48:51.000000000,40.07255076475865
2026-03-28 18:17:55.000000000,17.272903832727643
2026-03-28 18:32:09.000000000,77.378945082607
2026-03-28 18:40:30.000000000,13.000974584279017
2026-03-28 18:49:46.000000000,33.72719530496074
2026-03-28 18:45:51.000000000,48.60802659917434
2026-03-28 18:25:28.000000000,19.74273213747611
2026-03-28 18:07:35.000000000,15.265332055123995
2026-03-28 18:41:04.000000000,10.379162697597938
2026-03-28 18:24:44.000000000,17.000384592262606
2026-03-28 18:40:39.000000000,6.70566637005062
2026-03-28 18:02:33.000000000,163.21659765867759
2026-03-28 18:32:33.000000000,11.602613729837042
2026-03-28 18:22:11.000000000,26.953414214712765
2026-03-28 19:36:03.000000000,67.95521108062987
2026-03-28 19:59:01.000000000,9.251759001856037
2026-03-28 19:48:42.000000000,12.67021101416155
2026-03-28 19:41:57.000000000,13.299233026265751
2026-03-28 19:41:43.000000000,11.864344405920756
2026-03-28 19:34:56.000000000,9.56952326017279
2026-03-28 19:43:41.000000000,24.010802836811827
2026-03-28 19:03:50.000000000,17.835935651018367
2026-03-28 19:20:25.000000000,11.631889883489066
2026-03-28 19:43:31.000000000,10.798825075302036
2026-03-28 19:39:26.000000000,10.849324374672443
2026-03-28 19:55:44.000000000,22.013090602664565
2026-03-28 19:40:02.000000000,31.26759851546388
2026-03-28 19:08:15.000000000,31.427648798715417
2026-03-28 19:00:33.000000000,41.035882045244065
2026-03-28 19:18:19.000000000,15.325453559782371
2026-03-28 19:44:10.000000000,5.963509466356854
2026-03-28 20:51:16.000000000,21.264665386516626
2026-03-28 20:06:42.000000000,19.37833333029412
2026-03-28 20:41:13.000000000,35.87877614582213
2026-03-28 20:59:11.000000000,26.70186852130029
2026-03-28 20:55:34.000000000,15.739496277979054
2026-03-28 20:01:18.000000000,13.713624601761015
2026-03-28 20:29:38.000000000,24.737090965759243
2026-03-28 20:50:33.000000000,41.01769154193724
2026-03-28 20:13:23.000000000,48.83450012500169
2026-03-28 20:47:54.000000000,24.593260994589922
2026-03-28 20:20:55.000000000,8.973916096030974
2026-03-28 20:17:11.000000000,8.814094902507525
2026-03-28 20:55:35.000000000,17.730637035342173
2026-03-28 20:09:21.000000000,30.741304772760557
2026-03-28 20:19:17.000000000,23.9524686868172
2026-03-28 20:23:23.000000000,11.449752867974011
2026-03-28 20:05:54.000000000,17.40526949573586
2026-03-28 21:43:43.000000000,17.184761578389615
2026-03-28 21:08:21.000000000,21.556288629159962
2026-03-28 21:02:00.000000000,17.666390955877553
2026-03-28 21:58:32.000000000,10.720964856587702
2026-03-28 21:46:47.000000000,19.67597776162537
2026-03-28 21:04:14.000000000,24.105830889177156
2026-03-28 21:15:17.000000000,38.60808599434697
2026-03-28 21:02:30.000000000,39.640545538027006
2026-03-28 21:28:04.000000000,8.976897915215833
2026-03-28 21:53:57.000000000,39.53025018616596
2026-03-28 21:56:24.000000000,25.790664650747516
2026-03-28 21:39:32.000000000,47.20552289835098
2026-03-28 21:20:51.000000000,9.097516168562326
2026-03-28 21:36:14.000000000,32.807457488039596
2026-03-28 21:54:54.000000000,31.96419478887481
2026-03-28 21:14:12.000000000,9.312943717835669
2026-03-28 21:14:48.000000000,15.209198737571404
2026-03-28 21:03:06.000000000,12.273942041261073
2026-03-28 21:04:51.000000000,45.45834674749807
2026-03-28 21:13:10.000000000,13.075639330651843
2026-03-28 21:13:59.000000000,12.511241737419844
2026-03-28 21:06:09.000000000,15.561351623413884
2026-03-28 21:37:05.000000000,90.0624963188919
2026-03-28 21:41:47.000000000,14.242931714334809
2026-03-28 22:45:38.000000000,18.53736464361402
2026-03-28 22:39:18.000000000,17.05994223684155
2026-03-28 22:17:35.000000000,18.811327256233874
2026-03-28 22:57:38.000000000,30.547866537607284
2026-03-28 22:12:10.000000000,13.024700206191735
2026-03-28 22:57:10.000000000,14.228142188226034
2026-03-28 22:13:50.000000000,28.85115330012767
2026-03-28 22:04:31.000000000,43.26828097031961
2026-03-28 22:01:12.000000000,18.463470097375122
2026-03-28 22:34:36.000000000,48.293764380999804
2026-03-28 22:14:15.000000000,16.57290087858208
2026-03-28 22:29:07.000000000,11.270830478436508
2026-03-28 22:34:36.000000000,71.02505464060992
2026-03-28 22:19:14.000000000,23.60840722366278
2026-03-28 22:20:40.000000000,33.30631112862571
2026-03-28 22:39:09.000000000,17.895541814043245
2026-03-28 22:02:03.000000000,15.760073863056498
2026-03-28 22:12:36.000000000,8.997078543638015
2026-03-28 22:58:18.000000000,25.78537104122352
2026-03-28 22:38:22.000000000,36.82519808384817
2026-03-28 22:38:41.000000000,13.48295488170135
2026-03-28 22:43:55.000000000,20.78313361968709
2026-03-28 22:25:14.000000000,16.01451606270306
2026-03-28 22:49:20.000000000,11.668790965931336
2026-03-28 22:40:44.000000000,11.641528526099702
2026-03-28 22:43:58.000000000,13.000599991098525
2026-03-28 23:51:29.000000000,11.66631840720154
2026-03-28 23:41:57.000000000,23.9329475301113
2026-03-28 23:28:40.000000000,21.4626006339805
2026-03-28 23:58:06.000000000,62.770173831066515
2026-03-28 23:22:05.000000000,17.69700338097975
2026-03-28 23:35:19.000000000,16.04748394765751
2026-03-28 23:05:38.000000000,7.927462015351626
2026-03-28 23:09:09.000000000,40.09405179724428
2026-03-28 23:09:34.000000000,40.249738174207295
2026-03-28 23:09:28.000000000,31.16638274601636
2026-03-28 23:13:59.000000000,20.865908927353956
2026-03-28 23:07:38.000000000,6.043004527747668
2026-03-28 23:53:35.000000000,21.512986359254214
2026-03-28 23:25:59.000000000,47.16183016694788
2026-03-28 23:01:18.000000000,36.078544811998725
2026-03-28 23:40:00.000000000,32.73909378402125
2026-03-28 23:40:45.000000000,48.04609984037714
2026-03-28 23:35:23.000000000,14.648027082348888
2026-03-28 23:00:32.000000000,55.06510807393339
2026-03-28 23:31:44.000000000,9.302359001219944
2026-03-28 23:55:51.000000000,7.427025182459108
2026-03-28 23:39:48.000000000,13.14313653653808
2026-03-28 23:04:59.000000000,5.6769520399204785
2026-03-28 23:00:40.000000000,18.687893622851483
2026-03-29 00:22:06.000000000,19.877640469749565
2026-03-29 00:12:46.000000000,28.715556853781667
2026-03-29 00:27:36.000000000,14.066423950224976
2026-03-29 00:39:08.000000000,7.905092244625932
2026-03-29 00:11:02.000000000,7.921564490697458
2026-03-29 00:29:40.000000000,29.473434550025893
2026-03-29 00:26:23.000000000,29.131494120793832
2026-03-29 00:52:23.000000000,13.764486999121846
2026-03-29 00:08:41.000000000,17.17907607276823
2026-03-29 00:09:30.000000000,25.109620463421912
2026-03-29 00:02:43.000000000,8.137751101440367
2026-03-29 00:00:58.000000000,35.441603083819274
2026-03-29 00:45:27.000000000,25.03406375928756
2026-03-29 00:03:17.000000000,10.095645923101152
2026-03-29 00:22:06.000000000,10.839980380994573
2026-03-29 00:37:15.000000000,12.652101682865423
2026-03-29 00:17:07.000000000,101.75850383528568
2026-03-29 00:58:59.000000000,14.732042365581757
2026-03-29 00:19:45.000000000,14.1916397022241
2026-03-29 00:11:02.000000000,35.91447974591102
2026-03-29 00:37:38.000000000,49.5198505449813
2026-03-29 00:34:27.000000000,19.454737731781698
2026-03-29 00:44:23.000000000,41.12791585207634
2026-03-29 00:39:52.000000000,49.295281387113135
2026-03-29 01:19:21.000000000,11.073750470666866
2026-03-29 01:05:12.000000000,25.810744957406325
2026-03-29 01:57:32.000000000,6.043426828876324
2026-03-29 01:03:36.000000000,25.915274088475243
2026-03-29 01:04:46.000000000,162.74146813221904
2026-03-29 01:20:42.000000000,11.587763096829615
2026-03-29 01:34:53.000000000,46.957463127817554
2026-03-29 01:05:02.000000000,6.608185520824776
2026-03-29 01:31:50.000000000,25.203805437455685
2026-03-29 01:57:05.000000000,16.812096123122927
2026-03-29 01:29:47.000000000,11.119875276416586
2026-03-29 01:37:27.000000000,12.446299179961603
2026-03-29 01:11:59.000000000,24.91625345225593
2026-03-29 01:52:10.000000000,15.1317138586275
2026-03-29 01:11:50.000000000,7.491514140472864
2026-03-29 02:39:20.000000000,27.04949212299435
2026-03-29 02:49:01.000000000,17.138374534269982
2026-03-29 02:14:14.000000000,18.60439195554543
2026-03-29 02:00:28.000000000,33.534566912518656
2026-03-29 02:13:19.000000000,19.157373193269812
2026-03-29 02:22:41.000000000,13.155242920833615
2026-03-29 02:53:35.000000000,16.612638689917247
2026-03-29 02:53:36.000000000,29.486532727867964
2026-03-29 02:25:22.000000000,45.54347385756955
2026-03-29 02:25:33.000000000,17.349117642300065
2026-03-29 03:08:30.000000000,46.31797046943832
2026-03-29 03:19:27.000000000,8.95869921004365
2026-03-29 03:59:31.000000000,28.071295971736454
2026-03-29 03:05:25.000000000,8.153172726849208
2026-03-29 03:16:32.000000000,31.410228694207788
2026-03-29 03:42:26.000000000,32.291879075616876
2026-03-29 03:41:05.000000000,11.430348933663609
2026-03-29 03:01:13.000000000,10.708060210000308
2026-03-29 03:54:02.000000000,98.00215334791767
2026-03-29 04:14:37.000000000,20.03272550212325
2026-03-29 04:31:45.000000000,34.53845337803092
2026-03-29 04:31:22.000000000,27.86347168479272
2026-03-29 04:25:32.000000000,13.318317682717892
2026-03-29 04:20:47.000000000,20.414428760629416
2026-03-29 04:33:08.000000000,21.174351771523924
2026-03-29 04:48:50.000000000,15.992820869364106
2026-03-29 04:08:36.000000000,21.599530802529113
2026-03-29 04:07:14.000000000,50.60950922894939
2026-03-29 04:35:45.000000000,45.960954332675385
2026-03-29 04:58:24.000000000,23.4191034550686
2026-03-29 04:31:48.000000000,13.936929648485702
2026-03-29 04:16:56.000000000,17.76340252480709
2026-03-29 04:40:14.000000000,35.116425554535525
2026-03-29 05:29:19.000000000,6.79675050088205
2026-03-29 05:03:16.000000000,129.86942639154174
2026-03-29 05:58:30.000000000,36.56746438335285
2026-03-29 05:20:26.000000000,26.748084924308014
2026-03-29 06:20:51.000000000,28.7592546492174
2026-03-29 06:51:54.000000000,53.43451188167506
2026-03-29 06:31:22.000000000,16.063167351434704
2026-03-29 06:56:02.000000000,20.08536959825511
2026-03-29 06:27:33.000000000,12.160905160844127
2026-03-29 06:34:20.000000000,17.768214041071086
2026-03-29 06:03:08.000000000,38.486203005865114
2026-03-29 07:27:32.000000000,20.967501132468975
2026-03-29 07:04:31.000000000,40.43731189441476
2026-03-29 07:25:41.000000000,15.158590098609826
2026-03-29 07:10:24.000000000,10.830273636637793
2026-03-29 07:57:39.000000000,34.30548669692708
2026-03-29 08:45:21.000000000,30.531709479863345
2026-03-29 08:01:05.000000000,37.33545593567176
2026-03-29 08:37:21.000000000,15.026340016970348
2026-03-29 08:23:17.000000000,9.905271619249017
2026-03-29 08:42:58.000000000,14.115654056544043
2026-03-29 08:45:23.000000000,22.46946938271381
2026-03-29 08:04:50.000000000,22.161248443010763
2026-03-29 08:39:10.000000000,224.22284508970878
2026-03-29 09:56:42.000000000,10.971571448187273
2026-03-29 09:52:18.000000000,16.12745931354094
2026-03-29 09:48:23.000000000,24.89178996554893
2026-03-29 09:40:18.000000000,12.39150814877891
2026-03-29 09:44:22.000000000,6.751479982748316
2026-03-29 09:01:52.000000000,6.068616964553939
2026-03-29 09:58:25.000000000,14.954744635148845
2026-03-29 09:49:16.000000000,10.750375978808488
2026-03-29 09:53:34.000000000,22.230181128688656
2026-03-29 09:24:01.000000000,7.312746307457133
2026-03-29 10:07:55.000000000,9.763350206134103
2026-03-29 10:08:19.000000000,23.48407959092757
2026-03-29 10:55:01.000000000,102.03982814285084
2026-03-29 10:49:37.000000000,8.00647251384596
2026-03-29 10:47:42.000000000,31.52511865053476
2026-03-29 10:25:52.000000000,11.639321393240682
2026-03-29 10:53:47.000000000,21.474894339155757
2026-03-29 10:56:05.000000000,8.736956932846269
2026-03-29 10:21:57.000000000,10.030600967600417
2026-03-29 10:10:15.000000000,9.518340625862214
2026-03-29 10:32:54.000000000,15.91493644750905
2026-03-29 10:49:44.000000000,11.671563403222594
2026-03-29 10:25:54.000000000,13.365700111443207
2026-03-29 10:50:19.000000000,21.071171180363535
2026-03-29 10:16:18.000000000,26.713393541379784
2026-03-29 10:43:15.000000000,8.890953507315107
2026-03-29 11:38:40.000000000,25.801906556894743
2026-03-29 11:02:59.000000000,28.31274524387295
2026-03-29 11:05:24.000000000,14.911324274460675
2026-03-29 11:28:49.000000000,24.464605155265893
2026-03-29 11:10:29.000000000,25.73827121772794
2026-03-29 11:59:05.000000000,15.46104268495303
2026-03-29 11:58:21.000000000,31.34605393464281
2026-03-29 11:15:14.000000000,22.2922281664517
2026-03-29 11:57:21.000000000,17.8565472301103
2026-03-29 11:14:39.000000000,31.369635167034907
2026-03-29 11:37:23.000000000,44.89068441412045
2026-03-29 11:17:48.000000000,13.599301103601734
2026-03-29 11:47:39.000000000,60.606598858552054
2026-03-29 11:20:04.000000000,8.122971839560694
2026-03-29 12:49:15.000000000,27.921745589182123
2026-03-29 12:27:54.000000000,11.810133086386157
2026-03-29 12:43:31.000000000,13.742085317405493
2026-03-29 12:23:08.000000000,11.560854134774248
2026-03-29 12:37:39.000000000,32.86505459494233
2026-03-29 12:31:54.000000000,26.33060496499077
2026-03-29 12:01:39.000000000,59.925047415508494
2026-03-29 12:33:17.000000000,32.40400554622709
2026-03-29 12:27:51.000000000,79.61738099459436
2026-03-29 12:25:29.000000000,18.40253004035978
2026-03-29 12:23:53.000000000,11.042123653319464
2026-03-29 12:35:20.000000000,8.958125228156094
2026-03-29 12:42:05.000000000,6.258008100398697
2026-03-29 12:18:50.000000000,11.979390091239878
2026-03-29 13:04:23.000000000,30.56799344898119
2026-03-29 13:46:28.000000000,12.912391504379624
2026-03-29 13:40:26.000000000,7.965874482857254
2026-03-29 13:10:58.000000000,11.000603175904432
2026-03-29 13:04:04.000000000,69.81395450309202
2026-03-29 13:59:44.000000000,15.241899884632897
2026-03-29 13:03:27.000000000,12.09878611828463
2026-03-29 13:52:17.000000000,28.66386560731918
2026-03-29 13:31:23.000000000,11.275339207038375
2026-03-29 13:39:04.000000000,10.76228608141042
2026-03-29 13:36:21.000000000,11.496848433159602
2026-03-29 13:44:10.000000000,26.118825642898692
2026-03-29 13:29:00.000000000,7.957348508533107
2026-03-29 13:49:55.000000000,24.47233734566595
2026-03-29 13:55:43.000000000,37.0723080615917
2026-03-29 13:00:30.000000000,29.86858257685371
2026-03-29 14:03:39.000000000,39.61396492662682
2026-03-29 14:02:22.000000000,58.618236183114355
2026-03-29 14:35:04.000000000,21.02591256448243
2026-03-29 14:08:44.000000000,12.026007624231443
2026-03-29 14:54:56.000000000,14.0854063501369
2026-03-29 14:48:43.000000000,36.953196228495386
2026-03-29 14:41:54.000000000,7.9357939663188475
2026-03-29 14:30:33.000000000,8.8112988618746
2026-03-29 14:45:55.000000000,15.733534040631561
2026-03-29 14:57:32.000000000,18.00163980509241
2026-03-29 14:19:01.000000000,111.3486232980905
2026-03-29 14:33:56.000000000,79.79268630480182
2026-03-29 14:35:20.000000000,39.256220387692366
2026-03-29 14:33:49.000000000,44.87505391851903
2026-03-29 14:52:16.000000000,20.1051881626384
2026-03-29 15:48:40.000000000,14.369688062496786
2026-03-29 15:00:13.000000000,16.588682389979816
2026-03-29 15:00:12.000000000,7.969253976159061
2026-03-29 15:36:00.000000000,25.288926772129216
2026-03-29 15:25:59.000000000,11.135102993018705
2026-03-29 15:16:10.000000000,18.038009659195517
2026-03-29 15:11:41.000000000,8.012754617152
2026-03-29 15:52:06.000000000,11.179066508082936
2026-03-29 15:46:16.000000000,27.912653240199198
2026-03-29 15:24:23.000000000,8.67009297491882
2026-03-29 15:24:16.000000000,25.465481883342058
2026-03-29 15:29:27.000000000,66.24034724999856
2026-03-29 15:37:38.000000000,16.84285608956771
2026-03-29 15:57:22.000000000,21.429777663863767
2026-03-29 16:15:56.000000000,21.99144242304635
2026-03-29 16:05:38.000000000,8.589283984234452
2026-03-29 16:52:42.000000000,36.775538216698564
2026-03-29 16:37:41.000000000,6.570090424961174
2026-03-29 16:26:17.000000000,20.27201758881296
2026-03-29 16:28:51.000000000,22.114683385099976
2026-03-29 16:05:18.000000000,10.801442456324182
2026-03-29 16:44:29.000000000,59.69139675556023
2026-03-29 16:53:17.000000000,49.361545898512176
2026-03-29 16:43:24.000000000,8.695756182978412
2026-03-29 16:36:10.000000000,27.08905997223933
2026-03-29 17:13:40.000000000,36.13118193982493
2026-03-29 17:29:57.000000000,13.398113089552993
2026-03-29 17:23:21.000000000,31.251873768491055
2026-03-29 17:43:00.000000000,14.536721734300393
2026-03-29 17:08:54.000000000,9.528629537882964
2026-03-29 17:15:17.000000000,25.355658311160163
2026-03-29 17:14:32.000000000,57.372078669301644
2026-03-29 17:09:27.000000000,10.719750093817419
2026-03-29 17:47:10.000000000,32.73693212956677
2026-03-29 17:35:55.000000000,15.713351384007671
2026-03-29 17:10:03.000000000,24.515191035101303
2026-03-29 17:30:40.000000000,40.997387116923626
2026-03-29 17:54:35.000000000,40.60397585258893
2026-03-29 17:51:23.000000000,15.60897544387126
2026-03-29 17:46:05.000000000,11.533903826185124
2026-03-29 17:30:05.000000000,50.77989018357824
2026-03-29 17:46:00.000000000,15.309960281318583
2026-03-29 17:47:29.000000000,17.723689985040615
2026-03-29 17:52:08.000000000,10.655139075860692
2026-03-29 17:17:44.000000000,13.59010443095984
2026-03-29 18:36:57.000000000,23.47648488896707
2026-03-29 18:26:52.000000000,42.87981309258222
2026-03-29 18:44:22.000000000,17.37928367295195
2026-03-29 18:40:51.000000000,21.604889427138318
2026-03-29 18:36:29.000000000,10.677690430000636
2026-03-29 18:10:33.000000000,28.306877938558543
2026-03-29 18:54:45.000000000,17.405699484597072
2026-03-29 18:10:13.000000000,63.975046346918326
2026-03-29 18:02:16.000000000,13.274147106327481
2026-03-29 18:55:32.000000000,18.864446177741705
2026-03-29 18:34:11.000000000,11.189907698668522
2026-03-29 18:43:56.000000000,20.299046105712932
2026-03-29 18:01:50.000000000,28.243078585359243
2026-03-29 18:13:22.000000000,10.609777743239196
2026-03-29 18:54:49.000000000,5.8359138903462835
2026-03-29 18:59:31.000000000,19.606135760622216
2026-03-29 18:12:48.000000000,31.945597707992718
2026-03-29 18:48:33.000000000,33.74368858413585
2026-03-29 18:59:23.000000000,19.664430661886186
2026-03-29 19:54:07.000000000,16.957074873997833
2026-03-29 19:18:11.000000000,31.05162991081358
2026-03-29 19:11:37.000000000,8.631804857165614
2026-03-29 19:30:30.000000000,35.58441498333194
2026-03-29 19:30:45.000000000,17.905877924822605
2026-03-29 19:29:02.000000000,8.029581369314187
2026-03-29 19:19:05.000000000,11.567978094854347
2026-03-29 19:25:17.000000000,25.007697966191543
2026-03-29 19:37:37.000000000,24.265445392459768
2026-03-29 19:35:58.000000000,25.74214901233877
2026-03-29 19:10:41.000000000,28.645130303907123
2026-03-29 19:17:49.000000000,49.83290409394888
2026-03-29 19:53:15.000000000,8.216950390451915
2026-03-29 19:34:39.000000000,8.084489946928558
2026-03-29 19:42:21.000000000,15.997908917919709
2026-03-29 19:42:31.000000000,21.78331107851169
2026-03-29 19:18:04.000000000,16.62841041745616
2026-03-29 19:18:46.000000000,32.34773863278324
2026-03-29 19:41:16.000000000,6.2642197306543475
2026-03-29 20:46:54.000000000,23.1405310589979
2026-03-29 20:26:18.000000000,11.663537957307774
2026-03-29 20:11:23.000000000,9.718903794424874
2026-03-29 20:56:02.000000000,43.85930284623246
2026-03-29 20:24:54.000000000,25.399996876408842
2026-03-29 20:21:16.000000000,20.05940411657134
2026-03-29 20:04:08.000000000,19.855794348138957
2026-03-29 20:26:03.000000000,9.481988280670091
2026-03-29 20:47:00.000000000,30.489103483620717
2026-03-29 20:03:20.000000000,15.289825212539382
2026-03-29 20:21:54.000000000,16.293220940166933
2026-03-29 20:37:38.000000000,17.486612789674158
2026-03-29 20:01:53.000000000,25.585641139553914
2026-03-29 21:43:46.000000000,12.559830328075641
2026-03-29 21:23:23.000000000,12.593795799404266
2026-03-29 21:02:11.000000000,28.87170794134564
2026-03-29 21:22:08.000000000,58.94135465255423
2026-03-29 21:32:58.000000000,31.55211798765455
2026-03-29 21:34:42.000000000,14.726575729283379
2026-03-29 21:34:29.000000000,27.538332358366468
2026-03-29 21:41:15.000000000,52.02037061359202
2026-03-29 21:28:47.000000000,26.484474156703477
2026-03-29 21:13:28.000000000,46.20723642337239
2026-03-29 21:14:42.000000000,12.067514222218483
2026-03-29 21:42:48.000000000,10.735500650611808
2026-03-29 21:52:39.000000000,20.36139627989739
2026-03-29 21:38:54.000000000,50.228142868479196
2026-03-29 21:40:13.000000000,28.419073934095593
2026-03-29 22:44:11.000000000,8.339843980739246
2026-03-29 22:29:32.000000000,15.213412736000706
2026-03-29 22:43:08.000000000,19.78478779018855
2026-03-29 22:34:04.000000000,21.348204040877757
2026-03-29 22:07:49.000000000,36.678779644208625
2026-03-29 22:18:18.000000000,16.862159535693642
2026-03-29 22:23:01.000000000,29.562010605983076
2026-03-29 22:38:54.000000000,6.027197980844571
2026-03-29 22:33:39.000000000,12.497486537339203
2026-03-29 22:29:07.000000000,18.354103366225434
2026-03-29 22:21:54.000000000,23.463168442026113
2026-03-29 22:10:41.000000000,25.797806735447843
2026-03-29 22:35:32.000000000,22.072891522494103
2026-03-29 22:21:21.000000000,24.214884358883236
2026-03-29 23:42:20.000000000,10.775733857856173
2026-03-29 23:50:07.000000000,15.967133203227585
2026-03-29 23:03:40.000000000,30.22443955783947
2026-03-29 23:47:31.000000000,67.54811797002931
2026-03-29 23:29:00.000000000,19.041568387660504
2026-03-29 23:07:53.000000000,14.24264250698427
2026-03-29 23:53:29.000000000,15.147379097678861
2026-03-29 23:09:10.000000000,36.97440331041727
2026-03-29 23:33:06.000000000,18.586069756738027
2026-03-29 23:10:07.000000000,13.965281514876086
2026-03-29 23:20:12.000000000,7.394242696105724
2026-03-29 23:03:35.000000000,62.88563812527261
2026-03-29 23:22:58.000000000,54.55928242827193
2026-03-29 23:52:36.000000000,7.320250708994833
2026-03-29 23:05:56.000000000,11.709265813400922
2026-03-30 00:15:20.000000000,19.747482780445512
2026-03-30 00:20:32.000000000,18.156280520329716
2026-03-30 00:54:22.000000000,39.996643393735724
2026-03-30 00:07:32.000000000,35.362209863184134
2026-03-30 00:28:08.000000000,8.894741185508089
2026-03-30 00:20:59.000000000,21.513191505966446
2026-03-30 00:19:01.000000000,15.628906565541785
2026-03-30 01:33:36.000000000,8.053786702178957
2026-03-30 01:44:25.000000000,6.1124890196801545
2026-03-30 01:37:00.000000000,5.9636447930384024
2026-03-30 01:02:40.000000000,39.780909942773285
2026-03-30 02:37:00.000000000,17.428818002232724
2026-03-30 02:47:37.000000000,43.84800857902829
2026-03-30 02:14:21.000000000,59.88883091055887
2026-03-30 02:54:51.000000000,31.698389994478262
2026-03-30 03:38:29.000000000,18.28330889622501
2026-03-30 03:49:49.000000000,58.63174114766505
2026-03-30 03:23:24.000000000,37.114619711361165
2026-03-30 04:18:33.000000000,29.214951372289992
2026-03-30 04:40:46.000000000,8.709179230023153
2026-03-30 05:30:25.000000000,34.863588392046836
2026-03-30 05:21:43.000000000,18.2233692608322
2026-03-30 05:33:03.000000000,12.89207758951833
2026-03-30 05:59:27.000000000,23.03435181000563
2026-03-30 05:01:52.000000000,10.526091211359905
2026-03-30 05:49:16.000000000,65.03720330782863
2026-03-30 05:13:23.000000000,8.713130829250355
2026-03-30 05:06:20.000000000,39.92648194787576
2026-03-30 05:28:22.000000000,135.9164759863744
2026-03-30 06:19:12.000000000,29.38650464715927
2026-03-30 06:59:13.000000000,64.02738133454802
2026-03-30 06:31:53.000000000,34.36379113488384
2026-03-30 06:28:11.000000000,10.813963870921992
2026-03-30 06:44:57.000000000,10.075328792941953
2026-03-30 06:19:27.000000000,16.274936510612438
2026-03-30 06:16:41.000000000,75.46743788487885
2026-03-30 06:38:08.000000000,12.76489675059646
2026-03-30 06:18:30.000000000,47.55737558670974
2026-03-30 06:35:02.000000000,24.993416169095656
2026-03-30 06:26:03.000000000,58.30496522199242
2026-03-30 07:40:39.000000000,19.786899492267352
2026-03-30 07:52:17.000000000,11.596597422819194
2026-03-30 07:46:30.000000000,48.45199117142015
2026-03-30 07:02:42.000000000,33.59175805059682
2026-03-30 07:18:20.000000000,28.61591739262756
2026-03-30 07:32:58.000000000,14.661698221248589
2026-03-30 07:03:18.000000000,18.30727667301128
2026-03-30 07:02:27.000000000,22.968706339495114
2026-03-30 07:48:28.000000000,29.491019283514802
2026-03-30 07:13:27.000000000,104.50511841525781
2026-03-30 07:42:46.000000000,16.995864631280426
2026-03-30 07:03:48.000000000,28.189994592717113
2026-03-30 07:40:24.000000000,47.97252110968992
2026-03-30 07:57:25.000000000,31.99442751284112
2026-03-30 07:37:55.000000000,15.422138245535887
2026-03-30 08:44:14.000000000,11.980405974199229
2026-03-30 08:48:54.000000000,21.675638346319623
2026-03-30 08:30:41.000000000,11.508552781120056
2026-03-30 08:48:32.000000000,13.16708979054048
2026-03-30 08:54:03.000000000,40.837107726913956
2026-03-30 08:20:20.000000000,14.324394865988586
2026-03-30 08:04:05.000000000,47.07330555566646
2026-03-30 08:11:47.000000000,15.497526297895169
2026-03-30 08:06:31.000000000,21.481388537253046
2026-03-30 08:17:03.000000000,26.156460617939274
2026-03-30 08:22:40.000000000,40.190962980512055
2026-03-30 08:39:09.000000000,30.859976773280355
2026-03-30 08:28:00.000000000,37.076167392001565
2026-03-30 08:12:58.000000000,23.669277429364065
2026-03-30 08:01:49.000000000,42.367950857038466
2026-03-30 08:03:50.000000000,11.615134881350265
2026-03-30 08:51:30.000000000,26.618040377559467
2026-03-30 08:27:42.000000000,12.899211894214478
2026-03-30 08:54:03.000000000,9.04844640605667
2026-03-30 08:27:30.000000000,18.517087722935614
2026-03-30 08:51:56.000000000,21.459288627306204
2026-03-30 09:06:04.000000000,10.266548307632883
2026-03-30 09:35:10.000000000,12.079438360245797
2026-03-30 09:42:45.000000000,8.913903226662862
2026-03-30 09:44:40.000000000,32.742488031483795
2026-03-30 09:42:32.000000000,19.58315188234929
2026-03-30 09:42:59.000000000,48.351638985923806
2026-03-30 09:41:37.000000000,16.433470571245564
2026-03-30 09:39:36.000000000,52.32569899441658
2026-03-30 09:39:31.000000000,9.801787157623501
2026-03-30 09:50:46.000000000,24.516964622593164
2026-03-30 09:29:48.000000000,25.31876687051526
2026-03-30 09:01:36.000000000,6.094493569275153
2026-03-30 09:46:05.000000000,31.836497261467343
2026-03-30 09:01:23.000000000,11.709673887264092
2026-03-30 09:33:41.000000000,16.940976160082773
2026-03-30 10:21:58.000000000,10.74678029805555
2026-03-30 10:13:47.000000000,22.40701937226906
2026-03-30 10:57:34.000000000,14.724185493001093
2026-03-30 10:14:20.000000000,8.436980530172264
2026-03-30 10:12:41.000000000,29.452088152978774
2026-03-30 10:34:56.000000000,47.263679677040074
2026-03-30 10:37:19.000000000,49.45331859404067
2026-03-30 10:52:36.000000000,26.791119392607257
2026-03-30 10:49:40.000000000,53.20344091383443
2026-03-30 10:49:20.000000000,33.458856266731
2026-03-30 10:59:16.000000000,42.158268480483386
2026-03-30 10:53:51.000000000,40.00079468419655
2026-03-30 10:25:10.000000000,84.77072921162042
2026-03-30 10:50:28.000000000,13.991400585302033
2026-03-30 10:22:56.000000000,23.73599391422549
2026-03-30 10:30:34.000000000,17.04265827328946
2026-03-30 11:45:38.000000000,28.724205564124993
2026-03-30 11:48:05.000000000,20.025440924930503
2026-03-30 11:41:49.000000000,15.743433842169395
2026-03-30 11:04:50.000000000,48.911902986253494
2026-03-30 11:16:56.000000000,33.58248409854899
2026-03-30 11:26:33.000000000,9.396933379469353
2026-03-30 11:25:37.000000000,52.68561933310578
2026-03-30 11:16:29.000000000,40.44259520857456
2026-03-30 11:48:36.000000000,64.44725593497984
2026-03-30 11:24:12.000000000,49.61098187280944
2026-03-30 11:43:09.000000000,16.335182300471182
2026-03-30 11:51:41.000000000,80.45589594528292
2026-03-30 11:41:18.000000000,11.69076096903681
2026-03-30 11:31:06.000000000,30.773648300353155
2026-03-30 11:13:58.000000000,64.10159557272841
2026-03-30 11:53:40.000000000,9.68119512327393
2026-03-30 12:05:25.000000000,16.232429394776126
2026-03-30 12:54:54.000000000,11.676394140427572
2026-03-30 12:34:04.000000000,17.182751180163688
2026-03-30 12:33:11.000000000,6.874020906109818
2026-03-30 12:21:14.000000000,18.05672170882376
2026-03-30 12:08:48.000000000,17.583855877638825
2026-03-30 12:22:11.000000000,53.85496499928999
2026-03-30 12:41:33.000000000,7.452668118457666
2026-03-30 12:57:50.000000000,16.829342874817524
2026-03-30 12:45:24.000000000,25.01599751422782
2026-03-30 12:00:48.000000000,36.84366374561427
2026-03-30 12:54:21.000000000,29.807067792224032
2026-03-30 12:14:08.000000000,9.790444782707286
2026-03-30 12:09:10.000000000,13.214203234696653
2026-03-30 13:47:18.000000000,96.21407144432189
2026-03-30 13:59:53.000000000,22.72705651943898
2026-03-30 13:59:12.000000000,15.950051249857125
2026-03-30 13:04:39.000000000,18.951218132908057
2026-03-30 13:59:39.000000000,44.322325219836856
2026-03-30 13:58:24.000000000,22.21461988009989
2026-03-30 13:02:55.000000000,31.920493096217292
2026-03-30 13:05:39.000000000,10.893077149446839
2026-03-30 13:24:07.000000000,16.026072065381566
2026-03-30 13:17:16.000000000,23.495316002540598
2026-03-30 13:13:20.000000000,85.35751756729344
2026-03-30 13:17:39.000000000,10.97790687369355
2026-03-30 14:32:40.000000000,18.639588955156366
2026-03-30 14:27:06.000000000,14.955888887295124
2026-03-30 14:35:48.000000000,13.075188971944137
2026-03-30 14:47:27.000000000,55.60020790356033
2026-03-30 14:31:09.000000000,11.679579964587944
2026-03-30 14:25:38.000000000,13.834873025753108
2026-03-30 14:40:26.000000000,26.467480425595348
2026-03-30 14:40:49.000000000,19.711072657452622
2026-03-30 14:34:11.000000000,17.382987269510316
2026-03-30 14:44:05.000000000,15.952836418733064
2026-03-30 15:32:06.000000000,8.054478470026567
2026-03-30 15:12:42.000000000,6.661007021650901
2026-03-30 15:31:21.000000000,39.037586104511014
2026-03-30 15:57:25.000000000,15.142895815820363
2026-03-30 15:09:57.000000000,27.790153289404426
2026-03-30 15:41:10.000000000,9.54065557275811
2026-03-30 15:01:13.000000000,28.661434866412456
2026-03-30 15:49:34.000000000,25.977399139695407
2026-03-30 15:43:43.000000000,7.391042323375462
2026-03-30 15:19:04.000000000,20.56205731552671
2026-03-30 15:51:16.000000000,83.86192742259007
2026-03-30 15:54:57.000000000,9.033852879152114
2026-03-30 15:49:36.000000000,17.463518772754693
2026-03-30 15:58:35.000000000,13.566624082996858
2026-03-30 16:16:23.000000000,22.80555448218663
2026-03-30 16:52:35.000000000,23.469409618294122
2026-03-30 16:57:12.000000000,17.413028490024235
2026-03-30 16:04:05.000000000,8.9032070800823
2026-03-30 16:28:02.000000000,28.552194127781362
2026-03-30 16:49:39.000000000,17.23649797859724
2026-03-30 16:16:54.000000000,9.814570425192244
2026-03-30 16:28:19.000000000,6.49335109203908
2026-03-30 16:14:35.000000000,9.771822882184386
2026-03-30 16:01:24.000000000,15.231283306521185
2026-03-30 16:38:30.000000000,25.73278391415596
2026-03-30 16:02:51.000000000,75.76185047063285
2026-03-30 16:50:07.000000000,7.314918552640837
2026-03-30 16:15:01.000000000,20.558661357145617
2026-03-30 16:26:41.000000000,23.535182628636747
2026-03-30 17:09:08.000000000,20.579950786733818
2026-03-30 17:00:24.000000000,17.681812624568195
2026-03-30 17:07:34.000000000,13.947138396504798
2026-03-30 17:36:36.000000000,6.937520206383107
2026-03-30 17:49:49.000000000,9.658941204026247
2026-03-30 17:24:45.000000000,34.288472095410526
2026-03-30 17:26:56.000000000,59.3339420690798
2026-03-30 17:32:29.000000000,13.833944230848225
2026-03-30 17:55:38.000000000,11.338641055297938
2026-03-30 17:49:51.000000000,8.84560849702443
2026-03-30 17:13:36.000000000,37.9948320431605
2026-03-30 17:51:18.000000000,21.947951680608142
2026-03-30 17:54:27.000000000,7.860564611539164
2026-03-30 17:14:21.000000000,12.205139103298585
2026-03-30 17:07:32.000000000,38.40330547836836
2026-03-30 17:08:08.000000000,47.32113532346284
2026-03-30 18:25:58.000000000,21.006074760480267
2026-03-30 18:24:15.000000000,18.568124381464266
2026-03-30 18:42:29.000000000,55.8627203170995
2026-03-30 18:29:36.000000000,25.6143058026408
2026-03-30 18:31:52.000000000,21.992567078483894
2026-03-30 18:15:12.000000000,13.35819383387797
2026-03-30 18:06:57.000000000,33.6500607935433
2026-03-30 18:54:29.000000000,31.253750647604484
2026-03-30 18:17:26.000000000,15.985535934902394
2026-03-30 18:03:03.000000000,24.89719867978175
2026-03-30 18:31:30.000000000,38.448060218553195
2026-03-30 18:42:12.000000000,21.16373323560685
2026-03-30 18:12:31.000000000,48.8895218906612
2026-03-30 18:41:21.000000000,8.055842158566726
2026-03-30 18:33:10.000000000,13.940047444396171
2026-03-30 18:51:30.000000000,15.188961298301127
2026-03-30 18:37:54.000000000,14.113913083981902
2026-03-30 18:22:39.000000000,82.30034182883455
2026-03-30 18:34:31.000000000,43.147554325851566
2026-03-30 18:12:44.000000000,6.607923271656217
2026-03-30 19:23:25.000000000,32.71251221236955
2026-03-30 19:39:04.000000000,7.541891673195025
2026-03-30 19:52:40.000000000,12.10449877846159
2026-03-30 19:02:21.000000000,23.75236760990739
2026-03-30 19:20:06.000000000,6.722477737698215
2026-03-30 19:33:37.000000000,26.950027126556478
2026-03-30 19:20:13.000000000,52.86795714806557
2026-03-30 19:10:19.000000000,17.083744955439848
2026-03-30 19:36:52.000000000,16.01956628587747
2026-03-30 19:41:54.000000000,23.3477106374921
2026-03-30 19:51:39.000000000,11.784385873382096
2026-03-30 19:55:45.000000000,21.319401433058907
2026-03-30 19:32:53.000000000,13.351749444100577
2026-03-30 19:24:45.000000000,46.00253241608666
2026-03-30 19:30:29.000000000,8.027583133608305
2026-03-30 19:17:57.000000000,25.7092048849746
2026-03-30 20:15:12.000000000,8.02596373767111
2026-03-30 20:47:12.000000000,27.348560954445453
2026-03-30 20:34:37.000000000,54.74600638275368
2026-03-30 20:49:22.000000000,9.819167218987863
2026-03-30 20:53:04.000000000,13.549692377440184
2026-03-30 20:54:32.000000000,8.998831749135148
2026-03-30 20:04:11.000000000,55.83136865538406
2026-03-30 20:46:22.000000000,13.726154111599236
2026-03-30 20:44:51.000000000,22.123869868654175
2026-03-30 20:49:01.000000000,11.879995024440035
2026-03-30 20:55:33.000000000,19.961015910660283
2026-03-30 20:35:46.000000000,9.428033983620638
2026-03-30 20:39:01.000000000,8.971423732092315
2026-03-30 20:07:24.000000000,6.40600132473069
2026-03-30 20:20:28.000000000,9.298704010963238
2026-03-30 21:36:33.000000000,20.115781246205806
2026-03-30 21:08:13.000000000,11.512361042883173
2026-03-30 21:42:09.000000000,15.15099069097724
2026-03-30 21:32:18.000000000,19.15705833192075
2026-03-30 21:29:08.000000000,17.729140013103653
2026-03-30 21:06:47.000000000,17.342736592748818
2026-03-30 21:35:27.000000000,47.2491052673429
2026-03-30 21:02:41.000000000,30.341842279789997
2026-03-30 21:52:41.000000000,14.097521553813078
2026-03-30 21:21:40.000000000,15.370010192080988
2026-03-30 22:49:09.000000000,47.972196942847525
2026-03-30 22:23:39.000000000,20.442224607815895
2026-03-30 22:03:18.000000000,159.2806794737462
2026-03-30 22:37:00.000000000,7.397281370920407
2026-03-30 22:49:29.000000000,19.85484937352893
2026-03-30 22:59:04.000000000,44.73096370400339
2026-03-30 22:36:56.000000000,28.957758916583163
2026-03-30 22:54:01.000000000,29.59698542812626
2026-03-30 22:14:40.000000000,19.638413384794326
2026-03-30 22:25:02.000000000,8.372478234279457
2026-03-30 22:55:22.000000000,27.59990253127381
2026-03-30 23:10:12.000000000,50.09390345114666
2026-03-30 23:54:05.000000000,11.256047479387519
2026-03-30 23:04:37.000000000,16.430799819349595
2026-03-30 23:05:23.000000000,99.14253732944704
2026-03-30 23:30:08.000000000,28.7777454755267
2026-03-30 23:01:01.000000000,33.81629177362218
2026-03-30 23:34:11.000000000,39.282156413679466
2026-03-30 23:03:41.000000000,11.656798037258614
2026-03-30 23:33:02.000000000,28.918893714738743
2026-03-30 23:01:59.000000000,55.0042714197195
2026-03-30 23:46:33.000000000,8.500873234423013
2026-03-31 00:04:51.000000000,44.57117405433259
2026-03-31 00:51:52.000000000,23.384767408563448
2026-03-31 00:39:27.000000000,26.53851118274184
2026-03-31 00:41:41.000000000,17.598204101104983
2026-03-31 00:05:19.000000000,56.60319387293788
2026-03-31 00:02:37.000000000,27.636841001745793
2026-03-31 00:06:42.000000000,8.731373229871139
2026-03-31 00:58:42.000000000,79.31924490483763
2026-03-31 01:40:03.000000000,16.66565731644825
2026-03-31 01:30:23.000000000,17.761426692747776
2026-03-31 01:07:04.000000000,70.84130836079484
2026-03-31 01:08:37.000000000,28.176979297490412
2026-03-31 02:46:52.000000000,12.930181728853052
2026-03-31 02:47:56.000000000,23.865383690302806
2026-03-31 03:24:25.000000000,27.185731132827236
2026-03-31 03:49:56.000000000,16.720454047564917
2026-03-31 05:40:08.000000000,11.559637236727964
2026-03-31 05:06:03.000000000,15.216269079583475
2026-03-31 05:13:35.000000000,8.822430508629283
2026-03-31 05:02:59.000000000,8.964648963002553
2026-03-31 05:00:19.000000000,103.56221220938005
2026-03-31 05:22:44.000000000,58.87608288237593
2026-03-31 05:44:08.000000000,23.35315028566383
2026-03-31 05:57:10.000000000,25.253144774111895
2026-03-31 05:25:02.000000000,26.224472653093382
2026-03-31 06:52:23.000000000,8.30300774378298
2026-03-31 06:54:10.000000000,8.324365636829045
2026-03-31 06:37:33.000000000,28.860389859588864
2026-03-31 06:23:57.000000000,27.270260025665564
2026-03-31 06:36:01.000000000,28.966342726576414
2026-03-31 06:49:50.000000000,8.185492448869924
2026-03-31 06:00:20.000000000,15.864521986147302
2026-03-31 06:18:19.000000000,51.35559017248308
2026-03-31 06:56:21.000000000,6.49982336897382
2026-03-31 06:17:37.000000000,32.058622977621155
2026-03-31 06:42:54.000000000,8.078333086528461
2026-03-31 06:37:17.000000000,17.715440726515293
2026-03-31 06:12:28.000000000,35.24434859503107
2026-03-31 06:58:32.000000000,49.51707104152064
2026-03-31 07:50:22.000000000,8.148232648781464
2026-03-31 07:05:22.000000000,17.715956667673783
2026-03-31 07:17:26.000000000,17.39558774183458
2026-03-31 07:23:23.000000000,17.246276776604834
2026-03-31 07:28:55.000000000,138.77781084950453
2026-03-31 07:05:49.000000000,18.196402732715647
2026-03-31 07:18:27.000000000,40.09527626012734
2026-03-31 07:40:21.000000000,10.703092632494952
2026-03-31 07:28:15.000000000,9.560615422114822
2026-03-31 07:34:07.000000000,42.23618562420124
2026-03-31 07:27:14.000000000,17.76974700601495
2026-03-31 07:51:00.000000000,18.719712733612603
2026-03-31 07:15:21.000000000,15.613131563479099
2026-03-31 07:53:37.000000000,37.00614785310921
2026-03-31 07:45:28.000000000,16.724583812525772
2026-03-31 07:01:22.000000000,17.29877145290601
2026-03-31 07:44:56.000000000,10.859412093449688
2026-03-31 07:14:51.000000000,25.69225615061925
2026-03-31 07:44:56.000000000,13.072375887402199
2026-03-31 07:47:47.000000000,10.783301503147943
2026-03-31 07:14:52.000000000,10.939027022839273
2026-03-31 08:38:52.000000000,19.515788743431553
2026-03-31 08:05:50.000000000,7.878469061048516
2026-03-31 08:21:18.000000000,7.194087707355147
2026-03-31 08:29:10.000000000,21.992450974042796
2026-03-31 08:17:58.000000000,25.253108517577182
2026-03-31 08:44:19.000000000,46.508455515548945
2026-03-31 08:21:23.000000000,50.48879525118562
2026-03-31 08:52:32.000000000,18.79732240338265
2026-03-31 08:26:31.000000000,9.865652706467468
2026-03-31 08:58:57.000000000,17.395245230835116
2026-03-31 08:07:02.000000000,13.21493030625812
2026-03-31 08:59:32.000000000,33.03079882775005
2026-03-31 08:35:50.000000000,7.893011044862773
2026-03-31 08:11:45.000000000,33.930788472530665
2026-03-31 08:54:23.000000000,7.703434773237921
2026-03-31 08:00:53.000000000,10.983803473497638
2026-03-31 08:34:33.000000000,12.825733222441396
2026-03-31 08:07:38.000000000,10.871701148889032
2026-03-31 08:06:27.000000000,9.53241230113195
2026-03-31 09:01:27.000000000,8.88043717620413
2026-03-31 09:16:37.000000000,7.382546074373112
2026-03-31 09:57:31.000000000,74.48207075095877
2026-03-31 09:10:48.000000000,17.876110057709234
2026-03-31 09:53:56.000000000,6.559242153848835
2026-03-31 09:04:55.000000000,13.311576219852437
2026-03-31 09:59:31.000000000,8.155998964413877
2026-03-31 09:32:22.000000000,26.490235000777545
2026-03-31 09:42:10.000000000,25.776169457961725
2026-03-31 09:00:37.000000000,14.407085997204812
2026-03-31 09:07:51.000000000,30.842437145226903
2026-03-31 09:06:35.000000000,39.072158008137905
2026-03-31 09:58:59.000000000,39.81413155808026
2026-03-31 09:59:31.000000000,51.515044205115174
2026-03-31 09:57:22.000000000,25.745898247714962
2026-03-31 09:57:31.000000000,15.045265750218022
2026-03-31 09:47:55.000000000,36.90421908243127
2026-03-31 09:59:47.000000000,7.312539717463887
2026-03-31 09:33:26.000000000,7.762583254176418
2026-03-31 09:15:27.000000000,10.138605742222769
2026-03-31 09:02:17.000000000,15.436986004264789
2026-03-31 09:12:30.000000000,21.059588833516884
2026-03-31 09:32:58.000000000,19.520587991908265
2026-03-31 09:52:22.000000000,55.52998550609156
2026-03-31 10:24:21.000000000,61.191078262569675
2026-03-31 10:56:12.000000000,41.1196337387093
2026-03-31 10:19:30.000000000,13.887940609409963
2026-03-31 10:19:55.000000000,34.59535271822632
2026-03-31 10:09:04.000000000,9.044309807460792
2026-03-31 10:47:12.000000000,14.582282153572027
2026-03-31 10:15:46.000000000,16.037367182729334
2026-03-31 10:57:16.000000000,21.76627045159928
2026-03-31 10:02:37.000000000,8.692814652446824
2026-03-31 10:29:09.000000000,9.441269517500135
2026-03-31 11:11:25.000000000,35.24757702389944
2026-03-31 11:17:08.000000000,19.926434481544923
2026-03-31 11:22:05.000000000,32.05038563989103
2026-03-31 11:40:34.000000000,78.56696565360377
2026-03-31 11:47:37.000000000,12.839362612056195
2026-03-31 11:23:57.000000000,20.098677513963807
2026-03-31 11:07:34.000000000,10.68437374430297
2026-03-31 12:59:47.000000000,21.985699238021873
2026-03-31 12:10:39.000000000,6.046021831109886
2026-03-31 12:01:36.000000000,30.249055221927453
2026-03-31 12:28:24.000000000,21.255090362872945
2026-03-31 12:37:42.000000000,13.255013326073994
2026-03-31 12:46:10.000000000,25.76945375094334
2026-03-31 12:01:11.000000000,15.592169094847481
2026-03-31 12:26:37.000000000,66.237952147037
2026-03-31 12:00:41.000000000,9.878785189526145
2026-03-31 12:57:28.000000000,43.46398155684061
2026-03-31 12:44:17.000000000,14.598705102853623
2026-03-31 12:44:56.000000000,44.83438823102563
2026-03-31 12:28:19.000000000,7.41448852785237
2026-03-31 12:07:40.000000000,24.843145915416102
2026-03-31 12:58:07.000000000,7.441406594683764
2026-03-31 12:10:19.000000000,7.293241063581746
2026-03-31 12:31:03.000000000,57.595953235683986
2026-03-31 13:24:35.000000000,51.65881505934922
2026-03-31 13:36:59.000000000,10.042071428521602
2026-03-31 13:28:45.000000000,60.95634190311254
2026-03-31 13:32:03.000000000,41.68814860618204
2026-03-31 13:25:15.000000000,15.32112021378676
2026-03-31 13:58:00.000000000,6.705425411310044
2026-03-31 13:46:56.000000000,49.61709214202777
2026-03-31 13:50:02.000000000,19.571533912607897
2026-03-31 13:52:16.000000000,63.98095180959689
2026-03-31 14:55:43.000000000,17.87335979241104
2026-03-31 14:24:55.000000000,7.42706572529417
2026-03-31 14:42:39.000000000,13.549137954829126
2026-03-31 14:10:54.000000000,7.273523226879717
2026-03-31 14:57:37.000000000,6.617163100196336
2026-03-31 14:14:26.000000000,82.16912145769936
2026-03-31 14:59:44.000000000,15.608005102759304
2026-03-31 14:25:06.000000000,26.296310683230466
2026-03-31 14:07:22.000000000,10.81039178752373
2026-03-31 14:33:51.000000000,34.59899023001045
2026-03-31 14:19:16.000000000,15.183558714872989
2026-03-31 14:44:58.000000000,20.181252404107326
2026-03-31 14:17:00.000000000,33.332526534905774
2026-03-31 14:44:21.000000000,103.05164269603614
2026-03-31 14:36:47.000000000,35.835425046131206
2026-03-31 14:15:35.000000000,22.79286277673784
2026-03-31 14:45:12.000000000,15.898020938560968
2026-03-31 14:37:11.000000000,16.525278782296994
2026-03-31 14:31:13.000000000,41.81534874990216
2026-03-31 15:56:52.000000000,10.783928863229962
2026-03-31 15:38:57.000000000,32.01272550406807
2026-03-31 15:33:51.000000000,9.7834006033219
2026-03-31 15:16:10.000000000,51.073072604373564
2026-03-31 15:13:33.000000000,39.32410161992068
2026-03-31 15:41:15.000000000,25.259385869927677
2026-03-31 15:46:24.000000000,23.66187137368283
2026-03-31 15:37:03.000000000,15.33110800905467
2026-03-31 15:57:51.000000000,28.70478673916397
2026-03-31 15:13:20.000000000,11.790283722867086
2026-03-31 15:07:15.000000000,123.90327198195662
2026-03-31 15:51:18.000000000,8.28237530954556
2026-03-31 15:03:21.000000000,10.657134582503081
2026-03-31 16:59:43.000000000,24.061920777887327
2026-03-31 16:38:44.000000000,16.269614972342207
2026-03-31 16:39:45.000000000,11.05359164719437
2026-03-31 16:10:35.000000000,18.74921496113938
2026-03-31 16:41:12.000000000,21.060867464330276
2026-03-31 16:34:40.000000000,10.960962645319483
2026-03-31 16:22:40.000000000,35.90542008824797
2026-03-31 16:35:47.000000000,7.287049842181817
2026-03-31 16:40:45.000000000,36.91261795146508
2026-03-31 16:52:06.000000000,18.394070255975578
2026-03-31 16:06:35.000000000,18.765621805696483
2026-03-31 16:30:57.000000000,14.507196765132848
2026-03-31 16:22:55.000000000,18.549306781409324
2026-03-31 17:54:09.000000000,29.5578359047615
2026-03-31 17:55:41.000000000,14.313634779887817
2026-03-31 17:42:58.000000000,12.731503568542076
2026-03-31 17:48:00.000000000,24.95072248135518
2026-03-31 17:40:00.000000000,39.18324846100196
2026-03-31 17:35:37.000000000,29.71526857691817
2026-03-31 17:36:42.000000000,15.75947198538515
2026-03-31 17:28:30.000000000,10.765587128537987
2026-03-31 17:42:31.000000000,20.334411930703435
2026-03-31 17:15:55.000000000,8.703890549622953
2026-03-31 18:21:50.000000000,13.871684773927363
2026-03-31 18:18:25.000000000,10.70388601421987
2026-03-31 18:14:10.000000000,23.439455499547197
2026-03-31 18:04:56.000000000,12.657076036154798
2026-03-31 18:24:55.000000000,37.394466453121694
2026-03-31 18:55:11.000000000,12.52290692252974
2026-03-31 18:12:16.000000000,14.48147889728042
2026-03-31 18:48:45.000000000,17.17471274294114
2026-03-31 18:30:21.000000000,156.66708199505206
2026-03-31 18:52:28.000000000,30.344711418860797
2026-03-31 18:53:25.000000000,38.43728252990089
2026-03-31 18:24:54.000000000,13.890931798438082
2026-03-31 18:25:26.000000000,21.594682816352613
2026-03-31 18:50:01.000000000,12.234895067930175
2026-03-31 18:34:22.000000000,36.66858789806732
2026-03-31 18:13:47.000000000,50.03550939724008
2026-03-31 18:00:21.000000000,14.25524637037881
2026-03-31 18:44:10.000000000,21.51227953633331
2026-03-31 18:35:32.000000000,56.683009521476265
2026-03-31 19:05:14.000000000,206.71827137549838
2026-03-31 19:30:41.000000000,20.233716586141842
2026-03-31 19:28:08.000000000,19.56840996827079
2026-03-31 19:12:46.000000000,35.883115055797475
2026-03-31 19:29:54.000000000,22.988268748704172
2026-03-31 19:57:52.000000000,23.331577435278476
2026-03-31 19:00:12.000000000,13.295529920654625
2026-03-31 19:01:37.000000000,16.487916181789103
2026-03-31 19:31:03.000000000,35.45189418012535
2026-03-31 20:18:18.000000000,11.012148279053452
2026-03-31 20:25:25.000000000,10.178384977352163
2026-03-31 20:40:46.000000000,32.10151011435541
2026-03-31 20:02:13.000000000,27.49678043094532
2026-03-31 20:59:56.000000000,25.62571543715391
2026-03-31 20:57:01.000000000,6.583547970408707
2026-03-31 20:14:25.000000000,17.889047851493068
2026-03-31 20:02:26.000000000,19.688046853485368
2026-03-31 20:02:15.000000000,23.639774948297493
2026-03-31 20:41:22.000000000,18.220891186398266
2026-03-31 20:27:29.000000000,15.706330693942174
2026-03-31 20:50:51.000000000,26.890094223745514
2026-03-31 20:27:23.000000000,60.27099620326982
2026-03-31 20:43:24.000000000,28.30360325699381
2026-03-31 20:44:52.000000000,17.934147502541617
2026-03-31 20:15:52.000000000,12.20158803293948
2026-03-31 20:04:28.000000000,46.34454210785991
2026-03-31 21:12:45.000000000,9.461253493560175
2026-03-31 21:21:50.000000000,7.367694270034083
2026-03-31 21:50:40.000000000,28.457583999371405
2026-03-31 21:24:25.000000000,16.28857691507147
2026-03-31 21:18:24.000000000,48.53366542520642
2026-03-31 21:21:37.000000000,32.50032392153464
2026-03-31 21:53:10.000000000,15.164068428286509
2026-03-31 21:00:48.000000000,42.16997097279383
2026-03-31 21:20:41.000000000,59.55475182483634
2026-03-31 21:57:15.000000000,7.470027413873115
2026-03-31 21:17:17.000000000,9.674574580515632
2026-03-31 21:55:04.000000000,49.09916716059565
2026-03-31 21:22:07.000000000,35.751382885884205
2026-03-31 21:33:39.000000000,78.73717231232843
2026-03-31 21:12:36.000000000,44.58484627964743
2026-03-31 21:19:42.000000000,21.217260520272998
2026-03-31 21:16:27.000000000,16.315693836977353
2026-03-31 21:55:44.000000000,19.15759373920882
2026-03-31 21:46:49.000000000,17.68071244181531
2026-03-31 21:03:15.000000000,25.415178324914137
2026-03-31 21:26:12.000000000,8.320482475955838
2026-03-31 22:24:59.000000000,28.22579599397265
2026-03-31 22:34:40.000000000,24.38824429149846
2026-03-31 22:24:20.000000000,40.165062512913536
2026-03-31 22:39:16.000000000,25.392757484607614
2026-03-31 22:03:05.000000000,47.45809838544701
2026-03-31 22:30:10.000000000,39.4807690230671
2026-03-31 22:32:44.000000000,8.060422200134616
2026-03-31 22:16:05.000000000,141.388028003203
2026-03-31 22:23:37.000000000,12.505936358155715
2026-03-31 22:36:49.000000000,22.40627701550081
2026-03-31 23:00:43.000000000,31.77115705294108
2026-03-31 23:36:07.000000000,18.233476992140634
2026-03-31 23:06:20.000000000,22.94844573226316
2026-03-31 23:59:45.000000000,38.7228048702989
2026-03-31 23:19:23.000000000,79.41951946839828
2026-03-31 23:32:45.000000000,114.52042717945538
2026-03-31 23:08:39.000000000,29.626491141841296
2026-03-31 23:09:09.000000000,20.249184653943075
2026-03-31 23:39:46.000000000,31.115086164199038
2026-03-31 23:45:44.000000000,13.340333364976633
