pickup_datetime,base_passenger_fare
2026-03-01 00:45:49.000000000,47.55871505786734
2026-03-01 00:36:44.000000000,18.17491395683773
2026-03-01 00:38:05.000000000,10.438460908625675
2026-03-01 00:01:04.000000000,7.100310226989073
2026-03-01 00:43:49.000000000,81.99726085633358
2026-03-01 00:05:03.000000000,15.38533520778487
2026-03-01 00:34:55.000000000,12.809517521657657
2026-03-01 00:27:54.000000000,77.07342820620542
2026-03-01 00:18:28.000000000,12.222289342243837
2026-03-01 00:56:18.000000000,27.954038918399288
2026-03-01 00:02:02.000000000,17.453912703242313
2026-03-01 00:49:18.000000000,16.385068682244764
2026-03-01 00:59:53.000000000,13.860476064766893
2026-03-01 00:31:00.000000000,14.745827053473757
2026-03-01 00:00:08.000000000,84.37406803838833
2026-03-01 00:32:09.000000000,66.57335001387811
2026-03-01 00:29:25.000000000,8.515410285183457
2026-03-01 00:27:22.000000000,29.64261540480167
2026-03-01 00:13:06.000000000,39.90712977639775
2026-03-01 00:57:29.000000000,13.689758378152913
2026-03-01 00:45:18.000000000,5.536360874357825
2026-03-01 00:29:53.000000000,20.140392550267745
2026-03-01 00:26:03.000000000,17.379439801889045
2026-03-01 00:13:54.000000000,23.080091880362897
2026-03-01 00:01:03.000000000,52.79058743512606
2026-03-01 00:50:17.000000000,11.223958255308158
2026-03-01 00:35:16.000000000,82.33647956302494
2026-03-01 00:06:20.000000000,87.55875577343531
2026-03-01 00:33:38.000000000,71.93093656269977
2026-03-01 00:51:47.000000000,66.7451948941208
2026-03-01 00:55:48.000000000,10.718784569474558
2026-03-01 00:12:48.000000000,44.81628106371179
2026-03-01 01:10:22.000000000,10.129166045368152
2026-03-01 01:24:02.000000000,173.7643977869696
2026-03-01 01:10:52.000000000,29.007100306451445
2026-03-01 01:18:13.000000000,14.808090967501148
2026-03-01 01:15:10.000000000,20.438272482103567
2026-03-01 01:10:33.000000000,41.06848800206081
2026-03-01 01:10:27.000000000,9.51587102597642
2026-03-01 01:01:07.000000000,36.18436197914009
2026-03-01 01:45:39.000000000,26.848838020695208
2026-03-01 01:15:41.000000000,9.617544935526325
2026-03-01 01:50:39.000000000,17.818809488882483
2026-03-01 01:29:43.000000000,17.36188705834549
2026-03-01 01:25:54.000000000,9.23776635789049
2026-03-01 01:16:19.000000000,23.688023674944947
2026-03-01 01:30:24.000000000,46.79542245790166
2026-03-01 01:32:22.000000000,27.482486835604195
2026-03-01 01:01:10.000000000,26.3681808944643
2026-03-01 01:13:37.000000000,14.772096724246367
2026-03-01 01:04:12.000000000,14.828489892154609
2026-03-01 01:35:44.000000000,13.279945228756624
2026-03-01 01:48:21.000000000,5.430250628700714
2026-03-01 01:58:14.000000000,26.83714779767259
2026-03-01 01:40:21.000000000,49.3577859743795
2026-03-01 02:21:34.000000000,88.78519877869651
2026-03-01 02:39:24.000000000,63.83289228012997
2026-03-01 02:01:29.000000000,41.25476303377571
2026-03-01 02:07:02.000000000,25.261506585362653
2026-03-01 02:29:12.000000000,37.50017230094012
2026-03-01 02:19:23.000000000,51.82666425892199
2026-03-01 02:11:38.000000000,25.477180022948314
2026-03-01 02:39:50.000000000,12.630359263044262
2026-03-01 02:05:26.000000000,8.988487969402858
2026-03-01 02:13:51.000000000,12.767693639361884
2026-03-01 02:06:47.000000000,15.78013448754594
2026-03-01 02:32:26.000000000,14.142642490396163
2026-03-01 02:34:29.000000000,20.317979080324488
2026-03-01 02:09:44.000000000,29.950778691461476
2026-03-01 02:31:48.000000000,37.26886079579097
2026-03-01 03:20:59.000000000,48.94029001416127
2026-03-01 03:53:53.000000000,17.173820415340384
2026-03-01 03:23:31.000000000,17.15455381179913
2026-03-01 03:06:48.000000000,9.088056326695977
2026-03-01 03:05:16.000000000,19.39271118632701
2026-03-01 03:17:19.000000000,28.004488374058894
2026-03-01 03:28:15.000000000,19.184430934423737
2026-03-01 03:12:04.000000000,72.37581964939561
2026-03-01 03:34:27.000000000,7.946583806819521
2026-03-01 03:44:14.000000000,87.41158748076515
2026-03-01 03:46:42.000000000,20.203381786062483
2026-03-01 03:07:58.000000000,15.55373802048937
2026-03-01 03:00:15.000000000,17.953906790454166
2026-03-01 03:13:54.000000000,30.535836070618867
2026-03-01 03:16:06.000000000,21.666694558413855
2026-03-01 03:33:03.000000000,55.74242139908596
2026-03-01 04:57:36.000000000,33.31147483327234
2026-03-01 04:18:34.000000000,54.12541152532153
2026-03-01 04:08:18.000000000,26.81508403249641
2026-03-01 04:40:15.000000000,38.77643590894424
2026-03-01 04:42:06.000000000,40.43117242800255
2026-03-01 04:53:26.000000000,18.470659614053258
2026-03-01 04:02:57.000000000,39.57925857673941
2026-03-01 04:01:43.000000000,44.7906228090878
2026-03-01 04:49:48.000000000,40.71414172051836
2026-03-01 05:11:13.000000000,49.48316622416766
2026-03-01 05:10:11.000000000,61.37251043155076
2026-03-01 06:04:53.000000000,16.05561536659989
2026-03-01 06:28:36.000000000,28.194276298136582
2026-03-01 06:00:06.000000000,16.05347716711217
2026-03-01 06:03:12.000000000,10.168710490550975
2026-03-01 06:13:49.000000000,24.657872921020523
2026-03-01 06:00:55.000000000,22.300193909319713
2026-03-01 06:43:00.000000000,11.811177195953164
2026-03-01 06:53:59.000000000,63.852038295299856
2026-03-01 07:38:51.000000000,19.922532568780593
2026-03-01 07:31:13.000000000,13.89916495051386
2026-03-01 07:49:02.000000000,6.907452004451489
2026-03-01 07:52:43.000000000,20.268633812095413
2026-03-01 07:15:31.000000000,13.461091109248756
2026-03-01 07:46:07.000000000,21.431165046995613
2026-03-01 07:44:34.000000000,15.460073940195933
2026-03-01 08:44:41.000000000,9.666592397260999
2026-03-01 08:31:09.000000000,46.769762287828534
2026-03-01 08:30:48.000000000,8.16470416355428
2026-03-01 08:59:18.000000000,12.015514011285745
2026-03-01 08:14:47.000000000,41.256099375148416
2026-03-01 08:00:19.000000000,50.70545636955957
2026-03-01 08:32:58.000000000,8.81249216996764
2026-03-01 08:06:14.000000000,18.53836489291996
2026-03-01 08:13:35.000000000,25.40044616774581
2026-03-01 08:46:29.000000000,13.41070816644108
2026-03-01 08:04:10.000000000,8.952419859952283
2026-03-01 08:27:56.000000000,7.410658900214591
2026-03-01 09:31:05.000000000,39.805489361892846
2026-03-01 09:43:24.000000000,17.045073547651857
2026-03-01 09:51:47.000000000,38.414548196118695
2026-03-01 09:46:40.000000000,39.62703938020533
2026-03-01 09:52:13.000000000,19.01047918537982
2026-03-01 09:19:13.000000000,13.310026127544614
2026-03-01 09:50:36.000000000,11.11833420022646
2026-03-01 09:04:37.000000000,7.899453252166375
2026-03-01 09:09:29.000000000,46.005387439753044
2026-03-01 10:00:46.000000000,8.037239070557852
2026-03-01 10:15:22.000000000,12.173098323112399
2026-03-01 10:26:25.000000000,12.481328355133673
2026-03-01 10:27:16.000000000,17.231675441846765
2026-03-01 10:12:50.000000000,66.06418360337565
2026-03-01 10:33:55.000000000,43.67214614327347
2026-03-01 10:02:31.000000000,10.901234083402095
2026-03-01 10:39:04.000000000,20.416096157055375
2026-03-01 10:35:27.000000000,36.00002935132044
2026-03-01 10:16:11.000000000,67.77310046796742
2026-03-01 10:55:11.000000000,6.771349533043747
2026-03-01 10:44:01.000000000,20.333483016420736
2026-03-01 10:06:03.000000000,26.45412023319826
2026-03-01 10:51:02.000000000,36.0045674238882
2026-03-01 10:53:07.000000000,31.89278829643928
2026-03-01 10:22:49.000000000,47.07706886303534
2026-03-01 10:54:40.000000000,11.421399030829413
2026-03-01 10:13:02.000000000,78.95775552332753
2026-03-01 10:33:29.000000000,33.125465729698156
2026-03-01 10:43:59.000000000,33.81626167525991
2026-03-01 11:43:33.000000000,24.730949163391838
2026-03-01 11:33:57.000000000,18.626679255721942
2026-03-01 11:12:51.000000000,13.2556717479235
2026-03-01 11:48:46.000000000,20.08085329648765
2026-03-01 11:51:17.000000000,31.77306665459219
2026-03-01 11:13:35.000000000,27.23789477715501
2026-03-01 11:08:13.000000000,15.869264304531121
2026-03-01 11:32:39.000000000,8.196887087709335
2026-03-01 11:45:27.000000000,10.792566405053435
2026-03-01 11:28:56.000000000,36.27166801439056
2026-03-01 11:08:29.000000000,22.473138789931138
2026-03-01 11:16:24.000000000,66.67612438566427
2026-03-01 11:52:12.000000000,28.81392022932692
2026-03-01 11:05:23.000000000,32.69346420939283
2026-03-01 11:56:22.000000000,25.92689318693991
2026-03-01 12:31:49.000000000,13.024244425474368
2026-03-01 12:37:49.000000000,45.69475837370336
2026-03-01 12:15:47.000000000,13.014842849739267
2026-03-01 12:08:46.000000000,10.895468089720335
2026-03-01 12:34:29.000000000,24.743000300585106
2026-03-01 12:42:28.000000000,14.708358956557642
2026-03-01 12:20:35.000000000,57.906693723181384
2026-03-01 12:55:10.000000000,6.878640361435059
2026-03-01 12:52:47.000000000,19.18772738835767
2026-03-01 12:48:45.000000000,9.982270602503824
2026-03-01 12:57:04.000000000,16.558853970827986
2026-03-01 12:10:59.000000000,17.062915993709954
2026-03-01 12:51:44.000000000,9.423742523535541
2026-03-01 12:11:25.000000000,10.882026736044192
2026-03-01 12:31:11.000000000,25.353966789811526
2026-03-01 12:21:47.000000000,37.90899131112174
2026-03-01 12:55:15.000000000,15.76609139617591
2026-03-01 12:38:50.000000000,30.88670246524519
2026-03-01 12:23:00.000000000,15.976168242438973
2026-03-01 12:51:11.000000000,19.926358427629292
2026-03-01 12:56:48.000000000,18.080117017810405
2026-03-01 13:36:56.000000000,11.461051633329436
2026-03-01 13:14:34.000000000,5.595440920644453
2026-03-01 13:14:07.000000000,10.142589163753328
2026-03-01 13:13:42.000000000,22.45202859534251
2026-03-01 13:12:55.000000000,34.751081100318096
2026-03-01 13:18:37.000000000,7.845263935758101
2026-03-01 13:01:15.000000000,26.657086238410347
2026-03-01 13:18:06.000000000,6.135511765418703
2026-03-01 13:52:07.000000000,22.444368715651695
2026-03-01 13:14:32.000000000,46.953378305319056
2026-03-01 13:48:28.000000000,8.532323034790835
2026-03-01 13:38:45.000000000,23.305756546093026
2026-03-01 13:52:02.000000000,17.925585744596656
2026-03-01 14:56:50.000000000,23.274402820380843
2026-03-01 14:13:20.000000000,12.302049807947714
2026-03-01 14:38:00.000000000,23.052452970342674
2026-03-01 14:50:50.000000000,15.697448514961053
2026-03-01 14:02:58.000000000,8.489741560018892
2026-03-01 14:51:48.000000000,14.385243373270587
2026-03-01 14:37:44.000000000,26.501462756687385
2026-03-01 14:26:58.000000000,10.75290769900516
2026-03-01 14:12:51.000000000,13.653542840603958
2026-03-01 14:27:16.000000000,20.54519004310298
2026-03-01 14:34:04.000000000,9.63042417769789
2026-03-01 14:40:05.000000000,8.812488600966915
2026-03-01 14:40:07.000000000,13.475001034378458
2026-03-01 14:45:04.000000000,59.856254289601786
2026-03-01 14:38:49.000000000,25.789967843299852
2026-03-01 14:59:24.000000000,46.99262764454492
2026-03-01 14:07:00.000000000,10.11278396633142
2026-03-01 14:34:34.000000000,18.176837638948317
2026-03-01 15:33:57.000000000,38.461410613803075
2026-03-01 15:25:47.000000000,20.34814663746239
2026-03-01 15:34:17.000000000,9.138770220450382
2026-03-01 15:45:39.000000000,44.11749517456467
2026-03-01 15:34:32.000000000,19.611632725257362
2026-03-01 15:52:54.000000000,54.89211834512718
2026-03-01 15:01:01.000000000,18.820759490350763
2026-03-01 15:03:46.000000000,24.00981991507278
2026-03-01 15:28:00.000000000,13.003563914319823
2026-03-01 15:39:10.000000000,34.30337386279785
2026-03-01 15:44:15.000000000,14.929917782342244
2026-03-01 15:51:24.000000000,128.1888107581772
2026-03-01 15:07:36.000000000,11.635019167635946
2026-03-01 15:16:52.000000000,64.37655922028388
2026-03-01 15:00:12.000000000,16.31164843314498
2026-03-01 15:45:41.000000000,34.03498288807139
2026-03-01 15:14:48.000000000,54.34734971975631
2026-03-01 15:23:10.000000000,39.77805658187135
2026-03-01 16:16:55.000000000,33.793029695868924
2026-03-01 16:06:55.000000000,14.692662623233755
2026-03-01 16:44:10.000000000,31.42042549191738
2026-03-01 16:20:19.000000000,16.915512385842238
2026-03-01 16:28:17.000000000,22.730056561768368
2026-03-01 16:36:38.000000000,20.232626886768987
2026-03-01 16:14:31.000000000,12.850612117808847
2026-03-01 16:16:07.000000000,9.14623578330005
2026-03-01 16:10:38.000000000,18.48447802792005
2026-03-01 16:44:09.000000000,29.11763906439455
2026-03-01 16:55:11.000000000,12.3624023864819
2026-03-01 16:35:27.000000000,48.38720755412222
2026-03-01 16:56:43.000000000,8.193466477798431
2026-03-01 16:58:57.000000000,101.14654451604999
2026-03-01 17:22:39.000000000,10.56558067700642
2026-03-01 17:18:27.000000000,20.17212767773415
2026-03-01 17:59:00.000000000,14.165940128973254
2026-03-01 17:18:21.000000000,14.351953133981162
2026-03-01 17:09:30.000000000,25.676316971765413
2026-03-01 17:01:29.000000000,17.340814044101005
2026-03-01 17:37:04.000000000,52.453683266738395
2026-03-01 17:34:31.000000000,10.060928884858093
2026-03-01 17:54:51.000000000,49.40395483530728
2026-03-01 17:32:18.000000000,15.636189675542536
2026-03-01 17:45:45.000000000,19.391287463975587
2026-03-01 17:00:09.000000000,15.186383386074684
2026-03-01 17:43:07.000000000,11.791355674799998
2026-03-01 17:09:36.000000000,22.805890632373558
2026-03-01 17:01:43.000000000,36.1153711867538
2026-03-01 17:09:36.000000000,26.460171978144533
2026-03-01 17:55:50.000000000,7.533864234433014
2026-03-01 17:54:09.000000000,20.894717834977143
2026-03-01 17:02:30.000000000,7.265798125799806
2026-03-01 18:29:46.000000000,19.138177546164837
2026-03-01 18:18:35.000000000,7.6275711122252385
2026-03-01 18:16:31.000000000,38.62552913398152
2026-03-01 18:19:42.000000000,42.97557345807568
2026-03-01 18:05:12.000000000,10.433996606678473
2026-03-01 18:12:29.000000000,15.307432610828833
2026-03-01 18:06:06.000000000,39.31108298127249
2026-03-01 18:12:21.000000000,32.881122394035934
2026-03-01 18:28:02.000000000,32.691788427156524
2026-03-01 18:50:24.000000000,20.786576293654417
2026-03-01 18:32:39.000000000,41.72810316282707
2026-03-01 18:04:30.000000000,29.09291761060003
2026-03-01 18:50:23.000000000,16.652796767321306
2026-03-01 18:25:02.000000000,30.562375188508273
2026-03-01 19:52:14.000000000,77.85752149442018
2026-03-01 19:52:01.000000000,9.62159267781503
2026-03-01 19:12:56.000000000,49.53077158092748
2026-03-01 19:25:02.000000000,82.50981999440681
2026-03-01 19:22:59.000000000,19.00145784171656
2026-03-01 19:11:22.000000000,38.7767816332051
2026-03-01 19:42:09.000000000,9.231212374527829
2026-03-01 19:52:01.000000000,90.64589169071778
2026-03-01 19:48:08.000000000,185.0606007092086
2026-03-01 19:17:53.000000000,12.633440646038963
2026-03-01 19:56:13.000000000,11.540786466758835
2026-03-01 19:24:48.000000000,13.907524644224345
2026-03-01 19:56:17.000000000,39.78250388895848
2026-03-01 19:35:53.000000000,25.814377239987007
2026-03-01 19:27:55.000000000,8.595215385364256
2026-03-01 19:01:31.000000000,9.622012233411262
2026-03-01 19:26:17.000000000,9.815967691004921
2026-03-01 19:30:46.000000000,26.195040536142468
2026-03-01 19:03:13.000000000,75.38641039879163
2026-03-01 19:29:48.000000000,6.219957530647234
2026-03-01 19:12:09.000000000,15.777088880699537
2026-03-01 19:02:57.000000000,16.504337589279213
2026-03-01 19:21:13.000000000,12.824950998667372
2026-03-01 19:52:38.000000000,11.096084265520066
2026-03-01 20:42:22.000000000,12.747021127946088
2026-03-01 20:54:15.000000000,16.601392507069672
2026-03-01 20:23:25.000000000,37.86499218289206
2026-03-01 20:03:25.000000000,22.81919017467873
2026-03-01 20:00:55.000000000,46.14616201454059
2026-03-01 20:02:39.000000000,29.551100826362163
2026-03-01 20:35:50.000000000,32.36815507165289
2026-03-01 20:33:12.000000000,15.069197262173521
2026-03-01 20:45:45.000000000,42.18541027964008
2026-03-01 20:56:58.000000000,10.25101797066193
2026-03-01 20:58:38.000000000,12.12076829901612
2026-03-01 20:06:21.000000000,10.075805879502834
2026-03-01 20:05:56.000000000,17.036874665792862
2026-03-01 20:11:59.000000000,21.27218759711926
2026-03-01 20:40:21.000000000,21.41277901435323
2026-03-01 20:02:31.000000000,22.987370816830985
2026-03-01 20:56:55.000000000,8.1280930048521
2026-03-01 21:24:24.000000000,38.523415797858846
2026-03-01 21:19:54.000000000,36.009469995182606
2026-03-01 21:19:54.000000000,7.1769677463373505
2026-03-01 21:53:29.000000000,18.60636403359737
2026-03-01 21:12:06.000000000,13.103429849695615
2026-03-01 21:19:57.000000000,16.509628395184894
2026-03-01 21:44:00.000000000,42.54537475748361
2026-03-01 21:07:33.000000000,30.208758021671844
2026-03-01 21:55:20.000000000,45.34984939858412
2026-03-01 21:15:13.000000000,6.253394744071619
2026-03-01 21:35:49.000000000,99.25277405620669
2026-03-01 21:48:18.000000000,11.330428858106774
2026-03-01 21:15:03.000000000,30.74999767486198
2026-03-01 22:37:28.000000000,23.88710667411951
2026-03-01 22:44:50.000000000,8.659933861435157
2026-03-01 22:35:52.000000000,7.491189482666126
2026-03-01 22:24:04.000000000,8.676371654705552
2026-03-01 22:41:40.000000000,26.360225929210568
2026-03-01 22:07:16.000000000,7.172536564049414
2026-03-01 22:22:01.000000000,5.074153052213649
2026-03-01 23:33:44.000000000,56.61955741112367
2026-03-01 23:35:56.000000000,11.479642708815906
2026-03-01 23:26:11.000000000,20.922793059102172
2026-03-01 23:41:25.000000000,18.103883276182476
2026-03-01 23:33:23.000000000,58.19720613536435
2026-03-01 23:56:13.000000000,23.932350176780464
2026-03-01 23:51:14.000000000,11.097618202497724
2026-03-01 23:19:29.000000000,9.371556416598445
2026-03-01 23:19:05.000000000,38.044180268147706
2026-03-01 23:21:50.000000000,19.09297129323843
2026-03-01 23:56:34.000000000,20.915987894133
2026-03-02 00:11:29.000000000,30.847626576511328
2026-03-02 00:34:18.000000000,37.43547159326948
2026-03-02 00:39:42.000000000,12.570131769355367
2026-03-02 00:15:29.000000000,21.08219033539932
2026-03-02 00:57:48.000000000,28.758974923689113
2026-03-02 00:32:34.000000000,9.223223182666818
2026-03-02 01:06:07.000000000,12.110909111356126
2026-03-02 01:39:04.000000000,1.0104226187649752
2026-03-02 01:59:33.000000000,18.3996857394805
2026-03-02 02:57:56.000000000,25.968916826048595
2026-03-02 02:20:49.000000000,37.47176482196089
2026-03-02 02:31:46.000000000,12.546189434798677
2026-03-02 02:32:24.000000000,62.60903393485541
2026-03-02 03:06:18.000000000,13.20978396410791
2026-03-02 03:07:21.000000000,40.562774421329046
2026-03-02 03:15:58.000000000,12.704263678626418
2026-03-02 03:35:27.000000000,17.13645682469073
2026-03-02 03:39:41.000000000,24.794790907057855
2026-03-02 04:57:41.000000000,17.329382725164347
2026-03-02 04:45:05.000000000,64.55837873076833
2026-03-02 05:57:47.000000000,15.705436218895855
2026-03-02 05:50:43.000000000,17.111149249205727
2026-03-02 05:42:29.000000000,15.400571926570507
2026-03-02 05:25:34.000000000,8.286908540730927
2026-03-02 05:59:07.000000000,60.62080284762631
2026-03-02 05:14:45.000000000,5.3729526089119455
2026-03-02 06:40:33.000000000,8.213758675425382
2026-03-02 06:44:22.000000000,31.69343824990784
2026-03-02 06:31:55.000000000,23.315525464641535
2026-03-02 06:10:41.000000000,79.97983114899664
2026-03-02 06:31:06.000000000,54.02449723368003
2026-03-02 06:02:41.000000000,89.38462207751601
2026-03-02 06:39:30.000000000,14.004877122476707
2026-03-02 06:23:28.000000000,20.592961014552063
2026-03-02 06:50:33.000000000,27.651955621834855
2026-03-02 06:34:06.000000000,20.925175839857044
2026-03-02 07:30:35.000000000,19.410408964291168
2026-03-02 07:58:12.000000000,9.313901693654206
2026-03-02 07:09:54.000000000,29.684507398568723
2026-03-02 07:39:11.000000000,21.307795211094454
2026-03-02 07:58:29.000000000,20.67101139128471
2026-03-02 07:45:00.000000000,44.93322317698624
2026-03-02 07:12:48.000000000,14.6820412400521
2026-03-02 07:11:47.000000000,23.828929215264967
2026-03-02 07:49:27.000000000,21.499872947105015
2026-03-02 07:51:12.000000000,15.45681636424235
2026-03-02 07:18:08.000000000,49.088736067942044
2026-03-02 07:34:16.000000000,14.118359649897503
2026-03-02 08:42:37.000000000,57.219210785820366
2026-03-02 08:18:04.000000000,14.151745668059142
2026-03-02 08:48:36.000000000,29.52842418437196
2026-03-02 08:07:19.000000000,15.809925158119
2026-03-02 08:28:47.000000000,16.013221694888642
2026-03-02 08:49:49.000000000,7.180511989416229
2026-03-02 08:06:26.000000000,20.88439232125336
2026-03-02 08:17:02.000000000,35.624258595304816
2026-03-02 08:17:38.000000000,11.71643041233229
2026-03-02 08:15:42.000000000,20.19296333690004
2026-03-02 08:52:26.000000000,26.91002522977254
2026-03-02 08:28:22.000000000,19.652827299549106
2026-03-02 08:59:15.000000000,8.903866455842952
2026-03-02 08:07:44.000000000,18.354464556847812
2026-03-02 08:44:52.000000000,51.80028618140518
2026-03-02 08:56:05.000000000,15.015273648694706
2026-03-02 08:15:13.000000000,30.8543623071069
2026-03-02 08:02:21.000000000,27.84515498969071
2026-03-02 08:05:37.000000000,42.043334379200616
2026-03-02 08:02:05.000000000,40.50001623741836
2026-03-02 09:17:22.000000000,12.896438079999815
2026-03-02 09:57:59.000000000,7.789013034959101
2026-03-02 09:48:41.000000000,12.718434292855537
2026-03-02 09:39:41.000000000,7.73923259970333
2026-03-02 09:33:19.000000000,15.997312779004005
2026-03-02 09:20:45.000000000,15.453210834939554
2026-03-02 09:41:35.000000000,10.448760230087967
2026-03-02 09:33:53.000000000,11.477327061906976
2026-03-02 09:22:41.000000000,9.265403206173865
2026-03-02 09:11:27.000000000,47.18790774454312
2026-03-02 09:53:23.000000000,20.207392843326236
2026-03-02 09:47:01.000000000,14.561888871191915
2026-03-02 09:10:35.000000000,43.82444671684447
2026-03-02 09:35:21.000000000,28.44895008701378
2026-03-02 09:45:10.000000000,13.661699639398545
2026-03-02 09:11:40.000000000,82.66612244983352
2026-03-02 09:49:57.000000000,11.191471483567991
2026-03-02 09:48:47.000000000,44.40667329205433
2026-03-02 09:35:11.000000000,14.219468357256854
2026-03-02 09:53:12.000000000,21.403063734786645
2026-03-02 09:15:43.000000000,13.141984859947144
2026-03-02 09:31:10.000000000,38.580516497268604
2026-03-02 10:21:36.000000000,9.585472154637529
2026-03-02 10:35:07.000000000,30.53354590591069
2026-03-02 10:23:00.000000000,31.012473722532494
2026-03-02 10:02:52.000000000,20.054811497212963
2026-03-02 10:56:26.000000000,12.794750649478235
2026-03-02 10:57:13.000000000,6.215412541568448
2026-03-02 10:05:41.000000000,26.083209093160878
2026-03-02 10:22:19.000000000,19.589264499935144
2026-03-02 10:38:40.000000000,9.330510588192226
2026-03-02 10:24:02.000000000,14.86674499707194
2026-03-02 10:30:14.000000000,53.558058753813846
2026-03-02 10:56:51.000000000,8.776285182226573
2026-03-02 10:24:17.000000000,19.61700607381678
2026-03-02 10:50:04.000000000,15.255377233872128
2026-03-02 10:07:53.000000000,18.766254324159068
2026-03-02 10:47:32.000000000,22.698909558139167
2026-03-02 10:05:01.000000000,26.08735741612431
2026-03-02 10:01:54.000000000,16.035135742460458
2026-03-02 10:23:26.000000000,32.91293769000725
2026-03-02 11:54:10.000000000,103.12250909808613
2026-03-02 11:24:47.000000000,20.700578254004075
2026-03-02 11:51:29.000000000,6.357576826587479
2026-03-02 11:09:59.000000000,31.15205162845631
2026-03-02 11:44:58.000000000,10.674935409554877
2026-03-02 11:39:50.000000000,5.056498729260744
2026-03-02 11:35:41.000000000,62.252725077358924
2026-03-02 11:17:14.000000000,14.095148929073577
2026-03-02 11:40:19.000000000,33.62504251613788
2026-03-02 12:17:37.000000000,12.809100474613377
2026-03-02 12:13:09.000000000,11.050642573848435
2026-03-02 12:11:20.000000000,28.833476372592617
2026-03-02 12:37:45.000000000,24.02023731135375
2026-03-02 12:41:54.000000000,30.208435542765077
2026-03-02 12:13:46.000000000,5.4019722797284935
2026-03-02 12:51:28.000000000,94.71730285257203
2026-03-02 12:56:55.000000000,25.940284056292402
2026-03-02 12:55:33.000000000,22.1500802087136
2026-03-02 12:19:32.000000000,44.271883501792466
2026-03-02 12:26:57.000000000,15.341714095291891
2026-03-02 12:33:49.000000000,68.79741062910854
2026-03-02 12:05:59.000000000,23.143920629656893
2026-03-02 12:06:05.000000000,22.13287612531673
2026-03-02 13:21:02.000000000,20.83354585523953
2026-03-02 13:22:46.000000000,18.344429617893812
2026-03-02 13:45:47.000000000,37.91785548936034
2026-03-02 13:24:08.000000000,68.79916808293997
2026-03-02 13:17:22.000000000,13.840795440982948
2026-03-02 13:08:50.000000000,31.08477128008907
2026-03-02 13:50:46.000000000,21.530659670461713
2026-03-02 13:32:07.000000000,31.263020808210236
2026-03-02 13:20:13.000000000,31.626569328844905
2026-03-02 13:00:25.000000000,61.81179688818116
2026-03-02 13:29:28.000000000,16.276134691654942
2026-03-02 13:31:53.000000000,46.86759015927995
2026-03-02 14:02:29.000000000,23.00653127059316
2026-03-02 14:17:48.000000000,15.122769161661317
2026-03-02 14:56:50.000000000,28.60836668397862
2026-03-02 14:12:31.000000000,94.27166119334336
2026-03-02 14:37:08.000000000,8.77072013786934
2026-03-02 14:45:43.000000000,43.23337741726209
2026-03-02 14:54:22.000000000,28.274339637012343
2026-03-02 14:51:19.000000000,10.189847360974447
2026-03-02 15:38:15.000000000,10.054663457402544
2026-03-02 15:59:12.000000000,11.649034199260477
2026-03-02 15:36:25.000000000,10.091803097819973
2026-03-02 15:09:09.000000000,31.762235315100046
2026-03-02 15:18:19.000000000,12.504027717546567
2026-03-02 15:46:27.000000000,12.425221799217038
2026-03-02 15:24:14.000000000,12.81384411238125
2026-03-02 15:40:02.000000000,16.074713631678662
2026-03-02 15:39:17.000000000,13.271478353490547
2026-03-02 15:15:34.000000000,23.164508342644435
2026-03-02 15:12:50.000000000,7.857561736060937
2026-03-02 15:36:36.000000000,32.830801695158456
2026-03-02 15:05:11.000000000,37.95242045941408
2026-03-02 15:35:49.000000000,11.842117820376487
2026-03-02 15:30:36.000000000,9.234947795592475
2026-03-02 15:11:25.000000000,77.87194987785774
2026-03-02 16:05:28.000000000,9.950266670926528
2026-03-02 16:28:29.000000000,51.2643666638735
2026-03-02 16:12:01.000000000,25.492731561366636
2026-03-02 16:51:04.000000000,12.239876867390517
2026-03-02 16:43:34.000000000,37.12489901804721
2026-03-02 16:02:22.000000000,17.856708443934796
2026-03-02 16:44:25.000000000,22.953466421024114
2026-03-02 16:31:08.000000000,33.20810095864092
2026-03-02 16:49:09.000000000,56.41561189100556
2026-03-02 16:20:32.000000000,11.719832110536604
2026-03-02 16:17:59.000000000,14.052355995627686
2026-03-02 16:36:09.000000000,12.736612659742423
2026-03-02 16:39:27.000000000,32.10076246090623
2026-03-02 16:12:00.000000000,14.311198073313633
2026-03-02 16:16:22.000000000,32.41146139018542
2026-03-02 16:45:03.000000000,15.897492629087836
2026-03-02 16:11:37.000000000,13.85619310637944
2026-03-02 16:38:00.000000000,9.984963556966015
2026-03-02 16:16:30.000000000,67.95836178101246
2026-03-02 16:41:03.000000000,10.203099630249024
2026-03-02 17:06:37.000000000,16.57443858152384
2026-03-02 17:31:21.000000000,8.935284922659896
2026-03-02 17:25:33.000000000,26.16956751393494
2026-03-02 17:49:50.000000000,14.194486628744219
2026-03-02 17:03:35.000000000,16.94458994640504
2026-03-02 17:04:01.000000000,53.30800473659121
2026-03-02 17:48:16.000000000,12.864712819788846
2026-03-02 17:58:49.000000000,12.80868200402018
2026-03-02 17:15:04.000000000,52.789665198945094
2026-03-02 18:12:45.000000000,9.07483788346174
2026-03-02 18:09:49.000000000,30.760224849960533
2026-03-02 18:41:38.000000000,9.346181024394102
2026-03-02 18:29:25.000000000,12.665888867269391
2026-03-02 18:22:52.000000000,10.095530907888381
2026-03-02 18:36:31.000000000,48.348715071574496
2026-03-02 18:47:20.000000000,21.67104231082345
2026-03-02 18:40:48.000000000,4.454662004525726
2026-03-02 18:28:17.000000000,7.383151088733673
2026-03-02 18:45:37.000000000,11.208711014180032
2026-03-02 18:48:34.000000000,7.894109149303514
2026-03-02 18:53:59.000000000,19.2546067217743
2026-03-02 18:00:23.000000000,45.88753090817108
2026-03-02 18:32:25.000000000,14.628210399140901
2026-03-02 18:51:47.000000000,19.90232802120943
2026-03-02 18:17:26.000000000,17.242538076152673
2026-03-02 19:02:25.000000000,61.11139843540172
2026-03-02 19:19:56.000000000,13.575783364745853
2026-03-02 19:27:18.000000000,111.07155148502387
2026-03-02 19:14:55.000000000,30.077177082972167
2026-03-02 19:09:54.000000000,23.314171129754204
2026-03-02 19:03:50.000000000,31.535805515081595
2026-03-02 19:29:34.000000000,22.731896495818685
2026-03-02 19:05:02.000000000,67.47031101557805
2026-03-02 19:10:58.000000000,58.3689718847187
2026-03-02 19:32:02.000000000,6.568041001058306
2026-03-02 20:48:24.000000000,19.78268472043646
2026-03-02 20:22:47.000000000,11.246852366589152
2026-03-02 20:30:57.000000000,9.835263425784518
2026-03-02 20:04:44.000000000,177.36558103714984
2026-03-02 20:53:52.000000000,38.626455442737715
2026-03-02 20:10:18.000000000,62.799882958240126
2026-03-02 20:09:30.000000000,29.063663683665578
2026-03-02 20:53:34.000000000,13.919893961600557
2026-03-02 20:16:58.000000000,51.35066004327896
2026-03-02 20:33:47.000000000,29.88817220931872
2026-03-02 20:50:09.000000000,16.45850173417838
2026-03-02 20:56:56.000000000,57.15157287060643
2026-03-02 20:11:53.000000000,16.4449778765888
2026-03-02 20:25:04.000000000,17.636034023977064
2026-03-02 20:00:15.000000000,5.178799270096416
2026-03-02 20:55:30.000000000,73.72139740849948
2026-03-02 20:36:38.000000000,9.522841674959817
2026-03-02 20:34:24.000000000,20.19512441369417
2026-03-02 20:51:38.000000000,44.03670366723504
2026-03-02 20:12:21.000000000,62.01450134262472
2026-03-02 21:01:26.000000000,15.845650916784255
2026-03-02 21:12:09.000000000,21.03240730147591
2026-03-02 21:16:21.000000000,23.56525804399703
2026-03-02 21:04:49.000000000,18.615358621258924
2026-03-02 21:18:25.000000000,15.678021451205087
2026-03-02 21:31:49.000000000,22.804781134312435
2026-03-02 21:49:54.000000000,7.937895782396279
2026-03-02 21:23:59.000000000,39.78741676110436
2026-03-02 21:25:12.000000000,8.456113803749563
2026-03-02 21:00:21.000000000,10.130592626826996
2026-03-02 21:58:42.000000000,27.463323658500347
2026-03-02 21:14:36.000000000,38.99247253261843
2026-03-02 21:31:37.000000000,16.18839186645797
2026-03-02 22:16:10.000000000,17.876968092673497
2026-03-02 22:26:44.000000000,19.26675368244901
2026-03-02 22:46:14.000000000,47.21335086232836
2026-03-02 22:20:12.000000000,14.747376641685566
2026-03-02 22:03:27.000000000,13.207244099700318
2026-03-02 22:23:30.000000000,32.753338013702724
2026-03-02 22:06:47.000000000,8.44225518302666
2026-03-02 22:29:32.000000000,9.779142595537536
2026-03-02 22:33:18.000000000,13.920374780051596
2026-03-02 22:31:51.000000000,21.060229113781187
2026-03-02 22:12:55.000000000,8.768038825316335
2026-03-02 22:52:55.000000000,19.026740632075906
2026-03-02 22:03:55.000000000,37.9776198623525
2026-03-02 22:54:20.000000000,16.395711416497004
2026-03-02 22:22:06.000000000,221.72156052165116
2026-03-02 22:55:35.000000000,37.05553009869465
2026-03-02 22:15:17.000000000,31.257698018220335
2026-03-02 23:51:43.000000000,11.682473349251026
2026-03-02 23:16:00.000000000,72.8000993525394
2026-03-02 23:56:38.000000000,16.5529829966701
2026-03-02 23:17:36.000000000,14.86717600485052
2026-03-02 23:06:27.000000000,14.633927899942183
2026-03-02 23:35:15.000000000,24.285091778192484
2026-03-02 23:02:10.000000000,17.410151029557408
2026-03-02 23:28:16.000000000,20.51542891004125
2026-03-03 00:06:12.000000000,17.987256386281683
2026-03-03 00:51:32.000000000,15.424828611788385
2026-03-03 00:52:21.000000000,27.710927170128695
2026-03-03 00:31:45.000000000,8.762256017977158
2026-03-03 00:01:31.000000000,14.643175778377703
2026-03-03 00:29:37.000000000,4.631544046533669
2026-03-03 01:45:29.000000000,28.604865522889984
2026-03-03 01:02:35.000000000,16.868692115997145
2026-03-03 01:29:47.000000000,30.477595676661675
2026-03-03 01:47:37.000000000,17.022887168844893
2026-03-03 01:35:12.000000000,30.27821999109376
2026-03-03 01:27:57.000000000,14.509896700145003
2026-03-03 02:08:50.000000000,24.376234256545214
2026-03-03 02:33:35.000000000,55.24099361791294
2026-03-03 03:22:55.000000000,37.54434255846444
2026-03-03 03:00:12.000000000,29.121093553033415
2026-03-03 04:49:51.000000000,10.724366418144474
2026-03-03 04:20:27.000000000,70.26631997026789
2026-03-03 04:02:11.000000000,38.12860734268853
2026-03-03 05:28:17.000000000,44.0319095879995
2026-03-03 05:18:36.000000000,14.499223107986253
2026-03-03 05:21:56.000000000,26.7040934206053
2026-03-03 06:44:56.000000000,15.228734323959042
2026-03-03 06:26:42.000000000,8.481080936459986
2026-03-03 06:51:48.000000000,8.400176136194503
2026-03-03 06:27:41.000000000,15.167897868407824
2026-03-03 06:09:35.000000000,46.45775493485156
2026-03-03 06:39:03.000000000,19.169586837923536
2026-03-03 06:07:34.000000000,98.38968661697152
2026-03-03 06:13:48.000000000,27.649160203429375
2026-03-03 06:27:27.000000000,102.97185851808052
2026-03-03 06:44:35.000000000,8.925142244196646
2026-03-03 07:37:26.000000000,22.840620970159232
2026-03-03 07:06:49.000000000,13.428074764140408
2026-03-03 07:26:17.000000000,14.053714067612074
2026-03-03 07:40:50.000000000,24.276424271186418
2026-03-03 07:06:50.000000000,36.31222687126817
2026-03-03 07:12:19.000000000,10.560849484803477
2026-03-03 07:54:48.000000000,18.54474318242085
2026-03-03 07:36:20.000000000,44.244809487758594
2026-03-03 07:54:01.000000000,16.43102616096061
2026-03-03 07:35:10.000000000,7.950776057665646
2026-03-03 07:10:17.000000000,13.432356164530486
2026-03-03 07:53:56.000000000,67.54289277914256
2026-03-03 07:35:18.000000000,11.793039849074415
2026-03-03 07:34:57.000000000,27.752088413466875
2026-03-03 07:11:47.000000000,40.212886594499516
2026-03-03 07:08:40.000000000,22.930289499560455
2026-03-03 07:46:26.000000000,12.650307164326435
2026-03-03 07:03:52.000000000,23.222920110703914
2026-03-03 07:24:44.000000000,43.71289437325258
2026-03-03 07:46:14.000000000,30.172522336473666
2026-03-03 07:38:30.000000000,10.997701356568317
2026-03-03 08:36:10.000000000,16.684099962117475
2026-03-03 08:33:55.000000000,25.49357323943475
2026-03-03 08:32:31.000000000,6.811812490961616
2026-03-03 08:57:02.000000000,18.21317852561567
2026-03-03 08:40:14.000000000,5.545362721939096
2026-03-03 08:40:15.000000000,32.469424310527614
2026-03-03 08:59:11.000000000,40.683773301550154
2026-03-03 08:37:57.000000000,37.938134091861606
2026-03-03 08:23:00.000000000,34.57640935188795
2026-03-03 08:09:51.000000000,19.680937944821665
2026-03-03 08:20:38.000000000,22.073143895555226
2026-03-03 08:17:34.000000000,23.063094799495293
2026-03-03 08:50:32.000000000,12.515757534151966
2026-03-03 08:34:21.000000000,4.527256480993742
2026-03-03 08:41:25.000000000,15.926154407618014
2026-03-03 08:20:41.000000000,12.705633884806016
2026-03-03 09:43:08.000000000,13.215780535720135
2026-03-03 09:49:38.000000000,10.579956214463959
2026-03-03 09:41:27.000000000,30.109386012033138
2026-03-03 09:51:50.000000000,18.036032295144718
2026-03-03 09:16:55.000000000,33.01088247292721
2026-03-03 09:07:34.000000000,22.566462258407707
2026-03-03 09:23:32.000000000,11.486751204052347
2026-03-03 09:52:27.000000000,30.52521364912148
2026-03-03 09:56:06.000000000,12.471836417330469
2026-03-03 09:54:43.000000000,20.208592016315716
2026-03-03 09:18:29.000000000,16.497784435726174
2026-03-03 09:39:35.000000000,12.221712602595272
2026-03-03 09:58:26.000000000,10.954390269836416
2026-03-03 09:23:01.000000000,17.534560913861053
2026-03-03 09:49:57.000000000,6.646086559565813
2026-03-03 09:12:29.000000000,16.07065488672494
2026-03-03 09:25:50.000000000,18.05549229831753
2026-03-03 09:48:08.000000000,35.83177420690709
2026-03-03 09:40:58.000000000,17.10998451454469
2026-03-03 09:39:33.000000000,18.59260419178486
2026-03-03 10:36:20.000000000,13.226532492853401
2026-03-03 10:29:41.000000000,8.928149510412151
2026-03-03 10:49:19.000000000,29.821581404015692
2026-03-03 10:06:59.000000000,7.384758640771791
2026-03-03 10:30:42.000000000,28.073805627575037
2026-03-03 10:33:21.000000000,11.101176241660479
2026-03-03 10:26:54.000000000,7.585631010588655
2026-03-03 10:24:33.000000000,34.61011169827152
2026-03-03 10:20:00.000000000,17.679106147580452
2026-03-03 10:19:08.000000000,10.919564382342365
2026-03-03 10:48:42.000000000,15.963895334842835
2026-03-03 10:13:07.000000000,29.50474364759876
2026-03-03 10:59:49.000000000,12.630039807576622
2026-03-03 10:35:15.000000000,25.556993887277496
2026-03-03 10:41:36.000000000,12.238953361164047
2026-03-03 10:36:00.000000000,26.104970910314893
2026-03-03 10:49:30.000000000,12.960514062871084
2026-03-03 11:22:08.000000000,36.924539588607885
2026-03-03 11:24:19.000000000,42.66261022738863
2026-03-03 11:44:36.000000000,19.85144398762878
2026-03-03 11:49:09.000000000,21.850964340577047
2026-03-03 11:31:32.000000000,15.30018841853958
2026-03-03 11:53:08.000000000,33.516969237554584
2026-03-03 11:26:18.000000000,15.131810448295704
2026-03-03 11:03:37.000000000,53.9949683210308
2026-03-03 12:15:51.000000000,8.464175764712973
2026-03-03 12:23:01.000000000,7.78490329335558
2026-03-03 12:54:20.000000000,20.732887067678373
2026-03-03 12:20:13.000000000,41.42539833977907
2026-03-03 12:17:26.000000000,7.400337570184194
2026-03-03 12:32:51.000000000,173.36222378922028
2026-03-03 12:43:07.000000000,20.40983701247178
2026-03-03 12:58:01.000000000,29.713957309123966
2026-03-03 12:52:10.000000000,21.58696399283736
2026-03-03 12:40:20.000000000,11.108977788275052
2026-03-03 12:00:56.000000000,16.50319694811448
2026-03-03 12:39:39.000000000,7.777653455836152
2026-03-03 12:36:47.000000000,15.731160903561786
2026-03-03 13:53:49.000000000,39.693649587884956
2026-03-03 13:24:19.000000000,8.222380763518647
2026-03-03 13:32:44.000000000,66.57627035793278
2026-03-03 13:50:55.000000000,8.503347059790883
2026-03-03 13:27:42.000000000,16.403114537949435
2026-03-03 13:01:38.000000000,28.36124899113719
2026-03-03 13:18:54.000000000,6.4756573512292155
2026-03-03 13:33:50.000000000,45.29921690994369
2026-03-03 13:34:11.000000000,16.22592233609071
2026-03-03 13:37:22.000000000,53.48555546257832
2026-03-03 13:27:38.000000000,8.870828077596066
2026-03-03 13:50:55.000000000,37.037042494334536
2026-03-03 13:10:08.000000000,19.24274951452438
2026-03-03 13:35:01.000000000,22.301086422356203
2026-03-03 13:04:31.000000000,28.850705313959747
2026-03-03 13:12:55.000000000,10.96277691107991
2026-03-03 13:43:02.000000000,17.61619195012718
2026-03-03 13:23:46.000000000,6.610698285635472
2026-03-03 14:33:35.000000000,21.185385962524148
2026-03-03 14:53:18.000000000,11.82556553461485
2026-03-03 14:34:55.000000000,8.921443626591891
2026-03-03 14:31:03.000000000,45.17146134276798
2026-03-03 14:07:42.000000000,31.600542903395148
2026-03-03 14:00:50.000000000,72.25337478521921
2026-03-03 14:00:16.000000000,8.660030539560758
2026-03-03 14:16:05.000000000,23.750255029046418
2026-03-03 14:01:40.000000000,7.854650632374112
2026-03-03 14:48:20.000000000,96.14537980793455
2026-03-03 14:03:50.000000000,15.665123044623577
2026-03-03 14:49:23.000000000,23.826776948093727
2026-03-03 14:17:02.000000000,13.764802252577581
2026-03-03 14:00:18.000000000,8.750509670524355
2026-03-03 14:53:06.000000000,26.01583086465073
2026-03-03 14:54:20.000000000,23.063536869568285
2026-03-03 14:36:28.000000000,6.346157127700588
2026-03-03 14:45:25.000000000,11.474740226122421
2026-03-03 14:05:12.000000000,13.528613423427508
2026-03-03 15:50:40.000000000,9.912287759496696
2026-03-03 15:36:22.000000000,7.189254320342695
2026-03-03 15:57:38.000000000,9.416747923513277
2026-03-03 15:11:57.000000000,39.6410492543282
2026-03-03 15:32:32.000000000,13.659411958184691
2026-03-03 15:37:35.000000000,14.160755161870863
2026-03-03 15:17:11.000000000,6.409307334663614
2026-03-03 15:42:49.000000000,22.02124113756574
2026-03-03 15:52:05.000000000,7.284531590060347
2026-03-03 15:21:42.000000000,70.95708518706368
2026-03-03 15:14:02.000000000,56.274016467278216
2026-03-03 15:08:43.000000000,15.174035263409117
2026-03-03 15:25:43.000000000,11.401330033517507
2026-03-03 15:53:06.000000000,17.742731187293995
2026-03-03 16:00:19.000000000,16.79174312688281
2026-03-03 16:23:03.000000000,15.678470937994227
2026-03-03 16:25:04.000000000,18.839726986412796
2026-03-03 16:30:43.000000000,6.101865622672932
2026-03-03 16:36:28.000000000,51.41589899955646
2026-03-03 16:09:29.000000000,39.8118947667743
2026-03-03 16:41:26.000000000,32.14941945787278
2026-03-03 16:43:16.000000000,8.472432677401663
2026-03-03 16:10:50.000000000,75.72046152105675
2026-03-03 16:28:07.000000000,7.4746363167213445
2026-03-03 16:40:51.000000000,34.27288808325692
2026-03-03 16:25:18.000000000,20.879632373810264
2026-03-03 16:25:36.000000000,22.205471700272472
2026-03-03 16:22:16.000000000,16.295568034723733
2026-03-03 17:57:18.000000000,13.554580668231043
2026-03-03 17:57:01.000000000,49.593062073121764
2026-03-03 17:41:49.000000000,38.613543700342255
2026-03-03 17:03:31.000000000,31.378415098088237
2026-03-03 17:21:38.000000000,36.46785825269155
2026-03-03 17:16:48.000000000,19.54907722481231
2026-03-03 17:27:21.000000000,11.000014573598673
2026-03-03 17:05:11.000000000,18.4747130662814
2026-03-03 17:40:55.000000000,24.277037824342866
2026-03-03 17:31:44.000000000,52.57508610531193
2026-03-03 17:55:15.000000000,18.71291820003689
2026-03-03 17:47:20.000000000,16.379446807737562
2026-03-03 17:41:48.000000000,22.630187245195682
2026-03-03 17:37:00.000000000,10.405910173717963
2026-03-03 17:38:55.000000000,75.18248189873506
2026-03-03 18:40:09.000000000,34.80121462258466
2026-03-03 18:16:24.000000000,34.910357673011085
2026-03-03 18:15:07.000000000,21.06147980736417
2026-03-03 18:03:21.000000000,19.876364173191885
2026-03-03 18:43:50.000000000,16.645294570872235
2026-03-03 18:13:18.000000000,6.234382659824297
2026-03-03 18:08:11.000000000,11.689825917511413
2026-03-03 18:55:38.000000000,45.89621737472722
2026-03-03 18:13:02.000000000,10.19962452150709
2026-03-03 18:23:08.000000000,61.96032827451376
2026-03-03 18:29:10.000000000,7.971375472811058
2026-03-03 18:08:45.000000000,24.994969555419704
2026-03-03 18:19:57.000000000,12.72570547953514
2026-03-03 18:08:08.000000000,24.908901998088247
2026-03-03 18:37:16.000000000,71.12880132836787
2026-03-03 18:10:58.000000000,16.49470987746894
2026-03-03 18:01:42.000000000,31.171650477432415
2026-03-03 18:14:05.000000000,14.60339261179875
2026-03-03 18:53:42.000000000,8.633373601696395
2026-03-03 19:04:16.000000000,6.645497934718649
2026-03-03 19:54:44.000000000,14.876893800716743
2026-03-03 19:53:24.000000000,25.658563289631804
2026-03-03 19:10:35.000000000,9.954928284125007
2026-03-03 19:40:41.000000000,80.4020885812134
2026-03-03 19:49:26.000000000,40.12148580981437
2026-03-03 19:36:29.000000000,35.936266432306255
2026-03-03 19:16:04.000000000,44.50049935632483
2026-03-03 19:33:06.000000000,13.77518405625607
2026-03-03 19:23:00.000000000,17.75776393463082
2026-03-03 19:53:24.000000000,5.52537901272906
2026-03-03 19:27:16.000000000,6.2047645432732175
2026-03-03 19:42:40.000000000,42.867463976467896
2026-03-03 19:40:44.000000000,34.55295111030589
2026-03-03 19:47:49.000000000,34.380244061773794
2026-03-03 19:39:59.000000000,19.042720284874722
2026-03-03 19:44:51.000000000,12.00483283454664
2026-03-03 19:19:12.000000000,14.913181942711908
2026-03-03 19:52:54.000000000,8.128247486495177
2026-03-03 20:40:03.000000000,90.00986823088607
2026-03-03 20:28:03.000000000,21.911594679440466
2026-03-03 20:01:38.000000000,38.06997783721898
2026-03-03 20:11:43.000000000,15.118625164219289
2026-03-03 20:27:27.000000000,17.573200884533716
2026-03-03 20:03:02.000000000,19.18320912542308
2026-03-03 20:16:01.000000000,9.999162213894074
2026-03-03 20:13:49.000000000,27.19452524421582
2026-03-03 20:30:23.000000000,12.728767522391141
2026-03-03 20:49:15.000000000,53.6605367837194
2026-03-03 20:13:39.000000000,18.885817340938246
2026-03-03 20:08:05.000000000,11.626983289010905
2026-03-03 20:13:54.000000000,17.067289333604702
2026-03-03 20:03:15.000000000,7.684034640823905
2026-03-03 20:32:00.000000000,34.42027022545508
2026-03-03 20:36:42.000000000,24.793168811846922
2026-03-03 20:17:19.000000000,67.798129454674
2026-03-03 20:23:51.000000000,10.361872567815947
2026-03-03 21:40:29.000000000,29.431490465654672
2026-03-03 21:25:37.000000000,5.531466698215927
2026-03-03 21:45:55.000000000,7.77024068776813
2026-03-03 21:13:00.000000000,27.830279090835486
2026-03-03 21:52:40.000000000,74.52250002176689
2026-03-03 21:36:15.000000000,7.813468663717172
2026-03-03 21:53:11.000000000,18.252195934995537
2026-03-03 21:03:42.000000000,18.224881543050845
2026-03-03 21:23:54.000000000,12.825024071612088
2026-03-03 21:47:37.000000000,13.295836421814837
2026-03-03 21:21:13.000000000,27.951054911483023
2026-03-03 22:08:04.000000000,14.924963489661899
2026-03-03 22:22:18.000000000,22.176106739652024
2026-03-03 22:33:52.000000000,7.74880186082048
2026-03-03 22:11:53.000000000,43.70732957061212
2026-03-03 22:28:13.000000000,17.279999539928998
2026-03-03 22:59:29.000000000,24.3008197119083
2026-03-03 22:38:18.000000000,19.873898505123254
2026-03-03 22:09:16.000000000,19.093288588910536
2026-03-03 22:16:49.000000000,55.39371182601975
2026-03-03 22:28:10.000000000,4.7217149042666975
2026-03-03 22:55:01.000000000,6.121288539298346
2026-03-03 22:56:41.000000000,12.107642039040801
2026-03-03 22:13:03.000000000,9.894262567151014
2026-03-03 23:52:35.000000000,46.364752352954866
2026-03-03 23:57:28.000000000,26.330442620214317
2026-03-03 23:34:09.000000000,26.11825740165929
2026-03-03 23:24:45.000000000,42.324374916759034
2026-03-03 23:14:02.000000000,16.426837005614995
2026-03-03 23:33:31.000000000,28.760658846508132
2026-03-03 23:52:11.000000000,42.33264174403968
2026-03-03 23:21:10.000000000,25.8183767685008
2026-03-03 23:58:05.000000000,21.038811678642023
2026-03-03 23:34:01.000000000,10.770476144415465
2026-03-03 23:22:52.000000000,20.892582842088043
2026-03-03 23:27:19.000000000,34.07305816820254
2026-03-03 23:16:49.000000000,26.12125989071303
2026-03-03 23:41:38.000000000,35.2846151437237
2026-03-03 23:33:54.000000000,17.428380834439235
2026-03-04 00:27:54.000000000,20.86380696202298
2026-03-04 00:35:12.000000000,10.588885619537031
2026-03-04 00:38:57.000000000,29.53821704983888
2026-03-04 00:01:14.000000000,8.388517657288364
2026-03-04 00:06:18.000000000,13.993536707531835
2026-03-04 00:04:22.000000000,22.843712700993276
2026-03-04 00:23:10.000000000,24.18534364517414
2026-03-04 01:51:46.000000000,9.92953330546921
2026-03-04 01:19:06.000000000,12.996038660379476
2026-03-04 01:20:27.000000000,17.904130152488182
2026-03-04 01:37:41.000000000,16.113736991197957
2026-03-04 01:21:41.000000000,11.633346770148137
2026-03-04 02:39:17.000000000,18.302984475145376
2026-03-04 03:07:38.000000000,12.50091458794487
2026-03-04 03:44:27.000000000,19.607649433793966
2026-03-04 04:23:40.000000000,67.0771029449835
2026-03-04 04:29:22.000000000,12.841782514808482
2026-03-04 04:11:30.000000000,38.86800712758863
2026-03-04 05:12:45.000000000,16.283674458428063
2026-03-04 05:01:12.000000000,43.00428171260601
2026-03-04 05:55:00.000000000,103.98107700489845
2026-03-04 05:42:03.000000000,16.852645205270488
2026-03-04 05:57:46.000000000,16.1243921851672
2026-03-04 05:30:31.000000000,15.708031581382105
2026-03-04 05:14:22.000000000,12.087080818475934
2026-03-04 06:26:04.000000000,17.66971435463142
2026-03-04 06:04:54.000000000,15.965261956735773
2026-03-04 06:50:11.000000000,10.369767722883456
2026-03-04 06:09:44.000000000,85.33061562459575
2026-03-04 06:32:17.000000000,6.557360806020807
2026-03-04 06:06:55.000000000,40.144247168265174
2026-03-04 06:20:41.000000000,16.020715658652712
2026-03-04 06:28:27.000000000,5.869645656771061
2026-03-04 06:45:24.000000000,15.380463808110765
2026-03-04 06:37:17.000000000,16.229364394196907
2026-03-04 07:18:09.000000000,10.866498680737443
2026-03-04 07:51:49.000000000,41.43966274218799
2026-03-04 07:56:22.000000000,13.231090975078928
2026-03-04 07:49:22.000000000,18.721220035935392
2026-03-04 07:48:03.000000000,34.87961460799696
2026-03-04 07:18:40.000000000,9.747378827190062
2026-03-04 07:10:21.000000000,16.929184144492044
2026-03-04 07:06:20.000000000,58.77782820378504
2026-03-04 07:18:27.000000000,51.46158909695919
2026-03-04 07:35:27.000000000,40.25578911464883
2026-03-04 07:56:51.000000000,32.09287472737658
2026-03-04 07:21:51.000000000,17.101423702610663
2026-03-04 07:17:26.000000000,21.031070451829937
2026-03-04 07:15:47.000000000,8.4797051375696
2026-03-04 07:43:13.000000000,42.155696901913664
2026-03-04 07:42:52.000000000,20.844581958867938
2026-03-04 07:51:27.000000000,61.69204290871861
2026-03-04 07:25:45.000000000,84.68185039334212
2026-03-04 07:25:41.000000000,6.482256961372338
2026-03-04 07:45:11.000000000,29.82596923723423
2026-03-04 08:26:02.000000000,33.937778938277724
2026-03-04 08:30:27.000000000,32.968936791173654
2026-03-04 08:15:11.000000000,31.234367622445834
2026-03-04 08:06:46.000000000,11.306541572997862
2026-03-04 08:12:32.000000000,81.36410636627855
2026-03-04 08:33:50.000000000,15.43106736457517
2026-03-04 08:40:31.000000000,8.762235118163279
2026-03-04 08:30:22.000000000,30.854026828329108
2026-03-04 08:15:00.000000000,34.773090104284094
2026-03-04 08:05:48.000000000,14.936727627293777
2026-03-04 08:14:19.000000000,43.34641341478153
2026-03-04 08:51:55.000000000,25.033140509050522
2026-03-04 08:46:54.000000000,29.52890114795124
2026-03-04 08:00:07.000000000,50.452245348297915
2026-03-04 08:50:50.000000000,10.665778672082979
2026-03-04 08:25:04.000000000,88.69390224190165
2026-03-04 08:58:03.000000000,78.31391663576528
2026-03-04 08:36:01.000000000,0.14710843366924387
2026-03-04 08:17:31.000000000,8.985361074476387
2026-03-04 09:01:58.000000000,15.888527670423127
2026-03-04 09:13:55.000000000,24.572476346501677
2026-03-04 09:38:42.000000000,14.02231647430866
2026-03-04 09:40:10.000000000,71.56973444697856
2026-03-04 09:27:00.000000000,28.225133942888657
2026-03-04 09:30:49.000000000,20.215594861672816
2026-03-04 09:32:14.000000000,12.873710469955057
2026-03-04 09:49:36.000000000,12.542493724799673
2026-03-04 09:11:47.000000000,78.19221658242706
2026-03-04 09:49:30.000000000,14.56723648757178
2026-03-04 09:56:14.000000000,12.065954207328897
2026-03-04 09:09:17.000000000,11.644003698812572
2026-03-04 09:58:17.000000000,22.514491309672056
2026-03-04 10:02:26.000000000,8.319175126985009
2026-03-04 10:17:25.000000000,8.357291466675694
2026-03-04 10:19:01.000000000,15.107536485653739
2026-03-04 10:16:37.000000000,11.2671674998717
2026-03-04 10:58:27.000000000,10.607290051449784
2026-03-04 10:25:56.000000000,31.393772829653788
2026-03-04 10:39:20.000000000,6.598544790591848
2026-03-04 10:16:13.000000000,11.721765278534104
2026-03-04 10:00:59.000000000,129.53993174223532
2026-03-04 10:36:49.000000000,23.26037307138644
2026-03-04 10:12:36.000000000,50.569892104567124
2026-03-04 10:51:22.000000000,31.974530013049172
2026-03-04 10:02:32.000000000,10.526067314409321
2026-03-04 10:37:25.000000000,33.59462237357531
2026-03-04 11:17:08.000000000,17.61836394071185
2026-03-04 11:08:49.000000000,33.183783650299
2026-03-04 11:57:33.000000000,20.902338863954345
2026-03-04 11:19:52.000000000,15.441878103777743
2026-03-04 11:59:20.000000000,10.49844563339456
2026-03-04 11:16:41.000000000,67.4178554596192
2026-03-04 11:59:12.000000000,22.001685766068743
2026-03-04 11:25:49.000000000,49.39824604762879
2026-03-04 11:03:00.000000000,50.7890110057445
2026-03-04 11:47:42.000000000,26.80989639567922
2026-03-04 11:48:49.000000000,9.486863370487594
2026-03-04 11:38:56.000000000,98.62827200152749
2026-03-04 12:16:51.000000000,24.470581002368274
2026-03-04 12:43:26.000000000,17.331792665732582
2026-03-04 12:15:55.000000000,54.29285393692937
2026-03-04 12:35:13.000000000,30.486458021349538
2026-03-04 12:04:41.000000000,15.319628492741195
2026-03-04 12:16:51.000000000,14.118127744903838
2026-03-04 12:57:10.000000000,40.168697402266424
2026-03-04 12:14:21.000000000,7.96748208692075
2026-03-04 12:20:33.000000000,12.747741849785722
2026-03-04 12:02:19.000000000,41.497829566781284
2026-03-04 12:41:40.000000000,18.558769372751716
2026-03-04 12:09:44.000000000,7.0631714942544574
2026-03-04 13:30:34.000000000,100.21033741311693
2026-03-04 13:52:17.000000000,24.70197672175423
2026-03-04 13:48:55.000000000,19.828459237981413
2026-03-04 13:47:53.000000000,10.148020201181453
2026-03-04 13:50:18.000000000,31.60257809369303
2026-03-04 13:15:19.000000000,61.393836184028835
2026-03-04 13:12:34.000000000,37.65477449002961
2026-03-04 13:43:25.000000000,29.84434191829782
2026-03-04 13:42:41.000000000,22.956707205150227
2026-03-04 13:54:48.000000000,25.053342623245747
2026-03-04 13:28:08.000000000,26.47610842685812
2026-03-04 13:20:42.000000000,28.132963383787565
2026-03-04 14:00:03.000000000,14.182330239130902
2026-03-04 14:38:35.000000000,157.24442441858113
2026-03-04 14:48:55.000000000,32.734951364419274
2026-03-04 14:14:10.000000000,14.5013259510431
2026-03-04 14:51:09.000000000,13.01379738626061
2026-03-04 14:06:27.000000000,24.26742259937568
2026-03-04 14:07:50.000000000,20.10046556817974
2026-03-04 14:13:25.000000000,14.33248637877136
2026-03-04 14:22:12.000000000,19.17373861608306
2026-03-04 14:40:01.000000000,22.914403011385314
2026-03-04 14:45:15.000000000,16.34382557738387
2026-03-04 14:02:24.000000000,22.121330340574882
2026-03-04 14:30:46.000000000,45.20767445944829
2026-03-04 14:45:41.000000000,7.4878907207058205
2026-03-04 14:23:48.000000000,41.27128276706902
2026-03-04 14:25:07.000000000,44.865378264975185
2026-03-04 14:51:52.000000000,16.701823737781364
2026-03-04 14:39:04.000000000,17.284569775218923
2026-03-04 14:57:27.000000000,11.540749456943267
2026-03-04 14:25:58.000000000,36.96451827996113
2026-03-04 14:05:49.000000000,43.73569533338053
2026-03-04 14:52:32.000000000,23.81980317893026
2026-03-04 15:56:32.000000000,39.17884547205456
2026-03-04 15:06:57.000000000,95.97543008402984
2026-03-04 15:01:59.000000000,42.63673201483809
2026-03-04 15:31:18.000000000,9.207125512041141
2026-03-04 15:30:50.000000000,14.316294067631599
2026-03-04 15:31:32.000000000,20.734363798503917
2026-03-04 15:41:28.000000000,14.316070157079832
2026-03-04 15:06:20.000000000,7.504787278728191
2026-03-04 15:12:17.000000000,55.74479993881872
2026-03-04 15:54:34.000000000,9.470753206242698
2026-03-04 15:36:52.000000000,24.778441029588475
2026-03-04 15:09:11.000000000,17.797908168206856
2026-03-04 15:31:26.000000000,8.1697913610836
2026-03-04 15:13:02.000000000,18.153035842457687
2026-03-04 16:39:27.000000000,20.405576439136166
2026-03-04 16:33:02.000000000,5.429802704591072
2026-03-04 16:18:17.000000000,11.814526655067269
2026-03-04 16:45:09.000000000,33.356144891168526
2026-03-04 16:46:30.000000000,15.069635576770956
2026-03-04 16:50:38.000000000,7.549414342143917
2026-03-04 16:49:05.000000000,25.369640854818062
2026-03-04 16:41:07.000000000,19.665867805570155
2026-03-04 16:43:12.000000000,35.17286333193149
2026-03-04 16:57:01.000000000,6.256216224019932
2026-03-04 16:38:41.000000000,17.97331695523096
2026-03-04 16:51:04.000000000,77.0990940708262
2026-03-04 16:59:12.000000000,12.972650746985462
2026-03-04 16:32:26.000000000,21.061754475367888
2026-03-04 16:56:06.000000000,21.86747767070325
2026-03-04 16:24:18.000000000,14.721923814109942
2026-03-04 16:43:23.000000000,39.570722050227225
2026-03-04 16:51:01.000000000,30.938015254360874
2026-03-04 16:56:26.000000000,68.00789512270332
2026-03-04 16:31:53.000000000,14.497420615595676
2026-03-04 16:25:08.000000000,4.1755576348557
2026-03-04 16:07:37.000000000,86.87594057536288
2026-03-04 16:46:32.000000000,10.65178100430105
2026-03-04 16:25:37.000000000,53.32097459277545
2026-03-04 17:07:05.000000000,12.380607521656163
2026-03-04 17:33:36.000000000,8.10440389610612
2026-03-04 17:46:24.000000000,8.837328097954707
2026-03-04 17:47:25.000000000,20.28596043584852
2026-03-04 17:06:00.000000000,34.891385572604364
2026-03-04 17:41:47.000000000,10.817729045559215
2026-03-04 17:38:13.000000000,9.43920411744892
2026-03-04 17:19:19.000000000,47.903200816177836
2026-03-04 17:13:04.000000000,104.14938882252997
2026-03-04 17:26:27.000000000,9.325249536411555
2026-03-04 17:53:59.000000000,14.084992256107832
2026-03-04 17:09:15.000000000,11.965605102308608
2026-03-04 17:08:06.000000000,9.644035262806938
2026-03-04 17:00:47.000000000,27.16278160291594
2026-03-04 17:22:26.000000000,11.199254034357537
2026-03-04 17:22:10.000000000,33.718444694974416
2026-03-04 17:28:43.000000000,108.79825885467392
2026-03-04 17:10:57.000000000,11.517973649526379
2026-03-04 17:48:29.000000000,33.321198166585624
2026-03-04 18:26:04.000000000,11.019600020707365
2026-03-04 18:40:34.000000000,15.227190284109128
2026-03-04 18:32:24.000000000,12.513615788161367
2026-03-04 18:11:00.000000000,18.48266100792878
2026-03-04 18:49:25.000000000,77.31609164957666
2026-03-04 18:10:43.000000000,13.543014567393566
2026-03-04 18:43:14.000000000,29.393626814094464
2026-03-04 18:30:04.000000000,20.552737718730018
2026-03-04 18:18:47.000000000,142.32454400857824
2026-03-04 18:40:51.000000000,27.746001015438306
2026-03-04 18:48:45.000000000,6.778969083301567
2026-03-04 18:36:51.000000000,16.552398963727764
2026-03-04 18:42:25.000000000,20.71938202016283
2026-03-04 18:46:39.000000000,30.455103159659966
2026-03-04 18:06:16.000000000,8.192446471161404
2026-03-04 18:07:27.000000000,12.488553408189478
2026-03-04 18:32:20.000000000,10.061561598487998
2026-03-04 18:58:13.000000000,25.361324489467396
2026-03-04 18:52:40.000000000,25.959704825854015
2026-03-04 18:55:30.000000000,15.41647531724561
2026-03-04 18:03:37.000000000,9.8098243464411
2026-03-04 18:47:15.000000000,8.640266571624924
2026-03-04 18:39:31.000000000,27.395393662117886
2026-03-04 18:21:09.000000000,33.46678108888259
2026-03-04 18:25:44.000000000,28.050539119629565
2026-03-04 18:32:50.000000000,49.57561901572712
2026-03-04 18:23:01.000000000,74.31351058289954
2026-03-04 18:30:04.000000000,57.24316848619522
2026-03-04 19:55:50.000000000,10.066201187882275
2026-03-04 19:06:01.000000000,9.409916700947136
2026-03-04 19:23:52.000000000,18.000368892918406
2026-03-04 19:02:40.000000000,16.62415583470965
2026-03-04 19:16:52.000000000,29.14415765337083
2026-03-04 19:50:56.000000000,32.14301069671088
2026-03-04 19:59:15.000000000,11.98407414045392
2026-03-04 19:11:07.000000000,13.81973197333004
2026-03-04 19:29:37.000000000,22.02924033033977
2026-03-04 19:32:01.000000000,41.347854583888214
2026-03-04 19:39:56.000000000,40.3505022593805
2026-03-04 19:59:25.000000000,13.404350827232317
2026-03-04 19:16:50.000000000,42.70946058918455
2026-03-04 19:30:26.000000000,34.42520581450303
2026-03-04 19:08:00.000000000,32.023150862862245
2026-03-04 19:08:20.000000000,89.1675641782945
2026-03-04 19:49:59.000000000,7.399836512762805
2026-03-04 19:56:12.000000000,48.55339170336537
2026-03-04 19:13:01.000000000,24.937618629247947
2026-03-04 19:38:47.000000000,30.081214068859193
2026-03-04 19:48:38.000000000,128.29606345764464
2026-03-04 20:09:48.000000000,73.38563858557775
2026-03-04 20:32:34.000000000,12.85850960913885
2026-03-04 20:13:40.000000000,10.82551951090699
2026-03-04 20:45:25.000000000,24.054213014242666
2026-03-04 20:16:06.000000000,49.12163109768213
2026-03-04 20:42:33.000000000,42.05816440836835
2026-03-04 20:39:11.000000000,12.52769864200162
2026-03-04 20:27:38.000000000,7.087980940761419
2026-03-04 20:00:50.000000000,14.502344939409934
2026-03-04 20:39:06.000000000,7.21141355223679
2026-03-04 20:01:38.000000000,21.953153303234902
2026-03-04 20:04:14.000000000,32.169785822322666
2026-03-04 20:48:10.000000000,95.79673489741714
2026-03-04 20:12:01.000000000,9.03847686709247
2026-03-04 20:20:35.000000000,44.51675403678017
2026-03-04 20:42:09.000000000,24.644028534431154
2026-03-04 21:06:54.000000000,15.124811875306584
2026-03-04 21:51:45.000000000,111.40874579464587
2026-03-04 21:31:21.000000000,38.74664067819879
2026-03-04 21:02:57.000000000,17.719537935090923
2026-03-04 21:13:24.000000000,7.09888386918516
2026-03-04 21:39:23.000000000,6.296334576305407
2026-03-04 21:08:29.000000000,49.246147095345684
2026-03-04 21:38:23.000000000,45.169752545734646
2026-03-04 21:32:46.000000000,23.110087092356647
2026-03-04 21:09:46.000000000,21.50359246672078
2026-03-04 21:18:43.000000000,31.489742102941943
2026-03-04 21:14:31.000000000,8.407965094453903
2026-03-04 21:00:23.000000000,69.35253366310556
2026-03-04 21:17:44.000000000,8.763458694995489
2026-03-04 21:55:46.000000000,17.348305470847325
2026-03-04 22:34:44.000000000,19.58124806827843
2026-03-04 22:42:11.000000000,9.539386326048813
2026-03-04 22:43:16.000000000,14.14613461964641
2026-03-04 22:16:10.000000000,9.264614827768128
2026-03-04 22:22:55.000000000,16.83724715868855
2026-03-04 22:59:14.000000000,17.394309256036426
2026-03-04 22:10:10.000000000,37.669303466857194
2026-03-04 22:07:24.000000000,206.53248378888674
2026-03-04 23:01:31.000000000,18.474683072612546
2026-03-04 23:42:33.000000000,28.004222836321215
2026-03-04 23:04:09.000000000,33.978317842691446
2026-03-04 23:44:00.000000000,7.888204240630309
2026-03-04 23:03:03.000000000,103.5827049911269
2026-03-04 23:30:40.000000000,20.59593498481641
2026-03-04 23:11:26.000000000,7.094903405967428
2026-03-04 23:13:17.000000000,36.62299685618638
2026-03-04 23:48:48.000000000,41.50492867027055
2026-03-05 00:45:12.000000000,8.522608767809434
2026-03-05 00:06:19.000000000,23.120341486037706
2026-03-05 00:57:24.000000000,13.306153100909011
2026-03-05 00:31:48.000000000,9.149149673613643
2026-03-05 01:02:26.000000000,11.420136815024765
2026-03-05 01:45:18.000000000,19.47005880086522
2026-03-05 01:16:42.000000000,3.7584103301626755
2026-03-05 01:17:29.000000000,45.426817623709056
2026-03-05 01:50:10.000000000,18.398943383670442
2026-03-05 01:51:22.000000000,10.406758668306889
2026-03-05 02:53:14.000000000,16.325315448831873
2026-03-05 03:13:11.000000000,14.612459171178347
2026-03-05 04:39:09.000000000,14.979369372983236
2026-03-05 04:24:58.000000000,24.490001629184935
2026-03-05 04:27:18.000000000,13.334244672887511
2026-03-05 04:26:30.000000000,20.93769147768754
2026-03-05 05:32:42.000000000,18.696827122657236
2026-03-05 05:15:35.000000000,91.29575740158218
2026-03-05 05:32:15.000000000,8.693356301133967
2026-03-05 05:28:00.000000000,16.891734497062
2026-03-05 05:08:54.000000000,8.643508598598789
2026-03-05 06:30:21.000000000,42.77586602066024
2026-03-05 06:26:24.000000000,24.28680711878516
2026-03-05 06:00:25.000000000,26.46134634676439
2026-03-05 06:31:27.000000000,10.121285991527799
2026-03-05 06:17:18.000000000,42.883141258817396
2026-03-05 06:55:49.000000000,11.779104225427275
2026-03-05 06:47:37.000000000,106.3425322449381
2026-03-05 06:28:28.000000000,16.00175469460689
2026-03-05 06:59:39.000000000,11.724699457353754
2026-03-05 07:03:21.000000000,42.11213926605604
2026-03-05 07:52:29.000000000,46.759682724232995
2026-03-05 07:29:01.000000000,32.16482546255514
2026-03-05 07:22:40.000000000,40.70111543740473
2026-03-05 07:41:20.000000000,39.7641787718265
2026-03-05 07:14:04.000000000,157.29116796905674
2026-03-05 07:21:12.000000000,20.35086140472176
2026-03-05 07:56:26.000000000,20.00624265337847
2026-03-05 07:04:42.000000000,20.97566863918517
2026-03-05 07:01:14.000000000,27.47462271877097
2026-03-05 07:53:47.000000000,28.355276869408794
2026-03-05 07:42:33.000000000,11.927762147055716
2026-03-05 07:04:43.000000000,18.326036164954676
2026-03-05 07:00:14.000000000,12.336352292635947
2026-03-05 07:38:40.000000000,20.267379614680426
2026-03-05 08:33:57.000000000,7.964430428429278
2026-03-05 08:57:13.000000000,19.68006519892013
2026-03-05 08:31:11.000000000,45.57313221095425
2026-03-05 08:50:32.000000000,25.973825067518188
2026-03-05 08:11:59.000000000,36.87317537596342
2026-03-05 08:10:06.000000000,20.93581847736763
2026-03-05 08:10:47.000000000,13.731837398882607
2026-03-05 08:14:30.000000000,51.12189204706444
2026-03-05 08:48:21.000000000,30.828885806822246
2026-03-05 08:26:18.000000000,13.598306371307896
2026-03-05 08:31:21.000000000,55.21413667812972
2026-03-05 08:34:34.000000000,51.61832087738717
2026-03-05 08:04:33.000000000,74.57230515441792
2026-03-05 08:35:46.000000000,9.133221544016958
2026-03-05 08:43:27.000000000,14.813829723674601
2026-03-05 08:51:53.000000000,11.01174982962391
2026-03-05 08:49:29.000000000,22.74975854530538
2026-03-05 08:45:09.000000000,48.662037860178025
2026-03-05 08:01:57.000000000,26.90766587117722
2026-03-05 08:50:51.000000000,12.322769303135878
2026-03-05 08:49:29.000000000,111.829863798768
2026-03-05 08:33:01.000000000,7.0549985408298355
2026-03-05 08:06:55.000000000,9.227444026699043
2026-03-05 08:19:54.000000000,15.702407393603544
2026-03-05 08:05:57.000000000,3.208666641486394
2026-03-05 08:10:46.000000000,24.04386358908319
2026-03-05 08:27:53.000000000,16.22830707528755
2026-03-05 09:06:04.000000000,60.070329435490876
2026-03-05 09:00:56.000000000,97.13011820656448
2026-03-05 09:20:19.000000000,11.737681683026842
2026-03-05 09:03:16.000000000,10.729538704950876
2026-03-05 09:22:08.000000000,15.76588926619586
2026-03-05 09:51:04.000000000,41.30336516383492
2026-03-05 09:08:55.000000000,11.807114085138316
2026-03-05 09:31:23.000000000,12.8178562007879
2026-03-05 09:58:39.000000000,14.237240450252619
2026-03-05 09:51:31.000000000,13.911769366731878
2026-03-05 09:35:48.000000000,13.143842354639844
2026-03-05 09:53:05.000000000,14.337521610291617
2026-03-05 09:50:59.000000000,20.460838870511015
2026-03-05 09:06:24.000000000,32.12061633233392
2026-03-05 09:52:02.000000000,45.87402726783784
2026-03-05 09:37:20.000000000,63.28246774007787
2026-03-05 09:51:45.000000000,19.293579056865656
2026-03-05 09:57:17.000000000,19.318126136853078
2026-03-05 09:24:20.000000000,98.1656553112724
2026-03-05 09:39:16.000000000,8.980383364308658
2026-03-05 09:58:09.000000000,66.79278744435102
2026-03-05 09:04:40.000000000,21.170370427016106
2026-03-05 10:25:28.000000000,17.346384144206052
2026-03-05 10:11:13.000000000,16.05995013263539
2026-03-05 10:26:03.000000000,34.808570069919845
2026-03-05 10:24:40.000000000,8.67010301542561
2026-03-05 10:47:53.000000000,11.970435399278816
2026-03-05 10:22:54.000000000,17.37385312184073
2026-03-05 10:13:58.000000000,23.764204215128554
2026-03-05 10:12:37.000000000,73.13151721022105
2026-03-05 10:43:00.000000000,79.29152666811827
2026-03-05 10:42:21.000000000,143.67004313748248
2026-03-05 10:21:27.000000000,12.49933265063812
2026-03-05 10:51:37.000000000,83.8366004021609
2026-03-05 10:52:19.000000000,16.13675104433503
2026-03-05 10:13:17.000000000,21.19176589233167
2026-03-05 10:44:13.000000000,34.822859212172425
2026-03-05 10:20:28.000000000,22.219888833530728
2026-03-05 10:05:21.000000000,11.998142298830707
2026-03-05 10:09:47.000000000,16.975287074837947
2026-03-05 10:37:22.000000000,21.740277713192388
2026-03-05 10:03:59.000000000,32.86850546707642
2026-03-05 10:02:08.000000000,33.95716099841302
2026-03-05 10:00:28.000000000,12.560866980646757
2026-03-05 10:32:47.000000000,21.670500001217956
2026-03-05 10:34:20.000000000,11.979729269394333
2026-03-05 10:03:28.000000000,29.41412606474945
2026-03-05 10:48:15.000000000,89.27502177781074
2026-03-05 10:22:46.000000000,9.03506770793673
2026-03-05 11:43:19.000000000,15.386705651892715
2026-03-05 11:13:31.000000000,15.45877071567697
2026-03-05 11:12:05.000000000,13.813813733272077
2026-03-05 11:30:24.000000000,28.613981627523405
2026-03-05 11:06:38.000000000,15.549737930340445
2026-03-05 11:03:01.000000000,35.73200224426969
2026-03-05 11:26:29.000000000,21.844086172602662
2026-03-05 11:39:48.000000000,29.987641947246043
2026-03-05 11:55:07.000000000,46.48416337916022
2026-03-05 11:32:02.000000000,17.512479418671827
2026-03-05 11:43:43.000000000,18.533113287852633
2026-03-05 11:25:19.000000000,23.897794157568708
2026-03-05 11:45:44.000000000,18.501932166586247
2026-03-05 11:34:14.000000000,30.955517413929595
2026-03-05 11:24:37.000000000,9.355945906503166
2026-03-05 11:43:41.000000000,7.97279979126284
2026-03-05 11:42:22.000000000,10.510921895371212
2026-03-05 12:27:59.000000000,13.484487049091634
2026-03-05 12:31:03.000000000,7.104640262411767
2026-03-05 12:38:36.000000000,104.88610082842246
2026-03-05 12:39:19.000000000,15.507174507365079
2026-03-05 12:38:03.000000000,14.14802412664757
2026-03-05 12:11:26.000000000,8.927476049557683
2026-03-05 12:00:41.000000000,103.20531655731067
2026-03-05 12:13:20.000000000,17.09453834994873
2026-03-05 12:07:58.000000000,10.67185050948645
2026-03-05 12:30:40.000000000,17.03621962775728
2026-03-05 12:11:46.000000000,8.549360810497838
2026-03-05 12:32:04.000000000,25.201741135188296
2026-03-05 12:55:04.000000000,21.997147081093548
2026-03-05 12:18:36.000000000,63.88253097568613
2026-03-05 12:49:32.000000000,85.85883948890064
2026-03-05 12:12:14.000000000,50.256333552474075
2026-03-05 12:43:28.000000000,9.879853747239306
2026-03-05 12:44:53.000000000,13.445641092763552
2026-03-05 13:54:16.000000000,28.14615588748367
2026-03-05 13:29:09.000000000,36.013044318769154
2026-03-05 13:38:10.000000000,16.320806112608054
2026-03-05 13:59:03.000000000,31.44388733437621
2026-03-05 13:53:36.000000000,6.557644378652093
2026-03-05 13:21:50.000000000,16.070521953208114
2026-03-05 13:36:43.000000000,24.05620573610982
2026-03-05 13:16:28.000000000,9.414368926792545
2026-03-05 13:48:38.000000000,8.333609332457087
2026-03-05 13:48:14.000000000,39.86761672945317
2026-03-05 13:55:49.000000000,87.51606173680238
2026-03-05 13:13:22.000000000,13.685154088108973
2026-03-05 13:09:11.000000000,12.390898180434998
2026-03-05 13:01:53.000000000,10.223214286038246
2026-03-05 13:17:38.000000000,25.672161776439882
2026-03-05 14:36:49.000000000,15.522492103059378
2026-03-05 14:45:54.000000000,154.8335988662282
2026-03-05 14:57:29.000000000,20.05346785134996
2026-03-05 14:34:03.000000000,86.17243361645849
2026-03-05 14:57:02.000000000,12.35344921290174
2026-03-05 14:12:12.000000000,47.581052799613936
2026-03-05 14:08:29.000000000,7.750608301574473
2026-03-05 14:05:56.000000000,11.816147497214768
2026-03-05 14:03:40.000000000,43.09236455665504
2026-03-05 14:16:02.000000000,56.70797069600876
2026-03-05 15:58:36.000000000,109.81902139282411
2026-03-05 15:07:57.000000000,20.56839781997221
2026-03-05 15:12:08.000000000,35.90090927166907
2026-03-05 15:29:39.000000000,12.734928389166086
2026-03-05 15:56:16.000000000,11.859613983193984
2026-03-05 15:38:41.000000000,37.58204809966569
2026-03-05 15:22:24.000000000,69.90756216719154
2026-03-05 15:11:43.000000000,63.937768609770814
2026-03-05 15:58:04.000000000,7.468705762602816
2026-03-05 15:10:24.000000000,24.561127646081392
2026-03-05 15:00:41.000000000,14.161511596167937
2026-03-05 15:49:52.000000000,28.43797230755293
2026-03-05 15:26:51.000000000,16.666202362855426
2026-03-05 15:57:09.000000000,16.74135065681342
2026-03-05 15:11:19.000000000,24.4943873647852
2026-03-05 15:57:25.000000000,28.55559562253967
2026-03-05 15:49:39.000000000,11.871352928402587
2026-03-05 15:42:09.000000000,12.334754757369943
2026-03-05 15:00:19.000000000,13.341528717724316
2026-03-05 15:28:30.000000000,34.67327846218934
2026-03-05 15:18:52.000000000,98.29443184509836
2026-03-05 15:44:03.000000000,38.40137703160875
2026-03-05 15:12:49.000000000,29.79618132709089
2026-03-05 15:06:13.000000000,39.948785032373486
2026-03-05 15:45:51.000000000,21.08600441369114
2026-03-05 15:24:16.000000000,10.242054009244804
2026-03-05 15:21:07.000000000,37.019189351769164
2026-03-05 16:15:26.000000000,11.45648074650395
2026-03-05 16:46:29.000000000,7.536886967907133
2026-03-05 16:43:25.000000000,10.038518681986506
2026-03-05 16:35:20.000000000,49.45208848441978
2026-03-05 16:21:27.000000000,23.087900199918725
2026-03-05 16:55:01.000000000,54.35486909987373
2026-03-05 16:56:18.000000000,25.776071652146875
2026-03-05 16:51:54.000000000,28.041862931990874
2026-03-05 16:51:15.000000000,13.960261853524095
2026-03-05 16:21:13.000000000,62.99296856572242
2026-03-05 16:52:03.000000000,22.274357563699017
2026-03-05 16:51:56.000000000,37.259493212059596
2026-03-05 16:07:28.000000000,15.944159095019366
2026-03-05 16:10:13.000000000,12.091605768728634
2026-03-05 16:04:37.000000000,28.231235695639544
2026-03-05 16:27:59.000000000,23.324473181381066
2026-03-05 16:50:52.000000000,11.294710148815764
2026-03-05 16:36:35.000000000,12.58483652667644
2026-03-05 16:34:25.000000000,43.60387674035554
2026-03-05 17:09:33.000000000,14.329982349946661
2026-03-05 17:49:24.000000000,22.28475716827825
2026-03-05 17:04:48.000000000,11.173939611498291
2026-03-05 17:54:11.000000000,57.49035849479454
2026-03-05 17:50:00.000000000,31.49569797948452
2026-03-05 17:54:41.000000000,6.179642955000942
2026-03-05 17:48:43.000000000,7.729866202907429
2026-03-05 17:26:09.000000000,26.408578634383705
2026-03-05 17:45:25.000000000,11.043666591954416
2026-03-05 17:39:30.000000000,19.393053741207247
2026-03-05 17:13:21.000000000,59.183965741859254
2026-03-05 17:45:53.000000000,49.83840688113604
2026-03-05 17:44:40.000000000,24.86608577235538
2026-03-05 17:35:09.000000000,20.39362921577364
2026-03-05 17:55:35.000000000,12.059834368173536
2026-03-05 17:30:06.000000000,8.562314246476774
2026-03-05 17:21:24.000000000,23.482873350887598
2026-03-05 18:13:57.000000000,9.017781508218121
2026-03-05 18:51:06.000000000,11.488824436024206
2026-03-05 18:15:12.000000000,42.581328348964
2026-03-05 18:03:04.000000000,107.71490339970968
2026-03-05 18:34:44.000000000,12.596829297780737
2026-03-05 18:31:05.000000000,21.188454460267035
2026-03-05 18:30:18.000000000,27.59059099742132
2026-03-05 18:18:10.000000000,33.184270713823175
2026-03-05 18:59:25.000000000,29.17218585200226
2026-03-05 18:28:52.000000000,26.46959533296391
2026-03-05 18:45:30.000000000,42.28354419470361
2026-03-05 18:25:43.000000000,24.864081144472603
2026-03-05 18:51:13.000000000,15.18498858815314
2026-03-05 18:14:01.000000000,56.11035563368777
2026-03-05 18:00:55.000000000,56.85411043131751
2026-03-05 18:45:03.000000000,17.342695967794345
2026-03-05 18:58:24.000000000,22.699388148941086
2026-03-05 18:58:32.000000000,31.780872536592344
2026-03-05 19:36:25.000000000,89.34089591766376
2026-03-05 19:34:28.000000000,15.292534255872553
2026-03-05 19:05:45.000000000,7.935525842111952
2026-03-05 19:42:07.000000000,28.83147745892658
2026-03-05 19:04:51.000000000,19.70910951999031
2026-03-05 19:37:01.000000000,11.544977745906515
2026-03-05 19:41:07.000000000,50.61952794030804
2026-03-05 19:15:23.000000000,13.524117841581152
2026-03-05 19:46:43.000000000,16.212806412529936
2026-03-05 19:12:56.000000000,18.65685653277087
2026-03-05 19:09:52.000000000,24.88263383810931
2026-03-05 19:18:37.000000000,45.411411565308974
2026-03-05 19:29:05.000000000,56.05553421983026
2026-03-05 19:29:31.000000000,14.965363398366694
2026-03-05 19:34:54.000000000,5.833917226395037
2026-03-05 19:46:50.000000000,32.73799989614894
2026-03-05 20:46:10.000000000,17.77881739131963
2026-03-05 20:32:19.000000000,15.944479160768012
2026-03-05 20:53:05.000000000,12.341477006465883
2026-03-05 20:02:38.000000000,6.823696927236355
2026-03-05 20:34:41.000000000,29.22930163069682
2026-03-05 20:25:25.000000000,71.99353760276406
2026-03-05 20:24:23.000000000,20.4936970428521
2026-03-05 20:59:16.000000000,14.247132488571985
2026-03-05 20:10:28.000000000,7.97022186131516
2026-03-05 20:09:52.000000000,211.3253880308026
2026-03-05 20:39:33.000000000,20.54198933359437
2026-03-05 20:19:34.000000000,36.6180542099799
2026-03-05 20:14:02.000000000,35.42448349412201
2026-03-05 20:34:10.000000000,37.92777212283989
2026-03-05 20:22:48.000000000,22.475712298253757
2026-03-05 20:48:39.000000000,9.196010966042227
2026-03-05 20:14:53.000000000,22.095434479733914
2026-03-05 20:10:36.000000000,38.96795869550522
2026-03-05 20:19:00.000000000,11.26978032799375
2026-03-05 20:16:44.000000000,76.5629936654664
2026-03-05 20:29:10.000000000,56.737680077409074
2026-03-05 20:27:31.000000000,21.11912440658878
2026-03-05 20:02:42.000000000,11.0793014585098
2026-03-05 20:52:23.000000000,39.65352777750219
2026-03-05 21:18:15.000000000,31.129994669399277
2026-03-05 21:26:25.000000000,132.30981069505458
2026-03-05 21:30:14.000000000,5.307865610417805
2026-03-05 21:33:11.000000000,27.421162454217917
2026-03-05 21:23:42.000000000,197.3917843175273
2026-03-05 21:18:05.000000000,34.16095864837538
2026-03-05 21:10:52.000000000,164.17492900527682
2026-03-05 21:27:46.000000000,88.46667585444735
2026-03-05 21:25:31.000000000,9.595927003108237
2026-03-05 21:30:52.000000000,4.6348368993198505
2026-03-05 21:16:42.000000000,12.58204817728373
2026-03-05 21:47:36.000000000,6.36670203881048
2026-03-05 21:41:18.000000000,10.618578339047982
2026-03-05 21:57:11.000000000,24.481517471767194
2026-03-05 21:56:05.000000000,14.979479981914448
2026-03-05 21:43:54.000000000,111.20210062258317
2026-03-05 21:28:28.000000000,13.806521862644399
2026-03-05 21:10:27.000000000,15.833761392048284
2026-03-05 21:55:25.000000000,36.626640558160474
2026-03-05 21:26:49.000000000,9.784747584857133
2026-03-05 22:18:31.000000000,45.084154212874694
2026-03-05 22:06:57.000000000,19.5197363409742
2026-03-05 22:39:06.000000000,15.701715995183829
2026-03-05 22:33:13.000000000,16.088912498409236
2026-03-05 22:15:46.000000000,7.4533492588106895
2026-03-05 22:46:03.000000000,28.66212858829395
2026-03-05 22:18:33.000000000,20.260885398315356
2026-03-05 22:02:41.000000000,23.689278958835022
2026-03-05 22:30:30.000000000,26.301778816729705
2026-03-05 22:23:20.000000000,8.395355662847798
2026-03-05 22:31:41.000000000,11.580677360430649
2026-03-05 22:01:35.000000000,49.807014600709195
2026-03-05 22:56:32.000000000,21.59868072825328
2026-03-05 22:22:26.000000000,8.139737135184184
2026-03-05 22:23:02.000000000,6.466045937760644
2026-03-05 22:18:56.000000000,25.18404739073119
2026-03-05 22:01:50.000000000,12.461561307279986
2026-03-05 22:52:57.000000000,13.397590190643974
2026-03-05 22:23:46.000000000,61.85315623697149
2026-03-05 22:06:26.000000000,56.7586690712675
2026-03-05 22:13:13.000000000,43.574434290475914
2026-03-05 22:24:23.000000000,13.363662022054214
2026-03-05 22:45:09.000000000,24.157223223191043
2026-03-05 22:10:28.000000000,7.850897441257523
2026-03-05 22:26:52.000000000,57.998258430013294
2026-03-05 22:49:21.000000000,21.314165308216527
2026-03-05 22:35:07.000000000,16.825567727434024
2026-03-05 23:38:25.000000000,14.75242752951404
2026-03-05 23:04:32.000000000,13.09071686516192
2026-03-05 23:23:37.000000000,15.360706542366394
2026-03-05 23:59:29.000000000,19.675576854467753
2026-03-05 23:33:18.000000000,44.74893481807255
2026-03-05 23:27:24.000000000,12.471442615460624
2026-03-05 23:57:34.000000000,13.18078904749838
2026-03-05 23:37:44.000000000,13.924346072742107
2026-03-05 23:00:25.000000000,9.844448385842131
2026-03-05 23:55:20.000000000,35.99311242433529
2026-03-05 23:18:27.000000000,17.525727833360012
2026-03-05 23:48:46.000000000,12.666790694588446
2026-03-05 23:09:27.000000000,17.96128847936888
2026-03-05 23:54:35.000000000,19.332236830561055
2026-03-05 23:39:44.000000000,26.730354099887993
2026-03-05 23:09:58.000000000,97.12051743237049
2026-03-05 23:35:42.000000000,31.56946675769505
2026-03-05 23:26:52.000000000,18.058579803423555
2026-03-05 23:31:08.000000000,14.477850709710765
2026-03-05 23:17:17.000000000,17.870556483101968
2026-03-05 23:51:39.000000000,12.397510361563743
2026-03-05 23:51:16.000000000,23.122268363848114
2026-03-05 23:29:10.000000000,36.46201906338698
2026-03-05 23:01:22.000000000,45.18353197628908
2026-03-05 23:41:22.000000000,23.608307108465432
2026-03-05 23:43:35.000000000,18.887273081624116
2026-03-05 23:34:35.000000000,5.9887321519325525
2026-03-05 23:32:26.000000000,51.551005199622146
2026-03-05 23:22:25.000000000,8.955097011635878
2026-03-05 23:45:20.000000000,8.151209988993628
2026-03-05 23:18:59.000000000,11.058440302861648
2026-03-06 00:42:52.000000000,28.021387269320105
2026-03-06 00:15:40.000000000,10.610661268562577
2026-03-06 00:04:20.000000000,27.679921823667424
2026-03-06 00:35:19.000000000,25.210859208637753
2026-03-06 00:21:13.000000000,13.979909288374671
2026-03-06 00:45:13.000000000,23.213256780686994
2026-03-06 00:30:00.000000000,37.39581069085276
2026-03-06 01:50:46.000000000,7.944821044607533
2026-03-06 01:21:28.000000000,26.197836113760612
2026-03-06 01:24:38.000000000,10.695046665102048
2026-03-06 01:30:45.000000000,22.81197860061344
2026-03-06 01:06:14.000000000,8.110434680127725
2026-03-06 01:45:07.000000000,8.721761607062259
2026-03-06 01:00:27.000000000,11.966352906230604
2026-03-06 01:02:21.000000000,52.13394182420676
2026-03-06 02:20:24.000000000,22.994877688575233
2026-03-06 02:37:16.000000000,14.330143772213443
2026-03-06 02:11:23.000000000,13.522570605168049
2026-03-06 03:25:05.000000000,30.988692697855416
2026-03-06 03:36:21.000000000,52.93926030581712
2026-03-06 03:11:22.000000000,9.642215783703826
2026-03-06 03:45:32.000000000,9.627444809173227
2026-03-06 03:13:54.000000000,12.561549688174157
2026-03-06 04:11:01.000000000,9.694075957744005
2026-03-06 04:57:35.000000000,32.59679408611639
2026-03-06 04:16:42.000000000,53.686886227555654
2026-03-06 05:04:50.000000000,63.83860587713908
2026-03-06 05:43:13.000000000,50.89545857314905
2026-03-06 05:50:56.000000000,8.662186753638398
2026-03-06 05:07:37.000000000,48.464179551279194
2026-03-06 05:37:50.000000000,135.0686046699451
2026-03-06 05:25:41.000000000,8.503171540370413
2026-03-06 05:32:03.000000000,60.377944608763734
2026-03-06 05:27:47.000000000,20.36087702148573
2026-03-06 05:53:48.000000000,16.376302239884264
2026-03-06 05:26:14.000000000,7.622116529013688
2026-03-06 05:55:33.000000000,8.357345920234366
2026-03-06 06:19:18.000000000,16.197129916857445
2026-03-06 06:28:07.000000000,12.689945144971905
2026-03-06 06:04:24.000000000,16.812681786219
2026-03-06 06:56:59.000000000,9.128067978415377
2026-03-06 06:25:56.000000000,8.719630224329272
2026-03-06 06:59:08.000000000,26.673553905853705
2026-03-06 06:27:54.000000000,45.1429244565522
2026-03-06 06:25:24.000000000,19.146220109649892
2026-03-06 06:55:43.000000000,54.83301880755819
2026-03-06 06:07:09.000000000,27.915668959593905
2026-03-06 06:23:40.000000000,43.28158731937348
2026-03-06 06:38:48.000000000,71.01551054442945
2026-03-06 06:08:41.000000000,43.85843124471358
2026-03-06 06:01:32.000000000,25.219576551538225
2026-03-06 07:26:12.000000000,33.83073496004242
2026-03-06 07:48:42.000000000,6.167393396251102
2026-03-06 07:33:41.000000000,19.052621302448653
2026-03-06 07:05:28.000000000,138.13973546344565
2026-03-06 07:54:16.000000000,39.04914409585127
2026-03-06 07:42:56.000000000,8.97398081923808
2026-03-06 07:54:38.000000000,28.886965767675196
2026-03-06 07:07:15.000000000,19.064670521678938
2026-03-06 07:03:55.000000000,13.047300271451597
2026-03-06 07:48:43.000000000,6.243403664542042
2026-03-06 07:35:42.000000000,39.13827765901123
2026-03-06 07:56:49.000000000,92.4857472802819
2026-03-06 08:06:29.000000000,6.552304870256757
2026-03-06 08:29:20.000000000,23.00763304274535
2026-03-06 08:45:54.000000000,26.68233332106156
2026-03-06 08:17:05.000000000,11.121720786759223
2026-03-06 08:18:04.000000000,11.699952273434793
2026-03-06 08:31:24.000000000,8.74833807157859
2026-03-06 08:32:14.000000000,11.257418670142847
2026-03-06 08:22:18.000000000,23.77957725275792
2026-03-06 08:26:43.000000000,24.137045134184252
2026-03-06 08:17:16.000000000,6.11006474805855
2026-03-06 08:12:50.000000000,9.687169675465064
2026-03-06 08:41:05.000000000,140.52176808075208
2026-03-06 08:07:07.000000000,17.711208639257936
2026-03-06 08:23:45.000000000,15.260820990106293
2026-03-06 08:24:46.000000000,23.974648931667208
2026-03-06 08:21:58.000000000,16.16107061206809
2026-03-06 08:05:47.000000000,9.20407388970386
2026-03-06 08:19:35.000000000,3.008941139863312
2026-03-06 09:04:21.000000000,9.633999875435155
2026-03-06 09:47:02.000000000,55.45623670788135
2026-03-06 09:21:04.000000000,8.800167516827809
2026-03-06 09:48:28.000000000,23.078110713821726
2026-03-06 09:21:50.000000000,28.904149998474846
2026-03-06 09:36:40.000000000,26.116164773908825
2026-03-06 09:34:15.000000000,16.53111372276012
2026-03-06 09:29:04.000000000,47.64723417562646
2026-03-06 09:08:31.000000000,57.998115385052486
2026-03-06 09:31:03.000000000,51.645727151506584
2026-03-06 09:16:24.000000000,25.097956838598403
2026-03-06 09:47:27.000000000,117.73156653568341
2026-03-06 09:36:18.000000000,16.68682306573263
2026-03-06 09:15:14.000000000,10.408078629326592
2026-03-06 09:27:58.000000000,22.736138916829216
2026-03-06 09:24:45.000000000,7.237424567056719
2026-03-06 09:28:23.000000000,7.9007992085985475
2026-03-06 09:12:42.000000000,13.407171488475175
2026-03-06 09:18:47.000000000,35.879479735647756
2026-03-06 09:09:12.000000000,6.980495366043085
2026-03-06 09:17:14.000000000,20.613392672702133
2026-03-06 09:15:27.000000000,20.331188677039524
2026-03-06 10:51:57.000000000,36.815142067149175
2026-03-06 10:33:27.000000000,27.684110533191568
2026-03-06 10:10:21.000000000,35.41076323646124
2026-03-06 10:19:30.000000000,16.79924309895569
2026-03-06 10:52:13.000000000,41.23272546929979
2026-03-06 10:05:24.000000000,55.03804905860661
2026-03-06 10:19:23.000000000,39.1589986156546
2026-03-06 10:26:45.000000000,34.637102692338935
2026-03-06 10:50:52.000000000,16.958989427696768
2026-03-06 10:59:33.000000000,35.35122297980842
2026-03-06 10:55:15.000000000,34.41558089729987
2026-03-06 10:23:51.000000000,16.23060626581584
2026-03-06 10:29:06.000000000,29.86967186884873
2026-03-06 10:24:38.000000000,21.005100845800918
2026-03-06 10:41:30.000000000,11.902684345290478
2026-03-06 10:41:49.000000000,32.70763118499471
2026-03-06 10:21:52.000000000,9.432016739952164
2026-03-06 11:43:25.000000000,8.737591778738505
2026-03-06 11:45:32.000000000,6.7315283338031335
2026-03-06 11:05:57.000000000,15.009857340253461
2026-03-06 11:40:25.000000000,13.44222607031768
2026-03-06 11:33:55.000000000,11.112096822888201
2026-03-06 11:06:05.000000000,10.11134895115623
2026-03-06 11:21:48.000000000,11.48457137030675
2026-03-06 11:29:05.000000000,18.99795492905763
2026-03-06 11:34:48.000000000,13.21598584484709
2026-03-06 11:55:32.000000000,30.460884950724502
2026-03-06 11:11:11.000000000,13.312982144020214
2026-03-06 11:23:21.000000000,87.36630449634818
2026-03-06 11:51:58.000000000,68.56510867797103
2026-03-06 11:37:19.000000000,21.702086475178515
2026-03-06 11:38:24.000000000,22.16220800468826
2026-03-06 11:35:11.000000000,20.28270070290643
2026-03-06 11:04:00.000000000,36.73569161904073
2026-03-06 12:18:58.000000000,8.30826808385573
2026-03-06 12:58:48.000000000,39.66801424303792
2026-03-06 12:26:22.000000000,13.43817093534038
2026-03-06 12:01:10.000000000,15.163322661156641
2026-03-06 12:15:53.000000000,43.54384853588479
2026-03-06 12:36:19.000000000,10.832610016898926
2026-03-06 12:36:31.000000000,16.17579835029835
2026-03-06 13:02:35.000000000,33.242827618115776
2026-03-06 13:35:09.000000000,9.983498094494685
2026-03-06 13:17:38.000000000,22.308084872438748
2026-03-06 13:56:01.000000000,52.033688566239746
2026-03-06 13:41:20.000000000,27.799704286896304
2026-03-06 13:02:32.000000000,10.045370938812844
2026-03-06 13:41:54.000000000,62.568237967040325
2026-03-06 13:45:13.000000000,9.827022595560084
2026-03-06 13:41:26.000000000,15.27630272130465
2026-03-06 14:16:55.000000000,23.80190237044786
2026-03-06 14:48:37.000000000,222.63868100033824
2026-03-06 14:57:12.000000000,17.525724219705975
2026-03-06 14:48:29.000000000,29.53399842165611
2026-03-06 14:07:39.000000000,27.952196029322952
2026-03-06 14:46:55.000000000,9.522767063499444
2026-03-06 14:04:26.000000000,11.105263977309942
2026-03-06 14:31:27.000000000,32.43567089520163
2026-03-06 14:23:40.000000000,19.799069275107225
2026-03-06 14:25:05.000000000,19.468771600253152
2026-03-06 14:46:06.000000000,14.430005338297132
2026-03-06 14:50:51.000000000,28.644244480271897
2026-03-06 14:01:52.000000000,36.61144278376435
2026-03-06 14:22:01.000000000,16.042019504783237
2026-03-06 14:19:40.000000000,8.972355865070682
2026-03-06 14:56:25.000000000,9.568051360814906
2026-03-06 14:12:36.000000000,10.081207225130143
2026-03-06 14:11:22.000000000,8.233271361279588
2026-03-06 15:57:33.000000000,57.961488270206765
2026-03-06 15:07:23.000000000,41.73850159358449
2026-03-06 15:50:52.000000000,19.90852966492179
2026-03-06 15:29:15.000000000,14.51792397472505
2026-03-06 15:47:04.000000000,5.680544991672658
2026-03-06 15:04:32.000000000,59.15025061537298
2026-03-06 15:10:50.000000000,10.325002048739528
2026-03-06 15:44:28.000000000,83.97316817946165
2026-03-06 15:33:39.000000000,56.497582965128906
2026-03-06 15:54:24.000000000,167.18335111173428
2026-03-06 15:05:33.000000000,13.162881632835905
2026-03-06 15:58:24.000000000,15.848503478785048
2026-03-06 15:15:17.000000000,31.86244488114509
2026-03-06 15:58:01.000000000,9.473093490622425
2026-03-06 15:38:04.000000000,11.780948819563388
2026-03-06 15:56:39.000000000,50.01823779570054
2026-03-06 15:35:00.000000000,15.534746147740417
2026-03-06 16:16:58.000000000,7.5047376860982595
2026-03-06 16:04:26.000000000,42.99202620283601
2026-03-06 16:35:46.000000000,127.08211741253695
2026-03-06 16:03:54.000000000,36.84321376192671
2026-03-06 16:11:42.000000000,12.580065337979363
2026-03-06 16:51:22.000000000,11.802096427052817
2026-03-06 16:12:20.000000000,60.44673632939342
2026-03-06 16:02:14.000000000,9.059904892105724
2026-03-06 16:10:23.000000000,19.75953161351973
2026-03-06 16:28:20.000000000,8.109989595413161
2026-03-06 16:06:24.000000000,9.87581634227454
2026-03-06 16:27:21.000000000,8.496394909749327
2026-03-06 16:48:34.000000000,20.572704832461813
2026-03-06 16:36:06.000000000,12.010575273291447
2026-03-06 16:22:23.000000000,33.479883404263624
2026-03-06 16:22:55.000000000,12.52030521368118
2026-03-06 16:14:11.000000000,14.304325215792215
2026-03-06 16:56:47.000000000,50.55729086172067
2026-03-06 17:27:11.000000000,118.31347907053544
2026-03-06 17:05:25.000000000,42.58685650243906
2026-03-06 17:59:44.000000000,28.816450772029935
2026-03-06 17:39:42.000000000,20.225349350597305
2026-03-06 17:26:08.000000000,11.715144520121605
2026-03-06 17:23:47.000000000,66.28405966629845
2026-03-06 17:38:53.000000000,13.915120100390787
2026-03-06 17:06:22.000000000,8.924182708460979
2026-03-06 17:16:24.000000000,17.90939597048833
2026-03-06 17:30:52.000000000,22.190694358020213
2026-03-06 17:02:03.000000000,21.22275892620939
2026-03-06 17:15:04.000000000,11.997352672039536
2026-03-06 17:47:54.000000000,6.428283688947852
2026-03-06 17:57:00.000000000,14.247859943211292
2026-03-06 17:37:37.000000000,12.518024441407032
2026-03-06 17:15:40.000000000,10.33365361753295
2026-03-06 17:37:20.000000000,32.74186945950267
2026-03-06 17:13:03.000000000,27.12094163992239
2026-03-06 17:54:27.000000000,9.293608043321267
2026-03-06 17:34:30.000000000,19.15421664967055
2026-03-06 17:29:52.000000000,7.309583978144493
2026-03-06 17:45:28.000000000,18.597355141597614
2026-03-06 17:06:24.000000000,15.00680600802444
2026-03-06 17:16:24.000000000,29.467645856546657
2026-03-06 18:20:05.000000000,26.591309634928745
2026-03-06 18:08:08.000000000,13.22305715993296
2026-03-06 18:33:45.000000000,22.127307470628924
2026-03-06 18:39:34.000000000,25.04740420403282
2026-03-06 18:53:50.000000000,38.45138177499883
2026-03-06 18:37:24.000000000,34.315677121492236
2026-03-06 18:38:55.000000000,27.151172775666627
2026-03-06 18:50:51.000000000,21.774578520765413
2026-03-06 18:40:41.000000000,9.682177208381407
2026-03-06 18:34:17.000000000,11.933281168615547
2026-03-06 18:45:56.000000000,32.36448943405223
2026-03-06 18:59:45.000000000,20.147070732760792
2026-03-06 18:19:32.000000000,33.63390569482874
2026-03-06 18:59:54.000000000,11.978321551460354
2026-03-06 18:11:24.000000000,157.46166359406666
2026-03-06 18:52:10.000000000,159.0422669662063
2026-03-06 18:14:45.000000000,14.347975476619183
2026-03-06 18:16:03.000000000,41.057358345297665
2026-03-06 18:38:52.000000000,30.10825389327665
2026-03-06 18:42:51.000000000,16.688975345309498
2026-03-06 18:01:42.000000000,14.519316417955629
2026-03-06 18:33:46.000000000,42.97175507809973
2026-03-06 18:42:14.000000000,11.308457470086658
2026-03-06 18:38:21.000000000,11.95226575681648
2026-03-06 18:36:52.000000000,15.462255376000037
2026-03-06 18:31:55.000000000,15.331316550586841
2026-03-06 19:18:26.000000000,0.8008249623528264
2026-03-06 19:23:19.000000000,30.498486386745537
2026-03-06 19:50:10.000000000,17.64941408387833
2026-03-06 19:00:21.000000000,7.53321557192171
2026-03-06 19:15:25.000000000,12.448854666533396
2026-03-06 19:54:45.000000000,38.670920124149184
2026-03-06 19:57:20.000000000,22.08704988780222
2026-03-06 19:16:45.000000000,12.426027697764347
2026-03-06 19:49:48.000000000,33.11747118925732
2026-03-06 19:39:38.000000000,47.96233682772421
2026-03-06 19:05:35.000000000,56.31095032933606
2026-03-06 19:35:13.000000000,19.232379493697042
2026-03-06 19:10:34.000000000,28.209818115871958
2026-03-06 19:16:41.000000000,83.05938017459644
2026-03-06 19:08:31.000000000,11.209647900548909
2026-03-06 19:03:27.000000000,30.343874344330164
2026-03-06 19:09:10.000000000,9.716997057052634
2026-03-06 19:41:34.000000000,17.723632305946143
2026-03-06 19:13:42.000000000,18.047181623995865
2026-03-06 20:26:42.000000000,9.8708163118017
2026-03-06 20:36:17.000000000,21.03371502454479
2026-03-06 20:55:30.000000000,8.145112707753533
2026-03-06 20:45:01.000000000,20.693243540313464
2026-03-06 20:59:51.000000000,22.5119177762499
2026-03-06 20:18:41.000000000,20.48678283853177
2026-03-06 20:55:06.000000000,12.715154623078803
2026-03-06 20:18:57.000000000,19.950916805876435
2026-03-06 20:33:52.000000000,24.079773800105396
2026-03-06 20:03:07.000000000,18.577385937845616
2026-03-06 20:00:17.000000000,52.36742273827169
2026-03-06 20:18:57.000000000,14.464131421883902
2026-03-06 20:21:36.000000000,23.074828992268575
2026-03-06 20:26:24.000000000,13.804122668228608
2026-03-06 20:26:58.000000000,10.943399473441985
2026-03-06 20:31:37.000000000,27.665614670573095
2026-03-06 20:03:27.000000000,15.048984566183087
2026-03-06 20:06:50.000000000,26.5921573773366
2026-03-06 20:59:12.000000000,39.44008663581682
2026-03-06 20:00:19.000000000,13.876564317088178
2026-03-06 20:04:28.000000000,26.14392786976122
2026-03-06 20:18:06.000000000,21.234919655286472
2026-03-06 20:04:19.000000000,12.979721441282106
2026-03-06 20:10:55.000000000,21.755994349322467
2026-03-06 21:15:18.000000000,16.94554298739197
2026-03-06 21:17:28.000000000,21.153028395191345
2026-03-06 21:22:43.000000000,14.99732554342041
2026-03-06 21:01:30.000000000,32.52848981844778
2026-03-06 21:37:42.000000000,19.38672475352023
2026-03-06 21:48:36.000000000,20.036865840096485
2026-03-06 21:56:02.000000000,10.685892010094427
2026-03-06 21:21:43.000000000,10.74607189779216
2026-03-06 21:39:35.000000000,22.39082656718124
2026-03-06 21:20:26.000000000,25.781583417783484
2026-03-06 21:06:02.000000000,8.871084098106738
2026-03-06 21:44:21.000000000,13.843557540565723
2026-03-06 21:22:54.000000000,43.32586053158446
2026-03-06 21:40:27.000000000,35.776217322105644
2026-03-06 21:57:35.000000000,13.779673899647229
2026-03-06 21:11:07.000000000,11.557438052510776
2026-03-06 21:35:56.000000000,9.452085127723596
2026-03-06 21:13:45.000000000,20.721693680325902
2026-03-06 21:38:51.000000000,32.01260394899897
2026-03-06 21:19:16.000000000,5.144920348157706
2026-03-06 21:49:48.000000000,41.093751154229814
2026-03-06 21:24:07.000000000,39.504760777703225
2026-03-06 22:49:44.000000000,38.10481362644362
2026-03-06 22:53:19.000000000,14.894283214463963
2026-03-06 22:22:21.000000000,20.64031336694075
2026-03-06 22:10:53.000000000,74.2080787774665
2026-03-06 22:16:46.000000000,20.631858733718804
2026-03-06 22:50:36.000000000,13.838594928017482
2026-03-06 22:28:02.000000000,23.802790277648047
2026-03-06 22:32:01.000000000,76.98196836891724
2026-03-06 22:29:50.000000000,49.986179392816894
2026-03-06 22:06:19.000000000,15.976594697578442
2026-03-06 22:35:03.000000000,16.727477508742343
2026-03-06 22:29:33.000000000,26.868329984381074
2026-03-06 22:50:10.000000000,18.285758625640778
2026-03-06 22:53:44.000000000,56.99312480708736
2026-03-06 22:25:16.000000000,14.496909548044105
2026-03-06 22:40:34.000000000,13.229505410226167
2026-03-06 22:43:02.000000000,3.47982060573721
2026-03-06 22:46:09.000000000,23.365923435576175
2026-03-06 22:28:27.000000000,12.174500329527412
2026-03-06 22:13:24.000000000,23.923511922542207
2026-03-06 22:10:34.000000000,20.359935816550735
2026-03-06 22:23:13.000000000,11.897231304623151
2026-03-06 22:49:31.000000000,22.765763281634445
2026-03-06 22:18:53.000000000,37.1431232639341
2026-03-06 23:28:07.000000000,14.047015473658497
2026-03-06 23:53:48.000000000,4.986095450404784
2026-03-06 23:58:43.000000000,15.472256159010985
2026-03-06 23:49:46.000000000,12.354764930387315
2026-03-06 23:15:36.000000000,57.516297284559606
2026-03-06 23:21:54.000000000,11.138086216961938
2026-03-06 23:13:33.000000000,14.100690856199218
2026-03-06 23:14:02.000000000,22.672893515420782
2026-03-06 23:07:45.000000000,7.196903274358562
2026-03-06 23:52:30.000000000,8.67174160698362
2026-03-06 23:39:21.000000000,46.1064613605359
2026-03-06 23:11:35.000000000,249.08986183348335
2026-03-06 23:57:47.000000000,22.90285456683696
2026-03-06 23:17:08.000000000,48.70640312630065
2026-03-06 23:53:58.000000000,13.174615063658837
2026-03-06 23:32:04.000000000,17.75846793593554
2026-03-06 23:04:42.000000000,95.82772150230507
2026-03-07 00:09:46.000000000,32.33554417154963
2026-03-07 00:50:06.000000000,24.495607726654587
2026-03-07 00:13:39.000000000,21.691812445435954
2026-03-07 00:36:14.000000000,13.156848354127959
2026-03-07 00:29:28.000000000,9.52321663136319
2026-03-07 00:54:29.000000000,47.797879378146
2026-03-07 00:14:23.000000000,23.312950000074526
2026-03-07 00:40:16.000000000,9.685156625810983
2026-03-07 00:47:34.000000000,21.457853392047443
2026-03-07 00:47:25.000000000,11.365324947849501
2026-03-07 00:57:23.000000000,11.996154593151765
2026-03-07 00:44:07.000000000,61.75968269377468
2026-03-07 00:09:18.000000000,21.350155712082866
2026-03-07 00:17:05.000000000,24.17023447795318
2026-03-07 00:55:26.000000000,34.87406183780021
2026-03-07 00:46:54.000000000,30.327530469688636
2026-03-07 00:34:50.000000000,32.938079824898146
2026-03-07 00:44:05.000000000,9.494518175268201
2026-03-07 00:37:51.000000000,17.55185816821157
2026-03-07 00:54:53.000000000,11.18652081981012
2026-03-07 00:04:34.000000000,32.07491010742782
2026-03-07 00:19:48.000000000,15.222999184722887
2026-03-07 00:00:08.000000000,21.233762963225434
2026-03-07 01:48:32.000000000,9.511167390950103
2026-03-07 01:02:39.000000000,29.478108917736787
2026-03-07 01:38:23.000000000,8.030867295103754
2026-03-07 01:54:39.000000000,17.844812746616018
2026-03-07 01:05:01.000000000,9.296334026855813
2026-03-07 01:46:49.000000000,12.4853941767797
2026-03-07 01:59:53.000000000,9.633245897856423
2026-03-07 01:40:34.000000000,19.74373530318694
2026-03-07 01:11:08.000000000,12.228137252534609
2026-03-07 01:03:08.000000000,10.818813530790337
2026-03-07 01:43:33.000000000,57.984599975844226
2026-03-07 01:29:13.000000000,25.791184741252206
2026-03-07 01:10:39.000000000,19.33127163836806
2026-03-07 01:13:14.000000000,10.356285704205487
2026-03-07 02:56:07.000000000,19.078361498875967
2026-03-07 02:18:04.000000000,19.337572675203493
2026-03-07 02:47:39.000000000,45.46916846358496
2026-03-07 02:17:02.000000000,34.33132546372922
2026-03-07 02:59:22.000000000,16.241690152754554
2026-03-07 02:50:15.000000000,45.0038774643825
2026-03-07 02:46:10.000000000,26.011837299266265
2026-03-07 02:08:15.000000000,11.845545685848062
2026-03-07 02:36:00.000000000,41.71998585563142
2026-03-07 02:53:45.000000000,26.17004320837893
2026-03-07 02:26:56.000000000,19.421729938731108
2026-03-07 02:43:32.000000000,16.67849287514051
2026-03-07 02:32:19.000000000,39.20091631733963
2026-03-07 02:47:58.000000000,109.89561821545188
2026-03-07 02:03:18.000000000,14.87739117339476
2026-03-07 02:26:47.000000000,32.053243643217826
2026-03-07 03:41:18.000000000,9.991564080923634
2026-03-07 03:08:34.000000000,41.310042061416254
2026-03-07 03:43:35.000000000,5.990718538853692
2026-03-07 03:43:46.000000000,30.94552359735407
2026-03-07 03:30:37.000000000,19.553097194012995
2026-03-07 03:27:51.000000000,28.518804232387676
2026-03-07 03:26:06.000000000,20.95188116049624
2026-03-07 03:17:04.000000000,24.98909046761245
2026-03-07 03:20:19.000000000,15.004290481770408
2026-03-07 03:00:19.000000000,24.22475280609414
2026-03-07 04:40:41.000000000,26.886083243625666
2026-03-07 04:21:18.000000000,18.899846162538555
2026-03-07 04:42:54.000000000,14.111885597031229
2026-03-07 04:25:26.000000000,28.75125654866483
2026-03-07 04:30:43.000000000,15.59661099431538
2026-03-07 05:48:09.000000000,63.554859269110864
2026-03-07 05:53:17.000000000,30.744024720933457
2026-03-07 05:34:39.000000000,52.31248891902812
2026-03-07 05:41:08.000000000,35.23889855829484
2026-03-07 05:44:35.000000000,16.22603171718124
2026-03-07 05:01:40.000000000,118.37124901833879
2026-03-07 06:19:02.000000000,9.409068702606021
2026-03-07 06:25:53.000000000,38.61970135246771
2026-03-07 06:58:40.000000000,20.64293955330982
2026-03-07 06:49:33.000000000,8.792524655091611
2026-03-07 06:36:44.000000000,15.319840358285216
2026-03-07 06:25:51.000000000,52.29772648882537
2026-03-07 06:05:42.000000000,18.185903768431405
2026-03-07 07:24:18.000000000,9.148855916513671
2026-03-07 07:37:16.000000000,10.287755885118433
2026-03-07 07:09:19.000000000,9.352593498134429
2026-03-07 07:41:24.000000000,9.182599849792574
2026-03-07 07:20:23.000000000,18.091051605219572
2026-03-07 07:04:57.000000000,28.445149464772275
2026-03-07 07:02:24.000000000,16.35880664760396
2026-03-07 07:52:47.000000000,8.277264537833119
2026-03-07 08:48:44.000000000,20.96472181163872
2026-03-07 08:12:04.000000000,59.23198604739149
2026-03-07 08:32:40.000000000,19.837662929258475
2026-03-07 08:32:11.000000000,14.721016056666187
2026-03-07 08:07:18.000000000,7.427318930184086
2026-03-07 08:28:16.000000000,31.203780553067755
2026-03-07 08:41:43.000000000,9.114156832811375
2026-03-07 08:50:06.000000000,14.467512064001681
2026-03-07 09:57:57.000000000,47.977741528494526
2026-03-07 09:15:59.000000000,12.048910016342617
2026-03-07 09:31:22.000000000,8.596723846247723
2026-03-07 09:38:35.000000000,54.47407737259956
2026-03-07 09:03:00.000000000,38.891624128071165
2026-03-07 09:32:22.000000000,31.976257593702602
2026-03-07 09:50:18.000000000,13.903418070934702
2026-03-07 09:58:13.000000000,9.200717543857682
2026-03-07 09:08:49.000000000,8.901127104777643
2026-03-07 09:37:13.000000000,31.177798839329423
2026-03-07 09:25:04.000000000,9.048979811318127
2026-03-07 09:39:12.000000000,27.175583127361595
2026-03-07 09:21:31.000000000,10.813488784688218
2026-03-07 10:32:54.000000000,13.393391911650934
2026-03-07 10:38:09.000000000,13.44994835573928
2026-03-07 10:33:11.000000000,8.713252935489969
2026-03-07 10:04:59.000000000,23.443314506971053
2026-03-07 10:40:01.000000000,13.078472326610381
2026-03-07 10:13:18.000000000,16.28277258432552
2026-03-07 10:01:19.000000000,24.564934987598555
2026-03-07 10:25:45.000000000,6.089443753260149
2026-03-07 10:44:05.000000000,15.043401497805696
2026-03-07 10:08:27.000000000,11.597836315275345
2026-03-07 10:55:31.000000000,26.793883710643854
2026-03-07 11:45:58.000000000,49.199645583410806
2026-03-07 11:09:53.000000000,12.937949823112593
2026-03-07 11:39:12.000000000,34.7539205625452
2026-03-07 11:06:20.000000000,8.487974089457637
2026-03-07 11:24:15.000000000,18.64631018378729
2026-03-07 11:15:29.000000000,30.562594097800865
2026-03-07 11:09:47.000000000,17.054538977244814
2026-03-07 11:50:15.000000000,31.3339037856733
2026-03-07 11:21:51.000000000,19.27459766190761
2026-03-07 11:32:51.000000000,14.030183215584522
2026-03-07 11:05:57.000000000,15.280429569718464
2026-03-07 11:52:23.000000000,7.274953329737796
2026-03-07 11:26:48.000000000,9.215458168613804
2026-03-07 11:25:01.000000000,15.548830053848718
2026-03-07 12:47:05.000000000,33.63802592256297
2026-03-07 12:27:26.000000000,17.310848236448688
2026-03-07 12:55:17.000000000,40.7899640226691
2026-03-07 12:55:50.000000000,10.698744581083343
2026-03-07 12:19:26.000000000,22.40645443778259
2026-03-07 12:44:47.000000000,17.275216628704438
2026-03-07 12:36:40.000000000,56.67938898337437
2026-03-07 12:10:02.000000000,50.23285070135138
2026-03-07 12:12:41.000000000,23.45101403431247
2026-03-07 12:03:28.000000000,40.244696369107814
2026-03-07 12:24:16.000000000,42.915658912802705
2026-03-07 12:29:50.000000000,14.726619354321052
2026-03-07 12:24:55.000000000,24.40187046845354
2026-03-07 12:36:33.000000000,24.030963950266322
2026-03-07 12:06:04.000000000,14.691434116999485
2026-03-07 12:14:40.000000000,44.548623926485156
2026-03-07 12:59:01.000000000,10.259605076392369
2026-03-07 12:43:57.000000000,60.10276337861866
2026-03-07 12:51:16.000000000,46.198565163192875
2026-03-07 12:25:44.000000000,7.94714970994876
2026-03-07 12:01:12.000000000,8.62226240376781
2026-03-07 12:01:37.000000000,12.564243339540695
2026-03-07 13:30:31.000000000,99.36260248891217
2026-03-07 13:05:28.000000000,18.847775862262715
2026-03-07 13:40:33.000000000,46.23329842445867
2026-03-07 13:49:01.000000000,25.656285404408127
2026-03-07 13:00:59.000000000,27.143451035586654
2026-03-07 13:46:30.000000000,11.74468258164216
2026-03-07 13:18:58.000000000,12.19455874607219
2026-03-07 13:05:09.000000000,21.120908511124032
2026-03-07 13:07:16.000000000,14.79274681085533
2026-03-07 13:40:32.000000000,61.89981140785333
2026-03-07 13:23:35.000000000,33.04811300893751
2026-03-07 13:51:24.000000000,11.407718686299336
2026-03-07 13:11:34.000000000,23.806962529035044
2026-03-07 13:23:14.000000000,32.00829759817928
2026-03-07 13:57:42.000000000,10.091069335934225
2026-03-07 13:13:33.000000000,29.644584712893884
2026-03-07 14:09:42.000000000,12.003505264470498
2026-03-07 14:06:43.000000000,21.81917303574865
2026-03-07 14:16:41.000000000,11.659287707433716
2026-03-07 14:40:56.000000000,10.037871110948327
2026-03-07 14:24:54.000000000,31.327289962987674
2026-03-07 14:35:23.000000000,18.020902059452464
2026-03-07 14:23:27.000000000,10.072675628546506
2026-03-07 14:42:40.000000000,31.307970034289422
2026-03-07 14:09:53.000000000,27.184370725262198
2026-03-07 14:23:06.000000000,12.500796314933524
2026-03-07 14:16:29.000000000,13.76912469139463
2026-03-07 14:35:33.000000000,22.58662517405082
2026-03-07 14:44:44.000000000,16.187688624330256
2026-03-07 14:28:41.000000000,30.64447838315089
2026-03-07 14:28:37.000000000,22.309902300392263
2026-03-07 14:45:36.000000000,17.56220082913741
2026-03-07 14:19:07.000000000,7.910838870262801
2026-03-07 14:50:10.000000000,34.370121138529036
2026-03-07 14:51:53.000000000,9.383373265621838
2026-03-07 14:04:17.000000000,23.455683208781462
2026-03-07 14:00:24.000000000,8.080371938663713
2026-03-07 14:18:34.000000000,6.551008246364232
2026-03-07 15:17:31.000000000,22.0475935076357
2026-03-07 15:15:53.000000000,10.930083696551169
2026-03-07 15:52:38.000000000,11.821619417919429
2026-03-07 15:39:28.000000000,14.58385961665941
2026-03-07 15:30:56.000000000,17.03942624597232
2026-03-07 15:58:23.000000000,17.91523793480778
2026-03-07 15:47:25.000000000,35.936388386033514
2026-03-07 15:36:06.000000000,7.996238211030569
2026-03-07 16:40:00.000000000,33.02528436789988
2026-03-07 16:31:17.000000000,44.978835988601254
2026-03-07 16:22:09.000000000,26.611480628816803
2026-03-07 16:27:50.000000000,17.25589855513184
2026-03-07 16:45:43.000000000,17.20487101928183
2026-03-07 16:17:39.000000000,18.927553905986418
2026-03-07 16:26:24.000000000,7.47158856641994
2026-03-07 16:01:40.000000000,13.864523887621242
2026-03-07 16:54:51.000000000,8.325586105159935
2026-03-07 16:28:26.000000000,12.032356162497091
2026-03-07 16:15:57.000000000,20.75138727325499
2026-03-07 16:24:36.000000000,16.962397949577838
2026-03-07 16:55:09.000000000,38.767079830520814
2026-03-07 16:59:50.000000000,8.056207738472668
2026-03-07 16:31:59.000000000,40.25443444510251
2026-03-07 16:55:59.000000000,9.927260192010213
2026-03-07 16:56:51.000000000,10.445640578412604
2026-03-07 16:43:59.000000000,23.713732054544746
2026-03-07 17:16:01.000000000,7.835805279546559
2026-03-07 17:40:49.000000000,8.136083345425568
2026-03-07 17:40:06.000000000,48.17768826603285
2026-03-07 17:09:36.000000000,38.995469962492656
2026-03-07 17:13:01.000000000,6.58658683759913
2026-03-07 17:18:18.000000000,22.293606998110608
2026-03-07 17:00:04.000000000,14.892204030427937
2026-03-07 17:06:16.000000000,29.048505723575385
2026-03-07 17:37:34.000000000,26.141866056672807
2026-03-07 17:43:05.000000000,8.115855325264963
2026-03-07 17:08:20.000000000,17.437527985528266
2026-03-07 17:45:26.000000000,18.458477712926804
2026-03-07 17:11:59.000000000,17.84418779893251
2026-03-07 17:30:09.000000000,47.339656548185616
2026-03-07 17:50:33.000000000,18.251728767291358
2026-03-07 17:49:09.000000000,21.605870316641905
2026-03-07 17:18:18.000000000,12.099167606217836
2026-03-07 17:48:33.000000000,20.37458262924304
2026-03-07 17:02:02.000000000,17.578742630657338
2026-03-07 17:57:44.000000000,31.30079011684821
2026-03-07 17:58:32.000000000,55.91400976826598
2026-03-07 17:59:33.000000000,6.855622339256593
2026-03-07 17:08:50.000000000,57.09137526667808
2026-03-07 18:27:55.000000000,31.046610279466922
2026-03-07 18:40:41.000000000,12.377931428045454
2026-03-07 18:12:04.000000000,17.653586497720614
2026-03-07 18:13:55.000000000,18.67955139105624
2026-03-07 18:43:28.000000000,9.984941954654609
2026-03-07 18:39:52.000000000,99.8067260361342
2026-03-07 18:45:34.000000000,40.27507821360088
2026-03-07 18:20:13.000000000,9.392785511757992
2026-03-07 18:45:12.000000000,9.887039643799689
2026-03-07 18:32:52.000000000,58.4892176481736
2026-03-07 18:24:32.000000000,16.112114588364975
2026-03-07 18:23:55.000000000,99.53851235251514
2026-03-07 18:16:40.000000000,37.97794364947232
2026-03-07 18:00:37.000000000,49.52410981153861
2026-03-07 18:36:04.000000000,19.449827885880342
2026-03-07 18:27:46.000000000,9.774819110367694
2026-03-07 18:45:58.000000000,23.7041445161265
2026-03-07 18:44:26.000000000,19.350470606439547
2026-03-07 18:42:27.000000000,2.148097806029047
2026-03-07 18:18:19.000000000,9.970485070549408
2026-03-07 18:00:42.000000000,26.022791833503103
2026-03-07 18:17:04.000000000,25.672691474253636
2026-03-07 19:20:36.000000000,41.01046511862689
2026-03-07 19:34:15.000000000,33.648147277466855
2026-03-07 19:23:57.000000000,8.177312032604853
2026-03-07 19:55:30.000000000,15.154052590060882
2026-03-07 19:22:32.000000000,12.640929310801564
2026-03-07 19:50:17.000000000,34.26862926038182
2026-03-07 19:00:35.000000000,49.81896296240217
2026-03-07 19:10:06.000000000,5.155847010811893
2026-03-07 19:09:56.000000000,38.46646935382976
2026-03-07 19:42:17.000000000,31.47859406236758
2026-03-07 19:47:37.000000000,14.592077163057212
2026-03-07 19:09:32.000000000,9.991719825650634
2026-03-07 19:44:53.000000000,2.0464292499104593
2026-03-07 19:51:04.000000000,31.1817508469932
2026-03-07 19:46:32.000000000,50.90127386384838
2026-03-07 19:03:12.000000000,25.22602368909249
2026-03-07 20:56:03.000000000,59.47542962047671
2026-03-07 20:05:16.000000000,13.411496534471077
2026-03-07 20:35:17.000000000,20.586944403703928
2026-03-07 20:06:08.000000000,25.921523388214638
2026-03-07 20:03:18.000000000,17.534783411297415
2026-03-07 20:44:15.000000000,14.321831606090075
2026-03-07 20:41:53.000000000,33.62494217779541
2026-03-07 20:53:24.000000000,14.17228373600138
2026-03-07 20:23:33.000000000,15.554984864010446
2026-03-07 20:02:10.000000000,12.869654892411784
2026-03-07 20:47:50.000000000,11.844648028133687
2026-03-07 20:24:17.000000000,20.44338658934691
2026-03-07 20:17:55.000000000,44.07406102394514
2026-03-07 20:48:42.000000000,31.204907172750193
2026-03-07 20:19:06.000000000,14.401834968387366
2026-03-07 20:52:05.000000000,13.822987664465682
2026-03-07 21:54:35.000000000,12.953278080729355
2026-03-07 21:41:07.000000000,60.26206447758492
2026-03-07 21:21:24.000000000,40.779972680934
2026-03-07 21:25:12.000000000,25.86539870350904
2026-03-07 21:18:34.000000000,31.367453499955754
2026-03-07 21:03:12.000000000,11.597810454505133
2026-03-07 21:43:42.000000000,44.99481044777793
2026-03-07 21:10:42.000000000,13.930571962135616
2026-03-07 21:56:52.000000000,24.63130142897303
2026-03-07 21:13:41.000000000,28.547515732329042
2026-03-07 21:18:54.000000000,4.752017776050328
2026-03-07 21:15:57.000000000,20.560931232670402
2026-03-07 21:22:45.000000000,10.312336887646374
2026-03-07 21:19:17.000000000,28.15839442523944
2026-03-07 21:51:38.000000000,8.680139110965172
2026-03-07 21:58:54.000000000,13.254995473694592
2026-03-07 21:30:26.000000000,14.630054631523278
2026-03-07 21:37:19.000000000,29.535526691496162
2026-03-07 21:03:47.000000000,24.97740531530174
2026-03-07 21:15:21.000000000,28.320579640107486
2026-03-07 21:40:46.000000000,28.41528189402681
2026-03-07 22:56:32.000000000,18.3409970838841
2026-03-07 22:36:14.000000000,27.301206437973494
2026-03-07 22:43:21.000000000,29.71407926130252
2026-03-07 22:56:04.000000000,17.2615365648777
2026-03-07 22:01:05.000000000,28.865305854083733
2026-03-07 22:27:54.000000000,30.38811745684026
2026-03-07 22:31:40.000000000,12.080901602749172
2026-03-07 22:57:07.000000000,10.876515593097725
2026-03-07 22:32:44.000000000,11.087180808114653
2026-03-07 22:16:12.000000000,7.806176634708308
2026-03-07 22:37:52.000000000,7.096007527189739
2026-03-07 22:57:02.000000000,16.633467316629105
2026-03-07 22:45:54.000000000,24.89184005821266
2026-03-07 22:13:51.000000000,25.081996805439243
2026-03-07 22:52:40.000000000,11.028626272677357
2026-03-07 22:20:05.000000000,20.383967539846584
2026-03-07 22:28:39.000000000,10.125587258987338
2026-03-07 22:32:10.000000000,47.32160139620088
2026-03-07 22:23:46.000000000,10.568006271389912
2026-03-07 22:56:04.000000000,22.28721796696082
2026-03-07 22:57:10.000000000,13.9006715122533
2026-03-07 22:13:08.000000000,16.520562813373722
2026-03-07 23:20:45.000000000,10.849984820667576
2026-03-07 23:54:27.000000000,11.379062972378826
2026-03-07 23:36:38.000000000,16.485386823986826
2026-03-07 23:10:09.000000000,17.173988473485775
2026-03-07 23:34:26.000000000,18.116462587373118
2026-03-07 23:09:29.000000000,8.706531136216526
2026-03-07 23:00:46.000000000,53.24274509092828
2026-03-07 23:56:07.000000000,14.860353209926771
2026-03-07 23:58:20.000000000,9.83634508648316
2026-03-07 23:14:45.000000000,55.08870714310785
2026-03-07 23:10:38.000000000,10.891938307317215
2026-03-07 23:58:19.000000000,28.38095779068882
2026-03-07 23:43:52.000000000,17.534739735676563
2026-03-07 23:17:22.000000000,10.23062352826878
2026-03-07 23:02:55.000000000,10.179971553804307
2026-03-07 23:33:07.000000000,20.27429896911995
2026-03-07 23:28:25.000000000,56.516664496701964
2026-03-07 23:37:42.000000000,22.885605309112332
2026-03-07 23:13:41.000000000,30.138464048475658
2026-03-07 23:55:53.000000000,22.509610417816095
2026-03-07 23:10:49.000000000,15.27758349593649
2026-03-07 23:48:20.000000000,39.92863172124027
2026-03-07 23:05:28.000000000,7.01173537609788
2026-03-08 00:05:49.000000000,34.63552653120897
2026-03-08 00:53:51.000000000,18.03092310996116
2026-03-08 00:06:02.000000000,30.206868318103123
2026-03-08 00:06:10.000000000,15.72646037917223
2026-03-08 00:30:41.000000000,27.556020949013078
2026-03-08 00:17:29.000000000,12.76777167800888
2026-03-08 00:27:59.000000000,22.313396124611952
2026-03-08 00:06:56.000000000,17.59120795189011
2026-03-08 00:32:29.000000000,23.74693459472063
2026-03-08 00:09:45.000000000,17.276716736643746
2026-03-08 00:46:05.000000000,13.187511264612464
2026-03-08 00:45:17.000000000,6.603790204753444
2026-03-08 00:44:19.000000000,8.637339987695071
2026-03-08 00:20:02.000000000,85.04024713919397
2026-03-08 00:51:15.000000000,8.509373109455765
2026-03-08 00:42:43.000000000,48.33226752273196
2026-03-08 00:41:51.000000000,31.82587028380727
2026-03-08 00:46:56.000000000,21.875263868138834
2026-03-08 00:30:39.000000000,21.700136079179142
2026-03-08 00:38:55.000000000,30.794656770056992
2026-03-08 00:56:03.000000000,82.92347917224163
2026-03-08 00:23:17.000000000,23.30319583781694
2026-03-08 01:39:14.000000000,13.369155980189966
2026-03-08 01:51:33.000000000,23.86777471255962
2026-03-08 01:11:19.000000000,48.74519332529314
2026-03-08 01:11:05.000000000,10.85803355214512
2026-03-08 01:21:11.000000000,17.645108950134738
2026-03-08 01:22:54.000000000,22.504734517782698
2026-03-08 01:29:37.000000000,33.495298912865394
2026-03-08 01:13:16.000000000,53.548867314803026
2026-03-08 03:08:35.000000000,9.142400757930258
2026-03-08 03:47:33.000000000,16.707754098664072
2026-03-08 03:17:46.000000000,44.23048458997814
2026-03-08 03:06:34.000000000,57.92662635945678
2026-03-08 03:06:28.000000000,15.472727329951393
2026-03-08 03:33:22.000000000,22.286966477736026
2026-03-08 03:52:25.000000000,12.959636526709595
2026-03-08 03:19:26.000000000,19.86031568354137
2026-03-08 03:08:08.000000000,59.84106993812753
2026-03-08 03:11:30.000000000,24.23220335814454
2026-03-08 03:05:23.000000000,48.162410404656974
2026-03-08 03:41:19.000000000,42.1647377474997
2026-03-08 03:46:20.000000000,10.971762801279382
2026-03-08 03:09:26.000000000,91.49374339254624
2026-03-08 03:52:12.000000000,26.635885630063964
2026-03-08 03:33:22.000000000,63.43691966577649
2026-03-08 03:17:43.000000000,11.307358287493631
2026-03-08 04:02:39.000000000,21.150111221199463
2026-03-08 04:02:34.000000000,21.9136865638545
2026-03-08 04:03:49.000000000,56.53358346301044
2026-03-08 04:39:23.000000000,12.285101029371596
2026-03-08 04:19:02.000000000,46.86773176659357
2026-03-08 04:04:02.000000000,33.571569577935804
2026-03-08 04:10:32.000000000,16.975959084987355
2026-03-08 04:53:17.000000000,13.27173502494507
2026-03-08 04:00:13.000000000,70.82681101924618
2026-03-08 04:44:39.000000000,65.04771755257423
2026-03-08 05:52:51.000000000,39.76427452460265
2026-03-08 05:56:03.000000000,28.224616141212064
2026-03-08 05:50:16.000000000,10.776044814656512
2026-03-08 05:11:58.000000000,54.58115504056735
2026-03-08 05:06:04.000000000,54.04231491718525
2026-03-08 05:52:37.000000000,32.81281320817113
2026-03-08 06:53:43.000000000,35.70779651427274
2026-03-08 06:21:14.000000000,18.292570115879226
2026-03-08 06:32:58.000000000,13.722815972367936
2026-03-08 06:39:08.000000000,8.98288292375943
2026-03-08 06:50:13.000000000,26.22134297724371
2026-03-08 06:47:23.000000000,39.71026562068279
2026-03-08 06:56:53.000000000,15.011354107848202
2026-03-08 06:24:45.000000000,22.11290639851811
2026-03-08 06:31:39.000000000,101.52460192802297
2026-03-08 06:47:01.000000000,11.349485785141837
2026-03-08 06:04:51.000000000,68.55170879700326
2026-03-08 07:45:38.000000000,15.66717309832449
2026-03-08 07:01:14.000000000,15.77887925760528
2026-03-08 07:54:03.000000000,21.037783298275492
2026-03-08 07:48:28.000000000,10.56709944804167
2026-03-08 07:49:08.000000000,77.14393359320749
2026-03-08 07:05:23.000000000,10.504635197144356
2026-03-08 07:10:33.000000000,42.75753424762714
2026-03-08 07:50:40.000000000,12.953131443645248
2026-03-08 08:40:53.000000000,17.71413986969674
2026-03-08 08:23:10.000000000,16.49819522060631
2026-03-08 08:42:33.000000000,38.202089418183824
2026-03-08 08:01:08.000000000,8.429628355329395
2026-03-08 08:13:22.000000000,18.55995494853779
2026-03-08 08:49:47.000000000,37.65549694110285
2026-03-08 08:54:37.000000000,24.767730492885306
2026-03-08 08:07:39.000000000,14.41326902008613
2026-03-08 09:28:58.000000000,16.711394558150555
2026-03-08 09:13:06.000000000,16.256936498131534
2026-03-08 09:50:22.000000000,11.964722947113884
2026-03-08 09:13:35.000000000,18.618647799572205
2026-03-08 09:15:12.000000000,9.33830492585297
2026-03-08 09:58:04.000000000,19.866131168157924
2026-03-08 09:27:45.000000000,12.084757571749812
2026-03-08 09:51:01.000000000,26.326887550731595
2026-03-08 09:22:48.000000000,25.44577755913365
2026-03-08 09:41:44.000000000,18.888625625566863
2026-03-08 09:54:39.000000000,11.778304238612705
2026-03-08 09:14:47.000000000,36.45036381366707
2026-03-08 09:16:22.000000000,11.519356838664628
2026-03-08 09:44:16.000000000,13.642959155714621
2026-03-08 09:19:53.000000000,11.34225690835368
2026-03-08 09:53:29.000000000,8.997083108910513
2026-03-08 09:15:49.000000000,17.448457919853002
2026-03-08 09:12:16.000000000,15.518743054937953
2026-03-08 10:00:45.000000000,29.645989084319897
2026-03-08 10:40:06.000000000,15.261247244656062
2026-03-08 10:14:26.000000000,11.62174061245275
2026-03-08 10:05:26.000000000,9.772929495138676
2026-03-08 10:40:11.000000000,8.549663745268962
2026-03-08 10:12:18.000000000,67.14745914792391
2026-03-08 10:21:27.000000000,13.73764923449422
2026-03-08 10:00:12.000000000,7.558482381098587
2026-03-08 10:51:01.000000000,22.6785154454369
2026-03-08 10:58:22.000000000,72.89926744060935
2026-03-08 10:21:21.000000000,36.35317122498472
2026-03-08 10:23:32.000000000,19.350917696454164
2026-03-08 10:06:08.000000000,18.337268843506866
2026-03-08 10:55:13.000000000,13.303978454389917
2026-03-08 10:27:25.000000000,20.11095796084882
2026-03-08 10:33:05.000000000,14.694978949769819
2026-03-08 10:13:44.000000000,28.29241537238592
2026-03-08 10:58:42.000000000,24.53917139244476
2026-03-08 11:06:25.000000000,15.538014046098628
2026-03-08 11:46:41.000000000,32.8146634106186
2026-03-08 11:04:19.000000000,12.990780088583822
2026-03-08 11:02:30.000000000,46.03872021983216
2026-03-08 11:09:23.000000000,8.737675198513497
2026-03-08 11:25:01.000000000,43.70850149141412
2026-03-08 11:02:14.000000000,11.902623486993878
2026-03-08 11:32:39.000000000,31.12127858080437
2026-03-08 11:03:54.000000000,45.57370476080554
2026-03-08 11:42:19.000000000,28.124104572803144
2026-03-08 11:14:58.000000000,13.185663170630182
2026-03-08 11:03:20.000000000,8.49372652225292
2026-03-08 11:25:26.000000000,18.479547734325667
2026-03-08 11:56:32.000000000,6.300560924753299
2026-03-08 11:53:34.000000000,8.269872676214877
2026-03-08 11:43:47.000000000,9.307571828731287
2026-03-08 11:53:13.000000000,8.863615003587324
2026-03-08 11:45:25.000000000,11.940891236110662
2026-03-08 11:16:26.000000000,32.61901031179119
2026-03-08 11:57:12.000000000,11.629068971604482
2026-03-08 12:15:20.000000000,9.247961890355182
2026-03-08 12:14:23.000000000,21.280980798363903
2026-03-08 12:08:55.000000000,28.179599024710836
2026-03-08 12:53:00.000000000,13.083250805966866
2026-03-08 12:42:08.000000000,22.045334011743346
2026-03-08 12:41:21.000000000,32.50044916590204
2026-03-08 12:15:56.000000000,69.9567849499579
2026-03-08 12:15:52.000000000,45.53121116255627
2026-03-08 12:09:25.000000000,57.091979395187956
2026-03-08 12:05:50.000000000,29.857131885784764
2026-03-08 12:55:07.000000000,15.480943545418597
2026-03-08 12:31:40.000000000,14.615743176181667
2026-03-08 12:17:34.000000000,66.93003650324445
2026-03-08 12:08:07.000000000,42.028945601931774
2026-03-08 12:58:58.000000000,44.2300798179366
2026-03-08 12:36:16.000000000,20.61985561728233
2026-03-08 12:26:47.000000000,43.60860789835025
2026-03-08 12:10:28.000000000,13.773641682777086
2026-03-08 13:41:25.000000000,4.1668882190898415
2026-03-08 13:49:03.000000000,11.63662511881148
2026-03-08 13:03:33.000000000,13.434493844148246
2026-03-08 13:37:17.000000000,32.163133089998794
2026-03-08 13:11:39.000000000,24.47706944715375
2026-03-08 13:49:14.000000000,33.97381498825589
2026-03-08 13:34:27.000000000,27.937284587498002
2026-03-08 13:23:28.000000000,22.60408806163752
2026-03-08 13:37:00.000000000,56.39680255508623
2026-03-08 13:39:30.000000000,10.555038830666842
2026-03-08 13:30:09.000000000,11.284206286203041
2026-03-08 13:54:17.000000000,79.8923496056005
2026-03-08 13:24:16.000000000,8.99914826130902
2026-03-08 13:32:20.000000000,26.93109963722443
2026-03-08 13:17:29.000000000,5.734016708718759
2026-03-08 13:59:03.000000000,9.51185743653095
2026-03-08 13:48:58.000000000,8.17619290051596
2026-03-08 13:37:22.000000000,27.914231892424855
2026-03-08 13:28:34.000000000,45.425933856984315
2026-03-08 13:14:23.000000000,18.02938506629134
2026-03-08 13:22:03.000000000,32.141336003896804
2026-03-08 13:45:40.000000000,20.09598275643376
2026-03-08 14:10:38.000000000,17.39066695843479
2026-03-08 14:01:15.000000000,54.47309100636861
2026-03-08 14:36:53.000000000,13.893732989775327
2026-03-08 14:12:19.000000000,24.73273079961921
2026-03-08 14:09:22.000000000,21.60234691163831
2026-03-08 14:11:54.000000000,29.138186797609453
2026-03-08 14:11:11.000000000,28.58638298491262
2026-03-08 14:13:09.000000000,29.0272722452662
2026-03-08 14:04:17.000000000,29.88120439847621
2026-03-08 14:20:50.000000000,14.102238991367354
2026-03-08 14:36:33.000000000,38.59079185249174
2026-03-08 14:04:58.000000000,29.14554939256401
2026-03-08 15:24:00.000000000,38.710394323635505
2026-03-08 15:03:44.000000000,7.10239601585527
2026-03-08 15:23:30.000000000,28.381039041278637
2026-03-08 15:33:20.000000000,23.279550470017444
2026-03-08 15:17:24.000000000,30.374945628284518
2026-03-08 15:01:24.000000000,57.98513924289096
2026-03-08 15:23:37.000000000,10.279190401638047
2026-03-08 15:21:18.000000000,6.385752866374649
2026-03-08 15:08:00.000000000,11.312214716511654
2026-03-08 15:53:56.000000000,49.824170699593765
2026-03-08 15:31:12.000000000,18.35412397990599
2026-03-08 15:13:01.000000000,57.86093813141055
2026-03-08 15:42:11.000000000,53.838080270114844
2026-03-08 15:32:43.000000000,13.474843228423769
2026-03-08 15:35:03.000000000,13.90425418286419
2026-03-08 15:44:53.000000000,55.60010904521733
2026-03-08 16:01:24.000000000,17.235447018418224
2026-03-08 16:54:17.000000000,1.95102997306395
2026-03-08 16:53:28.000000000,188.64812848186423
2026-03-08 16:19:52.000000000,10.466426946495439
2026-03-08 16:48:17.000000000,34.83538746672818
2026-03-08 16:39:30.000000000,9.990701874960898
2026-03-08 16:37:44.000000000,31.502139214334647
2026-03-08 16:25:31.000000000,10.234607307535676
2026-03-08 16:20:32.000000000,30.32296038273132
2026-03-08 16:40:34.000000000,12.11248254525653
2026-03-08 16:46:13.000000000,48.84580010875462
2026-03-08 16:11:15.000000000,30.448912594693578
2026-03-08 16:48:58.000000000,108.41694614407199
2026-03-08 16:48:21.000000000,57.396471202358754
2026-03-08 17:14:50.000000000,8.5306568460751
2026-03-08 17:22:48.000000000,11.066402737051192
2026-03-08 17:57:52.000000000,16.100047402830217
2026-03-08 17:08:30.000000000,29.684178965478548
2026-03-08 17:47:14.000000000,19.0274527697969
2026-03-08 17:11:05.000000000,15.956354401428605
2026-03-08 17:25:35.000000000,5.704701801514881
2026-03-08 17:58:10.000000000,86.34847098078122
2026-03-08 17:49:10.000000000,32.93182325360366
2026-03-08 17:22:29.000000000,9.213722064760919
2026-03-08 17:03:56.000000000,26.26527754413672
2026-03-08 17:14:44.000000000,15.492791446680464
2026-03-08 17:54:28.000000000,18.201086693969703
2026-03-08 17:04:48.000000000,8.343572441632386
2026-03-08 17:18:09.000000000,46.142779667257166
2026-03-08 17:03:38.000000000,102.02954722158195
2026-03-08 17:40:21.000000000,62.98986998080324
2026-03-08 17:16:05.000000000,16.928537956403886
2026-03-08 17:03:21.000000000,11.121454693530406
2026-03-08 17:31:12.000000000,10.151203600475394
2026-03-08 17:44:28.000000000,6.687066505363999
2026-03-08 17:26:45.000000000,17.752655590030496
2026-03-08 18:11:01.000000000,16.55176473644801
2026-03-08 18:55:43.000000000,11.314699179753287
2026-03-08 18:56:02.000000000,24.35150121654755
2026-03-08 18:20:51.000000000,14.624077177051621
2026-03-08 18:15:31.000000000,70.65138268054804
2026-03-08 18:15:23.000000000,25.73719196900443
2026-03-08 18:56:01.000000000,17.971325377261362
2026-03-08 18:23:37.000000000,26.897688055745984
2026-03-08 18:02:48.000000000,12.688530849434443
2026-03-08 18:33:18.000000000,34.76452675694512
2026-03-08 18:07:54.000000000,14.019989724547486
2026-03-08 18:16:15.000000000,17.65549835137821
2026-03-08 18:42:45.000000000,27.42373844398664
2026-03-08 19:01:39.000000000,15.4505266023811
2026-03-08 19:07:55.000000000,7.421915138514283
2026-03-08 19:26:49.000000000,19.722652599325603
2026-03-08 19:18:58.000000000,83.25471386069148
2026-03-08 19:53:31.000000000,14.918854297471718
2026-03-08 19:45:35.000000000,63.88902422873357
2026-03-08 19:50:12.000000000,59.650950375599706
2026-03-08 19:38:13.000000000,9.197218059777882
2026-03-08 19:27:04.000000000,26.11148873063588
2026-03-08 19:53:54.000000000,31.221348553127473
2026-03-08 19:49:07.000000000,1.6533986550564272
2026-03-08 19:15:17.000000000,49.18758818239895
2026-03-08 19:55:54.000000000,28.22658437912227
2026-03-08 19:33:05.000000000,11.225909757854232
2026-03-08 20:08:17.000000000,22.8975006500693
2026-03-08 20:41:52.000000000,21.139859355231298
2026-03-08 20:16:25.000000000,1.5835894153193342
2026-03-08 20:55:33.000000000,1.2398748230562684
2026-03-08 20:16:55.000000000,14.80985893879755
2026-03-08 20:13:43.000000000,8.097202100362436
2026-03-08 20:19:50.000000000,22.37806534136399
2026-03-08 20:41:50.000000000,28.967438217965135
2026-03-08 20:57:55.000000000,59.88489465841914
2026-03-08 20:10:51.000000000,19.737093050881274
2026-03-08 20:08:37.000000000,26.10047407878208
2026-03-08 20:46:31.000000000,9.864468916038614
2026-03-08 20:55:38.000000000,10.453189642775577
2026-03-08 20:30:33.000000000,18.937943892568573
2026-03-08 20:20:14.000000000,19.93189341111015
2026-03-08 21:30:07.000000000,20.7804642888135
2026-03-08 21:14:41.000000000,41.56997211717296
2026-03-08 21:27:04.000000000,30.78490858638347
2026-03-08 21:51:20.000000000,17.19823045293904
2026-03-08 21:03:33.000000000,55.60156912064673
2026-03-08 21:17:54.000000000,35.16346855737902
2026-03-08 21:52:55.000000000,15.03530062977443
2026-03-08 21:16:23.000000000,16.26945011808194
2026-03-08 21:51:34.000000000,18.9788196210589
2026-03-08 21:57:20.000000000,7.1741354783574085
2026-03-08 21:09:09.000000000,67.37459010631201
2026-03-08 22:24:12.000000000,42.00252923038973
2026-03-08 22:21:30.000000000,29.537156491644748
2026-03-08 22:08:28.000000000,22.8252530524629
2026-03-08 22:31:59.000000000,7.712702931342915
2026-03-08 22:14:57.000000000,37.55020287837005
2026-03-08 22:44:01.000000000,22.666501773794817
2026-03-08 22:47:50.000000000,17.668037558827837
2026-03-08 22:39:56.000000000,25.16641193138174
2026-03-08 22:19:22.000000000,20.677537942604612
2026-03-08 22:41:49.000000000,15.130885202965004
2026-03-08 22:02:49.000000000,22.008773079703115
2026-03-08 22:09:41.000000000,61.68849279556299
2026-03-08 22:01:14.000000000,12.676811709431231
2026-03-08 22:11:02.000000000,20.626553116111584
2026-03-08 22:26:12.000000000,22.264430193134274
2026-03-08 22:16:02.000000000,24.41500450165326
2026-03-08 23:07:48.000000000,12.087182443143156
2026-03-08 23:33:32.000000000,28.617700146415277
2026-03-08 23:49:40.000000000,18.092237539818885
2026-03-08 23:15:01.000000000,29.44440112489345
2026-03-08 23:20:57.000000000,12.417164638846486
2026-03-08 23:48:31.000000000,8.189081126002762
2026-03-08 23:43:02.000000000,52.40660443797989
2026-03-08 23:31:35.000000000,48.31124398019095
2026-03-08 23:01:55.000000000,24.46673446208177
2026-03-08 23:36:09.000000000,33.94757341365524
2026-03-08 23:53:46.000000000,29.632766172177345
2026-03-08 23:56:10.000000000,18.09422042033513
2026-03-08 23:51:19.000000000,10.29019957903824
2026-03-08 23:03:18.000000000,9.702889095109455
2026-03-08 23:50:24.000000000,8.46338686712236
2026-03-08 23:24:27.000000000,12.188413839392105
2026-03-09 00:50:41.000000000,39.265541685205925
2026-03-09 00:41:06.000000000,10.7069787837139
2026-03-09 00:33:14.000000000,25.965040576642306
2026-03-09 00:44:24.000000000,25.508584293724414
2026-03-09 00:03:30.000000000,63.9062393273069
2026-03-09 00:32:24.000000000,25.513165485191234
2026-03-09 00:13:31.000000000,21.729189375692872
2026-03-09 01:06:28.000000000,14.308445072800495
2026-03-09 01:11:15.000000000,40.21614883151076
2026-03-09 01:39:31.000000000,14.805629427247975
2026-03-09 02:43:04.000000000,26.618792826689184
2026-03-09 02:03:20.000000000,37.27490285360924
2026-03-09 02:34:50.000000000,20.704602081709982
2026-03-09 02:41:59.000000000,11.326148801078173
2026-03-09 02:09:32.000000000,50.528617881670705
2026-03-09 02:16:50.000000000,9.702168450742626
2026-03-09 04:32:42.000000000,25.656205898400703
2026-03-09 04:56:19.000000000,11.961108625246553
2026-03-09 04:37:22.000000000,21.49048086407581
2026-03-09 05:57:58.000000000,25.040841156715306
2026-03-09 05:53:43.000000000,25.543837130475882
2026-03-09 05:26:44.000000000,34.22835885255266
2026-03-09 05:45:00.000000000,68.50388867217795
2026-03-09 05:12:54.000000000,20.649685054244873
2026-03-09 05:28:19.000000000,9.850096960437913
2026-03-09 05:39:24.000000000,5.102379066195983
2026-03-09 06:48:22.000000000,19.29637624231084
2026-03-09 06:46:10.000000000,29.56707780768311
2026-03-09 06:16:00.000000000,92.44756526145902
2026-03-09 06:01:06.000000000,12.324341660863464
2026-03-09 06:37:18.000000000,18.809341908261136
2026-03-09 06:43:02.000000000,100.27636860263114
2026-03-09 06:31:44.000000000,17.409606279447562
2026-03-09 06:25:46.000000000,17.769946941935228
2026-03-09 06:33:39.000000000,24.05939516887818
2026-03-09 06:47:20.000000000,19.274819554387808
2026-03-09 06:34:08.000000000,75.2425767749534
2026-03-09 06:35:46.000000000,20.725641290071213
2026-03-09 06:52:32.000000000,112.66298985862716
2026-03-09 06:20:50.000000000,38.32741930464906
2026-03-09 07:59:27.000000000,10.659008046622006
2026-03-09 07:33:33.000000000,15.558785344821327
2026-03-09 07:36:27.000000000,47.14113320663191
2026-03-09 07:14:51.000000000,67.40045792035325
2026-03-09 07:59:52.000000000,12.328482004282815
2026-03-09 07:44:02.000000000,46.69230843159196
2026-03-09 07:34:39.000000000,21.550131856185356
2026-03-09 07:30:46.000000000,13.986857100582924
2026-03-09 07:49:34.000000000,16.186907669404142
2026-03-09 07:13:26.000000000,23.564789561812542
2026-03-09 07:50:27.000000000,14.746155570644405
2026-03-09 07:51:29.000000000,21.460253923394074
2026-03-09 07:21:20.000000000,33.81526345773698
2026-03-09 07:12:05.000000000,22.258471139095438
2026-03-09 08:15:26.000000000,10.026740429664734
2026-03-09 08:44:01.000000000,21.05809596523526
2026-03-09 08:30:56.000000000,13.34897712020145
2026-03-09 08:51:18.000000000,42.736542978408465
2026-03-09 08:26:54.000000000,29.588981797083843
2026-03-09 08:41:52.000000000,38.35609453278271
2026-03-09 08:58:48.000000000,10.835173717360863
2026-03-09 08:17:13.000000000,43.347585408514234
2026-03-09 08:06:24.000000000,51.12986003071965
2026-03-09 08:25:42.000000000,8.136914965121594
2026-03-09 08:18:46.000000000,29.78146184810311
2026-03-09 08:40:00.000000000,57.72033374916392
2026-03-09 08:42:06.000000000,10.545899296701101
2026-03-09 08:58:50.000000000,18.23721122135874
2026-03-09 08:39:44.000000000,17.235603070209784
2026-03-09 08:06:35.000000000,12.577659513783235
2026-03-09 09:20:34.000000000,43.89571733990446
2026-03-09 09:53:50.000000000,18.93131329613688
2026-03-09 09:15:42.000000000,22.653392586002763
2026-03-09 09:29:35.000000000,12.81914666445558
2026-03-09 09:25:18.000000000,29.201415769054652
2026-03-09 09:44:37.000000000,9.904059601236188
2026-03-09 09:25:53.000000000,35.7385624613493
2026-03-09 09:14:59.000000000,6.04950678056321
2026-03-09 09:23:57.000000000,41.930081775511546
2026-03-09 09:15:08.000000000,16.341715337022414
2026-03-09 10:46:06.000000000,8.423130079953186
2026-03-09 10:08:23.000000000,16.387664619332774
2026-03-09 10:45:34.000000000,30.29081562425633
2026-03-09 10:37:57.000000000,11.2615640729938
2026-03-09 10:45:32.000000000,7.382738632163214
2026-03-09 10:34:21.000000000,20.681945499147286
2026-03-09 10:53:39.000000000,8.773443022614199
2026-03-09 10:41:37.000000000,10.913052808604991
2026-03-09 10:10:40.000000000,14.093297596074617
2026-03-09 10:55:10.000000000,31.20673923535242
2026-03-09 10:26:58.000000000,22.762969596745908
2026-03-09 10:03:30.000000000,7.836416915694621
2026-03-09 10:47:14.000000000,14.851780548054737
2026-03-09 11:07:26.000000000,19.288791827292346
2026-03-09 11:43:02.000000000,16.55499826163179
2026-03-09 11:28:57.000000000,39.256074943080584
2026-03-09 11:19:39.000000000,8.898395895809053
2026-03-09 11:25:12.000000000,8.008170701459754
2026-03-09 11:21:46.000000000,13.587383968730585
2026-03-09 11:00:27.000000000,10.030995258376631
2026-03-09 11:53:25.000000000,38.48814600182068
2026-03-09 11:29:31.000000000,12.062946857256701
2026-03-09 12:52:32.000000000,15.035302536037253
2026-03-09 12:49:49.000000000,7.066258625537111
2026-03-09 12:32:09.000000000,9.705367036251712
2026-03-09 12:12:36.000000000,9.687301075524257
2026-03-09 12:40:52.000000000,15.399565586831883
2026-03-09 12:09:06.000000000,68.308710324049
2026-03-09 12:48:04.000000000,67.69554794126175
2026-03-09 12:45:04.000000000,69.29162771596924
2026-03-09 12:13:52.000000000,18.202715719039883
2026-03-09 12:53:53.000000000,19.274835825778307
2026-03-09 12:34:27.000000000,17.98629740606346
2026-03-09 12:27:23.000000000,8.749606833900739
2026-03-09 13:19:56.000000000,14.809207899056805
2026-03-09 13:39:14.000000000,39.51112980743892
2026-03-09 13:45:42.000000000,15.468628842076395
2026-03-09 13:40:39.000000000,7.512357243685331
2026-03-09 13:20:41.000000000,17.26927172824607
2026-03-09 13:20:00.000000000,55.191246983302
2026-03-09 13:21:51.000000000,16.9222076944948
2026-03-09 13:52:50.000000000,15.118650162486723
2026-03-09 13:07:58.000000000,16.44831291735565
2026-03-09 13:50:44.000000000,19.036723048152478
2026-03-09 13:34:56.000000000,12.078342855657858
2026-03-09 13:12:41.000000000,54.45332311281086
2026-03-09 14:38:00.000000000,33.34591352349057
2026-03-09 14:40:25.000000000,55.132633788403695
2026-03-09 14:12:27.000000000,33.47785713026406
2026-03-09 14:35:33.000000000,134.64571397252635
2026-03-09 14:15:09.000000000,14.376509544435915
2026-03-09 14:48:31.000000000,14.526772263370201
2026-03-09 14:00:17.000000000,12.715909373654458
2026-03-09 14:02:32.000000000,8.306424078851924
2026-03-09 14:02:56.000000000,15.977140510659563
2026-03-09 14:05:05.000000000,16.8937293022862
2026-03-09 14:58:22.000000000,18.945654256888954
2026-03-09 14:31:09.000000000,12.85617247595
2026-03-09 14:02:05.000000000,12.704108743903632
2026-03-09 14:19:56.000000000,10.991609241678916
2026-03-09 15:08:54.000000000,23.231795352404983
2026-03-09 15:59:41.000000000,10.498359363665799
2026-03-09 15:22:12.000000000,7.994055927803552
2026-03-09 15:58:06.000000000,31.944462233346467
2026-03-09 15:29:59.000000000,8.253217263414921
2026-03-09 15:07:19.000000000,11.137187390471347
2026-03-09 16:37:27.000000000,31.492100909307265
2026-03-09 16:03:03.000000000,17.61255656239982
2026-03-09 16:19:34.000000000,26.17704095273417
2026-03-09 16:54:01.000000000,126.98510763273966
2026-03-09 16:45:21.000000000,15.93077794857443
2026-03-09 16:07:41.000000000,85.50600147650638
2026-03-09 16:52:17.000000000,10.430022261015125
2026-03-09 16:30:34.000000000,125.31764419232107
2026-03-09 16:51:11.000000000,36.765595106724895
2026-03-09 16:07:00.000000000,112.91434148856972
2026-03-09 16:22:26.000000000,9.017099837554255
2026-03-09 16:16:18.000000000,12.279780201120989
2026-03-09 16:30:11.000000000,72.34265464535407
2026-03-09 17:44:27.000000000,14.623060372138912
2026-03-09 17:59:58.000000000,13.468649559683932
2026-03-09 17:47:17.000000000,27.511040587535046
2026-03-09 17:38:26.000000000,21.34099017440649
2026-03-09 17:50:58.000000000,16.447222614767593
2026-03-09 17:56:31.000000000,31.771537038698437
2026-03-09 17:49:54.000000000,8.110394212751693
2026-03-09 17:22:54.000000000,14.179839077083312
2026-03-09 17:52:29.000000000,21.618139706005042
2026-03-09 17:27:43.000000000,53.58176869624272
2026-03-09 17:39:17.000000000,20.3909829816327
2026-03-09 17:25:57.000000000,119.00389707112822
2026-03-09 17:39:49.000000000,12.500080184612788
2026-03-09 17:08:15.000000000,15.202923867615052
2026-03-09 17:54:23.000000000,13.350378470691663
2026-03-09 17:47:34.000000000,12.133252886350487
2026-03-09 17:38:47.000000000,129.98451397281204
2026-03-09 17:37:06.000000000,76.80369887838106
2026-03-09 18:59:40.000000000,8.705935912790128
2026-03-09 18:48:06.000000000,14.811485582030617
2026-03-09 18:34:46.000000000,12.736174874016694
2026-03-09 18:31:40.000000000,63.14871928490424
2026-03-09 18:38:38.000000000,26.30196506944917
2026-03-09 18:46:15.000000000,63.3576023138723
2026-03-09 18:30:18.000000000,20.101076492658837
2026-03-09 18:31:01.000000000,22.125541747315392
2026-03-09 18:24:39.000000000,9.11360498993325
2026-03-09 18:29:01.000000000,53.75005677251438
2026-03-09 18:12:21.000000000,9.94508337693798
2026-03-09 18:33:15.000000000,22.47272883024318
2026-03-09 18:42:13.000000000,61.58740608192993
2026-03-09 18:58:06.000000000,23.93533183392331
2026-03-09 18:33:49.000000000,59.839701891999255
2026-03-09 18:22:20.000000000,8.999397867187618
2026-03-09 18:38:39.000000000,6.627253592604351
2026-03-09 18:10:00.000000000,6.681927207026842
2026-03-09 18:18:46.000000000,44.792595607955526
2026-03-09 18:15:52.000000000,5.434333265622506
2026-03-09 19:40:32.000000000,26.94062600673551
2026-03-09 19:48:08.000000000,6.6954673001815515
2026-03-09 19:12:41.000000000,0.0
2026-03-09 19:33:22.000000000,49.565587000563944
2026-03-09 19:29:26.000000000,28.859189199243627
2026-03-09 19:35:45.000000000,11.17217799494168
2026-03-09 19:53:33.000000000,16.16127804040565
2026-03-09 19:31:36.000000000,44.376239932462504
2026-03-09 19:33:17.000000000,52.44751598444853
2026-03-09 20:23:34.000000000,23.96832772658428
2026-03-09 20:26:56.000000000,19.849964161169186
2026-03-09 20:54:38.000000000,9.556131203812093
2026-03-09 20:48:07.000000000,28.5267288089607
2026-03-09 20:31:51.000000000,12.419897587698038
2026-03-09 20:03:29.000000000,13.92222588970758
2026-03-09 20:17:00.000000000,26.418248055952088
2026-03-09 20:04:20.000000000,17.83880172118892
2026-03-09 20:13:01.000000000,10.418102244126842
2026-03-09 20:28:21.000000000,11.598707959735293
2026-03-09 20:32:44.000000000,23.924866716377974
2026-03-09 20:20:30.000000000,48.61451021639587
2026-03-09 20:37:04.000000000,25.5451127457703
2026-03-09 21:20:05.000000000,26.463608522674658
2026-03-09 21:06:34.000000000,17.76117898142142
2026-03-09 21:16:53.000000000,11.505347620061873
2026-03-09 21:14:49.000000000,14.467716465807896
2026-03-09 21:24:18.000000000,50.63747140429427
2026-03-09 21:03:45.000000000,90.20299829352018
2026-03-09 21:08:28.000000000,26.545803564716028
2026-03-09 21:32:29.000000000,20.75806425445809
2026-03-09 21:06:59.000000000,5.756011794582518
2026-03-09 21:43:36.000000000,10.10823540927657
2026-03-09 21:08:41.000000000,17.639502976686916
2026-03-09 21:54:08.000000000,9.00666886812721
2026-03-09 21:46:28.000000000,9.616789628383422
2026-03-09 21:06:32.000000000,47.50243062766629
2026-03-09 21:23:08.000000000,38.91064160456318
2026-03-09 21:10:43.000000000,28.96617687003025
2026-03-09 22:44:23.000000000,10.815895742019244
2026-03-09 22:05:36.000000000,12.289042442556422
2026-03-09 22:37:38.000000000,9.612031844119777
2026-03-09 22:51:59.000000000,6.722638673323141
2026-03-09 22:20:14.000000000,5.449890228128474
2026-03-09 22:43:00.000000000,10.603355515787392
2026-03-09 22:12:28.000000000,81.53443815479694
2026-03-09 22:50:04.000000000,16.33370303386887
2026-03-09 22:10:58.000000000,18.94933031264063
2026-03-09 22:49:14.000000000,12.369807727186878
2026-03-09 23:01:34.000000000,55.08070388262177
2026-03-09 23:53:36.000000000,18.976085502313705
2026-03-09 23:44:53.000000000,49.80074123846375
2026-03-09 23:43:06.000000000,7.335107734136411
2026-03-09 23:03:43.000000000,20.686335219218524
2026-03-09 23:01:10.000000000,14.052290270200675
2026-03-09 23:54:32.000000000,8.013805375009127
2026-03-09 23:30:28.000000000,6.523566580848609
2026-03-09 23:47:52.000000000,13.549001359577698
2026-03-09 23:23:32.000000000,63.34398339915191
2026-03-09 23:20:44.000000000,24.825758782970194
2026-03-09 23:35:11.000000000,5.800413269231063
2026-03-10 00:32:56.000000000,12.006859056060307
2026-03-10 00:46:49.000000000,29.887226924674163
2026-03-10 00:18:01.000000000,46.15799390095966
2026-03-10 00:41:24.000000000,18.055433503946194
2026-03-10 00:03:08.000000000,28.357855715133336
2026-03-10 00:34:31.000000000,10.254731613456837
2026-03-10 00:52:04.000000000,14.781079591582014
2026-03-10 01:35:56.000000000,28.653817416540516
2026-03-10 02:13:37.000000000,35.536691530397704
2026-03-10 02:59:25.000000000,9.097749767961101
2026-03-10 02:17:54.000000000,71.97977996316219
2026-03-10 02:10:12.000000000,13.51828882007694
2026-03-10 02:07:49.000000000,7.314247513745773
2026-03-10 03:54:07.000000000,55.282528647470684
2026-03-10 04:32:10.000000000,35.612799427268904
2026-03-10 04:55:44.000000000,15.750826290719125
2026-03-10 06:43:06.000000000,9.182718702067863
2026-03-10 06:05:33.000000000,7.068077432724737
2026-03-10 06:18:29.000000000,47.58072102145509
2026-03-10 06:57:06.000000000,67.84824408851742
2026-03-10 06:35:33.000000000,70.80926397273977
2026-03-10 06:13:13.000000000,24.228136925430125
2026-03-10 06:37:48.000000000,26.398491824664035
2026-03-10 07:33:36.000000000,23.57551363382755
2026-03-10 07:17:09.000000000,72.35600726151414
2026-03-10 07:17:17.000000000,11.715951973972441
2026-03-10 07:22:48.000000000,9.68438525968913
2026-03-10 07:01:12.000000000,8.783261216897873
2026-03-10 07:52:14.000000000,76.26443578836971
2026-03-10 07:55:27.000000000,16.090218968416973
2026-03-10 07:40:19.000000000,81.48949542623986
2026-03-10 07:21:44.000000000,33.9740018465018
2026-03-10 07:03:00.000000000,15.28926318768302
2026-03-10 07:45:39.000000000,18.51363478639976
2026-03-10 07:29:55.000000000,97.93818709315205
2026-03-10 07:18:55.000000000,29.268275656480068
2026-03-10 07:51:41.000000000,20.37349001312825
2026-03-10 07:34:46.000000000,14.031815428281206
2026-03-10 07:48:12.000000000,26.263052395082397
2026-03-10 07:48:33.000000000,66.87916989952414
2026-03-10 07:33:08.000000000,22.218968017551386
2026-03-10 07:54:38.000000000,50.66948248309519
2026-03-10 08:48:54.000000000,75.07658023708339
2026-03-10 08:03:42.000000000,51.07041987681601
2026-03-10 08:38:49.000000000,109.07506566909251
2026-03-10 08:32:51.000000000,17.96827332148982
2026-03-10 08:40:29.000000000,20.467384826406363
2026-03-10 08:42:35.000000000,7.796267151375407
2026-03-10 08:20:09.000000000,29.230329374513826
2026-03-10 08:01:59.000000000,51.553471863275476
2026-03-10 08:09:08.000000000,52.791374918701415
2026-03-10 08:05:54.000000000,21.898242382375162
2026-03-10 08:25:45.000000000,29.94430167770744
2026-03-10 08:56:52.000000000,73.35732807925619
2026-03-10 08:23:38.000000000,58.845180721288166
2026-03-10 08:38:35.000000000,22.332300492941908
2026-03-10 08:25:28.000000000,49.00709317488611
2026-03-10 08:31:02.000000000,13.23290182512022
2026-03-10 09:49:12.000000000,10.313330834021045
2026-03-10 09:42:13.000000000,56.947884786533855
2026-03-10 09:36:41.000000000,11.846982825759984
2026-03-10 09:57:26.000000000,7.446826732584746
2026-03-10 09:29:13.000000000,10.434864014575894
2026-03-10 09:44:13.000000000,15.946881665866858
2026-03-10 09:56:06.000000000,9.022074598447087
2026-03-10 09:43:23.000000000,11.902679250318457
2026-03-10 09:43:34.000000000,37.61159148135926
2026-03-10 09:54:49.000000000,8.301590906006588
2026-03-10 09:12:51.000000000,120.215553017169
2026-03-10 09:40:06.000000000,21.390319020032184
2026-03-10 09:16:50.000000000,16.241375753219547
2026-03-10 09:50:29.000000000,16.888896584414923
2026-03-10 09:39:21.000000000,19.27513735349224
2026-03-10 09:09:04.000000000,44.163982574454934
2026-03-10 10:07:44.000000000,11.313834327869479
2026-03-10 10:30:45.000000000,8.889265713161148
2026-03-10 10:59:58.000000000,8.335385805271038
2026-03-10 10:20:25.000000000,12.770777021624301
2026-03-10 10:42:10.000000000,26.401167338795663
2026-03-10 10:09:20.000000000,8.304139626920556
2026-03-10 10:40:43.000000000,15.350839736862763
2026-03-10 10:45:10.000000000,9.132795528949973
2026-03-10 10:42:23.000000000,28.09667265235476
2026-03-10 10:06:08.000000000,11.64814214722114
2026-03-10 10:32:04.000000000,80.540497386991
2026-03-10 10:58:39.000000000,27.660142009108814
2026-03-10 10:29:11.000000000,22.753951266304302
2026-03-10 11:37:58.000000000,11.954310025102941
2026-03-10 11:07:57.000000000,73.6251464683027
2026-03-10 11:20:41.000000000,23.59491430587543
2026-03-10 11:05:19.000000000,12.648558348882304
2026-03-10 11:20:30.000000000,5.704910138380807
2026-03-10 11:41:29.000000000,33.73259705252156
2026-03-10 11:51:12.000000000,40.14621984737607
2026-03-10 11:11:38.000000000,12.45254808867637
2026-03-10 11:19:31.000000000,59.58883907451216
2026-03-10 11:05:56.000000000,21.297143643661197
2026-03-10 11:14:22.000000000,41.368643982289505
2026-03-10 11:56:32.000000000,33.22480007349185
2026-03-10 11:47:32.000000000,18.526540179273642
2026-03-10 11:11:22.000000000,12.219504983910635
2026-03-10 12:01:35.000000000,13.34970984331596
2026-03-10 12:36:12.000000000,29.193367732915295
2026-03-10 12:31:10.000000000,14.467333239083725
2026-03-10 12:01:40.000000000,19.68127797417846
2026-03-10 12:35:50.000000000,21.461403337970868
2026-03-10 12:00:35.000000000,9.204659792059545
2026-03-10 12:54:37.000000000,14.193279858312064
2026-03-10 12:31:59.000000000,11.38621705454175
2026-03-10 12:48:58.000000000,12.207703945898903
2026-03-10 12:22:38.000000000,16.330552328368153
2026-03-10 12:07:36.000000000,11.965736345062947
2026-03-10 13:26:25.000000000,24.40210354509274
2026-03-10 13:31:20.000000000,10.374080983787913
2026-03-10 13:22:12.000000000,13.709998585146803
2026-03-10 13:34:48.000000000,16.28657549991553
2026-03-10 13:27:41.000000000,33.48708922620209
2026-03-10 13:22:21.000000000,34.64002709219253
2026-03-10 13:40:44.000000000,29.32748767135423
2026-03-10 13:58:29.000000000,19.687724908169084
2026-03-10 13:39:50.000000000,10.34543104582357
2026-03-10 13:31:10.000000000,13.720802722730461
2026-03-10 13:04:16.000000000,25.017786034817053
2026-03-10 13:14:57.000000000,63.3075181339246
2026-03-10 13:18:27.000000000,24.551881128924396
2026-03-10 13:46:40.000000000,29.2294242551427
2026-03-10 14:43:28.000000000,15.816236173737543
2026-03-10 14:29:28.000000000,26.417803521194752
2026-03-10 14:42:00.000000000,22.357519706122456
2026-03-10 14:07:26.000000000,46.89002342945716
2026-03-10 14:10:56.000000000,14.20569024370008
2026-03-10 14:51:44.000000000,9.309490761377745
2026-03-10 14:30:22.000000000,12.161481258963565
2026-03-10 14:30:55.000000000,38.03589530449719
2026-03-10 14:16:04.000000000,45.90783961001709
2026-03-10 14:32:05.000000000,40.23088211987477
2026-03-10 14:07:53.000000000,25.40609435285896
2026-03-10 15:26:00.000000000,9.62022285636769
2026-03-10 15:38:47.000000000,21.201459007855885
2026-03-10 15:06:34.000000000,21.04690757351931
2026-03-10 15:48:23.000000000,164.4657069065384
2026-03-10 15:46:13.000000000,19.745797024961572
2026-03-10 15:00:22.000000000,14.563752703083118
2026-03-10 15:46:54.000000000,90.853169347212
2026-03-10 15:00:39.000000000,19.466306951034223
2026-03-10 15:44:53.000000000,26.246793840130042
2026-03-10 15:18:27.000000000,54.50362959203857
2026-03-10 15:43:42.000000000,17.778266615381124
2026-03-10 15:04:20.000000000,21.709036635042597
2026-03-10 15:50:47.000000000,32.451908038775294
2026-03-10 15:08:43.000000000,11.50211644975796
2026-03-10 15:12:06.000000000,8.848208133252506
2026-03-10 15:45:22.000000000,14.075850417680297
2026-03-10 16:24:34.000000000,29.344132794077847
2026-03-10 16:21:43.000000000,8.279257643398644
2026-03-10 16:28:16.000000000,23.040941652214336
2026-03-10 16:39:31.000000000,16.11734447190404
2026-03-10 16:08:10.000000000,5.611263469265737
2026-03-10 16:31:19.000000000,22.885832006799813
2026-03-10 16:53:12.000000000,30.9803451037096
2026-03-10 16:47:51.000000000,15.77537676263124
2026-03-10 16:00:51.000000000,72.1516525030098
2026-03-10 16:00:13.000000000,8.297026634056028
2026-03-10 16:47:40.000000000,12.654199056277292
2026-03-10 16:13:12.000000000,63.713486621217044
2026-03-10 16:55:55.000000000,32.16219423806534
2026-03-10 16:23:55.000000000,1.8007490716129992
2026-03-10 17:33:06.000000000,28.979657177256353
2026-03-10 17:58:48.000000000,12.824797096757184
2026-03-10 17:14:19.000000000,14.557104641877928
2026-03-10 17:33:31.000000000,6.664330496874179
2026-03-10 17:11:09.000000000,17.95179604277779
2026-03-10 17:43:08.000000000,22.301709995267583
2026-03-10 17:09:28.000000000,67.28755015903852
2026-03-10 17:46:06.000000000,11.166268967798906
2026-03-10 17:52:54.000000000,20.536281013851468
2026-03-10 17:46:58.000000000,14.516900501227635
2026-03-10 17:38:33.000000000,19.243589344557886
2026-03-10 17:29:13.000000000,23.667063989755224
2026-03-10 17:52:29.000000000,37.182498432448476
2026-03-10 17:58:59.000000000,11.38176061683793
2026-03-10 17:59:02.000000000,11.352023297773794
2026-03-10 17:12:56.000000000,21.301618904800158
2026-03-10 17:49:25.000000000,17.290494060339842
2026-03-10 18:01:38.000000000,8.954531080655002
2026-03-10 18:24:21.000000000,38.04332478677896
2026-03-10 18:58:22.000000000,68.23984181427919
2026-03-10 18:08:18.000000000,10.90819230429036
2026-03-10 18:53:14.000000000,50.20198365758038
2026-03-10 18:59:03.000000000,58.66446567545557
2026-03-10 18:05:39.000000000,47.952841193845806
2026-03-10 18:01:54.000000000,21.0260413654747
2026-03-10 18:38:24.000000000,32.81243738252124
2026-03-10 18:24:48.000000000,69.97073438938682
2026-03-10 18:30:24.000000000,75.29508911372086
2026-03-10 18:34:05.000000000,11.646576888838148
2026-03-10 18:32:27.000000000,12.646639697948856
2026-03-10 18:53:16.000000000,18.813395449982462
2026-03-10 18:33:39.000000000,40.45218832389306
2026-03-10 18:30:32.000000000,13.78934216246411
2026-03-10 18:42:30.000000000,47.2403730649201
2026-03-10 18:05:03.000000000,75.6072600639705
2026-03-10 18:06:55.000000000,34.893357598273745
2026-03-10 18:05:47.000000000,19.9084532624636
2026-03-10 18:45:46.000000000,22.394542507359713
2026-03-10 18:41:58.000000000,25.122751709571
2026-03-10 18:18:16.000000000,10.92069991441506
2026-03-10 19:35:32.000000000,9.168077140999088
2026-03-10 19:09:25.000000000,10.788766679725594
2026-03-10 19:23:47.000000000,19.80910817827372
2026-03-10 19:34:47.000000000,18.042306082215344
2026-03-10 19:30:37.000000000,86.41780661227088
2026-03-10 19:41:57.000000000,7.131381924374548
2026-03-10 19:16:47.000000000,17.693456228325143
2026-03-10 19:22:42.000000000,17.608917719255626
2026-03-10 19:13:18.000000000,54.46694026661721
2026-03-10 19:49:34.000000000,108.28968576968118
2026-03-10 19:14:46.000000000,29.80879871462989
2026-03-10 19:52:44.000000000,18.738749015545068
2026-03-10 19:08:15.000000000,9.238536631527307
2026-03-10 19:25:01.000000000,31.395375789640514
2026-03-10 19:11:53.000000000,98.18912485957604
2026-03-10 19:20:28.000000000,19.73313306201801
2026-03-10 19:10:36.000000000,23.482540911235404
2026-03-10 19:56:03.000000000,8.824957622302751
2026-03-10 19:21:50.000000000,34.334818214028324
2026-03-10 19:45:15.000000000,13.9086807963267
2026-03-10 19:12:50.000000000,32.56332800360445
2026-03-10 19:58:07.000000000,42.017293680094895
2026-03-10 19:15:25.000000000,8.49102258131937
2026-03-10 20:54:41.000000000,50.244123371167035
2026-03-10 20:32:58.000000000,48.38054651643696
2026-03-10 20:46:51.000000000,31.844318839145064
2026-03-10 20:48:58.000000000,22.27425344588671
2026-03-10 20:00:52.000000000,16.719294645088016
2026-03-10 20:13:13.000000000,19.582422607982004
2026-03-10 20:33:01.000000000,32.90654779382134
2026-03-10 20:41:03.000000000,20.371559164951872
2026-03-10 20:03:25.000000000,18.534307087813684
2026-03-10 20:13:45.000000000,15.920115728762742
2026-03-10 20:39:15.000000000,11.124211850140131
2026-03-10 20:42:04.000000000,47.52254792411395
2026-03-10 21:42:25.000000000,15.879271160076005
2026-03-10 21:00:44.000000000,29.840850256727702
2026-03-10 21:54:47.000000000,31.469598680749517
2026-03-10 21:33:06.000000000,58.32932426532334
2026-03-10 21:50:56.000000000,33.628427871095234
2026-03-10 21:06:41.000000000,34.824573967513324
2026-03-10 21:59:17.000000000,16.075928020756347
2026-03-10 21:22:02.000000000,58.228862305350674
2026-03-10 21:41:42.000000000,68.94180691255002
2026-03-10 21:59:42.000000000,35.56240760019089
2026-03-10 21:25:53.000000000,14.645887444512347
2026-03-10 21:19:06.000000000,8.859700984339803
2026-03-10 21:09:53.000000000,38.127902705526104
2026-03-10 21:25:03.000000000,14.388239501889878
2026-03-10 22:57:20.000000000,9.035526285169787
2026-03-10 22:46:23.000000000,9.034647806001619
2026-03-10 22:00:33.000000000,0.9615243046546118
2026-03-10 22:09:47.000000000,12.432301409926126
2026-03-10 22:55:51.000000000,13.389511591866821
2026-03-10 22:03:50.000000000,116.99629242932323
2026-03-10 22:04:37.000000000,51.60009839449621
2026-03-10 22:21:17.000000000,51.37082106081956
2026-03-10 22:16:53.000000000,41.54907470538093
2026-03-10 22:17:57.000000000,44.836646988056664
2026-03-10 22:29:22.000000000,82.47552918608321
2026-03-10 23:43:01.000000000,17.786637792288833
2026-03-10 23:32:26.000000000,20.814131762005058
2026-03-10 23:46:48.000000000,11.600435483608116
2026-03-10 23:15:17.000000000,11.566258284890797
2026-03-10 23:28:54.000000000,20.912558758285247
2026-03-10 23:54:53.000000000,19.688875276911507
2026-03-10 23:31:53.000000000,63.851188276535545
2026-03-10 23:17:37.000000000,17.086056641412302
2026-03-10 23:53:09.000000000,22.356187303804585
2026-03-10 23:54:26.000000000,39.96193770432827
2026-03-10 23:38:30.000000000,25.51844494722349
2026-03-10 23:48:50.000000000,21.141584450534527
2026-03-10 23:09:49.000000000,38.21550360722454
2026-03-10 23:43:23.000000000,15.251779032981116
2026-03-10 23:03:07.000000000,11.386704510617921
2026-03-10 23:13:24.000000000,16.656591163093903
2026-03-10 23:49:14.000000000,44.27786165985918
2026-03-10 23:10:11.000000000,5.899078913554453
2026-03-11 00:41:33.000000000,25.240124273547057
2026-03-11 00:23:20.000000000,31.413346797432336
2026-03-11 00:58:25.000000000,16.563604957925893
2026-03-11 00:10:53.000000000,29.125078274539785
2026-03-11 00:42:21.000000000,40.48812401160361
2026-03-11 00:03:20.000000000,12.51064146998215
2026-03-11 01:10:06.000000000,7.737687035780121
2026-03-11 01:36:47.000000000,59.55539133351507
2026-03-11 01:26:05.000000000,17.074722543965304
2026-03-11 01:35:19.000000000,31.132920846340237
2026-03-11 01:24:27.000000000,37.40620594629089
2026-03-11 02:01:34.000000000,10.733815771855227
2026-03-11 02:58:24.000000000,9.35642914508438
2026-03-11 02:50:39.000000000,16.633851062132766
2026-03-11 02:16:32.000000000,8.005501353587153
2026-03-11 02:58:55.000000000,17.258957776568
2026-03-11 03:11:50.000000000,6.170461908452472
2026-03-11 03:16:25.000000000,22.204746820623217
2026-03-11 04:58:50.000000000,16.205656084456184
2026-03-11 04:26:07.000000000,17.427425178521684
2026-03-11 04:34:37.000000000,26.85243796176435
2026-03-11 04:23:06.000000000,9.024415118835154
2026-03-11 04:49:27.000000000,12.93606709927133
2026-03-11 05:19:21.000000000,49.72359926735442
2026-03-11 05:53:23.000000000,60.61831505302391
2026-03-11 05:52:39.000000000,61.82060369228953
2026-03-11 05:45:31.000000000,25.60846646668656
2026-03-11 06:00:50.000000000,12.269960574757793
2026-03-11 06:42:16.000000000,13.237642767788877
2026-03-11 06:01:44.000000000,9.756304560435858
2026-03-11 06:26:38.000000000,31.07415912702204
2026-03-11 06:20:17.000000000,24.723182993913742
2026-03-11 06:42:24.000000000,10.637708074451293
2026-03-11 07:57:30.000000000,7.855489048860251
2026-03-11 07:12:07.000000000,27.695566768669092
2026-03-11 07:58:29.000000000,11.244308086334723
2026-03-11 07:44:58.000000000,13.035692621643054
2026-03-11 07:07:28.000000000,28.13988558445222
2026-03-11 07:35:04.000000000,20.780839261125795
2026-03-11 07:53:57.000000000,29.980483602822606
2026-03-11 07:29:42.000000000,39.98655568610379
2026-03-11 07:03:49.000000000,37.02658933135032
2026-03-11 07:11:10.000000000,68.92384905100694
2026-03-11 07:45:45.000000000,17.02954632291876
2026-03-11 07:48:04.000000000,21.83839246528617
2026-03-11 07:51:11.000000000,19.6220718246057
2026-03-11 07:11:53.000000000,13.51290290029566
2026-03-11 07:21:38.000000000,33.14177671490725
2026-03-11 07:11:11.000000000,22.4669031326665
2026-03-11 07:31:02.000000000,117.17742969467818
2026-03-11 07:13:20.000000000,30.62912379360266
2026-03-11 08:11:53.000000000,81.08190664493854
2026-03-11 08:22:51.000000000,13.002347905454041
2026-03-11 08:36:44.000000000,18.006087583591388
2026-03-11 08:10:07.000000000,10.762416475658945
2026-03-11 08:36:53.000000000,105.0776318886469
2026-03-11 08:45:50.000000000,12.670387858842421
2026-03-11 08:06:24.000000000,25.59618782644805
2026-03-11 08:06:12.000000000,19.763726332384355
2026-03-11 08:55:31.000000000,22.678616257238186
2026-03-11 08:35:52.000000000,25.779198318377436
2026-03-11 08:00:35.000000000,39.489760863714785
2026-03-11 08:02:18.000000000,16.11332904459174
2026-03-11 08:48:34.000000000,98.81156666399741
2026-03-11 08:32:54.000000000,128.08294825111219
2026-03-11 08:06:53.000000000,122.56628419941369
2026-03-11 08:28:06.000000000,27.07806404757544
2026-03-11 08:26:22.000000000,13.484243668519305
2026-03-11 08:13:42.000000000,22.255037555218568
2026-03-11 08:59:38.000000000,8.55133292236211
2026-03-11 08:48:03.000000000,12.644998046137907
2026-03-11 08:26:53.000000000,90.37658198143052
2026-03-11 09:34:47.000000000,50.7838936641274
2026-03-11 09:19:36.000000000,11.1973318665604
2026-03-11 09:06:11.000000000,35.65351532420633
2026-03-11 09:49:47.000000000,75.96457180665134
2026-03-11 09:32:57.000000000,43.80758046187327
2026-03-11 09:06:31.000000000,18.770731652879938
2026-03-11 09:41:13.000000000,12.107856232728654
2026-03-11 09:33:36.000000000,19.012891409350008
2026-03-11 09:08:57.000000000,28.161697824743495
2026-03-11 09:29:36.000000000,25.566965392477957
2026-03-11 09:50:03.000000000,14.214810253274994
2026-03-11 09:02:33.000000000,19.583486906979683
2026-03-11 09:33:36.000000000,9.22768143040431
2026-03-11 09:23:38.000000000,40.260275324521515
2026-03-11 09:41:17.000000000,12.250866404080345
2026-03-11 09:42:23.000000000,77.12855950499606
2026-03-11 09:19:53.000000000,14.059300811642956
2026-03-11 09:07:51.000000000,28.162757935642976
2026-03-11 09:09:21.000000000,25.078319204614576
2026-03-11 09:13:16.000000000,22.025273653981326
2026-03-11 09:33:56.000000000,8.973913051181661
2026-03-11 09:42:18.000000000,16.73369442151291
2026-03-11 10:44:40.000000000,7.525700999656283
2026-03-11 10:18:56.000000000,38.67311140247498
2026-03-11 10:30:00.000000000,48.01007817821939
2026-03-11 10:11:09.000000000,16.42684040315065
2026-03-11 10:26:40.000000000,48.71771284040482
2026-03-11 10:23:57.000000000,8.839270419347766
2026-03-11 10:11:17.000000000,7.992954970538802
2026-03-11 10:24:52.000000000,19.230012793269356
2026-03-11 10:26:21.000000000,10.673858672383435
2026-03-11 10:16:58.000000000,14.092122437058357
2026-03-11 10:27:03.000000000,47.84748426173717
2026-03-11 10:04:23.000000000,30.6293548443979
2026-03-11 10:42:53.000000000,13.078902558607858
2026-03-11 10:34:45.000000000,19.14395471199916
2026-03-11 10:08:03.000000000,8.746613313121205
2026-03-11 10:42:45.000000000,15.250260455032592
2026-03-11 11:47:43.000000000,25.836247646144027
2026-03-11 11:10:29.000000000,13.506942799488243
2026-03-11 11:25:32.000000000,16.33130734340294
2026-03-11 11:56:16.000000000,29.72056224858176
2026-03-11 11:44:14.000000000,17.663707460653047
2026-03-11 11:06:52.000000000,27.970005926098704
2026-03-11 11:13:31.000000000,31.430730914580604
2026-03-11 11:39:09.000000000,6.883636102934387
2026-03-11 11:30:24.000000000,12.172057663003532
2026-03-11 11:51:55.000000000,86.13515040508884
2026-03-11 11:18:58.000000000,15.684229927173572
2026-03-11 11:10:25.000000000,80.98748455038084
2026-03-11 11:20:41.000000000,10.325076096143835
2026-03-11 11:51:03.000000000,10.900997213453127
2026-03-11 11:34:31.000000000,30.325638897243163
2026-03-11 11:57:37.000000000,7.203881864553686
2026-03-11 11:33:27.000000000,10.122468813205408
2026-03-11 11:47:39.000000000,21.084028152227376
2026-03-11 12:58:28.000000000,69.70074780898962
2026-03-11 12:48:25.000000000,34.28364702452466
2026-03-11 12:50:24.000000000,52.22336185905261
2026-03-11 12:17:10.000000000,12.204658228220158
2026-03-11 12:14:10.000000000,49.55177017999663
2026-03-11 12:57:15.000000000,49.41060010331558
2026-03-11 12:25:47.000000000,27.765289874153453
2026-03-11 12:15:06.000000000,20.592020339216123
2026-03-11 12:10:39.000000000,20.378454115574495
2026-03-11 12:13:15.000000000,109.51412335175274
2026-03-11 12:16:00.000000000,11.287210024778695
2026-03-11 12:37:46.000000000,175.65704847672762
2026-03-11 12:59:20.000000000,9.215906523100355
2026-03-11 12:20:17.000000000,9.170385497172
2026-03-11 12:43:04.000000000,18.114158733532957
2026-03-11 12:59:20.000000000,12.03857869572322
2026-03-11 12:25:08.000000000,71.192642717672
2026-03-11 12:34:09.000000000,11.048641701880616
2026-03-11 12:37:11.000000000,23.13786507212171
2026-03-11 12:40:38.000000000,17.18194686817922
2026-03-11 12:48:32.000000000,39.77803606926148
2026-03-11 12:17:56.000000000,19.61384974596199
2026-03-11 13:46:32.000000000,17.4905514236436
2026-03-11 13:41:48.000000000,13.197050583527371
2026-03-11 13:47:40.000000000,11.781362372126637
2026-03-11 13:14:19.000000000,8.682062718511666
2026-03-11 13:37:17.000000000,14.754255637287073
2026-03-11 13:38:43.000000000,19.089179375159237
2026-03-11 13:46:12.000000000,59.309949289492
2026-03-11 13:59:11.000000000,28.167489547392098
2026-03-11 13:29:24.000000000,97.97431132553453
2026-03-11 13:11:19.000000000,35.26454024210104
2026-03-11 13:17:06.000000000,14.470204322947236
2026-03-11 13:03:12.000000000,20.961734401845792
2026-03-11 13:53:29.000000000,30.28764006563461
2026-03-11 13:07:15.000000000,25.56597977455601
2026-03-11 14:01:20.000000000,74.40460924191188
2026-03-11 14:49:55.000000000,5.679641695755903
2026-03-11 14:36:23.000000000,40.974237250165494
2026-03-11 14:48:04.000000000,18.338271458644787
2026-03-11 14:16:02.000000000,16.34841356189226
2026-03-11 14:52:17.000000000,128.0842300877304
2026-03-11 14:27:09.000000000,15.07895946927945
2026-03-11 14:52:24.000000000,19.228286715662055
2026-03-11 14:52:53.000000000,41.15955889113191
2026-03-11 14:59:53.000000000,251.94516946151214
2026-03-11 14:59:15.000000000,19.885836026177127
2026-03-11 14:42:20.000000000,14.702246741443425
2026-03-11 14:57:51.000000000,49.17554470513384
2026-03-11 14:52:19.000000000,30.123914102245205
2026-03-11 14:29:01.000000000,25.403078813432057
2026-03-11 14:36:33.000000000,94.3354217680685
2026-03-11 14:37:44.000000000,76.32029565133425
2026-03-11 15:38:49.000000000,29.831475067625643
2026-03-11 15:10:13.000000000,8.903690883836223
2026-03-11 15:20:51.000000000,5.776487386854096
2026-03-11 15:16:55.000000000,9.279999555289582
2026-03-11 15:18:21.000000000,8.314550150914622
2026-03-11 15:18:18.000000000,13.020915540005454
2026-03-11 16:09:42.000000000,10.635032850130056
2026-03-11 16:33:42.000000000,77.52316891030891
2026-03-11 16:10:00.000000000,36.57255941824233
2026-03-11 16:35:43.000000000,54.071668945317946
2026-03-11 16:56:06.000000000,13.460344435732747
2026-03-11 16:48:09.000000000,62.09582456260306
2026-03-11 16:11:31.000000000,11.790777430597476
2026-03-11 16:46:04.000000000,48.655686713993454
2026-03-11 16:44:28.000000000,7.902824107205044
2026-03-11 16:06:08.000000000,8.809711811199257
2026-03-11 16:36:04.000000000,27.231019131662233
2026-03-11 16:03:55.000000000,71.49572077538474
2026-03-11 16:38:36.000000000,17.888298883292318
2026-03-11 16:01:49.000000000,97.31366804905264
2026-03-11 17:19:57.000000000,13.840483494648545
2026-03-11 17:00:08.000000000,45.36912577461697
2026-03-11 17:28:21.000000000,42.267097342708496
2026-03-11 17:19:49.000000000,98.87464184052928
2026-03-11 17:29:46.000000000,19.53585057915652
2026-03-11 17:53:47.000000000,26.77637282450497
2026-03-11 17:09:49.000000000,19.455901528108274
2026-03-11 17:13:52.000000000,52.8293588439757
2026-03-11 17:39:28.000000000,17.53877312167312
2026-03-11 17:01:45.000000000,14.032401207707977
2026-03-11 17:32:14.000000000,48.438192125795574
2026-03-11 17:28:09.000000000,12.802870387417894
2026-03-11 17:32:59.000000000,21.041845955924025
2026-03-11 17:39:17.000000000,25.9781176526305
2026-03-11 17:49:39.000000000,13.18778208147992
2026-03-11 17:11:59.000000000,14.534606123021998
2026-03-11 17:30:58.000000000,54.943697822815345
2026-03-11 18:41:50.000000000,15.418511467474232
2026-03-11 18:12:23.000000000,9.606251165991925
2026-03-11 18:05:26.000000000,16.220294346196106
2026-03-11 18:15:39.000000000,22.351514476917924
2026-03-11 18:20:47.000000000,53.38953183205212
2026-03-11 18:07:45.000000000,30.688664505883846
2026-03-11 18:59:29.000000000,7.25187575566358
2026-03-11 18:12:31.000000000,11.091780946011749
2026-03-11 18:58:54.000000000,20.680170601013725
2026-03-11 18:30:13.000000000,89.9416952606548
2026-03-11 18:54:16.000000000,145.78428573398818
2026-03-11 18:10:49.000000000,14.912947164456245
2026-03-11 18:34:42.000000000,26.51987025237337
2026-03-11 18:02:13.000000000,15.182452882612061
2026-03-11 18:03:01.000000000,27.686820060424804
2026-03-11 19:14:18.000000000,21.868040890518973
2026-03-11 19:32:01.000000000,83.65819295044145
2026-03-11 19:35:29.000000000,58.443405415201745
2026-03-11 19:46:01.000000000,19.389928379567916
2026-03-11 19:15:11.000000000,18.17262206777387
2026-03-11 19:06:12.000000000,12.942341102637165
2026-03-11 19:17:04.000000000,10.24863946507778
2026-03-11 19:08:37.000000000,20.323828210713845
2026-03-11 19:13:26.000000000,45.46370730560072
2026-03-11 19:49:54.000000000,24.25196882923979
2026-03-11 19:23:35.000000000,25.72881204482871
2026-03-11 19:57:25.000000000,10.888037361126674
2026-03-11 19:52:49.000000000,9.558077069628897
2026-03-11 19:18:28.000000000,18.74596649892025
2026-03-11 19:00:00.000000000,26.030943373918593
2026-03-11 19:32:37.000000000,6.5053154659036
2026-03-11 19:11:00.000000000,106.21604182777389
2026-03-11 19:02:59.000000000,17.018982410144307
2026-03-11 19:19:13.000000000,48.9418291851893
2026-03-11 19:31:08.000000000,51.48715730286058
2026-03-11 19:05:26.000000000,13.275171369800564
2026-03-11 19:51:14.000000000,9.416881014752953
2026-03-11 19:03:11.000000000,27.047491427226173
2026-03-11 20:11:09.000000000,24.931011800935917
2026-03-11 20:15:15.000000000,35.1566397383832
2026-03-11 20:21:48.000000000,43.910847413457084
2026-03-11 20:00:26.000000000,64.97537199397047
2026-03-11 20:27:05.000000000,5.595644956430393
2026-03-11 20:49:39.000000000,23.802857179623903
2026-03-11 20:00:28.000000000,12.43975628447419
2026-03-11 20:01:42.000000000,34.09896798502661
2026-03-11 20:21:12.000000000,103.24778230896239
2026-03-11 20:38:13.000000000,24.932878141416516
2026-03-11 20:37:42.000000000,14.984198594502882
2026-03-11 20:03:39.000000000,15.253615023407441
2026-03-11 20:13:26.000000000,6.9764262822852405
2026-03-11 20:26:29.000000000,11.703310137669035
2026-03-11 20:10:23.000000000,26.23176659974778
2026-03-11 20:15:56.000000000,16.694061552456855
2026-03-11 20:07:19.000000000,134.01930305765225
2026-03-11 20:43:53.000000000,63.96782718178073
2026-03-11 20:18:51.000000000,29.01337432216886
2026-03-11 20:06:19.000000000,15.406327788568515
2026-03-11 20:52:57.000000000,43.5413129979972
2026-03-11 21:49:01.000000000,20.716595928291387
2026-03-11 21:10:59.000000000,17.870434083863106
2026-03-11 21:06:24.000000000,17.10186172396831
2026-03-11 21:30:47.000000000,18.40838601725986
2026-03-11 21:31:54.000000000,64.81510477187969
2026-03-11 21:13:34.000000000,37.95180601767057
2026-03-11 21:04:19.000000000,55.50067488160657
2026-03-11 21:26:05.000000000,8.50428725108117
2026-03-11 21:03:56.000000000,32.90911453988955
2026-03-11 21:01:37.000000000,17.742410808042745
2026-03-11 21:26:56.000000000,18.607914219012255
2026-03-11 21:48:03.000000000,11.260827354090505
2026-03-11 21:02:20.000000000,17.06941563925861
2026-03-11 21:37:14.000000000,11.682790880587213
2026-03-11 21:22:36.000000000,13.19505581319386
2026-03-11 21:34:51.000000000,11.051223558429793
2026-03-11 21:03:48.000000000,79.64118768913498
2026-03-11 21:33:55.000000000,7.449793522554325
2026-03-11 22:22:22.000000000,16.965478201361098
2026-03-11 22:53:25.000000000,5.9825979173251
2026-03-11 22:55:30.000000000,20.24782930809535
2026-03-11 22:01:48.000000000,17.89731307679934
2026-03-11 22:45:37.000000000,7.8558696956920055
2026-03-11 22:26:40.000000000,41.72689138965231
2026-03-11 22:03:04.000000000,63.37135106568654
2026-03-11 22:32:23.000000000,26.333831213754227
2026-03-11 22:48:13.000000000,17.36626858334
2026-03-11 22:45:02.000000000,36.05304735678883
2026-03-11 23:55:18.000000000,10.838787214799144
2026-03-11 23:18:03.000000000,29.3176650737857
2026-03-11 23:21:27.000000000,11.488646891469308
2026-03-11 23:11:34.000000000,20.855085034603743
2026-03-11 23:29:53.000000000,15.767465570904982
2026-03-11 23:08:51.000000000,12.406907417836123
2026-03-11 23:24:09.000000000,34.80881486684064
2026-03-11 23:11:44.000000000,23.514243617636122
2026-03-11 23:02:13.000000000,7.34021504276293
2026-03-11 23:20:38.000000000,18.453131241894642
2026-03-11 23:39:04.000000000,9.957004379655388
2026-03-11 23:10:17.000000000,48.262522029987416
2026-03-11 23:19:30.000000000,15.281403400621304
2026-03-11 23:45:24.000000000,11.777553133583915
2026-03-11 23:51:03.000000000,14.244609343085834
2026-03-11 23:30:56.000000000,15.563097558023408
2026-03-11 23:16:24.000000000,7.664657940913884
2026-03-12 00:42:24.000000000,46.48611925078499
2026-03-12 00:21:04.000000000,19.163247908512584
2026-03-12 00:08:44.000000000,24.90310160330186
2026-03-12 00:04:33.000000000,15.833376495843691
2026-03-12 00:30:07.000000000,17.321313207911512
2026-03-12 00:07:16.000000000,50.43365391275339
2026-03-12 00:10:12.000000000,41.5244347995047
2026-03-12 00:13:58.000000000,12.206888050734829
2026-03-12 00:58:53.000000000,11.793002171612974
2026-03-12 00:12:43.000000000,34.93494278276304
2026-03-12 00:01:35.000000000,7.698330273467947
2026-03-12 00:42:49.000000000,14.276010036199597
2026-03-12 00:29:38.000000000,10.939082973785453
2026-03-12 00:00:36.000000000,40.576565315053436
2026-03-12 00:27:29.000000000,11.540540401897513
2026-03-12 00:25:12.000000000,16.64359581021161
2026-03-12 00:12:13.000000000,8.346865400043367
2026-03-12 00:15:12.000000000,9.808336444236012
2026-03-12 01:26:11.000000000,10.489544814830975
2026-03-12 01:09:03.000000000,14.206062037469643
2026-03-12 02:42:11.000000000,82.22701195272846
2026-03-12 02:42:33.000000000,21.55025645972862
2026-03-12 02:41:25.000000000,52.59349858285769
2026-03-12 03:14:57.000000000,12.797251808484233
2026-03-12 03:49:20.000000000,6.5889765475959425
2026-03-12 03:03:25.000000000,14.348940572884999
2026-03-12 03:45:39.000000000,14.408006554209226
2026-03-12 03:28:42.000000000,53.34599632720155
2026-03-12 03:27:40.000000000,7.993082191519428
2026-03-12 03:48:32.000000000,32.326698716782595
2026-03-12 03:07:44.000000000,35.7535353282474
2026-03-12 03:58:16.000000000,7.622958144115048
2026-03-12 04:05:38.000000000,16.39182776335634
2026-03-12 04:37:21.000000000,7.010574379281421
2026-03-12 04:48:38.000000000,10.563158799422911
2026-03-12 04:07:42.000000000,27.504137197693534
2026-03-12 04:01:05.000000000,30.79488768796611
2026-03-12 04:28:18.000000000,58.205656924851915
2026-03-12 05:06:08.000000000,21.709192193187896
2026-03-12 05:43:24.000000000,44.02230415597281
2026-03-12 05:41:31.000000000,51.63789730363906
2026-03-12 05:18:13.000000000,26.675998142552647
2026-03-12 05:30:31.000000000,105.48250232840874
2026-03-12 05:42:11.000000000,17.89688594923994
2026-03-12 05:28:18.000000000,11.573467395941911
2026-03-12 06:44:12.000000000,7.5150735921482426
2026-03-12 06:51:44.000000000,9.82087979399597
2026-03-12 06:48:06.000000000,6.0513292910610765
2026-03-12 06:28:56.000000000,56.93120757061185
2026-03-12 06:29:38.000000000,13.819433451713419
2026-03-12 06:43:36.000000000,16.776809963130955
2026-03-12 06:48:58.000000000,10.474358340200814
2026-03-12 06:38:13.000000000,19.48826284086826
2026-03-12 06:07:24.000000000,5.345464457082301
2026-03-12 06:18:10.000000000,41.558137798364406
2026-03-12 06:07:57.000000000,17.776601002466105
2026-03-12 07:56:27.000000000,7.180989366230968
2026-03-12 07:12:36.000000000,9.524194169808403
2026-03-12 07:52:39.000000000,10.69591780224044
2026-03-12 07:58:22.000000000,36.53448926600973
2026-03-12 07:34:03.000000000,13.13640988450835
2026-03-12 07:16:44.000000000,19.977775484319753
2026-03-12 07:29:44.000000000,62.29209025123621
2026-03-12 07:10:09.000000000,34.467218244304156
2026-03-12 07:05:58.000000000,84.11892855119355
2026-03-12 07:37:02.000000000,34.914093742840755
2026-03-12 07:44:32.000000000,25.146638287027866
2026-03-12 07:27:07.000000000,35.3676660684381
2026-03-12 07:34:20.000000000,20.968890008876365
2026-03-12 07:14:15.000000000,65.86052093749511
2026-03-12 07:02:27.000000000,33.45975873914728
2026-03-12 07:19:15.000000000,51.288837857383854
2026-03-12 07:07:08.000000000,14.994418142982635
2026-03-12 07:20:41.000000000,15.01878195537292
2026-03-12 07:38:06.000000000,17.621364290019986
2026-03-12 07:12:36.000000000,109.51251141794774
2026-03-12 08:28:10.000000000,9.79699315107067
2026-03-12 08:44:14.000000000,9.58348351953726
2026-03-12 08:01:11.000000000,18.912357613570595
2026-03-12 08:52:56.000000000,48.51118707558279
2026-03-12 08:00:11.000000000,32.46947297371259
2026-03-12 08:30:03.000000000,27.600113413779336
2026-03-12 08:42:50.000000000,46.08465944122053
2026-03-12 08:09:56.000000000,40.91046061147402
2026-03-12 08:38:05.000000000,19.8270130608197
2026-03-12 08:30:57.000000000,13.062093156383384
2026-03-12 08:40:44.000000000,7.460802849386745
2026-03-12 08:02:42.000000000,21.20927613677625
2026-03-12 08:47:06.000000000,22.350144595977373
2026-03-12 08:44:41.000000000,35.18429518688051
2026-03-12 08:12:59.000000000,11.210847713152106
2026-03-12 08:01:52.000000000,30.49451249710747
2026-03-12 08:42:31.000000000,45.0780151876469
2026-03-12 08:37:28.000000000,21.648930450792452
2026-03-12 08:46:28.000000000,12.738520328313836
2026-03-12 08:28:14.000000000,16.92727026644238
2026-03-12 08:08:08.000000000,52.082940187561164
2026-03-12 08:41:41.000000000,26.853831946556273
2026-03-12 08:48:40.000000000,30.00930042742053
2026-03-12 09:34:48.000000000,28.524698101622324
2026-03-12 09:44:59.000000000,9.01429110815376
2026-03-12 09:48:15.000000000,15.192330524957722
2026-03-12 09:22:25.000000000,45.358516408061526
2026-03-12 09:25:42.000000000,27.075963008703983
2026-03-12 09:15:26.000000000,13.17348230833011
2026-03-12 09:06:29.000000000,9.719250338236602
2026-03-12 09:00:58.000000000,21.896969303271806
2026-03-12 09:48:41.000000000,29.464619200751503
2026-03-12 09:01:24.000000000,27.301925508977146
2026-03-12 09:14:46.000000000,37.835597867727856
2026-03-12 09:51:44.000000000,20.010155131461044
2026-03-12 09:07:44.000000000,7.6734849132864476
2026-03-12 09:23:16.000000000,24.559094259075824
2026-03-12 09:37:31.000000000,20.518637100482547
2026-03-12 09:05:55.000000000,107.3055777450524
2026-03-12 09:16:11.000000000,39.11501243351612
2026-03-12 09:37:33.000000000,27.42716148363949
2026-03-12 09:43:12.000000000,15.839754458363064
2026-03-12 09:59:52.000000000,8.219175327182725
2026-03-12 09:28:04.000000000,11.645648919030485
2026-03-12 09:19:51.000000000,37.00220805020466
2026-03-12 09:41:16.000000000,7.213742583328975
2026-03-12 09:45:22.000000000,14.755670667103992
2026-03-12 09:06:22.000000000,13.980323332962808
2026-03-12 09:21:15.000000000,25.356982239230508
2026-03-12 10:06:38.000000000,67.81641970824148
2026-03-12 10:07:56.000000000,20.574305530120863
2026-03-12 10:33:44.000000000,50.04234512445789
2026-03-12 10:35:31.000000000,7.447673810630246
2026-03-12 10:51:08.000000000,21.750870814529446
2026-03-12 10:34:14.000000000,12.10618603957673
2026-03-12 10:06:36.000000000,26.72811409881064
2026-03-12 10:21:08.000000000,80.39412172597768
2026-03-12 10:10:13.000000000,37.18094341777644
2026-03-12 10:34:17.000000000,18.13418293555193
2026-03-12 10:15:57.000000000,12.91180852027028
2026-03-12 10:55:05.000000000,31.393134622921014
2026-03-12 11:41:32.000000000,60.26618070684115
2026-03-12 11:58:19.000000000,17.56229266761945
2026-03-12 11:11:18.000000000,19.71229863805642
2026-03-12 11:40:32.000000000,7.102065166529965
2026-03-12 11:10:40.000000000,48.35649153034594
2026-03-12 11:06:51.000000000,8.63782255373469
2026-03-12 11:28:03.000000000,5.0950698592060135
2026-03-12 11:44:09.000000000,11.627156209862232
2026-03-12 11:41:12.000000000,30.062201290336887
2026-03-12 11:00:05.000000000,19.233975247689603
2026-03-12 11:36:11.000000000,19.879835427544787
2026-03-12 11:08:23.000000000,29.88306690323552
2026-03-12 11:36:44.000000000,15.074279460883846
2026-03-12 11:10:59.000000000,17.880901986825105
2026-03-12 11:43:02.000000000,11.669020254721655
2026-03-12 11:42:22.000000000,31.15035763081509
2026-03-12 11:39:35.000000000,25.421792821312476
2026-03-12 12:12:23.000000000,5.388562820601075
2026-03-12 12:10:04.000000000,5.236578178961615
2026-03-12 12:53:12.000000000,22.55974769430038
2026-03-12 12:02:08.000000000,16.541461297734564
2026-03-12 12:52:01.000000000,71.10339037879508
2026-03-12 12:16:08.000000000,53.88935454168897
2026-03-12 12:46:28.000000000,17.05409015196224
2026-03-12 12:54:30.000000000,18.50943273778657
2026-03-12 12:55:25.000000000,33.5144151498867
2026-03-12 12:12:48.000000000,14.480339730924264
2026-03-12 12:05:39.000000000,88.18557495251297
2026-03-12 12:43:12.000000000,25.177814980814095
2026-03-12 12:14:56.000000000,1.2723959115000552
2026-03-12 12:01:56.000000000,32.4725969018747
2026-03-12 12:05:47.000000000,108.47761511334488
2026-03-12 12:13:37.000000000,16.715445242302973
2026-03-12 13:02:28.000000000,138.45667006225355
2026-03-12 13:44:24.000000000,64.98185718269642
2026-03-12 13:40:00.000000000,21.40575804292612
2026-03-12 13:13:41.000000000,19.91253845536298
2026-03-12 13:08:32.000000000,29.548080191879063
2026-03-12 13:56:14.000000000,42.16564515746393
2026-03-12 13:09:43.000000000,71.66037047648422
2026-03-12 13:47:57.000000000,12.935583326619938
2026-03-12 13:49:34.000000000,13.161448865855185
2026-03-12 13:51:08.000000000,11.20792858170174
2026-03-12 13:32:56.000000000,10.834264037820365
2026-03-12 13:56:31.000000000,12.139844673207357
2026-03-12 13:03:19.000000000,10.127570196969163
2026-03-12 13:11:37.000000000,9.258664624502185
2026-03-12 13:41:50.000000000,30.560584394090768
2026-03-12 14:07:38.000000000,46.61119861000575
2026-03-12 14:16:27.000000000,5.611544411651229
2026-03-12 14:46:38.000000000,68.07545297874888
2026-03-12 14:59:46.000000000,26.24673762162921
2026-03-12 14:09:51.000000000,7.955344565975369
2026-03-12 14:00:55.000000000,106.44061626833232
2026-03-12 14:27:53.000000000,43.961900294820644
2026-03-12 14:18:34.000000000,15.899169592834845
2026-03-12 14:18:40.000000000,9.556834704736684
2026-03-12 14:47:15.000000000,5.769636327941297
2026-03-12 14:20:40.000000000,14.144050654424408
2026-03-12 14:42:46.000000000,59.98329080952289
2026-03-12 14:12:24.000000000,7.198839244375762
2026-03-12 14:19:13.000000000,63.80015008337238
2026-03-12 14:42:53.000000000,7.226273332276182
2026-03-12 14:57:11.000000000,69.75429344154178
2026-03-12 14:43:17.000000000,13.551364388021192
2026-03-12 14:45:04.000000000,11.259971899287418
2026-03-12 14:43:39.000000000,8.931758766823293
2026-03-12 14:05:40.000000000,24.500686991826168
2026-03-12 14:49:00.000000000,20.2414128397459
2026-03-12 14:29:51.000000000,26.972705844449056
2026-03-12 14:01:30.000000000,12.89360028792278
2026-03-12 14:39:23.000000000,28.110310174067653
2026-03-12 14:31:07.000000000,26.640409995629053
2026-03-12 14:43:03.000000000,19.039755827537874
2026-03-12 14:08:13.000000000,33.302731854774166
2026-03-12 14:23:00.000000000,19.84453631727997
2026-03-12 15:41:23.000000000,19.689605231237596
2026-03-12 15:17:08.000000000,45.287025819468276
2026-03-12 15:44:36.000000000,9.2081328042782
2026-03-12 15:00:42.000000000,22.927021187206034
2026-03-12 15:20:14.000000000,28.548724832921298
2026-03-12 15:42:22.000000000,12.264178492491844
2026-03-12 15:08:22.000000000,17.033025016365574
2026-03-12 15:05:25.000000000,43.27850934578121
2026-03-12 15:49:14.000000000,10.886836041064104
2026-03-12 15:15:09.000000000,13.742200208242753
2026-03-12 15:29:11.000000000,13.774213730028732
2026-03-12 15:21:48.000000000,35.57316993486943
2026-03-12 15:34:01.000000000,8.708795981459048
2026-03-12 15:40:40.000000000,55.268079663590306
2026-03-12 16:07:40.000000000,20.254996865736207
2026-03-12 16:13:17.000000000,7.331651454973089
2026-03-12 16:28:48.000000000,46.306706566027366
2026-03-12 16:11:55.000000000,36.2531555300446
2026-03-12 16:50:02.000000000,19.5676845258369
2026-03-12 16:07:51.000000000,10.270296230274663
2026-03-12 16:53:10.000000000,5.456856928467248
2026-03-12 16:37:41.000000000,16.977465055684714
2026-03-12 16:06:11.000000000,10.452902404034855
2026-03-12 16:36:24.000000000,21.778888069877635
2026-03-12 16:53:54.000000000,11.266825305360786
2026-03-12 16:38:02.000000000,10.441281763136253
2026-03-12 16:55:40.000000000,21.171571760443147
2026-03-12 16:12:34.000000000,8.103190753784709
2026-03-12 16:41:02.000000000,8.767488464177383
2026-03-12 16:26:19.000000000,10.54180724472782
2026-03-12 16:18:43.000000000,17.82488622879357
2026-03-12 16:29:04.000000000,26.589687660458726
2026-03-12 16:52:43.000000000,14.589038087009804
2026-03-12 16:33:45.000000000,14.895405954023708
2026-03-12 16:08:23.000000000,34.56151793041117
2026-03-12 16:10:25.000000000,155.20796659498825
2026-03-12 16:24:53.000000000,15.442134990120245
2026-03-12 16:10:06.000000000,12.718419209109658
2026-03-12 16:19:22.000000000,33.19789589807042
2026-03-12 17:37:53.000000000,11.568805132297381
2026-03-12 17:33:22.000000000,55.87934564583011
2026-03-12 17:36:34.000000000,52.51661834168447
2026-03-12 17:32:01.000000000,143.68194209990912
2026-03-12 17:04:03.000000000,13.20153026961643
2026-03-12 17:40:29.000000000,55.24795272653346
2026-03-12 17:15:04.000000000,25.825682439649174
2026-03-12 17:36:15.000000000,29.629658168433853
2026-03-12 17:24:48.000000000,33.03341294141829
2026-03-12 17:04:35.000000000,18.527634210481768
2026-03-12 17:15:54.000000000,29.036562329664203
2026-03-12 17:13:58.000000000,16.25713220157613
2026-03-12 17:48:27.000000000,20.772487236245635
2026-03-12 17:01:09.000000000,124.14859718004465
2026-03-12 17:41:32.000000000,11.832034721692203
2026-03-12 17:24:16.000000000,61.754332663388716
2026-03-12 17:39:06.000000000,25.70525840945675
2026-03-12 17:14:05.000000000,57.626708601836576
2026-03-12 17:36:45.000000000,14.044410609333479
2026-03-12 17:43:42.000000000,9.876652058194924
2026-03-12 17:10:48.000000000,51.90725478603342
2026-03-12 17:17:25.000000000,17.688091569467343
2026-03-12 17:39:17.000000000,29.505634244893333
2026-03-12 18:51:58.000000000,24.4563937125607
2026-03-12 18:40:26.000000000,28.6567411730008
2026-03-12 18:22:15.000000000,21.921888762163423
2026-03-12 18:02:32.000000000,25.25638792258516
2026-03-12 18:02:33.000000000,33.10140338332503
2026-03-12 18:09:04.000000000,11.21987153958322
2026-03-12 18:45:10.000000000,20.2581610572454
2026-03-12 18:32:53.000000000,8.144979284137339
2026-03-12 18:10:46.000000000,16.007528722709992
2026-03-12 18:58:00.000000000,15.583413890206526
2026-03-12 18:51:51.000000000,16.585901053299157
2026-03-12 18:49:19.000000000,39.13627765872504
2026-03-12 18:16:55.000000000,40.292689012322775
2026-03-12 18:35:59.000000000,8.549320437578317
2026-03-12 18:40:47.000000000,11.20357955963431
2026-03-12 18:33:52.000000000,9.108967449305979
2026-03-12 18:35:30.000000000,12.673258420707718
2026-03-12 18:16:35.000000000,23.028736127542782
2026-03-12 18:12:43.000000000,9.20893625466887
2026-03-12 18:01:56.000000000,24.273580807421002
2026-03-12 18:05:42.000000000,7.2169887319738635
2026-03-12 18:08:48.000000000,13.046526496515206
2026-03-12 18:55:50.000000000,22.314770804891626
2026-03-12 19:32:12.000000000,10.443293381683002
2026-03-12 19:28:09.000000000,30.218810580068624
2026-03-12 19:16:52.000000000,32.857370030505585
2026-03-12 19:42:22.000000000,20.46838690320556
2026-03-12 19:49:25.000000000,35.776439351738794
2026-03-12 19:58:28.000000000,7.554955216624345
2026-03-12 19:03:27.000000000,28.01620144523348
2026-03-12 19:14:48.000000000,34.03518014360154
2026-03-12 19:12:00.000000000,25.34960088602217
2026-03-12 19:10:53.000000000,25.75594088515395
2026-03-12 19:47:07.000000000,36.2646101483989
2026-03-12 19:05:03.000000000,12.735388235121704
2026-03-12 19:57:21.000000000,11.091688232333421
2026-03-12 19:29:16.000000000,22.4471168608433
2026-03-12 19:42:16.000000000,25.760139226569873
2026-03-12 19:36:28.000000000,13.861985603905033
2026-03-12 19:52:21.000000000,12.52840915246298
2026-03-12 19:23:49.000000000,20.150975005236237
2026-03-12 19:18:29.000000000,9.799784711338948
2026-03-12 19:44:07.000000000,15.340448259566589
2026-03-12 19:00:18.000000000,62.269894886858985
2026-03-12 19:25:58.000000000,8.148968859503103
2026-03-12 19:39:02.000000000,127.55974884603269
2026-03-12 19:41:40.000000000,74.4533684814836
2026-03-12 19:58:47.000000000,56.223012040110525
2026-03-12 19:17:43.000000000,13.890078573295398
2026-03-12 19:39:24.000000000,17.816345995470538
2026-03-12 19:15:02.000000000,37.571367412386394
2026-03-12 20:10:26.000000000,14.592237829160446
2026-03-12 20:09:28.000000000,30.136905411036413
2026-03-12 20:15:24.000000000,7.611561169137479
2026-03-12 20:43:12.000000000,19.92805912005394
2026-03-12 20:28:10.000000000,33.51430311225071
2026-03-12 20:48:45.000000000,54.37204883226949
2026-03-12 20:39:25.000000000,17.495036902348335
2026-03-12 20:30:16.000000000,8.797912335616743
2026-03-12 20:55:45.000000000,9.082723873989234
2026-03-12 20:53:26.000000000,9.25186102419935
2026-03-12 20:32:35.000000000,8.258398703233514
2026-03-12 20:36:23.000000000,52.56461633855357
2026-03-12 20:06:21.000000000,14.549312583386143
2026-03-12 20:35:14.000000000,65.80186393899666
2026-03-12 20:44:40.000000000,42.37996098878818
2026-03-12 20:05:12.000000000,40.49141277414125
2026-03-12 20:45:38.000000000,67.74713409321667
2026-03-12 20:47:31.000000000,23.673680903780905
2026-03-12 20:31:41.000000000,11.149080218572575
2026-03-12 20:24:10.000000000,27.793176881193663
2026-03-12 21:56:06.000000000,17.12148573750151
2026-03-12 21:32:23.000000000,11.045355236685673
2026-03-12 21:48:55.000000000,33.16157693736526
2026-03-12 21:51:55.000000000,35.69457828731645
2026-03-12 21:24:48.000000000,7.953129259319001
2026-03-12 21:58:13.000000000,15.120750481452486
2026-03-12 21:55:22.000000000,13.464109978093052
2026-03-12 21:17:55.000000000,9.941272382407607
2026-03-12 21:34:17.000000000,23.603071383594465
2026-03-12 21:39:54.000000000,6.495226369572725
2026-03-12 21:12:30.000000000,23.353206715947262
2026-03-12 21:33:00.000000000,30.95494796529579
2026-03-12 21:14:38.000000000,17.103937324925948
2026-03-12 21:50:46.000000000,9.927972716952329
2026-03-12 21:58:41.000000000,12.329801496713465
2026-03-12 21:05:30.000000000,132.14107674730585
2026-03-12 21:56:50.000000000,15.294521282945805
2026-03-12 21:34:03.000000000,9.65348933162544
2026-03-12 21:19:25.000000000,55.24046727949567
2026-03-12 22:54:30.000000000,44.695076316905826
2026-03-12 22:09:46.000000000,12.753493264784485
2026-03-12 22:52:57.000000000,13.653190181119633
2026-03-12 22:56:56.000000000,39.26252147136662
2026-03-12 22:56:36.000000000,9.73825948752885
2026-03-12 22:35:55.000000000,44.010887475359574
2026-03-12 22:14:09.000000000,7.392518958249604
2026-03-12 22:22:35.000000000,46.005834114424616
2026-03-12 22:07:06.000000000,41.23581357121392
2026-03-12 22:23:01.000000000,17.14065644768159
2026-03-12 22:21:02.000000000,130.58867636640292
2026-03-12 22:05:40.000000000,65.92554322388963
2026-03-12 22:06:13.000000000,110.92222592493023
2026-03-12 22:18:23.000000000,9.216551899435114
2026-03-12 22:53:59.000000000,21.648076689275495
2026-03-12 22:36:04.000000000,21.729318415240474
2026-03-12 22:35:18.000000000,19.599253136740206
2026-03-12 22:37:51.000000000,17.38280260910221
2026-03-12 22:13:33.000000000,53.15006961495109
2026-03-12 22:44:14.000000000,19.74327723064758
2026-03-12 22:50:56.000000000,14.746051873210664
2026-03-12 23:44:18.000000000,21.56314099955655
2026-03-12 23:34:50.000000000,70.16064770404512
2026-03-12 23:24:04.000000000,13.04799492495739
2026-03-12 23:58:34.000000000,35.51007776827268
2026-03-12 23:42:34.000000000,17.826613402723073
2026-03-12 23:02:25.000000000,30.204508287538953
2026-03-12 23:04:55.000000000,5.688033117458486
2026-03-12 23:49:19.000000000,24.953838700219176
2026-03-12 23:28:39.000000000,20.0646812193588
2026-03-13 00:22:07.000000000,64.6232514977424
2026-03-13 00:17:10.000000000,22.633844851498804
2026-03-13 00:54:46.000000000,10.910700668702574
2026-03-13 00:16:50.000000000,13.392238724006273
2026-03-13 00:42:42.000000000,15.36520019517561
2026-03-13 00:51:56.000000000,13.181440582741569
2026-03-13 00:22:20.000000000,11.754288922152913
2026-03-13 00:38:17.000000000,6.95164052777694
2026-03-13 00:23:49.000000000,74.96629942409356
2026-03-13 00:22:25.000000000,35.8438797175752
2026-03-13 00:41:21.000000000,6.053710046823573
2026-03-13 01:16:13.000000000,15.154682858517042
2026-03-13 01:08:17.000000000,31.22120297885704
2026-03-13 01:49:09.000000000,12.996653989614643
2026-03-13 01:39:56.000000000,7.640884435710559
2026-03-13 01:34:41.000000000,43.10366673239156
2026-03-13 01:28:00.000000000,19.45621920100871
2026-03-13 02:42:12.000000000,42.71562336815778
2026-03-13 02:16:35.000000000,76.5146939184973
2026-03-13 02:14:24.000000000,39.46085710230143
2026-03-13 03:37:36.000000000,12.807435624756465
2026-03-13 03:43:12.000000000,18.738885459613865
2026-03-13 04:10:07.000000000,29.516963221820195
2026-03-13 04:39:20.000000000,42.144830790309804
2026-03-13 04:19:14.000000000,17.32439918949549
2026-03-13 04:28:50.000000000,50.62488080806856
2026-03-13 04:16:59.000000000,42.67024568730277
2026-03-13 04:43:18.000000000,89.87368609094602
2026-03-13 04:14:25.000000000,10.848085847819064
2026-03-13 05:34:10.000000000,112.42756924525814
2026-03-13 05:17:50.000000000,12.818961916340278
2026-03-13 05:19:57.000000000,56.13623817259785
2026-03-13 05:40:55.000000000,12.656503948709133
2026-03-13 05:32:09.000000000,43.51182377337357
2026-03-13 06:03:50.000000000,20.049140240000273
2026-03-13 06:46:55.000000000,10.011209703406493
2026-03-13 06:03:01.000000000,20.06097265164289
2026-03-13 06:50:56.000000000,78.0791415892481
2026-03-13 06:47:25.000000000,12.106763511947985
2026-03-13 07:56:30.000000000,36.851809376955835
2026-03-13 07:04:04.000000000,19.094250373953766
2026-03-13 07:39:58.000000000,13.131926288778146
2026-03-13 07:31:30.000000000,32.62251074241445
2026-03-13 07:42:03.000000000,33.176857134180466
2026-03-13 07:29:13.000000000,17.270017046992116
2026-03-13 07:15:38.000000000,27.978639846673214
2026-03-13 07:55:02.000000000,13.028126567740589
2026-03-13 07:01:16.000000000,96.15212359619711
2026-03-13 07:54:32.000000000,9.216619986750693
2026-03-13 07:13:45.000000000,21.21262137901974
2026-03-13 07:07:07.000000000,11.94846026563718
2026-03-13 07:00:03.000000000,18.743392124615706
2026-03-13 07:06:43.000000000,20.221847247911004
2026-03-13 07:25:05.000000000,9.77722745937813
2026-03-13 07:35:25.000000000,54.38164847061248
2026-03-13 08:11:50.000000000,32.45256565519157
2026-03-13 08:12:28.000000000,20.897884302706192
2026-03-13 08:35:07.000000000,27.083237655339634
2026-03-13 08:02:46.000000000,71.2061524057925
2026-03-13 08:44:24.000000000,59.10426216004125
2026-03-13 08:41:05.000000000,14.588414064820633
2026-03-13 08:03:37.000000000,17.055735806847043
2026-03-13 08:25:33.000000000,18.436668322051347
2026-03-13 08:18:27.000000000,10.246321685381325
2026-03-13 08:33:53.000000000,19.75859078095856
2026-03-13 08:28:36.000000000,17.81752788648991
2026-03-13 08:47:03.000000000,17.23509504916051
2026-03-13 08:51:00.000000000,90.27556889023133
2026-03-13 08:00:35.000000000,39.963644699555836
2026-03-13 08:20:38.000000000,9.74877946433348
2026-03-13 08:16:57.000000000,9.492351524155758
2026-03-13 08:32:00.000000000,24.256231663435518
2026-03-13 08:52:38.000000000,36.08050072368764
2026-03-13 08:00:57.000000000,16.30788251096064
2026-03-13 08:32:34.000000000,54.88724552200409
2026-03-13 08:26:29.000000000,18.080214603652138
2026-03-13 08:25:43.000000000,83.0976326879096
2026-03-13 08:03:48.000000000,33.6281676409447
2026-03-13 09:46:49.000000000,22.67586802479821
2026-03-13 09:33:31.000000000,8.938189603970592
2026-03-13 09:16:49.000000000,14.919236852671016
2026-03-13 09:00:34.000000000,7.134158883810226
2026-03-13 09:01:13.000000000,60.45976456236483
2026-03-13 09:54:33.000000000,15.279402895104912
2026-03-13 09:55:19.000000000,23.250253685131536
2026-03-13 09:41:33.000000000,9.54397383729884
2026-03-13 09:08:34.000000000,37.72629240699352
2026-03-13 09:27:51.000000000,19.890014350974834
2026-03-13 09:10:54.000000000,17.745090023660588
2026-03-13 09:06:29.000000000,12.358957824280377
2026-03-13 09:47:27.000000000,27.402840055077203
2026-03-13 10:53:00.000000000,38.28095405653827
2026-03-13 10:17:32.000000000,33.48076366604768
2026-03-13 10:26:52.000000000,9.021688699394598
2026-03-13 10:42:17.000000000,6.872161368377894
2026-03-13 10:56:31.000000000,9.315830788363208
2026-03-13 10:56:12.000000000,15.146617624199557
2026-03-13 10:25:53.000000000,12.32835089670628
2026-03-13 10:54:06.000000000,7.254092863980366
2026-03-13 10:40:58.000000000,11.308568544257401
2026-03-13 10:18:33.000000000,9.543261241090285
2026-03-13 11:44:09.000000000,16.736548624782085
2026-03-13 11:58:57.000000000,8.91467388480498
2026-03-13 11:41:21.000000000,24.607197336361626
2026-03-13 11:07:41.000000000,37.539982136139876
2026-03-13 11:35:26.000000000,62.212339879386825
2026-03-13 11:37:53.000000000,33.61569064205609
2026-03-13 11:41:00.000000000,13.856550792554891
2026-03-13 11:28:28.000000000,21.567910839843794
2026-03-13 11:16:11.000000000,10.389695903977945
2026-03-13 11:10:18.000000000,12.10065615988228
2026-03-13 11:46:03.000000000,15.204900443021664
2026-03-13 11:08:35.000000000,16.195666758997643
2026-03-13 11:50:26.000000000,25.00248625388642
2026-03-13 12:21:14.000000000,65.13226233701954
2026-03-13 12:37:22.000000000,12.930727736833528
2026-03-13 12:01:41.000000000,24.75085916791929
2026-03-13 12:20:17.000000000,99.17326972528889
2026-03-13 12:16:03.000000000,13.525312083227792
2026-03-13 12:17:40.000000000,6.3172704112674385
2026-03-13 12:48:23.000000000,9.713128756153022
2026-03-13 12:10:15.000000000,14.651761087775512
2026-03-13 13:00:07.000000000,26.356749321355064
2026-03-13 13:32:19.000000000,11.476024424682517
2026-03-13 13:46:25.000000000,7.966609603316648
2026-03-13 13:31:51.000000000,17.31776144751593
2026-03-13 13:08:24.000000000,20.85640435156684
2026-03-13 13:02:56.000000000,19.14529847739824
2026-03-13 13:07:08.000000000,5.644203130357868
2026-03-13 13:05:03.000000000,34.786592385808916
2026-03-13 13:29:25.000000000,23.731763323626947
2026-03-13 13:24:52.000000000,31.84373494397487
2026-03-13 13:01:59.000000000,21.96766303439382
2026-03-13 14:11:27.000000000,21.134402955284873
2026-03-13 14:37:42.000000000,28.42250749652884
2026-03-13 14:07:15.000000000,46.65862865470219
2026-03-13 14:58:57.000000000,13.864597279561625
2026-03-13 14:15:56.000000000,5.87077841350675
2026-03-13 14:08:38.000000000,6.276836481917387
2026-03-13 14:37:22.000000000,18.37527780897266
2026-03-13 14:01:22.000000000,23.883194223723823
2026-03-13 14:51:44.000000000,72.91907307272999
2026-03-13 14:57:16.000000000,11.88845727369021
2026-03-13 14:33:11.000000000,19.8733900511969
2026-03-13 14:15:50.000000000,8.758286616171361
2026-03-13 14:59:29.000000000,374.2541434702777
2026-03-13 14:10:42.000000000,50.11277564947827
2026-03-13 14:23:34.000000000,5.80165313059411
2026-03-13 14:16:51.000000000,12.786049704620485
2026-03-13 14:42:49.000000000,28.87535104841724
2026-03-13 14:02:43.000000000,9.201741385494884
2026-03-13 15:20:01.000000000,10.487865499936813
2026-03-13 15:21:23.000000000,6.364918628510017
2026-03-13 15:05:29.000000000,21.701727842389342
2026-03-13 15:46:32.000000000,10.73862368666218
2026-03-13 15:25:21.000000000,47.713611898697486
2026-03-13 15:20:08.000000000,31.294416980816113
2026-03-13 15:12:16.000000000,36.79226741648713
2026-03-13 15:04:38.000000000,15.777852249318485
2026-03-13 15:30:08.000000000,19.1991359473186
2026-03-13 15:13:07.000000000,9.851043973231366
2026-03-13 15:19:54.000000000,15.931085116918215
2026-03-13 15:18:28.000000000,29.046419838977908
2026-03-13 15:15:07.000000000,20.771856607655113
2026-03-13 15:54:15.000000000,18.604936630846037
2026-03-13 15:17:10.000000000,16.153149215489513
2026-03-13 15:42:22.000000000,40.62112059287753
2026-03-13 15:49:19.000000000,137.2103073132608
2026-03-13 15:44:43.000000000,14.766909890350403
2026-03-13 15:43:20.000000000,20.999487676436004
2026-03-13 15:00:45.000000000,153.15464143320668
2026-03-13 15:10:22.000000000,49.57809796339489
2026-03-13 15:54:11.000000000,26.83934181903997
2026-03-13 15:38:17.000000000,10.130176325083873
2026-03-13 16:38:18.000000000,25.79458331067939
2026-03-13 16:53:15.000000000,29.75913129870825
2026-03-13 16:22:14.000000000,17.604807709360966
2026-03-13 16:55:10.000000000,17.190508510065452
2026-03-13 16:38:37.000000000,146.57821891509343
2026-03-13 16:19:03.000000000,14.8389584698789
2026-03-13 16:11:04.000000000,32.65529554174323
2026-03-13 16:09:39.000000000,9.474547331520057
2026-03-13 16:27:53.000000000,11.959539043487016
2026-03-13 16:30:29.000000000,51.776329573487054
2026-03-13 16:38:54.000000000,7.669742046082712
2026-03-13 16:37:12.000000000,130.71382401271316
2026-03-13 16:03:40.000000000,14.741008500958532
2026-03-13 16:38:09.000000000,22.627597606763874
2026-03-13 16:47:39.000000000,10.117910765837163
2026-03-13 16:01:48.000000000,33.11208267189918
2026-03-13 17:40:03.000000000,18.145860063046808
2026-03-13 17:58:18.000000000,14.534174576301357
2026-03-13 17:04:52.000000000,130.937395106722
2026-03-13 17:25:26.000000000,42.745982617230176
2026-03-13 17:47:33.000000000,11.505290890814663
2026-03-13 17:40:17.000000000,33.99876381108962
2026-03-13 17:31:57.000000000,9.907173078751516
2026-03-13 17:30:02.000000000,29.851817775592597
2026-03-13 17:55:50.000000000,26.2440073138776
2026-03-13 17:13:59.000000000,17.242163264697144
2026-03-13 17:18:25.000000000,7.8459411088525925
2026-03-13 17:37:15.000000000,13.148549064570865
2026-03-13 17:12:37.000000000,11.934430463444077
2026-03-13 17:05:40.000000000,8.2122651083079
2026-03-13 17:40:20.000000000,15.465670889460807
2026-03-13 17:15:02.000000000,11.875829032689467
2026-03-13 17:17:28.000000000,21.552500110361922
2026-03-13 17:59:42.000000000,40.04269623854859
2026-03-13 17:33:51.000000000,48.99442984624012
2026-03-13 17:03:47.000000000,10.445053699960557
2026-03-13 17:03:18.000000000,15.411637291869102
2026-03-13 17:07:01.000000000,23.228690717179283
2026-03-13 17:17:59.000000000,46.87166638373886
2026-03-13 17:22:42.000000000,11.7016823331844
2026-03-13 17:49:03.000000000,8.492191288175999
2026-03-13 17:20:15.000000000,26.986424119187685
2026-03-13 18:03:21.000000000,11.94521311592371
2026-03-13 18:41:34.000000000,15.090007000462151
2026-03-13 18:10:51.000000000,29.427189569250704
2026-03-13 18:05:18.000000000,8.280088543302064
2026-03-13 18:39:30.000000000,50.661247269109886
2026-03-13 18:01:03.000000000,10.947830577447018
2026-03-13 18:22:29.000000000,68.53742344411285
2026-03-13 18:27:08.000000000,14.116845125156768
2026-03-13 18:55:14.000000000,8.172895190399078
2026-03-13 18:28:57.000000000,29.295800452690656
2026-03-13 18:11:24.000000000,13.987575235992
2026-03-13 18:24:26.000000000,37.00508918818635
2026-03-13 18:38:39.000000000,10.320570380961861
2026-03-13 18:24:54.000000000,45.66812444913399
2026-03-13 18:04:07.000000000,30.66204949635856
2026-03-13 18:59:19.000000000,30.737097839324154
2026-03-13 18:19:58.000000000,19.604823862630635
2026-03-13 18:08:19.000000000,9.230967845999253
2026-03-13 19:32:21.000000000,22.41766280860355
2026-03-13 19:12:00.000000000,6.224388139487379
2026-03-13 19:13:04.000000000,79.93496345894715
2026-03-13 19:24:18.000000000,72.91567381757113
2026-03-13 19:02:56.000000000,38.27067156922799
2026-03-13 19:56:02.000000000,6.558062496219593
2026-03-13 19:15:18.000000000,22.949477871881168
2026-03-13 19:07:56.000000000,16.26057044755431
2026-03-13 19:46:53.000000000,8.615425718717542
2026-03-13 19:58:44.000000000,6.247162429312905
2026-03-13 19:32:17.000000000,37.15942023468521
2026-03-13 19:00:09.000000000,21.492372411476335
2026-03-13 19:32:46.000000000,41.7822616855265
2026-03-13 19:30:42.000000000,50.406112768110425
2026-03-13 19:33:05.000000000,31.909279887403567
2026-03-13 19:18:35.000000000,33.26585640884149
2026-03-13 19:56:18.000000000,49.87216357672218
2026-03-13 19:00:20.000000000,28.577999352145962
2026-03-13 20:59:10.000000000,6.900728633489276
2026-03-13 20:11:55.000000000,11.826299751537366
2026-03-13 20:39:29.000000000,36.48258342559007
2026-03-13 20:54:22.000000000,14.503803200441997
2026-03-13 20:56:08.000000000,9.149800999772342
2026-03-13 20:30:07.000000000,43.630378053311
2026-03-13 20:30:01.000000000,9.352375155053263
2026-03-13 20:45:04.000000000,41.00322319587144
2026-03-13 20:17:10.000000000,18.299205173760992
2026-03-13 20:25:09.000000000,14.504094306202841
2026-03-13 20:43:14.000000000,29.26198525229339
2026-03-13 20:34:51.000000000,31.868039646364355
2026-03-13 20:02:06.000000000,24.83701806164923
2026-03-13 20:32:18.000000000,9.768856743706628
2026-03-13 20:22:14.000000000,24.468468876078635
2026-03-13 20:19:50.000000000,8.226257404025755
2026-03-13 20:23:39.000000000,31.83664763896117
2026-03-13 20:24:50.000000000,11.95299760023655
2026-03-13 20:06:12.000000000,8.41880924956537
2026-03-13 20:26:54.000000000,19.606394156802455
2026-03-13 20:08:36.000000000,15.344303537028509
2026-03-13 20:30:37.000000000,25.518852076484436
2026-03-13 20:02:05.000000000,7.189816858650925
2026-03-13 20:25:31.000000000,18.94102446684548
2026-03-13 20:58:36.000000000,10.38107210871248
2026-03-13 20:21:01.000000000,7.404769705833887
2026-03-13 20:12:03.000000000,24.9066069678105
2026-03-13 21:45:42.000000000,11.797587063507912
2026-03-13 21:46:48.000000000,24.9334028696214
2026-03-13 21:03:05.000000000,51.13289541053346
2026-03-13 21:41:00.000000000,11.442556682854018
2026-03-13 21:58:11.000000000,36.92468834012404
2026-03-13 21:19:35.000000000,8.088906339408108
2026-03-13 21:05:47.000000000,38.86636919713721
2026-03-13 21:37:54.000000000,26.658345679981228
2026-03-13 21:07:40.000000000,45.9541117086928
2026-03-13 21:12:42.000000000,28.572110959393303
2026-03-13 21:40:16.000000000,7.41375449453351
2026-03-13 21:48:37.000000000,38.86906874884719
2026-03-13 21:07:23.000000000,14.79786745437567
2026-03-13 21:31:41.000000000,9.946031393258917
2026-03-13 21:43:58.000000000,13.661673946551439
2026-03-13 21:58:14.000000000,8.215211519166685
2026-03-13 21:13:30.000000000,20.312264388560582
2026-03-13 21:38:47.000000000,10.335393750460483
2026-03-13 21:07:20.000000000,110.67216699774794
2026-03-13 21:23:48.000000000,10.783305110326921
2026-03-13 21:41:37.000000000,9.086313474497818
2026-03-13 21:19:02.000000000,10.443453716505065
2026-03-13 22:23:00.000000000,22.131732537524723
2026-03-13 22:31:30.000000000,30.76231584513096
2026-03-13 22:08:37.000000000,74.17156875150374
2026-03-13 22:35:36.000000000,18.585009336212988
2026-03-13 22:38:07.000000000,31.692200448365448
2026-03-13 22:55:42.000000000,21.843564884080177
2026-03-13 22:07:14.000000000,12.748934877915488
2026-03-13 22:57:06.000000000,17.19110710782473
2026-03-13 22:17:15.000000000,9.091132605487424
2026-03-13 22:23:02.000000000,8.873060007897294
2026-03-13 22:44:41.000000000,11.435069300876929
2026-03-13 22:01:02.000000000,9.429409226079468
2026-03-13 22:48:12.000000000,10.131133211664395
2026-03-13 22:58:12.000000000,13.554674263312766
2026-03-13 22:04:47.000000000,46.70080180316785
2026-03-13 22:45:50.000000000,51.56363652913334
2026-03-13 22:43:45.000000000,29.638261933139216
2026-03-13 22:41:27.000000000,34.75845501773608
2026-03-13 22:28:44.000000000,28.64945893024473
2026-03-13 22:22:04.000000000,8.790247182845636
2026-03-13 22:36:50.000000000,11.358988245072759
2026-03-13 22:55:21.000000000,15.381688538084479
2026-03-13 22:20:28.000000000,41.36207620740725
2026-03-13 22:26:43.000000000,46.45000517917114
2026-03-13 22:54:06.000000000,38.08193560911879
2026-03-13 23:32:01.000000000,15.768590998613462
2026-03-13 23:34:38.000000000,20.514443669087374
2026-03-13 23:21:29.000000000,8.876257201628416
2026-03-13 23:00:17.000000000,13.651693322273893
2026-03-13 23:44:20.000000000,8.065642285493933
2026-03-13 23:02:56.000000000,17.17131776055138
2026-03-13 23:45:28.000000000,12.583930877364924
2026-03-13 23:34:22.000000000,25.532396790910727
2026-03-13 23:53:59.000000000,22.988765415305874
2026-03-13 23:07:08.000000000,38.63445599054017
2026-03-13 23:45:50.000000000,19.601743955059238
2026-03-13 23:09:40.000000000,10.448290100166016
2026-03-13 23:40:01.000000000,8.269596473704109
2026-03-14 00:18:31.000000000,20.92828850083116
2026-03-14 00:35:55.000000000,43.68263451108058
2026-03-14 00:21:17.000000000,21.163646960413462
2026-03-14 00:25:54.000000000,23.924324154264934
2026-03-14 00:58:52.000000000,9.118594425014162
2026-03-14 00:45:38.000000000,9.38902717049871
2026-03-14 00:09:17.000000000,10.098593495060111
2026-03-14 00:20:40.000000000,14.793812898893304
2026-03-14 00:50:37.000000000,13.779786579043993
2026-03-14 00:21:17.000000000,69.33960739882555
2026-03-14 00:23:29.000000000,48.60927374735168
2026-03-14 00:25:19.000000000,27.000723747970557
2026-03-14 00:15:30.000000000,15.240662706435934
2026-03-14 00:13:49.000000000,83.13099552365914
2026-03-14 00:42:31.000000000,42.99322251132002
2026-03-14 00:07:07.000000000,20.48545914653649
2026-03-14 00:54:57.000000000,21.49370534852608
2026-03-14 00:43:25.000000000,11.739234607847834
2026-03-14 00:36:33.000000000,39.25204455123039
2026-03-14 00:25:59.000000000,17.863374735687433
2026-03-14 00:02:34.000000000,16.15555889685718
2026-03-14 00:49:22.000000000,20.276462312450956
2026-03-14 01:27:15.000000000,29.822926701900816
2026-03-14 01:41:55.000000000,22.440125564688866
2026-03-14 01:38:33.000000000,16.85405539751407
2026-03-14 01:06:49.000000000,14.574538523619097
2026-03-14 01:11:49.000000000,18.96663502211153
2026-03-14 01:40:57.000000000,15.889355687742022
2026-03-14 01:34:13.000000000,43.47058017475417
2026-03-14 01:04:27.000000000,22.860742801072544
2026-03-14 01:01:31.000000000,18.571669616078378
2026-03-14 01:19:24.000000000,39.71526324034233
2026-03-14 01:20:41.000000000,16.01447565494723
2026-03-14 01:16:14.000000000,21.76984603885077
2026-03-14 01:32:28.000000000,22.932622735819354
2026-03-14 01:33:41.000000000,18.899430616086352
2026-03-14 01:08:05.000000000,16.438801378055487
2026-03-14 01:38:47.000000000,27.848270134296577
2026-03-14 01:22:45.000000000,28.26463716612057
2026-03-14 01:48:16.000000000,29.893226254980778
2026-03-14 02:23:22.000000000,14.927026679655356
2026-03-14 02:12:04.000000000,10.887711536538205
2026-03-14 02:34:12.000000000,25.469510472605517
2026-03-14 02:32:32.000000000,49.107508794687
2026-03-14 02:50:02.000000000,7.091728609556045
2026-03-14 02:05:53.000000000,15.532439361459076
2026-03-14 02:26:30.000000000,26.48588009107515
2026-03-14 02:25:18.000000000,18.44543626859909
2026-03-14 03:25:27.000000000,11.171738625730054
2026-03-14 03:10:24.000000000,30.94161045918418
2026-03-14 03:36:10.000000000,10.062239821755167
2026-03-14 03:38:44.000000000,28.975810323598783
2026-03-14 03:14:14.000000000,20.69485457403678
2026-03-14 03:51:23.000000000,25.49489430068464
2026-03-14 03:36:19.000000000,22.268936083664688
2026-03-14 03:44:48.000000000,13.96768063622557
2026-03-14 03:09:27.000000000,17.823394980662574
2026-03-14 03:11:14.000000000,8.66265989381371
2026-03-14 03:44:48.000000000,33.76663104053966
2026-03-14 03:13:08.000000000,13.239754562851026
2026-03-14 03:23:29.000000000,17.82011521713451
2026-03-14 03:46:00.000000000,18.325383803828995
2026-03-14 04:51:03.000000000,148.29042975156318
2026-03-14 04:04:44.000000000,16.268387861196157
2026-03-14 04:37:18.000000000,12.513779345126707
2026-03-14 04:24:42.000000000,88.84596944002146
2026-03-14 04:01:38.000000000,74.06407243279165
2026-03-14 05:51:08.000000000,36.23429128286197
2026-03-14 05:20:23.000000000,19.56102980162743
2026-03-14 05:08:10.000000000,9.876547465697616
2026-03-14 05:33:59.000000000,31.21858980573972
2026-03-14 05:10:23.000000000,9.714425117738283
2026-03-14 05:56:49.000000000,108.47628636719922
2026-03-14 05:40:03.000000000,12.532917560341627
2026-03-14 06:49:45.000000000,10.97939859617578
2026-03-14 06:01:56.000000000,18.058937940341817
2026-03-14 06:07:17.000000000,19.485418508553085
2026-03-14 06:13:45.000000000,6.293867020359041
2026-03-14 06:14:43.000000000,32.28464626829385
2026-03-14 07:11:57.000000000,20.149395874386517
2026-03-14 07:32:23.000000000,42.06634343185903
2026-03-14 07:52:27.000000000,20.673211670361194
2026-03-14 07:20:15.000000000,41.10087787997012
2026-03-14 07:25:54.000000000,9.469442607558104
2026-03-14 07:23:02.000000000,52.83515457654168
2026-03-14 07:31:20.000000000,18.548388496644886
2026-03-14 07:49:29.000000000,23.08687035266541
2026-03-14 07:59:32.000000000,43.506163228066306
2026-03-14 07:35:27.000000000,22.896087196439037
2026-03-14 07:16:21.000000000,66.5230271202787
2026-03-14 07:17:31.000000000,44.568434945988976
2026-03-14 07:12:24.000000000,14.994999301640782
2026-03-14 08:26:16.000000000,11.446580976278838
2026-03-14 08:32:35.000000000,13.792183694911099
2026-03-14 08:46:18.000000000,16.219521284106175
2026-03-14 08:23:29.000000000,13.16753632269252
2026-03-14 08:56:14.000000000,6.913550489667083
2026-03-14 08:33:49.000000000,49.20443959244471
2026-03-14 08:51:33.000000000,23.080130818420916
2026-03-14 08:58:53.000000000,6.841930136586871
2026-03-14 08:11:07.000000000,19.93988407818065
2026-03-14 08:21:29.000000000,17.78518895406867
2026-03-14 08:35:59.000000000,15.877508157815416
2026-03-14 08:34:26.000000000,21.245651656321773
2026-03-14 08:40:27.000000000,21.10751668478833
2026-03-14 09:41:26.000000000,35.113138259077445
2026-03-14 09:53:28.000000000,10.394844749868017
2026-03-14 09:51:08.000000000,19.2062877121644
2026-03-14 09:21:27.000000000,12.834856547235326
2026-03-14 09:50:16.000000000,17.024956419324138
2026-03-14 09:49:46.000000000,38.161264163379236
2026-03-14 09:36:48.000000000,28.404972034776133
2026-03-14 09:40:11.000000000,25.840668685996917
2026-03-14 09:27:07.000000000,15.84991766056347
2026-03-14 09:00:03.000000000,8.297847775558118
2026-03-14 09:35:57.000000000,54.43269779325863
2026-03-14 09:29:06.000000000,25.474378716386678
2026-03-14 09:26:43.000000000,22.80699516408234
2026-03-14 09:45:16.000000000,25.87551990150853
2026-03-14 09:39:34.000000000,30.866637736073276
2026-03-14 09:43:21.000000000,14.218178405985501
2026-03-14 09:12:29.000000000,13.436645253152673
2026-03-14 09:11:45.000000000,14.382717068030836
2026-03-14 09:13:13.000000000,10.909436830377068
2026-03-14 10:47:09.000000000,7.858399362684546
2026-03-14 10:01:45.000000000,12.287410670981995
2026-03-14 10:12:22.000000000,6.245605707658298
2026-03-14 10:17:12.000000000,14.089598360097767
2026-03-14 10:42:38.000000000,8.442304240137716
2026-03-14 10:54:53.000000000,17.77700459243
2026-03-14 10:23:06.000000000,37.86682671992015
2026-03-14 10:08:26.000000000,15.256928741133795
2026-03-14 10:18:53.000000000,63.380049287979645
2026-03-14 10:24:56.000000000,8.338772262791949
2026-03-14 10:20:49.000000000,8.148993981807667
2026-03-14 11:19:28.000000000,9.345309686640238
2026-03-14 11:31:35.000000000,55.39267869108989
2026-03-14 11:46:27.000000000,32.16332671706075
2026-03-14 11:33:23.000000000,10.793122577234929
2026-03-14 11:42:46.000000000,21.31945705291982
2026-03-14 11:49:51.000000000,15.757859402099577
2026-03-14 11:47:55.000000000,18.23695311142672
2026-03-14 11:33:29.000000000,7.755233522733194
2026-03-14 11:48:50.000000000,16.54173857327201
2026-03-14 11:55:52.000000000,17.265172309061096
2026-03-14 12:28:24.000000000,15.035604370852226
2026-03-14 12:16:04.000000000,14.826669214998205
2026-03-14 12:33:04.000000000,17.867397974054104
2026-03-14 12:06:57.000000000,35.55621373719056
2026-03-14 12:27:36.000000000,13.56811582411067
2026-03-14 12:00:54.000000000,30.085345322116478
2026-03-14 12:32:03.000000000,23.4823352977599
2026-03-14 12:38:24.000000000,21.366167607176966
2026-03-14 12:44:57.000000000,13.597213100333114
2026-03-14 12:31:45.000000000,48.072854324297275
2026-03-14 12:37:45.000000000,19.813193068459782
2026-03-14 12:55:08.000000000,7.3150441097916765
2026-03-14 12:56:30.000000000,57.71336486327911
2026-03-14 12:21:29.000000000,13.245633853590643
2026-03-14 13:03:49.000000000,6.609160851732682
2026-03-14 13:20:10.000000000,23.79495755792406
2026-03-14 13:23:09.000000000,11.689286944841275
2026-03-14 13:38:40.000000000,8.705233563365557
2026-03-14 13:58:11.000000000,58.14015085955061
2026-03-14 13:28:38.000000000,9.04995416427646
2026-03-14 13:50:02.000000000,40.073315736712615
2026-03-14 13:52:53.000000000,14.752808613341692
2026-03-14 13:03:49.000000000,25.31358400578498
2026-03-14 13:57:15.000000000,26.530466356024583
2026-03-14 13:36:51.000000000,26.384960580848553
2026-03-14 13:34:30.000000000,20.15686083567648
2026-03-14 13:17:10.000000000,13.513181061557251
2026-03-14 13:05:26.000000000,100.61200900067719
2026-03-14 13:33:22.000000000,16.376035151935803
2026-03-14 13:30:59.000000000,51.68017984139629
2026-03-14 13:23:38.000000000,11.45899270666617
2026-03-14 13:52:07.000000000,63.32760301454561
2026-03-14 13:10:55.000000000,18.370619306683057
2026-03-14 13:38:35.000000000,50.86976886941634
2026-03-14 13:47:22.000000000,61.75027864309885
2026-03-14 13:00:37.000000000,10.38691021603465
2026-03-14 13:58:07.000000000,135.34735782160826
2026-03-14 13:21:05.000000000,12.463565898993668
2026-03-14 13:11:44.000000000,17.581254421578496
2026-03-14 13:17:12.000000000,42.09409785752336
2026-03-14 13:18:12.000000000,13.05738297967443
2026-03-14 14:25:17.000000000,22.33817461252161
2026-03-14 14:24:28.000000000,32.75200604077912
2026-03-14 14:43:13.000000000,22.048045686782675
2026-03-14 14:37:42.000000000,17.459409943865612
2026-03-14 14:42:23.000000000,66.04553348822644
2026-03-14 14:36:50.000000000,27.03140026085502
2026-03-14 14:08:09.000000000,9.97532452815835
2026-03-14 14:34:42.000000000,49.609974867545695
2026-03-14 14:48:56.000000000,25.62397334878496
2026-03-14 14:45:05.000000000,37.54185209474523
2026-03-14 14:45:56.000000000,27.404160672829523
2026-03-14 14:17:41.000000000,25.096035370678987
2026-03-14 14:59:33.000000000,29.19424261196627
2026-03-14 14:42:10.000000000,8.401431254315131
2026-03-14 14:18:33.000000000,9.883261753044199
2026-03-14 14:35:02.000000000,59.35328215388336
2026-03-14 14:28:59.000000000,12.719809778385255
2026-03-14 14:53:26.000000000,12.3123622702186
2026-03-14 14:26:53.000000000,13.142836620915553
2026-03-14 14:55:21.000000000,19.0046770877801
2026-03-14 14:24:31.000000000,11.352005939206418
2026-03-14 15:12:43.000000000,41.51054123572962
2026-03-14 15:22:52.000000000,8.965523786109227
2026-03-14 15:34:38.000000000,6.7704593167512925
2026-03-14 15:40:25.000000000,22.923043367118947
2026-03-14 15:57:25.000000000,11.481744865541188
2026-03-14 15:06:27.000000000,14.831826989967901
2026-03-14 15:19:27.000000000,56.962707550344085
2026-03-14 15:40:21.000000000,13.839625447543884
2026-03-14 15:51:18.000000000,9.427506873413463
2026-03-14 15:19:34.000000000,16.39505893588894
2026-03-14 15:21:18.000000000,19.011810738036854
2026-03-14 15:28:04.000000000,34.24368399667639
2026-03-14 15:05:48.000000000,15.800051029963889
2026-03-14 15:03:32.000000000,16.593812863881173
2026-03-14 15:56:59.000000000,28.760730280830163
2026-03-14 15:28:00.000000000,32.92697150905745
2026-03-14 15:39:59.000000000,8.508247899990959
2026-03-14 16:47:03.000000000,13.043477826692012
2026-03-14 16:30:20.000000000,11.450895185819096
2026-03-14 16:10:35.000000000,20.307244932910653
2026-03-14 16:05:11.000000000,10.700269166669987
2026-03-14 16:52:12.000000000,29.76854713899731
2026-03-14 16:50:20.000000000,23.578823688006825
2026-03-14 16:26:15.000000000,26.839979063230043
2026-03-14 16:33:37.000000000,11.307949152653798
2026-03-14 16:38:29.000000000,25.076379180641606
2026-03-14 16:41:41.000000000,13.278847644058857
2026-03-14 16:01:37.000000000,26.710202500992136
2026-03-14 16:04:08.000000000,15.921338524225987
2026-03-14 16:02:59.000000000,29.044793799185218
2026-03-14 16:26:11.000000000,16.20110597448315
2026-03-14 16:22:16.000000000,10.638322113988114
2026-03-14 16:22:09.000000000,26.014076931732514
2026-03-14 16:13:32.000000000,26.673699997704954
2026-03-14 17:14:22.000000000,41.25906431260392
2026-03-14 17:16:57.000000000,9.121564033470726
2026-03-14 17:30:33.000000000,11.9792257360678
2026-03-14 17:43:04.000000000,6.654944674751601
2026-03-14 17:15:06.000000000,25.00001284077025
2026-03-14 17:32:09.000000000,13.384176431476053
2026-03-14 17:11:58.000000000,65.76274020678962
2026-03-14 17:07:51.000000000,18.784576713849315
2026-03-14 17:24:13.000000000,51.60642996029568
2026-03-14 17:39:44.000000000,18.126422874224044
2026-03-14 17:38:22.000000000,16.104401129136708
2026-03-14 17:38:29.000000000,40.62987625959472
2026-03-14 17:35:12.000000000,10.726956783261475
2026-03-14 17:03:20.000000000,26.26699424793257
2026-03-14 17:04:13.000000000,6.1213537579097554
2026-03-14 17:01:42.000000000,20.84219332566907
2026-03-14 17:10:59.000000000,18.07475386682704
2026-03-14 18:58:42.000000000,17.56752578941644
2026-03-14 18:18:22.000000000,23.10440899109904
2026-03-14 18:07:11.000000000,15.820854805142272
2026-03-14 18:34:50.000000000,39.44145323621001
2026-03-14 18:50:35.000000000,20.448000566148618
2026-03-14 18:37:37.000000000,11.287721883486192
2026-03-14 18:25:49.000000000,12.932112505476951
2026-03-14 18:58:53.000000000,60.465799986864326
2026-03-14 18:07:31.000000000,35.611944609019254
2026-03-14 18:43:03.000000000,11.583831883948598
2026-03-14 18:07:19.000000000,26.71249875981687
2026-03-14 19:36:57.000000000,46.89363908730175
2026-03-14 19:31:36.000000000,7.048509784232417
2026-03-14 19:38:29.000000000,23.458106248404935
2026-03-14 19:23:16.000000000,16.136368007770958
2026-03-14 19:47:37.000000000,24.089298087857767
2026-03-14 19:32:14.000000000,19.48130479919379
2026-03-14 19:07:39.000000000,49.21223596179171
2026-03-14 19:57:37.000000000,12.250045527612862
2026-03-14 19:13:19.000000000,23.96927411717036
2026-03-14 19:07:37.000000000,60.181727735896544
2026-03-14 19:51:52.000000000,9.453542946534444
2026-03-14 19:15:25.000000000,41.95342687819291
2026-03-14 19:38:37.000000000,36.55364150395874
2026-03-14 19:46:38.000000000,18.168816265454605
2026-03-14 19:52:55.000000000,23.671339463652654
2026-03-14 19:31:30.000000000,30.24961754784194
2026-03-14 19:22:08.000000000,6.631233925275861
2026-03-14 20:17:07.000000000,19.732143127860734
2026-03-14 20:48:16.000000000,10.132881423877627
2026-03-14 20:29:42.000000000,7.830516559117605
2026-03-14 20:32:23.000000000,22.553622608331796
2026-03-14 20:01:26.000000000,12.516254200013044
2026-03-14 20:38:38.000000000,26.33909746154995
2026-03-14 20:18:24.000000000,14.046164999952477
2026-03-14 20:35:51.000000000,30.22876379273617
2026-03-14 20:27:36.000000000,10.743249960135717
2026-03-14 20:15:48.000000000,10.631496716884406
2026-03-14 20:26:19.000000000,43.58597289567678
2026-03-14 20:05:32.000000000,34.49338801702737
2026-03-14 20:07:14.000000000,33.59290186841053
2026-03-14 20:14:40.000000000,35.51872600004678
2026-03-14 20:44:52.000000000,12.620101970885074
2026-03-14 20:59:13.000000000,23.6146684089213
2026-03-14 20:35:29.000000000,15.644542109364039
2026-03-14 20:14:45.000000000,14.083143797287214
2026-03-14 20:31:26.000000000,11.971537145293716
2026-03-14 20:50:30.000000000,21.191100265575695
2026-03-14 20:36:36.000000000,7.410226926698556
2026-03-14 20:56:34.000000000,42.41784650372816
2026-03-14 20:19:08.000000000,35.2111376294336
2026-03-14 20:52:03.000000000,26.361647285320007
2026-03-14 21:02:32.000000000,14.3015754645767
2026-03-14 21:51:47.000000000,35.38197026148752
2026-03-14 21:37:38.000000000,23.888561455970628
2026-03-14 21:52:01.000000000,44.53734643936354
2026-03-14 21:03:03.000000000,12.8678487573433
2026-03-14 21:21:23.000000000,5.764907645941706
2026-03-14 21:09:18.000000000,30.06980366104334
2026-03-14 21:58:22.000000000,29.952219890976746
2026-03-14 21:26:12.000000000,12.004677648612269
2026-03-14 21:56:29.000000000,55.91412694767518
2026-03-14 21:46:57.000000000,9.979279272051816
2026-03-14 21:32:09.000000000,22.622355201549613
2026-03-14 21:29:20.000000000,11.008631243918536
2026-03-14 21:49:32.000000000,27.65768625868807
2026-03-14 21:23:04.000000000,52.32120410571179
2026-03-14 21:42:35.000000000,27.1153862054062
2026-03-14 21:23:42.000000000,32.39905189712211
2026-03-14 21:18:38.000000000,15.167433861246188
2026-03-14 21:18:19.000000000,13.130544314667336
2026-03-14 21:08:51.000000000,18.942261845332002
2026-03-14 22:57:58.000000000,5.684956082185725
2026-03-14 22:19:06.000000000,18.908131830096107
2026-03-14 22:10:03.000000000,19.993706095156252
2026-03-14 22:41:53.000000000,42.36531341597739
2026-03-14 22:54:19.000000000,9.661070547357205
2026-03-14 22:28:28.000000000,12.088761908127712
2026-03-14 22:17:29.000000000,11.753241245408262
2026-03-14 22:25:47.000000000,13.511059980513245
2026-03-14 22:51:17.000000000,40.15664850377148
2026-03-14 22:18:59.000000000,15.993022351749715
2026-03-14 22:48:58.000000000,5.803819785318046
2026-03-14 22:27:00.000000000,18.527023309255913
2026-03-14 22:26:30.000000000,16.49113588915828
2026-03-14 22:41:09.000000000,45.43957332492153
2026-03-14 22:31:56.000000000,26.594833280412477
2026-03-14 22:27:42.000000000,28.146218935200896
2026-03-14 22:38:35.000000000,8.15854695389956
2026-03-14 22:54:01.000000000,56.28254271096071
2026-03-14 22:04:10.000000000,51.18683705421399
2026-03-14 23:34:40.000000000,12.85637994056082
2026-03-14 23:22:43.000000000,19.797827561522215
2026-03-14 23:03:26.000000000,102.98881911553855
2026-03-14 23:01:29.000000000,116.84499188456589
2026-03-14 23:35:45.000000000,21.730199194576766
2026-03-14 23:37:45.000000000,19.475047699445287
2026-03-14 23:39:27.000000000,147.38954852209304
2026-03-14 23:08:29.000000000,19.796086904884493
2026-03-14 23:31:22.000000000,22.93502324630452
2026-03-14 23:30:17.000000000,61.60464341210723
2026-03-14 23:37:02.000000000,11.089219202852924
2026-03-14 23:06:44.000000000,22.47577920684514
2026-03-14 23:21:34.000000000,7.907212747439809
2026-03-14 23:00:21.000000000,13.509447689328674
2026-03-14 23:03:13.000000000,6.07324517242939
2026-03-14 23:42:23.000000000,29.36987596392701
2026-03-14 23:16:30.000000000,14.333565946122675
2026-03-14 23:37:13.000000000,13.750809915380392
2026-03-14 23:46:28.000000000,24.90283396107824
2026-03-14 23:49:22.000000000,8.552578240728135
2026-03-14 23:10:48.000000000,25.101088588034994
2026-03-15 00:00:39.000000000,14.712884689466488
2026-03-15 00:26:45.000000000,17.084391791073966
2026-03-15 00:42:40.000000000,30.949692481090356
2026-03-15 00:58:32.000000000,27.427930076266147
2026-03-15 00:14:57.000000000,36.84050428252127
2026-03-15 00:51:09.000000000,43.16545322805985
2026-03-15 00:40:03.000000000,37.798238987019126
2026-03-15 00:22:57.000000000,16.896564096256217
2026-03-15 00:51:13.000000000,12.533158753715046
2026-03-15 00:11:17.000000000,39.17155801893422
2026-03-15 00:34:31.000000000,8.424834415947494
2026-03-15 00:45:45.000000000,40.849246770317876
2026-03-15 00:40:14.000000000,24.87349509854207
2026-03-15 00:28:10.000000000,10.975069262993571
2026-03-15 01:26:27.000000000,28.95531676626022
2026-03-15 01:18:35.000000000,11.528100881924306
2026-03-15 01:45:35.000000000,13.966053716805384
2026-03-15 01:14:09.000000000,25.725631750179847
2026-03-15 01:00:08.000000000,8.615561618440978
2026-03-15 01:06:04.000000000,26.27072973922063
2026-03-15 01:15:49.000000000,48.504808001253316
2026-03-15 01:40:19.000000000,46.70831667403912
2026-03-15 01:52:19.000000000,13.974596256534166
2026-03-15 02:09:49.000000000,13.77929561577043
2026-03-15 02:46:46.000000000,29.623866596410654
2026-03-15 02:05:25.000000000,42.211024857021776
2026-03-15 02:11:09.000000000,8.306835391907647
2026-03-15 02:17:48.000000000,36.16744420464894
2026-03-15 02:05:25.000000000,28.46203668628721
2026-03-15 02:12:04.000000000,26.61185976450648
2026-03-15 02:14:11.000000000,23.116946057255785
2026-03-15 02:51:10.000000000,10.18031654082452
2026-03-15 02:41:42.000000000,9.101083319221132
2026-03-15 02:18:30.000000000,42.67493379659171
2026-03-15 02:56:14.000000000,17.320256079933483
2026-03-15 02:42:39.000000000,51.053738745856585
2026-03-15 02:54:43.000000000,10.777908416514311
2026-03-15 03:19:37.000000000,31.880667167167086
2026-03-15 03:20:27.000000000,10.28092636621361
2026-03-15 03:46:29.000000000,17.820260640860088
2026-03-15 03:16:07.000000000,9.3935133612515
2026-03-15 03:14:45.000000000,10.742234338526828
2026-03-15 03:23:32.000000000,25.31046891843747
2026-03-15 03:01:41.000000000,16.34051860793814
2026-03-15 04:37:21.000000000,45.41695477680545
2026-03-15 04:19:25.000000000,36.13857559156482
2026-03-15 05:11:00.000000000,70.04053964214985
2026-03-15 05:15:55.000000000,52.57015832497492
2026-03-15 06:04:49.000000000,26.388223038484508
2026-03-15 06:53:08.000000000,139.08555895918485
2026-03-15 06:28:38.000000000,37.932307638107744
2026-03-15 06:21:47.000000000,25.35731435330195
2026-03-15 06:11:52.000000000,10.341208733436186
2026-03-15 06:32:17.000000000,84.10293442060045
2026-03-15 06:42:53.000000000,25.7879084641604
2026-03-15 06:39:00.000000000,32.478187796115634
2026-03-15 06:32:58.000000000,13.949794429681678
2026-03-15 06:40:33.000000000,34.40411788005196
2026-03-15 07:42:50.000000000,23.84044818062846
2026-03-15 07:39:37.000000000,16.617861823871092
2026-03-15 07:55:40.000000000,8.91531464316893
2026-03-15 08:54:54.000000000,8.838857526949486
2026-03-15 08:07:35.000000000,10.487608384194493
2026-03-15 08:39:03.000000000,29.42347244304489
2026-03-15 08:51:27.000000000,27.414471698583302
2026-03-15 08:22:54.000000000,22.723755193115647
2026-03-15 08:38:41.000000000,87.09514666291065
2026-03-15 08:16:44.000000000,15.946058598637965
2026-03-15 08:52:24.000000000,5.197125654083738
2026-03-15 08:08:49.000000000,24.28376431725214
2026-03-15 08:57:29.000000000,5.4923609326660845
2026-03-15 08:59:31.000000000,12.601024248047402
2026-03-15 08:51:50.000000000,21.521925847560887
2026-03-15 08:32:34.000000000,48.74681813374229
2026-03-15 08:30:55.000000000,27.224590304436358
2026-03-15 09:55:59.000000000,7.335958086693209
2026-03-15 09:17:49.000000000,15.954299520585042
2026-03-15 09:29:22.000000000,12.241749239009486
2026-03-15 09:01:06.000000000,85.37083022842228
2026-03-15 09:47:41.000000000,15.199271048414634
2026-03-15 09:59:24.000000000,14.44105380312799
2026-03-15 09:20:43.000000000,19.394104053570313
2026-03-15 09:32:02.000000000,19.222344017521582
2026-03-15 09:03:01.000000000,14.789931913353659
2026-03-15 09:49:08.000000000,19.697275100921704
2026-03-15 09:46:57.000000000,10.844113779079446
2026-03-15 09:46:27.000000000,14.915139016070864
2026-03-15 09:10:45.000000000,20.689479290116623
2026-03-15 09:17:47.000000000,58.417611238202504
2026-03-15 09:54:40.000000000,23.610430322596144
2026-03-15 10:29:40.000000000,11.186421567629047
2026-03-15 10:31:01.000000000,13.763186276912919
2026-03-15 10:58:28.000000000,9.627662483949173
2026-03-15 10:34:16.000000000,29.763474789056357
2026-03-15 10:41:43.000000000,12.657218645124374
2026-03-15 10:50:46.000000000,15.833212034778779
2026-03-15 10:50:07.000000000,11.65294985778121
2026-03-15 10:55:07.000000000,11.374342729239721
2026-03-15 10:00:44.000000000,5.538391666551313
2026-03-15 10:38:03.000000000,17.23519302036393
2026-03-15 10:53:08.000000000,34.46550027779239
2026-03-15 10:46:03.000000000,29.572890257041212
2026-03-15 10:32:26.000000000,25.855279759457904
2026-03-15 10:38:18.000000000,10.771159888591445
2026-03-15 10:22:13.000000000,21.21806990593335
2026-03-15 11:55:48.000000000,11.561086576603582
2026-03-15 11:04:46.000000000,19.03601320608367
2026-03-15 11:26:13.000000000,72.03049411823092
2026-03-15 11:49:01.000000000,18.68518948252618
2026-03-15 11:10:06.000000000,19.42934136857556
2026-03-15 11:54:34.000000000,53.76590237009055
2026-03-15 11:11:55.000000000,50.87680950027097
2026-03-15 11:52:49.000000000,17.58728757931112
2026-03-15 11:18:47.000000000,24.277119857548815
2026-03-15 11:17:05.000000000,12.576300152189678
2026-03-15 12:03:25.000000000,9.254662539581616
2026-03-15 12:06:36.000000000,10.282501893311178
2026-03-15 12:33:27.000000000,8.801764642267091
2026-03-15 12:56:18.000000000,17.92263099532052
2026-03-15 12:03:33.000000000,33.892757916443564
2026-03-15 12:04:26.000000000,9.6367912732448
2026-03-15 12:57:18.000000000,34.36148337179754
2026-03-15 12:07:59.000000000,36.533268568285244
2026-03-15 12:49:58.000000000,15.141967702551195
2026-03-15 12:52:13.000000000,11.88379585082506
2026-03-15 12:54:37.000000000,11.092697044056706
2026-03-15 12:41:57.000000000,38.98250445560873
2026-03-15 12:26:52.000000000,14.329543932339728
2026-03-15 12:11:05.000000000,19.198122596352857
2026-03-15 12:07:17.000000000,31.705524539937226
2026-03-15 12:18:29.000000000,23.242757972766512
2026-03-15 12:59:28.000000000,21.409912248705684
2026-03-15 12:40:33.000000000,36.42194425839701
2026-03-15 13:35:40.000000000,8.949886167482713
2026-03-15 13:23:12.000000000,69.9156482020076
2026-03-15 13:45:59.000000000,152.5255215198461
2026-03-15 13:07:21.000000000,14.4339510677891
2026-03-15 13:00:04.000000000,63.05887648161616
2026-03-15 13:15:44.000000000,31.740289202473075
2026-03-15 13:09:29.000000000,11.648670237936123
2026-03-15 13:07:33.000000000,22.43147217816963
2026-03-15 13:23:57.000000000,25.313202381443535
2026-03-15 13:33:16.000000000,15.210365416057396
2026-03-15 13:50:06.000000000,13.093526484824558
2026-03-15 13:04:25.000000000,96.99916597749183
2026-03-15 13:03:15.000000000,12.272969150100035
2026-03-15 13:42:52.000000000,49.4379552338987
2026-03-15 13:33:18.000000000,40.378380454100345
2026-03-15 13:58:05.000000000,50.10489214375276
2026-03-15 13:33:30.000000000,7.086863356670403
2026-03-15 13:48:53.000000000,31.81639219345723
2026-03-15 13:29:00.000000000,19.21897736570043
2026-03-15 14:01:54.000000000,8.199374716168709
2026-03-15 14:05:36.000000000,37.08335554244865
2026-03-15 14:38:11.000000000,13.065269019720539
2026-03-15 14:28:27.000000000,25.653034211383773
2026-03-15 14:00:43.000000000,11.616220858591017
2026-03-15 14:36:24.000000000,11.17837384418426
2026-03-15 14:23:44.000000000,8.802301901898801
2026-03-15 14:23:26.000000000,12.3899223329292
2026-03-15 14:47:11.000000000,23.05868154337455
2026-03-15 14:34:23.000000000,32.59500279530204
2026-03-15 14:58:46.000000000,14.363582980746209
2026-03-15 14:29:46.000000000,14.265185802847434
2026-03-15 14:58:28.000000000,41.62531062827851
2026-03-15 14:03:00.000000000,9.232629775675061
2026-03-15 14:43:14.000000000,67.73919673769586
2026-03-15 15:06:50.000000000,12.95767077185823
2026-03-15 15:51:41.000000000,53.83060688429081
2026-03-15 15:53:40.000000000,17.20959264100554
2026-03-15 15:38:41.000000000,32.4082523308594
2026-03-15 15:19:21.000000000,9.819530447480304
2026-03-15 15:43:22.000000000,24.47586457267339
2026-03-15 15:22:27.000000000,10.45175776045436
2026-03-15 15:48:57.000000000,41.58189359459656
2026-03-15 15:20:33.000000000,15.827750017001208
2026-03-15 15:37:23.000000000,42.45644666167871
2026-03-15 15:57:16.000000000,18.648460850620783
2026-03-15 15:08:54.000000000,17.372723434726968
2026-03-15 15:08:22.000000000,30.282546629209367
2026-03-15 15:26:21.000000000,48.77785514112194
2026-03-15 15:06:11.000000000,15.762380041124391
2026-03-15 15:48:24.000000000,20.606185732521062
2026-03-15 15:44:22.000000000,12.84719372823967
2026-03-15 16:29:58.000000000,23.5957158568464
2026-03-15 16:10:38.000000000,10.145586641764151
2026-03-15 16:22:40.000000000,10.615273394361928
2026-03-15 16:15:38.000000000,17.84949356550695
2026-03-15 16:01:07.000000000,9.819809184473819
2026-03-15 16:53:48.000000000,47.221704790430856
2026-03-15 16:06:13.000000000,16.205960432865215
2026-03-15 16:50:26.000000000,10.841223801866246
2026-03-15 16:40:45.000000000,27.064280414898324
2026-03-15 16:42:17.000000000,107.40467953256575
2026-03-15 16:08:55.000000000,25.196325077225683
2026-03-15 16:50:01.000000000,60.90502582509239
2026-03-15 16:34:30.000000000,9.13587084704864
2026-03-15 16:15:14.000000000,81.6926338034697
2026-03-15 16:26:46.000000000,22.09754867715777
2026-03-15 16:53:39.000000000,22.44678838972227
2026-03-15 16:25:04.000000000,91.97796838414482
2026-03-15 17:53:03.000000000,49.525845894029224
2026-03-15 17:40:24.000000000,17.197453229431357
2026-03-15 17:36:57.000000000,11.525249397524576
2026-03-15 17:06:34.000000000,69.18562260419512
2026-03-15 17:29:22.000000000,16.71334809421352
2026-03-15 17:04:19.000000000,320.41979626133076
2026-03-15 17:46:22.000000000,10.772262222011992
2026-03-15 17:53:54.000000000,15.30062038642367
2026-03-15 17:52:22.000000000,15.002807569669727
2026-03-15 17:04:29.000000000,28.795543460472516
2026-03-15 17:31:37.000000000,20.720495532021463
2026-03-15 17:51:28.000000000,14.900148608181897
2026-03-15 17:49:22.000000000,14.121916857902171
2026-03-15 17:18:24.000000000,84.12251918124305
2026-03-15 17:22:52.000000000,21.143056998836006
2026-03-15 17:12:32.000000000,10.309475344482777
2026-03-15 18:09:51.000000000,7.875156276862574
2026-03-15 18:25:07.000000000,34.89649081120046
2026-03-15 18:37:05.000000000,11.36470413954013
2026-03-15 18:59:26.000000000,34.897374542427364
2026-03-15 18:04:57.000000000,26.050122723130006
2026-03-15 18:19:47.000000000,19.08429079550051
2026-03-15 18:19:21.000000000,7.115706597131482
2026-03-15 18:46:36.000000000,6.0783296557304105
2026-03-15 18:32:30.000000000,8.67584390402919
2026-03-15 18:29:02.000000000,6.573885416410999
2026-03-15 18:37:56.000000000,18.3731323569188
2026-03-15 18:11:36.000000000,20.52006879494814
2026-03-15 18:56:25.000000000,28.119732300529282
2026-03-15 18:26:33.000000000,24.23020252908756
2026-03-15 18:16:34.000000000,18.982549445072745
2026-03-15 18:00:30.000000000,31.51535033355913
2026-03-15 18:58:10.000000000,57.62661390790635
2026-03-15 18:49:59.000000000,19.042546989289658
2026-03-15 18:21:07.000000000,16.461938593924334
2026-03-15 18:15:54.000000000,12.52526059331073
2026-03-15 18:14:21.000000000,39.12275622679084
2026-03-15 18:48:06.000000000,18.154275330545648
2026-03-15 18:32:15.000000000,21.68787315814978
2026-03-15 18:34:35.000000000,10.350946344864909
2026-03-15 19:02:02.000000000,9.067841745068705
2026-03-15 19:58:03.000000000,7.712765545206578
2026-03-15 19:39:01.000000000,2.5390490218951998
2026-03-15 19:47:04.000000000,19.25659402401045
2026-03-15 19:52:03.000000000,11.021474519869603
2026-03-15 19:01:33.000000000,19.21126088431389
2026-03-15 19:12:30.000000000,60.02180150983715
2026-03-15 19:48:56.000000000,23.70554450091039
2026-03-15 19:25:05.000000000,21.192336835012167
2026-03-15 19:01:06.000000000,80.136445682084
2026-03-15 19:24:43.000000000,25.897921438573267
2026-03-15 19:22:53.000000000,7.0378987779541795
2026-03-15 19:53:22.000000000,16.096516845966836
2026-03-15 19:06:19.000000000,7.983082090813848
2026-03-15 19:52:04.000000000,47.65996940012095
2026-03-15 19:50:10.000000000,20.970217898312622
2026-03-15 19:22:56.000000000,15.999346595672627
2026-03-15 19:00:28.000000000,24.290289646223908
2026-03-15 19:53:56.000000000,26.08277537392377
2026-03-15 20:33:52.000000000,13.098220392514932
2026-03-15 20:09:08.000000000,19.80220830596451
2026-03-15 20:09:21.000000000,66.26505617860145
2026-03-15 20:19:27.000000000,35.573390232499214
2026-03-15 20:14:28.000000000,45.33672305263327
2026-03-15 20:51:09.000000000,17.985178491556386
2026-03-15 20:48:02.000000000,21.286754193248168
2026-03-15 20:39:59.000000000,9.166834034941743
2026-03-15 20:56:56.000000000,8.849495564425087
2026-03-15 20:54:30.000000000,44.416255195859705
2026-03-15 20:17:35.000000000,11.877018056258454
2026-03-15 20:18:15.000000000,8.80895832137768
2026-03-15 20:42:54.000000000,46.1467679546022
2026-03-15 20:07:10.000000000,30.91040771641298
2026-03-15 20:26:09.000000000,9.383074064159885
2026-03-15 20:02:34.000000000,1.5353718981025857
2026-03-15 20:53:11.000000000,36.96816533975667
2026-03-15 21:36:11.000000000,10.316658535348548
2026-03-15 21:59:20.000000000,21.088090261081906
2026-03-15 21:11:46.000000000,56.16622977885839
2026-03-15 21:20:25.000000000,10.013133239411594
2026-03-15 21:22:54.000000000,8.557480372607866
2026-03-15 21:12:11.000000000,7.840380760741658
2026-03-15 21:26:57.000000000,9.424302818890677
2026-03-15 21:12:18.000000000,8.61936762603517
2026-03-15 21:32:23.000000000,10.21607865014704
2026-03-15 21:31:16.000000000,10.472205736099356
2026-03-15 21:12:20.000000000,19.43244404529924
2026-03-15 22:49:39.000000000,26.558879513309304
2026-03-15 22:30:38.000000000,9.713309385008099
2026-03-15 22:36:22.000000000,11.271831716314615
2026-03-15 22:49:24.000000000,19.019139596685253
2026-03-15 22:25:50.000000000,59.811535022372425
2026-03-15 22:09:19.000000000,9.611320087235136
2026-03-15 22:06:49.000000000,44.33567436645158
2026-03-15 22:04:54.000000000,26.772771773541276
2026-03-15 22:19:11.000000000,9.667500634486245
2026-03-15 22:15:48.000000000,16.758951441239198
2026-03-15 22:44:50.000000000,32.572874066494315
2026-03-15 22:46:25.000000000,13.5234166585117
2026-03-15 22:41:23.000000000,23.658748413095235
2026-03-15 23:29:35.000000000,5.727353901959283
2026-03-15 23:50:05.000000000,13.62125841646678
2026-03-15 23:59:55.000000000,4.11725046857081
2026-03-15 23:05:12.000000000,5.80310664424378
2026-03-15 23:44:47.000000000,16.37360085465856
2026-03-15 23:56:43.000000000,17.737845868670984
2026-03-15 23:49:37.000000000,20.533186045804268
2026-03-15 23:23:34.000000000,10.936657991666792
2026-03-15 23:32:45.000000000,12.663144174419994
2026-03-15 23:33:36.000000000,32.19758306730585
2026-03-15 23:04:04.000000000,26.50850669843706
2026-03-15 23:35:53.000000000,29.992760176693896
2026-03-15 23:00:46.000000000,82.57855228164652
2026-03-15 23:16:04.000000000,14.445551785567641
2026-03-15 23:21:56.000000000,8.034122491772653
2026-03-16 00:54:17.000000000,51.3601443160868
2026-03-16 00:02:40.000000000,29.41037549368728
2026-03-16 00:25:26.000000000,12.454611683334132
2026-03-16 00:20:12.000000000,16.353951334285583
2026-03-16 00:24:48.000000000,32.3016009056153
2026-03-16 00:55:47.000000000,85.74477579108644
2026-03-16 00:28:25.000000000,32.050949011012946
2026-03-16 00:40:27.000000000,14.121576217127572
2026-03-16 01:03:11.000000000,30.114190266766965
2026-03-16 01:20:04.000000000,8.624822479753679
2026-03-16 01:06:18.000000000,10.112587695257918
2026-03-16 02:17:56.000000000,12.76910212603902
2026-03-16 02:50:27.000000000,24.066411269932647
2026-03-16 02:11:42.000000000,11.505955877704018
2026-03-16 02:25:12.000000000,30.942050317506276
2026-03-16 02:27:29.000000000,11.132030131639198
2026-03-16 03:32:10.000000000,8.864051436200533
2026-03-16 03:00:39.000000000,13.423015163251403
2026-03-16 03:36:59.000000000,52.48995408620967
2026-03-16 03:08:11.000000000,39.719902112894594
2026-03-16 04:15:44.000000000,81.76090566366739
2026-03-16 05:35:03.000000000,56.068709214784015
2026-03-16 05:58:00.000000000,33.61424285837381
2026-03-16 05:07:48.000000000,101.08888805065243
2026-03-16 05:00:45.000000000,18.48190665868925
2026-03-16 05:22:22.000000000,87.44997685104892
2026-03-16 05:47:08.000000000,18.0971834469245
2026-03-16 05:02:17.000000000,54.44073782873711
2026-03-16 05:52:53.000000000,9.783955434389
2026-03-16 06:59:19.000000000,11.291458440807784
2026-03-16 06:00:10.000000000,20.32827451109016
2026-03-16 06:58:53.000000000,19.6211595663213
2026-03-16 06:27:24.000000000,15.732342496391524
2026-03-16 06:02:02.000000000,17.4047838913653
2026-03-16 06:16:11.000000000,23.472095624416415
2026-03-16 06:46:53.000000000,99.22886763027414
2026-03-16 06:37:02.000000000,32.40632745825101
2026-03-16 06:26:49.000000000,62.0637496740001
2026-03-16 07:15:10.000000000,48.14663131210764
2026-03-16 07:13:07.000000000,8.755865222306692
2026-03-16 07:53:32.000000000,23.56489603037033
2026-03-16 07:09:23.000000000,10.236053090743486
2026-03-16 07:21:27.000000000,18.11589555107911
2026-03-16 07:05:43.000000000,5.803515354871649
2026-03-16 07:54:22.000000000,43.8342939323987
2026-03-16 07:19:16.000000000,17.910994873906706
2026-03-16 07:25:36.000000000,17.06295154699907
2026-03-16 07:32:55.000000000,28.48519682567972
2026-03-16 07:34:50.000000000,234.27093841864433
2026-03-16 07:14:38.000000000,15.747099570513665
2026-03-16 07:55:40.000000000,50.4843821125238
2026-03-16 07:08:09.000000000,8.760540633287007
2026-03-16 07:53:53.000000000,26.4152977859579
2026-03-16 07:49:54.000000000,40.885816859040034
2026-03-16 07:23:15.000000000,14.192331659821749
2026-03-16 07:56:14.000000000,18.11889871105705
2026-03-16 07:27:29.000000000,8.794519724181537
2026-03-16 07:50:44.000000000,16.2271847138289
2026-03-16 08:44:57.000000000,13.472722644618983
2026-03-16 08:56:55.000000000,22.413403756591645
2026-03-16 08:02:56.000000000,60.27315618186879
2026-03-16 08:06:10.000000000,24.36360274563577
2026-03-16 08:45:01.000000000,11.98567506123214
2026-03-16 08:42:25.000000000,21.850178142065896
2026-03-16 08:19:35.000000000,16.866172995466638
2026-03-16 08:03:27.000000000,7.183281619093897
2026-03-16 08:56:24.000000000,13.167079334995513
2026-03-16 08:11:42.000000000,41.45838986244659
2026-03-16 08:38:38.000000000,24.342467426306033
2026-03-16 08:42:10.000000000,21.825981354523048
2026-03-16 08:10:06.000000000,15.796136147444997
2026-03-16 08:00:42.000000000,21.337085229687208
2026-03-16 08:49:37.000000000,7.107392894744194
2026-03-16 08:37:01.000000000,10.510638444232494
2026-03-16 08:04:10.000000000,15.538714136453919
2026-03-16 08:35:59.000000000,57.62579118794232
2026-03-16 08:06:43.000000000,38.54773142931605
2026-03-16 08:42:15.000000000,16.41448308132561
2026-03-16 08:56:39.000000000,24.978436009900257
2026-03-16 08:29:49.000000000,9.19928499476304
2026-03-16 09:26:53.000000000,33.40804387606487
2026-03-16 09:42:38.000000000,26.062306182044527
2026-03-16 09:10:12.000000000,76.37396759806447
2026-03-16 09:49:45.000000000,7.305267907231004
2026-03-16 09:52:42.000000000,24.944007255323864
2026-03-16 09:52:59.000000000,15.037872218008804
2026-03-16 09:33:40.000000000,17.58403257154478
2026-03-16 09:03:46.000000000,12.670865801345897
2026-03-16 09:33:38.000000000,6.079513444751976
2026-03-16 09:17:25.000000000,27.92324006656126
2026-03-16 09:02:16.000000000,10.641804565588874
2026-03-16 09:24:07.000000000,51.72587606647719
2026-03-16 09:45:03.000000000,27.546099632560146
2026-03-16 09:39:48.000000000,9.053661892816876
2026-03-16 09:30:00.000000000,22.813149532094062
2026-03-16 09:00:38.000000000,9.19887714591561
2026-03-16 09:51:45.000000000,15.94492221783678
2026-03-16 09:52:22.000000000,33.4993297930965
2026-03-16 09:13:30.000000000,18.268735270847547
2026-03-16 09:18:41.000000000,23.91789661656853
2026-03-16 10:38:03.000000000,24.05398260088904
2026-03-16 10:37:24.000000000,30.326587756212394
2026-03-16 10:59:07.000000000,16.406536110636615
2026-03-16 10:21:13.000000000,9.762976851210972
2026-03-16 10:10:36.000000000,42.75558606397761
2026-03-16 10:23:33.000000000,8.259627284968225
2026-03-16 10:55:59.000000000,16.516417908397678
2026-03-16 10:57:41.000000000,42.00372056111155
2026-03-16 10:00:28.000000000,11.574914112233202
2026-03-16 10:18:28.000000000,11.693915840463927
2026-03-16 10:11:39.000000000,32.39548383546148
2026-03-16 10:21:08.000000000,36.990238640053626
2026-03-16 10:21:13.000000000,24.330186503863878
2026-03-16 10:58:48.000000000,71.41797512990227
2026-03-16 10:56:44.000000000,15.202106311224668
2026-03-16 10:43:51.000000000,11.020993815590327
2026-03-16 10:07:54.000000000,25.244292987963604
2026-03-16 10:12:08.000000000,21.649737066820382
2026-03-16 11:29:21.000000000,11.819843925537949
2026-03-16 11:40:58.000000000,14.729924816115343
2026-03-16 11:21:35.000000000,8.70536910809
2026-03-16 11:18:58.000000000,36.89326508828534
2026-03-16 11:37:34.000000000,10.912477765873316
2026-03-16 11:56:39.000000000,16.327256596085242
2026-03-16 11:32:46.000000000,21.151342213333155
2026-03-16 11:46:55.000000000,29.43980208685283
2026-03-16 11:25:33.000000000,49.89458588713183
2026-03-16 11:00:28.000000000,13.900893146350395
2026-03-16 12:57:04.000000000,33.34898179311299
2026-03-16 12:12:20.000000000,10.6764905267332
2026-03-16 12:42:24.000000000,7.760887419478928
2026-03-16 12:35:18.000000000,27.787169637853037
2026-03-16 12:37:32.000000000,39.66056647216487
2026-03-16 12:43:43.000000000,16.661606875974787
2026-03-16 12:03:04.000000000,21.18332572296237
2026-03-16 12:35:51.000000000,21.395629159008212
2026-03-16 12:16:38.000000000,102.44361742747449
2026-03-16 12:51:41.000000000,5.808409174982225
2026-03-16 12:19:42.000000000,11.284406015388953
2026-03-16 12:19:36.000000000,10.62987318720089
2026-03-16 12:16:55.000000000,22.5851229830574
2026-03-16 12:40:44.000000000,20.30712669496513
2026-03-16 12:53:41.000000000,10.081136197389629
2026-03-16 12:17:28.000000000,47.66086658268126
2026-03-16 12:58:19.000000000,7.123107812085921
2026-03-16 12:11:33.000000000,83.93570051149261
2026-03-16 12:46:03.000000000,6.557797877116851
2026-03-16 13:41:34.000000000,17.144176354322994
2026-03-16 13:25:02.000000000,18.99411971767199
2026-03-16 13:54:37.000000000,23.39401399325561
2026-03-16 13:37:28.000000000,84.2480549295735
2026-03-16 13:50:02.000000000,13.011622762777392
2026-03-16 13:03:47.000000000,14.790628645774795
2026-03-16 13:25:16.000000000,11.164737367104873
2026-03-16 13:23:36.000000000,18.56973751412748
2026-03-16 13:05:24.000000000,11.77905503304163
2026-03-16 13:09:52.000000000,12.1157534103273
2026-03-16 14:53:25.000000000,18.328622331788655
2026-03-16 14:02:43.000000000,9.139757253224388
2026-03-16 14:01:10.000000000,50.0694077958045
2026-03-16 14:59:04.000000000,21.69152639720749
2026-03-16 14:22:06.000000000,20.659225288281245
2026-03-16 14:33:27.000000000,16.41292803335782
2026-03-16 14:49:13.000000000,44.80461326875329
2026-03-16 14:15:51.000000000,113.07787364149223
2026-03-16 14:06:35.000000000,7.094023536907855
2026-03-16 14:07:08.000000000,27.652083797035754
2026-03-16 14:02:39.000000000,12.004087866604433
2026-03-16 14:51:12.000000000,22.705536357991715
2026-03-16 14:37:25.000000000,13.795901205292253
2026-03-16 15:26:05.000000000,17.771646700263094
2026-03-16 15:40:43.000000000,19.276881990050367
2026-03-16 15:01:30.000000000,7.565452261792675
2026-03-16 15:09:34.000000000,18.101312032514027
2026-03-16 15:07:59.000000000,11.701385942872804
2026-03-16 15:40:19.000000000,46.69795984791979
2026-03-16 15:33:47.000000000,20.800672546919575
2026-03-16 15:59:01.000000000,8.847941107263654
2026-03-16 15:08:05.000000000,11.3952022399064
2026-03-16 15:13:54.000000000,17.067364462013398
2026-03-16 15:08:10.000000000,48.019365801622
2026-03-16 15:59:45.000000000,67.76561451108148
2026-03-16 16:16:23.000000000,19.28623380250698
2026-03-16 16:51:33.000000000,11.482919964997365
2026-03-16 16:45:06.000000000,17.937602501914707
2026-03-16 16:07:13.000000000,19.54400967986295
2026-03-16 16:54:44.000000000,7.36626450039498
2026-03-16 16:37:28.000000000,23.11725113562522
2026-03-16 16:50:10.000000000,10.148028937789622
2026-03-16 16:51:27.000000000,12.494861276605715
2026-03-16 16:31:46.000000000,187.0294623315961
2026-03-16 16:34:59.000000000,33.39120710287544
2026-03-16 16:04:19.000000000,23.255338132074318
2026-03-16 16:02:19.000000000,14.84334914132679
2026-03-16 16:25:53.000000000,23.224625973912136
2026-03-16 16:22:34.000000000,12.075899813993079
2026-03-16 16:41:27.000000000,60.0473369801318
2026-03-16 16:57:09.000000000,6.587966204050703
2026-03-16 16:18:53.000000000,8.527516465839927
2026-03-16 17:41:33.000000000,26.504138959688593
2026-03-16 17:26:16.000000000,20.46602036631565
2026-03-16 17:26:37.000000000,35.186455239125785
2026-03-16 17:29:40.000000000,6.6901932324558615
2026-03-16 17:26:36.000000000,15.061284418881698
2026-03-16 17:15:49.000000000,15.360410125045377
2026-03-16 17:10:08.000000000,18.96268327704725
2026-03-16 17:19:00.000000000,78.52697026288058
2026-03-16 17:19:37.000000000,26.9477305353082
2026-03-16 17:06:29.000000000,16.342552991626018
2026-03-16 17:05:41.000000000,24.44880341088228
2026-03-16 17:55:18.000000000,32.20165201329388
2026-03-16 17:15:44.000000000,17.922757254359905
2026-03-16 17:57:35.000000000,15.010084728036958
2026-03-16 17:06:09.000000000,9.979265907531552
2026-03-16 17:46:06.000000000,23.84327760572832
2026-03-16 17:12:57.000000000,45.39323338316472
2026-03-16 17:20:22.000000000,25.153346477435726
2026-03-16 17:36:53.000000000,18.677469447323663
2026-03-16 17:22:25.000000000,16.503802559787562
2026-03-16 17:02:37.000000000,15.96400041250116
2026-03-16 17:17:03.000000000,12.85385201338007
2026-03-16 17:47:52.000000000,10.845043341293813
2026-03-16 17:07:22.000000000,22.729890303614425
2026-03-16 17:16:45.000000000,8.496015127827102
2026-03-16 17:35:48.000000000,15.960786369710505
2026-03-16 17:05:53.000000000,23.132408636668817
2026-03-16 17:38:47.000000000,8.904144060931042
2026-03-16 17:55:54.000000000,26.43332263045613
2026-03-16 17:33:42.000000000,61.080305006437264
2026-03-16 18:06:11.000000000,30.713557297475635
2026-03-16 18:32:50.000000000,18.6357441870306
2026-03-16 18:30:25.000000000,11.786796959806136
2026-03-16 18:26:33.000000000,40.387986021982705
2026-03-16 18:20:18.000000000,5.8326683358048825
2026-03-16 18:28:43.000000000,6.440495721934443
2026-03-16 18:55:39.000000000,5.647617555990905
2026-03-16 18:02:31.000000000,14.803137395533575
2026-03-16 18:08:42.000000000,23.33129693421649
2026-03-16 18:44:20.000000000,13.50988404004729
2026-03-16 18:17:50.000000000,15.167169214990277
2026-03-16 18:08:34.000000000,29.16393009546842
2026-03-16 18:26:43.000000000,18.547152123899014
2026-03-16 18:56:33.000000000,50.22887532905395
2026-03-16 18:53:35.000000000,41.702668547372404
2026-03-16 18:59:59.000000000,9.196281466755902
2026-03-16 18:46:28.000000000,12.68152187819556
2026-03-16 18:55:43.000000000,16.34686284500346
2026-03-16 18:19:20.000000000,12.358814800558758
2026-03-16 19:39:54.000000000,8.201708642640867
2026-03-16 19:25:25.000000000,55.47913076769478
2026-03-16 19:45:54.000000000,18.626305360660833
2026-03-16 19:11:26.000000000,19.631929638614817
2026-03-16 19:27:51.000000000,8.400433559515985
2026-03-16 19:23:18.000000000,28.497029013991426
2026-03-16 19:12:55.000000000,26.003412990526364
2026-03-16 19:30:16.000000000,14.376771318941223
2026-03-16 19:17:38.000000000,17.884681243319047
2026-03-16 19:45:18.000000000,20.948068248822008
2026-03-16 19:15:04.000000000,13.259315785141741
2026-03-16 19:32:55.000000000,25.061873741396017
2026-03-16 20:24:20.000000000,8.521141498869248
2026-03-16 20:30:43.000000000,32.25272048515623
2026-03-16 20:52:13.000000000,17.460325057247804
2026-03-16 20:43:38.000000000,6.624673763913293
2026-03-16 20:09:08.000000000,53.59215708763811
2026-03-16 20:40:07.000000000,5.714818783492445
2026-03-16 21:10:22.000000000,14.003667756302772
2026-03-16 21:24:12.000000000,78.54548719452475
2026-03-16 21:19:32.000000000,41.538722107729896
2026-03-16 21:02:40.000000000,20.942054540368087
2026-03-16 21:32:31.000000000,17.646251795356694
2026-03-16 21:35:45.000000000,7.808913851429992
2026-03-16 21:29:41.000000000,36.92711568934132
2026-03-16 21:13:13.000000000,7.603459948305725
2026-03-16 21:12:26.000000000,6.260081987280912
2026-03-16 21:23:54.000000000,14.014773607977862
2026-03-16 21:56:29.000000000,23.623612455244004
2026-03-16 21:10:11.000000000,42.14432199378653
2026-03-16 22:45:43.000000000,12.424684393712823
2026-03-16 22:49:44.000000000,43.94918940719928
2026-03-16 22:12:57.000000000,45.86479894018471
2026-03-16 22:12:49.000000000,14.853757972996583
2026-03-16 22:05:45.000000000,12.03087561740185
2026-03-16 22:04:58.000000000,25.27374823939905
2026-03-16 22:49:47.000000000,48.64198957552263
2026-03-16 22:15:59.000000000,9.21519309025453
2026-03-16 22:15:16.000000000,29.078359776402817
2026-03-16 22:55:12.000000000,25.072755497944865
2026-03-16 22:28:04.000000000,12.086203070673356
2026-03-16 22:23:09.000000000,6.823036868921159
2026-03-16 22:52:34.000000000,35.418092150794536
2026-03-16 22:08:25.000000000,14.40691129493829
2026-03-16 22:06:50.000000000,10.890211407871995
2026-03-16 23:15:10.000000000,13.630487169380878
2026-03-16 23:37:06.000000000,6.875491240500089
2026-03-16 23:00:28.000000000,8.783808129122512
2026-03-16 23:09:06.000000000,27.98927100894846
2026-03-16 23:12:45.000000000,8.02317621597619
2026-03-16 23:47:45.000000000,7.008501761228157
2026-03-16 23:08:09.000000000,117.5371684999445
2026-03-16 23:47:30.000000000,18.92525248877043
2026-03-16 23:09:59.000000000,12.782905944786044
2026-03-16 23:32:53.000000000,34.59472169156651
2026-03-16 23:46:14.000000000,13.246830181939746
2026-03-16 23:28:47.000000000,24.0125825759871
2026-03-16 23:11:45.000000000,60.79494694266152
2026-03-16 23:07:30.000000000,14.129570745082127
2026-03-16 23:25:25.000000000,6.743858021504477
2026-03-16 23:03:31.000000000,106.5799407240209
2026-03-16 23:03:56.000000000,26.384511188361987
2026-03-16 23:55:38.000000000,38.50657606419668
2026-03-16 23:54:22.000000000,8.795569998522197
2026-03-16 23:55:39.000000000,72.40080638955133
2026-03-16 23:04:17.000000000,24.393630979127
2026-03-16 23:32:14.000000000,7.270283296081384
2026-03-17 00:12:53.000000000,20.668267326806042
2026-03-17 00:57:34.000000000,25.64979613442455
2026-03-17 00:28:35.000000000,42.04635253563384
2026-03-17 00:17:28.000000000,31.522038323469506
2026-03-17 00:00:22.000000000,43.915758425336115
2026-03-17 00:10:27.000000000,46.343497789519915
2026-03-17 00:48:39.000000000,7.381837434079067
2026-03-17 00:48:41.000000000,17.877612334924773
2026-03-17 00:45:58.000000000,18.03937996531045
2026-03-17 01:12:39.000000000,15.457372425867387
2026-03-17 02:36:30.000000000,40.60086974416604
2026-03-17 02:37:51.000000000,79.10262700109278
2026-03-17 02:44:17.000000000,21.153359485568846
2026-03-17 02:15:13.000000000,14.524645968360705
2026-03-17 02:17:17.000000000,9.606698317970174
2026-03-17 02:16:50.000000000,15.605579530036426
2026-03-17 03:15:41.000000000,21.542352598383093
2026-03-17 03:12:50.000000000,49.746389309026185
2026-03-17 03:36:06.000000000,9.279655961658388
2026-03-17 04:53:52.000000000,45.073734578232404
2026-03-17 04:09:45.000000000,69.95831632149537
2026-03-17 04:22:34.000000000,28.014043528022654
2026-03-17 04:37:39.000000000,80.0027696637093
2026-03-17 04:00:06.000000000,28.03610307941936
2026-03-17 05:30:50.000000000,22.176625525253503
2026-03-17 05:41:55.000000000,7.576621492438574
2026-03-17 05:40:23.000000000,23.927903681901007
2026-03-17 05:02:05.000000000,28.003650538110744
2026-03-17 05:11:51.000000000,9.67180234335762
2026-03-17 05:04:40.000000000,96.5925405230219
2026-03-17 06:06:21.000000000,21.544130929911763
2026-03-17 06:06:13.000000000,13.318252286158963
2026-03-17 06:53:21.000000000,96.08595854592613
2026-03-17 06:42:19.000000000,15.950154448318386
2026-03-17 06:46:54.000000000,17.67667210601009
2026-03-17 06:01:37.000000000,10.41456119394655
2026-03-17 06:33:12.000000000,17.228810297565612
2026-03-17 06:00:18.000000000,39.711391484516895
2026-03-17 07:49:39.000000000,19.03501470741843
2026-03-17 07:22:28.000000000,35.50041338413808
2026-03-17 07:55:37.000000000,20.371953537272848
2026-03-17 07:46:57.000000000,82.55099686844336
2026-03-17 07:06:16.000000000,10.893918677871007
2026-03-17 07:34:48.000000000,21.054866064287705
2026-03-17 07:30:11.000000000,14.201417707866266
2026-03-17 07:11:50.000000000,53.39230436946901
2026-03-17 07:52:20.000000000,96.47784177372445
2026-03-17 07:58:59.000000000,11.386001655130102
2026-03-17 07:29:02.000000000,17.489866216730736
2026-03-17 07:56:32.000000000,23.60350626644956
2026-03-17 07:39:30.000000000,21.546714356749675
2026-03-17 07:19:40.000000000,54.61116412894123
2026-03-17 07:35:49.000000000,42.340025007416656
2026-03-17 07:00:43.000000000,23.95717085724196
2026-03-17 07:06:17.000000000,10.259985820249298
2026-03-17 07:18:25.000000000,108.63103396059107
2026-03-17 08:31:51.000000000,17.59414196089236
2026-03-17 08:27:33.000000000,8.021338258285663
2026-03-17 08:39:26.000000000,52.63498667973311
2026-03-17 08:01:50.000000000,15.45353372213447
2026-03-17 08:52:53.000000000,35.180633044702745
2026-03-17 08:22:29.000000000,49.47423408173922
2026-03-17 08:09:15.000000000,31.047949872731305
2026-03-17 08:25:27.000000000,22.327534997455682
2026-03-17 08:56:44.000000000,37.04365449996524
2026-03-17 08:25:47.000000000,16.877369100012007
2026-03-17 08:07:14.000000000,16.948737547412062
2026-03-17 08:06:26.000000000,29.82515269498806
2026-03-17 08:06:09.000000000,39.16713313588732
2026-03-17 09:15:06.000000000,6.443096059981453
2026-03-17 09:16:18.000000000,12.212969872209985
2026-03-17 09:36:24.000000000,31.904872695656287
2026-03-17 09:09:44.000000000,29.29861530258759
2026-03-17 09:23:07.000000000,49.038010051408044
2026-03-17 09:38:39.000000000,24.15260858565294
2026-03-17 09:31:05.000000000,57.32979374677919
2026-03-17 09:05:03.000000000,19.099116106903114
2026-03-17 09:29:18.000000000,18.518541799974198
2026-03-17 09:31:37.000000000,31.831671866215334
2026-03-17 09:37:17.000000000,20.129319835598668
2026-03-17 09:02:10.000000000,13.919384261674232
2026-03-17 09:44:50.000000000,23.711577070123344
2026-03-17 09:22:21.000000000,9.191937469661749
2026-03-17 09:50:46.000000000,26.336035212100864
2026-03-17 09:44:01.000000000,36.41846737926276
2026-03-17 09:16:32.000000000,117.57116818769262
2026-03-17 09:16:40.000000000,10.86851051355741
2026-03-17 09:17:50.000000000,11.637569889835241
2026-03-17 09:40:03.000000000,12.749748999422614
2026-03-17 09:36:13.000000000,9.669996785789092
2026-03-17 10:48:23.000000000,8.855934904058
2026-03-17 10:45:43.000000000,11.225664822066655
2026-03-17 10:14:04.000000000,14.497727541908855
2026-03-17 10:02:14.000000000,28.036268112702384
2026-03-17 10:10:04.000000000,17.891466414589534
2026-03-17 10:10:29.000000000,7.971145295071425
2026-03-17 10:03:30.000000000,11.925352849418505
2026-03-17 10:54:45.000000000,74.58370675739015
2026-03-17 10:05:52.000000000,37.3602152783808
2026-03-17 10:47:03.000000000,40.19109901367659
2026-03-17 10:00:48.000000000,7.039575168996846
2026-03-17 10:59:25.000000000,10.437265533761696
2026-03-17 10:01:50.000000000,7.7826906994012806
2026-03-17 10:24:30.000000000,26.673666819633564
2026-03-17 10:27:54.000000000,32.76365780419838
2026-03-17 10:57:55.000000000,13.67156451514602
2026-03-17 10:33:06.000000000,80.62965346336465
2026-03-17 10:00:37.000000000,31.497246702575357
2026-03-17 10:36:59.000000000,15.823058520097508
2026-03-17 11:31:04.000000000,6.197453661185783
2026-03-17 11:05:00.000000000,12.780382192663954
2026-03-17 11:31:40.000000000,16.583397399162447
2026-03-17 11:08:32.000000000,9.344907394577994
2026-03-17 11:50:33.000000000,21.218454430272747
2026-03-17 11:13:08.000000000,5.686311612996171
2026-03-17 11:02:11.000000000,4.104406846680735
2026-03-17 11:51:00.000000000,28.01125172615271
2026-03-17 11:26:32.000000000,27.05760983016977
2026-03-17 11:38:06.000000000,15.881199653965048
2026-03-17 11:32:15.000000000,8.726008910782486
2026-03-17 11:18:24.000000000,13.543935826857002
2026-03-17 12:45:33.000000000,28.83883915674269
2026-03-17 12:46:27.000000000,14.89402755141721
2026-03-17 12:06:02.000000000,29.984281626701833
2026-03-17 12:52:32.000000000,19.897645877608266
2026-03-17 12:54:39.000000000,75.39453173597981
2026-03-17 12:34:08.000000000,13.68296018539785
2026-03-17 12:03:28.000000000,197.34839399304713
2026-03-17 12:49:27.000000000,17.55395821238604
2026-03-17 12:08:01.000000000,14.005848759840514
2026-03-17 12:19:43.000000000,15.742009047894996
2026-03-17 12:22:10.000000000,12.201857097827776
2026-03-17 12:34:02.000000000,21.55794403380061
2026-03-17 12:30:54.000000000,44.02169402755138
2026-03-17 12:38:54.000000000,12.840335550567833
2026-03-17 12:07:21.000000000,59.02212318556618
2026-03-17 13:39:16.000000000,40.22963586313487
2026-03-17 13:00:41.000000000,5.925661451167617
2026-03-17 13:35:17.000000000,9.537018163686227
2026-03-17 13:40:45.000000000,16.854136213507548
2026-03-17 13:14:26.000000000,54.23788407111944
2026-03-17 13:08:18.000000000,9.586015945333003
2026-03-17 13:18:14.000000000,102.63078538421317
2026-03-17 13:16:09.000000000,12.039407672018896
2026-03-17 13:49:14.000000000,20.311877198153386
2026-03-17 13:26:32.000000000,12.921003124550577
2026-03-17 13:37:13.000000000,30.500153950321536
2026-03-17 13:06:23.000000000,51.46214218917326
2026-03-17 14:07:49.000000000,46.718610291478896
2026-03-17 14:58:58.000000000,49.88650757552306
2026-03-17 14:48:53.000000000,12.607360501513
2026-03-17 14:42:05.000000000,14.243687844141196
2026-03-17 14:57:48.000000000,24.644834796406112
2026-03-17 14:32:49.000000000,6.615294730173792
2026-03-17 14:36:55.000000000,13.77682514883875
2026-03-17 14:45:33.000000000,8.208919341523341
2026-03-17 14:24:33.000000000,12.701004517660088
2026-03-17 14:52:44.000000000,29.28227596439822
2026-03-17 14:58:05.000000000,11.999322645878294
2026-03-17 14:19:20.000000000,16.517029031996326
2026-03-17 14:27:51.000000000,22.898711514869735
2026-03-17 14:16:53.000000000,13.763882080725555
2026-03-17 14:59:08.000000000,10.31882695545007
2026-03-17 14:01:44.000000000,8.51704282945811
2026-03-17 14:34:04.000000000,27.230788248542993
2026-03-17 14:38:13.000000000,33.82403650977519
2026-03-17 15:43:26.000000000,12.786544152170137
2026-03-17 15:21:58.000000000,7.77919205335926
2026-03-17 15:41:16.000000000,10.067456839044322
2026-03-17 15:00:54.000000000,9.372853762598922
2026-03-17 15:56:47.000000000,19.00886765260731
2026-03-17 15:38:53.000000000,10.788787067372304
2026-03-17 15:09:32.000000000,27.567843232302767
2026-03-17 15:13:21.000000000,20.567420178319285
2026-03-17 15:32:29.000000000,13.376206266140112
2026-03-17 15:25:33.000000000,21.238394668874395
2026-03-17 15:55:03.000000000,20.15320371235671
2026-03-17 15:41:21.000000000,22.245245857789325
2026-03-17 15:30:57.000000000,17.74525560582387
2026-03-17 15:04:49.000000000,14.947527390587517
2026-03-17 15:34:16.000000000,18.27166271065435
2026-03-17 15:25:57.000000000,9.607985279794004
2026-03-17 15:58:47.000000000,29.030554869005453
2026-03-17 16:41:35.000000000,12.755326883654735
2026-03-17 16:46:01.000000000,16.806052019051375
2026-03-17 16:06:00.000000000,99.23360963573309
2026-03-17 16:36:56.000000000,55.1459990409701
2026-03-17 16:40:49.000000000,23.24476103180506
2026-03-17 16:35:08.000000000,9.854766821360386
2026-03-17 16:53:43.000000000,16.192965168290588
2026-03-17 16:55:00.000000000,8.613217371681753
2026-03-17 16:50:54.000000000,20.617747766356704
2026-03-17 16:24:58.000000000,15.578525564516898
2026-03-17 16:52:36.000000000,11.526529669342441
2026-03-17 16:47:57.000000000,15.4728636062944
2026-03-17 16:54:37.000000000,40.74272300289377
2026-03-17 16:49:06.000000000,12.937414882108065
2026-03-17 16:05:30.000000000,16.357664439834508
2026-03-17 17:01:03.000000000,13.050019169996347
2026-03-17 17:33:43.000000000,44.48722941021729
2026-03-17 17:27:56.000000000,16.862644037640596
2026-03-17 17:09:58.000000000,61.90691139752913
2026-03-17 17:27:19.000000000,27.8037357854429
2026-03-17 17:04:17.000000000,29.58773104025023
2026-03-17 17:49:26.000000000,8.281420425459636
2026-03-17 17:34:15.000000000,14.656416704821432
2026-03-17 17:20:18.000000000,9.066164370141827
2026-03-17 17:30:56.000000000,16.682495167238326
2026-03-17 17:55:37.000000000,23.154476130945266
2026-03-17 17:31:29.000000000,43.18653664626839
2026-03-17 17:08:18.000000000,21.681345784140216
2026-03-17 17:35:19.000000000,65.60032184161278
2026-03-17 17:52:02.000000000,44.50989049853981
2026-03-17 18:20:09.000000000,11.66020980877644
2026-03-17 18:38:27.000000000,47.61926903024713
2026-03-17 18:17:59.000000000,44.15547401295397
2026-03-17 18:12:49.000000000,9.777130257022282
2026-03-17 18:20:35.000000000,17.56483281497348
2026-03-17 18:44:40.000000000,18.477393964915972
2026-03-17 18:13:14.000000000,11.861593473248536
2026-03-17 18:06:18.000000000,17.921304785129937
2026-03-17 18:15:38.000000000,7.115121499448962
2026-03-17 18:17:08.000000000,11.327225999212
2026-03-17 18:10:28.000000000,16.867463514382262
2026-03-17 18:21:31.000000000,12.673737146559201
2026-03-17 18:05:48.000000000,23.815091719835127
2026-03-17 18:49:45.000000000,27.8325612624884
2026-03-17 18:03:03.000000000,13.365685850970685
2026-03-17 18:53:43.000000000,11.1215254990529
2026-03-17 18:27:28.000000000,107.45075509385529
2026-03-17 18:56:22.000000000,18.994245150390324
2026-03-17 18:07:24.000000000,52.79436248278137
2026-03-17 18:45:20.000000000,7.815772492736192
2026-03-17 19:42:09.000000000,13.57523324140071
2026-03-17 19:55:23.000000000,12.94464622130604
2026-03-17 19:28:15.000000000,31.965190658667527
2026-03-17 19:10:35.000000000,21.88562951357429
2026-03-17 19:18:24.000000000,8.55424460203239
2026-03-17 19:52:25.000000000,7.113325220690374
2026-03-17 19:35:26.000000000,34.259848226659116
2026-03-17 19:36:06.000000000,19.89969672668968
2026-03-17 19:52:12.000000000,12.502084939776768
2026-03-17 19:58:37.000000000,14.934224974789267
2026-03-17 19:29:16.000000000,8.960395723950175
2026-03-17 19:44:38.000000000,10.864965109043471
2026-03-17 20:49:56.000000000,7.1093772768393535
2026-03-17 20:31:55.000000000,27.19631903335249
2026-03-17 20:46:40.000000000,7.612624401968214
2026-03-17 20:03:04.000000000,20.53000017356621
2026-03-17 20:27:39.000000000,25.14242239343162
2026-03-17 20:00:32.000000000,14.306707267022016
2026-03-17 20:42:22.000000000,347.78720211818325
2026-03-17 20:26:50.000000000,91.38634582147799
2026-03-17 20:21:27.000000000,39.39808411126618
2026-03-17 20:10:29.000000000,22.337592978667587
2026-03-17 21:59:25.000000000,13.238692046888318
2026-03-17 21:26:15.000000000,12.717500121466664
2026-03-17 21:27:42.000000000,9.08264775327228
2026-03-17 21:44:49.000000000,9.602195289231371
2026-03-17 21:23:44.000000000,22.552802037255905
2026-03-17 21:20:06.000000000,11.987596053779349
2026-03-17 21:43:05.000000000,14.449268793572568
2026-03-17 21:51:08.000000000,74.03510695022989
2026-03-17 21:04:27.000000000,6.393043212268182
2026-03-17 21:02:21.000000000,25.891673665441953
2026-03-17 21:07:50.000000000,29.333981271402006
2026-03-17 22:43:41.000000000,10.489030412147926
2026-03-17 22:03:36.000000000,30.83456801531224
2026-03-17 22:13:27.000000000,25.720036768271047
2026-03-17 22:40:28.000000000,14.847242394352552
2026-03-17 22:39:50.000000000,17.582399180523968
2026-03-17 22:35:31.000000000,158.28047815163345
2026-03-17 22:25:19.000000000,35.89312562044186
2026-03-17 22:29:28.000000000,9.181754365970455
2026-03-17 22:24:54.000000000,26.167400988398693
2026-03-17 22:31:05.000000000,12.847524084649038
2026-03-17 22:46:26.000000000,9.248991106320819
2026-03-17 22:28:29.000000000,19.8668670500733
2026-03-17 23:49:20.000000000,25.200382229188786
2026-03-17 23:31:11.000000000,25.05248978812708
2026-03-17 23:11:22.000000000,45.242263284674245
2026-03-17 23:43:28.000000000,13.099204317524205
2026-03-17 23:36:58.000000000,35.24764676074724
2026-03-17 23:55:21.000000000,13.851975884308409
2026-03-17 23:32:43.000000000,22.72680805486114
2026-03-17 23:37:51.000000000,24.506659387496033
2026-03-17 23:35:09.000000000,47.54453566209579
2026-03-17 23:44:05.000000000,20.828412842712158
2026-03-17 23:17:18.000000000,31.978557745822652
2026-03-17 23:06:03.000000000,26.13182048608562
2026-03-17 23:51:32.000000000,5.178667561026888
2026-03-18 00:30:13.000000000,144.21399924910082
2026-03-18 00:23:31.000000000,9.476654848325474
2026-03-18 00:42:50.000000000,35.75786875319863
2026-03-18 00:40:30.000000000,97.17141057119514
2026-03-18 00:21:39.000000000,20.45082542877882
2026-03-18 00:08:45.000000000,7.106163251377877
2026-03-18 00:02:28.000000000,35.23798410181861
2026-03-18 01:27:32.000000000,7.403290712486502
2026-03-18 01:57:10.000000000,16.745190075157556
2026-03-18 01:40:05.000000000,32.07165791609981
2026-03-18 02:40:34.000000000,16.618881065150664
2026-03-18 02:04:09.000000000,27.19519954391666
2026-03-18 03:18:36.000000000,36.10392492386318
2026-03-18 03:30:46.000000000,14.083552197153473
2026-03-18 03:34:59.000000000,22.314314062597763
2026-03-18 04:59:47.000000000,10.854070704672967
2026-03-18 05:40:29.000000000,41.00958280920175
2026-03-18 05:44:05.000000000,62.8787948517579
2026-03-18 05:55:21.000000000,9.729247013025489
2026-03-18 05:47:03.000000000,15.443039932910569
2026-03-18 05:54:11.000000000,11.873950572503635
2026-03-18 05:24:03.000000000,12.764257092933654
2026-03-18 05:15:41.000000000,87.70314998998998
2026-03-18 06:22:20.000000000,9.723928737153013
2026-03-18 06:47:13.000000000,16.26119575268042
2026-03-18 06:14:22.000000000,10.402328078474703
2026-03-18 06:08:46.000000000,27.038003039900826
2026-03-18 06:42:21.000000000,10.994892681207102
2026-03-18 06:27:15.000000000,25.85867074675809
2026-03-18 06:45:42.000000000,48.210811239187095
2026-03-18 06:21:20.000000000,11.703440217779242
2026-03-18 06:17:16.000000000,82.81130635554153
2026-03-18 06:38:39.000000000,19.887484855197673
2026-03-18 06:59:52.000000000,7.166660888415411
2026-03-18 06:37:27.000000000,44.817913790092575
2026-03-18 06:29:32.000000000,21.583370703432944
2026-03-18 06:31:10.000000000,108.92433914486509
2026-03-18 06:53:04.000000000,12.214308914644644
2026-03-18 06:54:16.000000000,22.504570153113722
2026-03-18 06:28:21.000000000,29.026156953987563
2026-03-18 07:20:57.000000000,8.313962650461978
2026-03-18 07:57:51.000000000,20.57570876810819
2026-03-18 07:29:57.000000000,94.3692669927541
2026-03-18 07:50:57.000000000,14.786532610955561
2026-03-18 07:18:53.000000000,18.948578510238224
2026-03-18 07:51:03.000000000,19.33305351736158
2026-03-18 07:43:44.000000000,10.361027427255227
2026-03-18 07:27:32.000000000,40.979494646393924
2026-03-18 07:06:18.000000000,94.74981098076597
2026-03-18 07:57:46.000000000,12.041816076866471
2026-03-18 07:59:47.000000000,41.23254000856287
2026-03-18 07:49:26.000000000,31.74997612721445
2026-03-18 07:16:51.000000000,12.444289991715088
2026-03-18 07:36:12.000000000,33.236165745255306
2026-03-18 07:11:19.000000000,23.119402702623358
2026-03-18 07:32:10.000000000,33.843018435115106
2026-03-18 07:59:30.000000000,100.58709465401405
2026-03-18 07:54:29.000000000,9.358150431612483
2026-03-18 07:03:20.000000000,56.56386612746153
2026-03-18 08:36:30.000000000,31.01092161870957
2026-03-18 08:14:33.000000000,40.37317614465849
2026-03-18 08:55:57.000000000,19.319943008856388
2026-03-18 08:32:37.000000000,14.60816377455033
2026-03-18 08:10:29.000000000,27.119450940932612
2026-03-18 08:09:07.000000000,19.917687486228925
2026-03-18 08:36:43.000000000,27.04429198281976
2026-03-18 08:34:14.000000000,34.71394801035073
2026-03-18 08:41:59.000000000,16.29613764969233
2026-03-18 08:08:22.000000000,37.789066926747324
2026-03-18 08:23:05.000000000,25.60775542709347
2026-03-18 08:28:03.000000000,30.07256104788979
2026-03-18 08:05:08.000000000,13.928566268129842
2026-03-18 08:08:01.000000000,58.57435816250408
2026-03-18 08:23:30.000000000,17.424824384061896
2026-03-18 08:49:29.000000000,46.74301900789577
2026-03-18 09:09:03.000000000,30.821254674847413
2026-03-18 09:02:14.000000000,30.848737506365172
2026-03-18 09:32:57.000000000,22.49608213227629
2026-03-18 09:06:53.000000000,9.563577065532748
2026-03-18 09:49:54.000000000,15.761266175296605
2026-03-18 09:50:00.000000000,12.357598232137832
2026-03-18 09:37:44.000000000,15.203041251996591
2026-03-18 09:48:18.000000000,11.323763748737239
2026-03-18 09:56:36.000000000,53.24089327514732
2026-03-18 09:43:28.000000000,22.874627375926604
2026-03-18 09:35:27.000000000,20.86007443504469
2026-03-18 09:25:06.000000000,34.47077957135762
2026-03-18 09:58:40.000000000,62.53233048914803
2026-03-18 09:47:59.000000000,14.244060496899447
2026-03-18 09:38:45.000000000,109.47464845170248
2026-03-18 09:28:21.000000000,13.939211131042587
2026-03-18 09:18:31.000000000,15.61686769715968
2026-03-18 09:09:27.000000000,29.97926486609233
2026-03-18 09:06:51.000000000,8.380187157764102
2026-03-18 09:03:57.000000000,40.28069366073719
2026-03-18 09:44:39.000000000,12.128819021133115
2026-03-18 10:21:13.000000000,18.691273970333345
2026-03-18 10:18:16.000000000,30.23087157581175
2026-03-18 10:55:04.000000000,70.15437384015718
2026-03-18 10:53:17.000000000,10.132164491229215
2026-03-18 10:09:29.000000000,9.08160337338294
2026-03-18 10:50:58.000000000,22.15198947351514
2026-03-18 10:35:29.000000000,14.248613032746057
2026-03-18 10:10:43.000000000,14.46263109579704
2026-03-18 10:41:42.000000000,28.225318239114596
2026-03-18 10:14:02.000000000,34.51344025923624
2026-03-18 10:38:58.000000000,51.105632248725634
2026-03-18 10:14:39.000000000,32.881249756876976
2026-03-18 10:09:21.000000000,24.770518962365866
2026-03-18 10:14:17.000000000,32.664217535408234
2026-03-18 10:42:08.000000000,11.57513444688222
2026-03-18 10:25:59.000000000,9.089583789615808
2026-03-18 10:39:46.000000000,26.833909882135167
2026-03-18 10:30:51.000000000,9.56102758925169
2026-03-18 10:52:03.000000000,129.4421352650346
2026-03-18 11:45:14.000000000,112.67696029576591
2026-03-18 11:34:32.000000000,60.45904602334156
2026-03-18 11:01:19.000000000,23.46105060722636
2026-03-18 11:55:33.000000000,67.53195988976177
2026-03-18 11:21:39.000000000,26.662173896949124
2026-03-18 11:26:10.000000000,18.096189693234408
2026-03-18 11:55:03.000000000,26.450762901825026
2026-03-18 11:35:03.000000000,36.11045859928007
2026-03-18 11:04:19.000000000,8.471788935602088
2026-03-18 12:03:47.000000000,29.81203941649049
2026-03-18 12:53:06.000000000,19.145031565350198
2026-03-18 12:15:14.000000000,52.05395911857551
2026-03-18 12:36:58.000000000,12.780520327295392
2026-03-18 12:55:39.000000000,15.754463840363229
2026-03-18 12:44:28.000000000,7.531595069479227
2026-03-18 12:47:09.000000000,23.076403654792486
2026-03-18 12:34:53.000000000,49.825503169434846
2026-03-18 12:47:32.000000000,20.26430075589933
2026-03-18 12:54:38.000000000,27.238996739669712
2026-03-18 12:46:35.000000000,9.410157867551973
2026-03-18 12:02:42.000000000,14.95783474722268
2026-03-18 12:51:23.000000000,13.0917209437353
2026-03-18 12:20:21.000000000,35.55898094210143
2026-03-18 12:01:47.000000000,20.22401508053176
2026-03-18 12:02:43.000000000,23.163164878684288
2026-03-18 12:34:54.000000000,43.20238096874288
2026-03-18 12:52:41.000000000,13.843298641296517
2026-03-18 13:56:34.000000000,18.449933699658
2026-03-18 13:47:41.000000000,56.02290837394657
2026-03-18 13:32:40.000000000,46.42441466486637
2026-03-18 13:42:39.000000000,7.399428230288021
2026-03-18 13:12:44.000000000,34.807931272083366
2026-03-18 13:03:36.000000000,55.32486579124849
2026-03-18 13:05:18.000000000,17.3286362119257
2026-03-18 13:31:02.000000000,26.703721435359174
2026-03-18 13:54:20.000000000,21.23789514292331
2026-03-18 13:45:48.000000000,13.40454891324687
2026-03-18 13:07:30.000000000,12.365520280842357
2026-03-18 13:00:14.000000000,29.75816013365284
2026-03-18 13:00:00.000000000,126.42353169674317
2026-03-18 13:21:24.000000000,80.12394235199635
2026-03-18 13:34:01.000000000,15.117041883197757
2026-03-18 14:47:45.000000000,27.021901790080374
2026-03-18 14:21:16.000000000,63.93159396347338
2026-03-18 14:29:03.000000000,72.78745597056592
2026-03-18 14:36:36.000000000,10.41021540249915
2026-03-18 14:22:39.000000000,8.176431360891133
2026-03-18 14:23:08.000000000,20.47696712272108
2026-03-18 14:29:39.000000000,19.127344850032667
2026-03-18 14:35:18.000000000,19.451748404874156
2026-03-18 14:59:33.000000000,47.613471040807546
2026-03-18 14:41:47.000000000,10.297097626497688
2026-03-18 14:45:08.000000000,15.787475435417406
2026-03-18 14:06:00.000000000,15.773380429986112
2026-03-18 15:49:45.000000000,17.61573031437376
2026-03-18 15:33:45.000000000,24.33189462017914
2026-03-18 15:40:55.000000000,15.315981300991886
2026-03-18 15:04:14.000000000,47.953203346505795
2026-03-18 15:53:05.000000000,19.65894276313236
2026-03-18 15:23:54.000000000,26.60091594651701
2026-03-18 15:30:47.000000000,18.87299565843813
2026-03-18 15:55:51.000000000,38.74095252480544
2026-03-18 15:41:01.000000000,13.165679501992994
2026-03-18 15:36:47.000000000,31.78169124938844
2026-03-18 15:41:20.000000000,25.778322636669504
2026-03-18 15:12:03.000000000,179.64226711318133
2026-03-18 15:11:19.000000000,15.861957687823885
2026-03-18 15:01:19.000000000,63.2568320753798
2026-03-18 15:41:29.000000000,50.522643570666084
2026-03-18 16:42:42.000000000,10.590461834728607
2026-03-18 16:36:15.000000000,28.330294442956937
2026-03-18 16:41:27.000000000,14.723186247481568
2026-03-18 16:29:30.000000000,9.760268678205222
2026-03-18 16:07:19.000000000,30.719013208853045
2026-03-18 16:42:38.000000000,26.4798284914439
2026-03-18 16:29:12.000000000,40.28576550153172
2026-03-18 16:11:04.000000000,11.648636975507205
2026-03-18 16:18:06.000000000,14.008444083358121
2026-03-18 16:11:09.000000000,6.848269307837611
2026-03-18 16:59:47.000000000,22.45727210988745
2026-03-18 16:44:21.000000000,13.935388616660262
2026-03-18 16:10:02.000000000,22.780024987013757
2026-03-18 16:43:33.000000000,15.781181878664075
2026-03-18 16:20:57.000000000,13.427766808703016
2026-03-18 16:30:14.000000000,19.058635123372266
2026-03-18 17:42:41.000000000,13.104349294221837
2026-03-18 17:55:17.000000000,13.223486989605167
2026-03-18 17:43:29.000000000,20.005010557946253
2026-03-18 17:51:50.000000000,104.21238257527482
2026-03-18 17:42:22.000000000,9.26811933207803
2026-03-18 17:36:26.000000000,16.309062224187958
2026-03-18 17:28:07.000000000,7.988718685000645
2026-03-18 17:14:46.000000000,9.432864222945327
2026-03-18 17:39:33.000000000,93.05947300823811
2026-03-18 17:43:00.000000000,76.06724708096074
2026-03-18 17:36:52.000000000,11.39579994453689
2026-03-18 17:36:19.000000000,8.667317881274979
2026-03-18 17:31:22.000000000,10.614302947845683
2026-03-18 17:45:39.000000000,73.73266794532552
2026-03-18 17:44:18.000000000,24.50498135760073
2026-03-18 17:03:27.000000000,16.15769472482305
2026-03-18 17:37:10.000000000,10.897868584353095
2026-03-18 17:09:16.000000000,84.46478810265074
2026-03-18 17:23:36.000000000,22.253715503767065
2026-03-18 17:53:15.000000000,13.074938246476513
2026-03-18 17:30:50.000000000,34.940745436346404
2026-03-18 17:16:55.000000000,27.48281928668874
2026-03-18 17:49:58.000000000,17.34598125819629
2026-03-18 17:19:07.000000000,12.732532378923693
2026-03-18 17:00:24.000000000,58.57830500804709
2026-03-18 18:54:23.000000000,5.934862665643546
2026-03-18 18:27:22.000000000,77.62813501871271
2026-03-18 18:49:54.000000000,27.072101372220192
2026-03-18 18:05:55.000000000,8.851083843551905
2026-03-18 18:28:26.000000000,12.10952565555198
2026-03-18 18:51:45.000000000,18.160652900187724
2026-03-18 18:48:49.000000000,14.705551578543691
2026-03-18 18:08:41.000000000,76.13557211876319
2026-03-18 18:43:16.000000000,16.55203745552974
2026-03-18 18:10:06.000000000,17.211073635879163
2026-03-18 18:33:28.000000000,48.722957507984596
2026-03-18 18:22:38.000000000,18.00719187735262
2026-03-18 18:37:11.000000000,20.243463648188655
2026-03-18 18:26:32.000000000,42.78274980642117
2026-03-18 18:38:09.000000000,15.626897416827951
2026-03-18 18:11:03.000000000,40.11054349619111
2026-03-18 18:02:37.000000000,8.484574538285607
2026-03-18 18:20:34.000000000,21.662032469542506
2026-03-18 18:32:07.000000000,62.588783948428734
2026-03-18 18:25:58.000000000,23.9235541771685
2026-03-18 18:31:16.000000000,42.227854148012305
2026-03-18 18:30:15.000000000,12.9600945448652
2026-03-18 19:44:46.000000000,24.962724028693447
2026-03-18 19:41:15.000000000,10.649898009522804
2026-03-18 19:08:51.000000000,13.955973149361213
2026-03-18 19:54:23.000000000,52.120357007609165
2026-03-18 19:55:50.000000000,14.311450895777721
2026-03-18 19:34:25.000000000,22.839688154973924
2026-03-18 19:30:27.000000000,17.407849535888108
2026-03-18 19:59:10.000000000,11.599218537215094
2026-03-18 19:59:00.000000000,41.154616431676665
2026-03-18 19:13:48.000000000,68.87270894267041
2026-03-18 19:37:06.000000000,19.17310567143864
2026-03-18 19:41:46.000000000,39.73253765680332
2026-03-18 19:00:08.000000000,19.108420883782035
2026-03-18 19:30:35.000000000,16.567425499820136
2026-03-18 19:15:49.000000000,10.886914021899756
2026-03-18 19:41:39.000000000,44.712023133251726
2026-03-18 19:36:01.000000000,43.68449391824566
2026-03-18 19:52:51.000000000,50.000019300549276
2026-03-18 19:26:18.000000000,31.743925040819548
2026-03-18 19:44:20.000000000,11.59291810042535
2026-03-18 19:26:08.000000000,21.30635702514032
2026-03-18 20:29:12.000000000,23.786488616592703
2026-03-18 20:07:24.000000000,19.60915914636423
2026-03-18 20:32:37.000000000,66.94685637366257
2026-03-18 20:42:24.000000000,61.199294984454184
2026-03-18 20:41:21.000000000,11.491688043779256
2026-03-18 20:07:24.000000000,7.571536066096716
2026-03-18 20:49:12.000000000,46.8044098592917
2026-03-18 20:31:43.000000000,24.527271440447446
2026-03-18 20:28:12.000000000,10.359017857465723
2026-03-18 20:33:00.000000000,16.489786491541253
2026-03-18 20:58:00.000000000,70.28569678921068
2026-03-18 20:23:43.000000000,196.79048509472642
2026-03-18 20:59:42.000000000,43.97595609853376
2026-03-18 20:43:31.000000000,6.7235493750922455
2026-03-18 20:56:25.000000000,27.845572751494775
2026-03-18 20:46:36.000000000,26.68476827462879
2026-03-18 21:34:57.000000000,7.887313962440293
2026-03-18 21:16:47.000000000,13.25529030760256
2026-03-18 21:50:32.000000000,10.455381381899983
2026-03-18 21:22:52.000000000,9.34627628268985
2026-03-18 21:16:07.000000000,12.97833802168159
2026-03-18 21:51:17.000000000,10.699973035673091
2026-03-18 21:02:58.000000000,15.080001000056328
2026-03-18 21:20:37.000000000,33.41158555180889
2026-03-18 21:56:39.000000000,24.753167585774893
2026-03-18 21:44:32.000000000,110.62088550218611
2026-03-18 21:21:17.000000000,7.62625176051741
2026-03-18 21:07:31.000000000,11.675599294844268
2026-03-18 21:22:56.000000000,12.539349048806066
2026-03-18 21:19:45.000000000,47.27640518864481
2026-03-18 21:10:20.000000000,12.719096191258952
2026-03-18 21:42:06.000000000,13.96602366288559
2026-03-18 22:11:31.000000000,13.217285052600847
2026-03-18 22:38:32.000000000,9.188787052695638
2026-03-18 22:05:20.000000000,184.33372970417076
2026-03-18 22:50:46.000000000,19.128747549781774
2026-03-18 22:32:08.000000000,31.55105377849411
2026-03-18 22:00:58.000000000,16.195966284089966
2026-03-18 22:52:46.000000000,17.16876319508148
2026-03-18 22:12:45.000000000,12.057972457885796
2026-03-18 22:37:19.000000000,10.082502386696916
2026-03-18 22:03:29.000000000,66.64131602869824
2026-03-18 22:05:00.000000000,21.008049263851294
2026-03-18 22:29:04.000000000,8.644565287896416
2026-03-18 22:37:06.000000000,43.73409703578577
2026-03-18 22:10:54.000000000,12.886295897446043
2026-03-18 22:31:58.000000000,14.796308084040184
2026-03-18 22:42:49.000000000,12.344112640884095
2026-03-18 22:44:47.000000000,87.65615159741382
2026-03-18 22:33:37.000000000,63.52006909960034
2026-03-18 23:19:43.000000000,24.94378616696304
2026-03-18 23:43:59.000000000,31.896324802130277
2026-03-18 23:51:54.000000000,7.898164147826968
2026-03-18 23:15:21.000000000,63.869840588110286
2026-03-18 23:13:56.000000000,23.814513596128936
2026-03-18 23:09:03.000000000,13.854875022897314
2026-03-18 23:58:17.000000000,31.2092832056351
2026-03-18 23:29:04.000000000,14.73155489544325
2026-03-18 23:38:40.000000000,22.014652214658067
2026-03-18 23:55:22.000000000,10.735623764685787
2026-03-18 23:01:49.000000000,19.16849204941938
2026-03-18 23:04:12.000000000,16.461848983771425
2026-03-18 23:05:01.000000000,20.410454434424945
2026-03-19 00:50:04.000000000,14.001392756281273
2026-03-19 00:22:09.000000000,39.439978034139656
2026-03-19 00:59:08.000000000,38.40043521064519
2026-03-19 00:07:15.000000000,29.05425624920939
2026-03-19 00:22:12.000000000,27.08741880176692
2026-03-19 00:16:25.000000000,20.90058814946288
2026-03-19 00:23:34.000000000,38.505265108476884
2026-03-19 00:27:14.000000000,10.918651835957
2026-03-19 00:37:34.000000000,42.398121018148544
2026-03-19 00:32:06.000000000,29.284228574434277
2026-03-19 00:51:55.000000000,22.130885972276026
2026-03-19 01:22:25.000000000,45.27697120196355
2026-03-19 01:25:13.000000000,30.51963797347395
2026-03-19 01:55:27.000000000,15.272881254375669
2026-03-19 01:56:45.000000000,14.903067158271874
2026-03-19 01:27:01.000000000,24.49787123534823
2026-03-19 01:13:19.000000000,10.050075936023674
2026-03-19 01:31:51.000000000,12.552859978419939
2026-03-19 01:17:17.000000000,11.819215022795571
2026-03-19 01:47:10.000000000,17.508019202619185
2026-03-19 01:17:14.000000000,21.880047820816333
2026-03-19 01:07:08.000000000,15.812534674480194
2026-03-19 02:03:57.000000000,17.034068000820316
2026-03-19 02:47:10.000000000,18.729436392693533
2026-03-19 02:53:08.000000000,63.83678773054914
2026-03-19 03:33:00.000000000,63.586047423249425
2026-03-19 03:52:07.000000000,34.23828155820053
2026-03-19 04:48:13.000000000,68.63461140511608
2026-03-19 05:53:22.000000000,12.235996006915432
2026-03-19 05:50:29.000000000,16.26389687707884
2026-03-19 05:06:12.000000000,56.58500087062242
2026-03-19 05:58:17.000000000,87.51328596633668
2026-03-19 05:34:15.000000000,16.262231030720066
2026-03-19 05:55:53.000000000,12.731235921823455
2026-03-19 05:58:33.000000000,63.96076878772937
2026-03-19 05:27:58.000000000,13.807994213650815
2026-03-19 05:22:58.000000000,11.82977929802372
2026-03-19 05:32:30.000000000,11.770313638426202
2026-03-19 05:55:58.000000000,41.025760869054594
2026-03-19 05:05:58.000000000,58.45547164051493
2026-03-19 06:16:18.000000000,16.549192179272158
2026-03-19 06:41:32.000000000,12.578315116191735
2026-03-19 06:12:34.000000000,9.546962203685325
2026-03-19 06:59:46.000000000,11.865865451355724
2026-03-19 06:50:13.000000000,18.118870088445888
2026-03-19 06:05:43.000000000,16.58101057129414
2026-03-19 06:43:35.000000000,31.713652151874587
2026-03-19 06:30:53.000000000,12.88292765435115
2026-03-19 07:12:54.000000000,13.710573183545304
2026-03-19 07:58:46.000000000,96.56006755099847
2026-03-19 07:17:07.000000000,52.11895913512477
2026-03-19 07:30:31.000000000,8.568767588824745
2026-03-19 07:20:14.000000000,15.46273651631848
2026-03-19 07:33:28.000000000,56.88238568976228
2026-03-19 07:04:53.000000000,11.939650872814154
2026-03-19 07:38:23.000000000,35.98038751390528
2026-03-19 07:50:31.000000000,9.871163198223677
2026-03-19 07:49:38.000000000,42.334731254645746
2026-03-19 07:48:31.000000000,28.51161476613456
2026-03-19 07:27:22.000000000,20.078802274496606
2026-03-19 07:44:38.000000000,56.33474676657019
2026-03-19 07:41:12.000000000,24.631329699252863
2026-03-19 07:36:22.000000000,15.537990568695822
2026-03-19 07:05:04.000000000,15.105082934629916
2026-03-19 07:00:43.000000000,10.598859648324783
2026-03-19 08:39:30.000000000,15.881994275224873
2026-03-19 08:16:10.000000000,16.69440401849612
2026-03-19 08:12:14.000000000,19.069891763944366
2026-03-19 08:26:12.000000000,11.975958818135226
2026-03-19 08:38:07.000000000,39.42040791140324
2026-03-19 08:03:56.000000000,14.259067046852294
2026-03-19 08:19:27.000000000,15.332801967054337
2026-03-19 08:07:41.000000000,20.26828305447039
2026-03-19 08:28:54.000000000,16.556612754384577
2026-03-19 08:14:57.000000000,19.59143120898067
2026-03-19 08:07:20.000000000,17.298835916181755
2026-03-19 08:00:34.000000000,16.308672390436943
2026-03-19 08:22:21.000000000,77.99707270443122
2026-03-19 08:38:47.000000000,36.567189660001155
2026-03-19 08:25:55.000000000,6.026574161841319
2026-03-19 08:45:54.000000000,25.58563620491137
2026-03-19 08:58:22.000000000,13.298642004004428
2026-03-19 08:01:30.000000000,16.21834815355185
2026-03-19 08:55:16.000000000,8.387670548545618
2026-03-19 08:40:18.000000000,17.666808368134365
2026-03-19 09:59:33.000000000,28.318956835131754
2026-03-19 09:24:51.000000000,12.950240999206336
2026-03-19 09:01:28.000000000,15.361822971670172
2026-03-19 09:28:10.000000000,17.36871297786502
2026-03-19 09:46:39.000000000,12.302514301533677
2026-03-19 09:18:40.000000000,9.261739458046314
2026-03-19 09:24:01.000000000,10.69846745781427
2026-03-19 09:25:01.000000000,6.432827615255533
2026-03-19 09:28:50.000000000,14.453566444778186
2026-03-19 09:09:59.000000000,35.287962113782434
2026-03-19 09:42:23.000000000,15.397954491720625
2026-03-19 09:48:38.000000000,36.1186222217268
2026-03-19 09:16:10.000000000,10.651500162372223
2026-03-19 09:02:49.000000000,9.666500617567433
2026-03-19 09:11:29.000000000,14.645095418577863
2026-03-19 09:12:03.000000000,72.1214402315336
2026-03-19 09:08:54.000000000,138.80165911352455
2026-03-19 09:32:42.000000000,27.780883863291916
2026-03-19 10:51:05.000000000,10.023639497677642
2026-03-19 10:07:46.000000000,11.743351823003206
2026-03-19 10:21:49.000000000,15.91851001932731
2026-03-19 10:40:12.000000000,28.552703937072483
2026-03-19 10:04:58.000000000,35.29488393316871
2026-03-19 10:25:14.000000000,13.456165762967075
2026-03-19 10:25:25.000000000,24.27342005385466
2026-03-19 10:30:36.000000000,19.53014687795375
2026-03-19 10:53:40.000000000,33.76598698817052
2026-03-19 10:23:49.000000000,86.40318952073426
2026-03-19 11:41:06.000000000,38.3634817410453
2026-03-19 11:28:42.000000000,17.54744669809344
2026-03-19 11:49:08.000000000,39.70287023358943
2026-03-19 11:23:30.000000000,38.58929065645806
2026-03-19 11:13:27.000000000,60.87596913255934
2026-03-19 11:44:20.000000000,77.06103098811361
2026-03-19 11:08:59.000000000,10.911680991910629
2026-03-19 11:16:48.000000000,23.70951834069133
2026-03-19 11:50:26.000000000,15.076145091059033
2026-03-19 11:56:04.000000000,12.129149163728194
2026-03-19 11:07:46.000000000,25.23429017392945
2026-03-19 11:02:09.000000000,15.154621830496058
2026-03-19 11:42:41.000000000,20.1974518902833
2026-03-19 11:21:29.000000000,21.275221776790886
2026-03-19 11:44:42.000000000,17.104063329185703
2026-03-19 11:22:09.000000000,10.786709521548378
2026-03-19 11:47:41.000000000,11.624790122992163
2026-03-19 12:44:45.000000000,16.6809682283131
2026-03-19 12:34:53.000000000,40.87827013549697
2026-03-19 12:16:14.000000000,19.50066065872002
2026-03-19 12:46:03.000000000,23.025806544193276
2026-03-19 12:01:48.000000000,9.942168348397665
2026-03-19 12:45:56.000000000,11.182083661242533
2026-03-19 12:16:35.000000000,15.163417194807064
2026-03-19 12:01:31.000000000,12.014793059242027
2026-03-19 12:55:36.000000000,96.08355089236792
2026-03-19 12:43:33.000000000,30.857972230341485
2026-03-19 12:03:53.000000000,11.373952801983176
2026-03-19 12:44:32.000000000,27.5737643817894
2026-03-19 12:35:48.000000000,18.387600214105426
2026-03-19 12:10:54.000000000,13.33181080677619
2026-03-19 12:59:48.000000000,16.564583516129794
2026-03-19 12:22:35.000000000,48.99977085333408
2026-03-19 13:14:32.000000000,8.072621404703366
2026-03-19 13:51:02.000000000,24.208513767179316
2026-03-19 13:09:45.000000000,27.540648292230742
2026-03-19 13:06:59.000000000,37.53186402343646
2026-03-19 13:44:44.000000000,28.47992074979199
2026-03-19 13:15:09.000000000,23.60794365392506
2026-03-19 13:49:49.000000000,59.422044966093544
2026-03-19 13:51:23.000000000,14.847874945080289
2026-03-19 13:59:06.000000000,9.011996791013889
2026-03-19 13:34:32.000000000,21.604235235419118
2026-03-19 13:58:57.000000000,41.93180081570029
2026-03-19 13:55:00.000000000,9.803134298743991
2026-03-19 13:03:58.000000000,17.222742952542536
2026-03-19 13:37:51.000000000,41.56232192942159
2026-03-19 13:03:04.000000000,19.699309512345334
2026-03-19 13:43:48.000000000,34.81436527770189
2026-03-19 14:00:05.000000000,17.046353803737926
2026-03-19 14:16:38.000000000,73.81238916322557
2026-03-19 14:45:30.000000000,37.67911599745114
2026-03-19 14:18:11.000000000,20.51961920720286
2026-03-19 14:49:41.000000000,41.03498756366857
2026-03-19 14:40:46.000000000,127.177227410321
2026-03-19 14:30:04.000000000,91.5409584264833
2026-03-19 14:46:29.000000000,17.814323618675157
2026-03-19 14:18:29.000000000,9.52432466809654
2026-03-19 14:32:41.000000000,33.01205484691729
2026-03-19 14:15:06.000000000,8.643808471934012
2026-03-19 14:00:41.000000000,109.32418436570165
2026-03-19 14:51:14.000000000,22.0279362308921
2026-03-19 14:32:41.000000000,12.10362424008456
2026-03-19 14:43:57.000000000,159.13881678151432
2026-03-19 14:16:03.000000000,9.421160563784074
2026-03-19 14:04:52.000000000,26.551105495178707
2026-03-19 14:33:44.000000000,70.704600014418
2026-03-19 15:37:43.000000000,13.672142980526296
2026-03-19 15:09:54.000000000,16.56412695367923
2026-03-19 15:43:24.000000000,19.524680025095915
2026-03-19 15:29:48.000000000,34.90083850506661
2026-03-19 15:07:33.000000000,32.87651815477667
2026-03-19 15:26:25.000000000,24.797427488331888
2026-03-19 15:41:17.000000000,17.606263440976246
2026-03-19 15:56:23.000000000,68.59248623491285
2026-03-19 15:44:41.000000000,7.027691167697242
2026-03-19 15:52:08.000000000,8.491709033394205
2026-03-19 15:52:16.000000000,9.452701489774732
2026-03-19 15:20:51.000000000,8.873622268082919
2026-03-19 15:00:13.000000000,15.829882842421036
2026-03-19 15:05:01.000000000,6.110941445858536
2026-03-19 15:10:59.000000000,61.12179836580875
2026-03-19 15:01:21.000000000,49.14380323918687
2026-03-19 15:08:44.000000000,46.939313198783836
2026-03-19 15:04:43.000000000,19.22111478687679
2026-03-19 15:04:26.000000000,19.223261435834953
2026-03-19 15:55:52.000000000,8.401244731251388
2026-03-19 16:13:55.000000000,25.339377303616207
2026-03-19 16:21:08.000000000,57.62581266763883
2026-03-19 16:54:41.000000000,10.63512274035461
2026-03-19 16:46:03.000000000,249.03677476505197
2026-03-19 16:17:45.000000000,9.859157058155365
2026-03-19 16:51:19.000000000,13.391166131535282
2026-03-19 16:50:58.000000000,37.2997428122334
2026-03-19 16:55:58.000000000,21.072273567289567
2026-03-19 16:39:37.000000000,11.524553114546862
2026-03-19 16:18:30.000000000,18.333833541973735
2026-03-19 16:39:37.000000000,18.228073166319852
2026-03-19 16:26:57.000000000,13.718355265517058
2026-03-19 16:44:45.000000000,14.115819301496515
2026-03-19 16:00:30.000000000,8.69117302817067
2026-03-19 16:12:16.000000000,46.40267100136801
2026-03-19 16:56:54.000000000,35.01408040993352
2026-03-19 16:56:47.000000000,56.20476041360877
2026-03-19 16:19:57.000000000,23.939869870415595
2026-03-19 16:04:08.000000000,20.16249147658453
2026-03-19 17:30:04.000000000,28.738889283735585
2026-03-19 17:02:52.000000000,10.48391193125996
2026-03-19 17:47:45.000000000,133.28466752745376
2026-03-19 17:53:02.000000000,19.74911436496758
2026-03-19 17:03:44.000000000,33.84992906968139
2026-03-19 17:57:24.000000000,33.70140444808423
2026-03-19 17:31:13.000000000,49.19806445130617
2026-03-19 17:39:29.000000000,44.74153905720606
2026-03-19 17:14:03.000000000,27.870403952378897
2026-03-19 17:43:06.000000000,30.506636598289255
2026-03-19 17:59:34.000000000,19.78437418343612
2026-03-19 17:24:34.000000000,44.90761749505669
2026-03-19 17:08:19.000000000,13.232972209477264
2026-03-19 17:06:54.000000000,17.012287025375358
2026-03-19 17:50:59.000000000,22.38679726780965
2026-03-19 17:47:55.000000000,53.18431119194974
2026-03-19 17:42:07.000000000,29.83807536343306
2026-03-19 18:55:17.000000000,11.197778644417689
2026-03-19 18:26:38.000000000,15.212641516312978
2026-03-19 18:04:04.000000000,8.955953872974455
2026-03-19 18:23:26.000000000,9.351707305785176
2026-03-19 18:50:56.000000000,21.92284546224666
2026-03-19 18:12:34.000000000,21.41646484336648
2026-03-19 18:51:34.000000000,12.458063037936373
2026-03-19 18:41:33.000000000,132.60368305229008
2026-03-19 18:32:31.000000000,8.659643986453574
2026-03-19 18:14:18.000000000,32.96057225524992
2026-03-19 18:40:11.000000000,37.82184051764417
2026-03-19 18:44:34.000000000,8.66993696377562
2026-03-19 18:36:28.000000000,19.890909507502766
2026-03-19 18:04:06.000000000,64.55766834153893
2026-03-19 18:22:45.000000000,36.37870409577069
2026-03-19 18:34:38.000000000,22.931813248728492
2026-03-19 18:26:02.000000000,9.61355545219584
2026-03-19 18:13:35.000000000,17.121699913619867
2026-03-19 19:28:31.000000000,75.57701493365177
2026-03-19 19:59:47.000000000,7.0794878102884855
2026-03-19 19:29:52.000000000,9.823117691988742
2026-03-19 19:20:43.000000000,62.38657989049626
2026-03-19 19:10:15.000000000,18.548274636105436
2026-03-19 19:21:54.000000000,21.29930025183077
2026-03-19 19:11:45.000000000,19.834451709989413
2026-03-19 19:28:34.000000000,29.380243803584225
2026-03-19 19:52:44.000000000,55.25871137372507
2026-03-19 19:46:33.000000000,20.656924965488525
2026-03-19 19:17:37.000000000,21.09165571399532
2026-03-19 19:30:50.000000000,7.9658306781729795
2026-03-19 20:17:43.000000000,12.92781885196176
2026-03-19 20:45:39.000000000,7.223909607171816
2026-03-19 20:47:33.000000000,33.79113740209186
2026-03-19 20:10:27.000000000,24.091397490337098
2026-03-19 20:55:40.000000000,15.61464980130998
2026-03-19 20:49:59.000000000,22.270686946174752
2026-03-19 20:35:31.000000000,28.43051110689161
2026-03-19 20:47:57.000000000,24.9123331119284
2026-03-19 20:03:39.000000000,10.053553535793025
2026-03-19 20:41:12.000000000,42.41021952772909
2026-03-19 20:44:59.000000000,175.13629565553182
2026-03-19 20:08:41.000000000,8.966756009213611
2026-03-19 20:08:40.000000000,49.42977211580952
2026-03-19 20:46:43.000000000,30.538520499634085
2026-03-19 20:14:31.000000000,16.9002518983374
2026-03-19 20:06:42.000000000,19.415904152679413
2026-03-19 20:27:31.000000000,25.94293100954457
2026-03-19 20:25:25.000000000,34.24126313225211
2026-03-19 20:35:26.000000000,35.8521431501553
2026-03-19 20:20:54.000000000,24.177062437464226
2026-03-19 21:29:04.000000000,10.247640508380162
2026-03-19 21:19:11.000000000,8.445248619319607
2026-03-19 21:22:08.000000000,39.76128893039536
2026-03-19 21:08:51.000000000,7.466607801294888
2026-03-19 21:40:54.000000000,109.57197943563183
2026-03-19 21:41:41.000000000,23.153774598627987
2026-03-19 21:27:41.000000000,45.49067719148208
2026-03-19 21:05:18.000000000,68.33854216719519
2026-03-19 21:49:25.000000000,17.95681190041113
2026-03-19 21:41:44.000000000,76.30031071912371
2026-03-19 21:08:02.000000000,29.048295227233293
2026-03-19 21:56:56.000000000,15.387405763855782
2026-03-19 22:13:46.000000000,49.74530846775182
2026-03-19 22:30:13.000000000,11.137424022580841
2026-03-19 22:11:18.000000000,17.470003548730407
2026-03-19 22:26:53.000000000,10.326033007255269
2026-03-19 22:25:53.000000000,12.200721527614121
2026-03-19 22:36:34.000000000,84.62662419946483
2026-03-19 22:27:11.000000000,27.142639454162893
2026-03-19 22:44:50.000000000,70.25263032156063
2026-03-19 22:33:36.000000000,30.64550315947304
2026-03-19 22:32:18.000000000,113.23174497998923
2026-03-19 22:03:44.000000000,30.10298605150444
2026-03-19 22:22:44.000000000,13.13357286070968
2026-03-19 22:27:44.000000000,40.88006495341168
2026-03-19 23:49:02.000000000,7.873439325881979
2026-03-19 23:28:06.000000000,13.195595679519805
2026-03-19 23:55:14.000000000,31.859532320850843
2026-03-19 23:27:28.000000000,6.9960017243991235
2026-03-19 23:04:17.000000000,137.22149465312913
2026-03-19 23:14:11.000000000,6.59201028190566
2026-03-19 23:22:08.000000000,50.821046945094714
2026-03-19 23:22:45.000000000,35.693050149204176
2026-03-19 23:32:25.000000000,37.045231592827584
2026-03-19 23:22:00.000000000,6.513095956562934
2026-03-19 23:01:50.000000000,24.264765975322316
2026-03-19 23:22:41.000000000,8.994239361452905
2026-03-20 00:14:07.000000000,18.518789000221087
2026-03-20 00:46:32.000000000,12.020145531580305
2026-03-20 00:49:52.000000000,23.783434322435998
2026-03-20 00:09:38.000000000,17.88479389792543
2026-03-20 00:43:05.000000000,29.214091375048117
2026-03-20 00:37:56.000000000,20.712138857588254
2026-03-20 00:37:53.000000000,17.201047688025024
2026-03-20 01:36:21.000000000,19.487329551183418
2026-03-20 01:49:11.000000000,9.967369415730413
2026-03-20 01:05:07.000000000,39.14720860689173
2026-03-20 01:55:49.000000000,13.68312553499748
2026-03-20 01:37:11.000000000,117.42753986459815
2026-03-20 01:34:51.000000000,12.658288395501417
2026-03-20 01:59:14.000000000,11.996894519952455
2026-03-20 01:04:36.000000000,12.09138119942996
2026-03-20 02:11:17.000000000,7.8189705203998745
2026-03-20 02:51:57.000000000,7.2778679229517955
2026-03-20 02:47:51.000000000,65.48689926929019
2026-03-20 02:03:29.000000000,44.40492728954225
2026-03-20 02:51:47.000000000,35.43671259156542
2026-03-20 03:34:59.000000000,17.854722881054062
2026-03-20 03:13:32.000000000,12.235139658762456
2026-03-20 03:59:34.000000000,46.00305881449134
2026-03-20 03:23:01.000000000,32.80449882193337
2026-03-20 04:28:39.000000000,37.512755133595455
2026-03-20 04:25:00.000000000,34.16300919468831
2026-03-20 04:46:26.000000000,42.38565958583502
2026-03-20 04:19:20.000000000,58.2897691114046
2026-03-20 04:19:52.000000000,25.086379102000752
2026-03-20 05:41:40.000000000,11.801718756379554
2026-03-20 05:19:43.000000000,33.003585866466935
2026-03-20 05:18:27.000000000,6.530603445924598
2026-03-20 05:44:50.000000000,26.57399692364072
2026-03-20 05:21:47.000000000,63.41922270155155
2026-03-20 06:57:15.000000000,26.410285077105936
2026-03-20 06:24:38.000000000,9.132255517895913
2026-03-20 06:09:09.000000000,16.616088074177416
2026-03-20 06:44:33.000000000,16.999133011947787
2026-03-20 06:24:52.000000000,12.944023526082006
2026-03-20 07:53:11.000000000,94.70651483195792
2026-03-20 07:58:26.000000000,49.20723013228029
2026-03-20 07:44:24.000000000,56.18864990743074
2026-03-20 07:45:17.000000000,31.814196645080695
2026-03-20 07:52:46.000000000,20.885895850477123
2026-03-20 07:26:05.000000000,8.517849404525457
2026-03-20 07:13:30.000000000,21.329196372527644
2026-03-20 07:02:46.000000000,22.456883396897386
2026-03-20 07:27:18.000000000,20.34259867745561
2026-03-20 07:11:41.000000000,57.80080959485168
2026-03-20 07:15:48.000000000,28.06856694392621
2026-03-20 07:58:27.000000000,24.767441710591985
2026-03-20 07:41:25.000000000,20.832965227271508
2026-03-20 07:54:43.000000000,27.651595999793308
2026-03-20 07:03:39.000000000,24.346626736751066
2026-03-20 07:13:10.000000000,8.706356411272814
2026-03-20 07:15:41.000000000,9.548988333733057
2026-03-20 07:56:26.000000000,17.785515441785595
2026-03-20 07:50:40.000000000,10.065864748126579
2026-03-20 08:22:24.000000000,36.65489863429206
2026-03-20 08:38:54.000000000,17.927148605401175
2026-03-20 08:38:30.000000000,100.7850193444032
2026-03-20 08:26:06.000000000,26.579024357815094
2026-03-20 08:18:02.000000000,21.20056460107828
2026-03-20 08:22:14.000000000,7.515614346810066
2026-03-20 08:02:57.000000000,24.058799450043143
2026-03-20 08:26:43.000000000,9.286135516122975
2026-03-20 08:40:17.000000000,96.76984928178072
2026-03-20 08:00:51.000000000,35.92678037994458
2026-03-20 08:05:06.000000000,18.737154825558495
2026-03-20 08:20:46.000000000,8.02404090628745
2026-03-20 08:04:16.000000000,9.124315513397303
2026-03-20 08:27:29.000000000,13.882343180225032
2026-03-20 08:21:06.000000000,29.410793381291302
2026-03-20 08:41:47.000000000,40.58710819825314
2026-03-20 08:45:05.000000000,170.20614573654
2026-03-20 08:18:29.000000000,27.109720292582136
2026-03-20 08:08:27.000000000,16.080992527457266
2026-03-20 09:55:24.000000000,11.04235129421275
2026-03-20 09:11:32.000000000,34.855030268556966
2026-03-20 09:11:15.000000000,26.27462148702516
2026-03-20 09:19:41.000000000,16.19127903591626
2026-03-20 09:20:39.000000000,22.523412350946156
2026-03-20 09:54:10.000000000,40.308063893199396
2026-03-20 09:20:36.000000000,27.40437526914889
2026-03-20 09:17:00.000000000,68.00734497180545
2026-03-20 09:17:18.000000000,26.76230530397623
2026-03-20 09:10:09.000000000,34.7738272796277
2026-03-20 09:11:49.000000000,19.265821388361378
2026-03-20 09:59:50.000000000,15.310715674132918
2026-03-20 09:02:31.000000000,10.34381578885909
2026-03-20 09:22:25.000000000,14.88989084462338
2026-03-20 09:17:44.000000000,31.78186012617825
2026-03-20 09:40:18.000000000,10.459142823345534
2026-03-20 09:44:36.000000000,7.639377524135659
2026-03-20 09:40:30.000000000,26.64339843841344
2026-03-20 10:49:49.000000000,38.376123559523876
2026-03-20 10:20:09.000000000,21.53629638599436
2026-03-20 10:32:18.000000000,25.22314174511133
2026-03-20 10:41:47.000000000,71.48663639552109
2026-03-20 10:00:24.000000000,92.09514163685012
2026-03-20 10:57:25.000000000,11.222184848828402
2026-03-20 10:54:45.000000000,13.775175525556104
2026-03-20 10:48:19.000000000,20.680058108238665
2026-03-20 10:02:00.000000000,20.110946425888702
2026-03-20 10:10:30.000000000,12.591620531261473
2026-03-20 10:30:01.000000000,18.933813442506835
2026-03-20 10:52:10.000000000,20.48314668170263
2026-03-20 10:02:38.000000000,20.35264594105027
2026-03-20 10:46:39.000000000,31.60078631833463
2026-03-20 10:26:34.000000000,21.917112452278317
2026-03-20 10:49:35.000000000,8.964973937682537
2026-03-20 10:04:22.000000000,25.661922981158018
2026-03-20 10:33:44.000000000,10.192775903196882
2026-03-20 11:25:58.000000000,35.174877875216374
2026-03-20 11:54:57.000000000,22.78412448909876
2026-03-20 11:31:26.000000000,16.21963760000906
2026-03-20 11:25:43.000000000,7.1566106783971914
2026-03-20 11:13:18.000000000,16.91741616273109
2026-03-20 11:53:10.000000000,105.13343053964168
2026-03-20 11:16:47.000000000,108.26434681216932
2026-03-20 11:13:50.000000000,12.21599116480563
2026-03-20 11:42:38.000000000,21.820623846171227
2026-03-20 11:12:56.000000000,40.237970136079156
2026-03-20 11:28:48.000000000,23.404008564586757
2026-03-20 11:50:52.000000000,20.181311578382957
2026-03-20 11:19:50.000000000,36.31418532332766
2026-03-20 11:05:07.000000000,20.195591994876157
2026-03-20 11:05:35.000000000,32.18164017718486
2026-03-20 11:35:51.000000000,30.186374252813547
2026-03-20 11:27:09.000000000,13.796559400056182
2026-03-20 11:41:55.000000000,7.189210969585066
2026-03-20 11:32:58.000000000,12.335606011928672
2026-03-20 11:57:59.000000000,18.52157041740597
2026-03-20 12:26:04.000000000,11.994759556694433
2026-03-20 12:41:45.000000000,6.4344509538708365
2026-03-20 12:25:36.000000000,91.60756086796073
2026-03-20 12:11:06.000000000,10.331945617474346
2026-03-20 12:07:57.000000000,24.385950279126344
2026-03-20 12:35:49.000000000,31.74983264429994
2026-03-20 12:57:42.000000000,99.26701485108417
2026-03-20 12:48:57.000000000,39.03035529330062
2026-03-20 12:05:43.000000000,26.318730848521763
2026-03-20 12:56:02.000000000,9.0328173235415
2026-03-20 13:15:48.000000000,38.439936296739276
2026-03-20 13:04:16.000000000,32.995237823056726
2026-03-20 13:20:42.000000000,39.53051030148865
2026-03-20 13:27:16.000000000,15.29764126329706
2026-03-20 13:26:39.000000000,17.351529602378104
2026-03-20 13:53:46.000000000,92.91716886525097
2026-03-20 13:59:43.000000000,24.734421363417802
2026-03-20 13:35:55.000000000,29.092266473514915
2026-03-20 13:47:04.000000000,22.648281791212238
2026-03-20 13:12:38.000000000,23.478360090611783
2026-03-20 13:36:12.000000000,10.912664875509652
2026-03-20 13:56:41.000000000,25.411018051685616
2026-03-20 13:01:37.000000000,12.96912174172455
2026-03-20 13:09:38.000000000,11.749039797310509
2026-03-20 13:29:24.000000000,42.610550313522914
2026-03-20 13:42:50.000000000,26.903107023997887
2026-03-20 13:00:11.000000000,11.645492674496385
2026-03-20 14:01:41.000000000,13.271085967067194
2026-03-20 14:39:49.000000000,26.799969584576846
2026-03-20 14:17:22.000000000,9.348064248547043
2026-03-20 14:52:01.000000000,12.504211197059359
2026-03-20 14:42:46.000000000,36.40443205676784
2026-03-20 14:55:21.000000000,18.928401264842396
2026-03-20 14:30:32.000000000,38.65283353169349
2026-03-20 14:35:55.000000000,12.0591325606505
2026-03-20 14:43:13.000000000,61.956439301562035
2026-03-20 14:00:08.000000000,19.707131899315836
2026-03-20 14:36:47.000000000,67.29186436286828
2026-03-20 14:37:09.000000000,51.51509019056706
2026-03-20 14:56:46.000000000,29.93133796756864
2026-03-20 14:16:12.000000000,38.934088945549846
2026-03-20 14:14:18.000000000,36.25836489070632
2026-03-20 14:13:31.000000000,15.927907640244324
2026-03-20 14:50:40.000000000,47.05431174211451
2026-03-20 15:32:20.000000000,76.13877010690308
2026-03-20 15:40:39.000000000,12.336664368458276
2026-03-20 15:36:15.000000000,20.37537343329343
2026-03-20 15:51:58.000000000,25.677170363349003
2026-03-20 15:02:04.000000000,8.008544489489047
2026-03-20 15:01:17.000000000,24.3054722869286
2026-03-20 15:30:09.000000000,12.783901443767185
2026-03-20 15:41:45.000000000,29.238199064548322
2026-03-20 15:37:37.000000000,15.714260128016296
2026-03-20 15:24:17.000000000,244.5924870059621
2026-03-20 15:51:07.000000000,18.410483232275897
2026-03-20 15:20:43.000000000,69.89969755348633
2026-03-20 15:35:26.000000000,16.98995452222154
2026-03-20 15:34:44.000000000,70.11727145839646
2026-03-20 16:52:14.000000000,66.61779763263482
2026-03-20 16:15:31.000000000,32.023734136717366
2026-03-20 16:42:24.000000000,6.152447889246101
2026-03-20 16:29:59.000000000,14.578723148104952
2026-03-20 16:12:11.000000000,98.17996562709695
2026-03-20 16:32:45.000000000,21.450385549269118
2026-03-20 16:42:18.000000000,50.905851144236784
2026-03-20 16:58:18.000000000,8.874721425971359
2026-03-20 16:49:30.000000000,9.050820615597459
2026-03-20 16:22:14.000000000,14.401465882517247
2026-03-20 16:16:20.000000000,16.40776948989209
2026-03-20 16:24:19.000000000,12.897661384540957
2026-03-20 16:53:24.000000000,5.054379044678926
2026-03-20 16:40:28.000000000,20.061274046366346
2026-03-20 16:45:02.000000000,7.849744243972179
2026-03-20 16:21:21.000000000,58.314460503526064
2026-03-20 17:44:50.000000000,40.08953859515952
2026-03-20 17:02:21.000000000,15.870311846971155
2026-03-20 17:05:26.000000000,12.772120219620763
2026-03-20 17:31:16.000000000,15.063345025226955
2026-03-20 17:48:50.000000000,31.28083885762097
2026-03-20 17:48:23.000000000,75.85937645212391
2026-03-20 17:20:37.000000000,13.074985349541539
2026-03-20 17:39:28.000000000,21.68220279110687
2026-03-20 17:50:45.000000000,21.585733291538215
2026-03-20 17:03:42.000000000,8.399814237111887
2026-03-20 17:36:39.000000000,14.188670579509132
2026-03-20 17:20:31.000000000,10.512693845293121
2026-03-20 17:08:37.000000000,13.552815292649235
2026-03-20 17:23:07.000000000,8.017665774218809
2026-03-20 17:56:35.000000000,17.763796896546875
2026-03-20 17:51:03.000000000,12.862851009332626
2026-03-20 17:56:30.000000000,10.487763320624477
2026-03-20 17:23:43.000000000,6.831001055452447
2026-03-20 18:24:08.000000000,24.562788056185365
2026-03-20 18:35:09.000000000,23.74466021964386
2026-03-20 18:05:37.000000000,12.401621110374649
2026-03-20 18:07:03.000000000,23.984925337525322
2026-03-20 18:13:52.000000000,10.142847373350065
2026-03-20 18:49:17.000000000,10.133920401056603
2026-03-20 18:08:42.000000000,12.307608054752162
2026-03-20 18:36:20.000000000,29.270862840056072
2026-03-20 18:54:26.000000000,17.188778564700375
2026-03-20 18:22:49.000000000,9.796489217265783
2026-03-20 18:27:43.000000000,24.477244056363258
2026-03-20 18:49:18.000000000,15.614578288221942
2026-03-20 18:30:32.000000000,16.204200371817755
2026-03-20 18:29:41.000000000,17.016301458893068
2026-03-20 18:31:20.000000000,22.647360624418948
2026-03-20 18:55:06.000000000,10.62391900378946
2026-03-20 18:10:18.000000000,7.500213786989876
2026-03-20 19:23:45.000000000,18.942759869298197
2026-03-20 19:18:42.000000000,18.044752393603925
2026-03-20 19:25:54.000000000,42.384488413783465
2026-03-20 19:44:35.000000000,23.654839009494534
2026-03-20 19:10:42.000000000,21.72970210208702
2026-03-20 19:16:51.000000000,37.0920612542123
2026-03-20 19:13:35.000000000,25.91310253520012
2026-03-20 19:17:12.000000000,21.590264180238822
2026-03-20 19:27:25.000000000,72.24290772298224
2026-03-20 19:52:54.000000000,19.87766634238596
2026-03-20 19:31:15.000000000,16.56247533718691
2026-03-20 19:27:54.000000000,21.03304017092591
2026-03-20 19:56:45.000000000,5.88059163584818
2026-03-20 19:00:10.000000000,70.92946216408596
2026-03-20 19:22:11.000000000,7.264450054714144
2026-03-20 19:32:15.000000000,12.645396182453798
2026-03-20 19:23:09.000000000,20.63952016997754
2026-03-20 20:07:06.000000000,20.95539130926613
2026-03-20 20:29:52.000000000,37.77698661044486
2026-03-20 20:35:32.000000000,33.485682929906346
2026-03-20 20:39:01.000000000,6.993168915774392
2026-03-20 20:46:10.000000000,9.082210613163483
2026-03-20 20:51:28.000000000,7.452998630075351
2026-03-20 20:16:39.000000000,42.32735926375644
2026-03-20 20:56:00.000000000,11.279112863466139
2026-03-20 20:25:26.000000000,14.86862743144584
2026-03-20 20:45:59.000000000,27.551719559285484
2026-03-20 20:57:33.000000000,14.200262780186023
2026-03-20 20:02:55.000000000,36.34611829393348
2026-03-20 20:40:35.000000000,12.285858303653452
2026-03-20 20:15:51.000000000,14.209242024361984
2026-03-20 20:31:22.000000000,18.453319561266614
2026-03-20 20:43:44.000000000,17.90042967745143
2026-03-20 20:42:54.000000000,21.263563444227938
2026-03-20 20:16:26.000000000,50.54526891460126
2026-03-20 20:08:35.000000000,8.877785372750019
2026-03-20 20:22:02.000000000,20.117421646708138
2026-03-20 20:44:19.000000000,29.000502042835752
2026-03-20 21:20:38.000000000,29.928599096306034
2026-03-20 21:42:51.000000000,15.954272541243775
2026-03-20 21:03:00.000000000,35.38350607238265
2026-03-20 21:24:55.000000000,14.399559442204016
2026-03-20 21:47:37.000000000,5.446584560325533
2026-03-20 21:00:19.000000000,5.6064085934831684
2026-03-20 21:36:23.000000000,18.921789045649856
2026-03-20 21:53:18.000000000,39.95046620914247
2026-03-20 21:32:09.000000000,14.325746631606954
2026-03-20 21:52:30.000000000,20.993806358884253
2026-03-20 21:07:50.000000000,26.236809912832197
2026-03-20 21:57:25.000000000,15.34660362918088
2026-03-20 21:54:01.000000000,87.33293451418393
2026-03-20 21:59:43.000000000,177.33549536191347
2026-03-20 21:14:09.000000000,39.84909050211452
2026-03-20 21:39:30.000000000,28.497124790316235
2026-03-20 21:12:32.000000000,28.91443517087239
2026-03-20 21:24:59.000000000,7.916117948456934
2026-03-20 21:29:30.000000000,11.566001159897738
2026-03-20 21:29:48.000000000,18.40662656871932
2026-03-20 21:36:54.000000000,34.0289764933057
2026-03-20 21:01:30.000000000,10.323491737862632
2026-03-20 21:19:05.000000000,43.53055861077453
2026-03-20 21:21:15.000000000,31.798846850146017
2026-03-20 21:42:18.000000000,30.8949898545399
2026-03-20 22:43:35.000000000,17.594207165087933
2026-03-20 22:56:02.000000000,51.064191834586886
2026-03-20 22:49:13.000000000,17.072763062360924
2026-03-20 22:30:45.000000000,23.015155426630184
2026-03-20 22:02:58.000000000,8.265333809078612
2026-03-20 22:22:44.000000000,40.54849206632971
2026-03-20 22:29:04.000000000,63.10469789369197
2026-03-20 22:12:16.000000000,44.0014222138471
2026-03-20 22:17:25.000000000,14.267458382323259
2026-03-20 22:26:38.000000000,57.97540556152447
2026-03-20 22:28:01.000000000,10.683789398763508
2026-03-20 22:28:34.000000000,18.178950864910373
2026-03-20 22:27:24.000000000,56.63248767949017
2026-03-20 23:35:47.000000000,45.41371148107819
2026-03-20 23:43:23.000000000,54.06325788930232
2026-03-20 23:43:06.000000000,51.55400847389992
2026-03-20 23:30:21.000000000,11.727870807714147
2026-03-20 23:07:24.000000000,59.458611690632274
2026-03-20 23:14:40.000000000,15.983406641650642
2026-03-20 23:40:24.000000000,32.05320823114353
2026-03-20 23:25:52.000000000,15.272199433154356
2026-03-20 23:49:52.000000000,27.542271887584253
2026-03-20 23:57:12.000000000,70.21487632872781
2026-03-20 23:20:45.000000000,10.102638066172762
2026-03-20 23:18:12.000000000,24.872965823404673
2026-03-20 23:58:36.000000000,20.132714732540645
2026-03-20 23:52:23.000000000,54.68323667426549
2026-03-20 23:54:12.000000000,33.11944506753322
2026-03-20 23:47:08.000000000,48.95296256777345
2026-03-20 23:45:03.000000000,50.38941331522494
2026-03-20 23:08:24.000000000,15.086428161320285
2026-03-20 23:24:00.000000000,32.13301047605097
2026-03-20 23:31:10.000000000,42.506743468785366
2026-03-21 00:39:12.000000000,23.41531717907947
2026-03-21 00:42:03.000000000,28.707310071935918
2026-03-21 00:39:24.000000000,15.902607751074555
2026-03-21 00:40:51.000000000,14.978650053062484
2026-03-21 00:53:51.000000000,41.6454883776005
2026-03-21 00:53:43.000000000,40.77982678467939
2026-03-21 00:40:15.000000000,27.02906048670589
2026-03-21 00:48:38.000000000,27.40410237372868
2026-03-21 00:59:17.000000000,11.677285161942592
2026-03-21 00:01:57.000000000,17.803631343178385
2026-03-21 01:13:27.000000000,35.91067958667962
2026-03-21 01:52:17.000000000,17.501418448782562
2026-03-21 01:29:23.000000000,14.448366294725773
2026-03-21 01:49:08.000000000,23.709259139620112
2026-03-21 01:39:43.000000000,50.76814525564308
2026-03-21 01:01:59.000000000,52.80324198289542
2026-03-21 01:47:58.000000000,8.64284030135298
2026-03-21 01:35:40.000000000,20.647933534774975
2026-03-21 01:02:34.000000000,11.111421708376046
2026-03-21 01:00:16.000000000,22.609187852608382
2026-03-21 01:55:01.000000000,14.000458406644139
2026-03-21 02:12:36.000000000,13.559466175487703
2026-03-21 02:22:15.000000000,7.786555867044644
2026-03-21 02:36:29.000000000,14.462606176439404
2026-03-21 02:16:05.000000000,14.697137834969173
2026-03-21 02:09:43.000000000,8.928068414787884
2026-03-21 02:24:36.000000000,21.194032028277533
2026-03-21 02:08:57.000000000,11.06252238140009
2026-03-21 02:16:09.000000000,9.079900078436703
2026-03-21 02:28:44.000000000,15.956408700145797
2026-03-21 03:07:16.000000000,28.569382242262932
2026-03-21 03:15:23.000000000,48.71184645112596
2026-03-21 03:10:17.000000000,17.862422484996557
2026-03-21 03:47:06.000000000,7.904001831073314
2026-03-21 03:23:38.000000000,20.62099170099876
2026-03-21 04:06:05.000000000,29.236078760072406
2026-03-21 04:26:15.000000000,74.97158646656273
2026-03-21 04:33:17.000000000,47.38210105986739
2026-03-21 04:29:18.000000000,28.499462397842034
2026-03-21 04:14:46.000000000,46.753025159208526
2026-03-21 04:44:20.000000000,30.115538521657474
2026-03-21 04:10:42.000000000,25.434621894575667
2026-03-21 05:24:12.000000000,19.536850232163157
2026-03-21 05:15:06.000000000,76.08286245840267
2026-03-21 05:52:53.000000000,11.96358989926755
2026-03-21 05:00:42.000000000,65.2239491513191
2026-03-21 05:07:41.000000000,28.100911528642293
2026-03-21 06:25:06.000000000,20.807583497110944
2026-03-21 06:28:40.000000000,24.33141279687339
2026-03-21 06:11:57.000000000,16.956205499712926
2026-03-21 06:45:32.000000000,65.7024235923198
2026-03-21 06:15:21.000000000,14.231077933054536
2026-03-21 06:30:43.000000000,12.873868305378053
2026-03-21 06:21:52.000000000,18.997833499414885
2026-03-21 06:51:10.000000000,27.338192130621014
2026-03-21 06:34:01.000000000,25.073009607695955
2026-03-21 06:08:00.000000000,22.157707145037104
2026-03-21 06:01:55.000000000,59.48755992428317
2026-03-21 06:08:48.000000000,10.188889310601411
2026-03-21 06:01:53.000000000,9.90195789706959
2026-03-21 06:56:04.000000000,30.744892705624135
2026-03-21 07:21:25.000000000,26.873346682314352
2026-03-21 07:14:18.000000000,12.321821885663354
2026-03-21 07:55:45.000000000,15.239426703184403
2026-03-21 07:36:21.000000000,40.80519622456381
2026-03-21 07:00:09.000000000,10.714816522279232
2026-03-21 07:36:43.000000000,25.464024136628627
2026-03-21 07:09:00.000000000,14.103226079510495
2026-03-21 07:03:45.000000000,31.809458243493925
2026-03-21 07:17:02.000000000,16.178377723266586
2026-03-21 07:10:35.000000000,28.75834014659642
2026-03-21 08:28:05.000000000,7.079637373692247
2026-03-21 08:20:25.000000000,11.030577218011722
2026-03-21 08:44:17.000000000,16.256226518061293
2026-03-21 08:56:44.000000000,13.249287883230402
2026-03-21 08:44:17.000000000,168.02369350071305
2026-03-21 08:51:15.000000000,13.728973033629764
2026-03-21 09:49:11.000000000,29.208660394132433
2026-03-21 09:33:04.000000000,12.799525888007057
2026-03-21 09:26:32.000000000,8.216395785713715
2026-03-21 09:44:13.000000000,8.666805661050994
2026-03-21 09:49:27.000000000,21.193984929172682
2026-03-21 09:57:48.000000000,12.420384558617254
2026-03-21 09:31:40.000000000,12.628283037240493
2026-03-21 09:36:55.000000000,105.710294378696
2026-03-21 09:09:04.000000000,11.112005844628591
2026-03-21 09:55:38.000000000,10.718653533712011
2026-03-21 09:59:44.000000000,123.54071172063716
2026-03-21 09:31:11.000000000,12.657980159372844
2026-03-21 09:25:50.000000000,24.045011144071214
2026-03-21 10:36:39.000000000,14.537443461600962
2026-03-21 10:30:48.000000000,41.650861657876
2026-03-21 10:20:23.000000000,22.64413704163783
2026-03-21 10:09:13.000000000,35.170618999111404
2026-03-21 10:02:18.000000000,25.0794529027955
2026-03-21 10:52:16.000000000,9.922046438223926
2026-03-21 10:00:33.000000000,13.796059486519347
2026-03-21 10:14:55.000000000,31.614262501372576
2026-03-21 10:52:12.000000000,39.117242628107796
2026-03-21 10:38:01.000000000,15.277529867491513
2026-03-21 10:52:21.000000000,22.297806180005924
2026-03-21 10:35:21.000000000,9.856970391236224
2026-03-21 10:27:06.000000000,17.08212636357482
2026-03-21 10:10:53.000000000,19.60701247524742
2026-03-21 10:24:01.000000000,92.57987977075346
2026-03-21 11:01:17.000000000,9.74555043597184
2026-03-21 11:12:04.000000000,46.05716837775109
2026-03-21 11:10:21.000000000,14.142107594531943
2026-03-21 11:50:00.000000000,9.006059815801176
2026-03-21 11:15:16.000000000,19.717870156281766
2026-03-21 11:13:05.000000000,15.31418160234822
2026-03-21 11:28:49.000000000,12.319275335957805
2026-03-21 11:33:11.000000000,13.34314395301584
2026-03-21 11:34:34.000000000,11.701796158866717
2026-03-21 11:11:32.000000000,7.805451056105655
2026-03-21 11:51:17.000000000,22.820096653867108
2026-03-21 11:12:34.000000000,12.493964269275661
2026-03-21 11:20:22.000000000,8.56700164575809
2026-03-21 12:18:54.000000000,14.217303520615442
2026-03-21 12:52:41.000000000,35.83556471242732
2026-03-21 12:24:07.000000000,15.639325913173227
2026-03-21 12:11:40.000000000,8.437389898024641
2026-03-21 12:26:44.000000000,15.766724407975143
2026-03-21 12:12:28.000000000,8.27945267841886
2026-03-21 12:03:09.000000000,27.26265235610065
2026-03-21 12:48:19.000000000,22.303318114137074
2026-03-21 12:06:50.000000000,61.390185821494065
2026-03-21 12:05:34.000000000,28.671120328411316
2026-03-21 12:30:45.000000000,54.36104335654074
2026-03-21 12:23:59.000000000,6.705416935480194
2026-03-21 12:51:24.000000000,29.30420028571748
2026-03-21 12:08:42.000000000,12.832615434365579
2026-03-21 12:50:15.000000000,39.37690432621263
2026-03-21 12:48:44.000000000,8.342511272760746
2026-03-21 12:22:17.000000000,17.57623672775504
2026-03-21 13:22:24.000000000,15.710079385190902
2026-03-21 13:56:55.000000000,13.34066009250428
2026-03-21 13:32:14.000000000,8.712498038091159
2026-03-21 13:18:36.000000000,30.5056547910737
2026-03-21 13:46:14.000000000,35.305632371804954
2026-03-21 13:04:08.000000000,48.35975606664291
2026-03-21 13:47:27.000000000,10.661587594046757
2026-03-21 13:06:17.000000000,11.829774801858882
2026-03-21 13:25:31.000000000,53.18173282400129
2026-03-21 13:56:57.000000000,16.215980185198116
2026-03-21 13:30:31.000000000,22.486913906157394
2026-03-21 13:17:28.000000000,19.077958490489486
2026-03-21 13:05:34.000000000,22.922807556375343
2026-03-21 13:23:37.000000000,10.895846898931257
2026-03-21 13:08:20.000000000,62.71088828851033
2026-03-21 13:54:29.000000000,24.602331010221324
2026-03-21 13:45:43.000000000,71.83809705910046
2026-03-21 13:34:02.000000000,21.03721345717804
2026-03-21 13:18:48.000000000,23.435239981999512
2026-03-21 13:36:35.000000000,15.441528320243446
2026-03-21 13:47:08.000000000,20.418366442315705
2026-03-21 13:51:53.000000000,86.81503651653247
2026-03-21 13:50:13.000000000,8.613001589280753
2026-03-21 13:05:46.000000000,21.074702854331438
2026-03-21 13:35:00.000000000,48.99842554992805
2026-03-21 14:02:52.000000000,31.618077108355134
2026-03-21 14:31:57.000000000,18.755180394899863
2026-03-21 14:36:32.000000000,39.86456760907538
2026-03-21 14:03:51.000000000,33.63047894807091
2026-03-21 14:02:35.000000000,55.13901543791736
2026-03-21 14:32:50.000000000,22.03216184517728
2026-03-21 14:32:21.000000000,18.402551048651443
2026-03-21 14:12:40.000000000,15.290508641227824
2026-03-21 14:32:12.000000000,18.6299346502437
2026-03-21 14:33:41.000000000,25.264092451138044
2026-03-21 14:42:52.000000000,28.778747201441607
2026-03-21 14:48:23.000000000,17.372378404757843
2026-03-21 14:18:17.000000000,20.02740912802368
2026-03-21 14:44:02.000000000,12.782809003271886
2026-03-21 14:20:26.000000000,22.060402987205382
2026-03-21 14:06:58.000000000,27.311624293003717
2026-03-21 14:46:45.000000000,44.271450498333394
2026-03-21 14:03:15.000000000,58.18548933818494
2026-03-21 14:49:14.000000000,28.147736812858223
2026-03-21 14:05:55.000000000,19.361615581737773
2026-03-21 14:13:57.000000000,118.09520667477763
2026-03-21 14:33:03.000000000,11.419620840648864
2026-03-21 14:17:19.000000000,74.21382951398371
2026-03-21 15:32:06.000000000,9.711196736703005
2026-03-21 15:06:46.000000000,12.493467316592522
2026-03-21 15:23:00.000000000,21.32067168232881
2026-03-21 15:17:07.000000000,47.37738415735032
2026-03-21 15:41:01.000000000,13.432344537615506
2026-03-21 15:32:55.000000000,49.64997840322362
2026-03-21 15:01:40.000000000,8.851696068783813
2026-03-21 15:39:52.000000000,10.605669963871325
2026-03-21 15:13:38.000000000,40.788810104198646
2026-03-21 15:47:53.000000000,6.762292145383587
2026-03-21 15:12:06.000000000,25.80446774501947
2026-03-21 15:26:39.000000000,30.49895724455229
2026-03-21 15:06:32.000000000,24.906330658200925
2026-03-21 15:01:40.000000000,21.803922227344817
2026-03-21 15:25:19.000000000,26.600980888696096
2026-03-21 15:40:31.000000000,22.639260766889475
2026-03-21 15:34:23.000000000,24.797801505474563
2026-03-21 15:23:28.000000000,9.666102379678886
2026-03-21 15:39:05.000000000,16.273905049283172
2026-03-21 15:15:57.000000000,45.77604633194823
2026-03-21 15:07:46.000000000,74.42588708770356
2026-03-21 16:47:18.000000000,211.84065261027382
2026-03-21 16:25:39.000000000,12.460681216880658
2026-03-21 16:00:13.000000000,26.5270283238528
2026-03-21 16:45:53.000000000,9.605383195588765
2026-03-21 16:20:02.000000000,55.22226794740745
2026-03-21 16:15:46.000000000,9.55383697889923
2026-03-21 16:13:10.000000000,30.013699147875716
2026-03-21 16:30:32.000000000,17.217250449319078
2026-03-21 16:05:25.000000000,22.76233747313599
2026-03-21 16:50:23.000000000,13.126716676504667
2026-03-21 16:16:12.000000000,39.65893668554485
2026-03-21 16:31:56.000000000,110.29218461821984
2026-03-21 16:57:23.000000000,109.81190916787591
2026-03-21 16:09:29.000000000,28.517518002583568
2026-03-21 16:43:21.000000000,15.505497827927112
2026-03-21 16:38:54.000000000,38.43868169187797
2026-03-21 16:38:39.000000000,12.819350461826748
2026-03-21 16:39:07.000000000,46.02836027618137
2026-03-21 16:11:28.000000000,10.717813526482473
2026-03-21 16:38:38.000000000,25.937374535537618
2026-03-21 17:18:11.000000000,39.76391882684104
2026-03-21 17:56:32.000000000,36.44318902612385
2026-03-21 17:47:16.000000000,24.556635943464915
2026-03-21 17:04:06.000000000,24.0938573460899
2026-03-21 17:02:32.000000000,53.57010495724411
2026-03-21 17:32:39.000000000,42.72745338409674
2026-03-21 17:12:57.000000000,24.926991777044837
2026-03-21 17:10:34.000000000,95.30332069820439
2026-03-21 17:49:21.000000000,31.040346812565613
2026-03-21 17:41:56.000000000,22.77084120254136
2026-03-21 17:30:13.000000000,49.36829087285741
2026-03-21 17:54:33.000000000,9.494208522579722
2026-03-21 17:44:26.000000000,15.01966087044229
2026-03-21 17:40:54.000000000,20.205178949804523
2026-03-21 17:19:42.000000000,11.725326195493277
2026-03-21 17:27:04.000000000,20.347540524325208
2026-03-21 17:58:02.000000000,10.762848546540951
2026-03-21 17:04:10.000000000,21.334592014636467
2026-03-21 17:25:41.000000000,32.81101603173097
2026-03-21 17:30:30.000000000,11.616331797724918
2026-03-21 17:56:25.000000000,14.835883160466441
2026-03-21 18:41:04.000000000,19.265755718984583
2026-03-21 18:56:37.000000000,9.312176788830328
2026-03-21 18:45:08.000000000,18.33852714132058
2026-03-21 18:34:29.000000000,36.422493133028425
2026-03-21 18:52:29.000000000,6.774580582224308
2026-03-21 18:27:53.000000000,15.991167179178543
2026-03-21 18:24:11.000000000,19.151607278863022
2026-03-21 18:24:04.000000000,20.86481661718366
2026-03-21 18:53:18.000000000,21.201122641994704
2026-03-21 18:58:57.000000000,11.63119439987716
2026-03-21 18:48:47.000000000,32.17503836408067
2026-03-21 18:41:23.000000000,18.530947688214663
2026-03-21 18:58:01.000000000,19.254392147139253
2026-03-21 18:30:01.000000000,13.39398261801049
2026-03-21 18:52:12.000000000,12.711763765141315
2026-03-21 18:28:58.000000000,8.778710563292918
2026-03-21 18:36:21.000000000,40.62178913214337
2026-03-21 19:42:01.000000000,17.464014296527406
2026-03-21 19:24:31.000000000,11.578010033657804
2026-03-21 19:11:16.000000000,16.96499049715081
2026-03-21 19:05:40.000000000,23.882836901412873
2026-03-21 19:40:04.000000000,45.89777979805199
2026-03-21 19:58:51.000000000,17.301921608887685
2026-03-21 19:28:34.000000000,30.969673186808375
2026-03-21 19:22:59.000000000,60.14462100589325
2026-03-21 19:09:28.000000000,12.100547298981695
2026-03-21 19:46:07.000000000,13.050058524737242
2026-03-21 19:56:27.000000000,39.674559404174246
2026-03-21 19:59:07.000000000,12.025237419089475
2026-03-21 19:17:04.000000000,40.22400824807996
2026-03-21 20:55:48.000000000,5.798301023731218
2026-03-21 20:24:13.000000000,13.67445667495258
2026-03-21 20:04:38.000000000,40.32896273366452
2026-03-21 20:57:14.000000000,14.986253667872091
2026-03-21 20:17:34.000000000,12.622829593014295
2026-03-21 20:50:55.000000000,9.435913176561193
2026-03-21 20:23:15.000000000,21.678114935219536
2026-03-21 20:14:20.000000000,44.02096701047212
2026-03-21 20:02:43.000000000,8.022821877597362
2026-03-21 20:19:30.000000000,8.769917623898916
2026-03-21 20:13:36.000000000,19.50365298250824
2026-03-21 20:42:56.000000000,18.127346444125575
2026-03-21 20:05:26.000000000,12.930851951087067
2026-03-21 20:22:08.000000000,29.142122698476992
2026-03-21 20:18:39.000000000,16.083759241866584
2026-03-21 20:57:45.000000000,18.191047483359856
2026-03-21 20:14:56.000000000,16.068532464512195
2026-03-21 20:19:16.000000000,14.28260343229228
2026-03-21 20:30:45.000000000,9.8802218381688
2026-03-21 20:50:31.000000000,22.928654332375583
2026-03-21 20:36:17.000000000,16.556961739445978
2026-03-21 20:20:51.000000000,14.47779997955676
2026-03-21 20:06:26.000000000,15.197643499866007
2026-03-21 20:35:52.000000000,19.343514496759997
2026-03-21 20:43:00.000000000,16.631623672631346
2026-03-21 21:24:38.000000000,18.776745142970167
2026-03-21 21:29:40.000000000,9.989831239313041
2026-03-21 21:55:48.000000000,31.649504742867453
2026-03-21 21:30:49.000000000,15.537089839598622
2026-03-21 21:34:17.000000000,18.798916741870187
2026-03-21 21:07:15.000000000,24.31118480261952
2026-03-21 21:09:30.000000000,38.894337044772264
2026-03-21 21:28:13.000000000,22.98657440555725
2026-03-21 21:44:10.000000000,22.551341910423087
2026-03-21 21:52:03.000000000,55.78551184960866
2026-03-21 21:45:04.000000000,6.5754594774924
2026-03-21 21:54:58.000000000,9.947412491176724
2026-03-21 21:50:08.000000000,30.811890197083148
2026-03-21 21:09:03.000000000,19.256218364193305
2026-03-21 21:30:45.000000000,28.961624945692773
2026-03-21 21:37:10.000000000,16.05091132516113
2026-03-21 21:44:11.000000000,15.867243808300014
2026-03-21 22:40:05.000000000,45.02730055697468
2026-03-21 22:58:51.000000000,9.002723986985302
2026-03-21 22:33:57.000000000,32.94423719586949
2026-03-21 22:07:58.000000000,19.296051485417482
2026-03-21 22:21:56.000000000,34.82186984119365
2026-03-21 22:51:27.000000000,21.625250186222846
2026-03-21 22:20:19.000000000,24.940441812408164
2026-03-21 22:55:57.000000000,11.277541928076982
2026-03-21 22:51:30.000000000,8.731748158492596
2026-03-21 22:02:35.000000000,18.227647192751515
2026-03-21 22:36:54.000000000,19.0157758585077
2026-03-21 22:55:41.000000000,40.8425529474037
2026-03-21 22:13:04.000000000,23.46994941773713
2026-03-21 22:27:27.000000000,23.207960175802786
2026-03-21 22:30:20.000000000,31.133542596132312
2026-03-21 22:25:48.000000000,12.39881562761266
2026-03-21 22:49:00.000000000,37.52139387011914
2026-03-21 22:42:54.000000000,9.889910447654579
2026-03-21 22:14:36.000000000,31.953250330197402
2026-03-21 23:51:18.000000000,20.616940660561593
2026-03-21 23:20:18.000000000,25.144526658022773
2026-03-21 23:22:22.000000000,36.38798022652262
2026-03-21 23:54:34.000000000,44.452308891688084
2026-03-21 23:16:31.000000000,45.613059961628814
2026-03-21 23:57:37.000000000,79.10226586126663
2026-03-21 23:23:31.000000000,32.12763892592207
2026-03-21 23:13:48.000000000,35.82512841253038
2026-03-21 23:06:51.000000000,47.86847396173121
2026-03-21 23:20:03.000000000,22.22829500153058
2026-03-21 23:56:25.000000000,11.126726432218476
2026-03-21 23:03:47.000000000,24.45504288033344
2026-03-21 23:39:15.000000000,13.946336032674857
2026-03-21 23:38:36.000000000,20.65496922363974
2026-03-21 23:20:08.000000000,8.500321304737486
2026-03-21 23:10:40.000000000,31.52338354033368
2026-03-21 23:53:26.000000000,42.88691036150929
2026-03-21 23:05:00.000000000,22.06858331921677
2026-03-21 23:53:51.000000000,64.04954570164186
2026-03-21 23:27:02.000000000,73.07557713267914
2026-03-21 23:50:49.000000000,53.550880105528385
2026-03-22 00:46:49.000000000,18.554299998343307
2026-03-22 00:06:22.000000000,50.1607926903346
2026-03-22 00:21:43.000000000,11.617557776742572
2026-03-22 00:18:15.000000000,33.10810887959119
2026-03-22 00:24:39.000000000,24.729090390380303
2026-03-22 00:42:38.000000000,11.080290005100725
2026-03-22 00:30:04.000000000,74.40254658939944
2026-03-22 00:07:02.000000000,41.522380500355204
2026-03-22 00:41:54.000000000,39.45713837688661
2026-03-22 00:10:33.000000000,25.993136769786656
2026-03-22 00:46:17.000000000,8.4227851837069
2026-03-22 00:07:37.000000000,13.62027133588002
2026-03-22 00:14:02.000000000,58.595890462445375
2026-03-22 00:00:51.000000000,26.45571799145444
2026-03-22 00:33:53.000000000,30.30631860751557
2026-03-22 00:48:28.000000000,45.638348087185946
2026-03-22 00:08:24.000000000,51.420262386045316
2026-03-22 00:08:23.000000000,20.72131328350903
2026-03-22 00:10:05.000000000,13.475267029164812
2026-03-22 00:10:04.000000000,9.366494225594614
2026-03-22 00:55:09.000000000,17.99400874945501
2026-03-22 01:27:34.000000000,12.872317024971661
2026-03-22 01:39:48.000000000,6.1422907654680845
2026-03-22 01:28:53.000000000,12.305779641805824
2026-03-22 01:17:32.000000000,28.453252296178743
2026-03-22 01:59:49.000000000,67.88491797180696
2026-03-22 01:03:46.000000000,8.163973720782945
2026-03-22 01:00:51.000000000,16.787266237076924
2026-03-22 01:17:00.000000000,26.035252408226814
2026-03-22 01:28:37.000000000,16.000824562451033
2026-03-22 01:18:30.000000000,10.089706576192984
2026-03-22 01:49:31.000000000,43.883400804653675
2026-03-22 01:30:02.000000000,20.522156341657183
2026-03-22 01:23:41.000000000,41.40313344168212
2026-03-22 01:40:05.000000000,10.865558658575143
2026-03-22 02:26:35.000000000,19.26477589480619
2026-03-22 02:24:42.000000000,11.768540434545741
2026-03-22 02:47:25.000000000,61.661387353528475
2026-03-22 02:31:42.000000000,43.60535713314916
2026-03-22 02:17:08.000000000,29.69983346838499
2026-03-22 02:50:29.000000000,117.04958353730326
2026-03-22 02:00:10.000000000,6.918899018796277
2026-03-22 02:35:10.000000000,24.466448758710694
2026-03-22 02:16:03.000000000,99.86519113569693
2026-03-22 02:40:14.000000000,35.7130878566756
2026-03-22 02:46:48.000000000,31.816456218567758
2026-03-22 02:12:17.000000000,6.7788507712384405
2026-03-22 02:53:19.000000000,20.09732361049844
2026-03-22 02:55:22.000000000,20.15901030405806
2026-03-22 03:35:08.000000000,19.572266377684638
2026-03-22 03:46:41.000000000,29.10261658286728
2026-03-22 03:07:16.000000000,45.02381480469709
2026-03-22 03:06:14.000000000,42.5037272172647
2026-03-22 03:07:40.000000000,12.053637894200122
2026-03-22 03:13:14.000000000,16.142235424859216
2026-03-22 03:28:02.000000000,30.59894442107078
2026-03-22 03:03:05.000000000,21.273812873786685
2026-03-22 03:11:29.000000000,29.94876687066667
2026-03-22 04:45:08.000000000,64.30092744803886
2026-03-22 04:50:55.000000000,12.728944474613932
2026-03-22 04:20:37.000000000,17.036283530170532
2026-03-22 04:05:34.000000000,44.68953242417024
2026-03-22 04:09:35.000000000,45.8129908441441
2026-03-22 04:45:10.000000000,46.929475281285285
2026-03-22 05:54:00.000000000,27.29976027144156
2026-03-22 05:08:00.000000000,30.351363547951504
2026-03-22 05:38:53.000000000,9.372154957303437
2026-03-22 05:16:46.000000000,16.79573589699835
2026-03-22 05:34:22.000000000,24.58348925099892
2026-03-22 05:10:34.000000000,46.710163153357136
2026-03-22 06:04:10.000000000,26.797541695356042
2026-03-22 06:36:04.000000000,31.15977194257659
2026-03-22 07:34:59.000000000,7.7333191742466045
2026-03-22 07:31:15.000000000,9.279615902983629
2026-03-22 07:55:17.000000000,21.594801110810675
2026-03-22 07:12:19.000000000,86.23522762932154
2026-03-22 07:51:57.000000000,7.663853134425568
2026-03-22 07:22:31.000000000,40.271976084595856
2026-03-22 08:42:17.000000000,24.398742094452583
2026-03-22 08:42:12.000000000,12.766492013659867
2026-03-22 08:34:11.000000000,98.22859984950412
2026-03-22 08:02:05.000000000,11.844389625100506
2026-03-22 08:18:23.000000000,26.723584889798495
2026-03-22 08:49:25.000000000,10.208104115656731
2026-03-22 09:23:23.000000000,13.551936268166607
2026-03-22 09:54:37.000000000,11.79046293338396
2026-03-22 09:42:46.000000000,14.07145485069686
2026-03-22 09:51:01.000000000,16.99592044893919
2026-03-22 09:22:42.000000000,12.404472610883772
2026-03-22 09:05:02.000000000,15.74697351048286
2026-03-22 09:39:36.000000000,12.601151617004053
2026-03-22 09:06:56.000000000,13.793208779987662
2026-03-22 09:36:57.000000000,34.820887720212994
2026-03-22 10:01:10.000000000,25.980721328690958
2026-03-22 10:21:52.000000000,18.889518069772972
2026-03-22 10:14:28.000000000,27.861360191909487
2026-03-22 10:41:15.000000000,22.5997758868336
2026-03-22 10:24:15.000000000,14.640178129594506
2026-03-22 10:38:30.000000000,22.975010588794124
2026-03-22 10:12:36.000000000,9.839880632047237
2026-03-22 10:37:50.000000000,10.127012674261785
2026-03-22 10:46:49.000000000,2.0938786044217883
2026-03-22 11:44:02.000000000,37.721409268240244
2026-03-22 11:04:29.000000000,8.755397969292794
2026-03-22 11:11:54.000000000,20.83739920635359
2026-03-22 11:48:21.000000000,9.932866703259766
2026-03-22 11:45:12.000000000,14.550114458233015
2026-03-22 11:58:30.000000000,26.08080605045536
2026-03-22 11:35:24.000000000,13.926006495545867
2026-03-22 11:57:32.000000000,14.799496261943371
2026-03-22 11:29:55.000000000,68.49282444307086
2026-03-22 11:50:17.000000000,8.59485134544541
2026-03-22 11:10:21.000000000,16.727466145464362
2026-03-22 11:51:12.000000000,8.988059252775784
2026-03-22 11:18:59.000000000,13.334121180785058
2026-03-22 11:55:39.000000000,15.584843275010925
2026-03-22 11:44:37.000000000,16.880424369657522
2026-03-22 11:17:11.000000000,8.616823664713092
2026-03-22 12:08:55.000000000,28.24726835940937
2026-03-22 12:41:28.000000000,74.58177716065416
2026-03-22 12:56:17.000000000,13.07054920250403
2026-03-22 12:09:36.000000000,25.865386565460586
2026-03-22 12:20:32.000000000,24.613568968289616
2026-03-22 12:33:50.000000000,113.99868601374422
2026-03-22 12:27:41.000000000,56.00680412987435
2026-03-22 12:35:33.000000000,33.58465844006442
2026-03-22 12:51:27.000000000,12.206891125438702
2026-03-22 12:27:11.000000000,17.57800086117656
2026-03-22 12:21:04.000000000,22.844559165435943
2026-03-22 12:00:32.000000000,16.146520992967282
2026-03-22 12:03:42.000000000,47.58644288758361
2026-03-22 12:41:20.000000000,18.303156547066838
2026-03-22 12:46:11.000000000,34.80182016108542
2026-03-22 12:00:38.000000000,47.30891571678789
2026-03-22 12:04:36.000000000,31.153150168931553
2026-03-22 13:20:50.000000000,11.011472077977302
2026-03-22 13:34:00.000000000,28.51454378693934
2026-03-22 13:24:20.000000000,26.39557425791353
2026-03-22 13:56:18.000000000,44.24905900663823
2026-03-22 13:19:12.000000000,13.17243270877798
2026-03-22 13:45:02.000000000,11.305962588057866
2026-03-22 13:33:12.000000000,15.07152081456272
2026-03-22 13:39:04.000000000,15.294222637618006
2026-03-22 13:48:47.000000000,10.006424058683887
2026-03-22 13:59:24.000000000,34.78915122157944
2026-03-22 13:07:33.000000000,47.076201581225824
2026-03-22 14:25:33.000000000,13.340395775365181
2026-03-22 14:12:40.000000000,17.723959503225732
2026-03-22 14:29:26.000000000,15.701470461707991
2026-03-22 14:20:05.000000000,8.676248192794212
2026-03-22 14:32:16.000000000,50.96452517279247
2026-03-22 14:04:08.000000000,21.337828272799904
2026-03-22 14:20:56.000000000,81.6925901207854
2026-03-22 14:04:23.000000000,14.69811459080318
2026-03-22 14:57:27.000000000,62.57899285640516
2026-03-22 14:07:50.000000000,19.68194976245793
2026-03-22 14:28:41.000000000,23.271756443378518
2026-03-22 14:18:35.000000000,25.505918240379845
2026-03-22 14:36:17.000000000,17.497520773231944
2026-03-22 15:33:58.000000000,21.447150502656637
2026-03-22 15:24:41.000000000,19.924445488223004
2026-03-22 15:49:04.000000000,27.391303592153076
2026-03-22 15:38:32.000000000,13.153929890220436
2026-03-22 15:41:13.000000000,46.8846964801082
2026-03-22 15:27:45.000000000,12.622106679214294
2026-03-22 15:01:48.000000000,11.848284315798143
2026-03-22 15:14:05.000000000,14.620317760817407
2026-03-22 15:04:20.000000000,21.534422379066587
2026-03-22 15:06:38.000000000,25.158986913770953
2026-03-22 15:49:52.000000000,69.32720458019327
2026-03-22 15:17:47.000000000,37.95202299303037
2026-03-22 15:26:23.000000000,13.528256144991492
2026-03-22 16:52:09.000000000,11.153883538292584
2026-03-22 16:48:28.000000000,17.122210451116505
2026-03-22 16:51:56.000000000,8.846247490951257
2026-03-22 16:00:04.000000000,29.422832459713046
2026-03-22 16:06:13.000000000,106.54139758227109
2026-03-22 16:29:58.000000000,15.172421804039278
2026-03-22 16:06:30.000000000,33.51510033954072
2026-03-22 16:56:13.000000000,23.811978449867286
2026-03-22 16:51:33.000000000,13.387572478228915
2026-03-22 16:52:19.000000000,16.48455773080129
2026-03-22 16:48:20.000000000,34.9538348436782
2026-03-22 16:00:03.000000000,13.287185799658022
2026-03-22 16:53:42.000000000,8.829142766323422
2026-03-22 16:04:57.000000000,73.38684198908481
2026-03-22 16:57:33.000000000,24.50364866304729
2026-03-22 16:27:53.000000000,18.203550872063264
2026-03-22 16:54:42.000000000,17.487017211724673
2026-03-22 16:20:37.000000000,26.54020216385184
2026-03-22 17:41:41.000000000,24.767923296029064
2026-03-22 17:51:56.000000000,40.28712658767618
2026-03-22 17:56:41.000000000,13.826034424791317
2026-03-22 17:35:23.000000000,51.45172004543192
2026-03-22 17:47:34.000000000,20.985625890049338
2026-03-22 17:18:50.000000000,7.796943861923095
2026-03-22 17:04:11.000000000,19.226494440726196
2026-03-22 17:48:58.000000000,30.29683033290721
2026-03-22 17:34:40.000000000,28.19944850495622
2026-03-22 17:10:10.000000000,21.484349051663965
2026-03-22 17:59:06.000000000,11.75389600629536
2026-03-22 17:05:10.000000000,23.86524693539689
2026-03-22 17:32:41.000000000,18.588852509281327
2026-03-22 18:14:16.000000000,17.45263108268123
2026-03-22 18:13:46.000000000,9.188101634671163
2026-03-22 18:35:04.000000000,17.65776373641651
2026-03-22 18:34:58.000000000,26.304894099815645
2026-03-22 18:08:02.000000000,29.45916961128334
2026-03-22 18:59:12.000000000,13.04234393221623
2026-03-22 18:46:45.000000000,12.204682678799166
2026-03-22 18:12:00.000000000,22.531865281312502
2026-03-22 18:36:54.000000000,10.987281029995216
2026-03-22 18:27:50.000000000,48.25475963023531
2026-03-22 18:33:59.000000000,15.590707363148507
2026-03-22 18:08:20.000000000,20.379666490192154
2026-03-22 18:48:25.000000000,27.720845736515916
2026-03-22 18:11:35.000000000,26.940905783062686
2026-03-22 19:58:33.000000000,30.151908235182663
2026-03-22 19:58:29.000000000,8.150764215289556
2026-03-22 19:03:04.000000000,18.31434494483449
2026-03-22 19:43:28.000000000,26.90254035269136
2026-03-22 19:33:50.000000000,44.153165134425244
2026-03-22 19:50:50.000000000,51.49031956184185
2026-03-22 19:40:22.000000000,17.95746181996
2026-03-22 19:35:09.000000000,28.79889524726863
2026-03-22 19:59:40.000000000,13.3123509044521
2026-03-22 19:28:01.000000000,53.527501170353354
2026-03-22 19:57:51.000000000,25.466775578302343
2026-03-22 20:33:06.000000000,18.092994865015132
2026-03-22 20:21:17.000000000,15.999017082228011
2026-03-22 20:05:13.000000000,21.105239862281284
2026-03-22 20:03:30.000000000,20.811782861474168
2026-03-22 20:58:29.000000000,49.679468094051
2026-03-22 20:58:26.000000000,10.905085546808813
2026-03-22 20:43:36.000000000,18.745923181690184
2026-03-22 20:44:05.000000000,12.067045080726178
2026-03-22 20:52:52.000000000,35.37625434217278
2026-03-22 20:30:56.000000000,12.521841532990774
2026-03-22 20:05:54.000000000,13.615860251823843
2026-03-22 20:43:34.000000000,25.726584791229488
2026-03-22 20:58:15.000000000,19.50346756028865
2026-03-22 20:49:19.000000000,13.568546322081069
2026-03-22 20:39:50.000000000,10.580335816701947
2026-03-22 20:08:05.000000000,15.21753466502063
2026-03-22 20:36:48.000000000,11.224054735383508
2026-03-22 21:21:27.000000000,13.581838230118471
2026-03-22 21:43:54.000000000,19.988224837008705
2026-03-22 21:18:14.000000000,6.104650885480382
2026-03-22 21:50:58.000000000,29.746142694086128
2026-03-22 21:32:20.000000000,15.28529269807294
2026-03-22 21:41:20.000000000,32.53328847264436
2026-03-22 21:09:37.000000000,33.18939421360727
2026-03-22 21:33:51.000000000,38.518865887581775
2026-03-22 21:49:43.000000000,34.91100514264674
2026-03-22 21:01:38.000000000,25.91199485519242
2026-03-22 21:56:21.000000000,11.73745601354684
2026-03-22 21:50:26.000000000,14.077160560802653
2026-03-22 21:03:06.000000000,14.785343819743652
2026-03-22 21:30:09.000000000,7.5860884075588775
2026-03-22 21:04:01.000000000,16.123821401243088
2026-03-22 21:08:01.000000000,49.26422362323596
2026-03-22 22:05:51.000000000,8.525916811167534
2026-03-22 22:10:49.000000000,18.580540119677426
2026-03-22 22:03:22.000000000,42.17574314874195
2026-03-22 22:46:23.000000000,91.17313041298509
2026-03-22 22:08:21.000000000,111.13012787361869
2026-03-22 22:02:33.000000000,13.700735856003963
2026-03-22 22:08:15.000000000,31.56985300388563
2026-03-22 22:40:15.000000000,23.11671494728535
2026-03-22 22:17:10.000000000,47.787032733854986
2026-03-22 22:27:26.000000000,46.524221084039795
2026-03-22 22:42:00.000000000,43.73784726500488
2026-03-22 22:24:51.000000000,27.408690951459636
2026-03-22 22:11:04.000000000,13.730047499066664
2026-03-22 22:04:39.000000000,30.30221692244393
2026-03-22 23:58:47.000000000,24.52374616076032
2026-03-22 23:26:57.000000000,5.88343206089932
2026-03-22 23:28:42.000000000,8.226671654208264
2026-03-22 23:04:48.000000000,12.815174960111921
2026-03-22 23:49:06.000000000,17.105713774499097
2026-03-22 23:57:09.000000000,17.17699482556078
2026-03-22 23:26:26.000000000,10.836073495105367
2026-03-22 23:45:49.000000000,15.013840426071798
2026-03-22 23:46:55.000000000,69.5236778001601
2026-03-22 23:09:18.000000000,36.15726467281141
2026-03-23 00:45:26.000000000,28.392052498579144
2026-03-23 00:55:18.000000000,38.5757163340056
2026-03-23 00:16:01.000000000,8.307240180841816
2026-03-23 00:05:54.000000000,28.344697778406402
2026-03-23 00:14:32.000000000,18.734839819342053
2026-03-23 00:05:33.000000000,27.065168872430494
2026-03-23 00:46:44.000000000,10.855125743958666
2026-03-23 01:45:17.000000000,20.919232276432055
2026-03-23 01:14:08.000000000,20.690528850938225
2026-03-23 01:12:35.000000000,22.311607781908744
2026-03-23 01:29:10.000000000,22.771625127527788
2026-03-23 01:40:10.000000000,75.04974656310686
2026-03-23 01:50:43.000000000,7.724162667462606
2026-03-23 01:40:09.000000000,59.04119639193957
2026-03-23 02:06:11.000000000,50.82804274526926
2026-03-23 03:51:42.000000000,62.77113398274864
2026-03-23 03:42:41.000000000,59.34552963211511
2026-03-23 03:34:00.000000000,26.598167419435942
2026-03-23 03:29:08.000000000,38.661604181478054
2026-03-23 03:08:30.000000000,29.962504401650154
2026-03-23 03:18:30.000000000,73.90623090446613
2026-03-23 03:22:05.000000000,8.908733882108013
2026-03-23 03:10:31.000000000,8.53308671901818
2026-03-23 04:42:33.000000000,15.155068879748203
2026-03-23 04:17:34.000000000,21.244669340404787
2026-03-23 04:28:18.000000000,13.577939520670899
2026-03-23 04:10:12.000000000,52.095305535127345
2026-03-23 04:52:42.000000000,104.39684838946553
2026-03-23 05:17:09.000000000,86.59941830901872
2026-03-23 05:59:20.000000000,44.9274206956604
2026-03-23 05:02:21.000000000,104.4762299949798
2026-03-23 05:56:43.000000000,9.95363651660627
2026-03-23 05:14:52.000000000,11.112561927969892
2026-03-23 05:36:40.000000000,25.837647605042733
2026-03-23 05:52:01.000000000,31.21981796150173
2026-03-23 05:40:42.000000000,10.400633510483463
2026-03-23 05:06:45.000000000,18.17482433614114
2026-03-23 05:56:27.000000000,39.20695399836425
2026-03-23 06:20:55.000000000,8.699994087099455
2026-03-23 06:55:07.000000000,20.53552788637413
2026-03-23 06:06:41.000000000,10.142972766212079
2026-03-23 06:43:49.000000000,13.328884028477287
2026-03-23 06:52:24.000000000,31.273862549445948
2026-03-23 06:32:35.000000000,27.48367330706579
2026-03-23 06:52:03.000000000,100.84504126828783
2026-03-23 06:40:50.000000000,10.902967372726863
2026-03-23 06:33:04.000000000,13.899483533401115
2026-03-23 07:10:38.000000000,89.52735168405981
2026-03-23 07:19:00.000000000,24.5727029745421
2026-03-23 07:40:00.000000000,85.56562135946362
2026-03-23 07:28:47.000000000,11.701304995764492
2026-03-23 07:43:48.000000000,24.228004058797882
2026-03-23 07:39:25.000000000,122.96895383947754
2026-03-23 07:48:33.000000000,14.560512576298361
2026-03-23 07:28:57.000000000,25.93817887030931
2026-03-23 07:07:53.000000000,13.811052531000037
2026-03-23 07:32:57.000000000,22.983873641326813
2026-03-23 07:21:19.000000000,49.31745759725974
2026-03-23 07:46:53.000000000,25.563034934613757
2026-03-23 07:36:00.000000000,16.352210837015168
2026-03-23 07:46:21.000000000,13.873507242476723
2026-03-23 07:05:23.000000000,12.602365288085863
2026-03-23 08:26:34.000000000,18.00912680551112
2026-03-23 08:30:00.000000000,36.01154262012607
2026-03-23 08:51:19.000000000,22.312597881802144
2026-03-23 08:55:07.000000000,14.204912087818897
2026-03-23 08:50:47.000000000,17.771598738713532
2026-03-23 08:34:56.000000000,51.906070774700254
2026-03-23 08:05:39.000000000,23.076933738669926
2026-03-23 08:50:15.000000000,12.40243156576362
2026-03-23 08:17:00.000000000,14.218807548531249
2026-03-23 08:22:38.000000000,7.5931809001785115
2026-03-23 08:46:37.000000000,21.144133176498176
2026-03-23 08:31:28.000000000,11.445010053426621
2026-03-23 08:55:10.000000000,11.879581015594265
2026-03-23 08:07:53.000000000,69.97461444383106
2026-03-23 08:52:24.000000000,16.23404755761814
2026-03-23 08:34:14.000000000,105.9747269065452
2026-03-23 08:29:03.000000000,24.686712623949436
2026-03-23 08:48:18.000000000,16.188252215021464
2026-03-23 09:00:03.000000000,29.882870153171762
2026-03-23 09:09:17.000000000,27.359026520201493
2026-03-23 09:56:34.000000000,7.297403744543363
2026-03-23 09:19:54.000000000,36.570110319432295
2026-03-23 09:20:00.000000000,16.16583775409937
2026-03-23 09:52:14.000000000,9.590398815753435
2026-03-23 09:17:56.000000000,17.82985286025259
2026-03-23 09:02:08.000000000,22.286893688603836
2026-03-23 09:49:19.000000000,12.891546202906689
2026-03-23 09:58:28.000000000,35.94635822328006
2026-03-23 09:02:48.000000000,14.210321635534868
2026-03-23 09:17:10.000000000,7.983772923713678
2026-03-23 09:45:45.000000000,9.065382035939002
2026-03-23 09:53:06.000000000,8.978419596957668
2026-03-23 09:03:52.000000000,30.53824180980701
2026-03-23 09:42:57.000000000,28.123570677507047
2026-03-23 09:15:20.000000000,31.008578624166855
2026-03-23 09:56:54.000000000,8.843090750266644
2026-03-23 09:34:03.000000000,12.414896707471502
2026-03-23 10:10:24.000000000,45.252680022899185
2026-03-23 10:08:01.000000000,13.305175630279646
2026-03-23 10:44:19.000000000,14.169414362716637
2026-03-23 10:16:48.000000000,13.750917801433413
2026-03-23 10:59:11.000000000,11.721589343289487
2026-03-23 10:02:49.000000000,23.244650093245642
2026-03-23 10:04:16.000000000,29.508771075817204
2026-03-23 10:56:24.000000000,37.12473356658851
2026-03-23 10:03:49.000000000,44.91929104797263
2026-03-23 11:22:37.000000000,27.554458410572433
2026-03-23 11:10:28.000000000,15.254024305369342
2026-03-23 11:06:13.000000000,6.4890794623900625
2026-03-23 11:17:23.000000000,21.100184381830513
2026-03-23 11:55:54.000000000,14.050830539564792
2026-03-23 11:38:15.000000000,67.86846981738404
2026-03-23 11:07:37.000000000,18.705174958850915
2026-03-23 11:12:31.000000000,84.94295995634184
2026-03-23 11:50:46.000000000,34.81940249413095
2026-03-23 12:57:43.000000000,23.61702625401775
2026-03-23 12:58:35.000000000,19.65825132753649
2026-03-23 12:18:59.000000000,13.094689577126008
2026-03-23 12:24:58.000000000,31.83241037918774
2026-03-23 12:18:46.000000000,26.789599655028727
2026-03-23 12:39:02.000000000,17.355790552400013
2026-03-23 12:59:09.000000000,5.758569103424865
2026-03-23 12:53:54.000000000,12.756383742513297
2026-03-23 12:02:22.000000000,30.51851163505213
2026-03-23 12:21:27.000000000,27.38429684170311
2026-03-23 12:24:30.000000000,37.09610796277757
2026-03-23 12:11:03.000000000,15.107647272780977
2026-03-23 13:47:03.000000000,72.6471402345811
2026-03-23 13:35:18.000000000,23.95963675812671
2026-03-23 13:48:13.000000000,9.148113116907073
2026-03-23 13:16:32.000000000,89.77842409730663
2026-03-23 13:17:34.000000000,33.31119222390031
2026-03-23 13:37:05.000000000,81.86231952825965
2026-03-23 13:10:28.000000000,12.267016983567174
2026-03-23 13:34:48.000000000,17.117932811230165
2026-03-23 13:10:00.000000000,29.246948043291948
2026-03-23 13:55:57.000000000,19.086073218403502
2026-03-23 13:57:31.000000000,10.261657243823823
2026-03-23 13:17:54.000000000,6.3413817557235
2026-03-23 13:53:15.000000000,60.12075761768326
2026-03-23 13:43:35.000000000,18.189701181281805
2026-03-23 14:19:16.000000000,12.9186145189707
2026-03-23 14:25:46.000000000,17.828602620084094
2026-03-23 14:55:52.000000000,7.024808321628491
2026-03-23 14:44:21.000000000,13.702649503246956
2026-03-23 14:35:44.000000000,37.82637762217663
2026-03-23 14:24:18.000000000,74.88489331876416
2026-03-23 14:45:03.000000000,52.003538715902586
2026-03-23 14:56:31.000000000,18.389092453433445
2026-03-23 14:07:46.000000000,13.139245578745577
2026-03-23 14:06:09.000000000,102.51332436016192
2026-03-23 14:21:07.000000000,8.348273376130823
2026-03-23 14:49:15.000000000,14.435853796185512
2026-03-23 14:48:43.000000000,36.10103515086176
2026-03-23 14:21:00.000000000,71.37518152071074
2026-03-23 14:40:08.000000000,13.487075116666801
2026-03-23 14:57:33.000000000,22.10746546395283
2026-03-23 14:19:35.000000000,12.398009526754453
2026-03-23 14:16:02.000000000,19.465229726172954
2026-03-23 14:03:23.000000000,10.391976714126525
2026-03-23 15:10:21.000000000,17.484475811822232
2026-03-23 15:12:46.000000000,12.403082616460875
2026-03-23 15:26:10.000000000,17.760077976453655
2026-03-23 15:27:22.000000000,36.89730638750041
2026-03-23 15:07:36.000000000,11.759939086250217
2026-03-23 15:13:03.000000000,7.280255445410383
2026-03-23 15:18:35.000000000,92.02671572289894
2026-03-23 15:14:36.000000000,21.677983241507892
2026-03-23 15:14:00.000000000,135.5213601430026
2026-03-23 15:31:06.000000000,15.834029725326456
2026-03-23 15:44:01.000000000,30.18499497726813
2026-03-23 15:53:55.000000000,18.541727734413033
2026-03-23 15:51:34.000000000,7.564199131475213
2026-03-23 15:50:49.000000000,9.088220011288755
2026-03-23 15:26:53.000000000,7.813167992728426
2026-03-23 15:29:43.000000000,10.904765536743518
2026-03-23 16:01:58.000000000,36.46631267929427
2026-03-23 16:41:26.000000000,9.571409749410236
2026-03-23 16:44:16.000000000,36.70391944275783
2026-03-23 16:47:10.000000000,19.7458342171558
2026-03-23 16:44:39.000000000,57.2591710812578
2026-03-23 16:25:13.000000000,7.837657593162806
2026-03-23 16:04:03.000000000,24.691734348362406
2026-03-23 16:40:24.000000000,6.954281413876086
2026-03-23 16:58:49.000000000,7.4488561705207665
2026-03-23 16:03:12.000000000,21.209501072971683
2026-03-23 16:11:35.000000000,7.770629308790614
2026-03-23 16:39:35.000000000,8.27040106276785
2026-03-23 16:23:05.000000000,36.152245127987975
2026-03-23 16:04:14.000000000,33.013430772258296
2026-03-23 16:11:12.000000000,31.59021713245698
2026-03-23 16:00:18.000000000,16.286672508364763
2026-03-23 17:31:24.000000000,17.93644383906602
2026-03-23 17:36:48.000000000,15.968330003325033
2026-03-23 17:45:25.000000000,17.242484341990423
2026-03-23 17:14:45.000000000,45.13603640944929
2026-03-23 17:02:03.000000000,11.368835106770394
2026-03-23 17:09:07.000000000,11.06494428728044
2026-03-23 17:22:18.000000000,34.29564815257067
2026-03-23 17:46:32.000000000,23.36175256059347
2026-03-23 17:47:40.000000000,6.063917319510409
2026-03-23 17:12:01.000000000,10.83029718227154
2026-03-23 17:24:15.000000000,27.058814791065583
2026-03-23 17:47:44.000000000,21.943875113785943
2026-03-23 17:40:00.000000000,15.533339725771384
2026-03-23 17:15:24.000000000,51.06876895961768
2026-03-23 18:53:19.000000000,6.1324240564391275
2026-03-23 18:12:08.000000000,11.277058587247499
2026-03-23 18:42:59.000000000,42.879309580801326
2026-03-23 18:44:52.000000000,24.316524870652426
2026-03-23 18:35:38.000000000,16.41931001972736
2026-03-23 18:30:50.000000000,8.618470320653909
2026-03-23 18:18:58.000000000,18.181207226247903
2026-03-23 18:06:40.000000000,12.834727309833251
2026-03-23 18:04:16.000000000,45.81738837923778
2026-03-23 18:16:21.000000000,12.165104708571423
2026-03-23 18:50:53.000000000,26.27512879067903
2026-03-23 18:44:29.000000000,14.97440396968852
2026-03-23 18:33:54.000000000,14.035007879158783
2026-03-23 18:14:08.000000000,17.944657630645107
2026-03-23 18:45:13.000000000,50.0145621001797
2026-03-23 18:14:38.000000000,8.61618939342782
2026-03-23 18:05:51.000000000,15.119906826238896
2026-03-23 18:34:18.000000000,20.878685755239626
2026-03-23 18:26:04.000000000,16.038539556324153
2026-03-23 19:32:56.000000000,11.404853082529293
2026-03-23 19:25:40.000000000,12.8096978668489
2026-03-23 19:56:33.000000000,45.59731054271367
2026-03-23 19:06:46.000000000,13.79429887715531
2026-03-23 19:02:53.000000000,14.716781262618198
2026-03-23 19:35:11.000000000,27.370743033153
2026-03-23 19:05:24.000000000,28.263911789042407
2026-03-23 19:47:52.000000000,23.394059886731473
2026-03-23 19:07:43.000000000,14.337848333238586
2026-03-23 19:56:31.000000000,24.597204132894507
2026-03-23 19:36:06.000000000,12.25956830717546
2026-03-23 19:57:58.000000000,20.007111689115934
2026-03-23 19:07:31.000000000,26.57369136316324
2026-03-23 19:11:41.000000000,23.99136056945194
2026-03-23 20:57:25.000000000,33.952849970883285
2026-03-23 20:32:50.000000000,61.016611732267954
2026-03-23 20:43:03.000000000,23.35729597877621
2026-03-23 20:17:19.000000000,26.749704262447782
2026-03-23 20:46:32.000000000,17.10257009659514
2026-03-23 20:43:01.000000000,13.442739870274124
2026-03-23 20:10:50.000000000,29.769688437059482
2026-03-23 20:07:57.000000000,17.211834245507152
2026-03-23 20:25:59.000000000,10.628181232307785
2026-03-23 20:56:05.000000000,17.1622353148602
2026-03-23 20:39:16.000000000,19.796221838838814
2026-03-23 20:15:21.000000000,7.548752507127517
2026-03-23 20:51:46.000000000,14.337211421611663
2026-03-23 20:21:59.000000000,21.46013237100366
2026-03-23 20:09:18.000000000,9.259516941205579
2026-03-23 20:05:21.000000000,7.885382204107021
2026-03-23 20:17:52.000000000,50.33517640983619
2026-03-23 20:45:02.000000000,61.99716989011913
2026-03-23 20:02:06.000000000,85.15157517580757
2026-03-23 21:12:56.000000000,16.826512830099478
2026-03-23 21:01:03.000000000,7.8510738792451775
2026-03-23 21:27:00.000000000,29.28637313724253
2026-03-23 21:55:16.000000000,11.316396735862593
2026-03-23 21:42:03.000000000,26.12007617904567
2026-03-23 21:45:05.000000000,166.46195609720652
2026-03-23 21:02:10.000000000,20.376448315713194
2026-03-23 22:12:35.000000000,12.538088855956257
2026-03-23 22:05:16.000000000,11.736416829936584
2026-03-23 22:12:27.000000000,13.995722814068905
2026-03-23 22:33:15.000000000,9.269523763019453
2026-03-23 22:53:00.000000000,9.433537006197081
2026-03-23 22:31:34.000000000,8.78739862492331
2026-03-23 22:26:33.000000000,32.102653415869575
2026-03-23 23:25:23.000000000,12.095427134674807
2026-03-23 23:03:29.000000000,107.33865635225345
2026-03-23 23:45:05.000000000,20.624813538824117
2026-03-23 23:06:48.000000000,13.69289596982755
2026-03-23 23:58:13.000000000,63.1750298233467
2026-03-24 00:36:26.000000000,36.23620161008137
2026-03-24 00:23:18.000000000,8.721815792911428
2026-03-24 00:12:48.000000000,16.309064886762922
2026-03-24 00:47:38.000000000,70.54409630915379
2026-03-24 00:56:44.000000000,24.739848135089783
2026-03-24 00:18:32.000000000,48.981894327574935
2026-03-24 01:23:27.000000000,8.935375910786437
2026-03-24 01:22:47.000000000,62.42267634971684
2026-03-24 01:08:20.000000000,98.19778604536694
2026-03-24 01:09:21.000000000,96.38699654962919
2026-03-24 01:10:03.000000000,9.291952719167387
2026-03-24 02:06:54.000000000,14.952740471157817
2026-03-24 02:42:55.000000000,33.12649532194562
2026-03-24 02:46:03.000000000,9.782740375251912
2026-03-24 03:42:15.000000000,11.930207116716101
2026-03-24 03:43:13.000000000,67.77292202579679
2026-03-24 04:54:38.000000000,7.445453351794914
2026-03-24 04:54:20.000000000,9.299138788306763
2026-03-24 04:02:22.000000000,17.666112502243575
2026-03-24 04:09:09.000000000,49.62120564977709
2026-03-24 05:42:02.000000000,23.354747273296812
2026-03-24 05:02:44.000000000,59.05160559933173
2026-03-24 05:32:32.000000000,139.13270676897193
2026-03-24 05:55:37.000000000,24.53440695393871
2026-03-24 05:59:18.000000000,9.950762076579828
2026-03-24 05:58:30.000000000,8.82998272580452
2026-03-24 05:16:15.000000000,75.85400629809776
2026-03-24 06:44:54.000000000,10.848976183387293
2026-03-24 06:35:00.000000000,16.205307618894032
2026-03-24 06:07:16.000000000,12.79899619911594
2026-03-24 06:16:09.000000000,15.130781669363255
2026-03-24 06:48:03.000000000,23.803965280287887
2026-03-24 06:34:14.000000000,9.935900407664224
2026-03-24 06:33:20.000000000,23.50895893274043
2026-03-24 06:50:22.000000000,12.150287674740472
2026-03-24 07:54:30.000000000,32.76322960489512
2026-03-24 07:30:54.000000000,38.66531934077542
2026-03-24 07:45:26.000000000,26.232673655485957
2026-03-24 07:55:50.000000000,12.435945328704335
2026-03-24 07:55:51.000000000,26.122015056152815
2026-03-24 07:36:10.000000000,37.774608395648805
2026-03-24 07:49:09.000000000,10.374266168860487
2026-03-24 07:29:38.000000000,15.135868148927813
2026-03-24 07:56:56.000000000,178.24710821707046
2026-03-24 07:37:09.000000000,27.631800873698587
2026-03-24 07:22:26.000000000,32.990346770082155
2026-03-24 07:53:45.000000000,11.910661509390621
2026-03-24 08:22:29.000000000,38.0567083214875
2026-03-24 08:29:47.000000000,7.259196241546572
2026-03-24 08:17:45.000000000,9.928188693941447
2026-03-24 08:24:13.000000000,18.770601628793
2026-03-24 08:50:58.000000000,79.34361353004297
2026-03-24 08:12:58.000000000,21.41037987441081
2026-03-24 08:16:35.000000000,45.313002372645244
2026-03-24 08:49:06.000000000,37.88847927285596
2026-03-24 08:55:25.000000000,33.46923502238318
2026-03-24 08:08:55.000000000,30.491612295767798
2026-03-24 08:21:35.000000000,27.774340508120172
2026-03-24 08:42:34.000000000,15.722937263765889
2026-03-24 08:05:45.000000000,8.368366735840546
2026-03-24 08:14:55.000000000,29.440955145927862
2026-03-24 08:20:55.000000000,8.972342757204764
2026-03-24 08:38:21.000000000,28.0022363175142
2026-03-24 08:54:16.000000000,27.563179764021466
2026-03-24 08:39:02.000000000,25.3792848593854
2026-03-24 08:14:44.000000000,10.319558518045774
2026-03-24 08:14:28.000000000,6.803939682734066
2026-03-24 08:00:25.000000000,12.604724931971827
2026-03-24 08:54:22.000000000,38.59705986304122
2026-03-24 08:56:49.000000000,15.904435978195952
2026-03-24 08:09:45.000000000,12.311705828097619
2026-03-24 08:56:24.000000000,11.209561943324868
2026-03-24 09:17:52.000000000,12.776875980297028
2026-03-24 09:10:58.000000000,25.629839677886597
2026-03-24 09:32:18.000000000,10.43831326314093
2026-03-24 09:52:46.000000000,22.434631226216293
2026-03-24 09:54:41.000000000,16.067082336682557
2026-03-24 09:38:37.000000000,10.705378514194514
2026-03-24 09:37:55.000000000,94.48790637343917
2026-03-24 09:09:29.000000000,14.81063944873683
2026-03-24 09:38:33.000000000,14.60686528637136
2026-03-24 09:45:25.000000000,9.834384191904984
2026-03-24 09:43:52.000000000,11.16777431997357
2026-03-24 09:59:05.000000000,42.12557939450073
2026-03-24 09:26:44.000000000,46.086189466290286
2026-03-24 09:46:47.000000000,39.1301353304235
2026-03-24 09:05:10.000000000,29.38901812332806
2026-03-24 09:05:48.000000000,9.762151477773457
2026-03-24 09:33:38.000000000,26.45818613544596
2026-03-24 09:00:28.000000000,60.76582543830142
2026-03-24 09:23:52.000000000,6.9220069533559965
2026-03-24 10:55:05.000000000,23.215020998469303
2026-03-24 10:23:44.000000000,35.95822801935026
2026-03-24 10:12:20.000000000,34.79030396003596
2026-03-24 10:01:08.000000000,10.004377359214146
2026-03-24 10:03:10.000000000,68.8149818207718
2026-03-24 10:28:53.000000000,14.854288878330532
2026-03-24 10:07:34.000000000,14.486207857455266
2026-03-24 10:16:05.000000000,8.875780360222334
2026-03-24 10:07:03.000000000,27.22310461602549
2026-03-24 10:08:25.000000000,17.51053273083232
2026-03-24 10:48:26.000000000,7.728891231832848
2026-03-24 10:58:24.000000000,15.270312140088588
2026-03-24 10:40:57.000000000,21.087356534057275
2026-03-24 11:12:19.000000000,24.278942779557372
2026-03-24 11:50:15.000000000,19.797983073314388
2026-03-24 11:08:26.000000000,13.331515591117501
2026-03-24 11:58:11.000000000,9.961003603699144
2026-03-24 11:20:12.000000000,31.762697291831135
2026-03-24 11:55:51.000000000,22.02075444307247
2026-03-24 11:06:03.000000000,40.39097954786829
2026-03-24 11:54:17.000000000,23.01827902200838
2026-03-24 11:17:25.000000000,19.504074882443977
2026-03-24 12:59:30.000000000,66.20198427319016
2026-03-24 12:13:57.000000000,43.1897474332603
2026-03-24 12:01:54.000000000,86.55967639672775
2026-03-24 12:04:24.000000000,11.75571164020785
2026-03-24 12:17:58.000000000,26.690373241939955
2026-03-24 12:42:30.000000000,26.13519096575197
2026-03-24 12:53:20.000000000,12.573681201527538
2026-03-24 13:37:03.000000000,26.708490451830915
2026-03-24 13:18:17.000000000,13.94639370821066
2026-03-24 13:38:21.000000000,29.717060110140668
2026-03-24 13:26:45.000000000,25.78295260499866
2026-03-24 13:29:51.000000000,44.91853797113223
2026-03-24 13:35:59.000000000,74.63866208235993
2026-03-24 13:22:25.000000000,22.92201440618103
2026-03-24 13:22:22.000000000,16.317956932707684
2026-03-24 13:45:25.000000000,173.3186122672259
2026-03-24 13:50:20.000000000,9.282771434212776
2026-03-24 13:41:10.000000000,29.604307702467377
2026-03-24 13:11:30.000000000,13.1348791547287
2026-03-24 13:17:11.000000000,34.42421185417226
2026-03-24 14:15:25.000000000,31.050542762417276
2026-03-24 14:53:13.000000000,26.990441500343653
2026-03-24 14:43:11.000000000,81.12233069204963
2026-03-24 14:57:06.000000000,10.8229829181941
2026-03-24 14:23:05.000000000,13.529065604740829
2026-03-24 14:46:22.000000000,9.088722754872457
2026-03-24 14:08:40.000000000,15.138923257172543
2026-03-24 14:10:20.000000000,23.771695855796874
2026-03-24 14:34:31.000000000,48.95436168076064
2026-03-24 15:53:29.000000000,12.029365428586324
2026-03-24 15:36:08.000000000,26.34105008230875
2026-03-24 15:09:55.000000000,64.15235360318397
2026-03-24 15:40:15.000000000,35.29490205297571
2026-03-24 15:08:42.000000000,21.644068056244645
2026-03-24 15:40:46.000000000,17.678497780072643
2026-03-24 15:16:15.000000000,38.30146335918982
2026-03-24 15:29:25.000000000,7.486107157115301
2026-03-24 15:10:28.000000000,23.16228189440916
2026-03-24 15:45:30.000000000,11.677978748627893
2026-03-24 15:09:52.000000000,9.455925659352538
2026-03-24 15:36:14.000000000,13.230646156014025
2026-03-24 15:28:18.000000000,14.639118176941594
2026-03-24 15:31:18.000000000,45.803221821186675
2026-03-24 15:27:32.000000000,30.2590292177056
2026-03-24 15:09:48.000000000,37.90523122087999
2026-03-24 15:58:15.000000000,41.29478604030162
2026-03-24 16:39:01.000000000,27.710649546881665
2026-03-24 16:45:52.000000000,22.93870344931597
2026-03-24 16:07:08.000000000,9.139734118823139
2026-03-24 16:18:26.000000000,14.69676114965964
2026-03-24 16:52:12.000000000,24.470943428947134
2026-03-24 16:07:56.000000000,18.83434877296367
2026-03-24 16:55:06.000000000,43.213635742132475
2026-03-24 16:04:19.000000000,13.280282257424172
2026-03-24 16:10:34.000000000,44.30624087623486
2026-03-24 16:19:30.000000000,25.828027525417305
2026-03-24 16:16:02.000000000,41.767176215950364
2026-03-24 16:48:58.000000000,28.100850161231786
2026-03-24 16:31:28.000000000,26.71982886275997
2026-03-24 17:39:58.000000000,14.509365171517342
2026-03-24 17:44:28.000000000,21.38464629527701
2026-03-24 17:25:52.000000000,32.479023967594294
2026-03-24 17:49:54.000000000,32.63639330999675
2026-03-24 17:13:53.000000000,33.4537318649618
2026-03-24 17:48:15.000000000,8.190825129405674
2026-03-24 17:20:07.000000000,8.157223051349039
2026-03-24 17:27:00.000000000,63.757415357842454
2026-03-24 17:04:11.000000000,68.28062608610267
2026-03-24 17:05:15.000000000,19.623265734306276
2026-03-24 17:39:14.000000000,21.753478714142066
2026-03-24 17:32:51.000000000,16.554644736151456
2026-03-24 17:22:39.000000000,43.993978299961164
2026-03-24 17:46:47.000000000,59.5767605399225
2026-03-24 17:34:50.000000000,26.711140850488906
2026-03-24 17:50:25.000000000,30.601216615301897
2026-03-24 17:09:54.000000000,15.060276394014387
2026-03-24 17:00:43.000000000,23.094155998430587
2026-03-24 17:18:41.000000000,9.977138001636394
2026-03-24 18:32:46.000000000,49.26066557077313
2026-03-24 18:46:12.000000000,10.279514958715747
2026-03-24 18:42:09.000000000,18.217225282974514
2026-03-24 18:02:14.000000000,19.625359715599277
2026-03-24 18:47:00.000000000,20.526040973232266
2026-03-24 18:30:10.000000000,32.191770514886464
2026-03-24 18:01:53.000000000,23.126504431739885
2026-03-24 18:32:02.000000000,7.46270555482006
2026-03-24 18:19:00.000000000,9.593987693669959
2026-03-24 18:10:43.000000000,45.52264708262869
2026-03-24 18:56:43.000000000,29.263907200613122
2026-03-24 18:10:36.000000000,9.498921324918697
2026-03-24 18:08:24.000000000,13.592631515445554
2026-03-24 18:26:00.000000000,15.285280181391379
2026-03-24 18:02:51.000000000,143.235218360897
2026-03-24 18:47:50.000000000,15.90698585482998
2026-03-24 18:02:04.000000000,11.382700095487742
2026-03-24 19:29:45.000000000,15.113336090074984
2026-03-24 19:50:03.000000000,15.46688131203302
2026-03-24 19:57:10.000000000,7.2629667316796045
2026-03-24 19:07:17.000000000,23.859753115292452
2026-03-24 19:06:40.000000000,24.242658337505237
2026-03-24 19:01:36.000000000,12.660837800738399
2026-03-24 19:13:15.000000000,50.886611978778184
2026-03-24 19:32:54.000000000,41.097646812657295
2026-03-24 19:03:35.000000000,38.949744947744
2026-03-24 19:55:29.000000000,11.067899212871236
2026-03-24 19:21:32.000000000,26.92995850606712
2026-03-24 20:48:54.000000000,8.005162148555666
2026-03-24 20:53:06.000000000,42.00900573308969
2026-03-24 20:04:00.000000000,30.23284211690436
2026-03-24 20:50:57.000000000,5.387282517006637
2026-03-24 20:23:49.000000000,9.458470235143526
2026-03-24 20:54:51.000000000,54.663225331081286
2026-03-24 20:45:01.000000000,18.454398830966095
2026-03-24 20:44:55.000000000,33.74211509513716
2026-03-24 20:36:45.000000000,22.392621879729834
2026-03-24 20:07:03.000000000,49.21791562803558
2026-03-24 20:50:10.000000000,55.73526756765097
2026-03-24 20:21:51.000000000,3.474158497232022
2026-03-24 20:56:01.000000000,21.888264987401346
2026-03-24 20:41:56.000000000,12.860040300056255
2026-03-24 20:09:01.000000000,13.98974736392439
2026-03-24 21:24:35.000000000,21.689435569320946
2026-03-24 21:14:38.000000000,44.43793028854042
2026-03-24 21:36:33.000000000,24.74964800253939
2026-03-24 21:12:42.000000000,56.96330446487443
2026-03-24 21:45:37.000000000,8.031784815672172
2026-03-24 21:58:41.000000000,12.456002855929412
2026-03-24 21:32:39.000000000,71.67238112063627
2026-03-24 21:44:22.000000000,15.955538769075364
2026-03-24 21:00:24.000000000,12.171184929404887
2026-03-24 21:54:01.000000000,38.10434137284856
2026-03-24 21:58:52.000000000,52.15965491489464
2026-03-24 21:41:30.000000000,31.538006598867998
2026-03-24 21:21:00.000000000,58.59563262931268
2026-03-24 21:50:35.000000000,13.13639377483809
2026-03-24 21:27:29.000000000,12.04592390401108
2026-03-24 22:46:41.000000000,15.668639679440808
2026-03-24 22:20:48.000000000,161.87974735734352
2026-03-24 22:09:58.000000000,10.44161690992393
2026-03-24 22:40:09.000000000,23.330466963059248
2026-03-24 22:51:05.000000000,36.154934540145696
2026-03-24 22:06:31.000000000,11.50760772529662
2026-03-24 22:09:49.000000000,53.615265876288035
2026-03-24 22:10:19.000000000,11.555475809298589
2026-03-24 22:14:00.000000000,10.277485104557996
2026-03-24 22:27:03.000000000,93.77318618876075
2026-03-24 22:15:02.000000000,19.035042207009223
2026-03-24 22:16:58.000000000,9.158425841316468
2026-03-24 22:56:49.000000000,14.472996607966522
2026-03-24 22:23:35.000000000,21.958049466345553
2026-03-24 22:02:10.000000000,7.627613261096281
2026-03-24 23:49:00.000000000,9.252229488455118
2026-03-24 23:15:35.000000000,6.448601358152155
2026-03-24 23:38:53.000000000,9.6062564746444
2026-03-24 23:50:59.000000000,11.485981067086836
2026-03-24 23:08:30.000000000,29.07860751940493
2026-03-24 23:42:52.000000000,18.86178795291849
2026-03-24 23:56:19.000000000,9.170985090706722
2026-03-24 23:06:05.000000000,105.30111486369732
2026-03-24 23:59:05.000000000,10.103174070659584
2026-03-24 23:25:52.000000000,9.918056731608342
2026-03-24 23:23:24.000000000,17.6641158064846
2026-03-24 23:10:23.000000000,82.19445036919241
2026-03-25 00:13:39.000000000,30.84623895016684
2026-03-25 00:49:44.000000000,19.62375586833708
2026-03-25 00:56:58.000000000,23.08614319029193
2026-03-25 00:40:44.000000000,22.69766196440718
2026-03-25 00:05:52.000000000,13.94340248618509
2026-03-25 00:20:04.000000000,27.97891426366479
2026-03-25 00:10:33.000000000,12.137994717741222
2026-03-25 00:00:22.000000000,18.33261674528607
2026-03-25 00:44:03.000000000,8.769886800597686
2026-03-25 01:06:11.000000000,23.609452983089273
2026-03-25 01:42:00.000000000,8.588021671251543
2026-03-25 01:13:11.000000000,15.551204070208186
2026-03-25 01:43:57.000000000,78.26533564045371
2026-03-25 02:16:12.000000000,96.26634999404969
2026-03-25 02:01:05.000000000,29.41817755060774
2026-03-25 02:13:15.000000000,16.47657531161457
2026-03-25 02:59:34.000000000,53.17273821644521
2026-03-25 02:34:41.000000000,44.07596780471124
2026-03-25 03:21:47.000000000,40.47415073521294
2026-03-25 03:15:11.000000000,15.65067565425403
2026-03-25 03:11:34.000000000,68.92752111453161
2026-03-25 03:03:31.000000000,47.25409422714107
2026-03-25 04:46:16.000000000,18.36619682371749
2026-03-25 04:20:10.000000000,56.481487643919834
2026-03-25 04:39:35.000000000,9.301262079969717
2026-03-25 04:53:05.000000000,30.96350802986871
2026-03-25 04:33:35.000000000,24.537067832617655
2026-03-25 04:27:27.000000000,11.122304213367933
2026-03-25 05:38:55.000000000,21.237373973054577
2026-03-25 05:55:54.000000000,43.0654197874462
2026-03-25 05:59:19.000000000,23.748279404522744
2026-03-25 06:47:09.000000000,31.099921580564686
2026-03-25 06:59:17.000000000,104.55369326904739
2026-03-25 06:59:28.000000000,8.917254697964388
2026-03-25 06:24:41.000000000,16.55908824302293
2026-03-25 06:23:33.000000000,18.202782073989294
2026-03-25 06:24:56.000000000,57.89248032672567
2026-03-25 06:04:09.000000000,74.60356127503441
2026-03-25 06:55:27.000000000,14.556897834720203
2026-03-25 06:45:45.000000000,65.98878433894724
2026-03-25 06:43:53.000000000,28.099118968238404
2026-03-25 06:52:31.000000000,20.08145333822174
2026-03-25 06:01:33.000000000,13.600503270569199
2026-03-25 07:53:00.000000000,12.223537023522276
2026-03-25 07:19:13.000000000,12.800467721404047
2026-03-25 07:45:08.000000000,22.29081064083292
2026-03-25 07:48:49.000000000,25.56518481826812
2026-03-25 07:53:40.000000000,63.573211136918935
2026-03-25 07:00:09.000000000,11.66413233819003
2026-03-25 07:35:07.000000000,22.59550595296368
2026-03-25 07:17:12.000000000,9.751791809981576
2026-03-25 07:27:37.000000000,15.642722996706514
2026-03-25 07:46:10.000000000,10.517975521768044
2026-03-25 07:46:09.000000000,135.89868149825924
2026-03-25 07:54:03.000000000,47.16968335536115
2026-03-25 07:00:41.000000000,11.300851945753951
2026-03-25 07:29:10.000000000,8.42652902144053
2026-03-25 07:53:50.000000000,32.79855832751626
2026-03-25 08:24:42.000000000,22.688767717340053
2026-03-25 08:47:34.000000000,22.87309235960962
2026-03-25 08:30:20.000000000,15.723245915525968
2026-03-25 08:56:33.000000000,12.372052054776752
2026-03-25 08:40:10.000000000,21.73409675539501
2026-03-25 08:12:58.000000000,15.364836849958532
2026-03-25 08:58:05.000000000,11.280088861545199
2026-03-25 08:14:37.000000000,16.811260977154443
2026-03-25 08:03:11.000000000,13.35778840897131
2026-03-25 08:18:18.000000000,16.410048445255867
2026-03-25 08:25:54.000000000,6.484682743099859
2026-03-25 08:56:31.000000000,9.277255259023423
2026-03-25 08:33:37.000000000,24.61765445945633
2026-03-25 08:07:36.000000000,23.222094490747704
2026-03-25 08:05:33.000000000,30.62172829223557
2026-03-25 08:00:40.000000000,13.20419986173879
2026-03-25 08:29:21.000000000,27.286595955520294
2026-03-25 08:14:18.000000000,10.475246071280676
2026-03-25 08:09:00.000000000,20.69234416058393
2026-03-25 08:23:28.000000000,28.083220667719477
2026-03-25 08:53:20.000000000,12.696689417000965
2026-03-25 09:32:46.000000000,10.82069030338787
2026-03-25 09:58:55.000000000,29.820281636233393
2026-03-25 09:59:17.000000000,10.12949176908322
2026-03-25 09:59:04.000000000,14.578538334778198
2026-03-25 09:32:50.000000000,119.83763930917013
2026-03-25 09:15:31.000000000,17.68009029433257
2026-03-25 09:58:12.000000000,25.055718628942802
2026-03-25 09:52:44.000000000,9.536418472491807
2026-03-25 09:10:26.000000000,37.80756117076643
2026-03-25 09:28:05.000000000,29.33993719374986
2026-03-25 09:31:36.000000000,24.5354214083408
2026-03-25 09:19:04.000000000,56.040304930411935
2026-03-25 09:29:54.000000000,23.668640419351124
2026-03-25 09:06:01.000000000,62.16488940860803
2026-03-25 09:50:25.000000000,65.49044538747559
2026-03-25 09:18:27.000000000,31.055504636707642
2026-03-25 09:49:14.000000000,27.159034626387108
2026-03-25 10:50:57.000000000,35.450366800466696
2026-03-25 10:59:34.000000000,15.28075065453502
2026-03-25 10:39:21.000000000,35.940449858927444
2026-03-25 10:46:36.000000000,20.528970653500874
2026-03-25 10:14:06.000000000,20.062115953661934
2026-03-25 10:24:44.000000000,12.133836077392353
2026-03-25 10:45:16.000000000,8.440702694977762
2026-03-25 10:55:45.000000000,30.255845335991143
2026-03-25 10:33:13.000000000,31.487075140532713
2026-03-25 10:31:59.000000000,50.33636232814026
2026-03-25 10:56:32.000000000,108.42222743178787
2026-03-25 10:49:48.000000000,15.474848743807502
2026-03-25 10:14:57.000000000,8.842140358357248
2026-03-25 10:13:20.000000000,34.65591948770467
2026-03-25 11:58:21.000000000,29.678674581409634
2026-03-25 11:30:24.000000000,19.49480134935899
2026-03-25 11:35:30.000000000,19.70421493913052
2026-03-25 11:05:08.000000000,17.680518997310493
2026-03-25 11:39:02.000000000,60.68598809184366
2026-03-25 11:36:16.000000000,9.568554911884384
2026-03-25 11:49:41.000000000,17.087825486563982
2026-03-25 11:20:35.000000000,16.843999805053972
2026-03-25 11:13:01.000000000,47.74312870533367
2026-03-25 11:40:49.000000000,121.85148745270038
2026-03-25 11:50:23.000000000,155.70332464600688
2026-03-25 12:22:35.000000000,44.012952304461585
2026-03-25 12:04:17.000000000,40.15485444657194
2026-03-25 12:23:57.000000000,45.026428190451064
2026-03-25 12:22:15.000000000,58.18601745113462
2026-03-25 12:15:57.000000000,34.45156678849291
2026-03-25 12:57:13.000000000,36.42442520669898
2026-03-25 12:51:14.000000000,12.317764912362954
2026-03-25 12:45:04.000000000,8.338428208712397
2026-03-25 12:58:50.000000000,8.522450583420238
2026-03-25 12:18:10.000000000,9.096411205587938
2026-03-25 12:52:30.000000000,25.09378597040192
2026-03-25 12:26:46.000000000,27.79158299922946
2026-03-25 12:08:15.000000000,44.58025291451353
2026-03-25 12:46:16.000000000,236.64566380108
2026-03-25 12:48:43.000000000,23.536710256844344
2026-03-25 12:43:43.000000000,22.25182373885396
2026-03-25 12:31:20.000000000,29.23713243659257
2026-03-25 13:29:30.000000000,12.937938433855145
2026-03-25 13:15:11.000000000,12.287821485649811
2026-03-25 13:17:49.000000000,55.534180085629906
2026-03-25 13:11:05.000000000,79.31277597307823
2026-03-25 13:13:35.000000000,9.724165400918064
2026-03-25 13:36:28.000000000,9.709932630744461
2026-03-25 13:19:44.000000000,93.83165798569475
2026-03-25 13:50:31.000000000,44.899093711379216
2026-03-25 13:48:57.000000000,19.805080794224008
2026-03-25 13:40:11.000000000,52.88703719302327
2026-03-25 13:07:27.000000000,15.730433897625563
2026-03-25 13:46:23.000000000,19.417229480003723
2026-03-25 13:01:36.000000000,16.042202746399987
2026-03-25 13:19:06.000000000,20.937579639156514
2026-03-25 14:53:59.000000000,14.396150512933716
2026-03-25 14:46:03.000000000,58.596608612101676
2026-03-25 14:36:48.000000000,36.616551055687786
2026-03-25 14:38:31.000000000,27.667471319902095
2026-03-25 14:57:52.000000000,8.894173683437472
2026-03-25 14:54:30.000000000,17.47945463467202
2026-03-25 14:37:50.000000000,62.734943706259564
2026-03-25 14:09:05.000000000,19.213556484719124
2026-03-25 14:23:46.000000000,10.492397729951005
2026-03-25 14:11:58.000000000,19.699525112936062
2026-03-25 14:09:32.000000000,9.894580045412326
2026-03-25 14:01:46.000000000,59.47212887367078
2026-03-25 14:01:32.000000000,8.132549981616693
2026-03-25 15:54:52.000000000,8.919523965177053
2026-03-25 15:26:15.000000000,22.13618621069317
2026-03-25 15:55:10.000000000,67.18722291202316
2026-03-25 15:26:48.000000000,40.42962399058755
2026-03-25 15:17:23.000000000,26.735153904207127
2026-03-25 15:09:51.000000000,13.57856488259981
2026-03-25 15:17:20.000000000,65.64253494416374
2026-03-25 15:24:21.000000000,14.699039021658617
2026-03-25 15:50:56.000000000,10.375277241404522
2026-03-25 15:37:11.000000000,28.465224632692095
2026-03-25 15:02:41.000000000,51.712415120117235
2026-03-25 15:20:38.000000000,26.18867895581397
2026-03-25 15:04:48.000000000,6.981231289387017
2026-03-25 15:24:38.000000000,17.924099589897406
2026-03-25 16:29:07.000000000,18.811771602427132
2026-03-25 16:46:25.000000000,19.46170409891732
2026-03-25 16:20:08.000000000,11.11489897716708
2026-03-25 16:42:10.000000000,55.40241926742139
2026-03-25 16:07:00.000000000,128.9917586913749
2026-03-25 16:49:04.000000000,16.696490918456863
2026-03-25 16:08:05.000000000,38.417282237002446
2026-03-25 16:34:23.000000000,40.60602519416283
2026-03-25 16:08:28.000000000,23.533488243584035
2026-03-25 16:52:33.000000000,22.91867383208593
2026-03-25 16:02:18.000000000,30.872837450187316
2026-03-25 16:45:07.000000000,338.20863153895255
2026-03-25 16:12:38.000000000,53.44728308100651
2026-03-25 16:16:24.000000000,41.75647684678444
2026-03-25 16:04:46.000000000,54.19029549825353
2026-03-25 16:30:31.000000000,9.80888756209152
2026-03-25 16:09:38.000000000,26.013442635903477
2026-03-25 17:28:47.000000000,25.187337175752173
2026-03-25 17:32:27.000000000,54.747774707921344
2026-03-25 17:37:31.000000000,8.71144495226747
2026-03-25 17:32:19.000000000,14.190404307235212
2026-03-25 17:44:01.000000000,15.176133426303721
2026-03-25 17:10:22.000000000,11.029866206545368
2026-03-25 17:30:42.000000000,11.922777657865335
2026-03-25 17:28:51.000000000,20.479078463723187
2026-03-25 17:06:16.000000000,23.076374015294714
2026-03-25 17:59:06.000000000,30.259388830031615
2026-03-25 17:26:30.000000000,120.30034687790774
2026-03-25 17:18:12.000000000,8.95433052672303
2026-03-25 17:03:29.000000000,11.953548758179831
2026-03-25 17:58:03.000000000,31.512685513184255
2026-03-25 17:19:09.000000000,22.16270102404823
2026-03-25 17:58:11.000000000,11.600174501979772
2026-03-25 17:45:09.000000000,9.04595455135793
2026-03-25 18:43:36.000000000,17.913064873125617
2026-03-25 18:23:29.000000000,36.630261638355805
2026-03-25 18:52:45.000000000,29.051073065150756
2026-03-25 18:09:41.000000000,38.585354312826716
2026-03-25 18:21:50.000000000,99.30985453357157
2026-03-25 18:39:33.000000000,19.926494016066886
2026-03-25 18:26:42.000000000,64.48575518854544
2026-03-25 18:22:40.000000000,10.52579360131028
2026-03-25 18:45:36.000000000,47.93874777592283
2026-03-25 18:11:18.000000000,99.18107802056457
2026-03-25 18:47:10.000000000,10.087023580814517
2026-03-25 18:06:40.000000000,6.199710305019815
2026-03-25 18:28:19.000000000,19.70866812173637
2026-03-25 18:52:56.000000000,15.98298476140095
2026-03-25 18:59:07.000000000,20.9733209879179
2026-03-25 18:12:53.000000000,14.085418116845869
2026-03-25 19:12:28.000000000,14.761101734994895
2026-03-25 19:32:21.000000000,27.551862092652268
2026-03-25 19:38:22.000000000,6.3233818195226545
2026-03-25 19:50:41.000000000,14.563334058538238
2026-03-25 19:06:22.000000000,14.477298423692478
2026-03-25 19:16:31.000000000,31.881241136077026
2026-03-25 19:13:48.000000000,7.722395567125028
2026-03-25 19:11:20.000000000,27.19488653658247
2026-03-25 19:11:37.000000000,15.792994762697713
2026-03-25 19:11:03.000000000,7.940918722196605
2026-03-25 19:36:15.000000000,12.066674625810478
2026-03-25 19:44:12.000000000,11.531805729971225
2026-03-25 19:38:37.000000000,33.906272012116354
2026-03-25 19:16:44.000000000,29.35481292459026
2026-03-25 19:20:05.000000000,14.391959846454071
2026-03-25 19:25:12.000000000,11.510347336268453
2026-03-25 20:23:27.000000000,69.11799717993186
2026-03-25 20:02:25.000000000,73.11954810636075
2026-03-25 20:36:14.000000000,26.5210298851346
2026-03-25 20:26:15.000000000,8.96742538880611
2026-03-25 20:35:22.000000000,12.778396082073758
2026-03-25 20:02:31.000000000,30.954017690406065
2026-03-25 20:22:16.000000000,12.330916802232933
2026-03-25 20:41:40.000000000,59.585044076083086
2026-03-25 20:32:22.000000000,41.29994388604971
2026-03-25 20:01:46.000000000,7.131084821037206
2026-03-25 20:44:15.000000000,7.568004813351262
2026-03-25 20:20:56.000000000,39.86490466237283
2026-03-25 20:16:12.000000000,13.216813736791863
2026-03-25 20:05:18.000000000,10.734386377357175
2026-03-25 21:50:39.000000000,70.52693995447606
2026-03-25 21:33:32.000000000,29.554878648275963
2026-03-25 21:12:59.000000000,94.10775169548442
2026-03-25 21:04:13.000000000,16.63850246869848
2026-03-25 21:34:00.000000000,17.821652923424814
2026-03-25 21:16:08.000000000,12.410872305045604
2026-03-25 21:14:05.000000000,12.41810337735129
2026-03-25 21:26:21.000000000,30.324352538490967
2026-03-25 21:05:50.000000000,28.82670657763254
2026-03-25 21:34:26.000000000,51.55298632106189
2026-03-25 22:45:03.000000000,30.50712473866302
2026-03-25 22:43:47.000000000,29.348436627681174
2026-03-25 22:39:57.000000000,15.684928421737286
2026-03-25 22:06:01.000000000,45.87046201830044
2026-03-25 22:16:13.000000000,13.764137563484208
2026-03-25 22:03:23.000000000,9.877664134577131
2026-03-25 22:52:10.000000000,67.11370864734995
2026-03-25 22:56:39.000000000,27.434634849087377
2026-03-25 22:23:52.000000000,19.150631071715406
2026-03-25 22:25:03.000000000,16.008236719901944
2026-03-25 22:55:17.000000000,16.134360523975086
2026-03-25 22:35:52.000000000,14.023874183167653
2026-03-25 22:45:18.000000000,29.74207657284502
2026-03-25 22:42:58.000000000,23.671824997711635
2026-03-25 22:05:21.000000000,31.194893192459475
2026-03-25 22:18:55.000000000,18.56996442102049
2026-03-25 22:44:36.000000000,7.0809676213233566
2026-03-25 23:05:23.000000000,64.18828811623015
2026-03-25 23:21:58.000000000,8.777957994967757
2026-03-25 23:29:55.000000000,13.558514329285668
2026-03-25 23:40:56.000000000,32.155782326941285
2026-03-25 23:27:38.000000000,11.20255075429331
2026-03-26 00:21:06.000000000,16.091577620566387
2026-03-26 00:57:21.000000000,20.365942325433775
2026-03-26 00:56:42.000000000,6.639786531639222
2026-03-26 00:22:58.000000000,22.155069433739104
2026-03-26 00:20:51.000000000,6.11108361819694
2026-03-26 00:15:08.000000000,27.496631256400025
2026-03-26 00:53:41.000000000,19.635681692905028
2026-03-26 00:52:42.000000000,9.576863879087984
2026-03-26 00:07:58.000000000,12.33937143947232
2026-03-26 00:16:13.000000000,7.528723994689152
2026-03-26 01:01:33.000000000,12.949246904063816
2026-03-26 01:40:10.000000000,26.85286081536312
2026-03-26 01:33:39.000000000,30.48222209654092
2026-03-26 01:06:04.000000000,15.339507795922898
2026-03-26 01:27:17.000000000,21.311229737556534
2026-03-26 01:39:54.000000000,51.286791671897824
2026-03-26 01:07:31.000000000,41.829019828905295
2026-03-26 01:58:58.000000000,137.04515516962465
2026-03-26 02:50:49.000000000,22.139870910997143
2026-03-26 02:51:29.000000000,25.658696997228066
2026-03-26 02:54:55.000000000,54.6090636209424
2026-03-26 03:58:32.000000000,48.60075224459842
2026-03-26 03:32:50.000000000,10.441979055174048
2026-03-26 03:07:22.000000000,12.849462871496723
2026-03-26 03:48:50.000000000,14.491646730390823
2026-03-26 04:37:48.000000000,53.50804685351698
2026-03-26 04:41:23.000000000,14.634262772789121
2026-03-26 04:07:50.000000000,34.32974567631401
2026-03-26 05:28:46.000000000,18.240276211385638
2026-03-26 05:19:31.000000000,12.424733186859868
2026-03-26 05:12:28.000000000,126.22902408554384
2026-03-26 05:19:45.000000000,18.37794280895235
2026-03-26 05:10:04.000000000,34.695293969293054
2026-03-26 06:43:00.000000000,11.581275361456509
2026-03-26 06:08:42.000000000,8.919635702517244
2026-03-26 06:52:30.000000000,92.05479991668574
2026-03-26 06:46:23.000000000,6.1169885632367365
2026-03-26 06:43:19.000000000,15.429594926065274
2026-03-26 06:08:35.000000000,8.717226131668696
2026-03-26 06:38:04.000000000,13.833588531168175
2026-03-26 06:35:32.000000000,27.488382649508253
2026-03-26 06:34:17.000000000,32.325196509617
2026-03-26 07:09:24.000000000,21.968978392269673
2026-03-26 07:14:22.000000000,19.193114443323665
2026-03-26 07:33:55.000000000,34.08789888542194
2026-03-26 07:20:10.000000000,13.11817185872162
2026-03-26 07:25:37.000000000,19.732809636072485
2026-03-26 07:43:30.000000000,15.545224963054217
2026-03-26 07:04:58.000000000,21.021007105429565
2026-03-26 07:33:46.000000000,7.351301021575006
2026-03-26 07:21:27.000000000,35.60748640340964
2026-03-26 07:31:25.000000000,72.31798978182883
2026-03-26 07:31:00.000000000,63.549729903291585
2026-03-26 07:53:30.000000000,29.534925645572034
2026-03-26 07:30:44.000000000,70.10057677771468
2026-03-26 07:12:25.000000000,32.74688789092184
2026-03-26 07:57:33.000000000,27.732808964664375
2026-03-26 07:59:51.000000000,103.29241887007696
2026-03-26 07:50:47.000000000,43.830152605882326
2026-03-26 07:23:58.000000000,27.16610528395734
2026-03-26 07:21:24.000000000,20.213008726647164
2026-03-26 07:33:44.000000000,12.975807756116957
2026-03-26 08:30:01.000000000,39.748872327150174
2026-03-26 08:15:28.000000000,10.753233518391049
2026-03-26 08:49:25.000000000,28.949612535286267
2026-03-26 08:26:29.000000000,13.864951216048585
2026-03-26 08:27:04.000000000,32.10755683402073
2026-03-26 08:45:27.000000000,5.74259242473013
2026-03-26 08:36:16.000000000,13.501209024776788
2026-03-26 08:02:36.000000000,26.414793053037673
2026-03-26 08:21:27.000000000,136.19504248393565
2026-03-26 08:03:32.000000000,23.934582303093396
2026-03-26 08:44:46.000000000,26.198189172305018
2026-03-26 08:43:30.000000000,35.42480592233111
2026-03-26 08:32:52.000000000,12.47552633555399
2026-03-26 08:41:03.000000000,8.84926161674808
2026-03-26 08:16:30.000000000,18.37904049508931
2026-03-26 08:40:33.000000000,13.886066853092572
2026-03-26 08:29:49.000000000,32.60289597019874
2026-03-26 08:46:54.000000000,26.479272133689175
2026-03-26 08:28:38.000000000,25.7019887699217
2026-03-26 08:27:02.000000000,13.825809353743772
2026-03-26 08:07:36.000000000,18.87764986888858
2026-03-26 08:14:19.000000000,12.093328455167288
2026-03-26 08:42:41.000000000,6.687656990907394
2026-03-26 08:10:14.000000000,36.379314967747966
2026-03-26 08:40:47.000000000,23.028708335569835
2026-03-26 09:01:54.000000000,81.93493593823167
2026-03-26 09:12:38.000000000,73.24509084911794
2026-03-26 09:53:55.000000000,16.381662890159337
2026-03-26 09:31:26.000000000,18.545418901086126
2026-03-26 09:11:02.000000000,17.92003084945901
2026-03-26 09:23:22.000000000,14.971529643695195
2026-03-26 09:23:03.000000000,59.24249372288562
2026-03-26 09:28:42.000000000,15.633747131515573
2026-03-26 09:09:16.000000000,99.77529526954147
2026-03-26 09:23:06.000000000,9.443867792582278
2026-03-26 09:47:43.000000000,11.821248365411947
2026-03-26 09:07:25.000000000,26.82385290276767
2026-03-26 09:16:19.000000000,37.189366656354615
2026-03-26 09:42:11.000000000,10.054754554959477
2026-03-26 09:06:23.000000000,12.016788344669983
2026-03-26 09:39:30.000000000,17.191176277560498
2026-03-26 09:10:34.000000000,12.814932755230274
2026-03-26 09:16:05.000000000,9.074548306868756
2026-03-26 10:57:36.000000000,34.070089448881994
2026-03-26 10:01:16.000000000,31.42628746044932
2026-03-26 10:50:55.000000000,124.46356725423522
2026-03-26 10:57:51.000000000,12.767976428873677
2026-03-26 10:14:57.000000000,19.086176921133156
2026-03-26 10:21:35.000000000,24.626210587130256
2026-03-26 10:56:48.000000000,42.68310089481439
2026-03-26 10:33:28.000000000,76.47700934679295
2026-03-26 10:15:24.000000000,37.0834251987773
2026-03-26 10:18:34.000000000,32.021760314184625
2026-03-26 10:22:59.000000000,99.59331440401827
2026-03-26 10:09:15.000000000,9.556180195624279
2026-03-26 10:04:11.000000000,10.023703637138826
2026-03-26 10:00:14.000000000,18.674183434725467
2026-03-26 11:40:40.000000000,22.985192323344084
2026-03-26 11:49:10.000000000,9.105829031730224
2026-03-26 11:32:10.000000000,17.76166374919374
2026-03-26 11:32:37.000000000,85.96426594307448
2026-03-26 11:52:19.000000000,18.399693893723114
2026-03-26 11:19:20.000000000,12.72848249168256
2026-03-26 11:32:56.000000000,124.22594095394105
2026-03-26 11:21:28.000000000,11.09681852999364
2026-03-26 11:21:51.000000000,13.559348857040465
2026-03-26 11:13:34.000000000,7.04947287596049
2026-03-26 11:53:53.000000000,12.374115965571562
2026-03-26 12:07:02.000000000,39.741182886752284
2026-03-26 12:01:09.000000000,13.753230138514962
2026-03-26 12:08:18.000000000,9.398355954358685
2026-03-26 12:56:31.000000000,58.711930568891766
2026-03-26 12:11:20.000000000,8.394485316301068
2026-03-26 12:30:39.000000000,28.547387441743187
2026-03-26 12:01:17.000000000,13.285468443763225
2026-03-26 12:12:03.000000000,70.74763481900304
2026-03-26 12:58:29.000000000,47.59701981866514
2026-03-26 12:08:06.000000000,10.701907332203167
2026-03-26 13:34:03.000000000,75.38822052341106
2026-03-26 13:06:09.000000000,20.574742647724182
2026-03-26 13:37:30.000000000,26.783957439317927
2026-03-26 13:28:39.000000000,52.06658044764321
2026-03-26 13:40:35.000000000,22.516373247956988
2026-03-26 13:27:16.000000000,47.117962375653136
2026-03-26 13:50:52.000000000,18.8020498860347
2026-03-26 13:03:23.000000000,10.083976317588675
2026-03-26 13:10:32.000000000,96.458731878181
2026-03-26 13:46:30.000000000,18.25745857791411
2026-03-26 13:47:41.000000000,16.576035312012387
2026-03-26 13:14:23.000000000,23.586454491964997
2026-03-26 13:50:03.000000000,9.73814471396736
2026-03-26 13:47:06.000000000,178.34518200700114
2026-03-26 13:53:46.000000000,59.520748886049354
2026-03-26 14:35:38.000000000,13.202227731718278
2026-03-26 14:17:11.000000000,12.47586710348169
2026-03-26 14:04:43.000000000,32.79604378787182
2026-03-26 14:30:55.000000000,26.585527159850162
2026-03-26 14:34:30.000000000,36.22440601975696
2026-03-26 14:24:05.000000000,29.337935661351214
2026-03-26 14:18:19.000000000,20.439617560759576
2026-03-26 14:30:51.000000000,36.50102888868234
2026-03-26 14:58:05.000000000,96.57820583179804
2026-03-26 14:12:25.000000000,80.46242876914351
2026-03-26 14:56:23.000000000,19.580708838246313
2026-03-26 14:34:57.000000000,12.706171153165617
2026-03-26 14:10:11.000000000,19.13022604098457
2026-03-26 15:08:52.000000000,11.98080403244694
2026-03-26 15:56:06.000000000,12.69735720338743
2026-03-26 15:19:34.000000000,28.330926676089017
2026-03-26 15:28:51.000000000,13.542676338396639
2026-03-26 15:51:05.000000000,26.612698113481873
2026-03-26 15:58:43.000000000,37.49949369715518
2026-03-26 15:48:01.000000000,19.98196775178999
2026-03-26 15:17:40.000000000,8.271671127634743
2026-03-26 15:52:43.000000000,9.210994454597376
2026-03-26 15:46:43.000000000,15.397753781949632
2026-03-26 15:42:25.000000000,11.012347088656245
2026-03-26 15:53:13.000000000,12.459181143330824
2026-03-26 15:01:09.000000000,14.33284290570452
2026-03-26 15:49:18.000000000,33.73678454303367
2026-03-26 15:42:38.000000000,84.76753294943208
2026-03-26 15:48:02.000000000,42.00420552789208
2026-03-26 15:53:04.000000000,213.46902823462833
2026-03-26 15:01:56.000000000,42.88406886373114
2026-03-26 16:08:38.000000000,15.583270914487592
2026-03-26 16:39:29.000000000,13.920769732577227
2026-03-26 16:17:37.000000000,21.073453850997385
2026-03-26 16:45:24.000000000,104.47935180657768
2026-03-26 16:22:23.000000000,13.313215378018967
2026-03-26 16:11:50.000000000,17.17113031768996
2026-03-26 16:55:03.000000000,23.667315900684304
2026-03-26 16:28:35.000000000,23.801722838766263
2026-03-26 16:37:48.000000000,34.53027215770399
2026-03-26 16:12:29.000000000,22.959625324977846
2026-03-26 16:38:41.000000000,9.110893117473257
2026-03-26 16:45:33.000000000,98.27836584479553
2026-03-26 16:44:14.000000000,22.589829413357997
2026-03-26 16:03:00.000000000,96.05025921846998
2026-03-26 16:52:57.000000000,17.767230898833166
2026-03-26 16:24:37.000000000,10.848664134907203
2026-03-26 16:00:10.000000000,172.81437567320694
2026-03-26 17:20:15.000000000,28.46336176601392
2026-03-26 17:15:23.000000000,27.61381949509956
2026-03-26 17:52:41.000000000,13.295162144335837
2026-03-26 17:50:47.000000000,10.978452815763312
2026-03-26 17:32:23.000000000,17.648968516242174
2026-03-26 17:48:07.000000000,44.69812796588574
2026-03-26 17:08:19.000000000,29.672581898024205
2026-03-26 17:26:39.000000000,12.861608684590383
2026-03-26 17:48:17.000000000,14.663086071452785
2026-03-26 17:22:04.000000000,76.75809737823457
2026-03-26 17:41:27.000000000,17.715179234723426
2026-03-26 17:53:26.000000000,33.98086368932503
2026-03-26 17:08:44.000000000,15.221132679102688
2026-03-26 17:27:31.000000000,10.69113429800105
2026-03-26 17:10:48.000000000,7.956150699460313
2026-03-26 17:36:37.000000000,14.184623572678213
2026-03-26 17:27:46.000000000,43.16437824235198
2026-03-26 17:55:32.000000000,9.398569313866115
2026-03-26 17:19:48.000000000,8.82367818603851
2026-03-26 18:16:08.000000000,23.038594951030138
2026-03-26 18:07:28.000000000,9.03209807750321
2026-03-26 18:50:03.000000000,24.60478175122743
2026-03-26 18:31:01.000000000,1.764868913259102
2026-03-26 18:06:20.000000000,26.666044587437877
2026-03-26 18:34:44.000000000,14.651701789918764
2026-03-26 18:41:13.000000000,21.453414179817766
2026-03-26 18:39:42.000000000,21.90469859849024
2026-03-26 18:46:19.000000000,67.83962140151496
2026-03-26 18:48:36.000000000,10.559107528070832
2026-03-26 18:23:59.000000000,21.576722923471277
2026-03-26 18:46:55.000000000,14.3195660971658
2026-03-26 18:42:14.000000000,25.786683828770517
2026-03-26 18:17:11.000000000,28.21679928648067
2026-03-26 19:42:53.000000000,9.800382403078878
2026-03-26 19:35:55.000000000,15.589838506202074
2026-03-26 19:45:55.000000000,30.12029832514735
2026-03-26 19:06:03.000000000,39.32261023731938
2026-03-26 19:11:57.000000000,9.478356607287335
2026-03-26 19:00:18.000000000,9.097317902789978
2026-03-26 19:45:06.000000000,59.89893672156909
2026-03-26 19:44:22.000000000,15.21111821991111
2026-03-26 19:42:35.000000000,52.17457803122638
2026-03-26 19:10:31.000000000,12.569268192088334
2026-03-26 19:41:27.000000000,118.98431536276152
2026-03-26 19:37:23.000000000,3.999436331511519
2026-03-26 19:20:13.000000000,16.825344017331272
2026-03-26 19:00:38.000000000,14.089272770648314
2026-03-26 19:33:01.000000000,45.767751789671856
2026-03-26 19:58:40.000000000,15.26710390696601
2026-03-26 19:29:49.000000000,51.51745751357927
2026-03-26 19:33:26.000000000,10.85174803152072
2026-03-26 20:06:37.000000000,12.238243367913402
2026-03-26 20:38:32.000000000,19.496930903069238
2026-03-26 20:31:51.000000000,36.638461404625424
2026-03-26 20:05:54.000000000,23.71751372571971
2026-03-26 20:02:42.000000000,10.71863332314452
2026-03-26 20:20:07.000000000,16.014700834459223
2026-03-26 20:19:46.000000000,10.244451586206022
2026-03-26 20:03:40.000000000,38.55559027516288
2026-03-26 20:38:43.000000000,98.94572399322583
2026-03-26 20:32:03.000000000,8.971854380958515
2026-03-26 21:16:20.000000000,65.66412699864011
2026-03-26 21:24:44.000000000,46.11377736812383
2026-03-26 21:20:58.000000000,9.639217736959303
2026-03-26 21:58:08.000000000,13.255197338839597
2026-03-26 21:28:33.000000000,27.511634186337407
2026-03-26 21:17:41.000000000,27.307504651084077
2026-03-26 21:00:45.000000000,64.69913581743688
2026-03-26 21:45:18.000000000,50.077045732041675
2026-03-26 21:49:58.000000000,66.96661416348604
2026-03-26 21:34:44.000000000,29.495095895989923
2026-03-26 21:33:10.000000000,36.01413115677298
2026-03-26 21:41:17.000000000,35.12912005664615
2026-03-26 21:16:54.000000000,30.54915602891425
2026-03-26 21:51:08.000000000,25.172807728459862
2026-03-26 21:49:38.000000000,26.54291034461934
2026-03-26 22:02:07.000000000,63.60736543485537
2026-03-26 22:26:03.000000000,9.75378490374263
2026-03-26 22:53:19.000000000,6.723952278044219
2026-03-26 22:21:17.000000000,29.73746603362685
2026-03-26 22:24:47.000000000,31.604288501144826
2026-03-26 22:09:08.000000000,18.902360614109494
2026-03-26 22:13:54.000000000,7.2893662562439925
2026-03-26 22:58:45.000000000,23.697602668184384
2026-03-26 22:00:57.000000000,24.032204841313753
2026-03-26 22:44:22.000000000,61.645441486646604
2026-03-26 22:34:17.000000000,29.055054972489724
2026-03-26 22:09:18.000000000,16.94071990125828
2026-03-26 22:58:00.000000000,19.54656283673791
2026-03-26 22:26:16.000000000,18.183120220062456
2026-03-26 22:02:56.000000000,91.47516702761315
2026-03-26 22:38:20.000000000,11.87652661462809
2026-03-26 22:21:00.000000000,39.00305630847618
2026-03-26 22:57:51.000000000,32.9848634304477
2026-03-26 22:56:57.000000000,10.481746358349703
2026-03-26 22:27:24.000000000,15.594328018910801
2026-03-26 23:29:32.000000000,23.656792683788243
2026-03-26 23:07:51.000000000,30.7686411799566
2026-03-26 23:14:33.000000000,48.16422287049951
2026-03-26 23:29:15.000000000,20.38609314364381
2026-03-26 23:08:33.000000000,29.74371789762024
2026-03-26 23:04:47.000000000,13.12242719444625
2026-03-26 23:20:19.000000000,26.08079748629056
2026-03-26 23:49:13.000000000,22.317051569172765
2026-03-26 23:19:26.000000000,39.312122626994494
2026-03-26 23:11:52.000000000,29.534529242795227
2026-03-26 23:21:36.000000000,30.111184724183534
2026-03-26 23:14:24.000000000,39.11311002011925
2026-03-26 23:57:16.000000000,15.623574033697977
2026-03-27 00:40:55.000000000,28.644851210842884
2026-03-27 00:31:54.000000000,44.873846255490065
2026-03-27 00:45:59.000000000,161.17797154860233
2026-03-27 00:39:48.000000000,16.084540563636487
2026-03-27 00:42:35.000000000,7.127253219866603
2026-03-27 00:40:48.000000000,13.507849370173757
2026-03-27 00:12:51.000000000,36.34748107303265
2026-03-27 00:26:15.000000000,13.698242897942038
2026-03-27 00:40:32.000000000,114.77562679205396
2026-03-27 01:35:51.000000000,37.289616261900726
2026-03-27 01:35:05.000000000,36.09830037655829
2026-03-27 01:32:21.000000000,91.3935005604769
2026-03-27 01:42:36.000000000,16.804304009711505
2026-03-27 01:30:27.000000000,9.93825348832383
2026-03-27 01:31:47.000000000,9.684085123635139
2026-03-27 01:02:37.000000000,16.495697647884718
2026-03-27 02:48:09.000000000,12.873165379704375
2026-03-27 02:16:21.000000000,30.764195025629373
2026-03-27 02:35:01.000000000,11.289386032932669
2026-03-27 02:50:59.000000000,28.37859903034141
2026-03-27 02:17:06.000000000,20.394679229440015
2026-03-27 02:56:54.000000000,32.21092868531232
2026-03-27 02:36:33.000000000,6.920138765200736
2026-03-27 03:43:31.000000000,10.279137557352904
2026-03-27 03:36:25.000000000,71.96281149460012
2026-03-27 03:58:45.000000000,37.71827130889849
2026-03-27 03:25:36.000000000,61.05361498173988
2026-03-27 03:14:47.000000000,26.36746092913787
2026-03-27 04:31:41.000000000,49.638248631351026
2026-03-27 04:09:49.000000000,43.54588238631019
2026-03-27 04:31:31.000000000,37.48744630464085
2026-03-27 04:41:23.000000000,23.917587876491606
2026-03-27 04:46:19.000000000,37.24448887339464
2026-03-27 04:19:19.000000000,49.450276672867254
2026-03-27 04:22:09.000000000,67.36008074644867
2026-03-27 05:25:11.000000000,40.35741254817688
2026-03-27 05:23:37.000000000,69.73495663497772
2026-03-27 05:46:34.000000000,28.342883149092227
2026-03-27 05:03:22.000000000,17.579587646048044
2026-03-27 05:34:59.000000000,13.500312264503595
2026-03-27 05:56:00.000000000,22.803173545868237
2026-03-27 05:12:43.000000000,72.27752835629373
2026-03-27 06:35:38.000000000,68.71930978613378
2026-03-27 06:58:00.000000000,39.45570234366594
2026-03-27 06:43:19.000000000,93.14824325882608
2026-03-27 06:05:36.000000000,22.52998544481689
2026-03-27 06:01:00.000000000,67.83555260193381
2026-03-27 06:10:08.000000000,65.29185033966651
2026-03-27 06:03:19.000000000,49.29521585738869
2026-03-27 07:03:55.000000000,23.448388140095208
2026-03-27 07:17:48.000000000,57.25492355026323
2026-03-27 07:51:47.000000000,35.17893051302384
2026-03-27 07:24:30.000000000,13.234607996195109
2026-03-27 07:45:18.000000000,14.200424977925618
2026-03-27 07:42:58.000000000,27.616767408266174
2026-03-27 07:17:29.000000000,10.450133561966133
2026-03-27 07:11:22.000000000,16.998061113704974
2026-03-27 07:27:54.000000000,9.768092830364665
2026-03-27 07:37:38.000000000,10.034434854419107
2026-03-27 07:10:18.000000000,7.931933366778749
2026-03-27 07:55:28.000000000,21.31776442298499
2026-03-27 07:09:03.000000000,61.01740885725935
2026-03-27 07:34:37.000000000,28.858778923133304
2026-03-27 07:29:17.000000000,17.47042421837946
2026-03-27 07:57:13.000000000,14.100332101152684
2026-03-27 07:32:46.000000000,20.58741179753108
2026-03-27 07:37:32.000000000,37.45275063450372
2026-03-27 08:06:10.000000000,15.7584124881493
2026-03-27 08:02:47.000000000,14.0161831103925
2026-03-27 08:25:46.000000000,124.71378976403071
2026-03-27 08:48:54.000000000,34.925362198346185
2026-03-27 08:52:27.000000000,20.28002562302318
2026-03-27 08:55:09.000000000,10.696615825443288
2026-03-27 08:12:03.000000000,26.28279314572855
2026-03-27 08:21:41.000000000,12.164280237648406
2026-03-27 08:41:54.000000000,14.709081166251405
2026-03-27 08:36:39.000000000,23.682757811305432
2026-03-27 08:26:32.000000000,17.951459061839135
2026-03-27 08:09:47.000000000,20.788870990028517
2026-03-27 08:18:09.000000000,9.572273756755816
2026-03-27 08:54:02.000000000,54.08322460207375
2026-03-27 08:26:07.000000000,11.217371401186583
2026-03-27 08:42:22.000000000,9.264226265573413
2026-03-27 08:55:20.000000000,13.473576517254948
2026-03-27 08:12:37.000000000,31.931857235592062
2026-03-27 08:59:19.000000000,18.737061845896836
2026-03-27 08:39:48.000000000,23.445577921548303
2026-03-27 09:20:34.000000000,18.221179113527242
2026-03-27 09:19:31.000000000,45.42081003551864
2026-03-27 09:17:14.000000000,148.91895608104105
2026-03-27 09:59:19.000000000,8.63792412502109
2026-03-27 09:42:43.000000000,44.09080004415015
2026-03-27 09:20:27.000000000,30.391316228801042
2026-03-27 09:29:33.000000000,37.41181423059867
2026-03-27 09:23:14.000000000,50.86403132680082
2026-03-27 09:23:33.000000000,31.369522022362258
2026-03-27 09:41:35.000000000,23.65401901605397
2026-03-27 09:51:07.000000000,66.65916908130228
2026-03-27 09:43:46.000000000,20.85242910830633
2026-03-27 09:55:35.000000000,10.129338774853956
2026-03-27 09:17:15.000000000,24.351078117196533
2026-03-27 09:52:34.000000000,45.68518101350342
2026-03-27 10:31:11.000000000,23.939473399741157
2026-03-27 10:35:37.000000000,7.843289562124971
2026-03-27 10:39:49.000000000,16.352935950138193
2026-03-27 10:33:20.000000000,26.73959883786033
2026-03-27 10:05:22.000000000,32.68538592425759
2026-03-27 10:13:56.000000000,8.765634327240331
2026-03-27 10:47:08.000000000,34.08719967607869
2026-03-27 10:33:39.000000000,6.6124130804149335
2026-03-27 10:11:04.000000000,29.334262362467133
2026-03-27 10:01:20.000000000,71.33175502787603
2026-03-27 11:25:46.000000000,15.635180740000077
2026-03-27 11:15:34.000000000,45.51834566483669
2026-03-27 11:20:35.000000000,11.13369097059822
2026-03-27 11:55:15.000000000,16.75687790996034
2026-03-27 11:53:44.000000000,27.186702903700084
2026-03-27 11:21:11.000000000,49.156265515484044
2026-03-27 11:49:02.000000000,22.303034810713445
2026-03-27 11:58:36.000000000,16.26357419036784
2026-03-27 11:43:09.000000000,23.631888986986002
2026-03-27 11:27:12.000000000,33.837026516615325
2026-03-27 11:32:47.000000000,22.23166166046713
2026-03-27 11:10:49.000000000,23.419933065346992
2026-03-27 11:23:27.000000000,13.8912791327073
2026-03-27 11:06:59.000000000,24.79754568982592
2026-03-27 12:23:13.000000000,37.59408215506368
2026-03-27 12:25:17.000000000,56.01995192492307
2026-03-27 12:44:47.000000000,37.46193881882456
2026-03-27 12:35:13.000000000,19.673083264487953
2026-03-27 12:54:51.000000000,19.453444633635304
2026-03-27 12:19:33.000000000,19.655513533760896
2026-03-27 12:02:47.000000000,37.005901317700015
2026-03-27 12:05:02.000000000,63.30534334135587
2026-03-27 12:15:47.000000000,23.86519895424834
2026-03-27 12:05:15.000000000,33.829182342931865
2026-03-27 12:25:41.000000000,15.281018715597554
2026-03-27 12:27:04.000000000,37.642449279572915
2026-03-27 13:42:12.000000000,17.230080855786024
2026-03-27 13:05:50.000000000,48.756448778855464
2026-03-27 13:07:02.000000000,17.462194581911003
2026-03-27 13:24:13.000000000,24.157375083499335
2026-03-27 13:14:07.000000000,21.494737229758186
2026-03-27 13:11:39.000000000,28.69012757471587
2026-03-27 13:22:14.000000000,11.98514344960978
2026-03-27 13:56:21.000000000,36.54116295780061
2026-03-27 13:57:50.000000000,69.98104692403437
2026-03-27 13:27:49.000000000,11.574545246715967
2026-03-27 13:51:40.000000000,12.124055184457191
2026-03-27 13:53:42.000000000,29.472372997678296
2026-03-27 13:36:53.000000000,65.2668780951968
2026-03-27 13:46:18.000000000,41.749428540285
2026-03-27 13:11:23.000000000,23.7311743620268
2026-03-27 13:25:17.000000000,27.323687448384188
2026-03-27 13:04:20.000000000,29.59776322808298
2026-03-27 13:13:54.000000000,25.204968645952224
2026-03-27 13:37:14.000000000,34.90266822364403
2026-03-27 14:16:41.000000000,10.64032479604963
2026-03-27 14:37:48.000000000,23.449418705631754
2026-03-27 14:32:23.000000000,11.055854396232942
2026-03-27 14:37:38.000000000,18.209350038709164
2026-03-27 14:20:20.000000000,16.989172174257416
2026-03-27 14:42:52.000000000,17.086626493640413
2026-03-27 14:21:07.000000000,20.451728250081988
2026-03-27 14:42:00.000000000,28.47716674659353
2026-03-27 14:30:13.000000000,45.93082618114172
2026-03-27 14:44:12.000000000,10.599001712446121
2026-03-27 14:43:36.000000000,72.0743698416111
2026-03-27 14:56:46.000000000,27.476746508609033
2026-03-27 14:43:07.000000000,15.924785045347651
2026-03-27 14:09:49.000000000,35.72439732971838
2026-03-27 14:10:37.000000000,17.495610762258462
2026-03-27 14:50:29.000000000,12.025446491086058
2026-03-27 15:54:51.000000000,19.270976652371903
2026-03-27 15:34:45.000000000,18.07358878536389
2026-03-27 15:46:25.000000000,14.37416721998127
2026-03-27 15:24:14.000000000,20.92041597881556
2026-03-27 15:17:50.000000000,26.797887799070796
2026-03-27 15:15:09.000000000,33.44647002722022
2026-03-27 15:01:41.000000000,22.881633214395254
2026-03-27 15:22:49.000000000,129.84238267565348
2026-03-27 15:54:22.000000000,95.38101942760306
2026-03-27 15:48:59.000000000,18.880517365507675
2026-03-27 15:16:36.000000000,31.76531932247733
2026-03-27 15:45:25.000000000,10.083711908731239
2026-03-27 15:56:06.000000000,17.633969966091644
2026-03-27 15:30:04.000000000,9.437258537062768
2026-03-27 15:32:56.000000000,16.59159541827948
2026-03-27 15:50:55.000000000,58.371004108278115
2026-03-27 16:40:01.000000000,23.464528571241157
2026-03-27 16:53:14.000000000,41.45355927087059
2026-03-27 16:00:24.000000000,18.47898698639965
2026-03-27 16:27:24.000000000,32.58330341038353
2026-03-27 16:56:38.000000000,53.75845500611994
2026-03-27 16:31:17.000000000,64.67669749675545
2026-03-27 16:05:09.000000000,54.67608288691442
2026-03-27 16:20:23.000000000,30.01137438460894
2026-03-27 16:05:49.000000000,10.689481091048407
2026-03-27 16:57:26.000000000,83.66609725687847
2026-03-27 16:49:41.000000000,44.08426204512025
2026-03-27 16:16:19.000000000,8.91396331826055
2026-03-27 16:06:16.000000000,42.55457459169323
2026-03-27 16:09:27.000000000,12.675175062517791
2026-03-27 16:40:56.000000000,19.97998786904716
2026-03-27 16:00:13.000000000,36.15434554204872
2026-03-27 16:53:35.000000000,14.585536069719431
2026-03-27 16:57:53.000000000,20.339328332533047
2026-03-27 16:12:04.000000000,70.94536782514125
2026-03-27 16:38:49.000000000,25.883798299734977
2026-03-27 16:31:52.000000000,10.451449624602585
2026-03-27 16:04:52.000000000,100.65554851177207
2026-03-27 17:00:44.000000000,32.20109328365084
2026-03-27 17:14:29.000000000,25.034159551156424
2026-03-27 17:12:00.000000000,8.31417834847539
2026-03-27 17:35:26.000000000,149.2626769279395
2026-03-27 17:59:58.000000000,12.740926169202893
2026-03-27 17:56:57.000000000,35.438297248040705
2026-03-27 17:24:34.000000000,21.892856349122244
2026-03-27 17:52:40.000000000,22.335903272213915
2026-03-27 17:59:12.000000000,28.28550076979415
2026-03-27 17:24:38.000000000,5.815604990821784
2026-03-27 17:00:58.000000000,24.955442651152527
2026-03-27 17:04:28.000000000,13.801496431156753
2026-03-27 17:17:41.000000000,9.875160237426982
2026-03-27 17:26:29.000000000,11.158103431023363
2026-03-27 17:16:31.000000000,28.703684084655787
2026-03-27 17:27:25.000000000,10.96646438933615
2026-03-27 17:19:09.000000000,9.9142580046326
2026-03-27 17:59:10.000000000,23.773019421250265
2026-03-27 18:47:56.000000000,68.73395509844923
2026-03-27 18:17:22.000000000,34.288107849749544
2026-03-27 18:09:46.000000000,19.61971229828615
2026-03-27 18:34:00.000000000,10.495530391871924
2026-03-27 18:30:19.000000000,6.932847333091946
2026-03-27 18:18:29.000000000,10.282468999843449
2026-03-27 18:29:44.000000000,9.597687255986058
2026-03-27 18:34:48.000000000,7.31852638766023
2026-03-27 18:08:49.000000000,18.28948839644725
2026-03-27 18:37:25.000000000,18.884450615996595
2026-03-27 18:08:54.000000000,17.102052226809416
2026-03-27 18:35:26.000000000,12.353389759455553
2026-03-27 18:05:20.000000000,39.57386701564597
2026-03-27 18:38:06.000000000,9.895818829490437
2026-03-27 18:53:27.000000000,14.874040100259933
2026-03-27 18:44:07.000000000,12.741271653010134
2026-03-27 18:42:23.000000000,20.949215306297983
2026-03-27 18:37:02.000000000,43.9567104670936
2026-03-27 18:56:55.000000000,14.69082657423812
2026-03-27 18:29:14.000000000,10.639985036733332
2026-03-27 18:54:26.000000000,11.437744473150108
2026-03-27 18:02:46.000000000,31.32343471472385
2026-03-27 18:05:46.000000000,11.758427895237077
2026-03-27 18:55:21.000000000,11.230143311312457
2026-03-27 18:50:46.000000000,29.788843829229027
2026-03-27 18:18:52.000000000,16.252201122620693
2026-03-27 18:25:02.000000000,24.400072489832514
2026-03-27 18:52:53.000000000,15.530245104485157
2026-03-27 18:41:05.000000000,10.497934027266496
2026-03-27 18:20:30.000000000,13.039536593898582
2026-03-27 18:10:27.000000000,25.70499486901498
2026-03-27 18:51:12.000000000,9.162728967932615
2026-03-27 18:58:46.000000000,12.076748750568864
2026-03-27 18:20:02.000000000,27.12595612822624
2026-03-27 18:11:52.000000000,43.90637836728271
2026-03-27 19:34:58.000000000,7.313309320187878
2026-03-27 19:22:20.000000000,39.921519908472035
2026-03-27 19:36:25.000000000,15.533948320332026
2026-03-27 19:18:18.000000000,19.09366205213227
2026-03-27 19:43:23.000000000,19.183492820807768
2026-03-27 19:14:31.000000000,12.80678069204572
2026-03-27 19:15:54.000000000,64.42001677325602
2026-03-27 19:16:20.000000000,9.877199474053988
2026-03-27 19:01:49.000000000,69.37000034745786
2026-03-27 19:35:19.000000000,11.633215773046167
2026-03-27 19:32:17.000000000,7.002569601387435
2026-03-27 19:28:41.000000000,13.952020057157764
2026-03-27 19:52:56.000000000,18.764514355178683
2026-03-27 19:03:51.000000000,5.494484367823302
2026-03-27 19:54:44.000000000,8.256444534380684
2026-03-27 19:08:27.000000000,12.726035774075193
2026-03-27 19:07:11.000000000,9.522607069760262
2026-03-27 19:03:39.000000000,7.486151415044963
2026-03-27 19:33:56.000000000,32.489509468691885
2026-03-27 19:49:55.000000000,9.213110364697549
2026-03-27 20:48:40.000000000,46.3043834809526
2026-03-27 20:27:21.000000000,16.235767659076583
2026-03-27 20:05:52.000000000,29.305988445889152
2026-03-27 20:11:16.000000000,20.38672169825502
2026-03-27 20:10:31.000000000,19.044861265656696
2026-03-27 20:23:36.000000000,39.26627544608552
2026-03-27 20:28:30.000000000,11.566430670819166
2026-03-27 20:44:09.000000000,41.01719996048386
2026-03-27 20:13:58.000000000,12.531341683934784
2026-03-27 20:46:24.000000000,46.80543986629548
2026-03-27 20:14:30.000000000,25.053195772428825
2026-03-27 20:15:44.000000000,16.82976048030863
2026-03-27 20:45:25.000000000,20.368340903516614
2026-03-27 20:47:01.000000000,15.99919094204585
2026-03-27 20:22:05.000000000,9.994381333746041
2026-03-27 20:23:13.000000000,13.095623950777313
2026-03-27 20:47:45.000000000,10.229202762377355
2026-03-27 20:57:31.000000000,20.331132404492024
2026-03-27 20:43:46.000000000,11.619265823299813
2026-03-27 20:17:39.000000000,9.488157057342299
2026-03-27 20:15:46.000000000,24.743540875060564
2026-03-27 20:47:39.000000000,20.799997459781547
2026-03-27 20:45:30.000000000,15.520771076944254
2026-03-27 20:10:05.000000000,21.70504786882596
2026-03-27 20:47:05.000000000,41.05770736764155
2026-03-27 21:26:05.000000000,11.951628553951863
2026-03-27 21:30:52.000000000,28.347538628037977
2026-03-27 21:31:42.000000000,13.896261564680447
2026-03-27 21:56:34.000000000,14.799654043294325
2026-03-27 21:49:33.000000000,40.4075371281276
2026-03-27 21:58:14.000000000,68.69758818746837
2026-03-27 21:35:58.000000000,25.19491528900333
2026-03-27 21:11:11.000000000,19.163919934659152
2026-03-27 21:37:17.000000000,24.12685769870399
2026-03-27 21:28:48.000000000,48.81977536817206
2026-03-27 21:14:35.000000000,26.311649345256352
2026-03-27 21:23:38.000000000,20.33821800969692
2026-03-27 21:17:53.000000000,10.094465949453927
2026-03-27 21:13:44.000000000,6.768054695433118
2026-03-27 21:27:54.000000000,59.6959282236649
2026-03-27 21:26:54.000000000,24.82957543786718
2026-03-27 21:34:10.000000000,13.0511290900008
2026-03-27 21:15:07.000000000,19.357217619105107
2026-03-27 21:48:50.000000000,158.68901077440293
2026-03-27 21:51:23.000000000,83.47081845699624
2026-03-27 21:57:48.000000000,14.263372175063417
2026-03-27 21:08:22.000000000,13.921696446251953
2026-03-27 21:12:24.000000000,14.02963061540941
2026-03-27 21:53:27.000000000,14.209681629847694
2026-03-27 21:10:55.000000000,24.911259211749343
2026-03-27 21:17:10.000000000,33.38078730318277
2026-03-27 21:57:35.000000000,24.084684315862827
2026-03-27 21:56:31.000000000,150.56812579016542
2026-03-27 22:54:59.000000000,12.914309787710234
2026-03-27 22:00:48.000000000,8.511779158108467
2026-03-27 22:29:13.000000000,27.855044858475186
2026-03-27 22:27:09.000000000,9.391443055794326
2026-03-27 22:56:11.000000000,243.29182715331854
2026-03-27 22:03:44.000000000,15.24906083254027
2026-03-27 22:13:21.000000000,13.454931273705366
2026-03-27 22:34:36.000000000,21.61560916495026
2026-03-27 22:42:16.000000000,23.02621253338968
2026-03-27 22:15:43.000000000,36.25716712139874
2026-03-27 22:16:12.000000000,36.517569752384674
2026-03-27 22:51:57.000000000,23.693357720611356
2026-03-27 22:58:04.000000000,24.446291167442606
2026-03-27 22:29:24.000000000,16.833519037766056
2026-03-27 22:08:42.000000000,23.251774867891324
2026-03-27 22:38:51.000000000,42.9911041745102
2026-03-27 23:46:12.000000000,58.972163991684816
2026-03-27 23:01:57.000000000,26.783955757515766
2026-03-27 23:55:52.000000000,13.18204413991986
2026-03-27 23:52:31.000000000,24.690214789439718
2026-03-27 23:18:08.000000000,14.365054565852311
2026-03-27 23:42:57.000000000,10.64480449662149
2026-03-27 23:21:12.000000000,24.782333927339483
2026-03-27 23:16:31.000000000,14.642240628907203
2026-03-27 23:03:02.000000000,24.383415680510165
2026-03-27 23:18:25.000000000,10.472887707760556
2026-03-27 23:13:50.000000000,37.84815727429679
2026-03-27 23:54:47.000000000,19.67728560133415
2026-03-27 23:37:58.000000000,33.33356257560255
2026-03-27 23:21:49.000000000,10.295789753382582
2026-03-27 23:39:24.000000000,14.839994323109785
2026-03-27 23:05:28.000000000,27.55145386573196
2026-03-27 23:51:34.000000000,8.574063960198302
2026-03-27 23:01:00.000000000,28.495884293925815
2026-03-27 23:15:25.000000000,17.38817957467987
2026-03-27 23:16:53.000000000,9.945215680859267
2026-03-27 23:01:21.000000000,14.03481005500148
2026-03-27 23:46:18.000000000,25.632838066278698
2026-03-27 23:50:18.000000000,11.37608458567161
2026-03-27 23:29:17.000000000,28.2482218176724
2026-03-28 00:37:58.000000000,36.9738014488926
2026-03-28 00:03:19.000000000,20.668689695617022
2026-03-28 00:10:43.000000000,15.923833089712616
2026-03-28 00:57:25.000000000,15.827257439513723
2026-03-28 00:23:01.000000000,43.59239282284995
2026-03-28 00:55:39.000000000,19.80448162069626
2026-03-28 00:28:39.000000000,6.9002752845688775
2026-03-28 00:16:31.000000000,39.24456678467106
2026-03-28 00:15:38.000000000,9.706354059602358
2026-03-28 00:36:14.000000000,15.790913289543191
2026-03-28 00:07:39.000000000,32.61188427250625
2026-03-28 00:37:44.000000000,17.873510772729308
2026-03-28 00:51:07.000000000,32.01646558746898
2026-03-28 01:38:35.000000000,15.069521001437472
2026-03-28 01:55:54.000000000,17.304597480376504
2026-03-28 01:47:07.000000000,19.00527541657598
2026-03-28 01:15:04.000000000,10.416956083376526
2026-03-28 01:30:21.000000000,18.08502108935883
2026-03-28 01:29:52.000000000,16.31342419137469
2026-03-28 01:59:11.000000000,13.815032421537673
2026-03-28 02:04:19.000000000,19.350711891995136
2026-03-28 02:06:28.000000000,13.407631698211226
2026-03-28 02:11:07.000000000,13.22384526239875
2026-03-28 02:12:16.000000000,20.87086152772972
2026-03-28 02:27:50.000000000,22.960470375989647
2026-03-28 02:05:40.000000000,26.702947940174464
2026-03-28 02:01:24.000000000,10.451842434973745
2026-03-28 03:48:18.000000000,16.264747859088402
2026-03-28 03:30:27.000000000,10.73910688093731
2026-03-28 03:53:48.000000000,25.883879987414264
2026-03-28 03:25:59.000000000,18.3517759491526
2026-03-28 03:08:52.000000000,23.095020863342405
2026-03-28 03:03:22.000000000,22.255128982498643
2026-03-28 03:13:40.000000000,14.588788853840821
2026-03-28 03:12:03.000000000,61.20394977679996
2026-03-28 03:56:52.000000000,21.98716625405233
2026-03-28 03:57:03.000000000,15.145215560137302
2026-03-28 03:06:10.000000000,29.675984678416075
2026-03-28 04:14:27.000000000,74.37205870681373
2026-03-28 04:30:48.000000000,9.213003861227687
2026-03-28 04:25:30.000000000,15.822540665797604
2026-03-28 04:01:00.000000000,100.56255640556783
2026-03-28 04:52:56.000000000,10.66462492138277
2026-03-28 05:48:41.000000000,9.776462382598432
2026-03-28 06:20:16.000000000,63.4521551748113
2026-03-28 06:26:15.000000000,24.018942889611747
2026-03-28 06:53:07.000000000,12.644078238610806
2026-03-28 06:34:13.000000000,58.66301751161717
2026-03-28 06:32:11.000000000,29.794203720259972
2026-03-28 07:43:44.000000000,9.680898292257393
2026-03-28 07:34:50.000000000,18.17332621722959
2026-03-28 07:55:34.000000000,16.16704292518524
2026-03-28 07:50:42.000000000,21.081033356556606
2026-03-28 07:25:29.000000000,16.692415505295042
2026-03-28 07:50:52.000000000,35.79843880821557
2026-03-28 07:01:24.000000000,16.542463466905968
2026-03-28 07:55:57.000000000,72.39395111674034
2026-03-28 07:52:20.000000000,64.70990906400543
2026-03-28 07:53:16.000000000,8.94176096835275
2026-03-28 07:38:27.000000000,58.364794961726815
2026-03-28 07:12:46.000000000,26.718310480850956
2026-03-28 07:44:14.000000000,38.43630795959261
2026-03-28 07:29:33.000000000,61.32627519605726
2026-03-28 08:53:57.000000000,15.308691374730401
2026-03-28 08:51:02.000000000,14.969386828538845
2026-03-28 08:02:09.000000000,16.208241356138988
2026-03-28 08:30:22.000000000,22.801754448374016
2026-03-28 08:35:02.000000000,7.682813274728629
2026-03-28 08:32:36.000000000,18.475107732534422
2026-03-28 08:42:28.000000000,17.956515620554004
2026-03-28 08:50:29.000000000,35.75089152353243
2026-03-28 08:50:49.000000000,12.912743586346782
2026-03-28 09:40:06.000000000,123.1734951691904
2026-03-28 09:40:03.000000000,7.686683082615331
2026-03-28 09:30:27.000000000,25.535052508336424
2026-03-28 09:03:48.000000000,15.446913666209511
2026-03-28 09:02:43.000000000,28.667143455545112
2026-03-28 09:33:14.000000000,37.66597822668717
2026-03-28 09:35:13.000000000,14.568672300903856
2026-03-28 09:43:34.000000000,14.544971173957158
2026-03-28 09:37:13.000000000,19.565331641124832
2026-03-28 09:57:50.000000000,35.051030956498174
2026-03-28 09:19:23.000000000,13.65458899762491
2026-03-28 09:26:09.000000000,13.878694399897476
2026-03-28 09:50:28.000000000,13.575935550212652
2026-03-28 09:30:23.000000000,7.386797135142047
2026-03-28 10:40:51.000000000,10.270793830759754
2026-03-28 10:00:07.000000000,16.435193536587704
2026-03-28 10:03:56.000000000,58.700747347783725
2026-03-28 10:19:25.000000000,8.034102894175088
2026-03-28 10:41:50.000000000,19.7669996653113
2026-03-28 10:05:27.000000000,9.460885283413859
2026-03-28 10:01:46.000000000,13.006910459756657
2026-03-28 10:54:50.000000000,10.820877652446189
2026-03-28 10:35:15.000000000,13.18584437293534
2026-03-28 10:32:16.000000000,22.56649728067787
2026-03-28 10:48:19.000000000,8.952810532997457
2026-03-28 11:14:51.000000000,16.11231809497129
2026-03-28 11:08:41.000000000,17.44692481964412
2026-03-28 11:10:20.000000000,116.91455917372231
2026-03-28 11:57:42.000000000,14.449721820989232
2026-03-28 11:59:47.000000000,32.52366276154131
2026-03-28 11:51:42.000000000,15.701067176952069
2026-03-28 11:49:34.000000000,20.697350298432628
2026-03-28 11:27:53.000000000,43.20118756589355
2026-03-28 11:41:56.000000000,34.6727834157416
2026-03-28 11:07:32.000000000,42.03486682164053
2026-03-28 11:25:29.000000000,11.053229658439214
2026-03-28 11:24:25.000000000,19.985503345702515
2026-03-28 11:54:09.000000000,12.927638023491856
2026-03-28 12:41:21.000000000,27.31478937748408
2026-03-28 12:30:03.000000000,35.89367962410011
2026-03-28 12:32:22.000000000,24.488859620733844
2026-03-28 12:28:14.000000000,63.3049472061565
2026-03-28 12:18:04.000000000,18.431775752238376
2026-03-28 12:17:37.000000000,18.902984074745074
2026-03-28 12:58:44.000000000,10.935201823300968
2026-03-28 12:47:36.000000000,12.783418144080155
2026-03-28 12:26:39.000000000,16.35399036660665
2026-03-28 12:53:53.000000000,13.728667088822583
2026-03-28 12:46:42.000000000,54.66954301958295
2026-03-28 12:33:49.000000000,27.802525041431533
2026-03-28 13:52:11.000000000,12.038560752718585
2026-03-28 13:14:13.000000000,26.095112730029033
2026-03-28 13:28:41.000000000,21.27606184309923
2026-03-28 13:46:08.000000000,8.201033458194154
2026-03-28 13:46:49.000000000,71.07323761267949
2026-03-28 13:22:55.000000000,32.71774608610442
2026-03-28 13:53:41.000000000,34.41534548585128
2026-03-28 13:08:45.000000000,106.91491623777523
2026-03-28 13:18:00.000000000,43.370824600916094
2026-03-28 13:00:39.000000000,14.374636556596375
2026-03-28 13:17:39.000000000,45.27507404814842
2026-03-28 13:35:03.000000000,13.684660106713729
2026-03-28 13:55:56.000000000,31.77895997491613
2026-03-28 13:20:44.000000000,9.301592090538012
2026-03-28 13:35:35.000000000,35.10226844264418
2026-03-28 14:25:17.000000000,44.81887645380202
2026-03-28 14:00:07.000000000,22.834124590439064
2026-03-28 14:33:05.000000000,20.99584297636871
2026-03-28 14:10:27.000000000,19.218844487531438
2026-03-28 14:13:13.000000000,78.084512989997
2026-03-28 14:14:12.000000000,51.368584905279015
2026-03-28 14:43:24.000000000,9.066679174357041
2026-03-28 14:54:01.000000000,63.74920648974628
2026-03-28 14:09:32.000000000,13.927934521856297
2026-03-28 14:21:21.000000000,32.13242124113724
2026-03-28 14:21:26.000000000,17.756195057235242
2026-03-28 14:52:46.000000000,11.181900855226758
2026-03-28 14:29:38.000000000,28.338688483827646
2026-03-28 14:48:07.000000000,57.49493813748527
2026-03-28 14:28:20.000000000,8.194241839848704
2026-03-28 14:03:49.000000000,6.162894235989518
2026-03-28 14:49:01.000000000,20.598991534311264
2026-03-28 14:52:38.000000000,11.970787542044285
2026-03-28 14:15:58.000000000,24.53462478079098
2026-03-28 14:06:06.000000000,30.51546067926143
2026-03-28 14:21:34.000000000,17.85583577111298
2026-03-28 14:39:21.000000000,37.42576105495129
2026-03-28 14:33:08.000000000,24.611744729855506
2026-03-28 14:45:19.000000000,20.739920210249064
2026-03-28 15:34:06.000000000,25.464537116726195
2026-03-28 15:06:56.000000000,14.54367946026014
2026-03-28 15:23:11.000000000,25.66572279395842
2026-03-28 15:05:51.000000000,14.46256110446446
2026-03-28 15:00:06.000000000,55.38230222071916
2026-03-28 15:25:44.000000000,13.624299309540692
2026-03-28 15:22:17.000000000,6.362522075754519
2026-03-28 15:13:30.000000000,34.62268194634046
2026-03-28 15:35:12.000000000,30.56874595459652
2026-03-28 15:49:53.000000000,16.21785135326698
2026-03-28 15:52:40.000000000,17.391779349152078
2026-03-28 15:15:40.000000000,35.47870895019072
2026-03-28 15:09:06.000000000,28.377302329286348
2026-03-28 15:28:14.000000000,30.235363261423654
2026-03-28 15:45:07.000000000,16.259434703427914
2026-03-28 15:57:45.000000000,17.603720409384547
2026-03-28 15:49:36.000000000,26.675414139566488
2026-03-28 15:27:52.000000000,19.626292941000866
2026-03-28 15:50:35.000000000,59.66979003692156
2026-03-28 15:08:22.000000000,10.542111600381794
2026-03-28 15:06:40.000000000,10.284172049750563
2026-03-28 16:24:42.000000000,16.798599060605984
2026-03-28 16:23:20.000000000,17.901003155893644
2026-03-28 16:25:06.000000000,33.22170752178899
2026-03-28 16:36:26.000000000,8.872281399586246
2026-03-28 16:44:25.000000000,44.50669259683851
2026-03-28 16:12:30.000000000,18.025448583007396
2026-03-28 16:41:48.000000000,11.265791475714511
2026-03-28 16:58:53.000000000,5.756231970091195
2026-03-28 16:58:25.000000000,8.072840234740825
2026-03-28 16:17:11.000000000,10.389122290434038
2026-03-28 16:35:13.000000000,32.444342859266015
2026-03-28 16:45:10.000000000,14.69730587894118
2026-03-28 16:09:12.000000000,13.678626073443127
2026-03-28 16:01:37.000000000,105.6068368042612
2026-03-28 16:50:21.000000000,13.523240335706713
2026-03-28 16:48:05.000000000,8.614469887131069
2026-03-28 16:32:00.000000000,19.17696364717403
2026-03-28 16:48:19.000000000,12.883408223917257
2026-03-28 16:07:13.000000000,30.037361394092752
2026-03-28 16:27:03.000000000,15.496242928998505
2026-03-28 17:32:47.000000000,30.063729976203316
2026-03-28 17:59:09.000000000,17.934927072305932
2026-03-28 17:46:14.000000000,19.469015901653943
2026-03-28 17:06:08.000000000,11.149737132099737
2026-03-28 17:44:15.000000000,36.50613858200421
2026-03-28 17:42:42.000000000,29.17713075518164
2026-03-28 17:11:05.000000000,18.145285285401297
2026-03-28 17:19:15.000000000,15.132822371930104
2026-03-28 17:00:57.000000000,12.166670261542386
2026-03-28 17:15:18.000000000,10.90268409437606
2026-03-28 17:43:20.000000000,17.53353175933565
2026-03-28 17:48:46.000000000,25.43040922651559
2026-03-28 17:44:16.000000000,12.983039283372054
2026-03-28 17:02:58.000000000,17.39951828501979
2026-03-28 17:46:40.000000000,17.970819700537785
2026-03-28 17:46:17.000000000,30.14612915495486
2026-03-28 17:52:42.000000000,12.40421463068403
2026-03-28 17:13:09.000000000,14.766259803432852
2026-03-28 17:46:48.000000000,19.17663753687769
2026-03-28 17:35:22.000000000,29.303322662245616
2026-03-28 17:50:57.000000000,23.30589088173506
2026-03-28 17:22:41.000000000,12.171304665289998
2026-03-28 17:04:31.000000000,142.2033116182761
2026-03-28 18:21:01.000000000,18.539228324917
2026-03-28 18:00:51.000000000,7.359712411867937
2026-03-28 18:58:22.000000000,53.691519525818705
2026-03-28 18:24:57.000000000,11.149793939170667
2026-03-28 18:33:24.000000000,31.505153219334286
2026-03-28 18:48:51.000000000,38.75092994701762
2026-03-28 18:17:55.000000000,18.155240017257828
2026-03-28 18:32:09.000000000,80.48293865849679
2026-03-28 18:40:30.000000000,13.749434545396259
2026-03-28 18:49:46.000000000,34.813830429608096
2026-03-28 18:45:51.000000000,50.05041603574188
2026-03-28 18:25:28.000000000,20.772726219810767
2026-03-28 18:07:35.000000000,16.260374151093682
2026-03-28 18:41:04.000000000,11.21709182896885
2026-03-28 18:24:44.000000000,18.4223385549622
2026-03-28 18:40:39.000000000,7.802905878684117
2026-03-28 18:02:33.000000000,172.98517235724364
2026-03-28 18:32:33.000000000,12.677850152598374
2026-03-28 18:22:11.000000000,28.483335127800164
2026-03-28 19:36:03.000000000,69.93690291023009
2026-03-28 19:59:01.000000000,10.012840397601554
2026-03-28 19:48:42.000000000,13.710219336559682
2026-03-28 19:41:57.000000000,14.19937253587965
2026-03-28 19:41:43.000000000,12.85616015861315
2026-03-28 19:34:56.000000000,9.775636804304009
2026-03-28 19:43:41.000000000,24.819194462151817
2026-03-28 19:03:50.000000000,18.77370744102433
2026-03-28 19:20:25.000000000,12.628119127710463
2026-03-28 19:43:31.000000000,10.729562730356015
2026-03-28 19:39:26.000000000,11.895928874334771
2026-03-28 19:55:44.000000000,22.611378070476608
2026-03-28 19:40:02.000000000,32.013188489217
2026-03-28 19:08:15.000000000,29.889445470509354
2026-03-28 19:00:33.000000000,41.03931613328237
2026-03-28 19:18:19.000000000,16.200807577654913
2026-03-28 19:44:10.000000000,6.612608623753754
2026-03-28 20:51:16.000000000,22.627251227966976
2026-03-28 20:06:42.000000000,19.967619529333295
2026-03-28 20:41:13.000000000,36.51206175725796
2026-03-28 20:59:11.000000000,27.70038958852449
2026-03-28 20:55:34.000000000,16.537430210214627
2026-03-28 20:01:18.000000000,14.687116785558587
2026-03-28 20:29:38.000000000,26.43429609612839
2026-03-28 20:50:33.000000000,42.57736358671768
2026-03-28 20:13:23.000000000,49.79323244613136
2026-03-28 20:47:54.000000000,29.750180251819184
2026-03-28 20:20:55.000000000,9.982548501558014
2026-03-28 20:17:11.000000000,8.369271276204792
2026-03-28 20:55:35.000000000,18.440869224390887
2026-03-28 20:09:21.000000000,30.21960308153179
2026-03-28 20:19:17.000000000,24.410605676246735
2026-03-28 20:23:23.000000000,12.16107964148193
2026-03-28 20:05:54.000000000,18.10434306364849
2026-03-28 21:43:43.000000000,17.806221278285275
2026-03-28 21:08:21.000000000,22.160707133216096
2026-03-28 21:02:00.000000000,17.334667020666085
2026-03-28 21:58:32.000000000,11.546902159680847
2026-03-28 21:46:47.000000000,20.46149477818712
2026-03-28 21:04:14.000000000,27.796712084997022
2026-03-28 21:15:17.000000000,39.78624208134326
2026-03-28 21:02:30.000000000,40.521796473356154
2026-03-28 21:28:04.000000000,9.886795053303942
2026-03-28 21:53:57.000000000,39.759267001607576
2026-03-28 21:56:24.000000000,26.48845605138565
2026-03-28 21:39:32.000000000,46.517036492296675
2026-03-28 21:20:51.000000000,10.041424471967506
2026-03-28 21:36:14.000000000,33.96519618306257
2026-03-28 21:54:54.000000000,31.609830481423803
2026-03-28 21:14:12.000000000,9.321258102854806
2026-03-28 21:14:48.000000000,16.125708028794005
2026-03-28 21:03:06.000000000,12.833138731274115
2026-03-28 21:04:51.000000000,48.46988543182826
2026-03-28 21:13:10.000000000,14.01375052023787
2026-03-28 21:13:59.000000000,13.46721094876612
2026-03-28 21:06:09.000000000,16.54773528188959
2026-03-28 21:37:05.000000000,87.72867070879273
2026-03-28 21:41:47.000000000,14.76687432589236
2026-03-28 22:45:38.000000000,18.420100543427484
2026-03-28 22:39:18.000000000,15.578218839796499
2026-03-28 22:17:35.000000000,20.034545423092933
2026-03-28 22:57:38.000000000,27.12577526822263
2026-03-28 22:12:10.000000000,13.78479449538274
2026-03-28 22:57:10.000000000,15.373725374459873
2026-03-28 22:13:50.000000000,26.95386002190754
2026-03-28 22:04:31.000000000,44.79241123890288
2026-03-28 22:01:12.000000000,18.829802655985095
2026-03-28 22:34:36.000000000,44.94695434605414
2026-03-28 22:14:15.000000000,16.429536657970154
2026-03-28 22:29:07.000000000,10.306119562807385
2026-03-28 22:34:36.000000000,77.90966886994848
2026-03-28 22:19:14.000000000,25.30025849764746
2026-03-28 22:20:40.000000000,34.70922209857516
2026-03-28 22:39:09.000000000,18.73988317562854
2026-03-28 22:02:03.000000000,16.362851521835886
2026-03-28 22:12:36.000000000,9.842853902343236
2026-03-28 22:58:18.000000000,26.35185857753083
2026-03-28 22:38:22.000000000,38.14414721394197
2026-03-28 22:38:41.000000000,13.121726541762065
2026-03-28 22:43:55.000000000,20.5177563863592
2026-03-28 22:25:14.000000000,16.920586755880148
2026-03-28 22:49:20.000000000,12.67155921246372
2026-03-28 22:40:44.000000000,12.522701118682715
2026-03-28 22:43:58.000000000,13.774719630218144
2026-03-28 23:51:29.000000000,14.095433355476302
2026-03-28 23:41:57.000000000,26.34775932810844
2026-03-28 23:28:40.000000000,22.912730347215525
2026-03-28 23:58:06.000000000,64.34276658285216
2026-03-28 23:22:05.000000000,18.093839745023548
2026-03-28 23:35:19.000000000,17.242662335061983
2026-03-28 23:05:38.000000000,7.820645810347983
2026-03-28 23:09:09.000000000,41.980814790276845
2026-03-28 23:09:34.000000000,42.104451975264986
2026-03-28 23:09:28.000000000,31.68783945899612
2026-03-28 23:13:59.000000000,21.656945539392172
2026-03-28 23:07:38.000000000,6.343085503091569
2026-03-28 23:53:35.000000000,23.564750522066557
2026-03-28 23:25:59.000000000,47.19563943226934
2026-03-28 23:01:18.000000000,37.62277743512809
2026-03-28 23:40:00.000000000,33.241469412525014
2026-03-28 23:40:45.000000000,49.74296695675847
2026-03-28 23:35:23.000000000,15.286846401946605
2026-03-28 23:00:32.000000000,55.62339060799912
2026-03-28 23:31:44.000000000,10.17686861110807
2026-03-28 23:55:51.000000000,7.844662626186423
2026-03-28 23:39:48.000000000,4.108317546952853
2026-03-28 23:04:59.000000000,5.2889612218554
2026-03-28 23:00:40.000000000,19.928669232969465
2026-03-29 00:22:06.000000000,4.209726473713637
2026-03-29 00:12:46.000000000,30.61305584776431
2026-03-29 00:27:36.000000000,15.552973476445736
2026-03-29 00:39:08.000000000,8.29948079592464
2026-03-29 00:11:02.000000000,9.703394757959103
2026-03-29 00:29:40.000000000,30.636001139643664
2026-03-29 00:26:23.000000000,30.29423618768042
2026-03-29 00:52:23.000000000,14.916345361725572
2026-03-29 00:08:41.000000000,14.357333439114267
2026-03-29 00:09:30.000000000,25.849798676984005
2026-03-29 00:02:43.000000000,11.300050472092838
2026-03-29 00:00:58.000000000,39.44288077746348
2026-03-29 00:45:27.000000000,25.207997873188607
2026-03-29 00:03:17.000000000,11.612697879512123
2026-03-29 00:22:06.000000000,12.706954801440542
2026-03-29 00:37:15.000000000,14.405847267027998
2026-03-29 00:17:07.000000000,103.56256371575249
2026-03-29 00:58:59.000000000,3.666565272174104
2026-03-29 00:19:45.000000000,16.088136845047558
2026-03-29 00:11:02.000000000,37.94195986270383
2026-03-29 00:37:38.000000000,50.88223915178366
2026-03-29 00:34:27.000000000,21.398215126627843
2026-03-29 00:44:23.000000000,41.469639464201585
2026-03-29 00:39:52.000000000,50.405344844023226
2026-03-29 01:19:21.000000000,12.522681216281569
2026-03-29 01:05:12.000000000,27.59686724103521
2026-03-29 01:57:32.000000000,7.4876101997766416
2026-03-29 01:03:36.000000000,27.604858598267025
2026-03-29 01:04:46.000000000,161.27699062863988
2026-03-29 01:20:42.000000000,13.240233960823147
2026-03-29 01:34:53.000000000,47.48838654283342
2026-03-29 01:05:02.000000000,8.367296239657303
2026-03-29 01:31:50.000000000,27.933243662845776
2026-03-29 01:57:05.000000000,18.27343717758833
2026-03-29 01:29:47.000000000,12.547236976985047
2026-03-29 01:37:27.000000000,14.426614250723361
2026-03-29 01:11:59.000000000,26.346079065279756
2026-03-29 01:52:10.000000000,16.328300103568434
2026-03-29 01:11:50.000000000,9.133264869348572
2026-03-29 02:39:20.000000000,28.083206700135865
2026-03-29 02:49:01.000000000,18.636098237710126
2026-03-29 02:14:14.000000000,20.324298911960252
2026-03-29 02:00:28.000000000,33.87102124615915
2026-03-29 02:13:19.000000000,20.636705620361308
2026-03-29 02:22:41.000000000,14.554553884271677
2026-03-29 02:53:35.000000000,18.371084099822856
2026-03-29 02:53:36.000000000,26.370452949661587
2026-03-29 02:25:22.000000000,45.91007897121114
2026-03-29 02:25:33.000000000,18.645312868957927
2026-03-29 03:08:30.000000000,42.956086014422795
2026-03-29 03:19:27.000000000,9.229740593885744
2026-03-29 03:59:31.000000000,29.325207774603445
2026-03-29 03:05:25.000000000,9.669798288881978
2026-03-29 03:16:32.000000000,32.81251063705173
2026-03-29 03:42:26.000000000,32.32046840798443
2026-03-29 03:41:05.000000000,11.557843208216486
2026-03-29 03:01:13.000000000,11.380081771227854
2026-03-29 03:54:02.000000000,101.99229046316182
2026-03-29 04:14:37.000000000,21.803948214166052
2026-03-29 04:31:45.000000000,37.17438075488398
2026-03-29 04:31:22.000000000,28.346068016471616
2026-03-29 04:25:32.000000000,14.904102927795876
2026-03-29 04:20:47.000000000,22.53603869030432
2026-03-29 04:33:08.000000000,23.221537525448195
2026-03-29 04:48:50.000000000,17.37385898861405
2026-03-29 04:08:36.000000000,23.541796581532278
2026-03-29 04:07:14.000000000,51.018472204179325
2026-03-29 04:35:45.000000000,45.74752108613044
2026-03-29 04:58:24.000000000,25.26855671626086
2026-03-29 04:31:48.000000000,13.494674614936379
2026-03-29 04:16:56.000000000,19.509168293745613
2026-03-29 04:40:14.000000000,37.285785901210936
2026-03-29 05:29:19.000000000,8.150870168906806
2026-03-29 05:03:16.000000000,132.1409058249223
2026-03-29 05:58:30.000000000,33.66317645553689
2026-03-29 05:20:26.000000000,27.375891388058836
2026-03-29 06:20:51.000000000,27.93133963362779
2026-03-29 06:51:54.000000000,55.3344695110431
2026-03-29 06:31:22.000000000,17.283172295346763
2026-03-29 06:56:02.000000000,19.91804250063483
2026-03-29 06:27:33.000000000,13.681867928922092
2026-03-29 06:34:20.000000000,19.257398750798497
2026-03-29 06:03:08.000000000,37.66032537171716
2026-03-29 07:27:32.000000000,21.501532366511224
2026-03-29 07:04:31.000000000,41.62943389421259
2026-03-29 07:25:41.000000000,16.2732914096255
2026-03-29 07:10:24.000000000,12.265080743133574
2026-03-29 07:57:39.000000000,35.60966971972484
2026-03-29 08:45:21.000000000,31.79564931016782
2026-03-29 08:01:05.000000000,38.35362140469977
2026-03-29 08:37:21.000000000,16.44256873947602
2026-03-29 08:23:17.000000000,11.354740674578835
2026-03-29 08:42:58.000000000,15.326243423323977
2026-03-29 08:45:23.000000000,24.60217418198804
2026-03-29 08:04:50.000000000,24.162152208742793
2026-03-29 08:39:10.000000000,215.84911485829403
2026-03-29 09:56:42.000000000,12.320438907918206
2026-03-29 09:52:18.000000000,17.500501837610475
2026-03-29 09:48:23.000000000,26.16752654845926
2026-03-29 09:40:18.000000000,13.779890450719797
2026-03-29 09:44:22.000000000,8.195996844040987
2026-03-29 09:01:52.000000000,7.032939214036265
2026-03-29 09:58:25.000000000,16.439456089177988
2026-03-29 09:49:16.000000000,12.090358076354288
2026-03-29 09:53:34.000000000,22.711492173627125
2026-03-29 09:24:01.000000000,8.533570272093534
2026-03-29 10:07:55.000000000,11.16926821631645
2026-03-29 10:08:19.000000000,24.568392750065033
2026-03-29 10:55:01.000000000,103.67531095128898
2026-03-29 10:49:37.000000000,9.240280896074431
2026-03-29 10:47:42.000000000,32.43740823537978
2026-03-29 10:25:52.000000000,11.807741615215868
2026-03-29 10:53:47.000000000,23.09159702905521
2026-03-29 10:56:05.000000000,9.991388648712608
2026-03-29 10:21:57.000000000,11.402884686566242
2026-03-29 10:10:15.000000000,10.434423142817877
2026-03-29 10:32:54.000000000,16.44118152187219
2026-03-29 10:49:44.000000000,13.127678417122109
2026-03-29 10:25:54.000000000,14.78862730834766
2026-03-29 10:50:19.000000000,20.776176151799813
2026-03-29 10:16:18.000000000,28.158408506512462
2026-03-29 10:43:15.000000000,10.34642807214125
2026-03-29 11:38:40.000000000,29.154066585853254
2026-03-29 11:02:59.000000000,30.184434929580892
2026-03-29 11:05:24.000000000,14.91399907909869
2026-03-29 11:28:49.000000000,26.72054748534867
2026-03-29 11:10:29.000000000,27.274157598221894
2026-03-29 11:59:05.000000000,14.893180613262789
2026-03-29 11:58:21.000000000,32.461639986624185
2026-03-29 11:15:14.000000000,21.593622791520335
2026-03-29 11:57:21.000000000,19.262727973397208
2026-03-29 11:14:39.000000000,32.71889507997031
2026-03-29 11:37:23.000000000,44.97249139598966
2026-03-29 11:17:48.000000000,13.274649399556512
2026-03-29 11:47:39.000000000,57.164597688635205
2026-03-29 11:20:04.000000000,9.407749752789961
2026-03-29 12:49:15.000000000,28.704100978885318
2026-03-29 12:27:54.000000000,13.175430106190976
2026-03-29 12:43:31.000000000,14.84867587968781
2026-03-29 12:23:08.000000000,12.839379615527747
2026-03-29 12:37:39.000000000,34.29510629911376
2026-03-29 12:31:54.000000000,26.78485433842366
2026-03-29 12:01:39.000000000,70.48260805045243
2026-03-29 12:33:17.000000000,34.36359533001139
2026-03-29 12:27:51.000000000,77.76511733498623
2026-03-29 12:25:29.000000000,19.25469298311364
2026-03-29 12:23:53.000000000,12.298888203261281
2026-03-29 12:35:20.000000000,10.02473396418377
2026-03-29 12:42:05.000000000,7.149361015255425
2026-03-29 12:18:50.000000000,12.794341886753454
2026-03-29 13:04:23.000000000,31.633401563807357
2026-03-29 13:46:28.000000000,12.895803824197777
2026-03-29 13:40:26.000000000,9.120191448089912
2026-03-29 13:10:58.000000000,12.282562379919554
2026-03-29 13:04:04.000000000,80.10142828516932
2026-03-29 13:59:44.000000000,16.1370126597547
2026-03-29 13:03:27.000000000,13.35575771712076
2026-03-29 13:52:17.000000000,28.58385852205372
2026-03-29 13:31:23.000000000,12.5861962221534
2026-03-29 13:39:04.000000000,11.816490889400551
2026-03-29 13:36:21.000000000,12.85289450954054
2026-03-29 13:44:10.000000000,25.729185501738687
2026-03-29 13:29:00.000000000,8.991570565877893
2026-03-29 13:49:55.000000000,25.072609135729163
2026-03-29 13:55:43.000000000,38.40066162895756
2026-03-29 13:00:30.000000000,30.993198230257565
2026-03-29 14:03:39.000000000,38.58391176131517
2026-03-29 14:02:22.000000000,58.49076762648338
2026-03-29 14:35:04.000000000,22.45463701373753
2026-03-29 14:08:44.000000000,13.58546786316246
2026-03-29 14:54:56.000000000,14.98655033099502
2026-03-29 14:48:43.000000000,35.291052300149474
2026-03-29 14:41:54.000000000,8.679328382621879
2026-03-29 14:30:33.000000000,8.255530000160334
2026-03-29 14:45:55.000000000,14.873925638945149
2026-03-29 14:57:32.000000000,20.6608643362723
2026-03-29 14:19:01.000000000,111.16948355698821
2026-03-29 14:33:56.000000000,84.9138947482968
2026-03-29 14:35:20.000000000,41.74087854384622
2026-03-29 14:33:49.000000000,45.65850253305822
2026-03-29 14:52:16.000000000,21.132064944138836
2026-03-29 15:48:40.000000000,15.801960504129497
2026-03-29 15:00:13.000000000,18.75085639008122
2026-03-29 15:00:12.000000000,8.828118622940245
2026-03-29 15:36:00.000000000,25.90356970114178
2026-03-29 15:25:59.000000000,12.007190131816536
2026-03-29 15:16:10.000000000,19.721531855859443
2026-03-29 15:11:41.000000000,8.993337992801266
2026-03-29 15:52:06.000000000,12.26113383787797
2026-03-29 15:46:16.000000000,29.02323879303179
2026-03-29 15:24:23.000000000,10.587473860343216
2026-03-29 15:24:16.000000000,24.90161591360103
2026-03-29 15:29:27.000000000,67.27029174308481
2026-03-29 15:37:38.000000000,18.079021944843547
2026-03-29 15:57:22.000000000,22.25589253110771
2026-03-29 16:15:56.000000000,22.933721645687445
2026-03-29 16:05:38.000000000,9.491101618411768
2026-03-29 16:52:42.000000000,37.42140647684888
2026-03-29 16:37:41.000000000,7.456957606897738
2026-03-29 16:26:17.000000000,21.366419533988978
2026-03-29 16:28:51.000000000,23.73440068830649
2026-03-29 16:05:18.000000000,11.719793390508269
2026-03-29 16:44:29.000000000,60.59446602533605
2026-03-29 16:53:17.000000000,51.329508947181104
2026-03-29 16:43:24.000000000,9.649720629233286
2026-03-29 16:36:10.000000000,28.78549154655934
2026-03-29 17:13:40.000000000,35.916319097049204
2026-03-29 17:29:57.000000000,14.808820979886807
2026-03-29 17:23:21.000000000,33.14883288010214
2026-03-29 17:43:00.000000000,15.302326665937965
2026-03-29 17:08:54.000000000,10.667102043800863
2026-03-29 17:15:17.000000000,24.853569042731028
2026-03-29 17:14:32.000000000,56.821611491395196
2026-03-29 17:09:27.000000000,11.192732781489866
2026-03-29 17:47:10.000000000,34.58410588348381
2026-03-29 17:35:55.000000000,16.755259696345018
2026-03-29 17:10:03.000000000,25.804313023943905
2026-03-29 17:30:40.000000000,37.25837923232289
2026-03-29 17:54:35.000000000,41.68828423420893
2026-03-29 17:51:23.000000000,15.867441307293777
2026-03-29 17:46:05.000000000,12.647194272998327
2026-03-29 17:30:05.000000000,50.29673269005618
2026-03-29 17:46:00.000000000,16.31345774076807
2026-03-29 17:47:29.000000000,18.702768600567996
2026-03-29 17:52:08.000000000,11.410702977999527
2026-03-29 17:17:44.000000000,14.754315658358387
2026-03-29 18:36:57.000000000,24.620617219239424
2026-03-29 18:26:52.000000000,44.14179768166368
2026-03-29 18:44:22.000000000,18.002780255273283
2026-03-29 18:40:51.000000000,22.776627816293402
2026-03-29 18:36:29.000000000,10.240879460525143
2026-03-29 18:10:33.000000000,29.783405851897438
2026-03-29 18:54:45.000000000,18.16178482231127
2026-03-29 18:10:13.000000000,63.252095452549966
2026-03-29 18:02:16.000000000,13.949933736264274
2026-03-29 18:55:32.000000000,19.897483191837814
2026-03-29 18:34:11.000000000,10.268729930886334
2026-03-29 18:43:56.000000000,22.781797427591
2026-03-29 18:01:50.000000000,28.659418659756728
2026-03-29 18:13:22.000000000,11.394312977152065
2026-03-29 18:54:49.000000000,6.56255295948878
2026-03-29 18:59:31.000000000,20.619912909763162
2026-03-29 18:12:48.000000000,33.218462208146796
2026-03-29 18:48:33.000000000,30.4326570268063
2026-03-29 18:59:23.000000000,20.56048365546518
2026-03-29 19:54:07.000000000,18.553103610996462
2026-03-29 19:18:11.000000000,29.782646828339107
2026-03-29 19:11:37.000000000,9.65404566935759
2026-03-29 19:30:30.000000000,34.52543225317938
2026-03-29 19:30:45.000000000,18.648342782375675
2026-03-29 19:29:02.000000000,8.950366317870003
2026-03-29 19:19:05.000000000,11.933493435431792
2026-03-29 19:25:17.000000000,26.7095924849426
2026-03-29 19:37:37.000000000,24.16907953756157
2026-03-29 19:35:58.000000000,26.96737844580706
2026-03-29 19:10:41.000000000,28.01751323370829
2026-03-29 19:17:49.000000000,52.70828128060774
2026-03-29 19:53:15.000000000,9.039042299594954
2026-03-29 19:34:39.000000000,8.832228179885906
2026-03-29 19:42:21.000000000,17.266453646649676
2026-03-29 19:42:31.000000000,22.072897263860895
2026-03-29 19:18:04.000000000,17.539670834982523
2026-03-29 19:18:46.000000000,33.91570683669121
2026-03-29 19:41:16.000000000,6.452597664483408
2026-03-29 20:46:54.000000000,24.710685254903535
2026-03-29 20:26:18.000000000,13.016727273454915
2026-03-29 20:11:23.000000000,10.740173169311017
2026-03-29 20:56:02.000000000,44.88757514149578
2026-03-29 20:24:54.000000000,25.95346660574648
2026-03-29 20:21:16.000000000,20.97578471693056
2026-03-29 20:04:08.000000000,21.288969853868014
2026-03-29 20:26:03.000000000,10.252010348852167
2026-03-29 20:47:00.000000000,31.012380972901173
2026-03-29 20:03:20.000000000,16.32116915060327
2026-03-29 20:21:54.000000000,17.277694093777615
2026-03-29 20:37:38.000000000,18.340427560641825
2026-03-29 20:01:53.000000000,24.749553660423974
2026-03-29 21:43:46.000000000,13.59907148037831
2026-03-29 21:23:23.000000000,10.736934090280727
2026-03-29 21:02:11.000000000,29.18827736077657
2026-03-29 21:22:08.000000000,59.56912895925335
2026-03-29 21:32:58.000000000,33.08850039307759
2026-03-29 21:34:42.000000000,15.497815895789426
2026-03-29 21:34:29.000000000,28.27278639152595
2026-03-29 21:41:15.000000000,51.43216033326882
2026-03-29 21:28:47.000000000,27.517016589643102
2026-03-29 21:13:28.000000000,47.93824641430188
2026-03-29 21:14:42.000000000,12.890375387458334
2026-03-29 21:42:48.000000000,11.787450368712065
2026-03-29 21:52:39.000000000,21.39899745245503
2026-03-29 21:38:54.000000000,49.73215818108904
2026-03-29 21:40:13.000000000,29.42495518278101
2026-03-29 22:44:11.000000000,9.644368417792542
2026-03-29 22:29:32.000000000,15.694664408774184
2026-03-29 22:43:08.000000000,21.657082756702838
2026-03-29 22:34:04.000000000,20.1611630443052
2026-03-29 22:07:49.000000000,37.38377542911069
2026-03-29 22:18:18.000000000,17.798703840694767
2026-03-29 22:23:01.000000000,30.668752700312393
2026-03-29 22:38:54.000000000,6.515393489832
2026-03-29 22:33:39.000000000,13.66474272710412
2026-03-29 22:29:07.000000000,19.605989731637695
2026-03-29 22:21:54.000000000,22.852860172302375
2026-03-29 22:10:41.000000000,26.027078972352253
2026-03-29 22:35:32.000000000,23.02809226504056
2026-03-29 22:21:21.000000000,25.017367633545366
2026-03-29 23:42:20.000000000,11.791494746671926
2026-03-29 23:50:07.000000000,18.277201062792695
2026-03-29 23:03:40.000000000,31.129518141598556
2026-03-29 23:47:31.000000000,67.48200543027515
2026-03-29 23:29:00.000000000,19.633302319352033
2026-03-29 23:07:53.000000000,15.009820349693229
2026-03-29 23:53:29.000000000,17.705915865662607
2026-03-29 23:09:10.000000000,36.99521599479821
2026-03-29 23:33:06.000000000,19.7651770911737
2026-03-29 23:10:07.000000000,14.767378393442577
2026-03-29 23:20:12.000000000,8.15020952199966
2026-03-29 23:03:35.000000000,65.57046101669496
2026-03-29 23:22:58.000000000,57.02547816352503
2026-03-29 23:52:36.000000000,7.946347046483547
2026-03-29 23:05:56.000000000,11.782125878590843
2026-03-30 00:15:20.000000000,21.525990151895723
2026-03-30 00:20:32.000000000,18.97700379505206
2026-03-30 00:54:22.000000000,40.50092335767116
2026-03-30 00:07:32.000000000,39.33242953753821
2026-03-30 00:28:08.000000000,9.711977706913174
2026-03-30 00:20:59.000000000,24.90121624729967
2026-03-30 00:19:01.000000000,17.37176614302427
2026-03-30 01:33:36.000000000,8.770467213312624
2026-03-30 01:44:25.000000000,6.852205631770284
2026-03-30 01:37:00.000000000,7.089100499012165
2026-03-30 01:02:40.000000000,42.085680656763984
2026-03-30 02:37:00.000000000,18.43671656891127
2026-03-30 02:47:37.000000000,45.27272241151929
2026-03-30 02:14:21.000000000,60.61720797695397
2026-03-30 02:54:51.000000000,33.439924985232814
2026-03-30 03:38:29.000000000,17.421204656443447
2026-03-30 03:49:49.000000000,57.62977049629966
2026-03-30 03:23:24.000000000,35.533255970379834
2026-03-30 04:18:33.000000000,28.35778365252555
2026-03-30 04:40:46.000000000,9.90236412882076
2026-03-30 05:30:25.000000000,34.52594018711413
2026-03-30 05:21:43.000000000,19.039706997680664
2026-03-30 05:33:03.000000000,13.589958105237859
2026-03-30 05:59:27.000000000,23.722291049611005
2026-03-30 05:01:52.000000000,10.54732975961921
2026-03-30 05:49:16.000000000,65.62444189665032
2026-03-30 05:13:23.000000000,9.815108133289822
2026-03-30 05:06:20.000000000,41.15892636429316
2026-03-30 05:28:22.000000000,135.55190161430264
2026-03-30 06:19:12.000000000,30.385590274624715
2026-03-30 06:59:13.000000000,63.37615532899879
2026-03-30 06:31:53.000000000,35.994816959246094
2026-03-30 06:28:11.000000000,11.487748059940785
2026-03-30 06:44:57.000000000,11.120102665763401
2026-03-30 06:19:27.000000000,17.078605837526386
2026-03-30 06:16:41.000000000,74.74291846858205
2026-03-30 06:38:08.000000000,13.890468495138116
2026-03-30 06:18:30.000000000,46.78626856971538
2026-03-30 06:35:02.000000000,24.1085406804667
2026-03-30 06:26:03.000000000,59.327396089335984
2026-03-30 07:40:39.000000000,22.692976876393086
2026-03-30 07:52:17.000000000,12.277851277275012
2026-03-30 07:46:30.000000000,50.01013445133783
2026-03-30 07:02:42.000000000,31.972925959634782
2026-03-30 07:18:20.000000000,30.571091104420045
2026-03-30 07:32:58.000000000,16.12180833498322
2026-03-30 07:03:18.000000000,18.7979777816147
2026-03-30 07:02:27.000000000,24.659570779774246
2026-03-30 07:48:28.000000000,31.13879117249302
2026-03-30 07:13:27.000000000,106.05686240644225
2026-03-30 07:42:46.000000000,18.7196710846414
2026-03-30 07:03:48.000000000,29.024706001125203
2026-03-30 07:40:24.000000000,49.442261053452135
2026-03-30 07:57:25.000000000,32.964601245893164
2026-03-30 07:37:55.000000000,16.768335803625448
2026-03-30 08:44:14.000000000,12.105243911854785
2026-03-30 08:48:54.000000000,22.714099055047694
2026-03-30 08:30:41.000000000,12.521655444968033
2026-03-30 08:48:32.000000000,13.254144676020534
2026-03-30 08:54:03.000000000,42.10758855332724
2026-03-30 08:20:20.000000000,15.522847437428883
2026-03-30 08:04:05.000000000,45.42317794262236
2026-03-30 08:11:47.000000000,17.454720229199854
2026-03-30 08:06:31.000000000,22.11640196051899
2026-03-30 08:17:03.000000000,27.449053748782656
2026-03-30 08:22:40.000000000,39.529502342744614
2026-03-30 08:39:09.000000000,29.861182589243796
2026-03-30 08:28:00.000000000,38.92688686201447
2026-03-30 08:12:58.000000000,23.953982116693386
2026-03-30 08:01:49.000000000,43.67064678878022
2026-03-30 08:03:50.000000000,12.988046491661422
2026-03-30 08:51:30.000000000,28.14742116719464
2026-03-30 08:27:42.000000000,13.87458518693457
2026-03-30 08:54:03.000000000,10.00314759816305
2026-03-30 08:27:30.000000000,19.277825856403236
2026-03-30 08:51:56.000000000,22.688863426264103
2026-03-30 09:06:04.000000000,11.07729382503851
2026-03-30 09:35:10.000000000,13.018246787226701
2026-03-30 09:42:45.000000000,9.890251841393397
2026-03-30 09:44:40.000000000,34.02927074218399
2026-03-30 09:42:32.000000000,20.595444139242236
2026-03-30 09:42:59.000000000,49.54694321648493
2026-03-30 09:41:37.000000000,16.674271974095763
2026-03-30 09:39:36.000000000,55.81272302919562
2026-03-30 09:39:31.000000000,10.886687751174001
2026-03-30 09:50:46.000000000,24.78688957677559
2026-03-30 09:29:48.000000000,25.172347027302262
2026-03-30 09:01:36.000000000,6.6449910793645515
2026-03-30 09:46:05.000000000,32.73350949424418
2026-03-30 09:01:23.000000000,12.064091760847262
2026-03-30 09:33:41.000000000,16.85327209041741
2026-03-30 10:21:58.000000000,12.154868032838198
2026-03-30 10:13:47.000000000,23.871068354666914
2026-03-30 10:57:34.000000000,15.76561618106578
2026-03-30 10:14:20.000000000,9.390683714277564
2026-03-30 10:12:41.000000000,31.210142308883245
2026-03-30 10:34:56.000000000,48.758458495160205
2026-03-30 10:37:19.000000000,48.68885901908521
2026-03-30 10:52:36.000000000,28.388354431735106
2026-03-30 10:49:40.000000000,53.186331727827195
2026-03-30 10:49:20.000000000,34.762159889147036
2026-03-30 10:59:16.000000000,43.89361239074001
2026-03-30 10:53:51.000000000,40.72874720784473
2026-03-30 10:25:10.000000000,84.60700617512045
2026-03-30 10:50:28.000000000,14.975595949719498
2026-03-30 10:22:56.000000000,24.631803778553536
2026-03-30 10:30:34.000000000,16.62147328554192
2026-03-30 11:45:38.000000000,30.3375562842411
2026-03-30 11:48:05.000000000,20.386620369084742
2026-03-30 11:41:49.000000000,16.924167187412454
2026-03-30 11:04:50.000000000,51.01737634685364
2026-03-30 11:16:56.000000000,34.92225311596095
2026-03-30 11:26:33.000000000,10.534018014669787
2026-03-30 11:25:37.000000000,52.714369320258605
2026-03-30 11:16:29.000000000,41.28867682749674
2026-03-30 11:48:36.000000000,62.79380423732889
2026-03-30 11:24:12.000000000,53.71471986138222
2026-03-30 11:43:09.000000000,16.982879992818276
2026-03-30 11:51:41.000000000,85.09711535315647
2026-03-30 11:41:18.000000000,12.156864051935589
2026-03-30 11:31:06.000000000,32.311568333678245
2026-03-30 11:13:58.000000000,66.00556938260165
2026-03-30 11:53:40.000000000,10.873953904499853
2026-03-30 12:05:25.000000000,17.058817108774395
2026-03-30 12:54:54.000000000,12.702322644945088
2026-03-30 12:34:04.000000000,17.740347892330444
2026-03-30 12:33:11.000000000,7.817033012738792
2026-03-30 12:21:14.000000000,18.88797789611967
2026-03-30 12:08:48.000000000,17.347985494492345
2026-03-30 12:22:11.000000000,54.65162188481504
2026-03-30 12:41:33.000000000,8.406315476042465
2026-03-30 12:57:50.000000000,18.088726596796153
2026-03-30 12:45:24.000000000,26.636231406359595
2026-03-30 12:00:48.000000000,38.53494228367317
2026-03-30 12:54:21.000000000,30.58174332779932
2026-03-30 12:14:08.000000000,10.253776639960158
2026-03-30 12:09:10.000000000,14.176520252470198
2026-03-30 13:47:18.000000000,91.96063364251212
2026-03-30 13:59:53.000000000,24.221997658100705
2026-03-30 13:59:12.000000000,17.122443226638598
2026-03-30 13:04:39.000000000,19.61586844290721
2026-03-30 13:59:39.000000000,46.11467823595676
2026-03-30 13:58:24.000000000,23.380695724470232
2026-03-30 13:02:55.000000000,30.794671479813513
2026-03-30 13:05:39.000000000,12.05910487604968
2026-03-30 13:24:07.000000000,17.18928985678542
2026-03-30 13:17:16.000000000,24.97577130833272
2026-03-30 13:13:20.000000000,85.30747555218048
2026-03-30 13:17:39.000000000,10.95283995686809
2026-03-30 14:32:40.000000000,19.654942451888036
2026-03-30 14:27:06.000000000,15.5988401212961
2026-03-30 14:35:48.000000000,13.60683349175968
2026-03-30 14:47:27.000000000,54.562545954392846
2026-03-30 14:31:09.000000000,12.689909545585671
2026-03-30 14:25:38.000000000,14.722365279424118
2026-03-30 14:40:26.000000000,27.982582451059425
2026-03-30 14:40:49.000000000,20.33275117437709
2026-03-30 14:34:11.000000000,18.12859884530148
2026-03-30 14:44:05.000000000,16.74904090757217
2026-03-30 15:32:06.000000000,9.155853160505028
2026-03-30 15:12:42.000000000,7.183033103034406
2026-03-30 15:31:21.000000000,39.81893341347116
2026-03-30 15:57:25.000000000,16.07416298331872
2026-03-30 15:09:57.000000000,28.692028008008702
2026-03-30 15:41:10.000000000,10.532691946981934
2026-03-30 15:01:13.000000000,30.55640926547488
2026-03-30 15:49:34.000000000,25.802390938563345
2026-03-30 15:43:43.000000000,8.534487706930612
2026-03-30 15:19:04.000000000,22.151133984628625
2026-03-30 15:51:16.000000000,84.07214535241047
2026-03-30 15:54:57.000000000,10.114308588966487
2026-03-30 15:49:36.000000000,17.845664259004234
2026-03-30 15:58:35.000000000,14.49144805432865
2026-03-30 16:16:23.000000000,23.72578784946106
2026-03-30 16:52:35.000000000,23.761394633666765
2026-03-30 16:57:12.000000000,18.008373502086105
2026-03-30 16:04:05.000000000,10.051195676428073
2026-03-30 16:28:02.000000000,29.69885855303081
2026-03-30 16:49:39.000000000,18.287370563942137
2026-03-30 16:16:54.000000000,10.849128134279791
2026-03-30 16:28:19.000000000,7.227432914455327
2026-03-30 16:14:35.000000000,10.752819750197855
2026-03-30 16:01:24.000000000,16.076706263934383
2026-03-30 16:38:30.000000000,26.719508063237097
2026-03-30 16:02:51.000000000,75.60396787832232
2026-03-30 16:50:07.000000000,8.528591259890177
2026-03-30 16:15:01.000000000,21.47305372617858
2026-03-30 16:26:41.000000000,24.742885236263373
2026-03-30 17:09:08.000000000,21.33979445102138
2026-03-30 17:00:24.000000000,18.833984883418214
2026-03-30 17:07:34.000000000,14.074354347126263
2026-03-30 17:36:36.000000000,7.099806031762993
2026-03-30 17:49:49.000000000,10.269991954647018
2026-03-30 17:24:45.000000000,32.886231216696615
2026-03-30 17:26:56.000000000,59.8580848876648
2026-03-30 17:32:29.000000000,14.852433329223498
2026-03-30 17:55:38.000000000,11.653579944690218
2026-03-30 17:49:51.000000000,9.519282205480348
2026-03-30 17:13:36.000000000,38.858514603408445
2026-03-30 17:51:18.000000000,22.850978307750086
2026-03-30 17:54:27.000000000,7.947523087473446
2026-03-30 17:14:21.000000000,12.682962223937421
2026-03-30 17:07:32.000000000,40.06462809010893
2026-03-30 17:08:08.000000000,46.432138539429104
2026-03-30 18:25:58.000000000,21.666334392883737
2026-03-30 18:24:15.000000000,19.42362122786336
2026-03-30 18:42:29.000000000,56.268170721604214
2026-03-30 18:29:36.000000000,26.684867904102372
2026-03-30 18:31:52.000000000,22.482486533608448
2026-03-30 18:15:12.000000000,14.263412898297432
2026-03-30 18:06:57.000000000,34.59766605936981
2026-03-30 18:54:29.000000000,32.54271706264625
2026-03-30 18:17:26.000000000,16.95556523558427
2026-03-30 18:03:03.000000000,25.633126137062916
2026-03-30 18:31:30.000000000,38.76597371125337
2026-03-30 18:42:12.000000000,22.484314336826298
2026-03-30 18:12:31.000000000,50.13244157541987
2026-03-30 18:41:21.000000000,9.062677238092903
2026-03-30 18:33:10.000000000,14.582792659669753
2026-03-30 18:51:30.000000000,15.852807919826766
2026-03-30 18:37:54.000000000,14.9847007119456
2026-03-30 18:22:39.000000000,90.2807342621643
2026-03-30 18:34:31.000000000,43.26110984611331
2026-03-30 18:12:44.000000000,7.258559825076025
2026-03-30 19:23:25.000000000,33.608563519703544
2026-03-30 19:39:04.000000000,8.348083569833346
2026-03-30 19:52:40.000000000,13.16905920000498
2026-03-30 19:02:21.000000000,24.678834642994243
2026-03-30 19:20:06.000000000,7.6880275322
2026-03-30 19:33:37.000000000,26.521097011464942
2026-03-30 19:20:13.000000000,53.503243013545514
2026-03-30 19:10:19.000000000,16.74232247353612
2026-03-30 19:36:52.000000000,17.058621709508724
2026-03-30 19:41:54.000000000,23.875924177917742
2026-03-30 19:51:39.000000000,12.813906833334539
2026-03-30 19:55:45.000000000,22.192100398666522
2026-03-30 19:32:53.000000000,14.285032338076764
2026-03-30 19:24:45.000000000,41.8012458252261
2026-03-30 19:30:29.000000000,8.780513765704551
2026-03-30 19:17:57.000000000,27.136155730863475
2026-03-30 20:15:12.000000000,8.693133053816538
2026-03-30 20:47:12.000000000,27.05397715734262
2026-03-30 20:34:37.000000000,57.26092518230889
2026-03-30 20:49:22.000000000,10.691914223741286
2026-03-30 20:53:04.000000000,13.36311738435623
2026-03-30 20:54:32.000000000,9.709547854378133
2026-03-30 20:04:11.000000000,52.94941580304806
2026-03-30 20:46:22.000000000,14.556974823369359
2026-03-30 20:44:51.000000000,23.25190160288751
2026-03-30 20:49:01.000000000,12.435994562043565
2026-03-30 20:55:33.000000000,20.84358059699017
2026-03-30 20:35:46.000000000,10.156666337192885
2026-03-30 20:39:01.000000000,10.113760452881042
2026-03-30 20:07:24.000000000,7.230239379381267
2026-03-30 20:20:28.000000000,9.494148929972209
2026-03-30 21:36:33.000000000,20.313929241851394
2026-03-30 21:08:13.000000000,11.664572042520437
2026-03-30 21:42:09.000000000,16.06111344760044
2026-03-30 21:32:18.000000000,19.33550631193693
2026-03-30 21:29:08.000000000,18.420077111431166
2026-03-30 21:06:47.000000000,17.87101069290956
2026-03-30 21:35:27.000000000,48.58332212198539
2026-03-30 21:02:41.000000000,30.986524867687823
2026-03-30 21:52:41.000000000,15.183743539307358
2026-03-30 21:21:40.000000000,16.080402106795557
2026-03-30 22:49:09.000000000,48.16172007897051
2026-03-30 22:23:39.000000000,20.82490306979138
2026-03-30 22:03:18.000000000,159.13567729050231
2026-03-30 22:37:00.000000000,7.8190112825755556
2026-03-30 22:49:29.000000000,20.979627932059085
2026-03-30 22:59:04.000000000,44.11309041960251
2026-03-30 22:36:56.000000000,28.490466283592806
2026-03-30 22:54:01.000000000,26.467629759087774
2026-03-30 22:14:40.000000000,20.20961969081983
2026-03-30 22:25:02.000000000,9.093739333439249
2026-03-30 22:55:22.000000000,28.484798879404803
2026-03-30 23:10:12.000000000,48.80677833145522
2026-03-30 23:54:05.000000000,11.417727707556814
2026-03-30 23:04:37.000000000,15.886064224624185
2026-03-30 23:05:23.000000000,93.01473987028754
2026-03-30 23:30:08.000000000,29.763612269138445
2026-03-30 23:01:01.000000000,35.355896931639876
2026-03-30 23:34:11.000000000,41.065673588214175
2026-03-30 23:03:41.000000000,12.461344734375327
2026-03-30 23:33:02.000000000,29.78027783976704
2026-03-30 23:01:59.000000000,54.4266521878864
2026-03-30 23:46:33.000000000,9.142957861043786
2026-03-31 00:04:51.000000000,45.770102994557696
2026-03-31 00:51:52.000000000,24.34941527979684
2026-03-31 00:39:27.000000000,27.90071212671356
2026-03-31 00:41:41.000000000,19.632595593282733
2026-03-31 00:05:19.000000000,58.35984832354849
2026-03-31 00:02:37.000000000,29.373989915748407
2026-03-31 00:06:42.000000000,9.771571772539858
2026-03-31 00:58:42.000000000,78.65576520238427
2026-03-31 01:40:03.000000000,17.956188096721117
2026-03-31 01:30:23.000000000,18.97227506933012
2026-03-31 01:07:04.000000000,70.09846092756497
2026-03-31 01:08:37.000000000,29.747892671225383
2026-03-31 02:46:52.000000000,12.981317226034712
2026-03-31 02:47:56.000000000,24.94167739813142
2026-03-31 03:24:25.000000000,27.239837750941692
2026-03-31 03:49:56.000000000,17.432481049546144
2026-03-31 05:40:08.000000000,12.366180675700882
2026-03-31 05:06:03.000000000,16.197163746124236
2026-03-31 05:13:35.000000000,10.024611354203362
2026-03-31 05:02:59.000000000,10.202606951122423
2026-03-31 05:00:19.000000000,97.92459906708443
2026-03-31 05:22:44.000000000,59.42873578894878
2026-03-31 05:44:08.000000000,24.99544692018779
2026-03-31 05:57:10.000000000,24.874228587654173
2026-03-31 05:25:02.000000000,26.486239146657358
2026-03-31 06:52:23.000000000,9.421809319050734
2026-03-31 06:54:10.000000000,9.52881506389883
2026-03-31 06:37:33.000000000,29.52787640911957
2026-03-31 06:23:57.000000000,28.71599963684395
2026-03-31 06:36:01.000000000,30.194065791830486
2026-03-31 06:49:50.000000000,9.33771647360517
2026-03-31 06:00:20.000000000,16.577097823537844
2026-03-31 06:18:19.000000000,52.613452876920164
2026-03-31 06:56:21.000000000,7.932012380336092
2026-03-31 06:17:37.000000000,32.8182898872413
2026-03-31 06:42:54.000000000,9.408460895852038
2026-03-31 06:37:17.000000000,18.830995478971307
2026-03-31 06:12:28.000000000,36.833976237268914
2026-03-31 06:58:32.000000000,50.76173535795916
2026-03-31 07:50:22.000000000,9.51001773433703
2026-03-31 07:05:22.000000000,18.810608698104506
2026-03-31 07:17:26.000000000,18.387701211245467
2026-03-31 07:23:23.000000000,18.287233380538613
2026-03-31 07:28:55.000000000,143.42280676352297
2026-03-31 07:05:49.000000000,19.66971383082465
2026-03-31 07:18:27.000000000,41.54344863858015
2026-03-31 07:40:21.000000000,12.256727909114524
2026-03-31 07:28:15.000000000,10.674741464815256
2026-03-31 07:34:07.000000000,43.700961566082086
2026-03-31 07:27:14.000000000,18.581798283346604
2026-03-31 07:51:00.000000000,20.021194886539273
2026-03-31 07:15:21.000000000,15.285585110752493
2026-03-31 07:53:37.000000000,38.1988846124797
2026-03-31 07:45:28.000000000,17.7319955418161
2026-03-31 07:01:22.000000000,18.096391352704725
2026-03-31 07:44:56.000000000,12.346218131252215
2026-03-31 07:14:51.000000000,27.48063616322416
2026-03-31 07:44:56.000000000,14.356359567811968
2026-03-31 07:47:47.000000000,11.924972618446034
2026-03-31 07:14:52.000000000,12.199383440082507
2026-03-31 08:38:52.000000000,20.86991359855929
2026-03-31 08:05:50.000000000,8.96539760522781
2026-03-31 08:21:18.000000000,8.174372179262544
2026-03-31 08:29:10.000000000,22.95042078377671
2026-03-31 08:17:58.000000000,25.502554878603984
2026-03-31 08:44:19.000000000,44.84285355847245
2026-03-31 08:21:23.000000000,51.77170653389934
2026-03-31 08:52:32.000000000,19.923837817465635
2026-03-31 08:26:31.000000000,11.178306754125341
2026-03-31 08:58:57.000000000,17.96441452569969
2026-03-31 08:07:02.000000000,13.877548554464461
2026-03-31 08:59:32.000000000,34.32751844064083
2026-03-31 08:35:50.000000000,8.991395320307962
2026-03-31 08:11:45.000000000,35.77261326953994
2026-03-31 08:54:23.000000000,8.770711289385886
2026-03-31 08:00:53.000000000,12.16456313820039
2026-03-31 08:34:33.000000000,13.626654781264254
2026-03-31 08:07:38.000000000,11.74881277540571
2026-03-31 08:06:27.000000000,10.231452075418538
2026-03-31 09:01:27.000000000,9.552618527032035
2026-03-31 09:16:37.000000000,7.487979167970385
2026-03-31 09:57:31.000000000,76.27562921907597
2026-03-31 09:10:48.000000000,19.1946038407344
2026-03-31 09:53:56.000000000,7.517049115168284
2026-03-31 09:04:55.000000000,14.122141797022334
2026-03-31 09:59:31.000000000,9.311163840088387
2026-03-31 09:32:22.000000000,26.91138816937899
2026-03-31 09:42:10.000000000,26.690014343446027
2026-03-31 09:00:37.000000000,15.58801039335771
2026-03-31 09:07:51.000000000,30.832734985557362
2026-03-31 09:06:35.000000000,40.24963637669218
2026-03-31 09:58:59.000000000,39.59823194862708
2026-03-31 09:59:31.000000000,52.32905436171042
2026-03-31 09:57:22.000000000,27.481245374553904
2026-03-31 09:57:31.000000000,3.4314136517346396
2026-03-31 09:47:55.000000000,37.73175735642205
2026-03-31 09:59:47.000000000,8.19034187775205
2026-03-31 09:33:26.000000000,8.829054547449797
2026-03-31 09:15:27.000000000,11.091284477229
2026-03-31 09:02:17.000000000,16.604845807005844
2026-03-31 09:12:30.000000000,22.44870650001381
2026-03-31 09:32:58.000000000,21.02191379959225
2026-03-31 09:52:22.000000000,53.989194550570666
2026-03-31 10:24:21.000000000,61.05239757253787
2026-03-31 10:56:12.000000000,42.834721966787136
2026-03-31 10:19:30.000000000,13.960816491273896
2026-03-31 10:19:55.000000000,36.079584377111054
2026-03-31 10:09:04.000000000,10.576386998137554
2026-03-31 10:47:12.000000000,15.505789581219467
2026-03-31 10:15:46.000000000,17.263402497198324
2026-03-31 10:57:16.000000000,23.019539528704268
2026-03-31 10:02:37.000000000,9.668424553796942
2026-03-31 10:29:09.000000000,10.662587102344698
2026-03-31 11:11:25.000000000,36.73119339480968
2026-03-31 11:17:08.000000000,19.654311953946316
2026-03-31 11:22:05.000000000,33.60724834632436
2026-03-31 11:40:34.000000000,82.18989189858269
2026-03-31 11:47:37.000000000,12.30752076486592
2026-03-31 11:23:57.000000000,21.216478913050164
2026-03-31 11:07:34.000000000,11.684429256588693
2026-03-31 12:59:47.000000000,23.211061053294035
2026-03-31 12:10:39.000000000,6.798853974518989
2026-03-31 12:01:36.000000000,29.94441550399055
2026-03-31 12:28:24.000000000,22.372896904857665
2026-03-31 12:37:42.000000000,14.31653713260884
2026-03-31 12:46:10.000000000,26.98653760829848
2026-03-31 12:01:11.000000000,15.781706739240377
2026-03-31 12:26:37.000000000,66.97566244287162
2026-03-31 12:00:41.000000000,8.722707943234134
2026-03-31 12:57:28.000000000,44.33623093792952
2026-03-31 12:44:17.000000000,15.480111277723413
2026-03-31 12:44:56.000000000,43.32428342542043
2026-03-31 12:28:19.000000000,8.480600552767868
2026-03-31 12:07:40.000000000,25.598252173190378
2026-03-31 12:58:07.000000000,8.286069878865208
2026-03-31 12:10:19.000000000,8.662497150745661
2026-03-31 12:31:03.000000000,60.15353927432391
2026-03-31 13:24:35.000000000,51.3566627664172
2026-03-31 13:36:59.000000000,10.756622199187753
2026-03-31 13:28:45.000000000,72.01885753716212
2026-03-31 13:32:03.000000000,41.07898163072067
2026-03-31 13:25:15.000000000,16.66682137033585
2026-03-31 13:58:00.000000000,7.123185739735803
2026-03-31 13:46:56.000000000,47.959077668814025
2026-03-31 13:50:02.000000000,20.78331605595162
2026-03-31 13:52:16.000000000,64.18127221235596
2026-03-31 14:55:43.000000000,19.077933037006854
2026-03-31 14:24:55.000000000,8.653239236566431
2026-03-31 14:42:39.000000000,14.300097238612441
2026-03-31 14:10:54.000000000,8.522847852262242
2026-03-31 14:57:37.000000000,7.377046141540173
2026-03-31 14:14:26.000000000,80.01496287603666
2026-03-31 14:59:44.000000000,16.67615811663487
2026-03-31 14:25:06.000000000,27.600797617349198
2026-03-31 14:07:22.000000000,11.17637510886724
2026-03-31 14:33:51.000000000,36.74755653714352
2026-03-31 14:19:16.000000000,16.273330629074007
2026-03-31 14:44:58.000000000,21.196484036832327
2026-03-31 14:17:00.000000000,34.933798440671474
2026-03-31 14:44:21.000000000,106.18525408467903
2026-03-31 14:36:47.000000000,36.5679136199235
2026-03-31 14:15:35.000000000,23.612996020294073
2026-03-31 14:45:12.000000000,17.003354731517884
2026-03-31 14:37:11.000000000,17.747889529687196
2026-03-31 14:31:13.000000000,42.24796848647358
2026-03-31 15:56:52.000000000,12.03421731606554
2026-03-31 15:38:57.000000000,32.798950793447325
2026-03-31 15:33:51.000000000,11.002517599571195
2026-03-31 15:16:10.000000000,49.379455825742944
2026-03-31 15:13:33.000000000,40.52256497228439
2026-03-31 15:41:15.000000000,25.706817268747844
2026-03-31 15:46:24.000000000,23.82012980511323
2026-03-31 15:37:03.000000000,16.39484748808208
2026-03-31 15:57:51.000000000,29.718408886864427
2026-03-31 15:13:20.000000000,11.825264924307582
2026-03-31 15:07:15.000000000,119.16874279763428
2026-03-31 15:51:18.000000000,9.427078960658559
2026-03-31 15:03:21.000000000,11.440946362184654
2026-03-31 16:59:43.000000000,23.97177785490727
2026-03-31 16:38:44.000000000,16.42038312848529
2026-03-31 16:39:45.000000000,12.370398557961597
2026-03-31 16:10:35.000000000,17.19427740662179
2026-03-31 16:41:12.000000000,21.295726488021433
2026-03-31 16:34:40.000000000,12.13468101461077
2026-03-31 16:22:40.000000000,35.45579044074668
2026-03-31 16:35:47.000000000,8.481569239270687
2026-03-31 16:40:45.000000000,34.598202240474244
2026-03-31 16:52:06.000000000,19.244048411371214
2026-03-31 16:06:35.000000000,20.756755940713287
2026-03-31 16:30:57.000000000,15.586443689479601
2026-03-31 16:22:55.000000000,19.795747886427787
2026-03-31 17:54:09.000000000,29.753390588705212
2026-03-31 17:55:41.000000000,15.260397299455864
2026-03-31 17:42:58.000000000,12.15421432452547
2026-03-31 17:48:00.000000000,25.817265887385037
2026-03-31 17:40:00.000000000,40.12877265370918
2026-03-31 17:35:37.000000000,30.51712049694014
2026-03-31 17:36:42.000000000,16.852900283307445
2026-03-31 17:28:30.000000000,12.060162574549555
2026-03-31 17:42:31.000000000,21.62102900406889
2026-03-31 17:15:55.000000000,9.53869012937658
2026-03-31 18:21:50.000000000,13.55617513141237
2026-03-31 18:18:25.000000000,11.782128506589324
2026-03-31 18:14:10.000000000,23.728976537222866
2026-03-31 18:04:56.000000000,13.658789333599955
2026-03-31 18:24:55.000000000,37.55792548628857
2026-03-31 18:55:11.000000000,13.45801898300235
2026-03-31 18:12:16.000000000,15.305782745819954
2026-03-31 18:48:45.000000000,18.27321061087269
2026-03-31 18:30:21.000000000,154.634789036615
2026-03-31 18:52:28.000000000,30.810269778029262
2026-03-31 18:53:25.000000000,38.25398731105725
2026-03-31 18:24:54.000000000,14.705929663200607
2026-03-31 18:25:26.000000000,22.190216138831875
2026-03-31 18:50:01.000000000,12.659461521005898
2026-03-31 18:34:22.000000000,37.79304713808181
2026-03-31 18:13:47.000000000,50.07820706413844
2026-03-31 18:00:21.000000000,15.507747579755563
2026-03-31 18:44:10.000000000,21.951986021196955
2026-03-31 18:35:32.000000000,54.6210349132053
2026-03-31 19:05:14.000000000,206.83285087112293
2026-03-31 19:30:41.000000000,21.44840239528744
2026-03-31 19:28:08.000000000,19.753318391865758
2026-03-31 19:12:46.000000000,34.30777422937883
2026-03-31 19:29:54.000000000,23.9806445335177
2026-03-31 19:57:52.000000000,23.83388058442448
2026-03-31 19:00:12.000000000,14.257281468456434
2026-03-31 19:01:37.000000000,17.590939748174936
2026-03-31 19:31:03.000000000,35.42599076844847
2026-03-31 20:18:18.000000000,12.544278181494334
2026-03-31 20:25:25.000000000,10.563293279788606
2026-03-31 20:40:46.000000000,33.02595398140779
2026-03-31 20:02:13.000000000,28.361506265556773
2026-03-31 20:59:56.000000000,26.989762835868422
2026-03-31 20:57:01.000000000,7.158551909654971
2026-03-31 20:14:25.000000000,19.15377142632511
2026-03-31 20:02:26.000000000,21.337032766902954
2026-03-31 20:02:15.000000000,24.341286809313356
2026-03-31 20:41:22.000000000,18.611607236433553
2026-03-31 20:27:29.000000000,16.757308048572728
2026-03-31 20:50:51.000000000,27.072346141451472
2026-03-31 20:27:23.000000000,63.60835393126854
2026-03-31 20:43:24.000000000,28.71248428710724
2026-03-31 20:44:52.000000000,19.418299075366438
2026-03-31 20:15:52.000000000,11.162690882086654
2026-03-31 20:04:28.000000000,47.00119467552513
2026-03-31 21:12:45.000000000,10.22569512256268
2026-03-31 21:21:50.000000000,8.284784791979453
2026-03-31 21:50:40.000000000,29.52319095304212
2026-03-31 21:24:25.000000000,17.38762839630228
2026-03-31 21:18:24.000000000,51.56399901018511
2026-03-31 21:21:37.000000000,32.862148792162024
2026-03-31 21:53:10.000000000,10.411391706923819
2026-03-31 21:00:48.000000000,44.257355360825805
2026-03-31 21:20:41.000000000,58.460224027875746
2026-03-31 21:57:15.000000000,7.606641003490795
2026-03-31 21:17:17.000000000,10.64978203982874
2026-03-31 21:55:04.000000000,49.54266877453339
2026-03-31 21:22:07.000000000,36.242419835736
2026-03-31 21:33:39.000000000,77.88417170473451
2026-03-31 21:12:36.000000000,45.152256802122245
2026-03-31 21:19:42.000000000,21.822288243415738
2026-03-31 21:16:27.000000000,16.9885364792715
2026-03-31 21:55:44.000000000,20.192142329219738
2026-03-31 21:46:49.000000000,18.578405812522615
2026-03-31 21:03:15.000000000,25.028778434509714
2026-03-31 21:26:12.000000000,9.234304687411914
2026-03-31 22:24:59.000000000,28.26383358258521
2026-03-31 22:34:40.000000000,25.688796266710565
2026-03-31 22:24:20.000000000,40.49905668378117
2026-03-31 22:39:16.000000000,25.85594496311891
2026-03-31 22:03:05.000000000,45.92676847453055
2026-03-31 22:30:10.000000000,39.90622650779135
2026-03-31 22:32:44.000000000,8.935411720498976
2026-03-31 22:16:05.000000000,135.96341925127652
2026-03-31 22:23:37.000000000,13.380062672033613
2026-03-31 22:36:49.000000000,22.921535321609827
2026-03-31 23:00:43.000000000,33.00927798390865
2026-03-31 23:36:07.000000000,19.016951204278538
2026-03-31 23:06:20.000000000,23.704851775403835
2026-03-31 23:59:45.000000000,45.31144566702745
2026-03-31 23:19:23.000000000,75.72824393592416
2026-03-31 23:32:45.000000000,119.3919736160254
2026-03-31 23:08:39.000000000,29.611175568941402
2026-03-31 23:09:09.000000000,21.190922932655937
2026-03-31 23:39:46.000000000,32.62388189264147
2026-03-31 23:45:44.000000000,14.00819798807565
