pickup_datetime,base_passenger_fare
2026-03-01 00:45:49.000000000,48.502106
2026-03-01 00:36:44.000000000,17.84406
2026-03-01 00:38:05.000000000,10.941495
2026-03-01 00:01:04.000000000,7.4467287
2026-03-01 00:43:49.000000000,82.9923
2026-03-01 00:05:03.000000000,15.742495
2026-03-01 00:34:55.000000000,12.49982
2026-03-01 00:27:54.000000000,75.413925
2026-03-01 00:18:28.000000000,12.549073
2026-03-01 00:56:18.000000000,27.74332
2026-03-01 00:02:02.000000000,16.932137
2026-03-01 00:49:18.000000000,17.203602
2026-03-01 00:59:53.000000000,13.839581
2026-03-01 00:31:00.000000000,15.238228
2026-03-01 00:00:08.000000000,75.767586
2026-03-01 00:32:09.000000000,66.8786
2026-03-01 00:29:25.000000000,8.797243
2026-03-01 00:27:22.000000000,29.023092
2026-03-01 00:13:06.000000000,39.56673
2026-03-01 00:57:29.000000000,13.379416
2026-03-01 00:45:18.000000000,6.4946165
2026-03-01 00:29:53.000000000,19.907774
2026-03-01 00:26:03.000000000,16.822954
2026-03-01 00:13:54.000000000,22.909498
2026-03-01 00:01:03.000000000,52.0053
2026-03-01 00:50:17.000000000,11.032269
2026-03-01 00:35:16.000000000,79.52745
2026-03-01 00:06:20.000000000,78.90267
2026-03-01 00:33:38.000000000,72.767494
2026-03-01 00:51:47.000000000,65.44367
2026-03-01 00:55:48.000000000,10.582043
2026-03-01 00:12:48.000000000,44.71496
2026-03-01 01:10:22.000000000,9.9528265
2026-03-01 01:24:02.000000000,164.89334
2026-03-01 01:10:52.000000000,28.6977
2026-03-01 01:18:13.000000000,18.27513
2026-03-01 01:15:10.000000000,21.858875
2026-03-01 01:10:33.000000000,41.34627
2026-03-01 01:10:27.000000000,9.660949
2026-03-01 01:01:07.000000000,36.639862
2026-03-01 01:45:39.000000000,27.762152
2026-03-01 01:15:41.000000000,9.388871
2026-03-01 01:50:39.000000000,18.166393
2026-03-01 01:29:43.000000000,16.905724
2026-03-01 01:25:54.000000000,8.845352
2026-03-01 01:16:19.000000000,23.278788
2026-03-01 01:30:24.000000000,45.51128
2026-03-01 01:32:22.000000000,27.904882
2026-03-01 01:01:10.000000000,26.626476
2026-03-01 01:13:37.000000000,15.278661
2026-03-01 01:04:12.000000000,15.448608
2026-03-01 01:35:44.000000000,13.066395
2026-03-01 01:48:21.000000000,6.437064
2026-03-01 01:58:14.000000000,26.323347
2026-03-01 01:40:21.000000000,49.247105
2026-03-01 02:21:34.000000000,76.69645
2026-03-01 02:39:24.000000000,63.9615
2026-03-01 02:01:29.000000000,41.58403
2026-03-01 02:07:02.000000000,24.770872
2026-03-01 02:29:12.000000000,36.40959
2026-03-01 02:19:23.000000000,51.633354
2026-03-01 02:11:38.000000000,25.368649
2026-03-01 02:39:50.000000000,12.436722
2026-03-01 02:05:26.000000000,8.943404
2026-03-01 02:13:51.000000000,12.642805
2026-03-01 02:06:47.000000000,16.015747
2026-03-01 02:32:26.000000000,15.475094
2026-03-01 02:34:29.000000000,20.751081
2026-03-01 02:09:44.000000000,29.76955
2026-03-01 02:31:48.000000000,36.37959
2026-03-01 03:20:59.000000000,48.349953
2026-03-01 03:53:53.000000000,17.593723
2026-03-01 03:23:31.000000000,17.186615
2026-03-01 03:06:48.000000000,8.962687
2026-03-01 03:05:16.000000000,19.361485
2026-03-01 03:17:19.000000000,27.883698
2026-03-01 03:28:15.000000000,19.413137
2026-03-01 03:12:04.000000000,69.76439
2026-03-01 03:34:27.000000000,11.082599
2026-03-01 03:44:14.000000000,88.73018
2026-03-01 03:46:42.000000000,19.773403
2026-03-01 03:07:58.000000000,15.746655
2026-03-01 03:00:15.000000000,17.692862
2026-03-01 03:13:54.000000000,30.466171
2026-03-01 03:16:06.000000000,21.296745
2026-03-01 03:33:03.000000000,55.01346
2026-03-01 04:57:36.000000000,32.327805
2026-03-01 04:18:34.000000000,45.013794
2026-03-01 04:08:18.000000000,27.646187
2026-03-01 04:40:15.000000000,39.307533
2026-03-01 04:42:06.000000000,40.764515
2026-03-01 04:53:26.000000000,18.4578
2026-03-01 04:02:57.000000000,39.454716
2026-03-01 04:01:43.000000000,44.780704
2026-03-01 04:49:48.000000000,40.894028
2026-03-01 05:11:13.000000000,50.536102
2026-03-01 05:10:11.000000000,61.60155
2026-03-01 06:04:53.000000000,15.970023
2026-03-01 06:28:36.000000000,26.023611
2026-03-01 06:00:06.000000000,16.814615
2026-03-01 06:03:12.000000000,9.771777
2026-03-01 06:13:49.000000000,25.60081
2026-03-01 06:00:55.000000000,23.56592
2026-03-01 06:43:00.000000000,12.378464
2026-03-01 06:53:59.000000000,64.01906
2026-03-01 07:38:51.000000000,20.261385
2026-03-01 07:31:13.000000000,13.602026
2026-03-01 07:49:02.000000000,6.9243956
2026-03-01 07:52:43.000000000,20.580015
2026-03-01 07:15:31.000000000,13.505389
2026-03-01 07:46:07.000000000,21.279926
2026-03-01 07:44:34.000000000,16.809708
2026-03-01 08:44:41.000000000,9.750761
2026-03-01 08:31:09.000000000,48.010456
2026-03-01 08:30:48.000000000,8.167024
2026-03-01 08:59:18.000000000,11.916545
2026-03-01 08:14:47.000000000,40.09535
2026-03-01 08:00:19.000000000,51.465664
2026-03-01 08:32:58.000000000,8.899441
2026-03-01 08:06:14.000000000,18.611149
2026-03-01 08:13:35.000000000,25.03017
2026-03-01 08:46:29.000000000,13.430438
2026-03-01 08:04:10.000000000,8.950205
2026-03-01 08:27:56.000000000,8.877194
2026-03-01 09:31:05.000000000,44.363674
2026-03-01 09:43:24.000000000,16.98981
2026-03-01 09:51:47.000000000,38.57917
2026-03-01 09:46:40.000000000,41.13536
2026-03-01 09:52:13.000000000,18.697275
2026-03-01 09:19:13.000000000,13.221845
2026-03-01 09:50:36.000000000,11.323117
2026-03-01 09:04:37.000000000,10.118756
2026-03-01 09:09:29.000000000,45.723866
2026-03-01 10:00:46.000000000,9.017804
2026-03-01 10:15:22.000000000,11.7183075
2026-03-01 10:26:25.000000000,12.38544
2026-03-01 10:27:16.000000000,17.232643
2026-03-01 10:12:50.000000000,66.65557
2026-03-01 10:33:55.000000000,45.27384
2026-03-01 10:02:31.000000000,11.7750225
2026-03-01 10:39:04.000000000,20.672794
2026-03-01 10:35:27.000000000,35.943836
2026-03-01 10:16:11.000000000,69.857796
2026-03-01 10:55:11.000000000,6.862982
2026-03-01 10:44:01.000000000,21.503283
2026-03-01 10:06:03.000000000,26.278378
2026-03-01 10:51:02.000000000,37.497307
2026-03-01 10:53:07.000000000,29.972153
2026-03-01 10:22:49.000000000,47.08018
2026-03-01 10:54:40.000000000,11.644564
2026-03-01 10:13:02.000000000,79.59132
2026-03-01 10:33:29.000000000,30.991545
2026-03-01 10:43:59.000000000,34.113182
2026-03-01 11:43:33.000000000,24.92255
2026-03-01 11:33:57.000000000,26.077688
2026-03-01 11:12:51.000000000,13.43883
2026-03-01 11:48:46.000000000,20.350874
2026-03-01 11:51:17.000000000,32.06645
2026-03-01 11:13:35.000000000,26.561289
2026-03-01 11:08:13.000000000,16.046637
2026-03-01 11:32:39.000000000,8.173366
2026-03-01 11:45:27.000000000,11.632648
2026-03-01 11:28:56.000000000,35.773533
2026-03-01 11:08:29.000000000,23.496569
2026-03-01 11:16:24.000000000,58.346737
2026-03-01 11:52:12.000000000,29.50837
2026-03-01 11:05:23.000000000,32.68926
2026-03-01 11:56:22.000000000,26.450697
2026-03-01 12:31:49.000000000,13.169134
2026-03-01 12:37:49.000000000,46.94773
2026-03-01 12:15:47.000000000,12.913427
2026-03-01 12:08:46.000000000,10.684949
2026-03-01 12:34:29.000000000,23.822319
2026-03-01 12:42:28.000000000,15.568752
2026-03-01 12:20:35.000000000,55.608047
2026-03-01 12:55:10.000000000,8.405108
2026-03-01 12:52:47.000000000,19.204514
2026-03-01 12:48:45.000000000,10.032983
2026-03-01 12:57:04.000000000,17.407585
2026-03-01 12:10:59.000000000,17.56743
2026-03-01 12:51:44.000000000,9.732021
2026-03-01 12:11:25.000000000,10.780179
2026-03-01 12:31:11.000000000,25.369738
2026-03-01 12:21:47.000000000,41.101658
2026-03-01 12:55:15.000000000,15.939824
2026-03-01 12:38:50.000000000,33.609043
2026-03-01 12:23:00.000000000,17.39791
2026-03-01 12:51:11.000000000,20.132872
2026-03-01 12:56:48.000000000,18.215584
2026-03-01 13:36:56.000000000,11.693298
2026-03-01 13:14:34.000000000,6.5506344
2026-03-01 13:14:07.000000000,11.623016
2026-03-01 13:13:42.000000000,22.403492
2026-03-01 13:12:55.000000000,33.922924
2026-03-01 13:18:37.000000000,8.805779
2026-03-01 13:01:15.000000000,26.246376
2026-03-01 13:18:06.000000000,6.90439
2026-03-01 13:52:07.000000000,23.263968
2026-03-01 13:14:32.000000000,47.955193
2026-03-01 13:48:28.000000000,8.736746
2026-03-01 13:38:45.000000000,23.332209
2026-03-01 13:52:02.000000000,17.850641
2026-03-01 14:56:50.000000000,25.182335
2026-03-01 14:13:20.000000000,12.078369
2026-03-01 14:38:00.000000000,23.03101
2026-03-01 14:50:50.000000000,16.627808
2026-03-01 14:02:58.000000000,8.863175
2026-03-01 14:51:48.000000000,14.55469
2026-03-01 14:37:44.000000000,26.472858
2026-03-01 14:26:58.000000000,11.671922
2026-03-01 14:12:51.000000000,14.016766
2026-03-01 14:27:16.000000000,19.105867
2026-03-01 14:34:04.000000000,9.926859
2026-03-01 14:40:05.000000000,9.8698225
2026-03-01 14:40:07.000000000,13.579089
2026-03-01 14:45:04.000000000,60.27695
2026-03-01 14:38:49.000000000,26.551323
2026-03-01 14:59:24.000000000,46.648323
2026-03-01 14:07:00.000000000,10.397202
2026-03-01 14:34:34.000000000,18.038174
2026-03-01 15:33:57.000000000,37.234055
2026-03-01 15:25:47.000000000,20.525599
2026-03-01 15:34:17.000000000,9.4332
2026-03-01 15:45:39.000000000,44.428036
2026-03-01 15:34:32.000000000,19.848763
2026-03-01 15:52:54.000000000,56.37807
2026-03-01 15:01:01.000000000,19.077465
2026-03-01 15:03:46.000000000,24.155579
2026-03-01 15:28:00.000000000,13.144181
2026-03-01 15:39:10.000000000,31.3591
2026-03-01 15:44:15.000000000,15.139591
2026-03-01 15:51:24.000000000,137.47333
2026-03-01 15:07:36.000000000,11.69721
2026-03-01 15:16:52.000000000,69.58785
2026-03-01 15:00:12.000000000,16.960575
2026-03-01 15:45:41.000000000,34.713116
2026-03-01 15:14:48.000000000,54.78583
2026-03-01 15:23:10.000000000,44.02689
2026-03-01 16:16:55.000000000,33.862698
2026-03-01 16:06:55.000000000,14.688938
2026-03-01 16:44:10.000000000,35.886734
2026-03-01 16:20:19.000000000,17.728895
2026-03-01 16:28:17.000000000,23.6826
2026-03-01 16:36:38.000000000,19.962524
2026-03-01 16:14:31.000000000,13.355069
2026-03-01 16:16:07.000000000,9.202031
2026-03-01 16:10:38.000000000,18.65221
2026-03-01 16:44:09.000000000,29.698769
2026-03-01 16:55:11.000000000,12.956091
2026-03-01 16:35:27.000000000,48.34296
2026-03-01 16:56:43.000000000,8.397186
2026-03-01 16:58:57.000000000,105.25697
2026-03-01 17:22:39.000000000,11.628354
2026-03-01 17:18:27.000000000,20.422302
2026-03-01 17:59:00.000000000,14.487167
2026-03-01 17:18:21.000000000,14.695886
2026-03-01 17:09:30.000000000,25.545982
2026-03-01 17:01:29.000000000,17.100296
2026-03-01 17:37:04.000000000,52.812584
2026-03-01 17:34:31.000000000,11.514645
2026-03-01 17:54:51.000000000,49.769264
2026-03-01 17:32:18.000000000,15.982641
2026-03-01 17:45:45.000000000,20.954266
2026-03-01 17:00:09.000000000,15.272122
2026-03-01 17:43:07.000000000,11.903148
2026-03-01 17:09:36.000000000,23.713106
2026-03-01 17:01:43.000000000,37.665455
2026-03-01 17:09:36.000000000,27.801771
2026-03-01 17:55:50.000000000,7.9394574
2026-03-01 17:54:09.000000000,21.343931
2026-03-01 17:02:30.000000000,7.6664305
2026-03-01 18:29:46.000000000,19.592133
2026-03-01 18:18:35.000000000,8.414543
2026-03-01 18:16:31.000000000,38.39872
2026-03-01 18:19:42.000000000,41.59548
2026-03-01 18:05:12.000000000,10.842141
2026-03-01 18:12:29.000000000,15.07573
2026-03-01 18:06:06.000000000,39.12921
2026-03-01 18:12:21.000000000,33.40989
2026-03-01 18:28:02.000000000,34.512886
2026-03-01 18:50:24.000000000,20.219143
2026-03-01 18:32:39.000000000,42.670776
2026-03-01 18:04:30.000000000,29.148664
2026-03-01 18:50:23.000000000,17.210648
2026-03-01 18:25:02.000000000,31.118784
2026-03-01 19:52:14.000000000,80.57
2026-03-01 19:52:01.000000000,10.109866
2026-03-01 19:12:56.000000000,50.9528
2026-03-01 19:25:02.000000000,84.05073
2026-03-01 19:22:59.000000000,19.498707
2026-03-01 19:11:22.000000000,38.873432
2026-03-01 19:42:09.000000000,9.44504
2026-03-01 19:52:01.000000000,89.34515
2026-03-01 19:48:08.000000000,199.02821
2026-03-01 19:17:53.000000000,13.215728
2026-03-01 19:56:13.000000000,12.049916
2026-03-01 19:24:48.000000000,14.075583
2026-03-01 19:56:17.000000000,39.692467
2026-03-01 19:35:53.000000000,25.71738
2026-03-01 19:27:55.000000000,8.864971
2026-03-01 19:01:31.000000000,9.955708
2026-03-01 19:26:17.000000000,10.197956
2026-03-01 19:30:46.000000000,26.778269
2026-03-01 19:03:13.000000000,75.32164
2026-03-01 19:29:48.000000000,6.6426888
2026-03-01 19:12:09.000000000,16.76959
2026-03-01 19:02:57.000000000,16.804949
2026-03-01 19:21:13.000000000,12.976166
2026-03-01 19:52:38.000000000,11.920109
2026-03-01 20:42:22.000000000,13.090239
2026-03-01 20:54:15.000000000,18.166737
2026-03-01 20:23:25.000000000,39.50926
2026-03-01 20:03:25.000000000,23.267931
2026-03-01 20:00:55.000000000,45.333412
2026-03-01 20:02:39.000000000,29.384708
2026-03-01 20:35:50.000000000,33.22934
2026-03-01 20:33:12.000000000,15.465259
2026-03-01 20:45:45.000000000,42.264442
2026-03-01 20:56:58.000000000,10.632351
2026-03-01 20:58:38.000000000,12.557372
2026-03-01 20:06:21.000000000,10.052641
2026-03-01 20:05:56.000000000,17.310154
2026-03-01 20:11:59.000000000,21.38229
2026-03-01 20:40:21.000000000,21.8779
2026-03-01 20:02:31.000000000,23.058529
2026-03-01 20:56:55.000000000,9.278367
2026-03-01 21:24:24.000000000,38.495018
2026-03-01 21:19:54.000000000,40.561596
2026-03-01 21:19:54.000000000,7.5675955
2026-03-01 21:53:29.000000000,18.655516
2026-03-01 21:12:06.000000000,13.322029
2026-03-01 21:19:57.000000000,16.602575
2026-03-01 21:44:00.000000000,42.04658
2026-03-01 21:07:33.000000000,30.486052
2026-03-01 21:55:20.000000000,36.85474
2026-03-01 21:15:13.000000000,6.867062
2026-03-01 21:35:49.000000000,98.74867
2026-03-01 21:48:18.000000000,11.689375
2026-03-01 21:15:03.000000000,31.523203
2026-03-01 22:37:28.000000000,25.255894
2026-03-01 22:44:50.000000000,8.871302
2026-03-01 22:35:52.000000000,15.806995
2026-03-01 22:24:04.000000000,8.979874
2026-03-01 22:41:40.000000000,27.821112
2026-03-01 22:07:16.000000000,10.855674
2026-03-01 22:22:01.000000000,6.042463
2026-03-01 23:33:44.000000000,54.13476
2026-03-01 23:35:56.000000000,11.829085
2026-03-01 23:26:11.000000000,21.23261
2026-03-01 23:41:25.000000000,18.457767
2026-03-01 23:33:23.000000000,55.85777
2026-03-01 23:56:13.000000000,22.79836
2026-03-01 23:51:14.000000000,11.163453
2026-03-01 23:19:29.000000000,9.704411
2026-03-01 23:19:05.000000000,37.31299
2026-03-01 23:21:50.000000000,19.481678
2026-03-01 23:56:34.000000000,19.723627
2026-03-02 00:11:29.000000000,32.015873
2026-03-02 00:34:18.000000000,37.157173
2026-03-02 00:39:42.000000000,12.484198
2026-03-02 00:15:29.000000000,21.21602
2026-03-02 00:57:48.000000000,29.533344
2026-03-02 00:32:34.000000000,10.068978
2026-03-02 01:06:07.000000000,12.011414
2026-03-02 01:39:04.000000000,7.2955713
2026-03-02 01:59:33.000000000,18.776863
2026-03-02 02:57:56.000000000,26.103855
2026-03-02 02:20:49.000000000,36.647396
2026-03-02 02:31:46.000000000,13.192101
2026-03-02 02:32:24.000000000,59.67888
2026-03-02 03:06:18.000000000,13.269073
2026-03-02 03:07:21.000000000,40.122982
2026-03-02 03:15:58.000000000,12.634557
2026-03-02 03:35:27.000000000,17.307423
2026-03-02 03:39:41.000000000,24.595844
2026-03-02 04:57:41.000000000,17.015196
2026-03-02 04:45:05.000000000,65.167915
2026-03-02 05:57:47.000000000,15.864765
2026-03-02 05:50:43.000000000,16.972815
2026-03-02 05:42:29.000000000,15.684373
2026-03-02 05:25:34.000000000,9.839218
2026-03-02 05:59:07.000000000,62.729206
2026-03-02 05:14:45.000000000,5.998886
2026-03-02 06:40:33.000000000,8.518363
2026-03-02 06:44:22.000000000,31.670195
2026-03-02 06:31:55.000000000,23.147192
2026-03-02 06:10:41.000000000,82.6795
2026-03-02 06:31:06.000000000,57.022762
2026-03-02 06:02:41.000000000,82.049965
2026-03-02 06:39:30.000000000,14.234808
2026-03-02 06:23:28.000000000,20.445751
2026-03-02 06:50:33.000000000,27.44668
2026-03-02 06:34:06.000000000,20.7622
2026-03-02 07:30:35.000000000,20.24141
2026-03-02 07:58:12.000000000,9.449416
2026-03-02 07:09:54.000000000,29.86605
2026-03-02 07:39:11.000000000,21.333004
2026-03-02 07:58:29.000000000,21.008448
2026-03-02 07:45:00.000000000,44.961155
2026-03-02 07:12:48.000000000,14.404481
2026-03-02 07:11:47.000000000,23.889956
2026-03-02 07:49:27.000000000,21.864511
2026-03-02 07:51:12.000000000,15.712542
2026-03-02 07:18:08.000000000,57.274494
2026-03-02 07:34:16.000000000,14.577115
2026-03-02 08:42:37.000000000,56.83576
2026-03-02 08:18:04.000000000,14.2994175
2026-03-02 08:48:36.000000000,29.735003
2026-03-02 08:07:19.000000000,15.909379
2026-03-02 08:28:47.000000000,16.1189
2026-03-02 08:49:49.000000000,7.4499884
2026-03-02 08:06:26.000000000,20.909279
2026-03-02 08:17:02.000000000,35.210976
2026-03-02 08:17:38.000000000,11.772837
2026-03-02 08:15:42.000000000,20.334925
2026-03-02 08:52:26.000000000,27.204939
2026-03-02 08:28:22.000000000,19.73132
2026-03-02 08:59:15.000000000,9.6816225
2026-03-02 08:07:44.000000000,18.69073
2026-03-02 08:44:52.000000000,50.983624
2026-03-02 08:56:05.000000000,14.965984
2026-03-02 08:15:13.000000000,31.32273
2026-03-02 08:02:21.000000000,27.995388
2026-03-02 08:05:37.000000000,42.22982
2026-03-02 08:02:05.000000000,41.680923
2026-03-02 09:17:22.000000000,13.194928
2026-03-02 09:57:59.000000000,9.471286
2026-03-02 09:48:41.000000000,13.05099
2026-03-02 09:39:41.000000000,7.97084
2026-03-02 09:33:19.000000000,16.27865
2026-03-02 09:20:45.000000000,15.406427
2026-03-02 09:41:35.000000000,11.6560755
2026-03-02 09:33:53.000000000,11.867347
2026-03-02 09:22:41.000000000,9.669225
2026-03-02 09:11:27.000000000,47.87794
2026-03-02 09:53:23.000000000,20.490896
2026-03-02 09:47:01.000000000,14.854978
2026-03-02 09:10:35.000000000,43.90336
2026-03-02 09:35:21.000000000,28.784735
2026-03-02 09:45:10.000000000,14.531895
2026-03-02 09:11:40.000000000,89.02162
2026-03-02 09:49:57.000000000,11.115076
2026-03-02 09:48:47.000000000,45.09808
2026-03-02 09:35:11.000000000,14.90051
2026-03-02 09:53:12.000000000,21.79083
2026-03-02 09:15:43.000000000,13.668332
2026-03-02 09:31:10.000000000,39.14171
2026-03-02 10:21:36.000000000,9.740686
2026-03-02 10:35:07.000000000,30.817383
2026-03-02 10:23:00.000000000,31.25444
2026-03-02 10:02:52.000000000,21.327272
2026-03-02 10:56:26.000000000,12.539823
2026-03-02 10:57:13.000000000,6.926845
2026-03-02 10:05:41.000000000,26.589201
2026-03-02 10:22:19.000000000,20.626299
2026-03-02 10:38:40.000000000,10.832965
2026-03-02 10:24:02.000000000,15.082019
2026-03-02 10:30:14.000000000,52.485447
2026-03-02 10:56:51.000000000,9.679113
2026-03-02 10:24:17.000000000,19.66152
2026-03-02 10:50:04.000000000,17.260508
2026-03-02 10:07:53.000000000,19.264416
2026-03-02 10:47:32.000000000,23.775867
2026-03-02 10:05:01.000000000,25.375492
2026-03-02 10:01:54.000000000,16.20466
2026-03-02 10:23:26.000000000,33.103752
2026-03-02 11:54:10.000000000,98.03419
2026-03-02 11:24:47.000000000,22.354595
2026-03-02 11:51:29.000000000,6.873279
2026-03-02 11:09:59.000000000,31.16886
2026-03-02 11:44:58.000000000,11.8586
2026-03-02 11:39:50.000000000,6.5996094
2026-03-02 11:35:41.000000000,62.972942
2026-03-02 11:17:14.000000000,14.360929
2026-03-02 11:40:19.000000000,35.282784
2026-03-02 12:17:37.000000000,13.355069
2026-03-02 12:13:09.000000000,11.560692
2026-03-02 12:11:20.000000000,29.886675
2026-03-02 12:37:45.000000000,24.630342
2026-03-02 12:41:54.000000000,30.435833
2026-03-02 12:13:46.000000000,6.4924564
2026-03-02 12:51:28.000000000,94.25198
2026-03-02 12:56:55.000000000,26.541971
2026-03-02 12:55:33.000000000,22.951775
2026-03-02 12:19:32.000000000,44.75571
2026-03-02 12:26:57.000000000,15.536391
2026-03-02 12:33:49.000000000,69.19955
2026-03-02 12:05:59.000000000,22.908499
2026-03-02 12:06:05.000000000,22.21772
2026-03-02 13:21:02.000000000,21.239553
2026-03-02 13:22:46.000000000,18.139063
2026-03-02 13:45:47.000000000,34.77135
2026-03-02 13:24:08.000000000,69.16846
2026-03-02 13:17:22.000000000,13.994868
2026-03-02 13:08:50.000000000,31.33478
2026-03-02 13:50:46.000000000,22.579086
2026-03-02 13:32:07.000000000,31.233925
2026-03-02 13:20:13.000000000,32.145073
2026-03-02 13:00:25.000000000,62.695435
2026-03-02 13:29:28.000000000,16.774792
2026-03-02 13:31:53.000000000,47.4077
2026-03-02 14:02:29.000000000,23.381403
2026-03-02 14:17:48.000000000,15.151797
2026-03-02 14:56:50.000000000,30.266535
2026-03-02 14:12:31.000000000,94.64427
2026-03-02 14:37:08.000000000,9.000609
2026-03-02 14:45:43.000000000,43.20682
2026-03-02 14:54:22.000000000,28.369661
2026-03-02 14:51:19.000000000,10.592377
2026-03-02 15:38:15.000000000,10.631849
2026-03-02 15:59:12.000000000,13.315898
2026-03-02 15:36:25.000000000,10.987865
2026-03-02 15:09:09.000000000,33.152958
2026-03-02 15:18:19.000000000,12.634026
2026-03-02 15:46:27.000000000,12.801215
2026-03-02 15:24:14.000000000,15.088106
2026-03-02 15:40:02.000000000,17.475756
2026-03-02 15:39:17.000000000,13.613891
2026-03-02 15:15:34.000000000,23.704601
2026-03-02 15:12:50.000000000,9.019968
2026-03-02 15:36:36.000000000,32.815384
2026-03-02 15:05:11.000000000,38.34219
2026-03-02 15:35:49.000000000,11.687263
2026-03-02 15:30:36.000000000,9.883023
2026-03-02 15:11:25.000000000,78.60739
2026-03-02 16:05:28.000000000,11.406307
2026-03-02 16:28:29.000000000,51.444023
2026-03-02 16:12:01.000000000,25.90593
2026-03-02 16:51:04.000000000,12.608106
2026-03-02 16:43:34.000000000,37.049637
2026-03-02 16:02:22.000000000,18.595171
2026-03-02 16:44:25.000000000,24.388487
2026-03-02 16:31:08.000000000,32.9552
2026-03-02 16:49:09.000000000,58.923313
2026-03-02 16:20:32.000000000,11.896602
2026-03-02 16:17:59.000000000,14.368623
2026-03-02 16:36:09.000000000,14.161271
2026-03-02 16:39:27.000000000,32.22524
2026-03-02 16:12:00.000000000,14.494376
2026-03-02 16:16:22.000000000,32.658653
2026-03-02 16:45:03.000000000,16.244688
2026-03-02 16:11:37.000000000,14.441161
2026-03-02 16:38:00.000000000,10.045652
2026-03-02 16:16:30.000000000,68.52654
2026-03-02 16:41:03.000000000,10.343326
2026-03-02 17:06:37.000000000,17.107227
2026-03-02 17:31:21.000000000,9.424783
2026-03-02 17:25:33.000000000,26.749521
2026-03-02 17:49:50.000000000,14.463089
2026-03-02 17:03:35.000000000,18.533644
2026-03-02 17:04:01.000000000,54.85431
2026-03-02 17:48:16.000000000,13.219785
2026-03-02 17:58:49.000000000,13.146421
2026-03-02 17:15:04.000000000,53.16851
2026-03-02 18:12:45.000000000,9.184804
2026-03-02 18:09:49.000000000,32.162334
2026-03-02 18:41:38.000000000,9.792655
2026-03-02 18:29:25.000000000,12.721111
2026-03-02 18:22:52.000000000,10.499621
2026-03-02 18:36:31.000000000,50.352844
2026-03-02 18:47:20.000000000,22.258121
2026-03-02 18:40:48.000000000,11.494678
2026-03-02 18:28:17.000000000,7.8988833
2026-03-02 18:45:37.000000000,11.730648
2026-03-02 18:48:34.000000000,8.377207
2026-03-02 18:53:59.000000000,19.69532
2026-03-02 18:00:23.000000000,47.652138
2026-03-02 18:32:25.000000000,14.995641
2026-03-02 18:51:47.000000000,20.176983
2026-03-02 18:17:26.000000000,17.690895
2026-03-02 19:02:25.000000000,60.327503
2026-03-02 19:19:56.000000000,14.117266
2026-03-02 19:27:18.000000000,113.331406
2026-03-02 19:14:55.000000000,30.586803
2026-03-02 19:09:54.000000000,24.889639
2026-03-02 19:03:50.000000000,32.06873
2026-03-02 19:29:34.000000000,24.281816
2026-03-02 19:05:02.000000000,64.67186
2026-03-02 19:10:58.000000000,56.514225
2026-03-02 19:32:02.000000000,6.8121495
2026-03-02 20:48:24.000000000,20.201778
2026-03-02 20:22:47.000000000,11.70558
2026-03-02 20:30:57.000000000,10.512576
2026-03-02 20:04:44.000000000,202.12088
2026-03-02 20:53:52.000000000,38.77448
2026-03-02 20:10:18.000000000,63.91093
2026-03-02 20:09:30.000000000,31.07879
2026-03-02 20:53:34.000000000,14.705816
2026-03-02 20:16:58.000000000,51.5553
2026-03-02 20:33:47.000000000,25.062872
2026-03-02 20:50:09.000000000,16.692087
2026-03-02 20:56:56.000000000,57.479534
2026-03-02 20:11:53.000000000,18.305267
2026-03-02 20:25:04.000000000,17.912153
2026-03-02 20:00:15.000000000,6.437064
2026-03-02 20:55:30.000000000,75.296394
2026-03-02 20:36:38.000000000,9.9528265
2026-03-02 20:34:24.000000000,20.724394
2026-03-02 20:51:38.000000000,44.293175
2026-03-02 20:12:21.000000000,66.124596
2026-03-02 21:01:26.000000000,17.82701
2026-03-02 21:12:09.000000000,22.7469
2026-03-02 21:16:21.000000000,23.545029
2026-03-02 21:04:49.000000000,19.410604
2026-03-02 21:18:25.000000000,16.831102
2026-03-02 21:31:49.000000000,22.60571
2026-03-02 21:49:54.000000000,9.4850025
2026-03-02 21:23:59.000000000,41.16628
2026-03-02 21:25:12.000000000,9.269208
2026-03-02 21:00:21.000000000,10.538501
2026-03-02 21:58:42.000000000,29.459757
2026-03-02 21:14:36.000000000,36.952152
2026-03-02 21:31:37.000000000,16.782833
2026-03-02 22:16:10.000000000,18.46082
2026-03-02 22:26:44.000000000,19.624054
2026-03-02 22:46:14.000000000,38.832436
2026-03-02 22:20:12.000000000,15.322122
2026-03-02 22:03:27.000000000,16.289522
2026-03-02 22:23:30.000000000,33.66475
2026-03-02 22:06:47.000000000,8.979076
2026-03-02 22:29:32.000000000,10.403922
2026-03-02 22:33:18.000000000,14.300712
2026-03-02 22:31:51.000000000,21.531092
2026-03-02 22:12:55.000000000,9.194852
2026-03-02 22:52:55.000000000,19.73153
2026-03-02 22:03:55.000000000,40.023018
2026-03-02 22:54:20.000000000,16.824528
2026-03-02 22:22:06.000000000,269.43805
2026-03-02 22:55:35.000000000,37.13201
2026-03-02 22:15:17.000000000,31.702497
2026-03-02 23:51:43.000000000,11.30428
2026-03-02 23:16:00.000000000,74.74889
2026-03-02 23:56:38.000000000,15.539004
2026-03-02 23:17:36.000000000,15.141305
2026-03-02 23:06:27.000000000,15.87161
2026-03-02 23:35:15.000000000,24.607712
2026-03-02 23:02:10.000000000,17.91894
2026-03-02 23:28:16.000000000,21.447264
2026-03-03 00:06:12.000000000,17.972376
2026-03-03 00:51:32.000000000,15.538512
2026-03-03 00:52:21.000000000,27.463638
2026-03-03 00:31:45.000000000,8.774873
2026-03-03 00:01:31.000000000,14.103602
2026-03-03 00:29:37.000000000,6.7564564
2026-03-03 01:45:29.000000000,28.498241
2026-03-03 01:02:35.000000000,16.763311
2026-03-03 01:29:47.000000000,31.445
2026-03-03 01:47:37.000000000,17.16257
2026-03-03 01:35:12.000000000,30.620422
2026-03-03 01:27:57.000000000,14.779078
2026-03-03 02:08:50.000000000,23.88243
2026-03-03 02:33:35.000000000,52.0874
2026-03-03 03:22:55.000000000,33.620884
2026-03-03 03:00:12.000000000,29.382696
2026-03-03 04:49:51.000000000,10.709035
2026-03-03 04:20:27.000000000,69.01514
2026-03-03 04:02:11.000000000,37.82952
2026-03-03 05:28:17.000000000,41.19915
2026-03-03 05:18:36.000000000,14.42416
2026-03-03 05:21:56.000000000,26.385717
2026-03-03 06:44:56.000000000,15.137909
2026-03-03 06:26:42.000000000,8.917823
2026-03-03 06:51:48.000000000,9.542228
2026-03-03 06:27:41.000000000,16.268827
2026-03-03 06:09:35.000000000,45.253716
2026-03-03 06:39:03.000000000,18.710827
2026-03-03 06:07:34.000000000,95.21609
2026-03-03 06:13:48.000000000,27.196537
2026-03-03 06:27:27.000000000,100.26257
2026-03-03 06:44:35.000000000,9.315964
2026-03-03 07:37:26.000000000,22.941175
2026-03-03 07:06:49.000000000,13.767194
2026-03-03 07:26:17.000000000,14.349812
2026-03-03 07:40:50.000000000,25.076431
2026-03-03 07:06:50.000000000,37.699844
2026-03-03 07:12:19.000000000,10.658983
2026-03-03 07:54:48.000000000,18.550219
2026-03-03 07:36:20.000000000,44.274574
2026-03-03 07:54:01.000000000,16.571877
2026-03-03 07:35:10.000000000,8.338284
2026-03-03 07:10:17.000000000,15.163049
2026-03-03 07:53:56.000000000,68.872665
2026-03-03 07:35:18.000000000,12.398727
2026-03-03 07:34:57.000000000,28.17881
2026-03-03 07:11:47.000000000,40.236774
2026-03-03 07:08:40.000000000,22.945484
2026-03-03 07:46:26.000000000,12.64851
2026-03-03 07:03:52.000000000,23.367712
2026-03-03 07:24:44.000000000,44.30904
2026-03-03 07:46:14.000000000,29.945768
2026-03-03 07:38:30.000000000,10.821095
2026-03-03 08:36:10.000000000,16.595697
2026-03-03 08:33:55.000000000,25.792635
2026-03-03 08:32:31.000000000,6.9377213
2026-03-03 08:57:02.000000000,18.108051
2026-03-03 08:40:14.000000000,6.437064
2026-03-03 08:40:15.000000000,32.83283
2026-03-03 08:59:11.000000000,40.541176
2026-03-03 08:37:57.000000000,37.97496
2026-03-03 08:23:00.000000000,35.019444
2026-03-03 08:09:51.000000000,20.928328
2026-03-03 08:20:38.000000000,22.566275
2026-03-03 08:17:34.000000000,23.357561
2026-03-03 08:50:32.000000000,12.3131485
2026-03-03 08:34:21.000000000,9.014044
2026-03-03 08:41:25.000000000,15.922331
2026-03-03 08:20:41.000000000,12.713723
2026-03-03 09:43:08.000000000,13.417666
2026-03-03 09:49:38.000000000,10.612472
2026-03-03 09:41:27.000000000,29.991898
2026-03-03 09:51:50.000000000,18.105314
2026-03-03 09:16:55.000000000,32.98065
2026-03-03 09:07:34.000000000,23.553185
2026-03-03 09:23:32.000000000,11.505595
2026-03-03 09:52:27.000000000,30.780203
2026-03-03 09:56:06.000000000,12.605571
2026-03-03 09:54:43.000000000,21.327272
2026-03-03 09:18:29.000000000,16.79158
2026-03-03 09:39:35.000000000,12.491986
2026-03-03 09:58:26.000000000,10.729136
2026-03-03 09:23:01.000000000,18.48893
2026-03-03 09:49:57.000000000,6.719422
2026-03-03 09:12:29.000000000,16.041231
2026-03-03 09:25:50.000000000,18.07091
2026-03-03 09:48:08.000000000,36.246655
2026-03-03 09:40:58.000000000,17.25175
2026-03-03 09:39:33.000000000,18.239094
2026-03-03 10:36:20.000000000,13.137828
2026-03-03 10:29:41.000000000,11.112734
2026-03-03 10:49:19.000000000,30.632294
2026-03-03 10:06:59.000000000,9.062451
2026-03-03 10:30:42.000000000,28.628569
2026-03-03 10:33:21.000000000,10.932565
2026-03-03 10:26:54.000000000,7.9452963
2026-03-03 10:24:33.000000000,34.101143
2026-03-03 10:20:00.000000000,17.838741
2026-03-03 10:19:08.000000000,10.970757
2026-03-03 10:48:42.000000000,16.030106
2026-03-03 10:13:07.000000000,32.575897
2026-03-03 10:59:49.000000000,12.620009
2026-03-03 10:35:15.000000000,25.888662
2026-03-03 10:41:36.000000000,12.684642
2026-03-03 10:36:00.000000000,26.41674
2026-03-03 10:49:30.000000000,13.099892
2026-03-03 11:22:08.000000000,36.499516
2026-03-03 11:24:19.000000000,41.334557
2026-03-03 11:44:36.000000000,20.062698
2026-03-03 11:49:09.000000000,22.31609
2026-03-03 11:31:32.000000000,16.090363
2026-03-03 11:53:08.000000000,33.55864
2026-03-03 11:26:18.000000000,16.068697
2026-03-03 11:03:37.000000000,54.668324
2026-03-03 12:15:51.000000000,8.774873
2026-03-03 12:23:01.000000000,8.142821
2026-03-03 12:54:20.000000000,20.67515
2026-03-03 12:20:13.000000000,38.384605
2026-03-03 12:17:26.000000000,7.975026
2026-03-03 12:32:51.000000000,214.34546
2026-03-03 12:43:07.000000000,20.612104
2026-03-03 12:58:01.000000000,30.384872
2026-03-03 12:52:10.000000000,21.48478
2026-03-03 12:40:20.000000000,12.334116
2026-03-03 12:00:56.000000000,16.578516
2026-03-03 12:39:39.000000000,8.501047
2026-03-03 12:36:47.000000000,15.586566
2026-03-03 13:53:49.000000000,40.664734
2026-03-03 13:24:19.000000000,9.415989
2026-03-03 13:32:44.000000000,67.6605
2026-03-03 13:50:55.000000000,8.736746
2026-03-03 13:27:42.000000000,16.49316
2026-03-03 13:01:38.000000000,28.480331
2026-03-03 13:18:54.000000000,6.478941
2026-03-03 13:33:50.000000000,45.510582
2026-03-03 13:34:11.000000000,16.018064
2026-03-03 13:37:22.000000000,54.51305
2026-03-03 13:27:38.000000000,10.124745
2026-03-03 13:50:55.000000000,36.92724
2026-03-03 13:10:08.000000000,19.453295
2026-03-03 13:35:01.000000000,23.368877
2026-03-03 13:04:31.000000000,29.648495
2026-03-03 13:12:55.000000000,13.802309
2026-03-03 13:43:02.000000000,17.92335
2026-03-03 13:23:46.000000000,6.977245
2026-03-03 14:33:35.000000000,21.10661
2026-03-03 14:53:18.000000000,11.984867
2026-03-03 14:34:55.000000000,8.940752
2026-03-03 14:31:03.000000000,47.074528
2026-03-03 14:07:42.000000000,31.454407
2026-03-03 14:00:50.000000000,72.29146
2026-03-03 14:00:16.000000000,8.893218
2026-03-03 14:16:05.000000000,23.871107
2026-03-03 14:01:40.000000000,8.215214
2026-03-03 14:48:20.000000000,105.65737
2026-03-03 14:03:50.000000000,15.90676
2026-03-03 14:49:23.000000000,24.785328
2026-03-03 14:17:02.000000000,13.967483
2026-03-03 14:00:18.000000000,8.9734
2026-03-03 14:53:06.000000000,28.337196
2026-03-03 14:54:20.000000000,23.241385
2026-03-03 14:36:28.000000000,6.83654
2026-03-03 14:45:25.000000000,11.699678
2026-03-03 14:05:12.000000000,14.233671
2026-03-03 15:50:40.000000000,11.1668005
2026-03-03 15:36:22.000000000,7.4478273
2026-03-03 15:57:38.000000000,9.781538
2026-03-03 15:11:57.000000000,39.629456
2026-03-03 15:32:32.000000000,13.508931
2026-03-03 15:37:35.000000000,14.291491
2026-03-03 15:17:11.000000000,7.490432
2026-03-03 15:42:49.000000000,23.11734
2026-03-03 15:52:05.000000000,7.399424
2026-03-03 15:21:42.000000000,72.03776
2026-03-03 15:14:02.000000000,61.04698
2026-03-03 15:08:43.000000000,15.644661
2026-03-03 15:25:43.000000000,11.549529
2026-03-03 15:53:06.000000000,17.926123
2026-03-03 16:00:19.000000000,17.052595
2026-03-03 16:23:03.000000000,15.253118
2026-03-03 16:25:04.000000000,20.137653
2026-03-03 16:30:43.000000000,6.639038
2026-03-03 16:36:28.000000000,52.06847
2026-03-03 16:09:29.000000000,39.640095
2026-03-03 16:41:26.000000000,32.189476
2026-03-03 16:43:16.000000000,8.85503
2026-03-03 16:10:50.000000000,77.97829
2026-03-03 16:28:07.000000000,8.231914
2026-03-03 16:40:51.000000000,35.058964
2026-03-03 16:25:18.000000000,21.201588
2026-03-03 16:25:36.000000000,22.251806
2026-03-03 16:22:16.000000000,16.673248
2026-03-03 17:57:18.000000000,13.485036
2026-03-03 17:57:01.000000000,50.203587
2026-03-03 17:41:49.000000000,39.2343
2026-03-03 17:03:31.000000000,31.016636
2026-03-03 17:21:38.000000000,37.310745
2026-03-03 17:16:48.000000000,19.595753
2026-03-03 17:27:21.000000000,11.693298
2026-03-03 17:05:11.000000000,19.39745
2026-03-03 17:40:55.000000000,24.73623
2026-03-03 17:31:44.000000000,51.984325
2026-03-03 17:55:15.000000000,20.428131
2026-03-03 17:47:20.000000000,16.724598
2026-03-03 17:41:48.000000000,23.130604
2026-03-03 17:37:00.000000000,10.794706
2026-03-03 17:38:55.000000000,76.520485
2026-03-03 18:40:09.000000000,35.457767
2026-03-03 18:16:24.000000000,36.652645
2026-03-03 18:15:07.000000000,21.66097
2026-03-03 18:03:21.000000000,19.910303
2026-03-03 18:43:50.000000000,17.714802
2026-03-03 18:13:18.000000000,6.793417
2026-03-03 18:08:11.000000000,12.210021
2026-03-03 18:55:38.000000000,47.49029
2026-03-03 18:13:02.000000000,10.579384
2026-03-03 18:23:08.000000000,62.034035
2026-03-03 18:29:10.000000000,7.8462524
2026-03-03 18:08:45.000000000,25.335917
2026-03-03 18:19:57.000000000,12.993639
2026-03-03 18:08:08.000000000,25.49464
2026-03-03 18:37:16.000000000,72.85033
2026-03-03 18:10:58.000000000,16.782085
2026-03-03 18:01:42.000000000,30.89847
2026-03-03 18:14:05.000000000,15.025445
2026-03-03 18:53:42.000000000,9.04815
2026-03-03 19:04:16.000000000,7.445514
2026-03-03 19:54:44.000000000,15.231146
2026-03-03 19:53:24.000000000,25.967888
2026-03-03 19:10:35.000000000,10.398779
2026-03-03 19:40:41.000000000,79.600174
2026-03-03 19:49:26.000000000,40.677967
2026-03-03 19:36:29.000000000,35.97321
2026-03-03 19:16:04.000000000,45.14343
2026-03-03 19:33:06.000000000,14.281225
2026-03-03 19:23:00.000000000,18.738462
2026-03-03 19:53:24.000000000,6.357862
2026-03-03 19:27:16.000000000,6.813437
2026-03-03 19:42:40.000000000,43.05161
2026-03-03 19:40:44.000000000,34.717903
2026-03-03 19:47:49.000000000,35.099876
2026-03-03 19:39:59.000000000,19.52282
2026-03-03 19:44:51.000000000,12.555962
2026-03-03 19:19:12.000000000,15.058665
2026-03-03 19:52:54.000000000,9.31104
2026-03-03 20:40:03.000000000,88.729675
2026-03-03 20:28:03.000000000,23.08076
2026-03-03 20:01:38.000000000,38.498035
2026-03-03 20:11:43.000000000,16.555454
2026-03-03 20:27:27.000000000,17.760738
2026-03-03 20:03:02.000000000,20.2074
2026-03-03 20:16:01.000000000,11.00082
2026-03-03 20:13:49.000000000,27.328423
2026-03-03 20:30:23.000000000,14.091646
2026-03-03 20:49:15.000000000,54.127228
2026-03-03 20:13:39.000000000,18.715456
2026-03-03 20:08:05.000000000,11.890052
2026-03-03 20:13:54.000000000,17.750423
2026-03-03 20:03:15.000000000,8.103453
2026-03-03 20:32:00.000000000,34.101143
2026-03-03 20:36:42.000000000,24.996246
2026-03-03 20:17:19.000000000,68.62124
2026-03-03 20:23:51.000000000,11.671922
2026-03-03 21:40:29.000000000,30.288109
2026-03-03 21:25:37.000000000,6.561158
2026-03-03 21:45:55.000000000,8.525433
2026-03-03 21:13:00.000000000,28.240866
2026-03-03 21:52:40.000000000,75.33726
2026-03-03 21:36:15.000000000,8.103453
2026-03-03 21:53:11.000000000,18.86019
2026-03-03 21:03:42.000000000,20.167122
2026-03-03 21:23:54.000000000,13.364896
2026-03-03 21:47:37.000000000,13.971939
2026-03-03 21:21:13.000000000,30.160034
2026-03-03 22:08:04.000000000,15.997822
2026-03-03 22:22:18.000000000,22.598906
2026-03-03 22:33:52.000000000,8.279915
2026-03-03 22:11:53.000000000,43.250015
2026-03-03 22:28:13.000000000,18.013195
2026-03-03 22:59:29.000000000,25.468042
2026-03-03 22:38:18.000000000,19.87935
2026-03-03 22:09:16.000000000,20.38708
2026-03-03 22:16:49.000000000,60.550034
2026-03-03 22:28:10.000000000,5.973645
2026-03-03 22:55:01.000000000,6.6390934
2026-03-03 22:56:41.000000000,12.621109
2026-03-03 22:13:03.000000000,10.363711
2026-03-03 23:52:35.000000000,44.8563
2026-03-03 23:57:28.000000000,26.223452
2026-03-03 23:34:09.000000000,27.93524
2026-03-03 23:24:45.000000000,42.828796
2026-03-03 23:14:02.000000000,16.787678
2026-03-03 23:33:31.000000000,29.111254
2026-03-03 23:52:11.000000000,41.081295
2026-03-03 23:21:10.000000000,25.60086
2026-03-03 23:58:05.000000000,20.15077
2026-03-03 23:34:01.000000000,11.088245
2026-03-03 23:22:52.000000000,22.277035
2026-03-03 23:27:19.000000000,34.31503
2026-03-03 23:16:49.000000000,27.895903
2026-03-03 23:41:38.000000000,37.121456
2026-03-03 23:33:54.000000000,18.34971
2026-03-04 00:27:54.000000000,20.593931
2026-03-04 00:35:12.000000000,10.9391165
2026-03-04 00:38:57.000000000,29.21752
2026-03-04 00:01:14.000000000,7.0634704
2026-03-04 00:06:18.000000000,13.664325
2026-03-04 00:04:22.000000000,20.678745
2026-03-04 00:23:10.000000000,23.900171
2026-03-04 01:51:46.000000000,9.714903
2026-03-04 01:19:06.000000000,13.066403
2026-03-04 01:20:27.000000000,16.963509
2026-03-04 01:37:41.000000000,16.610859
2026-03-04 01:21:41.000000000,11.611644
2026-03-04 02:39:17.000000000,18.670626
2026-03-04 03:07:38.000000000,12.6122465
2026-03-04 03:44:27.000000000,20.852016
2026-03-04 04:23:40.000000000,71.64372
2026-03-04 04:29:22.000000000,12.623131
2026-03-04 04:11:30.000000000,41.102463
2026-03-04 05:12:45.000000000,15.876428
2026-03-04 05:01:12.000000000,42.59599
2026-03-04 05:55:00.000000000,99.670715
2026-03-04 05:42:03.000000000,16.990345
2026-03-04 05:57:46.000000000,16.03607
2026-03-04 05:30:31.000000000,15.32218
2026-03-04 05:14:22.000000000,13.12099
2026-03-04 06:26:04.000000000,17.475645
2026-03-04 06:04:54.000000000,15.97753
2026-03-04 06:50:11.000000000,11.525162
2026-03-04 06:09:44.000000000,83.50384
2026-03-04 06:32:17.000000000,6.485929
2026-03-04 06:06:55.000000000,39.75855
2026-03-04 06:20:41.000000000,16.039839
2026-03-04 06:28:27.000000000,6.828065
2026-03-04 06:45:24.000000000,15.1319275
2026-03-04 06:37:17.000000000,16.03607
2026-03-04 07:18:09.000000000,10.697882
2026-03-04 07:51:49.000000000,40.8389
2026-03-04 07:56:22.000000000,14.044273
2026-03-04 07:49:22.000000000,18.670305
2026-03-04 07:48:03.000000000,34.608482
2026-03-04 07:18:40.000000000,10.881715
2026-03-04 07:10:21.000000000,17.334494
2026-03-04 07:06:20.000000000,58.599045
2026-03-04 07:18:27.000000000,51.814068
2026-03-04 07:35:27.000000000,40.37492
2026-03-04 07:56:51.000000000,33.398613
2026-03-04 07:21:51.000000000,16.83661
2026-03-04 07:17:26.000000000,21.029572
2026-03-04 07:15:47.000000000,8.769515
2026-03-04 07:43:13.000000000,41.770927
2026-03-04 07:42:52.000000000,21.722881
2026-03-04 07:51:27.000000000,61.91437
2026-03-04 07:25:45.000000000,84.98605
2026-03-04 07:25:41.000000000,6.8944635
2026-03-04 07:45:11.000000000,30.030674
2026-03-04 08:26:02.000000000,34.60394
2026-03-04 08:30:27.000000000,32.85289
2026-03-04 08:15:11.000000000,31.255648
2026-03-04 08:06:46.000000000,10.824114
2026-03-04 08:12:32.000000000,83.17548
2026-03-04 08:33:50.000000000,17.765282
2026-03-04 08:40:31.000000000,8.641979
2026-03-04 08:30:22.000000000,30.768175
2026-03-04 08:15:00.000000000,35.895813
2026-03-04 08:05:48.000000000,15.183162
2026-03-04 08:14:19.000000000,43.66322
2026-03-04 08:51:55.000000000,24.976303
2026-03-04 08:46:54.000000000,29.895649
2026-03-04 08:00:07.000000000,50.929325
2026-03-04 08:50:50.000000000,10.858113
2026-03-04 08:25:04.000000000,87.60906
2026-03-04 08:58:03.000000000,79.2604
2026-03-04 08:36:01.000000000,7.1013956
2026-03-04 08:17:31.000000000,8.953992
2026-03-04 09:01:58.000000000,16.195568
2026-03-04 09:13:55.000000000,24.41755
2026-03-04 09:38:42.000000000,14.635109
2026-03-04 09:40:10.000000000,72.97812
2026-03-04 09:27:00.000000000,29.516441
2026-03-04 09:30:49.000000000,19.89304
2026-03-04 09:32:14.000000000,12.913278
2026-03-04 09:49:36.000000000,12.435925
2026-03-04 09:11:47.000000000,76.51556
2026-03-04 09:49:30.000000000,14.572834
2026-03-04 09:56:14.000000000,12.699379
2026-03-04 09:09:17.000000000,12.231369
2026-03-04 09:58:17.000000000,23.21131
2026-03-04 10:02:26.000000000,9.583276
2026-03-04 10:17:25.000000000,10.3902025
2026-03-04 10:19:01.000000000,15.100423
2026-03-04 10:16:37.000000000,10.945519
2026-03-04 10:58:27.000000000,10.617908
2026-03-04 10:25:56.000000000,31.3525
2026-03-04 10:39:20.000000000,6.9483585
2026-03-04 10:16:13.000000000,12.398727
2026-03-04 10:00:59.000000000,131.97154
2026-03-04 10:36:49.000000000,23.79647
2026-03-04 10:12:36.000000000,51.43422
2026-03-04 10:51:22.000000000,31.823116
2026-03-04 10:02:32.000000000,10.606103
2026-03-04 10:37:25.000000000,33.051025
2026-03-04 11:17:08.000000000,17.995388
2026-03-04 11:08:49.000000000,33.84066
2026-03-04 11:57:33.000000000,21.273754
2026-03-04 11:19:52.000000000,15.288862
2026-03-04 11:59:20.000000000,10.516021
2026-03-04 11:16:41.000000000,68.61541
2026-03-04 11:59:12.000000000,22.310427
2026-03-04 11:25:49.000000000,49.59987
2026-03-04 11:03:00.000000000,50.906525
2026-03-04 11:47:42.000000000,25.648617
2026-03-04 11:48:49.000000000,9.700384
2026-03-04 11:38:56.000000000,103.596664
2026-03-04 12:16:51.000000000,24.620083
2026-03-04 12:43:26.000000000,18.418488
2026-03-04 12:15:55.000000000,53.478455
2026-03-04 12:35:13.000000000,30.29901
2026-03-04 12:04:41.000000000,15.724361
2026-03-04 12:16:51.000000000,13.880957
2026-03-04 12:57:10.000000000,41.636173
2026-03-04 12:14:21.000000000,8.439701
2026-03-04 12:20:33.000000000,13.25172
2026-03-04 12:02:19.000000000,42.426056
2026-03-04 12:41:40.000000000,18.740664
2026-03-04 12:09:44.000000000,7.4334855
2026-03-04 13:30:34.000000000,110.31781
2026-03-04 13:52:17.000000000,25.178009
2026-03-04 13:48:55.000000000,20.502775
2026-03-04 13:47:53.000000000,9.891655
2026-03-04 13:50:18.000000000,31.954304
2026-03-04 13:15:19.000000000,62.373325
2026-03-04 13:12:34.000000000,37.85583
2026-03-04 13:43:25.000000000,29.892078
2026-03-04 13:42:41.000000000,23.016195
2026-03-04 13:54:48.000000000,27.319275
2026-03-04 13:28:08.000000000,27.849459
2026-03-04 13:20:42.000000000,28.253643
2026-03-04 14:00:03.000000000,14.738869
2026-03-04 14:38:35.000000000,195.77534
2026-03-04 14:48:55.000000000,32.587475
2026-03-04 14:14:10.000000000,14.412689
2026-03-04 14:51:09.000000000,13.211499
2026-03-04 14:06:27.000000000,23.816061
2026-03-04 14:07:50.000000000,21.164734
2026-03-04 14:13:25.000000000,14.389213
2026-03-04 14:22:12.000000000,19.492296
2026-03-04 14:40:01.000000000,23.067154
2026-03-04 14:45:15.000000000,18.240988
2026-03-04 14:02:24.000000000,22.111229
2026-03-04 14:30:46.000000000,42.47107
2026-03-04 14:45:41.000000000,8.168533
2026-03-04 14:23:48.000000000,49.614315
2026-03-04 14:25:07.000000000,44.40926
2026-03-04 14:51:52.000000000,16.78947
2026-03-04 14:39:04.000000000,17.70542
2026-03-04 14:57:27.000000000,11.882347
2026-03-04 14:25:58.000000000,36.408596
2026-03-04 14:05:49.000000000,44.5716
2026-03-04 14:52:32.000000000,24.457909
2026-03-04 15:56:32.000000000,40.055637
2026-03-04 15:06:57.000000000,100.645454
2026-03-04 15:01:59.000000000,44.462
2026-03-04 15:31:18.000000000,9.440818
2026-03-04 15:30:50.000000000,14.310689
2026-03-04 15:31:32.000000000,20.922777
2026-03-04 15:41:28.000000000,14.944123
2026-03-04 15:06:20.000000000,7.8485756
2026-03-04 15:12:17.000000000,57.36426
2026-03-04 15:54:34.000000000,9.790807
2026-03-04 15:36:52.000000000,25.284595
2026-03-04 15:09:11.000000000,17.952293
2026-03-04 15:31:26.000000000,8.2308445
2026-03-04 15:13:02.000000000,18.488813
2026-03-04 16:39:27.000000000,20.290918
2026-03-04 16:33:02.000000000,6.437064
2026-03-04 16:18:17.000000000,14.716245
2026-03-04 16:45:09.000000000,32.87438
2026-03-04 16:46:30.000000000,15.229785
2026-03-04 16:50:38.000000000,7.869546
2026-03-04 16:49:05.000000000,26.534065
2026-03-04 16:41:07.000000000,19.742609
2026-03-04 16:43:12.000000000,37.311756
2026-03-04 16:57:01.000000000,6.6532903
2026-03-04 16:38:41.000000000,17.912943
2026-03-04 16:51:04.000000000,79.90072
2026-03-04 16:59:12.000000000,13.278117
2026-03-04 16:32:26.000000000,22.294794
2026-03-04 16:56:06.000000000,22.083925
2026-03-04 16:24:18.000000000,17.028254
2026-03-04 16:43:23.000000000,41.394665
2026-03-04 16:51:01.000000000,30.930878
2026-03-04 16:56:26.000000000,74.172844
2026-03-04 16:31:53.000000000,14.857381
2026-03-04 16:25:08.000000000,6.8689594
2026-03-04 16:07:37.000000000,88.1696
2026-03-04 16:46:32.000000000,10.801131
2026-03-04 16:25:37.000000000,53.66003
2026-03-04 17:07:05.000000000,13.901439
2026-03-04 17:33:36.000000000,8.845762
2026-03-04 17:46:24.000000000,9.012614
2026-03-04 17:47:25.000000000,20.051918
2026-03-04 17:06:00.000000000,35.675438
2026-03-04 17:41:47.000000000,10.825019
2026-03-04 17:38:13.000000000,11.223297
2026-03-04 17:19:19.000000000,49.522015
2026-03-04 17:13:04.000000000,104.49036
2026-03-04 17:26:27.000000000,9.669081
2026-03-04 17:53:59.000000000,14.303123
2026-03-04 17:09:15.000000000,12.417054
2026-03-04 17:08:06.000000000,9.966716
2026-03-04 17:00:47.000000000,27.092999
2026-03-04 17:22:26.000000000,11.716343
2026-03-04 17:22:10.000000000,33.78171
2026-03-04 17:28:43.000000000,114.962585
2026-03-04 17:10:57.000000000,11.703579
2026-03-04 17:48:29.000000000,33.476143
2026-03-04 18:26:04.000000000,11.622164
2026-03-04 18:40:34.000000000,16.090363
2026-03-04 18:32:24.000000000,11.904163
2026-03-04 18:11:00.000000000,18.59768
2026-03-04 18:49:25.000000000,85.2589
2026-03-04 18:10:43.000000000,14.26891
2026-03-04 18:43:14.000000000,29.102316
2026-03-04 18:30:04.000000000,20.601938
2026-03-04 18:18:47.000000000,154.97334
2026-03-04 18:40:51.000000000,29.489208
2026-03-04 18:48:45.000000000,7.6444697
2026-03-04 18:36:51.000000000,16.733608
2026-03-04 18:42:25.000000000,21.919254
2026-03-04 18:46:39.000000000,30.67171
2026-03-04 18:06:16.000000000,8.83331
2026-03-04 18:07:27.000000000,13.752579
2026-03-04 18:32:20.000000000,10.452422
2026-03-04 18:58:13.000000000,25.701681
2026-03-04 18:52:40.000000000,26.414436
2026-03-04 18:55:30.000000000,15.796735
2026-03-04 18:03:37.000000000,11.276282
2026-03-04 18:47:15.000000000,9.130091
2026-03-04 18:39:31.000000000,27.442516
2026-03-04 18:21:09.000000000,34.20469
2026-03-04 18:25:44.000000000,28.504854
2026-03-04 18:32:50.000000000,50.17242
2026-03-04 18:23:01.000000000,75.68263
2026-03-04 18:30:04.000000000,57.513973
2026-03-04 19:55:50.000000000,10.472365
2026-03-04 19:06:01.000000000,9.770237
2026-03-04 19:23:52.000000000,18.229284
2026-03-04 19:02:40.000000000,16.787678
2026-03-04 19:16:52.000000000,30.643177
2026-03-04 19:50:56.000000000,33.606285
2026-03-04 19:59:15.000000000,13.62834
2026-03-04 19:11:07.000000000,14.319657
2026-03-04 19:29:37.000000000,23.11734
2026-03-04 19:32:01.000000000,38.585358
2026-03-04 19:39:56.000000000,40.623863
2026-03-04 19:59:25.000000000,14.159485
2026-03-04 19:16:50.000000000,42.12426
2026-03-04 19:30:26.000000000,28.696285
2026-03-04 19:08:00.000000000,33.420845
2026-03-04 19:08:20.000000000,83.15099
2026-03-04 19:49:59.000000000,7.9393826
2026-03-04 19:56:12.000000000,49.334984
2026-03-04 19:13:01.000000000,24.881678
2026-03-04 19:38:47.000000000,30.569874
2026-03-04 19:48:38.000000000,129.77785
2026-03-04 20:09:48.000000000,73.43138
2026-03-04 20:32:34.000000000,13.276012
2026-03-04 20:13:40.000000000,11.147696
2026-03-04 20:45:25.000000000,25.532633
2026-03-04 20:16:06.000000000,49.80403
2026-03-04 20:42:33.000000000,42.46586
2026-03-04 20:39:11.000000000,13.65323
2026-03-04 20:27:38.000000000,8.417546
2026-03-04 20:00:50.000000000,14.774504
2026-03-04 20:39:06.000000000,8.272618
2026-03-04 20:01:38.000000000,22.376596
2026-03-04 20:04:14.000000000,32.14763
2026-03-04 20:48:10.000000000,95.77747
2026-03-04 20:12:01.000000000,10.489416
2026-03-04 20:20:35.000000000,44.1598
2026-03-04 20:42:09.000000000,25.253809
2026-03-04 21:06:54.000000000,15.487832
2026-03-04 21:51:45.000000000,103.91933
2026-03-04 21:31:21.000000000,39.471867
2026-03-04 21:02:57.000000000,18.836172
2026-03-04 21:13:24.000000000,7.511918
2026-03-04 21:39:23.000000000,7.2665453
2026-03-04 21:08:29.000000000,50.228622
2026-03-04 21:38:23.000000000,36.167553
2026-03-04 21:32:46.000000000,23.09049
2026-03-04 21:09:46.000000000,20.77126
2026-03-04 21:18:43.000000000,32.715046
2026-03-04 21:14:31.000000000,8.8248005
2026-03-04 21:00:23.000000000,67.554726
2026-03-04 21:17:44.000000000,8.967418
2026-03-04 21:55:46.000000000,18.043255
2026-03-04 22:34:44.000000000,19.767763
2026-03-04 22:42:11.000000000,9.83735
2026-03-04 22:43:16.000000000,14.704687
2026-03-04 22:16:10.000000000,9.971482
2026-03-04 22:22:55.000000000,17.535015
2026-03-04 22:59:14.000000000,17.894512
2026-03-04 22:10:10.000000000,37.582455
2026-03-04 22:07:24.000000000,192.94002
2026-03-04 23:01:31.000000000,19.341078
2026-03-04 23:42:33.000000000,27.50828
2026-03-04 23:04:09.000000000,34.397343
2026-03-04 23:44:00.000000000,8.167024
2026-03-04 23:03:03.000000000,113.27255
2026-03-04 23:30:40.000000000,20.79787
2026-03-04 23:11:26.000000000,7.5994983
2026-03-04 23:13:17.000000000,37.16515
2026-03-04 23:48:48.000000000,41.025925
2026-03-05 00:45:12.000000000,8.231914
2026-03-05 00:06:19.000000000,20.816332
2026-03-05 00:57:24.000000000,14.182235
2026-03-05 00:31:48.000000000,8.981706
2026-03-05 01:02:26.000000000,10.843812
2026-03-05 01:45:18.000000000,18.839947
2026-03-05 01:16:42.000000000,6.908449
2026-03-05 01:17:29.000000000,46.349705
2026-03-05 01:50:10.000000000,18.96272
2026-03-05 01:51:22.000000000,10.533294
2026-03-05 02:53:14.000000000,16.11134
2026-03-05 03:13:11.000000000,14.487167
2026-03-05 04:39:09.000000000,15.001475
2026-03-05 04:24:58.000000000,25.681065
2026-03-05 04:27:18.000000000,13.2722435
2026-03-05 04:26:30.000000000,20.30901
2026-03-05 05:32:42.000000000,19.218536
2026-03-05 05:15:35.000000000,94.582504
2026-03-05 05:32:15.000000000,9.055678
2026-03-05 05:28:00.000000000,16.82778
2026-03-05 05:08:54.000000000,8.384733
2026-03-05 06:30:21.000000000,42.23199
2026-03-05 06:26:24.000000000,23.826366
2026-03-05 06:00:25.000000000,27.246714
2026-03-05 06:31:27.000000000,9.794823
2026-03-05 06:17:18.000000000,42.593395
2026-03-05 06:55:49.000000000,12.339797
2026-03-05 06:47:37.000000000,103.26167
2026-03-05 06:28:28.000000000,15.602581
2026-03-05 06:59:39.000000000,11.626809
2026-03-05 07:03:21.000000000,41.733063
2026-03-05 07:52:29.000000000,46.02753
2026-03-05 07:29:01.000000000,32.013687
2026-03-05 07:22:40.000000000,42.535225
2026-03-05 07:41:20.000000000,39.599693
2026-03-05 07:14:04.000000000,194.96057
2026-03-05 07:21:12.000000000,21.395998
2026-03-05 07:56:26.000000000,19.974922
2026-03-05 07:04:42.000000000,20.89384
2026-03-05 07:01:14.000000000,27.098528
2026-03-05 07:53:47.000000000,28.045116
2026-03-05 07:42:33.000000000,11.492923
2026-03-05 07:04:43.000000000,18.191607
2026-03-05 07:00:14.000000000,12.3185005
2026-03-05 07:38:40.000000000,20.276772
2026-03-05 08:33:57.000000000,7.869546
2026-03-05 08:57:13.000000000,19.767212
2026-03-05 08:31:11.000000000,46.273945
2026-03-05 08:50:32.000000000,26.006874
2026-03-05 08:11:59.000000000,36.705757
2026-03-05 08:10:06.000000000,21.010164
2026-03-05 08:10:47.000000000,13.325094
2026-03-05 08:14:30.000000000,48.56208
2026-03-05 08:48:21.000000000,30.82084
2026-03-05 08:26:18.000000000,13.282641
2026-03-05 08:31:21.000000000,54.24415
2026-03-05 08:34:34.000000000,52.244617
2026-03-05 08:04:33.000000000,75.69728
2026-03-05 08:35:46.000000000,9.581787
2026-03-05 08:43:27.000000000,14.893455
2026-03-05 08:51:53.000000000,11.519191
2026-03-05 08:49:29.000000000,22.430172
2026-03-05 08:45:09.000000000,49.172783
2026-03-05 08:01:57.000000000,27.22987
2026-03-05 08:50:51.000000000,12.195456
2026-03-05 08:49:29.000000000,122.95769
2026-03-05 08:33:01.000000000,7.770522
2026-03-05 08:06:55.000000000,9.058532
2026-03-05 08:19:54.000000000,15.90501
2026-03-05 08:05:57.000000000,21.558344
2026-03-05 08:10:46.000000000,24.017754
2026-03-05 08:27:53.000000000,15.966567
2026-03-05 09:06:04.000000000,60.251213
2026-03-05 09:00:56.000000000,96.155426
2026-03-05 09:20:19.000000000,11.772405
2026-03-05 09:03:16.000000000,11.722121
2026-03-05 09:22:08.000000000,16.139557
2026-03-05 09:51:04.000000000,41.57633
2026-03-05 09:08:55.000000000,11.533001
2026-03-05 09:31:23.000000000,14.210236
2026-03-05 09:58:39.000000000,14.745809
2026-03-05 09:51:31.000000000,14.647486
2026-03-05 09:35:48.000000000,14.161271
2026-03-05 09:53:05.000000000,15.189725
2026-03-05 09:50:59.000000000,21.354853
2026-03-05 09:06:24.000000000,31.19751
2026-03-05 09:52:02.000000000,46.239456
2026-03-05 09:37:20.000000000,66.2027
2026-03-05 09:51:45.000000000,18.45755
2026-03-05 09:57:17.000000000,20.227858
2026-03-05 09:24:20.000000000,97.20439
2026-03-05 09:39:16.000000000,8.950205
2026-03-05 09:58:09.000000000,68.56794
2026-03-05 09:04:40.000000000,21.217588
2026-03-05 10:25:28.000000000,17.30841
2026-03-05 10:11:13.000000000,16.81997
2026-03-05 10:26:03.000000000,35.233074
2026-03-05 10:24:40.000000000,8.777476
2026-03-05 10:47:53.000000000,11.816363
2026-03-05 10:22:54.000000000,17.030706
2026-03-05 10:13:58.000000000,25.265236
2026-03-05 10:12:37.000000000,73.210236
2026-03-05 10:43:00.000000000,79.40616
2026-03-05 10:42:21.000000000,137.24721
2026-03-05 10:21:27.000000000,12.518689
2026-03-05 10:51:37.000000000,89.78143
2026-03-05 10:52:19.000000000,19.448576
2026-03-05 10:13:17.000000000,22.054842
2026-03-05 10:44:13.000000000,35.05451
2026-03-05 10:20:28.000000000,22.331306
2026-03-05 10:05:21.000000000,13.211473
2026-03-05 10:09:47.000000000,16.787678
2026-03-05 10:37:22.000000000,21.860485
2026-03-05 10:03:59.000000000,32.19049
2026-03-05 10:02:08.000000000,34.835854
2026-03-05 10:00:28.000000000,12.646062
2026-03-05 10:32:47.000000000,21.804296
2026-03-05 10:34:20.000000000,11.884867
2026-03-05 10:03:28.000000000,29.055042
2026-03-05 10:48:15.000000000,89.00232
2026-03-05 10:22:46.000000000,9.036366
2026-03-05 11:43:19.000000000,16.942345
2026-03-05 11:13:31.000000000,15.106489
2026-03-05 11:12:05.000000000,14.470382
2026-03-05 11:30:24.000000000,28.246689
2026-03-05 11:06:38.000000000,15.744546
2026-03-05 11:03:01.000000000,35.504444
2026-03-05 11:26:29.000000000,21.39836
2026-03-05 11:39:48.000000000,29.307175
2026-03-05 11:55:07.000000000,47.058197
2026-03-05 11:32:02.000000000,17.252182
2026-03-05 11:43:43.000000000,18.562305
2026-03-05 11:25:19.000000000,23.757782
2026-03-05 11:45:44.000000000,20.172894
2026-03-05 11:34:14.000000000,31.380991
2026-03-05 11:24:37.000000000,9.36696
2026-03-05 11:43:41.000000000,7.9568205
2026-03-05 11:42:22.000000000,11.691949
2026-03-05 12:27:59.000000000,13.261132
2026-03-05 12:31:03.000000000,7.440228
2026-03-05 12:38:36.000000000,104.37041
2026-03-05 12:39:19.000000000,15.229785
2026-03-05 12:38:03.000000000,14.808809
2026-03-05 12:11:26.000000000,9.159592
2026-03-05 12:00:41.000000000,104.0366
2026-03-05 12:13:20.000000000,16.869368
2026-03-05 12:07:58.000000000,11.376127
2026-03-05 12:30:40.000000000,16.824972
2026-03-05 12:11:46.000000000,9.025301
2026-03-05 12:32:04.000000000,24.840433
2026-03-05 12:55:04.000000000,22.951775
2026-03-05 12:18:36.000000000,66.935875
2026-03-05 12:49:32.000000000,74.36669
2026-03-05 12:12:14.000000000,48.859623
2026-03-05 12:43:28.000000000,9.819655
2026-03-05 12:44:53.000000000,13.419457
2026-03-05 13:54:16.000000000,28.42154
2026-03-05 13:29:09.000000000,36.12619
2026-03-05 13:38:10.000000000,16.10694
2026-03-05 13:59:03.000000000,32.02742
2026-03-05 13:53:36.000000000,7.309358
2026-03-05 13:21:50.000000000,16.346796
2026-03-05 13:36:43.000000000,23.749697
2026-03-05 13:16:28.000000000,10.506118
2026-03-05 13:48:38.000000000,8.354089
2026-03-05 13:48:14.000000000,40.46846
2026-03-05 13:55:49.000000000,88.11078
2026-03-05 13:13:22.000000000,13.395943
2026-03-05 13:09:11.000000000,12.111827
2026-03-05 13:01:53.000000000,10.41941
2026-03-05 13:17:38.000000000,25.713573
2026-03-05 14:36:49.000000000,15.54338
2026-03-05 14:45:54.000000000,204.1328
2026-03-05 14:57:29.000000000,20.354856
2026-03-05 14:34:03.000000000,88.81317
2026-03-05 14:57:02.000000000,12.894341
2026-03-05 14:12:12.000000000,51.70738
2026-03-05 14:08:29.000000000,8.179491
2026-03-05 14:05:56.000000000,12.581497
2026-03-05 14:03:40.000000000,44.98371
2026-03-05 14:16:02.000000000,56.899857
2026-03-05 15:58:36.000000000,114.62755
2026-03-05 15:07:57.000000000,20.564108
2026-03-05 15:12:08.000000000,35.562195
2026-03-05 15:29:39.000000000,12.913427
2026-03-05 15:56:16.000000000,11.93324
2026-03-05 15:38:41.000000000,38.379307
2026-03-05 15:22:24.000000000,67.60674
2026-03-05 15:11:43.000000000,63.183193
2026-03-05 15:58:04.000000000,8.171862
2026-03-05 15:10:24.000000000,25.440332
2026-03-05 15:00:41.000000000,16.513477
2026-03-05 15:49:52.000000000,29.61437
2026-03-05 15:26:51.000000000,16.853827
2026-03-05 15:57:09.000000000,17.135483
2026-03-05 15:11:19.000000000,24.646545
2026-03-05 15:57:25.000000000,28.96928
2026-03-05 15:49:39.000000000,11.794318
2026-03-05 15:42:09.000000000,13.098934
2026-03-05 15:00:19.000000000,13.141645
2026-03-05 15:28:30.000000000,34.66116
2026-03-05 15:18:52.000000000,102.834435
2026-03-05 15:44:03.000000000,37.46323
2026-03-05 15:12:49.000000000,29.999659
2026-03-05 15:06:13.000000000,39.457268
2026-03-05 15:45:51.000000000,21.221388
2026-03-05 15:24:16.000000000,10.09972
2026-03-05 15:21:07.000000000,36.429504
2026-03-05 16:15:26.000000000,11.780946
2026-03-05 16:46:29.000000000,7.5588446
2026-03-05 16:43:25.000000000,10.397202
2026-03-05 16:35:20.000000000,49.23711
2026-03-05 16:21:27.000000000,23.429356
2026-03-05 16:55:01.000000000,54.425552
2026-03-05 16:56:18.000000000,25.962404
2026-03-05 16:51:54.000000000,28.033474
2026-03-05 16:51:15.000000000,13.857566
2026-03-05 16:21:13.000000000,62.391636
2026-03-05 16:52:03.000000000,22.443258
2026-03-05 16:51:56.000000000,36.649952
2026-03-05 16:07:28.000000000,15.965606
2026-03-05 16:10:13.000000000,12.523797
2026-03-05 16:04:37.000000000,28.668879
2026-03-05 16:27:59.000000000,23.438286
2026-03-05 16:50:52.000000000,11.566575
2026-03-05 16:36:35.000000000,13.581055
2026-03-05 16:34:25.000000000,44.594666
2026-03-05 17:09:33.000000000,14.227441
2026-03-05 17:49:24.000000000,22.958504
2026-03-05 17:04:48.000000000,11.317033
2026-03-05 17:54:11.000000000,59.7919
2026-03-05 17:50:00.000000000,31.622076
2026-03-05 17:54:41.000000000,6.4592085
2026-03-05 17:48:43.000000000,7.869546
2026-03-05 17:26:09.000000000,27.66313
2026-03-05 17:45:25.000000000,11.984694
2026-03-05 17:39:30.000000000,19.715767
2026-03-05 17:13:21.000000000,59.372646
2026-03-05 17:45:53.000000000,50.167946
2026-03-05 17:44:40.000000000,25.099882
2026-03-05 17:35:09.000000000,21.342388
2026-03-05 17:55:35.000000000,13.475308
2026-03-05 17:30:06.000000000,8.887458
2026-03-05 17:21:24.000000000,23.578737
2026-03-05 18:13:57.000000000,8.975007
2026-03-05 18:51:06.000000000,11.61522
2026-03-05 18:15:12.000000000,42.602505
2026-03-05 18:03:04.000000000,114.59658
2026-03-05 18:34:44.000000000,12.581584
2026-03-05 18:31:05.000000000,22.330324
2026-03-05 18:30:18.000000000,28.819592
2026-03-05 18:18:10.000000000,32.143135
2026-03-05 18:59:25.000000000,29.218767
2026-03-05 18:28:52.000000000,27.604118
2026-03-05 18:45:30.000000000,42.291332
2026-03-05 18:25:43.000000000,24.783863
2026-03-05 18:51:13.000000000,15.371636
2026-03-05 18:14:01.000000000,55.51744
2026-03-05 18:00:55.000000000,57.112503
2026-03-05 18:45:03.000000000,17.356668
2026-03-05 18:58:24.000000000,22.8623
2026-03-05 18:58:32.000000000,31.872595
2026-03-05 19:36:25.000000000,89.49511
2026-03-05 19:34:28.000000000,15.566686
2026-03-05 19:05:45.000000000,9.198455
2026-03-05 19:42:07.000000000,28.975988
2026-03-05 19:04:51.000000000,20.154375
2026-03-05 19:37:01.000000000,12.319439
2026-03-05 19:41:07.000000000,52.44508
2026-03-05 19:15:23.000000000,14.538119
2026-03-05 19:46:43.000000000,17.161215
2026-03-05 19:12:56.000000000,19.440008
2026-03-05 19:09:52.000000000,25.024467
2026-03-05 19:18:37.000000000,43.791794
2026-03-05 19:29:05.000000000,56.2301
2026-03-05 19:29:31.000000000,15.138916
2026-03-05 19:34:54.000000000,6.3359585
2026-03-05 19:46:50.000000000,32.663902
2026-03-05 20:46:10.000000000,20.659672
2026-03-05 20:32:19.000000000,16.956285
2026-03-05 20:53:05.000000000,12.539823
2026-03-05 20:02:38.000000000,7.364669
2026-03-05 20:34:41.000000000,29.230965
2026-03-05 20:25:25.000000000,75.589485
2026-03-05 20:24:23.000000000,22.519796
2026-03-05 20:59:16.000000000,14.643165
2026-03-05 20:10:28.000000000,8.223197
2026-03-05 20:09:52.000000000,182.77014
2026-03-05 20:39:33.000000000,20.847149
2026-03-05 20:19:34.000000000,37.45938
2026-03-05 20:14:02.000000000,35.546764
2026-03-05 20:34:10.000000000,37.604134
2026-03-05 20:22:48.000000000,23.233416
2026-03-05 20:48:39.000000000,9.697805
2026-03-05 20:14:53.000000000,22.224672
2026-03-05 20:10:36.000000000,40.026726
2026-03-05 20:19:00.000000000,12.141851
2026-03-05 20:16:44.000000000,76.490746
2026-03-05 20:29:10.000000000,59.576214
2026-03-05 20:27:31.000000000,21.546284
2026-03-05 20:02:42.000000000,11.222535
2026-03-05 20:52:23.000000000,39.25402
2026-03-05 21:18:15.000000000,32.47268
2026-03-05 21:26:25.000000000,136.40807
2026-03-05 21:30:14.000000000,6.552483
2026-03-05 21:33:11.000000000,27.463068
2026-03-05 21:23:42.000000000,191.73122
2026-03-05 21:18:05.000000000,34.780674
2026-03-05 21:10:52.000000000,156.09601
2026-03-05 21:27:46.000000000,88.80961
2026-03-05 21:25:31.000000000,9.883976
2026-03-05 21:30:52.000000000,6.207736
2026-03-05 21:16:42.000000000,13.046652
2026-03-05 21:47:36.000000000,6.955973
2026-03-05 21:41:18.000000000,11.998692
2026-03-05 21:57:11.000000000,25.492168
2026-03-05 21:56:05.000000000,15.042888
2026-03-05 21:43:54.000000000,118.20853
2026-03-05 21:28:28.000000000,14.064307
2026-03-05 21:10:27.000000000,16.76959
2026-03-05 21:55:25.000000000,37.315266
2026-03-05 21:26:49.000000000,10.028089
2026-03-05 22:18:31.000000000,45.516712
2026-03-05 22:06:57.000000000,19.6027
2026-03-05 22:39:06.000000000,16.047585
2026-03-05 22:33:13.000000000,16.20466
2026-03-05 22:15:46.000000000,7.9394574
2026-03-05 22:46:03.000000000,29.086237
2026-03-05 22:18:33.000000000,21.19962
2026-03-05 22:02:41.000000000,24.030222
2026-03-05 22:30:30.000000000,26.743876
2026-03-05 22:23:20.000000000,9.3425045
2026-03-05 22:31:41.000000000,11.754901
2026-03-05 22:01:35.000000000,50.812046
2026-03-05 22:56:32.000000000,21.4769
2026-03-05 22:22:26.000000000,8.386489
2026-03-05 22:23:02.000000000,6.868126
2026-03-05 22:18:56.000000000,25.260395
2026-03-05 22:01:50.000000000,12.468259
2026-03-05 22:52:57.000000000,13.944904
2026-03-05 22:23:46.000000000,63.914017
2026-03-05 22:06:26.000000000,55.77748
2026-03-05 22:13:13.000000000,42.511524
2026-03-05 22:24:23.000000000,13.515109
2026-03-05 22:45:09.000000000,24.047997
2026-03-05 22:10:28.000000000,8.173366
2026-03-05 22:26:52.000000000,58.66623
2026-03-05 22:49:21.000000000,21.447622
2026-03-05 22:35:07.000000000,16.976673
2026-03-05 23:38:25.000000000,15.048281
2026-03-05 23:04:32.000000000,13.570678
2026-03-05 23:23:37.000000000,15.566408
2026-03-05 23:59:29.000000000,18.76149
2026-03-05 23:33:18.000000000,45.427116
2026-03-05 23:27:24.000000000,12.560574
2026-03-05 23:57:34.000000000,12.398727
2026-03-05 23:37:44.000000000,14.165688
2026-03-05 23:00:25.000000000,10.273799
2026-03-05 23:55:20.000000000,35.243202
2026-03-05 23:18:27.000000000,17.676937
2026-03-05 23:48:46.000000000,13.195346
2026-03-05 23:09:27.000000000,18.202463
2026-03-05 23:54:35.000000000,17.955893
2026-03-05 23:39:44.000000000,25.228771
2026-03-05 23:09:58.000000000,89.64814
2026-03-05 23:35:42.000000000,33.06766
2026-03-05 23:26:52.000000000,18.672647
2026-03-05 23:31:08.000000000,15.019293
2026-03-05 23:17:17.000000000,18.576334
2026-03-05 23:51:39.000000000,11.012693
2026-03-05 23:51:16.000000000,22.300638
2026-03-05 23:29:10.000000000,36.484684
2026-03-05 23:01:22.000000000,45.22271
2026-03-05 23:41:22.000000000,23.820452
2026-03-05 23:43:35.000000000,19.340761
2026-03-05 23:34:35.000000000,6.9422884
2026-03-05 23:32:26.000000000,51.918587
2026-03-05 23:22:25.000000000,9.452423
2026-03-05 23:45:20.000000000,8.659139
2026-03-05 23:18:59.000000000,11.222535
2026-03-06 00:42:52.000000000,29.015305
2026-03-06 00:15:40.000000000,10.364368
2026-03-06 00:04:20.000000000,26.608364
2026-03-06 00:35:19.000000000,25.937628
2026-03-06 00:21:13.000000000,13.0833435
2026-03-06 00:45:13.000000000,23.704498
2026-03-06 00:30:00.000000000,36.791912
2026-03-06 01:50:46.000000000,7.567148
2026-03-06 01:21:28.000000000,23.439125
2026-03-06 01:24:38.000000000,10.429812
2026-03-06 01:30:45.000000000,22.31479
2026-03-06 01:06:14.000000000,7.75851
2026-03-06 01:45:07.000000000,8.732743
2026-03-06 01:00:27.000000000,11.731873
2026-03-06 01:02:21.000000000,50.843834
2026-03-06 02:20:24.000000000,22.368002
2026-03-06 02:37:16.000000000,13.972529
2026-03-06 02:11:23.000000000,12.964276
2026-03-06 03:25:05.000000000,30.227701
2026-03-06 03:36:21.000000000,52.5668
2026-03-06 03:11:22.000000000,9.36696
2026-03-06 03:45:32.000000000,9.690395
2026-03-06 03:13:54.000000000,12.360023
2026-03-06 04:11:01.000000000,9.680886
2026-03-06 04:57:35.000000000,32.465755
2026-03-06 04:16:42.000000000,53.66003
2026-03-06 05:04:50.000000000,67.75206
2026-03-06 05:43:13.000000000,50.650635
2026-03-06 05:50:56.000000000,8.261983
2026-03-06 05:07:37.000000000,48.023746
2026-03-06 05:37:50.000000000,134.8508
2026-03-06 05:25:41.000000000,8.51157
2026-03-06 05:32:03.000000000,65.19447
2026-03-06 05:27:47.000000000,20.717701
2026-03-06 05:53:48.000000000,15.747971
2026-03-06 05:26:14.000000000,8.222293
2026-03-06 05:55:33.000000000,8.550612
2026-03-06 06:19:18.000000000,16.480782
2026-03-06 06:28:07.000000000,13.15189
2026-03-06 06:04:24.000000000,17.934322
2026-03-06 06:56:59.000000000,8.899441
2026-03-06 06:25:56.000000000,8.711892
2026-03-06 06:59:08.000000000,26.696089
2026-03-06 06:27:54.000000000,44.340828
2026-03-06 06:25:24.000000000,18.437048
2026-03-06 06:55:43.000000000,56.253155
2026-03-06 06:07:09.000000000,27.997482
2026-03-06 06:23:40.000000000,42.234486
2026-03-06 06:38:48.000000000,68.7899
2026-03-06 06:08:41.000000000,45.06788
2026-03-06 06:01:32.000000000,24.970238
2026-03-06 07:26:12.000000000,33.683746
2026-03-06 07:48:42.000000000,6.23617
2026-03-06 07:33:41.000000000,21.479258
2026-03-06 07:05:28.000000000,132.16554
2026-03-06 07:54:16.000000000,39.18212
2026-03-06 07:42:56.000000000,9.391322
2026-03-06 07:54:38.000000000,29.885292
2026-03-06 07:07:15.000000000,18.625282
2026-03-06 07:03:55.000000000,12.544127
2026-03-06 07:48:43.000000000,6.1243615
2026-03-06 07:35:42.000000000,39.472588
2026-03-06 07:56:49.000000000,93.5596
2026-03-06 08:06:29.000000000,6.4800596
2026-03-06 08:29:20.000000000,22.846668
2026-03-06 08:45:54.000000000,26.779003
2026-03-06 08:17:05.000000000,11.451808
2026-03-06 08:18:04.000000000,14.928237
2026-03-06 08:31:24.000000000,8.798661
2026-03-06 08:32:14.000000000,10.815235
2026-03-06 08:22:18.000000000,23.823929
2026-03-06 08:26:43.000000000,23.567932
2026-03-06 08:17:16.000000000,6.0974526
2026-03-06 08:12:50.000000000,9.405936
2026-03-06 08:41:05.000000000,139.44327
2026-03-06 08:07:07.000000000,17.088642
2026-03-06 08:23:45.000000000,14.984214
2026-03-06 08:24:46.000000000,24.735867
2026-03-06 08:21:58.000000000,16.049828
2026-03-06 08:05:47.000000000,8.937062
2026-03-06 08:19:35.000000000,33.4707
2026-03-06 09:04:21.000000000,11.070958
2026-03-06 09:47:02.000000000,55.39982
2026-03-06 09:21:04.000000000,9.351838
2026-03-06 09:48:28.000000000,22.663536
2026-03-06 09:21:50.000000000,29.608028
2026-03-06 09:36:40.000000000,26.781057
2026-03-06 09:34:15.000000000,16.638786
2026-03-06 09:29:04.000000000,46.92945
2026-03-06 09:08:31.000000000,57.5314
2026-03-06 09:31:03.000000000,51.401325
2026-03-06 09:16:24.000000000,24.65866
2026-03-06 09:47:27.000000000,114.7744
2026-03-06 09:36:18.000000000,18.247974
2026-03-06 09:15:14.000000000,10.359261
2026-03-06 09:27:58.000000000,22.38743
2026-03-06 09:24:45.000000000,7.5698214
2026-03-06 09:28:23.000000000,7.392436
2026-03-06 09:12:42.000000000,13.349235
2026-03-06 09:18:47.000000000,35.657387
2026-03-06 09:09:12.000000000,6.926845
2026-03-06 09:17:14.000000000,20.6531
2026-03-06 09:15:27.000000000,20.2519
2026-03-06 10:51:57.000000000,36.916813
2026-03-06 10:33:27.000000000,33.29681
2026-03-06 10:10:21.000000000,36.92075
2026-03-06 10:19:30.000000000,16.440865
2026-03-06 10:52:13.000000000,40.935966
2026-03-06 10:05:24.000000000,56.080086
2026-03-06 10:19:23.000000000,35.37812
2026-03-06 10:26:45.000000000,36.142952
2026-03-06 10:50:52.000000000,16.810541
2026-03-06 10:59:33.000000000,35.358486
2026-03-06 10:55:15.000000000,34.811302
2026-03-06 10:23:51.000000000,16.049828
2026-03-06 10:29:06.000000000,30.201307
2026-03-06 10:24:38.000000000,20.663378
2026-03-06 10:41:30.000000000,11.716937
2026-03-06 10:41:49.000000000,32.662323
2026-03-06 10:21:52.000000000,9.190861
2026-03-06 11:43:25.000000000,8.867299
2026-03-06 11:45:32.000000000,9.086634
2026-03-06 11:05:57.000000000,14.78627
2026-03-06 11:40:25.000000000,13.619906
2026-03-06 11:33:55.000000000,11.80674
2026-03-06 11:06:05.000000000,10.662711
2026-03-06 11:21:48.000000000,11.865415
2026-03-06 11:29:05.000000000,18.588873
2026-03-06 11:34:48.000000000,14.256448
2026-03-06 11:55:32.000000000,30.33178
2026-03-06 11:11:11.000000000,13.645719
2026-03-06 11:23:21.000000000,85.750946
2026-03-06 11:51:58.000000000,70.10943
2026-03-06 11:37:19.000000000,21.263689
2026-03-06 11:38:24.000000000,22.350485
2026-03-06 11:35:11.000000000,19.863308
2026-03-06 11:04:00.000000000,37.15546
2026-03-06 12:18:58.000000000,8.1297655
2026-03-06 12:58:48.000000000,41.48839
2026-03-06 12:26:22.000000000,13.265792
2026-03-06 12:01:10.000000000,17.008762
2026-03-06 12:15:53.000000000,42.74834
2026-03-06 12:36:19.000000000,11.730662
2026-03-06 12:36:31.000000000,16.084631
2026-03-06 13:02:35.000000000,34.01424
2026-03-06 13:35:09.000000000,9.7753525
2026-03-06 13:17:38.000000000,22.265686
2026-03-06 13:56:01.000000000,51.52871
2026-03-06 13:41:20.000000000,28.078121
2026-03-06 13:02:32.000000000,10.38677
2026-03-06 13:41:54.000000000,62.747765
2026-03-06 13:45:13.000000000,9.824621
2026-03-06 13:41:26.000000000,16.00436
2026-03-06 14:16:55.000000000,24.96247
2026-03-06 14:48:37.000000000,202.43463
2026-03-06 14:57:12.000000000,17.689907
2026-03-06 14:48:29.000000000,29.40308
2026-03-06 14:07:39.000000000,27.941555
2026-03-06 14:46:55.000000000,9.752188
2026-03-06 14:04:26.000000000,10.893469
2026-03-06 14:31:27.000000000,32.654476
2026-03-06 14:23:40.000000000,19.6571
2026-03-06 14:25:05.000000000,19.407787
2026-03-06 14:46:06.000000000,14.738869
2026-03-06 14:50:51.000000000,28.351131
2026-03-06 14:01:52.000000000,36.93386
2026-03-06 14:22:01.000000000,15.918926
2026-03-06 14:19:40.000000000,9.110199
2026-03-06 14:56:25.000000000,9.738631
2026-03-06 14:12:36.000000000,9.964247
2026-03-06 14:11:22.000000000,8.176599
2026-03-06 15:57:33.000000000,57.86282
2026-03-06 15:07:23.000000000,44.217484
2026-03-06 15:50:52.000000000,19.825462
2026-03-06 15:29:15.000000000,14.217886
2026-03-06 15:47:04.000000000,5.950482
2026-03-06 15:04:32.000000000,57.640076
2026-03-06 15:10:50.000000000,10.472365
2026-03-06 15:44:28.000000000,76.114494
2026-03-06 15:33:39.000000000,58.93002
2026-03-06 15:54:24.000000000,196.02473
2026-03-06 15:05:33.000000000,13.257705
2026-03-06 15:58:24.000000000,15.899383
2026-03-06 15:15:17.000000000,33.08929
2026-03-06 15:58:01.000000000,9.773504
2026-03-06 15:38:04.000000000,12.398727
2026-03-06 15:56:39.000000000,49.668903
2026-03-06 15:35:00.000000000,17.207134
2026-03-06 16:16:58.000000000,7.485448
2026-03-06 16:04:26.000000000,43.20646
2026-03-06 16:35:46.000000000,135.53743
2026-03-06 16:03:54.000000000,36.562836
2026-03-06 16:11:42.000000000,12.691502
2026-03-06 16:51:22.000000000,12.502473
2026-03-06 16:12:20.000000000,60.823734
2026-03-06 16:02:14.000000000,8.991455
2026-03-06 16:10:23.000000000,19.743864
2026-03-06 16:28:20.000000000,8.050103
2026-03-06 16:06:24.000000000,9.888191
2026-03-06 16:27:21.000000000,9.6463175
2026-03-06 16:48:34.000000000,20.989437
2026-03-06 16:36:06.000000000,13.218462
2026-03-06 16:22:23.000000000,34.295757
2026-03-06 16:22:55.000000000,12.618874
2026-03-06 16:14:11.000000000,14.135713
2026-03-06 16:56:47.000000000,50.4075
2026-03-06 17:27:11.000000000,135.46944
2026-03-06 17:05:25.000000000,44.348766
2026-03-06 17:59:44.000000000,28.995947
2026-03-06 17:39:42.000000000,20.250051
2026-03-06 17:26:08.000000000,11.721887
2026-03-06 17:23:47.000000000,66.33779
2026-03-06 17:38:53.000000000,13.937757
2026-03-06 17:06:22.000000000,8.943404
2026-03-06 17:16:24.000000000,17.809654
2026-03-06 17:30:52.000000000,22.178469
2026-03-06 17:02:03.000000000,21.240267
2026-03-06 17:15:04.000000000,11.86339
2026-03-06 17:47:54.000000000,7.8188624
2026-03-06 17:57:00.000000000,14.145286
2026-03-06 17:37:37.000000000,13.138935
2026-03-06 17:15:40.000000000,10.26147
2026-03-06 17:37:20.000000000,33.074726
2026-03-06 17:13:03.000000000,27.640182
2026-03-06 17:54:27.000000000,9.701791
2026-03-06 17:34:30.000000000,18.706379
2026-03-06 17:29:52.000000000,7.49179
2026-03-06 17:45:28.000000000,18.420599
2026-03-06 17:06:24.000000000,14.978502
2026-03-06 17:16:24.000000000,31.355068
2026-03-06 18:20:05.000000000,26.17003
2026-03-06 18:08:08.000000000,13.348075
2026-03-06 18:33:45.000000000,22.189327
2026-03-06 18:39:34.000000000,24.873331
2026-03-06 18:53:50.000000000,38.65296
2026-03-06 18:37:24.000000000,34.544548
2026-03-06 18:38:55.000000000,27.718151
2026-03-06 18:50:51.000000000,21.921732
2026-03-06 18:40:41.000000000,9.831776
2026-03-06 18:34:17.000000000,11.850079
2026-03-06 18:45:56.000000000,31.484732
2026-03-06 18:59:45.000000000,21.254595
2026-03-06 18:19:32.000000000,35.533016
2026-03-06 18:59:54.000000000,12.391246
2026-03-06 18:11:24.000000000,177.88712
2026-03-06 18:52:10.000000000,184.58038
2026-03-06 18:14:45.000000000,14.990156
2026-03-06 18:16:03.000000000,42.31067
2026-03-06 18:38:52.000000000,30.816036
2026-03-06 18:42:51.000000000,17.847942
2026-03-06 18:01:42.000000000,14.627447
2026-03-06 18:33:46.000000000,43.27001
2026-03-06 18:42:14.000000000,11.539576
2026-03-06 18:38:21.000000000,12.565107
2026-03-06 18:36:52.000000000,15.171188
2026-03-06 18:31:55.000000000,16.417639
2026-03-06 19:18:26.000000000,11.140544
2026-03-06 19:23:19.000000000,31.968948
2026-03-06 19:50:10.000000000,18.529636
2026-03-06 19:00:21.000000000,7.7716656
2026-03-06 19:15:25.000000000,12.544989
2026-03-06 19:54:45.000000000,39.013134
2026-03-06 19:57:20.000000000,22.230097
2026-03-06 19:16:45.000000000,13.798866
2026-03-06 19:49:48.000000000,33.82809
2026-03-06 19:39:38.000000000,47.532333
2026-03-06 19:05:35.000000000,59.109108
2026-03-06 19:35:13.000000000,19.441656
2026-03-06 19:10:34.000000000,27.93012
2026-03-06 19:16:41.000000000,82.812325
2026-03-06 19:08:31.000000000,11.981802
2026-03-06 19:03:27.000000000,31.11693
2026-03-06 19:09:10.000000000,9.883976
2026-03-06 19:41:34.000000000,17.506758
2026-03-06 19:13:42.000000000,18.062918
2026-03-06 20:26:42.000000000,9.856143
2026-03-06 20:36:17.000000000,21.36103
2026-03-06 20:55:30.000000000,8.238194
2026-03-06 20:45:01.000000000,21.67798
2026-03-06 20:59:51.000000000,22.603376
2026-03-06 20:18:41.000000000,20.41027
2026-03-06 20:55:06.000000000,12.859977
2026-03-06 20:18:57.000000000,20.177265
2026-03-06 20:33:52.000000000,28.329533
2026-03-06 20:03:07.000000000,18.928183
2026-03-06 20:00:17.000000000,45.129524
2026-03-06 20:18:57.000000000,14.597834
2026-03-06 20:21:36.000000000,22.976526
2026-03-06 20:26:24.000000000,13.87591
2026-03-06 20:26:58.000000000,11.7750225
2026-03-06 20:31:37.000000000,28.856136
2026-03-06 20:03:27.000000000,15.018505
2026-03-06 20:06:50.000000000,27.25756
2026-03-06 20:59:12.000000000,37.889713
2026-03-06 20:00:19.000000000,14.888032
2026-03-06 20:04:28.000000000,27.14601
2026-03-06 20:18:06.000000000,21.296745
2026-03-06 20:04:19.000000000,13.202773
2026-03-06 20:10:55.000000000,21.737764
2026-03-06 21:15:18.000000000,16.696844
2026-03-06 21:17:28.000000000,20.912176
2026-03-06 21:22:43.000000000,15.076181
2026-03-06 21:01:30.000000000,32.21351
2026-03-06 21:37:42.000000000,19.497192
2026-03-06 21:48:36.000000000,20.351788
2026-03-06 21:56:02.000000000,10.727876
2026-03-06 21:21:43.000000000,11.954579
2026-03-06 21:39:35.000000000,22.35892
2026-03-06 21:20:26.000000000,26.72091
2026-03-06 21:06:02.000000000,8.952122
2026-03-06 21:44:21.000000000,15.3359585
2026-03-06 21:22:54.000000000,42.458256
2026-03-06 21:40:27.000000000,36.25424
2026-03-06 21:57:35.000000000,14.218532
2026-03-06 21:11:07.000000000,11.779342
2026-03-06 21:35:56.000000000,9.981648
2026-03-06 21:13:45.000000000,20.921146
2026-03-06 21:38:51.000000000,31.529959
2026-03-06 21:19:16.000000000,5.943494
2026-03-06 21:49:48.000000000,40.751637
2026-03-06 21:24:07.000000000,39.940495
2026-03-06 22:49:44.000000000,37.757263
2026-03-06 22:53:19.000000000,15.926909
2026-03-06 22:22:21.000000000,20.724642
2026-03-06 22:10:53.000000000,69.6175
2026-03-06 22:16:46.000000000,22.030842
2026-03-06 22:50:36.000000000,16.820374
2026-03-06 22:28:02.000000000,24.054739
2026-03-06 22:32:01.000000000,76.27931
2026-03-06 22:29:50.000000000,49.855434
2026-03-06 22:06:19.000000000,17.63858
2026-03-06 22:35:03.000000000,16.887249
2026-03-06 22:29:33.000000000,26.717188
2026-03-06 22:50:10.000000000,18.499203
2026-03-06 22:53:44.000000000,58.551888
2026-03-06 22:25:16.000000000,14.689755
2026-03-06 22:40:34.000000000,14.10788
2026-03-06 22:43:02.000000000,7.590182
2026-03-06 22:46:09.000000000,23.680157
2026-03-06 22:28:27.000000000,12.518689
2026-03-06 22:13:24.000000000,23.878613
2026-03-06 22:10:34.000000000,20.365625
2026-03-06 22:23:13.000000000,12.114108
2026-03-06 22:49:31.000000000,22.764961
2026-03-06 22:18:53.000000000,37.133587
2026-03-06 23:28:07.000000000,13.27477
2026-03-06 23:53:48.000000000,6.444052
2026-03-06 23:58:43.000000000,14.557221
2026-03-06 23:49:46.000000000,12.621109
2026-03-06 23:15:36.000000000,57.34632
2026-03-06 23:21:54.000000000,11.504547
2026-03-06 23:13:33.000000000,15.150519
2026-03-06 23:14:02.000000000,23.476128
2026-03-06 23:07:45.000000000,7.662177
2026-03-06 23:52:30.000000000,9.829419
2026-03-06 23:39:21.000000000,45.45283
2026-03-06 23:11:35.000000000,214.26198
2026-03-06 23:57:47.000000000,21.445423
2026-03-06 23:17:08.000000000,50.548428
2026-03-06 23:53:58.000000000,11.761889
2026-03-06 23:32:04.000000000,18.249441
2026-03-06 23:04:42.000000000,95.86776
2026-03-07 00:09:46.000000000,32.925877
2026-03-07 00:50:06.000000000,23.87834
2026-03-07 00:13:39.000000000,20.502663
2026-03-07 00:36:14.000000000,12.634557
2026-03-07 00:29:28.000000000,8.943404
2026-03-07 00:54:29.000000000,39.79883
2026-03-07 00:14:23.000000000,23.891006
2026-03-07 00:40:16.000000000,9.009212
2026-03-07 00:47:34.000000000,20.893538
2026-03-07 00:47:25.000000000,10.737144
2026-03-07 00:57:23.000000000,12.62464
2026-03-07 00:44:07.000000000,60.154827
2026-03-07 00:09:18.000000000,21.120419
2026-03-07 00:17:05.000000000,23.8648
2026-03-07 00:55:26.000000000,34.432735
2026-03-07 00:46:54.000000000,29.800566
2026-03-07 00:34:50.000000000,32.232037
2026-03-07 00:44:05.000000000,8.873491
2026-03-07 00:37:51.000000000,16.88727
2026-03-07 00:54:53.000000000,10.543032
2026-03-07 00:04:34.000000000,29.853777
2026-03-07 00:19:48.000000000,14.649505
2026-03-07 00:00:08.000000000,21.611801
2026-03-07 01:48:32.000000000,8.892452
2026-03-07 01:02:39.000000000,29.945076
2026-03-07 01:38:23.000000000,7.5298724
2026-03-07 01:54:39.000000000,16.677221
2026-03-07 01:05:01.000000000,10.538226
2026-03-07 01:46:49.000000000,11.879769
2026-03-07 01:59:53.000000000,10.247709
2026-03-07 01:40:34.000000000,19.505754
2026-03-07 01:11:08.000000000,12.365509
2026-03-07 01:03:08.000000000,10.38689
2026-03-07 01:43:33.000000000,58.60184
2026-03-07 01:29:13.000000000,26.787125
2026-03-07 01:10:39.000000000,18.626474
2026-03-07 01:13:14.000000000,9.791735
2026-03-07 02:56:07.000000000,18.965963
2026-03-07 02:18:04.000000000,20.22334
2026-03-07 02:47:39.000000000,45.51562
2026-03-07 02:17:02.000000000,34.383556
2026-03-07 02:59:22.000000000,15.846991
2026-03-07 02:50:15.000000000,48.88654
2026-03-07 02:46:10.000000000,25.860804
2026-03-07 02:08:15.000000000,12.424111
2026-03-07 02:36:00.000000000,42.118637
2026-03-07 02:53:45.000000000,25.391031
2026-03-07 02:26:56.000000000,19.692762
2026-03-07 02:43:32.000000000,16.08592
2026-03-07 02:32:19.000000000,39.18219
2026-03-07 02:47:58.000000000,100.30618
2026-03-07 02:03:18.000000000,14.944123
2026-03-07 02:26:47.000000000,35.698814
2026-03-07 03:41:18.000000000,9.790833
2026-03-07 03:08:34.000000000,42.516018
2026-03-07 03:43:35.000000000,6.437064
2026-03-07 03:43:46.000000000,30.411137
2026-03-07 03:30:37.000000000,18.81962
2026-03-07 03:27:51.000000000,29.489368
2026-03-07 03:26:06.000000000,20.454817
2026-03-07 03:17:04.000000000,24.242
2026-03-07 03:20:19.000000000,14.309253
2026-03-07 03:00:19.000000000,24.864832
2026-03-07 04:40:41.000000000,27.574991
2026-03-07 04:21:18.000000000,18.548445
2026-03-07 04:42:54.000000000,14.234005
2026-03-07 04:25:26.000000000,28.23574
2026-03-07 04:30:43.000000000,15.112991
2026-03-07 05:48:09.000000000,62.536552
2026-03-07 05:53:17.000000000,31.891205
2026-03-07 05:34:39.000000000,54.865322
2026-03-07 05:41:08.000000000,34.71657
2026-03-07 05:44:35.000000000,16.76959
2026-03-07 05:01:40.000000000,116.17722
2026-03-07 06:19:02.000000000,11.307734
2026-03-07 06:25:53.000000000,34.933033
2026-03-07 06:58:40.000000000,20.044573
2026-03-07 06:49:33.000000000,8.467928
2026-03-07 06:36:44.000000000,16.351263
2026-03-07 06:25:51.000000000,53.159054
2026-03-07 06:05:42.000000000,17.849653
2026-03-07 07:24:18.000000000,9.185541
2026-03-07 07:37:16.000000000,9.965352
2026-03-07 07:09:19.000000000,8.873491
2026-03-07 07:41:24.000000000,9.848906
2026-03-07 07:20:23.000000000,17.737682
2026-03-07 07:04:57.000000000,28.136189
2026-03-07 07:02:24.000000000,16.831102
2026-03-07 07:52:47.000000000,7.939418
2026-03-07 08:48:44.000000000,20.780598
2026-03-07 08:12:04.000000000,60.37693
2026-03-07 08:32:40.000000000,19.388206
2026-03-07 08:32:11.000000000,15.336478
2026-03-07 08:07:18.000000000,7.7202806
2026-03-07 08:28:16.000000000,31.954672
2026-03-07 08:41:43.000000000,8.873491
2026-03-07 08:50:06.000000000,14.572542
2026-03-07 09:57:57.000000000,46.48786
2026-03-07 09:15:59.000000000,11.65879
2026-03-07 09:31:22.000000000,8.355613
2026-03-07 09:38:35.000000000,54.36977
2026-03-07 09:03:00.000000000,38.13146
2026-03-07 09:32:22.000000000,27.696531
2026-03-07 09:50:18.000000000,14.738799
2026-03-07 09:58:13.000000000,8.948116
2026-03-07 09:08:49.000000000,8.848121
2026-03-07 09:37:13.000000000,30.912746
2026-03-07 09:25:04.000000000,8.804774
2026-03-07 09:39:12.000000000,27.312304
2026-03-07 09:21:31.000000000,10.534676
2026-03-07 10:32:54.000000000,13.45255
2026-03-07 10:38:09.000000000,13.065023
2026-03-07 10:33:11.000000000,8.928583
2026-03-07 10:04:59.000000000,23.775867
2026-03-07 10:40:01.000000000,12.738538
2026-03-07 10:13:18.000000000,16.049828
2026-03-07 10:01:19.000000000,24.332941
2026-03-07 10:25:45.000000000,6.626997
2026-03-07 10:44:05.000000000,15.062136
2026-03-07 10:08:27.000000000,12.330945
2026-03-07 10:55:31.000000000,26.39474
2026-03-07 11:45:58.000000000,49.104797
2026-03-07 11:09:53.000000000,14.630123
2026-03-07 11:39:12.000000000,35.89995
2026-03-07 11:06:20.000000000,8.103453
2026-03-07 11:24:15.000000000,19.471518
2026-03-07 11:15:29.000000000,31.887878
2026-03-07 11:09:47.000000000,16.987673
2026-03-07 11:50:15.000000000,31.536348
2026-03-07 11:21:51.000000000,19.859152
2026-03-07 11:32:51.000000000,13.55639
2026-03-07 11:05:57.000000000,15.064333
2026-03-07 11:52:23.000000000,7.8254757
2026-03-07 11:26:48.000000000,9.334422
2026-03-07 11:25:01.000000000,15.264474
2026-03-07 12:47:05.000000000,33.877117
2026-03-07 12:27:26.000000000,18.126335
2026-03-07 12:55:17.000000000,45.73323
2026-03-07 12:55:50.000000000,10.424664
2026-03-07 12:19:26.000000000,22.436369
2026-03-07 12:44:47.000000000,17.471249
2026-03-07 12:36:40.000000000,54.34465
2026-03-07 12:10:02.000000000,48.423553
2026-03-07 12:12:41.000000000,23.333475
2026-03-07 12:03:28.000000000,41.3845
2026-03-07 12:24:16.000000000,42.12222
2026-03-07 12:29:50.000000000,15.131014
2026-03-07 12:24:55.000000000,23.975346
2026-03-07 12:36:33.000000000,24.214563
2026-03-07 12:06:04.000000000,14.300712
2026-03-07 12:14:40.000000000,44.16193
2026-03-07 12:59:01.000000000,9.948765
2026-03-07 12:43:57.000000000,58.81276
2026-03-07 12:51:16.000000000,45.234028
2026-03-07 12:25:44.000000000,8.00244
2026-03-07 12:01:12.000000000,8.410096
2026-03-07 12:01:37.000000000,12.488527
2026-03-07 13:30:31.000000000,103.980354
2026-03-07 13:05:28.000000000,18.56377
2026-03-07 13:40:33.000000000,46.753517
2026-03-07 13:49:01.000000000,25.631273
2026-03-07 13:00:59.000000000,26.795351
2026-03-07 13:46:30.000000000,11.65879
2026-03-07 13:18:58.000000000,12.108764
2026-03-07 13:05:09.000000000,20.58478
2026-03-07 13:07:16.000000000,14.608066
2026-03-07 13:40:32.000000000,61.136253
2026-03-07 13:23:35.000000000,25.573261
2026-03-07 13:51:24.000000000,11.373751
2026-03-07 13:11:34.000000000,23.744015
2026-03-07 13:23:14.000000000,33.468964
2026-03-07 13:57:42.000000000,9.931025
2026-03-07 13:13:33.000000000,29.406868
2026-03-07 14:09:42.000000000,11.672886
2026-03-07 14:06:43.000000000,21.517801
2026-03-07 14:16:41.000000000,12.08836
2026-03-07 14:40:56.000000000,9.971041
2026-03-07 14:24:54.000000000,30.996454
2026-03-07 14:35:23.000000000,17.855082
2026-03-07 14:23:27.000000000,11.129902
2026-03-07 14:42:40.000000000,31.46758
2026-03-07 14:09:53.000000000,26.933855
2026-03-07 14:23:06.000000000,13.503284
2026-03-07 14:16:29.000000000,14.525717
2026-03-07 14:35:33.000000000,23.243502
2026-03-07 14:44:44.000000000,15.981588
2026-03-07 14:28:41.000000000,30.433067
2026-03-07 14:28:37.000000000,22.31794
2026-03-07 14:45:36.000000000,16.68664
2026-03-07 14:19:07.000000000,8.986839
2026-03-07 14:50:10.000000000,35.752815
2026-03-07 14:51:53.000000000,8.729227
2026-03-07 14:04:17.000000000,23.21807
2026-03-07 14:00:24.000000000,8.13061
2026-03-07 14:18:34.000000000,6.766434
2026-03-07 15:17:31.000000000,22.079649
2026-03-07 15:15:53.000000000,10.741477
2026-03-07 15:52:38.000000000,12.442049
2026-03-07 15:39:28.000000000,14.260503
2026-03-07 15:30:56.000000000,17.623165
2026-03-07 15:58:23.000000000,18.400515
2026-03-07 15:47:25.000000000,36.945656
2026-03-07 15:36:06.000000000,8.010125
2026-03-07 16:40:00.000000000,34.000305
2026-03-07 16:31:17.000000000,44.752148
2026-03-07 16:22:09.000000000,27.603941
2026-03-07 16:27:50.000000000,17.653152
2026-03-07 16:45:43.000000000,17.083265
2026-03-07 16:17:39.000000000,19.411001
2026-03-07 16:26:24.000000000,8.00155
2026-03-07 16:01:40.000000000,13.564599
2026-03-07 16:54:51.000000000,8.103453
2026-03-07 16:28:26.000000000,12.568401
2026-03-07 16:15:57.000000000,20.56719
2026-03-07 16:24:36.000000000,16.759567
2026-03-07 16:55:09.000000000,38.61646
2026-03-07 16:59:50.000000000,8.074977
2026-03-07 16:31:59.000000000,41.67682
2026-03-07 16:55:59.000000000,9.771994
2026-03-07 16:56:51.000000000,10.581754
2026-03-07 16:43:59.000000000,23.539194
2026-03-07 17:16:01.000000000,7.8954945
2026-03-07 17:40:49.000000000,8.181392
2026-03-07 17:40:06.000000000,49.911736
2026-03-07 17:09:36.000000000,38.581863
2026-03-07 17:13:01.000000000,6.9047523
2026-03-07 17:18:18.000000000,22.230265
2026-03-07 17:00:04.000000000,14.612272
2026-03-07 17:06:16.000000000,29.07556
2026-03-07 17:37:34.000000000,25.96763
2026-03-07 17:43:05.000000000,8.408196
2026-03-07 17:08:20.000000000,17.763535
2026-03-07 17:45:26.000000000,19.141357
2026-03-07 17:11:59.000000000,18.10286
2026-03-07 17:30:09.000000000,46.643387
2026-03-07 17:50:33.000000000,18.755339
2026-03-07 17:49:09.000000000,21.888819
2026-03-07 17:18:18.000000000,13.075261
2026-03-07 17:48:33.000000000,20.362642
2026-03-07 17:02:02.000000000,17.608948
2026-03-07 17:57:44.000000000,31.498533
2026-03-07 17:58:32.000000000,55.72555
2026-03-07 17:59:33.000000000,7.448143
2026-03-07 17:08:50.000000000,56.260647
2026-03-07 18:27:55.000000000,35.55606
2026-03-07 18:40:41.000000000,12.550196
2026-03-07 18:12:04.000000000,17.752407
2026-03-07 18:13:55.000000000,19.382206
2026-03-07 18:43:28.000000000,10.005887
2026-03-07 18:39:52.000000000,104.557755
2026-03-07 18:45:34.000000000,39.87277
2026-03-07 18:20:13.000000000,9.757084
2026-03-07 18:45:12.000000000,9.730854
2026-03-07 18:32:52.000000000,58.35411
2026-03-07 18:24:32.000000000,16.704193
2026-03-07 18:23:55.000000000,104.2331
2026-03-07 18:16:40.000000000,37.543987
2026-03-07 18:00:37.000000000,47.13755
2026-03-07 18:36:04.000000000,19.395983
2026-03-07 18:27:46.000000000,9.737678
2026-03-07 18:45:58.000000000,23.433933
2026-03-07 18:44:26.000000000,19.374376
2026-03-07 18:42:27.000000000,24.807034
2026-03-07 18:18:19.000000000,9.788079
2026-03-07 18:00:42.000000000,25.743343
2026-03-07 18:17:04.000000000,26.454247
2026-03-07 19:20:36.000000000,40.430237
2026-03-07 19:34:15.000000000,33.25177
2026-03-07 19:23:57.000000000,8.377207
2026-03-07 19:55:30.000000000,15.8763685
2026-03-07 19:22:32.000000000,12.8100815
2026-03-07 19:50:17.000000000,35.22427
2026-03-07 19:00:35.000000000,49.151367
2026-03-07 19:10:06.000000000,6.9461756
2026-03-07 19:09:56.000000000,40.221676
2026-03-07 19:42:17.000000000,31.108784
2026-03-07 19:47:37.000000000,14.412641
2026-03-07 19:09:32.000000000,9.999601
2026-03-07 19:44:53.000000000,8.159776
2026-03-07 19:51:04.000000000,33.05502
2026-03-07 19:46:32.000000000,54.81038
2026-03-07 19:03:12.000000000,24.70953
2026-03-07 20:56:03.000000000,57.73094
2026-03-07 20:05:16.000000000,13.410495
2026-03-07 20:35:17.000000000,20.80065
2026-03-07 20:06:08.000000000,27.241457
2026-03-07 20:03:18.000000000,18.2481
2026-03-07 20:44:15.000000000,14.260503
2026-03-07 20:41:53.000000000,35.440304
2026-03-07 20:53:24.000000000,14.415998
2026-03-07 20:23:33.000000000,15.849312
2026-03-07 20:02:10.000000000,15.013211
2026-03-07 20:47:50.000000000,11.74162
2026-03-07 20:24:17.000000000,20.564108
2026-03-07 20:17:55.000000000,43.34211
2026-03-07 20:48:42.000000000,31.370497
2026-03-07 20:19:06.000000000,14.211247
2026-03-07 20:52:05.000000000,14.189411
2026-03-07 21:54:35.000000000,13.792777
2026-03-07 21:41:07.000000000,59.824936
2026-03-07 21:21:24.000000000,40.933212
2026-03-07 21:25:12.000000000,25.720861
2026-03-07 21:18:34.000000000,32.97415
2026-03-07 21:03:12.000000000,11.559658
2026-03-07 21:43:42.000000000,44.26446
2026-03-07 21:10:42.000000000,14.289987
2026-03-07 21:56:52.000000000,24.879807
2026-03-07 21:13:41.000000000,29.083822
2026-03-07 21:18:54.000000000,6.770496
2026-03-07 21:15:57.000000000,20.508617
2026-03-07 21:22:45.000000000,10.197816
2026-03-07 21:19:17.000000000,28.280703
2026-03-07 21:51:38.000000000,8.828487
2026-03-07 21:58:54.000000000,13.477107
2026-03-07 21:30:26.000000000,17.325796
2026-03-07 21:37:19.000000000,29.241627
2026-03-07 21:03:47.000000000,25.31882
2026-03-07 21:15:21.000000000,28.664116
2026-03-07 21:40:46.000000000,28.345833
2026-03-07 22:56:32.000000000,18.421387
2026-03-07 22:36:14.000000000,27.648022
2026-03-07 22:43:21.000000000,29.877825
2026-03-07 22:56:04.000000000,17.206278
2026-03-07 22:01:05.000000000,30.468477
2026-03-07 22:27:54.000000000,31.689901
2026-03-07 22:31:40.000000000,12.477207
2026-03-07 22:57:07.000000000,10.719276
2026-03-07 22:32:44.000000000,11.816787
2026-03-07 22:16:12.000000000,8.042606
2026-03-07 22:37:52.000000000,7.7477665
2026-03-07 22:57:02.000000000,16.64773
2026-03-07 22:45:54.000000000,25.189339
2026-03-07 22:13:51.000000000,26.081818
2026-03-07 22:52:40.000000000,11.05245
2026-03-07 22:20:05.000000000,20.309439
2026-03-07 22:28:39.000000000,11.050898
2026-03-07 22:32:10.000000000,47.64196
2026-03-07 22:23:46.000000000,10.230431
2026-03-07 22:56:04.000000000,23.746775
2026-03-07 22:57:10.000000000,14.249553
2026-03-07 22:13:08.000000000,16.76868
2026-03-07 23:20:45.000000000,11.525013
2026-03-07 23:54:27.000000000,10.553548
2026-03-07 23:36:38.000000000,19.356253
2026-03-07 23:10:09.000000000,18.005396
2026-03-07 23:34:26.000000000,18.334883
2026-03-07 23:09:29.000000000,9.541878
2026-03-07 23:00:46.000000000,52.94044
2026-03-07 23:56:07.000000000,13.416955
2026-03-07 23:58:20.000000000,8.641979
2026-03-07 23:14:45.000000000,54.49388
2026-03-07 23:10:38.000000000,11.114692
2026-03-07 23:58:19.000000000,26.319777
2026-03-07 23:43:52.000000000,18.769068
2026-03-07 23:17:22.000000000,10.491835
2026-03-07 23:02:55.000000000,10.492384
2026-03-07 23:33:07.000000000,20.47341
2026-03-07 23:28:25.000000000,52.902237
2026-03-07 23:37:42.000000000,21.630793
2026-03-07 23:13:41.000000000,30.350698
2026-03-07 23:55:53.000000000,26.757309
2026-03-07 23:10:49.000000000,15.30371
2026-03-07 23:48:20.000000000,40.468014
2026-03-07 23:05:28.000000000,7.4134493
2026-03-08 00:05:49.000000000,33.897133
2026-03-08 00:53:51.000000000,17.654501
2026-03-08 00:06:02.000000000,27.699795
2026-03-08 00:06:10.000000000,15.20043
2026-03-08 00:30:41.000000000,27.313892
2026-03-08 00:17:29.000000000,11.999557
2026-03-08 00:27:59.000000000,24.532717
2026-03-08 00:06:56.000000000,17.032972
2026-03-08 00:32:29.000000000,23.52447
2026-03-08 00:09:45.000000000,15.071098
2026-03-08 00:46:05.000000000,13.309209
2026-03-08 00:45:17.000000000,8.357807
2026-03-08 00:44:19.000000000,8.803788
2026-03-08 00:20:02.000000000,83.18113
2026-03-08 00:51:15.000000000,8.098858
2026-03-08 00:42:43.000000000,47.068157
2026-03-08 00:41:51.000000000,30.966017
2026-03-08 00:46:56.000000000,20.899452
2026-03-08 00:30:39.000000000,21.22111
2026-03-08 00:38:55.000000000,30.197845
2026-03-08 00:56:03.000000000,82.6889
2026-03-08 00:23:17.000000000,21.955996
2026-03-08 01:39:14.000000000,12.561068
2026-03-08 01:51:33.000000000,23.399714
2026-03-08 01:11:19.000000000,48.16462
2026-03-08 01:11:05.000000000,10.979324
2026-03-08 01:21:11.000000000,17.252195
2026-03-08 01:22:54.000000000,22.98055
2026-03-08 01:29:37.000000000,33.227207
2026-03-08 01:13:16.000000000,54.012657
2026-03-08 03:08:35.000000000,11.787524
2026-03-08 03:47:33.000000000,16.18737
2026-03-08 03:17:46.000000000,43.712032
2026-03-08 03:06:34.000000000,59.766254
2026-03-08 03:06:28.000000000,16.282383
2026-03-08 03:33:22.000000000,22.95479
2026-03-08 03:52:25.000000000,13.932892
2026-03-08 03:19:26.000000000,20.692993
2026-03-08 03:08:08.000000000,58.532455
2026-03-08 03:11:30.000000000,23.72855
2026-03-08 03:05:23.000000000,47.6825
2026-03-08 03:41:19.000000000,42.11625
2026-03-08 03:46:20.000000000,11.648898
2026-03-08 03:09:26.000000000,96.049644
2026-03-08 03:52:12.000000000,25.886745
2026-03-08 03:33:22.000000000,64.556206
2026-03-08 03:17:43.000000000,10.813387
2026-03-08 04:02:39.000000000,21.111797
2026-03-08 04:02:34.000000000,21.747496
2026-03-08 04:03:49.000000000,57.480396
2026-03-08 04:39:23.000000000,11.6887245
2026-03-08 04:19:02.000000000,46.11938
2026-03-08 04:04:02.000000000,33.91673
2026-03-08 04:10:32.000000000,16.753078
2026-03-08 04:53:17.000000000,13.082216
2026-03-08 04:00:13.000000000,69.416534
2026-03-08 04:44:39.000000000,66.742874
2026-03-08 05:52:51.000000000,30.24652
2026-03-08 05:56:03.000000000,29.474842
2026-03-08 05:50:16.000000000,10.550523
2026-03-08 05:11:58.000000000,54.434372
2026-03-08 05:06:04.000000000,53.998146
2026-03-08 05:52:37.000000000,33.32128
2026-03-08 06:53:43.000000000,36.072777
2026-03-08 06:21:14.000000000,18.132248
2026-03-08 06:32:58.000000000,13.200349
2026-03-08 06:39:08.000000000,8.770936
2026-03-08 06:50:13.000000000,25.536087
2026-03-08 06:47:23.000000000,41.620182
2026-03-08 06:56:53.000000000,14.360857
2026-03-08 06:24:45.000000000,21.903933
2026-03-08 06:31:39.000000000,103.16817
2026-03-08 06:47:01.000000000,10.819136
2026-03-08 06:04:51.000000000,70.39409
2026-03-08 07:45:38.000000000,15.231146
2026-03-08 07:01:14.000000000,15.280368
2026-03-08 07:54:03.000000000,20.182993
2026-03-08 07:48:28.000000000,10.906185
2026-03-08 07:49:08.000000000,75.976494
2026-03-08 07:05:23.000000000,10.4129715
2026-03-08 07:10:33.000000000,42.859486
2026-03-08 07:50:40.000000000,12.764408
2026-03-08 08:40:53.000000000,17.819534
2026-03-08 08:23:10.000000000,16.69784
2026-03-08 08:42:33.000000000,39.44817
2026-03-08 08:01:08.000000000,8.129402
2026-03-08 08:13:22.000000000,18.180862
2026-03-08 08:49:47.000000000,39.06293
2026-03-08 08:54:37.000000000,24.565561
2026-03-08 08:07:39.000000000,14.377978
2026-03-08 09:28:58.000000000,16.213476
2026-03-08 09:13:06.000000000,16.039839
2026-03-08 09:50:22.000000000,11.604103
2026-03-08 09:13:35.000000000,19.458202
2026-03-08 09:15:12.000000000,8.873491
2026-03-08 09:58:04.000000000,19.565619
2026-03-08 09:27:45.000000000,11.635411
2026-03-08 09:51:01.000000000,25.84231
2026-03-08 09:22:48.000000000,25.17955
2026-03-08 09:41:44.000000000,18.651592
2026-03-08 09:54:39.000000000,11.701679
2026-03-08 09:14:47.000000000,36.23082
2026-03-08 09:16:22.000000000,11.237228
2026-03-08 09:44:16.000000000,13.362238
2026-03-08 09:19:53.000000000,10.776065
2026-03-08 09:53:29.000000000,8.62222
2026-03-08 09:15:49.000000000,16.94251
2026-03-08 09:12:16.000000000,15.067257
2026-03-08 10:00:45.000000000,30.727205
2026-03-08 10:40:06.000000000,14.972843
2026-03-08 10:14:26.000000000,12.341894
2026-03-08 10:05:26.000000000,9.765376
2026-03-08 10:40:11.000000000,8.103453
2026-03-08 10:12:18.000000000,66.139
2026-03-08 10:21:27.000000000,13.417666
2026-03-08 10:00:12.000000000,7.5277
2026-03-08 10:51:01.000000000,23.243502
2026-03-08 10:58:22.000000000,71.730095
2026-03-08 10:21:21.000000000,36.484535
2026-03-08 10:23:32.000000000,19.401356
2026-03-08 10:06:08.000000000,17.90753
2026-03-08 10:55:13.000000000,12.99524
2026-03-08 10:27:25.000000000,19.597109
2026-03-08 10:33:05.000000000,14.201457
2026-03-08 10:13:44.000000000,27.975035
2026-03-08 10:58:42.000000000,23.92189
2026-03-08 11:06:25.000000000,14.959116
2026-03-08 11:46:41.000000000,32.565144
2026-03-08 11:04:19.000000000,13.447881
2026-03-08 11:02:30.000000000,45.877308
2026-03-08 11:09:23.000000000,8.745918
2026-03-08 11:25:01.000000000,43.45061
2026-03-08 11:02:14.000000000,11.864436
2026-03-08 11:32:39.000000000,32.242603
2026-03-08 11:03:54.000000000,44.04955
2026-03-08 11:42:19.000000000,27.429434
2026-03-08 11:14:58.000000000,12.95343
2026-03-08 11:03:20.000000000,8.274808
2026-03-08 11:25:26.000000000,18.073093
2026-03-08 11:56:32.000000000,13.117731
2026-03-08 11:53:34.000000000,8.218627
2026-03-08 11:43:47.000000000,9.422934
2026-03-08 11:53:13.000000000,8.711892
2026-03-08 11:45:25.000000000,11.832824
2026-03-08 11:16:26.000000000,31.499043
2026-03-08 11:57:12.000000000,11.664383
2026-03-08 12:15:20.000000000,8.943404
2026-03-08 12:14:23.000000000,21.24569
2026-03-08 12:08:55.000000000,29.317297
2026-03-08 12:53:00.000000000,14.103602
2026-03-08 12:42:08.000000000,23.388725
2026-03-08 12:41:21.000000000,33.145115
2026-03-08 12:15:56.000000000,70.26962
2026-03-08 12:15:52.000000000,45.593925
2026-03-08 12:09:25.000000000,60.407227
2026-03-08 12:05:50.000000000,30.525558
2026-03-08 12:55:07.000000000,15.052524
2026-03-08 12:31:40.000000000,14.300712
2026-03-08 12:17:34.000000000,66.80346
2026-03-08 12:08:07.000000000,41.331844
2026-03-08 12:58:58.000000000,44.98688
2026-03-08 12:36:16.000000000,21.32349
2026-03-08 12:26:47.000000000,44.743816
2026-03-08 12:10:28.000000000,13.418796
2026-03-08 13:41:25.000000000,7.503334
2026-03-08 13:49:03.000000000,11.681038
2026-03-08 13:03:33.000000000,13.850188
2026-03-08 13:37:17.000000000,32.35969
2026-03-08 13:11:39.000000000,24.147757
2026-03-08 13:49:14.000000000,33.29031
2026-03-08 13:34:27.000000000,27.146011
2026-03-08 13:23:28.000000000,22.361345
2026-03-08 13:37:00.000000000,53.258293
2026-03-08 13:39:30.000000000,10.372123
2026-03-08 13:30:09.000000000,11.7750225
2026-03-08 13:54:17.000000000,80.13446
2026-03-08 13:24:16.000000000,8.654438
2026-03-08 13:32:20.000000000,26.989239
2026-03-08 13:17:29.000000000,6.444052
2026-03-08 13:59:03.000000000,10.656194
2026-03-08 13:48:58.000000000,8.156119
2026-03-08 13:37:22.000000000,28.752382
2026-03-08 13:28:34.000000000,46.300873
2026-03-08 13:14:23.000000000,17.987566
2026-03-08 13:22:03.000000000,31.478748
2026-03-08 13:45:40.000000000,19.585037
2026-03-08 14:10:38.000000000,16.24784
2026-03-08 14:01:15.000000000,58.41799
2026-03-08 14:36:53.000000000,14.057096
2026-03-08 14:12:19.000000000,25.558352
2026-03-08 14:09:22.000000000,22.850334
2026-03-08 14:11:54.000000000,29.449791
2026-03-08 14:11:11.000000000,27.192717
2026-03-08 14:13:09.000000000,28.264925
2026-03-08 14:04:17.000000000,30.93475
2026-03-08 14:20:50.000000000,13.944417
2026-03-08 14:36:33.000000000,40.327053
2026-03-08 14:04:58.000000000,29.355984
2026-03-08 15:24:00.000000000,38.127834
2026-03-08 15:03:44.000000000,7.770522
2026-03-08 15:23:30.000000000,28.21079
2026-03-08 15:33:20.000000000,23.428347
2026-03-08 15:17:24.000000000,30.622478
2026-03-08 15:01:24.000000000,58.26074
2026-03-08 15:23:37.000000000,11.475375
2026-03-08 15:21:18.000000000,6.701088
2026-03-08 15:08:00.000000000,11.971544
2026-03-08 15:53:56.000000000,49.690674
2026-03-08 15:31:12.000000000,19.04852
2026-03-08 15:13:01.000000000,58.68788
2026-03-08 15:42:11.000000000,55.741573
2026-03-08 15:32:43.000000000,14.275136
2026-03-08 15:35:03.000000000,13.88833
2026-03-08 15:44:53.000000000,56.6111
2026-03-08 16:01:24.000000000,16.842203
2026-03-08 16:54:17.000000000,11.036035
2026-03-08 16:53:28.000000000,196.3881
2026-03-08 16:19:52.000000000,10.932128
2026-03-08 16:48:17.000000000,36.520634
2026-03-08 16:39:30.000000000,9.36759
2026-03-08 16:37:44.000000000,31.45607
2026-03-08 16:25:31.000000000,10.336869
2026-03-08 16:20:32.000000000,29.060064
2026-03-08 16:40:34.000000000,11.868431
2026-03-08 16:46:13.000000000,48.61446
2026-03-08 16:11:15.000000000,29.995306
2026-03-08 16:48:58.000000000,113.98234
2026-03-08 16:48:21.000000000,56.89263
2026-03-08 17:14:50.000000000,8.952965
2026-03-08 17:22:48.000000000,10.993609
2026-03-08 17:57:52.000000000,15.976036
2026-03-08 17:08:30.000000000,30.481318
2026-03-08 17:47:14.000000000,18.778263
2026-03-08 17:11:05.000000000,16.040749
2026-03-08 17:25:35.000000000,6.114426
2026-03-08 17:58:10.000000000,76.69089
2026-03-08 17:49:10.000000000,33.231617
2026-03-08 17:22:29.000000000,8.899441
2026-03-08 17:03:56.000000000,27.29005
2026-03-08 17:14:44.000000000,16.082586
2026-03-08 17:54:28.000000000,17.873888
2026-03-08 17:04:48.000000000,8.103453
2026-03-08 17:18:09.000000000,44.347202
2026-03-08 17:03:38.000000000,90.18983
2026-03-08 17:40:21.000000000,63.143013
2026-03-08 17:16:05.000000000,17.17396
2026-03-08 17:03:21.000000000,11.593826
2026-03-08 17:31:12.000000000,9.776435
2026-03-08 17:44:28.000000000,6.6734657
2026-03-08 17:26:45.000000000,17.690895
2026-03-08 18:11:01.000000000,16.4145
2026-03-08 18:55:43.000000000,11.2455635
2026-03-08 18:56:02.000000000,24.30255
2026-03-08 18:20:51.000000000,14.509683
2026-03-08 18:15:31.000000000,70.89092
2026-03-08 18:15:23.000000000,25.726908
2026-03-08 18:56:01.000000000,17.045847
2026-03-08 18:23:37.000000000,21.26288
2026-03-08 18:02:48.000000000,15.079434
2026-03-08 18:33:18.000000000,34.85396
2026-03-08 18:07:54.000000000,13.639184
2026-03-08 18:16:15.000000000,18.433
2026-03-08 18:42:45.000000000,32.21379
2026-03-08 19:01:39.000000000,15.198538
2026-03-08 19:07:55.000000000,7.5752983
2026-03-08 19:26:49.000000000,19.508375
2026-03-08 19:18:58.000000000,82.551765
2026-03-08 19:53:31.000000000,14.623333
2026-03-08 19:45:35.000000000,64.851944
2026-03-08 19:50:12.000000000,61.545353
2026-03-08 19:38:13.000000000,9.016489
2026-03-08 19:27:04.000000000,25.896877
2026-03-08 19:53:54.000000000,30.80655
2026-03-08 19:49:07.000000000,19.18758
2026-03-08 19:15:17.000000000,49.13605
2026-03-08 19:55:54.000000000,27.918573
2026-03-08 19:33:05.000000000,11.056771
2026-03-08 20:08:17.000000000,22.801544
2026-03-08 20:41:52.000000000,20.791235
2026-03-08 20:16:25.000000000,18.116022
2026-03-08 20:55:33.000000000,7.1669765
2026-03-08 20:16:55.000000000,14.476981
2026-03-08 20:13:43.000000000,8.205208
2026-03-08 20:19:50.000000000,22.552723
2026-03-08 20:41:50.000000000,30.406946
2026-03-08 20:57:55.000000000,61.33802
2026-03-08 20:10:51.000000000,18.92807
2026-03-08 20:08:37.000000000,25.807339
2026-03-08 20:46:31.000000000,9.36759
2026-03-08 20:55:38.000000000,10.511417
2026-03-08 20:30:33.000000000,18.683653
2026-03-08 20:20:14.000000000,21.012447
2026-03-08 21:30:07.000000000,20.220167
2026-03-08 21:14:41.000000000,41.156723
2026-03-08 21:27:04.000000000,32.37445
2026-03-08 21:51:20.000000000,17.375557
2026-03-08 21:03:33.000000000,56.979946
2026-03-08 21:17:54.000000000,34.46791
2026-03-08 21:52:55.000000000,15.058714
2026-03-08 21:16:23.000000000,16.364628
2026-03-08 21:51:34.000000000,18.650263
2026-03-08 21:57:20.000000000,7.5875807
2026-03-08 21:09:09.000000000,67.44399
2026-03-08 22:24:12.000000000,46.859383
2026-03-08 22:21:30.000000000,29.810852
2026-03-08 22:08:28.000000000,22.890026
2026-03-08 22:31:59.000000000,7.940272
2026-03-08 22:14:57.000000000,38.264816
2026-03-08 22:44:01.000000000,22.734325
2026-03-08 22:47:50.000000000,19.254162
2026-03-08 22:39:56.000000000,24.968248
2026-03-08 22:19:22.000000000,20.453617
2026-03-08 22:41:49.000000000,15.222602
2026-03-08 22:02:49.000000000,23.252213
2026-03-08 22:09:41.000000000,61.37509
2026-03-08 22:01:14.000000000,12.698503
2026-03-08 22:11:02.000000000,20.49287
2026-03-08 22:26:12.000000000,22.18979
2026-03-08 22:16:02.000000000,24.055916
2026-03-08 23:07:48.000000000,11.909556
2026-03-08 23:33:32.000000000,28.01411
2026-03-08 23:49:40.000000000,18.199362
2026-03-08 23:15:01.000000000,29.230965
2026-03-08 23:20:57.000000000,13.192101
2026-03-08 23:48:31.000000000,9.159719
2026-03-08 23:43:02.000000000,49.62705
2026-03-08 23:31:35.000000000,47.396378
2026-03-08 23:01:55.000000000,24.369593
2026-03-08 23:36:09.000000000,33.81405
2026-03-08 23:53:46.000000000,27.910608
2026-03-08 23:56:10.000000000,17.086033
2026-03-08 23:51:19.000000000,14.805838
2026-03-08 23:03:18.000000000,9.836226
2026-03-08 23:50:24.000000000,9.014932
2026-03-08 23:24:27.000000000,11.985833
2026-03-09 00:50:41.000000000,38.94803
2026-03-09 00:41:06.000000000,10.459411
2026-03-09 00:33:14.000000000,25.536514
2026-03-09 00:44:24.000000000,25.085129
2026-03-09 00:03:30.000000000,62.652004
2026-03-09 00:32:24.000000000,24.85684
2026-03-09 00:13:31.000000000,21.257242
2026-03-09 01:06:28.000000000,15.216778
2026-03-09 01:11:15.000000000,39.884453
2026-03-09 01:39:31.000000000,14.449769
2026-03-09 02:43:04.000000000,26.237385
2026-03-09 02:03:20.000000000,36.480526
2026-03-09 02:34:50.000000000,19.653248
2026-03-09 02:41:59.000000000,11.298148
2026-03-09 02:09:32.000000000,49.028522
2026-03-09 02:16:50.000000000,10.680255
2026-03-09 04:32:42.000000000,25.244127
2026-03-09 04:56:19.000000000,11.861327
2026-03-09 04:37:22.000000000,21.24404
2026-03-09 05:57:58.000000000,24.791458
2026-03-09 05:53:43.000000000,25.064137
2026-03-09 05:26:44.000000000,33.115265
2026-03-09 05:45:00.000000000,70.14018
2026-03-09 05:12:54.000000000,19.896107
2026-03-09 05:28:19.000000000,9.506233
2026-03-09 05:39:24.000000000,6.572288
2026-03-09 06:48:22.000000000,18.817923
2026-03-09 06:46:10.000000000,29.583538
2026-03-09 06:16:00.000000000,93.22873
2026-03-09 06:01:06.000000000,13.404623
2026-03-09 06:37:18.000000000,17.939108
2026-03-09 06:43:02.000000000,105.15955
2026-03-09 06:31:44.000000000,17.595787
2026-03-09 06:25:46.000000000,18.372204
2026-03-09 06:33:39.000000000,23.813955
2026-03-09 06:47:20.000000000,19.336216
2026-03-09 06:34:08.000000000,76.000305
2026-03-09 06:35:46.000000000,20.477345
2026-03-09 06:52:32.000000000,136.33522
2026-03-09 06:20:50.000000000,38.960823
2026-03-09 07:59:27.000000000,10.362948
2026-03-09 07:33:33.000000000,15.095595
2026-03-09 07:36:27.000000000,46.66216
2026-03-09 07:14:51.000000000,63.432796
2026-03-09 07:59:52.000000000,12.374256
2026-03-09 07:44:02.000000000,47.776527
2026-03-09 07:34:39.000000000,20.83498
2026-03-09 07:30:46.000000000,13.531243
2026-03-09 07:49:34.000000000,16.795717
2026-03-09 07:13:26.000000000,22.858839
2026-03-09 07:50:27.000000000,14.299866
2026-03-09 07:51:29.000000000,21.480408
2026-03-09 07:21:20.000000000,33.506996
2026-03-09 07:12:05.000000000,22.122223
2026-03-09 08:15:26.000000000,11.425211
2026-03-09 08:44:01.000000000,20.915905
2026-03-09 08:30:56.000000000,13.231467
2026-03-09 08:51:18.000000000,42.872917
2026-03-09 08:26:54.000000000,29.844822
2026-03-09 08:41:52.000000000,37.76762
2026-03-09 08:58:48.000000000,10.629128
2026-03-09 08:17:13.000000000,43.354588
2026-03-09 08:06:24.000000000,52.5914
2026-03-09 08:25:42.000000000,8.148714
2026-03-09 08:18:46.000000000,29.687487
2026-03-09 08:40:00.000000000,58.707108
2026-03-09 08:42:06.000000000,10.017408
2026-03-09 08:58:50.000000000,17.93803
2026-03-09 08:39:44.000000000,18.231585
2026-03-09 08:06:35.000000000,12.574885
2026-03-09 09:20:34.000000000,45.341717
2026-03-09 09:53:50.000000000,19.023682
2026-03-09 09:15:42.000000000,22.250626
2026-03-09 09:29:35.000000000,12.539823
2026-03-09 09:25:18.000000000,29.46398
2026-03-09 09:44:37.000000000,9.595815
2026-03-09 09:25:53.000000000,35.346672
2026-03-09 09:14:59.000000000,6.3249583
2026-03-09 09:23:57.000000000,43.1401
2026-03-09 09:15:08.000000000,16.15112
2026-03-09 10:46:06.000000000,8.712971
2026-03-09 10:08:23.000000000,16.272316
2026-03-09 10:45:34.000000000,31.132814
2026-03-09 10:37:57.000000000,11.121774
2026-03-09 10:45:32.000000000,7.550296
2026-03-09 10:34:21.000000000,21.192284
2026-03-09 10:53:39.000000000,8.774873
2026-03-09 10:41:37.000000000,11.632871
2026-03-09 10:10:40.000000000,14.004722
2026-03-09 10:55:10.000000000,31.134102
2026-03-09 10:26:58.000000000,22.832184
2026-03-09 10:03:30.000000000,7.7874937
2026-03-09 10:47:14.000000000,15.18045
2026-03-09 11:07:26.000000000,24.054676
2026-03-09 11:43:02.000000000,18.334488
2026-03-09 11:28:57.000000000,40.90181
2026-03-09 11:19:39.000000000,9.643991
2026-03-09 11:25:12.000000000,8.06592
2026-03-09 11:21:46.000000000,13.390831
2026-03-09 11:00:27.000000000,9.924036
2026-03-09 11:53:25.000000000,40.459404
2026-03-09 11:29:31.000000000,11.7802725
2026-03-09 12:52:32.000000000,14.238044
2026-03-09 12:49:49.000000000,7.2948565
2026-03-09 12:32:09.000000000,9.849801
2026-03-09 12:12:36.000000000,10.832965
2026-03-09 12:40:52.000000000,15.116893
2026-03-09 12:09:06.000000000,66.4528
2026-03-09 12:48:04.000000000,58.201424
2026-03-09 12:45:04.000000000,68.649765
2026-03-09 12:13:52.000000000,17.91912
2026-03-09 12:53:53.000000000,19.112232
2026-03-09 12:34:27.000000000,18.64262
2026-03-09 12:27:23.000000000,8.774873
2026-03-09 13:19:56.000000000,15.641765
2026-03-09 13:39:14.000000000,39.453915
2026-03-09 13:45:42.000000000,15.299072
2026-03-09 13:40:39.000000000,7.5084915
2026-03-09 13:20:41.000000000,17.673279
2026-03-09 13:20:00.000000000,53.473557
2026-03-09 13:21:51.000000000,16.279802
2026-03-09 13:52:50.000000000,16.511513
2026-03-09 13:07:58.000000000,16.635254
2026-03-09 13:50:44.000000000,18.703106
2026-03-09 13:34:56.000000000,11.981756
2026-03-09 13:12:41.000000000,56.786724
2026-03-09 14:38:00.000000000,33.257668
2026-03-09 14:40:25.000000000,55.340847
2026-03-09 14:12:27.000000000,33.81199
2026-03-09 14:35:33.000000000,136.61531
2026-03-09 14:15:09.000000000,14.267443
2026-03-09 14:48:31.000000000,14.528186
2026-03-09 14:00:17.000000000,13.26891
2026-03-09 14:02:32.000000000,8.39563
2026-03-09 14:02:56.000000000,16.992483
2026-03-09 14:05:05.000000000,16.810541
2026-03-09 14:58:22.000000000,18.766586
2026-03-09 14:31:09.000000000,13.039193
2026-03-09 14:02:05.000000000,12.7762785
2026-03-09 14:19:56.000000000,10.697431
2026-03-09 15:08:54.000000000,24.033834
2026-03-09 15:59:41.000000000,11.553563
2026-03-09 15:22:12.000000000,8.785794
2026-03-09 15:58:06.000000000,33.158222
2026-03-09 15:29:59.000000000,8.236346
2026-03-09 15:07:19.000000000,11.072716
2026-03-09 16:37:27.000000000,31.299511
2026-03-09 16:03:03.000000000,19.282103
2026-03-09 16:19:34.000000000,26.035273
2026-03-09 16:54:01.000000000,127.40915
2026-03-09 16:45:21.000000000,16.76959
2026-03-09 16:07:41.000000000,89.65576
2026-03-09 16:52:17.000000000,10.105251
2026-03-09 16:30:34.000000000,143.26997
2026-03-09 16:51:11.000000000,36.942993
2026-03-09 16:07:00.000000000,128.38774
2026-03-09 16:22:26.000000000,9.062195
2026-03-09 16:16:18.000000000,13.123455
2026-03-09 16:30:11.000000000,67.818565
2026-03-09 17:44:27.000000000,14.627447
2026-03-09 17:59:58.000000000,13.697107
2026-03-09 17:47:17.000000000,27.432161
2026-03-09 17:38:26.000000000,21.291117
2026-03-09 17:50:58.000000000,16.768633
2026-03-09 17:56:31.000000000,31.835028
2026-03-09 17:49:54.000000000,8.300773
2026-03-09 17:22:54.000000000,14.528148
2026-03-09 17:52:29.000000000,21.80898
2026-03-09 17:27:43.000000000,54.11258
2026-03-09 17:39:17.000000000,21.62813
2026-03-09 17:25:57.000000000,111.02817
2026-03-09 17:39:49.000000000,14.965999
2026-03-09 17:08:15.000000000,14.995465
2026-03-09 17:54:23.000000000,13.48522
2026-03-09 17:47:34.000000000,12.114381
2026-03-09 17:38:47.000000000,140.4382
2026-03-09 17:37:06.000000000,75.21545
2026-03-09 18:59:40.000000000,9.691683
2026-03-09 18:48:06.000000000,15.937407
2026-03-09 18:34:46.000000000,13.57728
2026-03-09 18:31:40.000000000,64.13337
2026-03-09 18:38:38.000000000,26.159164
2026-03-09 18:46:15.000000000,63.04402
2026-03-09 18:30:18.000000000,21.330364
2026-03-09 18:31:01.000000000,23.059814
2026-03-09 18:24:39.000000000,9.058532
2026-03-09 18:29:01.000000000,53.809868
2026-03-09 18:12:21.000000000,9.815781
2026-03-09 18:33:15.000000000,23.185858
2026-03-09 18:42:13.000000000,62.034035
2026-03-09 18:58:06.000000000,24.022242
2026-03-09 18:33:49.000000000,60.52648
2026-03-09 18:22:20.000000000,8.8943
2026-03-09 18:38:39.000000000,6.534333
2026-03-09 18:10:00.000000000,6.743912
2026-03-09 18:18:46.000000000,44.55095
2026-03-09 18:15:52.000000000,6.437064
2026-03-09 19:40:32.000000000,28.532557
2026-03-09 19:48:08.000000000,6.5478044
2026-03-09 19:12:41.000000000,12.583762
2026-03-09 19:33:22.000000000,46.90583
2026-03-09 19:29:26.000000000,29.493471
2026-03-09 19:35:45.000000000,11.620913
2026-03-09 19:53:33.000000000,17.254486
2026-03-09 19:31:36.000000000,43.72947
2026-03-09 19:33:17.000000000,53.504498
2026-03-09 20:23:34.000000000,24.07465
2026-03-09 20:26:56.000000000,17.719744
2026-03-09 20:54:38.000000000,9.783386
2026-03-09 20:48:07.000000000,29.235443
2026-03-09 20:31:51.000000000,12.578789
2026-03-09 20:03:29.000000000,14.040755
2026-03-09 20:17:00.000000000,26.438173
2026-03-09 20:04:20.000000000,18.254457
2026-03-09 20:13:01.000000000,11.075104
2026-03-09 20:28:21.000000000,11.796215
2026-03-09 20:32:44.000000000,23.67388
2026-03-09 20:20:30.000000000,48.881126
2026-03-09 20:37:04.000000000,25.946848
2026-03-09 21:20:05.000000000,28.76643
2026-03-09 21:06:34.000000000,17.76715
2026-03-09 21:16:53.000000000,12.325504
2026-03-09 21:14:49.000000000,15.192526
2026-03-09 21:24:18.000000000,51.17191
2026-03-09 21:03:45.000000000,94.771255
2026-03-09 21:08:28.000000000,26.506298
2026-03-09 21:32:29.000000000,21.134007
2026-03-09 21:06:59.000000000,6.7506266
2026-03-09 21:43:36.000000000,10.979324
2026-03-09 21:08:41.000000000,17.755667
2026-03-09 21:54:08.000000000,9.076839
2026-03-09 21:46:28.000000000,9.919012
2026-03-09 21:06:32.000000000,47.691956
2026-03-09 21:23:08.000000000,39.469753
2026-03-09 21:10:43.000000000,28.58466
2026-03-09 22:44:23.000000000,10.815235
2026-03-09 22:05:36.000000000,13.192101
2026-03-09 22:37:38.000000000,9.916751
2026-03-09 22:51:59.000000000,6.731444
2026-03-09 22:20:14.000000000,6.3444033
2026-03-09 22:43:00.000000000,10.785727
2026-03-09 22:12:28.000000000,83.81467
2026-03-09 22:50:04.000000000,16.062178
2026-03-09 22:10:58.000000000,20.046522
2026-03-09 22:49:14.000000000,13.200642
2026-03-09 23:01:34.000000000,57.173286
2026-03-09 23:53:36.000000000,17.700562
2026-03-09 23:44:53.000000000,49.800434
2026-03-09 23:43:06.000000000,7.7904143
2026-03-09 23:03:43.000000000,20.30603
2026-03-09 23:01:10.000000000,14.241935
2026-03-09 23:54:32.000000000,8.181392
2026-03-09 23:30:28.000000000,6.980558
2026-03-09 23:47:52.000000000,12.685954
2026-03-09 23:23:32.000000000,59.1924
2026-03-09 23:20:44.000000000,25.327812
2026-03-09 23:35:11.000000000,6.407057
2026-03-10 00:32:56.000000000,12.031679
2026-03-10 00:46:49.000000000,29.423124
2026-03-10 00:18:01.000000000,45.33485
2026-03-10 00:41:24.000000000,17.589638
2026-03-10 00:03:08.000000000,25.832226
2026-03-10 00:34:31.000000000,9.644036
2026-03-10 00:52:04.000000000,14.4674
2026-03-10 01:35:56.000000000,28.410877
2026-03-10 02:13:37.000000000,34.880154
2026-03-10 02:59:25.000000000,9.183936
2026-03-10 02:17:54.000000000,67.69429
2026-03-10 02:10:12.000000000,13.330305
2026-03-10 02:07:49.000000000,7.03459
2026-03-10 03:54:07.000000000,59.340614
2026-03-10 04:32:10.000000000,36.688694
2026-03-10 04:55:44.000000000,17.009092
2026-03-10 06:43:06.000000000,9.324983
2026-03-10 06:05:33.000000000,7.900371
2026-03-10 06:18:29.000000000,47.119553
2026-03-10 06:57:06.000000000,68.58864
2026-03-10 06:35:33.000000000,63.39718
2026-03-10 06:13:13.000000000,23.89747
2026-03-10 06:37:48.000000000,27.065851
2026-03-10 07:33:36.000000000,24.229546
2026-03-10 07:17:09.000000000,71.3212
2026-03-10 07:17:17.000000000,12.057597
2026-03-10 07:22:48.000000000,9.9142
2026-03-10 07:01:12.000000000,8.667929
2026-03-10 07:52:14.000000000,76.38564
2026-03-10 07:55:27.000000000,15.66599
2026-03-10 07:40:19.000000000,83.243805
2026-03-10 07:21:44.000000000,34.03448
2026-03-10 07:03:00.000000000,15.0294895
2026-03-10 07:45:39.000000000,18.690361
2026-03-10 07:29:55.000000000,95.21746
2026-03-10 07:18:55.000000000,29.097218
2026-03-10 07:51:41.000000000,20.431347
2026-03-10 07:34:46.000000000,13.988561
2026-03-10 07:48:12.000000000,26.22872
2026-03-10 07:48:33.000000000,71.421585
2026-03-10 07:33:08.000000000,21.98671
2026-03-10 07:54:38.000000000,49.413216
2026-03-10 08:48:54.000000000,75.94714
2026-03-10 08:03:42.000000000,51.20457
2026-03-10 08:38:49.000000000,106.27907
2026-03-10 08:32:51.000000000,17.762205
2026-03-10 08:40:29.000000000,19.85602
2026-03-10 08:42:35.000000000,8.3768835
2026-03-10 08:20:09.000000000,29.462158
2026-03-10 08:01:59.000000000,51.42327
2026-03-10 08:09:08.000000000,52.39583
2026-03-10 08:05:54.000000000,22.062143
2026-03-10 08:25:45.000000000,31.11526
2026-03-10 08:56:52.000000000,73.02311
2026-03-10 08:23:38.000000000,58.627777
2026-03-10 08:38:35.000000000,22.1201
2026-03-10 08:25:28.000000000,51.8909
2026-03-10 08:31:02.000000000,12.94649
2026-03-10 09:49:12.000000000,11.197895
2026-03-10 09:42:13.000000000,57.276825
2026-03-10 09:36:41.000000000,11.604103
2026-03-10 09:57:26.000000000,7.6488934
2026-03-10 09:29:13.000000000,11.360421
2026-03-10 09:44:13.000000000,15.969447
2026-03-10 09:56:06.000000000,10.259565
2026-03-10 09:43:23.000000000,11.604103
2026-03-10 09:43:34.000000000,38.91025
2026-03-10 09:54:49.000000000,8.160216
2026-03-10 09:12:51.000000000,115.083916
2026-03-10 09:40:06.000000000,21.32609
2026-03-10 09:16:50.000000000,15.946548
2026-03-10 09:50:29.000000000,16.755404
2026-03-10 09:39:21.000000000,19.327621
2026-03-10 09:09:04.000000000,44.020756
2026-03-10 10:07:44.000000000,11.072716
2026-03-10 10:30:45.000000000,8.787698
2026-03-10 10:59:58.000000000,9.103141
2026-03-10 10:20:25.000000000,12.539823
2026-03-10 10:42:10.000000000,26.430233
2026-03-10 10:09:20.000000000,8.014283
2026-03-10 10:40:43.000000000,15.036898
2026-03-10 10:45:10.000000000,9.43166
2026-03-10 10:42:23.000000000,27.999844
2026-03-10 10:06:08.000000000,12.933985
2026-03-10 10:32:04.000000000,79.50742
2026-03-10 10:58:39.000000000,27.453178
2026-03-10 10:29:11.000000000,22.250626
2026-03-10 11:37:58.000000000,11.774844
2026-03-10 11:07:57.000000000,72.92463
2026-03-10 11:20:41.000000000,23.44772
2026-03-10 11:05:19.000000000,12.415001
2026-03-10 11:20:30.000000000,6.444052
2026-03-10 11:41:29.000000000,31.727219
2026-03-10 11:51:12.000000000,41.541916
2026-03-10 11:11:38.000000000,12.790329
2026-03-10 11:19:31.000000000,63.178356
2026-03-10 11:05:56.000000000,20.701769
2026-03-10 11:14:22.000000000,39.892525
2026-03-10 11:56:32.000000000,34.26001
2026-03-10 11:47:32.000000000,18.140192
2026-03-10 11:11:22.000000000,12.720439
2026-03-10 12:01:35.000000000,13.363033
2026-03-10 12:36:12.000000000,28.762854
2026-03-10 12:31:10.000000000,14.5113945
2026-03-10 12:01:40.000000000,19.673573
2026-03-10 12:35:50.000000000,21.353914
2026-03-10 12:00:35.000000000,9.5795355
2026-03-10 12:54:37.000000000,13.589414
2026-03-10 12:31:59.000000000,11.20914
2026-03-10 12:48:58.000000000,12.285111
2026-03-10 12:22:38.000000000,16.049828
2026-03-10 12:07:36.000000000,11.716003
2026-03-10 13:26:25.000000000,24.051851
2026-03-10 13:31:20.000000000,10.356445
2026-03-10 13:22:12.000000000,13.524364
2026-03-10 13:34:48.000000000,16.28945
2026-03-10 13:27:41.000000000,33.683746
2026-03-10 13:22:21.000000000,34.662697
2026-03-10 13:40:44.000000000,29.667639
2026-03-10 13:58:29.000000000,18.705051
2026-03-10 13:39:50.000000000,10.397202
2026-03-10 13:31:10.000000000,14.002952
2026-03-10 13:04:16.000000000,24.849182
2026-03-10 13:14:57.000000000,63.285442
2026-03-10 13:18:27.000000000,24.394228
2026-03-10 13:46:40.000000000,31.080868
2026-03-10 14:43:28.000000000,15.744496
2026-03-10 14:29:28.000000000,26.18411
2026-03-10 14:42:00.000000000,22.530455
2026-03-10 14:07:26.000000000,44.66571
2026-03-10 14:10:56.000000000,14.609805
2026-03-10 14:51:44.000000000,9.076839
2026-03-10 14:30:22.000000000,13.076539
2026-03-10 14:30:55.000000000,38.017452
2026-03-10 14:16:04.000000000,46.216743
2026-03-10 14:32:05.000000000,39.69293
2026-03-10 14:07:53.000000000,25.432842
2026-03-10 15:26:00.000000000,9.443583
2026-03-10 15:38:47.000000000,19.832209
2026-03-10 15:06:34.000000000,20.74665
2026-03-10 15:48:23.000000000,187.31657
2026-03-10 15:46:13.000000000,19.443754
2026-03-10 15:00:22.000000000,14.944123
2026-03-10 15:46:54.000000000,88.097755
2026-03-10 15:00:39.000000000,21.038277
2026-03-10 15:44:53.000000000,27.349876
2026-03-10 15:18:27.000000000,54.173687
2026-03-10 15:43:42.000000000,17.707897
2026-03-10 15:04:20.000000000,21.703926
2026-03-10 15:50:47.000000000,32.749554
2026-03-10 15:08:43.000000000,11.664383
2026-03-10 15:12:06.000000000,8.885043
2026-03-10 15:45:22.000000000,13.7096405
2026-03-10 16:24:34.000000000,29.67236
2026-03-10 16:21:43.000000000,8.129402
2026-03-10 16:28:16.000000000,23.036936
2026-03-10 16:39:31.000000000,16.276323
2026-03-10 16:08:10.000000000,6.567721
2026-03-10 16:31:19.000000000,23.205507
2026-03-10 16:53:12.000000000,31.1999
2026-03-10 16:47:51.000000000,16.27077
2026-03-10 16:00:51.000000000,72.54242
2026-03-10 16:00:13.000000000,8.205938
2026-03-10 16:47:40.000000000,13.926293
2026-03-10 16:13:12.000000000,65.06371
2026-03-10 16:55:55.000000000,31.949585
2026-03-10 16:23:55.000000000,7.080138
2026-03-10 17:33:06.000000000,29.025618
2026-03-10 17:58:48.000000000,12.906487
2026-03-10 17:14:19.000000000,14.456222
2026-03-10 17:33:31.000000000,6.818658
2026-03-10 17:11:09.000000000,18.836172
2026-03-10 17:43:08.000000000,23.36044
2026-03-10 17:09:28.000000000,67.13798
2026-03-10 17:46:06.000000000,11.816787
2026-03-10 17:52:54.000000000,20.439346
2026-03-10 17:46:58.000000000,14.389213
2026-03-10 17:38:33.000000000,19.503115
2026-03-10 17:29:13.000000000,23.697731
2026-03-10 17:52:29.000000000,37.853817
2026-03-10 17:58:59.000000000,11.683124
2026-03-10 17:59:02.000000000,11.6631155
2026-03-10 17:12:56.000000000,21.567293
2026-03-10 17:49:25.000000000,17.043095
2026-03-10 18:01:38.000000000,9.623453
2026-03-10 18:24:21.000000000,38.48109
2026-03-10 18:58:22.000000000,70.45055
2026-03-10 18:08:18.000000000,10.982751
2026-03-10 18:53:14.000000000,49.067852
2026-03-10 18:59:03.000000000,59.49155
2026-03-10 18:05:39.000000000,49.14833
2026-03-10 18:01:54.000000000,21.295698
2026-03-10 18:38:24.000000000,32.322548
2026-03-10 18:24:48.000000000,68.00462
2026-03-10 18:30:24.000000000,71.340836
2026-03-10 18:34:05.000000000,11.827573
2026-03-10 18:32:27.000000000,12.654225
2026-03-10 18:53:16.000000000,20.804138
2026-03-10 18:33:39.000000000,41.538906
2026-03-10 18:30:32.000000000,13.6144285
2026-03-10 18:42:30.000000000,48.69831
2026-03-10 18:05:03.000000000,76.5978
2026-03-10 18:06:55.000000000,34.81454
2026-03-10 18:05:47.000000000,19.9873
2026-03-10 18:45:46.000000000,22.238144
2026-03-10 18:41:58.000000000,25.122128
2026-03-10 18:18:16.000000000,10.82684
2026-03-10 19:35:32.000000000,8.997232
2026-03-10 19:09:25.000000000,11.625409
2026-03-10 19:23:47.000000000,19.734013
2026-03-10 19:34:47.000000000,18.808386
2026-03-10 19:30:37.000000000,88.853935
2026-03-10 19:41:57.000000000,9.378823
2026-03-10 19:16:47.000000000,17.094355
2026-03-10 19:22:42.000000000,17.806774
2026-03-10 19:13:18.000000000,54.97813
2026-03-10 19:49:34.000000000,114.55746
2026-03-10 19:14:46.000000000,29.626822
2026-03-10 19:52:44.000000000,18.784698
2026-03-10 19:08:15.000000000,11.529585
2026-03-10 19:25:01.000000000,33.240036
2026-03-10 19:11:53.000000000,101.43958
2026-03-10 19:20:28.000000000,19.6027
2026-03-10 19:10:36.000000000,23.162485
2026-03-10 19:56:03.000000000,8.940775
2026-03-10 19:21:50.000000000,34.659912
2026-03-10 19:45:15.000000000,14.120237
2026-03-10 19:12:50.000000000,32.16161
2026-03-10 19:58:07.000000000,41.866837
2026-03-10 19:15:25.000000000,8.711892
2026-03-10 20:54:41.000000000,50.519
2026-03-10 20:32:58.000000000,49.840416
2026-03-10 20:46:51.000000000,32.082428
2026-03-10 20:48:58.000000000,23.11734
2026-03-10 20:00:52.000000000,17.665768
2026-03-10 20:13:13.000000000,19.613026
2026-03-10 20:33:01.000000000,34.393265
2026-03-10 20:41:03.000000000,20.459085
2026-03-10 20:03:25.000000000,20.008604
2026-03-10 20:13:45.000000000,16.046637
2026-03-10 20:39:15.000000000,11.154163
2026-03-10 20:42:04.000000000,48.29618
2026-03-10 21:42:25.000000000,16.992483
2026-03-10 21:00:44.000000000,29.856262
2026-03-10 21:54:47.000000000,33.47434
2026-03-10 21:33:06.000000000,59.11737
2026-03-10 21:50:56.000000000,34.978016
2026-03-10 21:06:41.000000000,35.963802
2026-03-10 21:59:17.000000000,16.888449
2026-03-10 21:22:02.000000000,56.713215
2026-03-10 21:41:42.000000000,68.84117
2026-03-10 21:59:42.000000000,35.843494
2026-03-10 21:25:53.000000000,15.654694
2026-03-10 21:19:06.000000000,9.315964
2026-03-10 21:09:53.000000000,37.5536
2026-03-10 21:25:03.000000000,14.822653
2026-03-10 22:57:20.000000000,9.759168
2026-03-10 22:46:23.000000000,9.390604
2026-03-10 22:00:33.000000000,11.9312525
2026-03-10 22:09:47.000000000,13.317218
2026-03-10 22:55:51.000000000,13.297006
2026-03-10 22:03:50.000000000,114.73438
2026-03-10 22:04:37.000000000,50.844494
2026-03-10 22:21:17.000000000,56.792904
2026-03-10 22:16:53.000000000,40.76722
2026-03-10 22:17:57.000000000,43.769173
2026-03-10 22:29:22.000000000,83.77379
2026-03-10 23:43:01.000000000,17.941908
2026-03-10 23:32:26.000000000,21.028835
2026-03-10 23:46:48.000000000,11.698508
2026-03-10 23:15:17.000000000,12.22126
2026-03-10 23:28:54.000000000,20.708963
2026-03-10 23:54:53.000000000,18.32709
2026-03-10 23:31:53.000000000,62.65537
2026-03-10 23:17:37.000000000,18.279228
2026-03-10 23:53:09.000000000,21.747782
2026-03-10 23:54:26.000000000,38.836407
2026-03-10 23:38:30.000000000,25.715914
2026-03-10 23:48:50.000000000,20.605019
2026-03-10 23:09:49.000000000,39.347023
2026-03-10 23:43:23.000000000,15.191547
2026-03-10 23:03:07.000000000,11.792348
2026-03-10 23:13:24.000000000,16.621056
2026-03-10 23:49:14.000000000,47.315544
2026-03-10 23:10:11.000000000,6.177937
2026-03-11 00:41:33.000000000,25.833166
2026-03-11 00:23:20.000000000,29.72895
2026-03-11 00:58:25.000000000,16.028723
2026-03-11 00:10:53.000000000,30.021551
2026-03-11 00:42:21.000000000,38.854755
2026-03-11 00:03:20.000000000,10.459292
2026-03-11 01:10:06.000000000,7.5255322
2026-03-11 01:36:47.000000000,58.88578
2026-03-11 01:26:05.000000000,16.619041
2026-03-11 01:35:19.000000000,31.574177
2026-03-11 01:24:27.000000000,36.496643
2026-03-11 02:01:34.000000000,10.001205
2026-03-11 02:58:24.000000000,10.124286
2026-03-11 02:50:39.000000000,16.219181
2026-03-11 02:16:32.000000000,8.269984
2026-03-11 02:58:55.000000000,17.163593
2026-03-11 03:11:50.000000000,6.6832247
2026-03-11 03:16:25.000000000,21.562328
2026-03-11 04:58:50.000000000,16.025412
2026-03-11 04:26:07.000000000,16.838581
2026-03-11 04:34:37.000000000,25.991232
2026-03-11 04:23:06.000000000,8.79686
2026-03-11 04:49:27.000000000,13.120034
2026-03-11 05:19:21.000000000,48.905357
2026-03-11 05:53:23.000000000,57.268295
2026-03-11 05:52:39.000000000,63.22765
2026-03-11 05:45:31.000000000,24.435574
2026-03-11 06:00:50.000000000,12.427212
2026-03-11 06:42:16.000000000,13.467302
2026-03-11 06:01:44.000000000,9.720942
2026-03-11 06:26:38.000000000,32.030293
2026-03-11 06:20:17.000000000,24.208477
2026-03-11 06:42:24.000000000,9.858192
2026-03-11 07:57:30.000000000,7.763293
2026-03-11 07:12:07.000000000,27.108755
2026-03-11 07:58:29.000000000,11.751501
2026-03-11 07:44:58.000000000,12.573043
2026-03-11 07:07:28.000000000,29.23639
2026-03-11 07:35:04.000000000,21.333958
2026-03-11 07:53:57.000000000,27.48937
2026-03-11 07:29:42.000000000,39.62389
2026-03-11 07:03:49.000000000,37.00033
2026-03-11 07:11:10.000000000,67.49564
2026-03-11 07:45:45.000000000,16.80889
2026-03-11 07:48:04.000000000,21.805185
2026-03-11 07:51:11.000000000,19.545647
2026-03-11 07:11:53.000000000,16.256472
2026-03-11 07:21:38.000000000,34.135693
2026-03-11 07:11:11.000000000,21.506329
2026-03-11 07:31:02.000000000,113.84153
2026-03-11 07:13:20.000000000,30.496004
2026-03-11 08:11:53.000000000,79.45627
2026-03-11 08:22:51.000000000,12.539823
2026-03-11 08:36:44.000000000,17.829271
2026-03-11 08:10:07.000000000,10.579511
2026-03-11 08:36:53.000000000,112.15113
2026-03-11 08:45:50.000000000,13.492834
2026-03-11 08:06:24.000000000,24.92752
2026-03-11 08:06:12.000000000,19.547907
2026-03-11 08:55:31.000000000,22.318869
2026-03-11 08:35:52.000000000,25.850935
2026-03-11 08:00:35.000000000,41.16605
2026-03-11 08:02:18.000000000,15.896976
2026-03-11 08:48:34.000000000,102.76254
2026-03-11 08:32:54.000000000,126.31091
2026-03-11 08:06:53.000000000,139.62303
2026-03-11 08:28:06.000000000,26.997128
2026-03-11 08:26:22.000000000,14.462078
2026-03-11 08:13:42.000000000,22.09864
2026-03-11 08:59:38.000000000,8.290246
2026-03-11 08:48:03.000000000,12.485748
2026-03-11 08:26:53.000000000,88.879776
2026-03-11 09:34:47.000000000,50.19446
2026-03-11 09:19:36.000000000,11.264736
2026-03-11 09:06:11.000000000,27.43617
2026-03-11 09:49:47.000000000,64.53542
2026-03-11 09:32:57.000000000,44.17842
2026-03-11 09:06:31.000000000,18.697716
2026-03-11 09:41:13.000000000,11.846828
2026-03-11 09:33:36.000000000,19.396257
2026-03-11 09:08:57.000000000,27.541569
2026-03-11 09:29:36.000000000,21.676905
2026-03-11 09:50:03.000000000,16.486128
2026-03-11 09:02:33.000000000,19.384262
2026-03-11 09:33:36.000000000,8.943404
2026-03-11 09:23:38.000000000,39.36597
2026-03-11 09:41:17.000000000,11.787261
2026-03-11 09:42:23.000000000,75.94965
2026-03-11 09:19:53.000000000,14.743423
2026-03-11 09:07:51.000000000,29.203466
2026-03-11 09:09:21.000000000,24.466625
2026-03-11 09:13:16.000000000,22.383762
2026-03-11 09:33:56.000000000,8.920152
2026-03-11 09:42:18.000000000,16.756708
2026-03-11 10:44:40.000000000,7.4268575
2026-03-11 10:18:56.000000000,38.61646
2026-03-11 10:30:00.000000000,49.1354
2026-03-11 10:11:09.000000000,16.634739
2026-03-11 10:26:40.000000000,48.5853
2026-03-11 10:23:57.000000000,9.729137
2026-03-11 10:11:17.000000000,8.755069
2026-03-11 10:24:52.000000000,19.042753
2026-03-11 10:26:21.000000000,17.793755
2026-03-11 10:16:58.000000000,13.912889
2026-03-11 10:27:03.000000000,46.81512
2026-03-11 10:04:23.000000000,31.239273
2026-03-11 10:42:53.000000000,12.686178
2026-03-11 10:34:45.000000000,18.854532
2026-03-11 10:08:03.000000000,8.8721
2026-03-11 10:42:45.000000000,15.150519
2026-03-11 11:47:43.000000000,25.828295
2026-03-11 11:10:29.000000000,13.263189
2026-03-11 11:25:32.000000000,16.021717
2026-03-11 11:56:16.000000000,29.280256
2026-03-11 11:44:14.000000000,17.93376
2026-03-11 11:06:52.000000000,27.720642
2026-03-11 11:13:31.000000000,30.510895
2026-03-11 11:39:09.000000000,7.0952263
2026-03-11 11:30:24.000000000,12.319621
2026-03-11 11:51:55.000000000,89.244
2026-03-11 11:18:58.000000000,16.018208
2026-03-11 11:10:25.000000000,83.54937
2026-03-11 11:20:41.000000000,10.662711
2026-03-11 11:51:03.000000000,10.441057
2026-03-11 11:34:31.000000000,30.001127
2026-03-11 11:57:37.000000000,7.0872374
2026-03-11 11:33:27.000000000,9.794823
2026-03-11 11:47:39.000000000,20.511648
2026-03-11 12:58:28.000000000,66.51787
2026-03-11 12:48:25.000000000,34.15595
2026-03-11 12:50:24.000000000,52.139755
2026-03-11 12:17:10.000000000,11.637835
2026-03-11 12:14:10.000000000,50.681877
2026-03-11 12:57:15.000000000,51.692314
2026-03-11 12:25:47.000000000,27.445477
2026-03-11 12:15:06.000000000,20.870716
2026-03-11 12:10:39.000000000,20.148502
2026-03-11 12:13:15.000000000,112.61181
2026-03-11 12:16:00.000000000,11.072403
2026-03-11 12:37:46.000000000,233.01929
2026-03-11 12:59:20.000000000,8.994267
2026-03-11 12:20:17.000000000,8.987756
2026-03-11 12:43:04.000000000,18.021017
2026-03-11 12:59:20.000000000,11.982608
2026-03-11 12:25:08.000000000,71.29104
2026-03-11 12:34:09.000000000,10.758032
2026-03-11 12:37:11.000000000,23.729515
2026-03-11 12:40:38.000000000,17.297663
2026-03-11 12:48:32.000000000,40.265972
2026-03-11 12:17:56.000000000,19.578966
2026-03-11 13:46:32.000000000,17.258776
2026-03-11 13:41:48.000000000,12.921714
2026-03-11 13:47:40.000000000,11.512739
2026-03-11 13:14:19.000000000,8.23897
2026-03-11 13:37:17.000000000,14.255103
2026-03-11 13:38:43.000000000,18.633059
2026-03-11 13:46:12.000000000,58.871426
2026-03-11 13:59:11.000000000,28.053305
2026-03-11 13:29:24.000000000,91.31433
2026-03-11 13:11:19.000000000,35.0216
2026-03-11 13:17:06.000000000,14.779078
2026-03-11 13:03:12.000000000,21.217806
2026-03-11 13:53:29.000000000,30.322117
2026-03-11 13:07:15.000000000,25.08453
2026-03-11 14:01:20.000000000,79.16635
2026-03-11 14:49:55.000000000,6.101457
2026-03-11 14:36:23.000000000,41.83426
2026-03-11 14:48:04.000000000,18.163282
2026-03-11 14:16:02.000000000,16.817213
2026-03-11 14:52:17.000000000,137.68724
2026-03-11 14:27:09.000000000,15.725602
2026-03-11 14:52:24.000000000,19.83713
2026-03-11 14:52:53.000000000,41.11295
2026-03-11 14:59:53.000000000,201.38081
2026-03-11 14:59:15.000000000,19.58755
2026-03-11 14:42:20.000000000,14.787621
2026-03-11 14:57:51.000000000,50.65905
2026-03-11 14:52:19.000000000,30.46412
2026-03-11 14:29:01.000000000,25.292934
2026-03-11 14:36:33.000000000,96.792854
2026-03-11 14:37:44.000000000,79.65372
2026-03-11 15:38:49.000000000,30.63864
2026-03-11 15:10:13.000000000,9.7785425
2026-03-11 15:20:51.000000000,6.631828
2026-03-11 15:16:55.000000000,8.927531
2026-03-11 15:18:21.000000000,8.198219
2026-03-11 15:18:18.000000000,12.797809
2026-03-11 16:09:42.000000000,10.522034
2026-03-11 16:33:42.000000000,76.55304
2026-03-11 16:10:00.000000000,36.133453
2026-03-11 16:35:43.000000000,51.158073
2026-03-11 16:56:06.000000000,13.419497
2026-03-11 16:48:09.000000000,62.27891
2026-03-11 16:11:31.000000000,12.500582
2026-03-11 16:46:04.000000000,50.291286
2026-03-11 16:44:28.000000000,8.785954
2026-03-11 16:06:08.000000000,8.719918
2026-03-11 16:36:04.000000000,27.47583
2026-03-11 16:03:55.000000000,70.50821
2026-03-11 16:38:36.000000000,17.752407
2026-03-11 16:01:49.000000000,98.88986
2026-03-11 17:19:57.000000000,13.986529
2026-03-11 17:00:08.000000000,46.866013
2026-03-11 17:28:21.000000000,42.035896
2026-03-11 17:19:49.000000000,100.175575
2026-03-11 17:29:46.000000000,19.388206
2026-03-11 17:53:47.000000000,28.123053
2026-03-11 17:09:49.000000000,20.264418
2026-03-11 17:13:52.000000000,53.16134
2026-03-11 17:39:28.000000000,17.695631
2026-03-11 17:01:45.000000000,14.07781
2026-03-11 17:32:14.000000000,48.5446
2026-03-11 17:28:09.000000000,12.558363
2026-03-11 17:32:59.000000000,20.569813
2026-03-11 17:39:17.000000000,27.90994
2026-03-11 17:49:39.000000000,13.262437
2026-03-11 17:11:59.000000000,16.656618
2026-03-11 17:30:58.000000000,55.409134
2026-03-11 18:41:50.000000000,15.871623
2026-03-11 18:12:23.000000000,9.525222
2026-03-11 18:05:26.000000000,15.981558
2026-03-11 18:15:39.000000000,23.153206
2026-03-11 18:20:47.000000000,53.18685
2026-03-11 18:07:45.000000000,31.865667
2026-03-11 18:59:29.000000000,10.582232
2026-03-11 18:12:31.000000000,10.843812
2026-03-11 18:58:54.000000000,20.601406
2026-03-11 18:30:13.000000000,93.79653
2026-03-11 18:54:16.000000000,149.00316
2026-03-11 18:10:49.000000000,14.998887
2026-03-11 18:34:42.000000000,26.227951
2026-03-11 18:02:13.000000000,15.064481
2026-03-11 18:03:01.000000000,27.54567
2026-03-11 19:14:18.000000000,22.09929
2026-03-11 19:32:01.000000000,84.99982
2026-03-11 19:35:29.000000000,58.04477
2026-03-11 19:46:01.000000000,19.315863
2026-03-11 19:15:11.000000000,18.058159
2026-03-11 19:06:12.000000000,14.163238
2026-03-11 19:17:04.000000000,9.904698
2026-03-11 19:08:37.000000000,19.88029
2026-03-11 19:13:26.000000000,45.202938
2026-03-11 19:49:54.000000000,24.282858
2026-03-11 19:23:35.000000000,25.689245
2026-03-11 19:57:25.000000000,10.999493
2026-03-11 19:52:49.000000000,9.914718
2026-03-11 19:18:28.000000000,18.757345
2026-03-11 19:00:00.000000000,27.292286
2026-03-11 19:32:37.000000000,6.604999
2026-03-11 19:11:00.000000000,104.2292
2026-03-11 19:02:59.000000000,16.939306
2026-03-11 19:19:13.000000000,50.992805
2026-03-11 19:31:08.000000000,50.886456
2026-03-11 19:05:26.000000000,13.593109
2026-03-11 19:51:14.000000000,9.402028
2026-03-11 19:03:11.000000000,28.265598
2026-03-11 20:11:09.000000000,25.160603
2026-03-11 20:15:15.000000000,34.674442
2026-03-11 20:21:48.000000000,44.589348
2026-03-11 20:00:26.000000000,65.7607
2026-03-11 20:27:05.000000000,6.5744786
2026-03-11 20:49:39.000000000,25.12183
2026-03-11 20:00:28.000000000,12.552777
2026-03-11 20:01:42.000000000,36.052864
2026-03-11 20:21:12.000000000,103.720924
2026-03-11 20:38:13.000000000,24.708889
2026-03-11 20:37:42.000000000,15.951297
2026-03-11 20:03:39.000000000,15.074209
2026-03-11 20:13:26.000000000,7.614561
2026-03-11 20:26:29.000000000,11.633563
2026-03-11 20:10:23.000000000,26.082335
2026-03-11 20:15:56.000000000,16.681343
2026-03-11 20:07:19.000000000,134.07104
2026-03-11 20:43:53.000000000,54.07022
2026-03-11 20:18:51.000000000,28.389063
2026-03-11 20:06:19.000000000,16.424507
2026-03-11 20:52:57.000000000,47.460255
2026-03-11 21:49:01.000000000,20.519936
2026-03-11 21:10:59.000000000,18.07354
2026-03-11 21:06:24.000000000,17.23266
2026-03-11 21:30:47.000000000,18.118345
2026-03-11 21:31:54.000000000,65.68233
2026-03-11 21:13:34.000000000,38.195747
2026-03-11 21:04:19.000000000,56.191948
2026-03-11 21:26:05.000000000,9.189209
2026-03-11 21:03:56.000000000,32.7523
2026-03-11 21:01:37.000000000,18.47872
2026-03-11 21:26:56.000000000,18.87804
2026-03-11 21:48:03.000000000,11.288565
2026-03-11 21:02:20.000000000,19.537289
2026-03-11 21:37:14.000000000,12.418671
2026-03-11 21:22:36.000000000,13.43175
2026-03-11 21:34:51.000000000,11.138027
2026-03-11 21:03:48.000000000,79.08596
2026-03-11 21:33:55.000000000,7.5882607
2026-03-11 22:22:22.000000000,16.856966
2026-03-11 22:53:25.000000000,6.560054
2026-03-11 22:55:30.000000000,20.398235
2026-03-11 22:01:48.000000000,18.663658
2026-03-11 22:45:37.000000000,9.146708
2026-03-11 22:26:40.000000000,40.44699
2026-03-11 22:03:04.000000000,64.02557
2026-03-11 22:32:23.000000000,31.309368
2026-03-11 22:48:13.000000000,16.959606
2026-03-11 22:45:02.000000000,35.542732
2026-03-11 23:55:18.000000000,8.748923
2026-03-11 23:18:03.000000000,29.015789
2026-03-11 23:21:27.000000000,11.875308
2026-03-11 23:11:34.000000000,21.1168
2026-03-11 23:29:53.000000000,15.948352
2026-03-11 23:08:51.000000000,12.472801
2026-03-11 23:24:09.000000000,34.97371
2026-03-11 23:11:44.000000000,23.870275
2026-03-11 23:02:13.000000000,7.523633
2026-03-11 23:20:38.000000000,19.470465
2026-03-11 23:39:04.000000000,11.129902
2026-03-11 23:10:17.000000000,47.86662
2026-03-11 23:19:30.000000000,16.082586
2026-03-11 23:45:24.000000000,11.876213
2026-03-11 23:51:03.000000000,12.711514
2026-03-11 23:30:56.000000000,15.663104
2026-03-11 23:16:24.000000000,8.102282
2026-03-12 00:42:24.000000000,46.688293
2026-03-12 00:21:04.000000000,18.179708
2026-03-12 00:08:44.000000000,25.150297
2026-03-12 00:04:33.000000000,15.358672
2026-03-12 00:30:07.000000000,17.091616
2026-03-12 00:07:16.000000000,51.071117
2026-03-12 00:10:12.000000000,40.64196
2026-03-12 00:13:58.000000000,11.084444
2026-03-12 00:58:53.000000000,11.665294
2026-03-12 00:12:43.000000000,33.96546
2026-03-12 00:01:35.000000000,6.4118233
2026-03-12 00:42:49.000000000,15.9995
2026-03-12 00:29:38.000000000,10.982495
2026-03-12 00:00:36.000000000,40.174194
2026-03-12 00:27:29.000000000,10.7260275
2026-03-12 00:25:12.000000000,16.689432
2026-03-12 00:12:13.000000000,7.567228
2026-03-12 00:15:12.000000000,8.945252
2026-03-12 01:26:11.000000000,9.766336
2026-03-12 01:09:03.000000000,13.936234
2026-03-12 02:42:11.000000000,83.62316
2026-03-12 02:42:33.000000000,21.024252
2026-03-12 02:41:25.000000000,53.029198
2026-03-12 03:14:57.000000000,12.485748
2026-03-12 03:49:20.000000000,6.3400183
2026-03-12 03:03:25.000000000,14.622029
2026-03-12 03:45:39.000000000,15.215724
2026-03-12 03:28:42.000000000,52.36717
2026-03-12 03:27:40.000000000,7.6274195
2026-03-12 03:48:32.000000000,30.997225
2026-03-12 03:07:44.000000000,35.822594
2026-03-12 03:58:16.000000000,7.564742
2026-03-12 04:05:38.000000000,15.910825
2026-03-12 04:37:21.000000000,6.968284
2026-03-12 04:48:38.000000000,10.314876
2026-03-12 04:07:42.000000000,26.990053
2026-03-12 04:01:05.000000000,30.585688
2026-03-12 04:28:18.000000000,57.907536
2026-03-12 05:06:08.000000000,22.895893
2026-03-12 05:43:24.000000000,42.72391
2026-03-12 05:41:31.000000000,51.355854
2026-03-12 05:18:13.000000000,27.131306
2026-03-12 05:30:31.000000000,104.39353
2026-03-12 05:42:11.000000000,17.482576
2026-03-12 05:28:18.000000000,10.532985
2026-03-12 06:44:12.000000000,7.5214176
2026-03-12 06:51:44.000000000,10.865156
2026-03-12 06:48:06.000000000,5.899441
2026-03-12 06:28:56.000000000,58.479145
2026-03-12 06:29:38.000000000,13.349283
2026-03-12 06:43:36.000000000,15.879798
2026-03-12 06:48:58.000000000,11.356521
2026-03-12 06:38:13.000000000,18.778263
2026-03-12 06:07:24.000000000,5.8484926
2026-03-12 06:18:10.000000000,40.903263
2026-03-12 06:07:57.000000000,16.867682
2026-03-12 07:56:27.000000000,7.0620604
2026-03-12 07:12:36.000000000,8.873491
2026-03-12 07:52:39.000000000,9.823602
2026-03-12 07:58:22.000000000,36.303307
2026-03-12 07:34:03.000000000,12.774181
2026-03-12 07:16:44.000000000,20.658918
2026-03-12 07:29:44.000000000,63.21309
2026-03-12 07:10:09.000000000,35.588455
2026-03-12 07:05:58.000000000,87.61179
2026-03-12 07:37:02.000000000,35.207336
2026-03-12 07:44:32.000000000,24.506956
2026-03-12 07:27:07.000000000,34.81454
2026-03-12 07:34:20.000000000,20.729694
2026-03-12 07:14:15.000000000,67.131485
2026-03-12 07:02:27.000000000,33.072067
2026-03-12 07:19:15.000000000,51.01344
2026-03-12 07:07:08.000000000,15.433618
2026-03-12 07:20:41.000000000,14.370223
2026-03-12 07:38:06.000000000,16.94251
2026-03-12 07:12:36.000000000,112.49502
2026-03-12 08:28:10.000000000,10.710001
2026-03-12 08:44:14.000000000,9.01267
2026-03-12 08:01:11.000000000,18.434937
2026-03-12 08:52:56.000000000,48.302464
2026-03-12 08:00:11.000000000,32.945995
2026-03-12 08:30:03.000000000,27.23146
2026-03-12 08:42:50.000000000,44.68735
2026-03-12 08:09:56.000000000,42.638332
2026-03-12 08:38:05.000000000,19.5115
2026-03-12 08:30:57.000000000,12.5616665
2026-03-12 08:40:44.000000000,7.2327027
2026-03-12 08:02:42.000000000,21.234035
2026-03-12 08:47:06.000000000,22.226
2026-03-12 08:44:41.000000000,35.099876
2026-03-12 08:12:59.000000000,10.701478
2026-03-12 08:01:52.000000000,30.64697
2026-03-12 08:42:31.000000000,44.770325
2026-03-12 08:37:28.000000000,20.963928
2026-03-12 08:46:28.000000000,13.062191
2026-03-12 08:28:14.000000000,16.195255
2026-03-12 08:08:08.000000000,51.748676
2026-03-12 08:41:41.000000000,26.53822
2026-03-12 08:48:40.000000000,29.805094
2026-03-12 09:34:48.000000000,28.215885
2026-03-12 09:44:59.000000000,8.70555
2026-03-12 09:48:15.000000000,17.128044
2026-03-12 09:22:25.000000000,45.680187
2026-03-12 09:25:42.000000000,26.484406
2026-03-12 09:15:26.000000000,13.808918
2026-03-12 09:06:29.000000000,10.439953
2026-03-12 09:00:58.000000000,21.573683
2026-03-12 09:48:41.000000000,29.090637
2026-03-12 09:01:24.000000000,26.897322
2026-03-12 09:14:46.000000000,38.210148
2026-03-12 09:51:44.000000000,20.110535
2026-03-12 09:07:44.000000000,7.357681
2026-03-12 09:23:16.000000000,24.653254
2026-03-12 09:37:31.000000000,20.908997
2026-03-12 09:05:55.000000000,109.55401
2026-03-12 09:16:11.000000000,37.876587
2026-03-12 09:37:33.000000000,26.76772
2026-03-12 09:43:12.000000000,16.090363
2026-03-12 09:59:52.000000000,7.971301
2026-03-12 09:28:04.000000000,11.058036
2026-03-12 09:19:51.000000000,36.353405
2026-03-12 09:41:16.000000000,6.8145776
2026-03-12 09:45:22.000000000,14.227441
2026-03-12 09:06:22.000000000,13.482686
2026-03-12 09:21:15.000000000,26.544289
2026-03-12 10:06:38.000000000,68.97933
2026-03-12 10:07:56.000000000,20.601574
2026-03-12 10:33:44.000000000,49.77189
2026-03-12 10:35:31.000000000,9.006298
2026-03-12 10:51:08.000000000,21.652315
2026-03-12 10:34:14.000000000,12.388887
2026-03-12 10:06:36.000000000,26.895866
2026-03-12 10:21:08.000000000,76.72394
2026-03-12 10:10:13.000000000,34.27528
2026-03-12 10:34:17.000000000,17.760183
2026-03-12 10:15:57.000000000,12.2266
2026-03-12 10:55:05.000000000,30.801435
2026-03-12 11:41:32.000000000,60.88316
2026-03-12 11:58:19.000000000,17.236359
2026-03-12 11:11:18.000000000,19.204847
2026-03-12 11:40:32.000000000,6.90439
2026-03-12 11:10:40.000000000,48.48722
2026-03-12 11:06:51.000000000,8.129402
2026-03-12 11:28:03.000000000,6.722092
2026-03-12 11:44:09.000000000,10.965236
2026-03-12 11:41:12.000000000,29.409739
2026-03-12 11:00:05.000000000,18.56377
2026-03-12 11:36:11.000000000,19.767212
2026-03-12 11:08:23.000000000,29.003185
2026-03-12 11:36:44.000000000,16.639267
2026-03-12 11:10:59.000000000,17.536455
2026-03-12 11:43:02.000000000,11.166029
2026-03-12 11:42:22.000000000,31.307241
2026-03-12 11:39:35.000000000,25.806406
2026-03-12 12:12:23.000000000,6.4748197
2026-03-12 12:10:04.000000000,7.066923
2026-03-12 12:53:12.000000000,22.360708
2026-03-12 12:02:08.000000000,16.115005
2026-03-12 12:52:01.000000000,71.65015
2026-03-12 12:16:08.000000000,51.996685
2026-03-12 12:46:28.000000000,16.807423
2026-03-12 12:54:30.000000000,19.418682
2026-03-12 12:55:25.000000000,33.482
2026-03-12 12:12:48.000000000,14.208829
2026-03-12 12:05:39.000000000,75.58299
2026-03-12 12:43:12.000000000,26.139992
2026-03-12 12:14:56.000000000,9.657279
2026-03-12 12:01:56.000000000,31.46916
2026-03-12 12:05:47.000000000,102.876915
2026-03-12 12:13:37.000000000,17.020449
2026-03-12 13:02:28.000000000,141.24669
2026-03-12 13:44:24.000000000,65.12539
2026-03-12 13:40:00.000000000,21.274534
2026-03-12 13:13:41.000000000,19.54304
2026-03-12 13:08:32.000000000,30.710363
2026-03-12 13:56:14.000000000,42.861073
2026-03-12 13:09:43.000000000,71.10022
2026-03-12 13:47:57.000000000,12.539823
2026-03-12 13:49:34.000000000,13.319004
2026-03-12 13:51:08.000000000,10.780712
2026-03-12 13:32:56.000000000,10.446403
2026-03-12 13:56:31.000000000,12.3585205
2026-03-12 13:03:19.000000000,9.819388
2026-03-12 13:11:37.000000000,8.943404
2026-03-12 13:41:50.000000000,30.450785
2026-03-12 14:07:38.000000000,46.636486
2026-03-12 14:16:27.000000000,6.111658
2026-03-12 14:46:38.000000000,67.34365
2026-03-12 14:59:46.000000000,27.179668
2026-03-12 14:09:51.000000000,8.31039
2026-03-12 14:00:55.000000000,104.56622
2026-03-12 14:27:53.000000000,43.522648
2026-03-12 14:18:34.000000000,15.823134
2026-03-12 14:18:40.000000000,8.961823
2026-03-12 14:47:15.000000000,6.6059513
2026-03-12 14:20:40.000000000,13.550856
2026-03-12 14:42:46.000000000,58.45199
2026-03-12 14:12:24.000000000,7.457571
2026-03-12 14:19:13.000000000,61.16847
2026-03-12 14:42:53.000000000,7.8585424
2026-03-12 14:57:11.000000000,70.00675
2026-03-12 14:43:17.000000000,13.1683035
2026-03-12 14:45:04.000000000,10.780712
2026-03-12 14:43:39.000000000,8.634991
2026-03-12 14:05:40.000000000,24.054241
2026-03-12 14:49:00.000000000,20.11224
2026-03-12 14:29:51.000000000,26.371065
2026-03-12 14:01:30.000000000,12.632606
2026-03-12 14:39:23.000000000,28.828602
2026-03-12 14:31:07.000000000,26.547628
2026-03-12 14:43:03.000000000,19.109163
2026-03-12 14:08:13.000000000,32.335087
2026-03-12 14:23:00.000000000,19.609285
2026-03-12 15:41:23.000000000,19.462704
2026-03-12 15:17:08.000000000,47.022686
2026-03-12 15:44:36.000000000,9.752227
2026-03-12 15:00:42.000000000,23.558947
2026-03-12 15:20:14.000000000,28.22915
2026-03-12 15:42:22.000000000,11.918048
2026-03-12 15:08:22.000000000,17.472713
2026-03-12 15:05:25.000000000,42.218296
2026-03-12 15:49:14.000000000,10.659146
2026-03-12 15:15:09.000000000,13.415595
2026-03-12 15:29:11.000000000,14.285275
2026-03-12 15:21:48.000000000,34.8233
2026-03-12 15:34:01.000000000,9.360971
2026-03-12 15:40:40.000000000,54.894817
2026-03-12 16:07:40.000000000,20.66091
2026-03-12 16:13:17.000000000,7.5268946
2026-03-12 16:28:48.000000000,45.905586
2026-03-12 16:11:55.000000000,37.237762
2026-03-12 16:50:02.000000000,19.407787
2026-03-12 16:07:51.000000000,9.931025
2026-03-12 16:53:10.000000000,6.8296914
2026-03-12 16:37:41.000000000,17.467997
2026-03-12 16:06:11.000000000,10.341837
2026-03-12 16:36:24.000000000,20.777899
2026-03-12 16:53:54.000000000,11.828189
2026-03-12 16:38:02.000000000,10.41062
2026-03-12 16:55:40.000000000,21.060585
2026-03-12 16:12:34.000000000,7.90648
2026-03-12 16:41:02.000000000,8.481042
2026-03-12 16:26:19.000000000,10.914482
2026-03-12 16:18:43.000000000,17.730024
2026-03-12 16:29:04.000000000,26.493557
2026-03-12 16:52:43.000000000,14.527328
2026-03-12 16:33:45.000000000,14.550216
2026-03-12 16:08:23.000000000,34.49181
2026-03-12 16:10:25.000000000,194.51309
2026-03-12 16:24:53.000000000,15.078056
2026-03-12 16:10:06.000000000,12.4433975
2026-03-12 16:19:22.000000000,32.62324
2026-03-12 17:37:53.000000000,10.942052
2026-03-12 17:33:22.000000000,55.95051
2026-03-12 17:36:34.000000000,53.44383
2026-03-12 17:32:01.000000000,129.98488
2026-03-12 17:04:03.000000000,13.008195
2026-03-12 17:40:29.000000000,55.010517
2026-03-12 17:15:04.000000000,25.78581
2026-03-12 17:36:15.000000000,31.039297
2026-03-12 17:24:48.000000000,33.148315
2026-03-12 17:04:35.000000000,19.253857
2026-03-12 17:15:54.000000000,29.45139
2026-03-12 17:13:58.000000000,16.845846
2026-03-12 17:48:27.000000000,21.45511
2026-03-12 17:01:09.000000000,136.64265
2026-03-12 17:41:32.000000000,12.43769
2026-03-12 17:24:16.000000000,61.65219
2026-03-12 17:39:06.000000000,25.844011
2026-03-12 17:14:05.000000000,57.2985
2026-03-12 17:36:45.000000000,13.702587
2026-03-12 17:43:42.000000000,9.717854
2026-03-12 17:10:48.000000000,52.283543
2026-03-12 17:17:25.000000000,17.003668
2026-03-12 17:39:17.000000000,30.122034
2026-03-12 18:51:58.000000000,24.73747
2026-03-12 18:40:26.000000000,28.453632
2026-03-12 18:22:15.000000000,22.190708
2026-03-12 18:02:32.000000000,26.280193
2026-03-12 18:02:33.000000000,32.962566
2026-03-12 18:09:04.000000000,10.915234
2026-03-12 18:45:10.000000000,20.16319
2026-03-12 18:32:53.000000000,8.684542
2026-03-12 18:10:46.000000000,15.640304
2026-03-12 18:58:00.000000000,15.291296
2026-03-12 18:51:51.000000000,17.503677
2026-03-12 18:49:19.000000000,39.371635
2026-03-12 18:16:55.000000000,41.14248
2026-03-12 18:35:59.000000000,9.1438875
2026-03-12 18:40:47.000000000,10.813186
2026-03-12 18:33:52.000000000,8.899441
2026-03-12 18:35:30.000000000,12.575672
2026-03-12 18:16:35.000000000,22.755049
2026-03-12 18:12:43.000000000,12.612356
2026-03-12 18:01:56.000000000,24.04923
2026-03-12 18:05:42.000000000,7.4947553
2026-03-12 18:08:48.000000000,12.8400135
2026-03-12 18:55:50.000000000,22.164932
2026-03-12 19:32:12.000000000,16.31112
2026-03-12 19:28:09.000000000,30.309109
2026-03-12 19:16:52.000000000,32.55236
2026-03-12 19:42:22.000000000,20.405634
2026-03-12 19:49:25.000000000,35.866764
2026-03-12 19:58:28.000000000,7.5687895
2026-03-12 19:03:27.000000000,27.638113
2026-03-12 19:14:48.000000000,34.508892
2026-03-12 19:12:00.000000000,25.269463
2026-03-12 19:10:53.000000000,25.670174
2026-03-12 19:47:07.000000000,37.306717
2026-03-12 19:05:03.000000000,12.344882
2026-03-12 19:57:21.000000000,11.7750225
2026-03-12 19:29:16.000000000,22.58498
2026-03-12 19:42:16.000000000,27.257332
2026-03-12 19:36:28.000000000,14.166746
2026-03-12 19:52:21.000000000,12.436722
2026-03-12 19:23:49.000000000,19.901016
2026-03-12 19:18:29.000000000,9.723693
2026-03-12 19:44:07.000000000,15.129121
2026-03-12 19:00:18.000000000,63.076485
2026-03-12 19:25:58.000000000,8.032651
2026-03-12 19:39:02.000000000,132.12347
2026-03-12 19:41:40.000000000,74.59985
2026-03-12 19:58:47.000000000,60.363663
2026-03-12 19:17:43.000000000,13.648858
2026-03-12 19:39:24.000000000,17.827587
2026-03-12 19:15:02.000000000,37.915703
2026-03-12 20:10:26.000000000,14.25084
2026-03-12 20:09:28.000000000,29.309568
2026-03-12 20:15:24.000000000,7.5687895
2026-03-12 20:43:12.000000000,20.276236
2026-03-12 20:28:10.000000000,34.993774
2026-03-12 20:48:45.000000000,54.39294
2026-03-12 20:39:25.000000000,17.672062
2026-03-12 20:30:16.000000000,9.231794
2026-03-12 20:55:45.000000000,10.082116
2026-03-12 20:53:26.000000000,9.456553
2026-03-12 20:32:35.000000000,8.071252
2026-03-12 20:36:23.000000000,52.861935
2026-03-12 20:06:21.000000000,15.972605
2026-03-12 20:35:14.000000000,66.78411
2026-03-12 20:44:40.000000000,42.99398
2026-03-12 20:05:12.000000000,42.049057
2026-03-12 20:45:38.000000000,69.74053
2026-03-12 20:47:31.000000000,23.6942
2026-03-12 20:31:41.000000000,10.780176
2026-03-12 20:24:10.000000000,27.404846
2026-03-12 21:56:06.000000000,17.304174
2026-03-12 21:32:23.000000000,11.7750225
2026-03-12 21:48:55.000000000,33.587788
2026-03-12 21:51:55.000000000,36.00918
2026-03-12 21:24:48.000000000,8.860101
2026-03-12 21:58:13.000000000,15.036887
2026-03-12 21:55:22.000000000,13.370779
2026-03-12 21:17:55.000000000,9.938096
2026-03-12 21:34:17.000000000,23.511703
2026-03-12 21:39:54.000000000,6.825197
2026-03-12 21:12:30.000000000,23.610352
2026-03-12 21:33:00.000000000,31.126787
2026-03-12 21:14:38.000000000,17.23629
2026-03-12 21:50:46.000000000,9.938096
2026-03-12 21:58:41.000000000,12.600341
2026-03-12 21:05:30.000000000,132.12328
2026-03-12 21:56:50.000000000,15.108567
2026-03-12 21:34:03.000000000,9.8510475
2026-03-12 21:19:25.000000000,57.247414
2026-03-12 22:54:30.000000000,44.097786
2026-03-12 22:09:46.000000000,12.711514
2026-03-12 22:52:57.000000000,14.055912
2026-03-12 22:56:56.000000000,39.567905
2026-03-12 22:56:36.000000000,9.752941
2026-03-12 22:35:55.000000000,42.3419
2026-03-12 22:14:09.000000000,8.246051
2026-03-12 22:22:35.000000000,46.806713
2026-03-12 22:07:06.000000000,45.66804
2026-03-12 22:23:01.000000000,17.653152
2026-03-12 22:21:02.000000000,134.52145
2026-03-12 22:05:40.000000000,66.71761
2026-03-12 22:06:13.000000000,112.35866
2026-03-12 22:18:23.000000000,9.891856
2026-03-12 22:53:59.000000000,21.611103
2026-03-12 22:36:04.000000000,21.350126
2026-03-12 22:35:18.000000000,19.50215
2026-03-12 22:37:51.000000000,17.66156
2026-03-12 22:13:33.000000000,53.604137
2026-03-12 22:44:14.000000000,20.422688
2026-03-12 22:50:56.000000000,15.064684
2026-03-12 23:44:18.000000000,21.513365
2026-03-12 23:34:50.000000000,69.802124
2026-03-12 23:24:04.000000000,12.851217
2026-03-12 23:58:34.000000000,35.329742
2026-03-12 23:42:34.000000000,17.752407
2026-03-12 23:02:25.000000000,31.328121
2026-03-12 23:04:55.000000000,6.5198574
2026-03-12 23:49:19.000000000,23.25986
2026-03-12 23:28:39.000000000,19.580183
2026-03-13 00:22:07.000000000,62.27258
2026-03-13 00:17:10.000000000,22.648136
2026-03-13 00:54:46.000000000,10.078152
2026-03-13 00:16:50.000000000,12.4801655
2026-03-13 00:42:42.000000000,18.563599
2026-03-13 00:51:56.000000000,12.391303
2026-03-13 00:22:20.000000000,10.883992
2026-03-13 00:38:17.000000000,8.389743
2026-03-13 00:23:49.000000000,75.5342
2026-03-13 00:22:25.000000000,35.89388
2026-03-13 00:41:21.000000000,6.0821066
2026-03-13 01:16:13.000000000,14.239748
2026-03-13 01:08:17.000000000,29.197594
2026-03-13 01:49:09.000000000,12.436997
2026-03-13 01:39:56.000000000,7.12754
2026-03-13 01:34:41.000000000,38.848507
2026-03-13 01:28:00.000000000,18.98502
2026-03-13 02:42:12.000000000,41.210365
2026-03-13 02:16:35.000000000,78.59316
2026-03-13 02:14:24.000000000,38.22063
2026-03-13 03:37:36.000000000,12.096829
2026-03-13 03:43:12.000000000,17.993797
2026-03-13 04:10:07.000000000,30.457592
2026-03-13 04:39:20.000000000,48.018635
2026-03-13 04:19:14.000000000,17.456799
2026-03-13 04:28:50.000000000,49.686752
2026-03-13 04:16:59.000000000,42.06902
2026-03-13 04:43:18.000000000,93.14225
2026-03-13 04:14:25.000000000,10.065596
2026-03-13 05:34:10.000000000,112.848274
2026-03-13 05:17:50.000000000,12.485748
2026-03-13 05:19:57.000000000,55.4543
2026-03-13 05:40:55.000000000,12.843762
2026-03-13 05:32:09.000000000,44.857697
2026-03-13 06:03:50.000000000,17.554617
2026-03-13 06:46:55.000000000,9.18503
2026-03-13 06:03:01.000000000,20.364424
2026-03-13 06:50:56.000000000,74.95253
2026-03-13 06:47:25.000000000,12.316419
2026-03-13 07:56:30.000000000,36.74073
2026-03-13 07:04:04.000000000,20.486849
2026-03-13 07:39:58.000000000,12.580031
2026-03-13 07:31:30.000000000,32.01829
2026-03-13 07:42:03.000000000,33.949192
2026-03-13 07:29:13.000000000,17.611748
2026-03-13 07:15:38.000000000,27.573154
2026-03-13 07:55:02.000000000,12.11092
2026-03-13 07:01:16.000000000,96.380165
2026-03-13 07:54:32.000000000,8.830618
2026-03-13 07:13:45.000000000,21.491966
2026-03-13 07:07:07.000000000,11.477113
2026-03-13 07:00:03.000000000,18.884853
2026-03-13 07:06:43.000000000,19.662907
2026-03-13 07:25:05.000000000,11.915819
2026-03-13 07:35:25.000000000,53.721455
2026-03-13 08:11:50.000000000,29.571474
2026-03-13 08:12:28.000000000,20.434582
2026-03-13 08:35:07.000000000,26.95979
2026-03-13 08:02:46.000000000,75.222534
2026-03-13 08:44:24.000000000,58.57161
2026-03-13 08:41:05.000000000,14.069937
2026-03-13 08:03:37.000000000,17.415916
2026-03-13 08:25:33.000000000,17.885094
2026-03-13 08:18:27.000000000,9.711211
2026-03-13 08:33:53.000000000,19.41787
2026-03-13 08:28:36.000000000,16.918055
2026-03-13 08:47:03.000000000,16.815676
2026-03-13 08:51:00.000000000,85.432846
2026-03-13 08:00:35.000000000,41.316418
2026-03-13 08:20:38.000000000,9.134949
2026-03-13 08:16:57.000000000,8.9734
2026-03-13 08:32:00.000000000,23.506123
2026-03-13 08:52:38.000000000,36.17181
2026-03-13 08:00:57.000000000,15.647292
2026-03-13 08:32:34.000000000,54.166553
2026-03-13 08:26:29.000000000,18.515707
2026-03-13 08:25:43.000000000,83.439735
2026-03-13 08:03:48.000000000,34.1337
2026-03-13 09:46:49.000000000,23.583918
2026-03-13 09:33:31.000000000,8.675925
2026-03-13 09:16:49.000000000,14.203496
2026-03-13 09:00:34.000000000,7.1638145
2026-03-13 09:01:13.000000000,52.088234
2026-03-13 09:54:33.000000000,14.895138
2026-03-13 09:55:19.000000000,23.194422
2026-03-13 09:41:33.000000000,8.92732
2026-03-13 09:08:34.000000000,38.118465
2026-03-13 09:27:51.000000000,19.217897
2026-03-13 09:10:54.000000000,17.258776
2026-03-13 09:06:29.000000000,11.684766
2026-03-13 09:47:27.000000000,27.329876
2026-03-13 10:53:00.000000000,36.923805
2026-03-13 10:17:32.000000000,32.91942
2026-03-13 10:26:52.000000000,8.608184
2026-03-13 10:42:17.000000000,7.3765826
2026-03-13 10:56:31.000000000,9.000609
2026-03-13 10:56:12.000000000,16.209772
2026-03-13 10:25:53.000000000,11.584129
2026-03-13 10:54:06.000000000,6.9113607
2026-03-13 10:40:58.000000000,10.455036
2026-03-13 10:18:33.000000000,8.8943
2026-03-13 11:44:09.000000000,16.137222
2026-03-13 11:58:57.000000000,8.719918
2026-03-13 11:41:21.000000000,26.516125
2026-03-13 11:07:41.000000000,37.060642
2026-03-13 11:35:26.000000000,63.082413
2026-03-13 11:37:53.000000000,33.730194
2026-03-13 11:41:00.000000000,13.335109
2026-03-13 11:28:28.000000000,20.830393
2026-03-13 11:16:11.000000000,9.98419
2026-03-13 11:10:18.000000000,11.648366
2026-03-13 11:46:03.000000000,15.347631
2026-03-13 11:08:35.000000000,15.848398
2026-03-13 11:50:26.000000000,24.447245
2026-03-13 12:21:14.000000000,68.46095
2026-03-13 12:37:22.000000000,13.3429165
2026-03-13 12:01:41.000000000,25.364342
2026-03-13 12:20:17.000000000,108.64672
2026-03-13 12:16:03.000000000,13.249625
2026-03-13 12:17:40.000000000,6.2488
2026-03-13 12:48:23.000000000,9.63545
2026-03-13 12:10:15.000000000,15.041756
2026-03-13 13:00:07.000000000,26.954655
2026-03-13 13:32:19.000000000,11.285878
2026-03-13 13:46:25.000000000,7.6760674
2026-03-13 13:31:51.000000000,16.787678
2026-03-13 13:08:24.000000000,20.506422
2026-03-13 13:02:56.000000000,17.956873
2026-03-13 13:07:08.000000000,6.1925774
2026-03-13 13:05:03.000000000,33.935413
2026-03-13 13:29:25.000000000,23.295935
2026-03-13 13:24:52.000000000,31.522135
2026-03-13 13:01:59.000000000,21.459618
2026-03-13 14:11:27.000000000,20.565744
2026-03-13 14:37:42.000000000,28.942928
2026-03-13 14:07:15.000000000,46.72634
2026-03-13 14:58:57.000000000,14.82667
2026-03-13 14:15:56.000000000,6.444052
2026-03-13 14:08:38.000000000,6.668413
2026-03-13 14:37:22.000000000,17.951612
2026-03-13 14:01:22.000000000,20.483023
2026-03-13 14:51:44.000000000,78.12742
2026-03-13 14:57:16.000000000,12.388887
2026-03-13 14:33:11.000000000,19.442495
2026-03-13 14:15:50.000000000,8.317753
2026-03-13 14:59:29.000000000,214.44218
2026-03-13 14:10:42.000000000,49.15882
2026-03-13 14:23:34.000000000,5.9258924
2026-03-13 14:16:51.000000000,12.503079
2026-03-13 14:42:49.000000000,28.40277
2026-03-13 14:02:43.000000000,8.786719
2026-03-13 15:20:01.000000000,11.219839
2026-03-13 15:21:23.000000000,6.3204236
2026-03-13 15:05:29.000000000,22.95615
2026-03-13 15:46:32.000000000,10.572665
2026-03-13 15:25:21.000000000,47.399895
2026-03-13 15:20:08.000000000,30.929958
2026-03-13 15:12:16.000000000,36.18815
2026-03-13 15:04:38.000000000,15.478443
2026-03-13 15:30:08.000000000,18.715456
2026-03-13 15:13:07.000000000,9.437172
2026-03-13 15:19:54.000000000,17.117039
2026-03-13 15:18:28.000000000,28.50409
2026-03-13 15:15:07.000000000,20.341593
2026-03-13 15:54:15.000000000,18.0717
2026-03-13 15:17:10.000000000,16.375774
2026-03-13 15:42:22.000000000,39.78817
2026-03-13 15:49:19.000000000,142.55728
2026-03-13 15:44:43.000000000,15.192526
2026-03-13 15:43:20.000000000,20.198734
2026-03-13 15:00:45.000000000,192.21725
2026-03-13 15:10:22.000000000,48.500893
2026-03-13 15:54:11.000000000,22.716753
2026-03-13 15:38:17.000000000,9.919116
2026-03-13 16:38:18.000000000,26.55925
2026-03-13 16:53:15.000000000,30.007221
2026-03-13 16:22:14.000000000,18.836643
2026-03-13 16:55:10.000000000,16.798746
2026-03-13 16:38:37.000000000,203.88315
2026-03-13 16:19:03.000000000,14.423878
2026-03-13 16:11:04.000000000,32.17313
2026-03-13 16:09:39.000000000,9.673958
2026-03-13 16:27:53.000000000,11.61522
2026-03-13 16:30:29.000000000,51.253967
2026-03-13 16:38:54.000000000,7.8254757
2026-03-13 16:37:12.000000000,138.1228
2026-03-13 16:03:40.000000000,14.741879
2026-03-13 16:38:09.000000000,22.269224
2026-03-13 16:47:39.000000000,9.979732
2026-03-13 16:01:48.000000000,32.983753
2026-03-13 17:40:03.000000000,17.9043
2026-03-13 17:58:18.000000000,13.883991
2026-03-13 17:04:52.000000000,131.14792
2026-03-13 17:25:26.000000000,43.16748
2026-03-13 17:47:33.000000000,11.133901
2026-03-13 17:40:17.000000000,32.71951
2026-03-13 17:31:57.000000000,9.750448
2026-03-13 17:30:02.000000000,29.367638
2026-03-13 17:55:50.000000000,25.846397
2026-03-13 17:13:59.000000000,16.827757
2026-03-13 17:18:25.000000000,8.539201
2026-03-13 17:37:15.000000000,14.057377
2026-03-13 17:12:37.000000000,14.468268
2026-03-13 17:05:40.000000000,7.939418
2026-03-13 17:40:20.000000000,15.102315
2026-03-13 17:15:02.000000000,11.860499
2026-03-13 17:17:28.000000000,21.228495
2026-03-13 17:59:42.000000000,40.66882
2026-03-13 17:33:51.000000000,48.949688
2026-03-13 17:03:47.000000000,10.164431
2026-03-13 17:03:18.000000000,15.025445
2026-03-13 17:07:01.000000000,23.395515
2026-03-13 17:17:59.000000000,46.929123
2026-03-13 17:22:42.000000000,11.792348
2026-03-13 17:49:03.000000000,8.129402
2026-03-13 17:20:15.000000000,26.628325
2026-03-13 18:03:21.000000000,11.583682
2026-03-13 18:41:34.000000000,14.83676
2026-03-13 18:10:51.000000000,29.755035
2026-03-13 18:05:18.000000000,7.9761286
2026-03-13 18:39:30.000000000,50.72972
2026-03-13 18:01:03.000000000,10.293621
2026-03-13 18:22:29.000000000,67.45348
2026-03-13 18:27:08.000000000,14.510007
2026-03-13 18:55:14.000000000,8.014143
2026-03-13 18:28:57.000000000,29.046713
2026-03-13 18:11:24.000000000,13.642113
2026-03-13 18:24:26.000000000,36.783657
2026-03-13 18:38:39.000000000,10.385084
2026-03-13 18:24:54.000000000,44.49545
2026-03-13 18:04:07.000000000,30.149412
2026-03-13 18:59:19.000000000,29.968454
2026-03-13 18:19:58.000000000,20.92815
2026-03-13 18:08:19.000000000,8.930858
2026-03-13 19:32:21.000000000,21.636358
2026-03-13 19:12:00.000000000,6.3587117
2026-03-13 19:13:04.000000000,78.38914
2026-03-13 19:24:18.000000000,69.6175
2026-03-13 19:02:56.000000000,37.525238
2026-03-13 19:56:02.000000000,6.922232
2026-03-13 19:15:18.000000000,27.955204
2026-03-13 19:07:56.000000000,16.02497
2026-03-13 19:46:53.000000000,8.3027935
2026-03-13 19:58:44.000000000,6.155482
2026-03-13 19:32:17.000000000,38.9396
2026-03-13 19:00:09.000000000,21.217121
2026-03-13 19:32:46.000000000,42.375984
2026-03-13 19:30:42.000000000,50.152367
2026-03-13 19:33:05.000000000,31.647114
2026-03-13 19:18:35.000000000,32.96811
2026-03-13 19:56:18.000000000,46.943844
2026-03-13 19:00:20.000000000,27.986244
2026-03-13 20:59:10.000000000,6.9358797
2026-03-13 20:11:55.000000000,11.544075
2026-03-13 20:39:29.000000000,38.288982
2026-03-13 20:54:22.000000000,14.529405
2026-03-13 20:56:08.000000000,9.297066
2026-03-13 20:30:07.000000000,38.4
2026-03-13 20:30:01.000000000,10.390144
2026-03-13 20:45:04.000000000,39.311043
2026-03-13 20:17:10.000000000,17.912153
2026-03-13 20:25:09.000000000,14.463399
2026-03-13 20:43:14.000000000,28.55468
2026-03-13 20:34:51.000000000,31.25896
2026-03-13 20:02:06.000000000,25.155743
2026-03-13 20:32:18.000000000,9.579348
2026-03-13 20:22:14.000000000,24.320383
2026-03-13 20:19:50.000000000,9.108331
2026-03-13 20:23:39.000000000,31.453512
2026-03-13 20:24:50.000000000,11.962319
2026-03-13 20:06:12.000000000,9.280069
2026-03-13 20:26:54.000000000,19.370121
2026-03-13 20:08:36.000000000,14.967051
2026-03-13 20:30:37.000000000,25.759935
2026-03-13 20:02:05.000000000,7.368779
2026-03-13 20:25:31.000000000,19.551908
2026-03-13 20:58:36.000000000,10.252013
2026-03-13 20:21:01.000000000,7.6236534
2026-03-13 20:12:03.000000000,24.485222
2026-03-13 21:45:42.000000000,11.65879
2026-03-13 21:46:48.000000000,25.037077
2026-03-13 21:03:05.000000000,52.28558
2026-03-13 21:41:00.000000000,11.167628
2026-03-13 21:58:11.000000000,35.33446
2026-03-13 21:19:35.000000000,8.110236
2026-03-13 21:05:47.000000000,37.859238
2026-03-13 21:37:54.000000000,26.574402
2026-03-13 21:07:40.000000000,44.692505
2026-03-13 21:12:42.000000000,26.758383
2026-03-13 21:40:16.000000000,7.553523
2026-03-13 21:48:37.000000000,38.714622
2026-03-13 21:07:23.000000000,17.791805
2026-03-13 21:31:41.000000000,10.799989
2026-03-13 21:43:58.000000000,17.12683
2026-03-13 21:58:14.000000000,8.258333
2026-03-13 21:13:30.000000000,20.343271
2026-03-13 21:38:47.000000000,10.174375
2026-03-13 21:07:20.000000000,115.36295
2026-03-13 21:23:48.000000000,10.717825
2026-03-13 21:41:37.000000000,8.980982
2026-03-13 21:19:02.000000000,9.860005
2026-03-13 22:23:00.000000000,23.627075
2026-03-13 22:31:30.000000000,30.495531
2026-03-13 22:08:37.000000000,72.925545
2026-03-13 22:35:36.000000000,18.524584
2026-03-13 22:38:07.000000000,31.220547
2026-03-13 22:55:42.000000000,23.5065
2026-03-13 22:07:14.000000000,12.634557
2026-03-13 22:57:06.000000000,16.905724
2026-03-13 22:17:15.000000000,10.13624
2026-03-13 22:23:02.000000000,10.729563
2026-03-13 22:44:41.000000000,11.222535
2026-03-13 22:01:02.000000000,10.866991
2026-03-13 22:48:12.000000000,10.890931
2026-03-13 22:58:12.000000000,13.467877
2026-03-13 22:04:47.000000000,46.17998
2026-03-13 22:45:50.000000000,52.419746
2026-03-13 22:43:45.000000000,29.21997
2026-03-13 22:41:27.000000000,34.125145
2026-03-13 22:28:44.000000000,28.149904
2026-03-13 22:22:04.000000000,9.060385
2026-03-13 22:36:50.000000000,11.337412
2026-03-13 22:55:21.000000000,15.116893
2026-03-13 22:20:28.000000000,41.28367
2026-03-13 22:26:43.000000000,47.962418
2026-03-13 22:54:06.000000000,38.73284
2026-03-13 23:32:01.000000000,19.07951
2026-03-13 23:34:38.000000000,20.405352
2026-03-13 23:21:29.000000000,10.364089
2026-03-13 23:00:17.000000000,13.408946
2026-03-13 23:44:20.000000000,8.485
2026-03-13 23:02:56.000000000,19.72735
2026-03-13 23:45:28.000000000,12.951966
2026-03-13 23:34:22.000000000,25.08345
2026-03-13 23:53:59.000000000,21.170986
2026-03-13 23:07:08.000000000,39.207043
2026-03-13 23:45:50.000000000,19.483751
2026-03-13 23:09:40.000000000,10.459411
2026-03-13 23:40:01.000000000,8.336998
2026-03-14 00:18:31.000000000,20.122091
2026-03-14 00:35:55.000000000,42.07207
2026-03-14 00:21:17.000000000,20.655169
2026-03-14 00:25:54.000000000,24.165804
2026-03-14 00:58:52.000000000,8.344678
2026-03-14 00:45:38.000000000,9.998506
2026-03-14 00:09:17.000000000,9.690395
2026-03-14 00:20:40.000000000,14.016766
2026-03-14 00:50:37.000000000,13.301712
2026-03-14 00:21:17.000000000,60.59862
2026-03-14 00:23:29.000000000,47.311222
2026-03-14 00:25:19.000000000,26.11307
2026-03-14 00:15:30.000000000,15.231226
2026-03-14 00:13:49.000000000,83.3848
2026-03-14 00:42:31.000000000,42.13834
2026-03-14 00:07:07.000000000,19.529488
2026-03-14 00:54:57.000000000,21.562391
2026-03-14 00:43:25.000000000,10.727876
2026-03-14 00:36:33.000000000,38.629757
2026-03-14 00:25:59.000000000,18.55898
2026-03-14 00:02:34.000000000,14.083164
2026-03-14 00:49:22.000000000,19.388206
2026-03-14 01:27:15.000000000,29.090015
2026-03-14 01:41:55.000000000,21.748596
2026-03-14 01:38:33.000000000,16.11134
2026-03-14 01:06:49.000000000,13.892744
2026-03-14 01:11:49.000000000,18.154078
2026-03-14 01:40:57.000000000,15.615165
2026-03-14 01:34:13.000000000,42.361984
2026-03-14 01:04:27.000000000,23.011251
2026-03-14 01:01:31.000000000,20.33546
2026-03-14 01:19:24.000000000,37.323692
2026-03-14 01:20:41.000000000,15.018505
2026-03-14 01:16:14.000000000,21.747782
2026-03-14 01:32:28.000000000,22.33431
2026-03-14 01:33:41.000000000,18.316334
2026-03-14 01:08:05.000000000,17.984074
2026-03-14 01:38:47.000000000,27.052227
2026-03-14 01:22:45.000000000,29.195528
2026-03-14 01:48:16.000000000,28.788858
2026-03-14 02:23:22.000000000,14.285883
2026-03-14 02:12:04.000000000,12.3307705
2026-03-14 02:34:12.000000000,22.88912
2026-03-14 02:32:32.000000000,46.991966
2026-03-14 02:50:02.000000000,11.404113
2026-03-14 02:05:53.000000000,14.688892
2026-03-14 02:26:30.000000000,25.757002
2026-03-14 02:25:18.000000000,18.11806
2026-03-14 03:25:27.000000000,10.779909
2026-03-14 03:10:24.000000000,31.534838
2026-03-14 03:36:10.000000000,10.680255
2026-03-14 03:38:44.000000000,28.496511
2026-03-14 03:14:14.000000000,19.570915
2026-03-14 03:51:23.000000000,26.1578
2026-03-14 03:36:19.000000000,21.38229
2026-03-14 03:44:48.000000000,14.336557
2026-03-14 03:09:27.000000000,17.31848
2026-03-14 03:11:14.000000000,8.435133
2026-03-14 03:44:48.000000000,32.754864
2026-03-14 03:13:08.000000000,12.539823
2026-03-14 03:23:29.000000000,16.902006
2026-03-14 03:46:00.000000000,18.401184
2026-03-14 04:51:03.000000000,156.98016
2026-03-14 04:04:44.000000000,15.248991
2026-03-14 04:37:18.000000000,11.694023
2026-03-14 04:24:42.000000000,93.5162
2026-03-14 04:01:38.000000000,76.224266
2026-03-14 05:51:08.000000000,37.075592
2026-03-14 05:20:23.000000000,19.890902
2026-03-14 05:08:10.000000000,9.182146
2026-03-14 05:33:59.000000000,30.154516
2026-03-14 05:10:23.000000000,9.097037
2026-03-14 05:56:49.000000000,114.24118
2026-03-14 05:40:03.000000000,11.761889
2026-03-14 06:49:45.000000000,10.457489
2026-03-14 06:01:56.000000000,18.483515
2026-03-14 06:07:17.000000000,18.607544
2026-03-14 06:13:45.000000000,6.2806582
2026-03-14 06:14:43.000000000,32.165478
2026-03-14 07:11:57.000000000,20.439213
2026-03-14 07:32:23.000000000,40.939518
2026-03-14 07:52:27.000000000,20.656868
2026-03-14 07:20:15.000000000,39.468292
2026-03-14 07:25:54.000000000,9.444543
2026-03-14 07:23:02.000000000,52.141365
2026-03-14 07:31:20.000000000,17.91894
2026-03-14 07:49:29.000000000,22.662971
2026-03-14 07:59:32.000000000,44.255684
2026-03-14 07:35:27.000000000,22.158247
2026-03-14 07:16:21.000000000,66.3534
2026-03-14 07:17:31.000000000,43.35571
2026-03-14 07:12:24.000000000,14.178126
2026-03-14 08:26:16.000000000,11.026124
2026-03-14 08:32:35.000000000,13.446354
2026-03-14 08:46:18.000000000,15.552069
2026-03-14 08:23:29.000000000,12.539823
2026-03-14 08:56:14.000000000,6.818658
2026-03-14 08:33:49.000000000,53.461433
2026-03-14 08:51:33.000000000,23.494734
2026-03-14 08:58:53.000000000,6.980558
2026-03-14 08:11:07.000000000,19.17519
2026-03-14 08:21:29.000000000,17.015722
2026-03-14 08:35:59.000000000,15.194172
2026-03-14 08:34:26.000000000,20.7097
2026-03-14 08:40:27.000000000,20.328857
2026-03-14 09:41:26.000000000,34.06551
2026-03-14 09:53:28.000000000,9.836226
2026-03-14 09:51:08.000000000,19.09646
2026-03-14 09:21:27.000000000,12.23311
2026-03-14 09:50:16.000000000,16.823915
2026-03-14 09:49:46.000000000,37.56969
2026-03-14 09:36:48.000000000,27.49761
2026-03-14 09:40:11.000000000,25.145466
2026-03-14 09:27:07.000000000,15.267241
2026-03-14 09:00:03.000000000,8.070388
2026-03-14 09:35:57.000000000,54.383816
2026-03-14 09:29:06.000000000,25.524094
2026-03-14 09:26:43.000000000,21.609087
2026-03-14 09:45:16.000000000,21.789244
2026-03-14 09:39:34.000000000,29.898277
2026-03-14 09:43:21.000000000,13.599838
2026-03-14 09:12:29.000000000,12.786358
2026-03-14 09:11:45.000000000,14.067318
2026-03-14 09:13:13.000000000,10.900381
2026-03-14 10:47:09.000000000,7.770522
2026-03-14 10:01:45.000000000,11.568177
2026-03-14 10:12:22.000000000,6.5547466
2026-03-14 10:17:12.000000000,14.139692
2026-03-14 10:42:38.000000000,9.160246
2026-03-14 10:54:53.000000000,17.754982
2026-03-14 10:23:06.000000000,34.93646
2026-03-14 10:08:26.000000000,14.855668
2026-03-14 10:18:53.000000000,67.3122
2026-03-14 10:24:56.000000000,8.407231
2026-03-14 10:20:49.000000000,8.477791
2026-03-14 11:19:28.000000000,8.987756
2026-03-14 11:31:35.000000000,55.598213
2026-03-14 11:46:27.000000000,32.775635
2026-03-14 11:33:23.000000000,10.4501
2026-03-14 11:42:46.000000000,21.573742
2026-03-14 11:49:51.000000000,15.255231
2026-03-14 11:47:55.000000000,18.05716
2026-03-14 11:33:29.000000000,8.10805
2026-03-14 11:48:50.000000000,16.02883
2026-03-14 11:55:52.000000000,17.34148
2026-03-14 12:28:24.000000000,14.450675
2026-03-14 12:16:04.000000000,14.142701
2026-03-14 12:33:04.000000000,17.258776
2026-03-14 12:06:57.000000000,35.330875
2026-03-14 12:27:36.000000000,14.214078
2026-03-14 12:00:54.000000000,30.778807
2026-03-14 12:32:03.000000000,22.582098
2026-03-14 12:38:24.000000000,23.62814
2026-03-14 12:44:57.000000000,13.079398
2026-03-14 12:31:45.000000000,46.380993
2026-03-14 12:37:45.000000000,19.336245
2026-03-14 12:55:08.000000000,7.430356
2026-03-14 12:56:30.000000000,59.034485
2026-03-14 12:21:29.000000000,12.686178
2026-03-14 13:03:49.000000000,6.8984103
2026-03-14 13:20:10.000000000,23.194462
2026-03-14 13:23:09.000000000,11.816787
2026-03-14 13:38:40.000000000,8.122414
2026-03-14 13:58:11.000000000,56.992596
2026-03-14 13:28:38.000000000,8.2901745
2026-03-14 13:50:02.000000000,39.838783
2026-03-14 13:52:53.000000000,14.091523
2026-03-14 13:03:49.000000000,25.566029
2026-03-14 13:57:15.000000000,26.561937
2026-03-14 13:36:51.000000000,25.831991
2026-03-14 13:34:30.000000000,19.806059
2026-03-14 13:17:10.000000000,12.986699
2026-03-14 13:05:26.000000000,104.53043
2026-03-14 13:33:22.000000000,16.046024
2026-03-14 13:30:59.000000000,48.0861
2026-03-14 13:23:38.000000000,11.08109
2026-03-14 13:52:07.000000000,63.233467
2026-03-14 13:10:55.000000000,17.92151
2026-03-14 13:38:35.000000000,49.28443
2026-03-14 13:47:22.000000000,61.630493
2026-03-14 13:00:37.000000000,9.658968
2026-03-14 13:58:07.000000000,141.77736
2026-03-14 13:21:05.000000000,11.928331
2026-03-14 13:11:44.000000000,17.008736
2026-03-14 13:17:12.000000000,41.718857
2026-03-14 13:18:12.000000000,12.505467
2026-03-14 14:25:17.000000000,22.322247
2026-03-14 14:24:28.000000000,32.587708
2026-03-14 14:43:13.000000000,21.572876
2026-03-14 14:37:42.000000000,17.21998
2026-03-14 14:42:23.000000000,67.3091
2026-03-14 14:36:50.000000000,27.796413
2026-03-14 14:08:09.000000000,9.408854
2026-03-14 14:34:42.000000000,49.624123
2026-03-14 14:48:56.000000000,26.11878
2026-03-14 14:45:05.000000000,36.832554
2026-03-14 14:45:56.000000000,26.638247
2026-03-14 14:17:41.000000000,25.092108
2026-03-14 14:59:33.000000000,29.03549
2026-03-14 14:42:10.000000000,8.264924
2026-03-14 14:18:33.000000000,9.402263
2026-03-14 14:35:02.000000000,59.07639
2026-03-14 14:28:59.000000000,13.383127
2026-03-14 14:53:26.000000000,12.81564
2026-03-14 14:26:53.000000000,13.732176
2026-03-14 14:55:21.000000000,18.610497
2026-03-14 14:24:31.000000000,10.817948
2026-03-14 15:12:43.000000000,41.459133
2026-03-14 15:22:52.000000000,8.699121
2026-03-14 15:34:38.000000000,6.873279
2026-03-14 15:40:25.000000000,22.867085
2026-03-14 15:57:25.000000000,11.805309
2026-03-14 15:06:27.000000000,15.184103
2026-03-14 15:19:27.000000000,54.96812
2026-03-14 15:40:21.000000000,13.579188
2026-03-14 15:51:18.000000000,9.921318
2026-03-14 15:19:34.000000000,16.038992
2026-03-14 15:21:18.000000000,18.596945
2026-03-14 15:28:04.000000000,34.043373
2026-03-14 15:05:48.000000000,15.158786
2026-03-14 15:03:32.000000000,16.185286
2026-03-14 15:56:59.000000000,27.862759
2026-03-14 15:28:00.000000000,32.35687
2026-03-14 15:39:59.000000000,8.194217
2026-03-14 16:47:03.000000000,12.859402
2026-03-14 16:30:20.000000000,10.977284
2026-03-14 16:10:35.000000000,19.957687
2026-03-14 16:05:11.000000000,11.446515
2026-03-14 16:52:12.000000000,29.235014
2026-03-14 16:50:20.000000000,23.155437
2026-03-14 16:26:15.000000000,26.411272
2026-03-14 16:33:37.000000000,10.997645
2026-03-14 16:38:29.000000000,26.456053
2026-03-14 16:41:41.000000000,14.169231
2026-03-14 16:01:37.000000000,26.351461
2026-03-14 16:04:08.000000000,15.158786
2026-03-14 16:02:59.000000000,28.18231
2026-03-14 16:26:11.000000000,15.795241
2026-03-14 16:22:16.000000000,9.985036
2026-03-14 16:22:09.000000000,25.514063
2026-03-14 16:13:32.000000000,26.497557
2026-03-14 17:14:22.000000000,39.941402
2026-03-14 17:16:57.000000000,8.862308
2026-03-14 17:30:33.000000000,11.817737
2026-03-14 17:43:04.000000000,6.997243
2026-03-14 17:15:06.000000000,24.438503
2026-03-14 17:32:09.000000000,12.851217
2026-03-14 17:11:58.000000000,66.12943
2026-03-14 17:07:51.000000000,18.55889
2026-03-14 17:24:13.000000000,51.45956
2026-03-14 17:39:44.000000000,17.753197
2026-03-14 17:38:22.000000000,15.984705
2026-03-14 17:38:29.000000000,39.90952
2026-03-14 17:35:12.000000000,11.448068
2026-03-14 17:03:20.000000000,26.044641
2026-03-14 17:04:13.000000000,6.2223845
2026-03-14 17:01:42.000000000,20.556992
2026-03-14 17:10:59.000000000,17.870958
2026-03-14 18:58:42.000000000,17.271832
2026-03-14 18:18:22.000000000,23.7053
2026-03-14 18:07:11.000000000,16.707243
2026-03-14 18:34:50.000000000,39.78398
2026-03-14 18:50:35.000000000,19.534851
2026-03-14 18:37:37.000000000,11.710345
2026-03-14 18:25:49.000000000,12.558239
2026-03-14 18:58:53.000000000,61.51275
2026-03-14 18:07:31.000000000,37.844025
2026-03-14 18:43:03.000000000,11.026388
2026-03-14 18:07:19.000000000,26.8792
2026-03-14 19:36:57.000000000,45.76024
2026-03-14 19:31:36.000000000,7.0105376
2026-03-14 19:38:29.000000000,23.014648
2026-03-14 19:23:16.000000000,15.88891
2026-03-14 19:47:37.000000000,24.192003
2026-03-14 19:32:14.000000000,18.82352
2026-03-14 19:07:39.000000000,48.89668
2026-03-14 19:57:37.000000000,13.302916
2026-03-14 19:13:19.000000000,24.000212
2026-03-14 19:07:37.000000000,60.348248
2026-03-14 19:51:52.000000000,9.059974
2026-03-14 19:15:25.000000000,43.36634
2026-03-14 19:38:37.000000000,37.57648
2026-03-14 19:46:38.000000000,18.795807
2026-03-14 19:52:55.000000000,23.348389
2026-03-14 19:31:30.000000000,31.4634
2026-03-14 19:22:08.000000000,8.837446
2026-03-14 20:17:07.000000000,19.781742
2026-03-14 20:48:16.000000000,9.858958
2026-03-14 20:29:42.000000000,9.354548
2026-03-14 20:32:23.000000000,22.154802
2026-03-14 20:01:26.000000000,13.020848
2026-03-14 20:38:38.000000000,26.544043
2026-03-14 20:18:24.000000000,15.901975
2026-03-14 20:35:51.000000000,30.441328
2026-03-14 20:27:36.000000000,11.640139
2026-03-14 20:15:48.000000000,10.896768
2026-03-14 20:26:19.000000000,44.073
2026-03-14 20:05:32.000000000,35.4749
2026-03-14 20:07:14.000000000,32.93542
2026-03-14 20:14:40.000000000,36.840324
2026-03-14 20:44:52.000000000,12.579277
2026-03-14 20:59:13.000000000,23.608164
2026-03-14 20:35:29.000000000,15.201631
2026-03-14 20:14:45.000000000,13.666752
2026-03-14 20:31:26.000000000,11.864807
2026-03-14 20:50:30.000000000,21.04367
2026-03-14 20:36:36.000000000,7.535882
2026-03-14 20:56:34.000000000,43.753273
2026-03-14 20:19:08.000000000,36.40133
2026-03-14 20:52:03.000000000,25.841778
2026-03-14 21:02:32.000000000,14.212264
2026-03-14 21:51:47.000000000,35.277966
2026-03-14 21:37:38.000000000,24.621735
2026-03-14 21:52:01.000000000,44.018074
2026-03-14 21:03:03.000000000,12.970929
2026-03-14 21:21:23.000000000,6.02845
2026-03-14 21:09:18.000000000,30.664919
2026-03-14 21:58:22.000000000,30.507694
2026-03-14 21:26:12.000000000,11.721887
2026-03-14 21:56:29.000000000,55.713844
2026-03-14 21:46:57.000000000,9.722638
2026-03-14 21:32:09.000000000,23.794807
2026-03-14 21:29:20.000000000,10.461176
2026-03-14 21:49:32.000000000,26.917128
2026-03-14 21:23:04.000000000,51.84992
2026-03-14 21:42:35.000000000,28.020653
2026-03-14 21:23:42.000000000,29.564806
2026-03-14 21:18:38.000000000,18.02761
2026-03-14 21:18:19.000000000,12.77702
2026-03-14 21:08:51.000000000,19.093803
2026-03-14 22:57:58.000000000,6.0871406
2026-03-14 22:19:06.000000000,18.802528
2026-03-14 22:10:03.000000000,18.745436
2026-03-14 22:41:53.000000000,42.34428
2026-03-14 22:54:19.000000000,9.784703
2026-03-14 22:28:28.000000000,12.899396
2026-03-14 22:17:29.000000000,11.847723
2026-03-14 22:25:47.000000000,15.592042
2026-03-14 22:51:17.000000000,40.009056
2026-03-14 22:18:59.000000000,16.420986
2026-03-14 22:48:58.000000000,6.5128694
2026-03-14 22:27:00.000000000,18.684685
2026-03-14 22:26:30.000000000,16.3408
2026-03-14 22:41:09.000000000,45.826008
2026-03-14 22:31:56.000000000,26.443937
2026-03-14 22:27:42.000000000,29.624992
2026-03-14 22:38:35.000000000,7.948175
2026-03-14 22:54:01.000000000,59.032833
2026-03-14 22:04:10.000000000,52.438232
2026-03-14 23:34:40.000000000,13.608332
2026-03-14 23:22:43.000000000,19.614954
2026-03-14 23:03:26.000000000,101.3226
2026-03-14 23:01:29.000000000,114.49691
2026-03-14 23:35:45.000000000,22.482367
2026-03-14 23:37:45.000000000,19.20969
2026-03-14 23:39:27.000000000,132.92383
2026-03-14 23:08:29.000000000,20.712347
2026-03-14 23:31:22.000000000,22.527275
2026-03-14 23:30:17.000000000,60.679985
2026-03-14 23:37:02.000000000,10.676536
2026-03-14 23:06:44.000000000,23.149431
2026-03-14 23:21:34.000000000,9.1611
2026-03-14 23:00:21.000000000,14.387673
2026-03-14 23:03:13.000000000,6.3154354
2026-03-14 23:42:23.000000000,26.64965
2026-03-14 23:16:30.000000000,14.058693
2026-03-14 23:37:13.000000000,15.232576
2026-03-14 23:46:28.000000000,23.026955
2026-03-14 23:49:22.000000000,8.355629
2026-03-14 23:10:48.000000000,25.09179
2026-03-15 00:00:39.000000000,15.069089
2026-03-15 00:26:45.000000000,16.144672
2026-03-15 00:42:40.000000000,30.184761
2026-03-15 00:58:32.000000000,27.680868
2026-03-15 00:14:57.000000000,35.080116
2026-03-15 00:51:09.000000000,47.31507
2026-03-15 00:40:03.000000000,36.276
2026-03-15 00:22:57.000000000,19.070702
2026-03-15 00:51:13.000000000,11.721887
2026-03-15 00:11:17.000000000,38.583096
2026-03-15 00:34:31.000000000,7.399424
2026-03-15 00:45:45.000000000,40.051956
2026-03-15 00:40:14.000000000,23.873346
2026-03-15 00:28:10.000000000,11.6250515
2026-03-15 01:26:27.000000000,27.993492
2026-03-15 01:18:35.000000000,11.416327
2026-03-15 01:45:35.000000000,13.711369
2026-03-15 01:14:09.000000000,24.679487
2026-03-15 01:00:08.000000000,9.780163
2026-03-15 01:06:04.000000000,25.605892
2026-03-15 01:15:49.000000000,47.744568
2026-03-15 01:40:19.000000000,46.202347
2026-03-15 01:52:19.000000000,14.522802
2026-03-15 02:09:49.000000000,13.169134
2026-03-15 02:46:46.000000000,28.78442
2026-03-15 02:05:25.000000000,43.172256
2026-03-15 02:11:09.000000000,7.877025
2026-03-15 02:17:48.000000000,36.67813
2026-03-15 02:05:25.000000000,29.16369
2026-03-15 02:12:04.000000000,26.751293
2026-03-15 02:14:11.000000000,22.164932
2026-03-15 02:51:10.000000000,9.710527
2026-03-15 02:41:42.000000000,8.279915
2026-03-15 02:18:30.000000000,40.667393
2026-03-15 02:56:14.000000000,16.41976
2026-03-15 02:42:39.000000000,49.450596
2026-03-15 02:54:43.000000000,9.938096
2026-03-15 03:19:37.000000000,32.748627
2026-03-15 03:20:27.000000000,9.707658
2026-03-15 03:46:29.000000000,16.777893
2026-03-15 03:16:07.000000000,8.4285555
2026-03-15 03:14:45.000000000,9.794828
2026-03-15 03:23:32.000000000,24.816456
2026-03-15 03:01:41.000000000,15.881883
2026-03-15 04:37:21.000000000,45.09177
2026-03-15 04:19:25.000000000,36.780506
2026-03-15 05:11:00.000000000,70.75707
2026-03-15 05:15:55.000000000,50.450478
2026-03-15 06:04:49.000000000,26.773811
2026-03-15 06:53:08.000000000,122.50835
2026-03-15 06:28:38.000000000,37.03052
2026-03-15 06:21:47.000000000,24.58625
2026-03-15 06:11:52.000000000,10.508518
2026-03-15 06:32:17.000000000,83.63603
2026-03-15 06:42:53.000000000,26.236528
2026-03-15 06:39:00.000000000,31.48089
2026-03-15 06:32:58.000000000,13.3273325
2026-03-15 06:40:33.000000000,33.45282
2026-03-15 07:42:50.000000000,23.017334
2026-03-15 07:39:37.000000000,17.214834
2026-03-15 07:55:40.000000000,9.25136
2026-03-15 08:54:54.000000000,8.674413
2026-03-15 08:07:35.000000000,10.89792
2026-03-15 08:39:03.000000000,29.167881
2026-03-15 08:51:27.000000000,26.834526
2026-03-15 08:22:54.000000000,21.89151
2026-03-15 08:38:41.000000000,94.469376
2026-03-15 08:16:44.000000000,16.748196
2026-03-15 08:52:24.000000000,6.2671666
2026-03-15 08:08:49.000000000,23.659403
2026-03-15 08:57:29.000000000,6.1916013
2026-03-15 08:59:31.000000000,12.5019455
2026-03-15 08:51:50.000000000,21.178312
2026-03-15 08:32:34.000000000,49.26845
2026-03-15 08:30:55.000000000,26.961975
2026-03-15 09:55:59.000000000,6.9113607
2026-03-15 09:17:49.000000000,15.067257
2026-03-15 09:29:22.000000000,11.502671
2026-03-15 09:01:06.000000000,84.990486
2026-03-15 09:47:41.000000000,15.298925
2026-03-15 09:59:24.000000000,14.976068
2026-03-15 09:20:43.000000000,18.5698
2026-03-15 09:32:02.000000000,18.474371
2026-03-15 09:03:01.000000000,14.471441
2026-03-15 09:49:08.000000000,18.778263
2026-03-15 09:46:57.000000000,11.360421
2026-03-15 09:46:27.000000000,14.18621
2026-03-15 09:10:45.000000000,19.884983
2026-03-15 09:17:47.000000000,57.22104
2026-03-15 09:54:40.000000000,22.264473
2026-03-15 10:29:40.000000000,11.919647
2026-03-15 10:31:01.000000000,12.94177
2026-03-15 10:58:28.000000000,8.938264
2026-03-15 10:34:16.000000000,30.497433
2026-03-15 10:41:43.000000000,13.075261
2026-03-15 10:50:46.000000000,15.255231
2026-03-15 10:50:07.000000000,10.727876
2026-03-15 10:55:07.000000000,10.775292
2026-03-15 10:00:44.000000000,5.8484926
2026-03-15 10:38:03.000000000,16.505304
2026-03-15 10:53:08.000000000,35.809868
2026-03-15 10:46:03.000000000,19.913588
2026-03-15 10:32:26.000000000,24.96016
2026-03-15 10:38:18.000000000,10.263234
2026-03-15 10:22:13.000000000,20.325285
2026-03-15 11:55:48.000000000,10.9807
2026-03-15 11:04:46.000000000,18.19355
2026-03-15 11:26:13.000000000,71.50884
2026-03-15 11:49:01.000000000,17.977232
2026-03-15 11:10:06.000000000,19.641356
2026-03-15 11:54:34.000000000,50.512814
2026-03-15 11:11:55.000000000,50.55073
2026-03-15 11:52:49.000000000,17.884863
2026-03-15 11:18:47.000000000,23.61741
2026-03-15 11:17:05.000000000,11.983138
2026-03-15 12:03:25.000000000,9.950319
2026-03-15 12:06:36.000000000,9.986659
2026-03-15 12:33:27.000000000,8.17227
2026-03-15 12:56:18.000000000,18.241674
2026-03-15 12:03:33.000000000,33.909733
2026-03-15 12:04:26.000000000,8.995312
2026-03-15 12:57:18.000000000,33.962284
2026-03-15 12:07:59.000000000,36.84823
2026-03-15 12:49:58.000000000,14.908868
2026-03-15 12:52:13.000000000,11.31795
2026-03-15 12:54:37.000000000,10.157765
2026-03-15 12:41:57.000000000,38.754066
2026-03-15 12:26:52.000000000,14.690763
2026-03-15 12:11:05.000000000,19.826761
2026-03-15 12:07:17.000000000,31.253376
2026-03-15 12:18:29.000000000,21.67834
2026-03-15 12:59:28.000000000,20.705599
2026-03-15 12:40:33.000000000,32.29153
2026-03-15 13:35:40.000000000,9.050432
2026-03-15 13:23:12.000000000,69.718185
2026-03-15 13:45:59.000000000,189.02757
2026-03-15 13:07:21.000000000,14.069015
2026-03-15 13:00:04.000000000,62.713314
2026-03-15 13:15:44.000000000,31.703869
2026-03-15 13:09:29.000000000,11.7750225
2026-03-15 13:07:33.000000000,21.858955
2026-03-15 13:23:57.000000000,24.913647
2026-03-15 13:33:16.000000000,15.043213
2026-03-15 13:50:06.000000000,12.619445
2026-03-15 13:04:25.000000000,101.224464
2026-03-15 13:03:15.000000000,11.703579
2026-03-15 13:42:52.000000000,48.488544
2026-03-15 13:33:18.000000000,41.412434
2026-03-15 13:58:05.000000000,50.40393
2026-03-15 13:33:30.000000000,6.6727424
2026-03-15 13:48:53.000000000,30.479141
2026-03-15 13:29:00.000000000,18.73247
2026-03-15 14:01:54.000000000,7.6340184
2026-03-15 14:05:36.000000000,38.24853
2026-03-15 14:38:11.000000000,13.098934
2026-03-15 14:28:27.000000000,26.045368
2026-03-15 14:00:43.000000000,10.876512
2026-03-15 14:36:24.000000000,11.482354
2026-03-15 14:23:44.000000000,9.135461
2026-03-15 14:23:26.000000000,11.570985
2026-03-15 14:47:11.000000000,22.362604
2026-03-15 14:34:23.000000000,31.687016
2026-03-15 14:58:46.000000000,13.958604
2026-03-15 14:29:46.000000000,13.502106
2026-03-15 14:58:28.000000000,41.650772
2026-03-15 14:03:00.000000000,8.90435
2026-03-15 14:43:14.000000000,70.31159
2026-03-15 15:06:50.000000000,12.688637
2026-03-15 15:51:41.000000000,52.26792
2026-03-15 15:53:40.000000000,17.215286
2026-03-15 15:38:41.000000000,30.864225
2026-03-15 15:19:21.000000000,9.098187
2026-03-15 15:43:22.000000000,24.295483
2026-03-15 15:22:27.000000000,10.653921
2026-03-15 15:48:57.000000000,42.280075
2026-03-15 15:20:33.000000000,16.021074
2026-03-15 15:37:23.000000000,41.534695
2026-03-15 15:57:16.000000000,18.065334
2026-03-15 15:08:54.000000000,16.787678
2026-03-15 15:08:22.000000000,29.832634
2026-03-15 15:26:21.000000000,49.00461
2026-03-15 15:06:11.000000000,15.067257
2026-03-15 15:48:24.000000000,20.104366
2026-03-15 15:44:22.000000000,12.699379
2026-03-15 16:29:58.000000000,23.222647
2026-03-15 16:10:38.000000000,9.625046
2026-03-15 16:22:40.000000000,10.20944
2026-03-15 16:15:38.000000000,17.926773
2026-03-15 16:01:07.000000000,10.665007
2026-03-15 16:53:48.000000000,48.22954
2026-03-15 16:06:13.000000000,15.705744
2026-03-15 16:50:26.000000000,11.748186
2026-03-15 16:40:45.000000000,26.144867
2026-03-15 16:42:17.000000000,105.42259
2026-03-15 16:08:55.000000000,26.213898
2026-03-15 16:50:01.000000000,61.986538
2026-03-15 16:34:30.000000000,8.023987
2026-03-15 16:15:14.000000000,86.10491
2026-03-15 16:26:46.000000000,21.447622
2026-03-15 16:53:39.000000000,22.090286
2026-03-15 16:25:04.000000000,93.784195
2026-03-15 17:53:03.000000000,48.462536
2026-03-15 17:40:24.000000000,17.069979
2026-03-15 17:36:57.000000000,10.936978
2026-03-15 17:06:34.000000000,71.343544
2026-03-15 17:29:22.000000000,16.594675
2026-03-15 17:04:19.000000000,236.81728
2026-03-15 17:46:22.000000000,9.919116
2026-03-15 17:53:54.000000000,15.516679
2026-03-15 17:52:22.000000000,14.509683
2026-03-15 17:04:29.000000000,28.007423
2026-03-15 17:31:37.000000000,22.483637
2026-03-15 17:51:28.000000000,14.55469
2026-03-15 17:49:22.000000000,13.550856
2026-03-15 17:18:24.000000000,82.92134
2026-03-15 17:22:52.000000000,20.838182
2026-03-15 17:12:32.000000000,9.704411
2026-03-15 18:09:51.000000000,7.399424
2026-03-15 18:25:07.000000000,34.317905
2026-03-15 18:37:05.000000000,11.01913
2026-03-15 18:59:26.000000000,34.366783
2026-03-15 18:04:57.000000000,24.93652
2026-03-15 18:19:47.000000000,19.682816
2026-03-15 18:19:21.000000000,6.9753857
2026-03-15 18:46:36.000000000,6.6905036
2026-03-15 18:32:30.000000000,9.435719
2026-03-15 18:29:02.000000000,6.7918496
2026-03-15 18:37:56.000000000,17.811497
2026-03-15 18:11:36.000000000,21.369934
2026-03-15 18:56:25.000000000,28.061148
2026-03-15 18:26:33.000000000,25.213785
2026-03-15 18:16:34.000000000,18.290178
2026-03-15 18:00:30.000000000,30.928265
2026-03-15 18:58:10.000000000,57.590546
2026-03-15 18:49:59.000000000,19.551908
2026-03-15 18:21:07.000000000,16.90299
2026-03-15 18:15:54.000000000,12.424043
2026-03-15 18:14:21.000000000,38.941635
2026-03-15 18:48:06.000000000,17.700562
2026-03-15 18:32:15.000000000,23.209942
2026-03-15 18:34:35.000000000,10.39096
2026-03-15 19:02:02.000000000,9.478957
2026-03-15 19:58:03.000000000,7.399424
2026-03-15 19:39:01.000000000,60.760166
2026-03-15 19:47:04.000000000,18.960905
2026-03-15 19:52:03.000000000,11.857583
2026-03-15 19:01:33.000000000,18.705051
2026-03-15 19:12:30.000000000,59.862038
2026-03-15 19:48:56.000000000,24.581749
2026-03-15 19:25:05.000000000,20.42974
2026-03-15 19:01:06.000000000,79.49079
2026-03-15 19:24:43.000000000,25.59251
2026-03-15 19:22:53.000000000,6.753329
2026-03-15 19:53:22.000000000,15.634208
2026-03-15 19:06:19.000000000,7.936561
2026-03-15 19:52:04.000000000,47.519753
2026-03-15 19:50:10.000000000,20.508617
2026-03-15 19:22:56.000000000,15.78434
2026-03-15 19:00:28.000000000,24.500944
2026-03-15 19:53:56.000000000,25.89474
2026-03-15 20:33:52.000000000,12.639388
2026-03-15 20:09:08.000000000,19.42338
2026-03-15 20:09:21.000000000,65.58912
2026-03-15 20:19:27.000000000,36.16883
2026-03-15 20:14:28.000000000,42.730408
2026-03-15 20:51:09.000000000,17.760183
2026-03-15 20:48:02.000000000,21.165165
2026-03-15 20:39:59.000000000,8.959311
2026-03-15 20:56:56.000000000,9.999961
2026-03-15 20:54:30.000000000,44.47422
2026-03-15 20:17:35.000000000,11.860499
2026-03-15 20:18:15.000000000,10.203145
2026-03-15 20:42:54.000000000,45.95478
2026-03-15 20:07:10.000000000,30.288752
2026-03-15 20:26:09.000000000,8.938264
2026-03-15 20:02:34.000000000,12.369263
2026-03-15 20:53:11.000000000,36.401768
2026-03-15 21:36:11.000000000,9.924036
2026-03-15 21:59:20.000000000,20.343485
2026-03-15 21:11:46.000000000,62.938316
2026-03-15 21:20:25.000000000,9.5866785
2026-03-15 21:22:54.000000000,9.381778
2026-03-15 21:12:11.000000000,7.86618
2026-03-15 21:26:57.000000000,9.1831045
2026-03-15 21:12:18.000000000,8.312227
2026-03-15 21:32:23.000000000,10.40678
2026-03-15 21:31:16.000000000,11.545426
2026-03-15 21:12:20.000000000,18.767654
2026-03-15 22:49:39.000000000,26.0306
2026-03-15 22:30:38.000000000,10.79635
2026-03-15 22:36:22.000000000,11.002664
2026-03-15 22:49:24.000000000,19.979658
2026-03-15 22:25:50.000000000,56.723545
2026-03-15 22:09:19.000000000,9.884889
2026-03-15 22:06:49.000000000,44.55509
2026-03-15 22:04:54.000000000,27.924984
2026-03-15 22:19:11.000000000,9.149961
2026-03-15 22:15:48.000000000,16.74405
2026-03-15 22:44:50.000000000,33.70389
2026-03-15 22:46:25.000000000,13.559989
2026-03-15 22:41:23.000000000,23.308191
2026-03-15 23:29:35.000000000,6.483666
2026-03-15 23:50:05.000000000,11.916545
2026-03-15 23:59:55.000000000,15.659898
2026-03-15 23:05:12.000000000,6.444052
2026-03-15 23:44:47.000000000,16.021717
2026-03-15 23:56:43.000000000,16.066137
2026-03-15 23:49:37.000000000,20.61307
2026-03-15 23:23:34.000000000,10.682797
2026-03-15 23:32:45.000000000,12.393151
2026-03-15 23:33:36.000000000,31.979736
2026-03-15 23:04:04.000000000,25.927366
2026-03-15 23:35:53.000000000,29.723394
2026-03-15 23:00:46.000000000,83.60097
2026-03-15 23:16:04.000000000,14.395812
2026-03-15 23:21:56.000000000,8.8991165
2026-03-16 00:54:17.000000000,50.970947
2026-03-16 00:02:40.000000000,26.647312
2026-03-16 00:25:26.000000000,11.650093
2026-03-16 00:20:12.000000000,17.049164
2026-03-16 00:24:48.000000000,31.373028
2026-03-16 00:55:47.000000000,84.777
2026-03-16 00:28:25.000000000,30.81847
2026-03-16 00:40:27.000000000,14.035264
2026-03-16 01:03:11.000000000,29.11786
2026-03-16 01:20:04.000000000,7.862558
2026-03-16 01:06:18.000000000,10.654037
2026-03-16 02:17:56.000000000,13.926802
2026-03-16 02:50:27.000000000,22.280378
2026-03-16 02:11:42.000000000,12.249096
2026-03-16 02:25:12.000000000,29.225555
2026-03-16 02:27:29.000000000,10.532664
2026-03-16 03:32:10.000000000,8.929665
2026-03-16 03:00:39.000000000,12.896906
2026-03-16 03:36:59.000000000,53.386295
2026-03-16 03:08:11.000000000,39.108425
2026-03-16 04:15:44.000000000,78.86903
2026-03-16 05:35:03.000000000,55.733418
2026-03-16 05:58:00.000000000,32.873615
2026-03-16 05:07:48.000000000,104.44637
2026-03-16 05:00:45.000000000,17.809654
2026-03-16 05:22:22.000000000,79.60073
2026-03-16 05:47:08.000000000,18.450928
2026-03-16 05:02:17.000000000,54.026794
2026-03-16 05:52:53.000000000,9.066887
2026-03-16 06:59:19.000000000,10.87421
2026-03-16 06:00:10.000000000,20.083944
2026-03-16 06:58:53.000000000,20.08288
2026-03-16 06:27:24.000000000,15.214856
2026-03-16 06:02:02.000000000,16.73494
2026-03-16 06:16:11.000000000,23.132853
2026-03-16 06:46:53.000000000,108.34042
2026-03-16 06:37:02.000000000,33.085945
2026-03-16 06:26:49.000000000,61.61759
2026-03-16 07:15:10.000000000,47.326576
2026-03-16 07:13:07.000000000,8.103453
2026-03-16 07:53:32.000000000,19.740932
2026-03-16 07:09:23.000000000,9.871986
2026-03-16 07:21:27.000000000,17.585033
2026-03-16 07:05:43.000000000,6.4372773
2026-03-16 07:54:22.000000000,44.668724
2026-03-16 07:19:16.000000000,17.512918
2026-03-16 07:25:36.000000000,16.348133
2026-03-16 07:32:55.000000000,29.66954
2026-03-16 07:34:50.000000000,238.48196
2026-03-16 07:14:38.000000000,15.10466
2026-03-16 07:55:40.000000000,49.313232
2026-03-16 07:08:09.000000000,8.290246
2026-03-16 07:53:53.000000000,25.47369
2026-03-16 07:49:54.000000000,40.576107
2026-03-16 07:23:15.000000000,14.334909
2026-03-16 07:56:14.000000000,17.41081
2026-03-16 07:27:29.000000000,9.957052
2026-03-16 07:50:44.000000000,16.026361
2026-03-16 08:44:57.000000000,12.688444
2026-03-16 08:56:55.000000000,22.02254
2026-03-16 08:02:56.000000000,60.08751
2026-03-16 08:06:10.000000000,23.725386
2026-03-16 08:45:01.000000000,11.739184
2026-03-16 08:42:25.000000000,21.669582
2026-03-16 08:19:35.000000000,16.134869
2026-03-16 08:03:27.000000000,6.743912
2026-03-16 08:56:24.000000000,12.611097
2026-03-16 08:11:42.000000000,40.281696
2026-03-16 08:38:38.000000000,24.009874
2026-03-16 08:42:10.000000000,21.343346
2026-03-16 08:10:06.000000000,16.51191
2026-03-16 08:00:42.000000000,20.82055
2026-03-16 08:49:37.000000000,6.8253345
2026-03-16 08:37:01.000000000,9.9510975
2026-03-16 08:04:10.000000000,14.950383
2026-03-16 08:35:59.000000000,59.236206
2026-03-16 08:06:43.000000000,38.448704
2026-03-16 08:42:15.000000000,15.902962
2026-03-16 08:56:39.000000000,24.559462
2026-03-16 08:29:49.000000000,9.209052
2026-03-16 09:26:53.000000000,32.85289
2026-03-16 09:42:38.000000000,27.143867
2026-03-16 09:10:12.000000000,78.12402
2026-03-16 09:49:45.000000000,6.736924
2026-03-16 09:52:42.000000000,24.36846
2026-03-16 09:52:59.000000000,14.446586
2026-03-16 09:33:40.000000000,18.98579
2026-03-16 09:03:46.000000000,12.254239
2026-03-16 09:33:38.000000000,6.5128694
2026-03-16 09:17:25.000000000,27.61749
2026-03-16 09:02:16.000000000,10.331272
2026-03-16 09:24:07.000000000,51.203197
2026-03-16 09:45:03.000000000,28.31022
2026-03-16 09:39:48.000000000,8.682951
2026-03-16 09:30:00.000000000,22.230265
2026-03-16 09:00:38.000000000,8.349221
2026-03-16 09:51:45.000000000,16.707243
2026-03-16 09:52:22.000000000,33.846874
2026-03-16 09:13:30.000000000,18.507257
2026-03-16 09:18:41.000000000,23.589779
2026-03-16 10:38:03.000000000,23.471355
2026-03-16 10:37:24.000000000,30.36714
2026-03-16 10:59:07.000000000,15.8502445
2026-03-16 10:21:13.000000000,9.203642
2026-03-16 10:10:36.000000000,41.406986
2026-03-16 10:23:33.000000000,8.105286
2026-03-16 10:55:59.000000000,16.762604
2026-03-16 10:57:41.000000000,42.637173
2026-03-16 10:00:28.000000000,11.058647
2026-03-16 10:18:28.000000000,11.171405
2026-03-16 10:11:39.000000000,31.068832
2026-03-16 10:21:08.000000000,36.920193
2026-03-16 10:21:13.000000000,24.298813
2026-03-16 10:58:48.000000000,68.88688
2026-03-16 10:56:44.000000000,17.07453
2026-03-16 10:43:51.000000000,10.61454
2026-03-16 10:07:54.000000000,24.74422
2026-03-16 10:12:08.000000000,21.240267
2026-03-16 11:29:21.000000000,12.37095
2026-03-16 11:40:58.000000000,14.036095
2026-03-16 11:21:35.000000000,8.236346
2026-03-16 11:18:58.000000000,35.32572
2026-03-16 11:37:34.000000000,9.97784
2026-03-16 11:56:39.000000000,16.66298
2026-03-16 11:32:46.000000000,20.669346
2026-03-16 11:46:55.000000000,29.984032
2026-03-16 11:25:33.000000000,48.699432
2026-03-16 11:00:28.000000000,14.046128
2026-03-16 12:57:04.000000000,32.008327
2026-03-16 12:12:20.000000000,10.386578
2026-03-16 12:42:24.000000000,7.720574
2026-03-16 12:35:18.000000000,27.9753
2026-03-16 12:37:32.000000000,40.566467
2026-03-16 12:43:43.000000000,16.030106
2026-03-16 12:03:04.000000000,21.239393
2026-03-16 12:35:51.000000000,20.952438
2026-03-16 12:16:38.000000000,119.96185
2026-03-16 12:51:41.000000000,6.4188113
2026-03-16 12:19:42.000000000,11.787977
2026-03-16 12:19:36.000000000,10.074429
2026-03-16 12:16:55.000000000,22.96068
2026-03-16 12:40:44.000000000,19.892683
2026-03-16 12:53:41.000000000,9.964201
2026-03-16 12:17:28.000000000,47.93452
2026-03-16 12:58:19.000000000,6.741441
2026-03-16 12:11:33.000000000,86.8034
2026-03-16 12:46:03.000000000,6.6379128
2026-03-16 13:41:34.000000000,17.191284
2026-03-16 13:25:02.000000000,18.757345
2026-03-16 13:54:37.000000000,22.667515
2026-03-16 13:37:28.000000000,76.478615
2026-03-16 13:50:02.000000000,12.550857
2026-03-16 13:03:47.000000000,14.787572
2026-03-16 13:25:16.000000000,11.628354
2026-03-16 13:23:36.000000000,18.122614
2026-03-16 13:05:24.000000000,11.772405
2026-03-16 13:09:52.000000000,11.539003
2026-03-16 14:53:25.000000000,18.624603
2026-03-16 14:02:43.000000000,8.834584
2026-03-16 14:01:10.000000000,53.91076
2026-03-16 14:59:04.000000000,21.291117
2026-03-16 14:22:06.000000000,20.700813
2026-03-16 14:33:27.000000000,16.004145
2026-03-16 14:49:13.000000000,46.51557
2026-03-16 14:15:51.000000000,101.33595
2026-03-16 14:06:35.000000000,7.3800254
2026-03-16 14:07:08.000000000,26.679512
2026-03-16 14:02:39.000000000,11.88508
2026-03-16 14:51:12.000000000,22.271103
2026-03-16 14:37:25.000000000,14.741717
2026-03-16 15:26:05.000000000,18.08767
2026-03-16 15:40:43.000000000,19.060665
2026-03-16 15:01:30.000000000,7.627562
2026-03-16 15:09:34.000000000,17.71948
2026-03-16 15:07:59.000000000,11.746364
2026-03-16 15:40:19.000000000,46.32712
2026-03-16 15:33:47.000000000,20.651884
2026-03-16 15:59:01.000000000,8.893969
2026-03-16 15:08:05.000000000,10.999493
2026-03-16 15:13:54.000000000,16.74603
2026-03-16 15:08:10.000000000,48.03919
2026-03-16 15:59:45.000000000,67.198456
2026-03-16 16:16:23.000000000,19.578209
2026-03-16 16:51:33.000000000,11.298148
2026-03-16 16:45:06.000000000,17.700562
2026-03-16 16:07:13.000000000,20.663946
2026-03-16 16:54:44.000000000,8.225469
2026-03-16 16:37:28.000000000,23.054497
2026-03-16 16:50:10.000000000,9.752941
2026-03-16 16:51:27.000000000,11.992801
2026-03-16 16:31:46.000000000,196.98843
2026-03-16 16:34:59.000000000,32.937492
2026-03-16 16:04:19.000000000,22.94401
2026-03-16 16:02:19.000000000,16.769821
2026-03-16 16:25:53.000000000,23.021421
2026-03-16 16:22:34.000000000,11.633934
2026-03-16 16:41:27.000000000,59.526733
2026-03-16 16:57:09.000000000,6.81167
2026-03-16 16:18:53.000000000,8.096464
2026-03-16 17:41:33.000000000,26.679302
2026-03-16 17:26:16.000000000,20.14759
2026-03-16 17:26:37.000000000,34.75326
2026-03-16 17:29:40.000000000,6.818658
2026-03-16 17:26:36.000000000,14.396703
2026-03-16 17:15:49.000000000,15.615635
2026-03-16 17:10:08.000000000,18.515947
2026-03-16 17:19:00.000000000,79.59201
2026-03-16 17:19:37.000000000,27.940859
2026-03-16 17:06:29.000000000,16.831102
2026-03-16 17:05:41.000000000,24.08396
2026-03-16 17:55:18.000000000,32.04387
2026-03-16 17:15:44.000000000,17.685913
2026-03-16 17:57:35.000000000,14.903376
2026-03-16 17:06:09.000000000,9.653459
2026-03-16 17:46:06.000000000,23.62549
2026-03-16 17:12:57.000000000,46.808533
2026-03-16 17:20:22.000000000,26.155333
2026-03-16 17:36:53.000000000,17.95386
2026-03-16 17:22:25.000000000,16.043901
2026-03-16 17:02:37.000000000,16.650167
2026-03-16 17:17:03.000000000,12.368934
2026-03-16 17:47:52.000000000,11.590094
2026-03-16 17:07:22.000000000,22.011683
2026-03-16 17:16:45.000000000,8.204492
2026-03-16 17:35:48.000000000,15.220901
2026-03-16 17:05:53.000000000,24.267002
2026-03-16 17:38:47.000000000,8.923705
2026-03-16 17:55:54.000000000,27.04688
2026-03-16 17:33:42.000000000,62.812622
2026-03-16 18:06:11.000000000,30.76822
2026-03-16 18:32:50.000000000,18.562536
2026-03-16 18:30:25.000000000,11.614326
2026-03-16 18:26:33.000000000,41.111588
2026-03-16 18:20:18.000000000,6.437064
2026-03-16 18:28:43.000000000,7.1539187
2026-03-16 18:55:39.000000000,6.3313503
2026-03-16 18:02:31.000000000,14.615054
2026-03-16 18:08:42.000000000,23.373627
2026-03-16 18:44:20.000000000,13.362238
2026-03-16 18:17:50.000000000,15.1415825
2026-03-16 18:08:34.000000000,29.535385
2026-03-16 18:26:43.000000000,17.992123
2026-03-16 18:56:33.000000000,49.76586
2026-03-16 18:53:35.000000000,39.424053
2026-03-16 18:59:59.000000000,8.938264
2026-03-16 18:46:28.000000000,12.587103
2026-03-16 18:55:43.000000000,16.21669
2026-03-16 18:19:20.000000000,12.890903
2026-03-16 19:39:54.000000000,8.107572
2026-03-16 19:25:25.000000000,56.514145
2026-03-16 19:45:54.000000000,19.273
2026-03-16 19:11:26.000000000,20.517988
2026-03-16 19:27:51.000000000,8.103453
2026-03-16 19:23:18.000000000,29.804176
2026-03-16 19:12:55.000000000,25.980883
2026-03-16 19:30:16.000000000,14.4498825
2026-03-16 19:17:38.000000000,17.799835
2026-03-16 19:45:18.000000000,20.676998
2026-03-16 19:15:04.000000000,13.090239
2026-03-16 19:32:55.000000000,24.654896
2026-03-16 20:24:20.000000000,8.5911455
2026-03-16 20:30:43.000000000,33.06891
2026-03-16 20:52:13.000000000,17.32022
2026-03-16 20:43:38.000000000,8.371331
2026-03-16 20:09:08.000000000,53.70859
2026-03-16 20:40:07.000000000,6.6059513
2026-03-16 21:10:22.000000000,13.672018
2026-03-16 21:24:12.000000000,79.32067
2026-03-16 21:19:32.000000000,41.70408
2026-03-16 21:02:40.000000000,20.799715
2026-03-16 21:32:31.000000000,17.111095
2026-03-16 21:35:45.000000000,10.13835
2026-03-16 21:29:41.000000000,37.55244
2026-03-16 21:13:13.000000000,7.485448
2026-03-16 21:12:26.000000000,6.7326674
2026-03-16 21:23:54.000000000,13.859423
2026-03-16 21:56:29.000000000,23.328484
2026-03-16 21:10:11.000000000,41.646397
2026-03-16 22:45:43.000000000,12.071378
2026-03-16 22:49:44.000000000,45.34378
2026-03-16 22:12:57.000000000,46.299187
2026-03-16 22:12:49.000000000,14.688892
2026-03-16 22:05:45.000000000,12.041684
2026-03-16 22:04:58.000000000,25.056557
2026-03-16 22:49:47.000000000,49.023457
2026-03-16 22:15:59.000000000,9.146102
2026-03-16 22:15:16.000000000,30.581182
2026-03-16 22:55:12.000000000,25.051172
2026-03-16 22:28:04.000000000,12.048673
2026-03-16 22:23:09.000000000,6.902296
2026-03-16 22:52:34.000000000,35.772408
2026-03-16 22:08:25.000000000,14.443757
2026-03-16 22:06:50.000000000,12.239143
2026-03-16 23:15:10.000000000,13.505389
2026-03-16 23:37:06.000000000,6.9264526
2026-03-16 23:00:28.000000000,8.819219
2026-03-16 23:09:06.000000000,27.674799
2026-03-16 23:12:45.000000000,7.9643126
2026-03-16 23:47:45.000000000,6.703148
2026-03-16 23:08:09.000000000,115.43889
2026-03-16 23:47:30.000000000,18.515951
2026-03-16 23:09:59.000000000,13.317218
2026-03-16 23:32:53.000000000,34.416897
2026-03-16 23:46:14.000000000,13.4159155
2026-03-16 23:28:47.000000000,23.70532
2026-03-16 23:11:45.000000000,61.358925
2026-03-16 23:07:30.000000000,14.088634
2026-03-16 23:25:25.000000000,6.9774427
2026-03-16 23:03:31.000000000,113.828545
2026-03-16 23:03:56.000000000,26.548399
2026-03-16 23:55:38.000000000,37.467453
2026-03-16 23:54:22.000000000,7.523684
2026-03-16 23:55:39.000000000,72.7044
2026-03-16 23:04:17.000000000,24.385489
2026-03-16 23:32:14.000000000,7.3902464
2026-03-17 00:12:53.000000000,19.687859
2026-03-17 00:57:34.000000000,24.730534
2026-03-17 00:28:35.000000000,41.75167
2026-03-17 00:17:28.000000000,25.332253
2026-03-17 00:00:22.000000000,40.894463
2026-03-17 00:10:27.000000000,46.110146
2026-03-17 00:48:39.000000000,6.9483585
2026-03-17 00:48:41.000000000,17.214
2026-03-17 00:45:58.000000000,18.078875
2026-03-17 01:12:39.000000000,14.688959
2026-03-17 02:36:30.000000000,41.777336
2026-03-17 02:37:51.000000000,70.461296
2026-03-17 02:44:17.000000000,20.661892
2026-03-17 02:15:13.000000000,13.804939
2026-03-17 02:17:17.000000000,8.788508
2026-03-17 02:16:50.000000000,14.965646
2026-03-17 03:15:41.000000000,22.053514
2026-03-17 03:12:50.000000000,48.955856
2026-03-17 03:36:06.000000000,8.318833
2026-03-17 04:53:52.000000000,44.452164
2026-03-17 04:09:45.000000000,68.60278
2026-03-17 04:22:34.000000000,26.784988
2026-03-17 04:37:39.000000000,83.635796
2026-03-17 04:00:06.000000000,26.739408
2026-03-17 05:30:50.000000000,21.455502
2026-03-17 05:41:55.000000000,7.8254757
2026-03-17 05:40:23.000000000,23.801435
2026-03-17 05:02:05.000000000,27.386515
2026-03-17 05:11:51.000000000,10.024259
2026-03-17 05:04:40.000000000,101.29604
2026-03-17 06:06:21.000000000,20.710304
2026-03-17 06:06:13.000000000,12.693322
2026-03-17 06:53:21.000000000,94.86107
2026-03-17 06:42:19.000000000,15.273165
2026-03-17 06:46:54.000000000,17.513283
2026-03-17 06:01:37.000000000,9.756318
2026-03-17 06:33:12.000000000,16.753304
2026-03-17 06:00:18.000000000,39.004433
2026-03-17 07:49:39.000000000,19.083735
2026-03-17 07:22:28.000000000,36.74622
2026-03-17 07:55:37.000000000,19.55575
2026-03-17 07:46:57.000000000,82.7993
2026-03-17 07:06:16.000000000,10.341613
2026-03-17 07:34:48.000000000,20.622858
2026-03-17 07:30:11.000000000,13.994374
2026-03-17 07:11:50.000000000,51.740524
2026-03-17 07:52:20.000000000,94.9476
2026-03-17 07:58:59.000000000,10.940471
2026-03-17 07:29:02.000000000,18.365318
2026-03-17 07:56:32.000000000,24.082521
2026-03-17 07:39:30.000000000,22.301231
2026-03-17 07:19:40.000000000,55.93578
2026-03-17 07:35:49.000000000,43.58937
2026-03-17 07:00:43.000000000,22.890194
2026-03-17 07:06:17.000000000,9.62254
2026-03-17 07:18:25.000000000,114.39764
2026-03-17 08:31:51.000000000,16.893415
2026-03-17 08:27:33.000000000,7.8971357
2026-03-17 08:39:26.000000000,50.814106
2026-03-17 08:01:50.000000000,15.046131
2026-03-17 08:52:53.000000000,33.99145
2026-03-17 08:22:29.000000000,50.188564
2026-03-17 08:09:15.000000000,31.744452
2026-03-17 08:25:27.000000000,21.62782
2026-03-17 08:56:44.000000000,36.481995
2026-03-17 08:25:47.000000000,17.254486
2026-03-17 08:07:14.000000000,16.630169
2026-03-17 08:06:26.000000000,29.142357
2026-03-17 08:06:09.000000000,38.378475
2026-03-17 09:15:06.000000000,7.4630923
2026-03-17 09:16:18.000000000,11.556586
2026-03-17 09:36:24.000000000,31.218214
2026-03-17 09:09:44.000000000,28.30464
2026-03-17 09:23:07.000000000,48.11674
2026-03-17 09:38:39.000000000,23.642557
2026-03-17 09:31:05.000000000,54.592274
2026-03-17 09:05:03.000000000,18.664043
2026-03-17 09:29:18.000000000,18.588257
2026-03-17 09:31:37.000000000,31.088493
2026-03-17 09:37:17.000000000,20.317665
2026-03-17 09:02:10.000000000,14.436329
2026-03-17 09:44:50.000000000,23.927982
2026-03-17 09:22:21.000000000,8.767119
2026-03-17 09:50:46.000000000,26.623737
2026-03-17 09:44:01.000000000,37.95572
2026-03-17 09:16:32.000000000,118.39744
2026-03-17 09:16:40.000000000,10.174375
2026-03-17 09:17:50.000000000,11.570629
2026-03-17 09:40:03.000000000,12.552777
2026-03-17 09:36:13.000000000,10.136965
2026-03-17 10:48:23.000000000,8.236346
2026-03-17 10:45:43.000000000,11.392771
2026-03-17 10:14:04.000000000,14.968995
2026-03-17 10:02:14.000000000,28.685804
2026-03-17 10:10:04.000000000,17.369923
2026-03-17 10:10:29.000000000,7.726916
2026-03-17 10:03:30.000000000,11.79003
2026-03-17 10:54:45.000000000,75.12654
2026-03-17 10:05:52.000000000,37.326233
2026-03-17 10:47:03.000000000,40.59616
2026-03-17 10:00:48.000000000,6.9343295
2026-03-17 10:59:25.000000000,9.896968
2026-03-17 10:01:50.000000000,7.770522
2026-03-17 10:24:30.000000000,25.97729
2026-03-17 10:27:54.000000000,33.212677
2026-03-17 10:57:55.000000000,13.333612
2026-03-17 10:33:06.000000000,79.074295
2026-03-17 10:00:37.000000000,30.840536
2026-03-17 10:36:59.000000000,15.138867
2026-03-17 11:31:04.000000000,5.950482
2026-03-17 11:05:00.000000000,13.211473
2026-03-17 11:31:40.000000000,16.049828
2026-03-17 11:08:32.000000000,8.790675
2026-03-17 11:50:33.000000000,20.738194
2026-03-17 11:13:08.000000000,6.567045
2026-03-17 11:02:11.000000000,6.722092
2026-03-17 11:51:00.000000000,28.648626
2026-03-17 11:26:32.000000000,27.401531
2026-03-17 11:38:06.000000000,15.151797
2026-03-17 11:32:15.000000000,8.103453
2026-03-17 11:18:24.000000000,13.202773
2026-03-17 12:45:33.000000000,28.517406
2026-03-17 12:46:27.000000000,14.581653
2026-03-17 12:06:02.000000000,30.581509
2026-03-17 12:52:32.000000000,19.574947
2026-03-17 12:54:39.000000000,75.687904
2026-03-17 12:34:08.000000000,14.182505
2026-03-17 12:03:28.000000000,205.99174
2026-03-17 12:49:27.000000000,17.257788
2026-03-17 12:08:01.000000000,13.484504
2026-03-17 12:19:43.000000000,15.067257
2026-03-17 12:22:10.000000000,11.836886
2026-03-17 12:34:02.000000000,21.198896
2026-03-17 12:30:54.000000000,45.281406
2026-03-17 12:38:54.000000000,12.457264
2026-03-17 12:07:21.000000000,59.398518
2026-03-17 13:39:16.000000000,40.129322
2026-03-17 13:00:41.000000000,6.4924564
2026-03-17 13:35:17.000000000,8.8943
2026-03-17 13:40:45.000000000,16.457127
2026-03-17 13:14:26.000000000,54.67766
2026-03-17 13:08:18.000000000,8.984658
2026-03-17 13:18:14.000000000,105.07439
2026-03-17 13:16:09.000000000,11.69331
2026-03-17 13:49:14.000000000,19.707838
2026-03-17 13:26:32.000000000,12.527861
2026-03-17 13:37:13.000000000,30.054052
2026-03-17 13:06:23.000000000,51.47601
2026-03-17 14:07:49.000000000,46.44916
2026-03-17 14:58:58.000000000,49.003387
2026-03-17 14:48:53.000000000,12.456208
2026-03-17 14:42:05.000000000,13.61407
2026-03-17 14:57:48.000000000,25.35095
2026-03-17 14:32:49.000000000,6.452774
2026-03-17 14:36:55.000000000,15.603267
2026-03-17 14:45:33.000000000,8.06592
2026-03-17 14:24:33.000000000,12.504941
2026-03-17 14:52:44.000000000,29.05118
2026-03-17 14:58:05.000000000,11.766266
2026-03-17 14:19:20.000000000,16.01496
2026-03-17 14:27:51.000000000,22.485794
2026-03-17 14:16:53.000000000,13.349235
2026-03-17 14:59:08.000000000,9.83187
2026-03-17 14:01:44.000000000,8.311319
2026-03-17 14:34:04.000000000,27.208405
2026-03-17 14:38:13.000000000,33.572365
2026-03-17 15:43:26.000000000,12.475875
2026-03-17 15:21:58.000000000,10.141202
2026-03-17 15:41:16.000000000,9.590765
2026-03-17 15:00:54.000000000,8.946268
2026-03-17 15:56:47.000000000,18.79747
2026-03-17 15:38:53.000000000,10.440022
2026-03-17 15:09:32.000000000,27.808872
2026-03-17 15:13:21.000000000,19.969513
2026-03-17 15:32:29.000000000,12.798321
2026-03-17 15:25:33.000000000,20.58842
2026-03-17 15:55:03.000000000,20.002172
2026-03-17 15:41:21.000000000,22.102022
2026-03-17 15:30:57.000000000,17.779118
2026-03-17 15:04:49.000000000,15.510652
2026-03-17 15:34:16.000000000,18.058466
2026-03-17 15:25:57.000000000,9.052163
2026-03-17 15:58:47.000000000,28.45084
2026-03-17 16:41:35.000000000,13.028278
2026-03-17 16:46:01.000000000,16.224533
2026-03-17 16:06:00.000000000,103.21908
2026-03-17 16:36:56.000000000,54.23474
2026-03-17 16:40:49.000000000,23.30322
2026-03-17 16:35:08.000000000,9.389017
2026-03-17 16:53:43.000000000,15.979984
2026-03-17 16:55:00.000000000,8.220436
2026-03-17 16:50:54.000000000,20.354856
2026-03-17 16:24:58.000000000,15.192354
2026-03-17 16:52:36.000000000,11.742355
2026-03-17 16:47:57.000000000,15.372696
2026-03-17 16:54:37.000000000,42.544575
2026-03-17 16:49:06.000000000,12.75742
2026-03-17 16:05:30.000000000,16.12339
2026-03-17 17:01:03.000000000,12.738538
2026-03-17 17:33:43.000000000,43.630623
2026-03-17 17:27:56.000000000,16.274895
2026-03-17 17:09:58.000000000,61.726078
2026-03-17 17:27:19.000000000,27.666653
2026-03-17 17:04:17.000000000,29.152815
2026-03-17 17:49:26.000000000,7.978651
2026-03-17 17:34:15.000000000,14.887232
2026-03-17 17:20:18.000000000,8.789546
2026-03-17 17:30:56.000000000,16.504177
2026-03-17 17:55:37.000000000,22.860325
2026-03-17 17:31:29.000000000,42.124943
2026-03-17 17:08:18.000000000,21.417328
2026-03-17 17:35:19.000000000,55.431038
2026-03-17 17:52:02.000000000,44.25482
2026-03-17 18:20:09.000000000,11.76897
2026-03-17 18:38:27.000000000,48.67053
2026-03-17 18:17:59.000000000,45.249535
2026-03-17 18:12:49.000000000,9.386814
2026-03-17 18:20:35.000000000,18.122551
2026-03-17 18:44:40.000000000,18.270338
2026-03-17 18:13:14.000000000,11.272334
2026-03-17 18:06:18.000000000,17.771399
2026-03-17 18:15:38.000000000,7.5914044
2026-03-17 18:17:08.000000000,10.893469
2026-03-17 18:10:28.000000000,16.634739
2026-03-17 18:21:31.000000000,12.5019455
2026-03-17 18:05:48.000000000,23.810602
2026-03-17 18:49:45.000000000,25.568823
2026-03-17 18:03:03.000000000,13.248837
2026-03-17 18:53:43.000000000,10.785196
2026-03-17 18:27:28.000000000,104.85401
2026-03-17 18:56:22.000000000,18.61969
2026-03-17 18:07:24.000000000,54.00535
2026-03-17 18:45:20.000000000,7.5695567
2026-03-17 19:42:09.000000000,13.269073
2026-03-17 19:55:23.000000000,12.661042
2026-03-17 19:28:15.000000000,31.843395
2026-03-17 19:10:35.000000000,21.51718
2026-03-17 19:18:24.000000000,8.449965
2026-03-17 19:52:25.000000000,6.7683563
2026-03-17 19:35:26.000000000,33.701797
2026-03-17 19:36:06.000000000,19.954887
2026-03-17 19:52:12.000000000,12.471243
2026-03-17 19:58:37.000000000,15.442206
2026-03-17 19:29:16.000000000,8.838488
2026-03-17 19:44:38.000000000,10.467849
2026-03-17 20:49:56.000000000,7.443148
2026-03-17 20:31:55.000000000,27.111614
2026-03-17 20:46:40.000000000,7.6672015
2026-03-17 20:03:04.000000000,21.753973
2026-03-17 20:27:39.000000000,24.652975
2026-03-17 20:00:32.000000000,15.315311
2026-03-17 20:42:22.000000000,242.92696
2026-03-17 20:26:50.000000000,88.78939
2026-03-17 20:21:27.000000000,38.786526
2026-03-17 20:10:29.000000000,21.855608
2026-03-17 21:59:25.000000000,13.498825
2026-03-17 21:26:15.000000000,12.512774
2026-03-17 21:27:42.000000000,9.198031
2026-03-17 21:44:49.000000000,10.451971
2026-03-17 21:23:44.000000000,23.775461
2026-03-17 21:20:06.000000000,11.569762
2026-03-17 21:43:05.000000000,14.2602625
2026-03-17 21:51:08.000000000,73.71592
2026-03-17 21:04:27.000000000,6.5999503
2026-03-17 21:02:21.000000000,25.69356
2026-03-17 21:07:50.000000000,29.47042
2026-03-17 22:43:41.000000000,10.397202
2026-03-17 22:03:36.000000000,31.335054
2026-03-17 22:13:27.000000000,25.47601
2026-03-17 22:40:28.000000000,14.424733
2026-03-17 22:39:50.000000000,16.946098
2026-03-17 22:35:31.000000000,185.16977
2026-03-17 22:25:19.000000000,37.327732
2026-03-17 22:29:28.000000000,10.354682
2026-03-17 22:24:54.000000000,25.461983
2026-03-17 22:31:05.000000000,12.634557
2026-03-17 22:46:26.000000000,8.943404
2026-03-17 22:28:29.000000000,19.436167
2026-03-17 23:49:20.000000000,25.376745
2026-03-17 23:31:11.000000000,24.556675
2026-03-17 23:11:22.000000000,44.046803
2026-03-17 23:43:28.000000000,12.811885
2026-03-17 23:36:58.000000000,32.55924
2026-03-17 23:55:21.000000000,11.744386
2026-03-17 23:32:43.000000000,22.552332
2026-03-17 23:37:51.000000000,24.06316
2026-03-17 23:35:09.000000000,47.07628
2026-03-17 23:44:05.000000000,18.559021
2026-03-17 23:17:18.000000000,32.028847
2026-03-17 23:06:03.000000000,25.88907
2026-03-17 23:51:32.000000000,5.967872
2026-03-18 00:30:13.000000000,173.03784
2026-03-18 00:23:31.000000000,10.507984
2026-03-18 00:42:50.000000000,34.306057
2026-03-18 00:40:30.000000000,96.192024
2026-03-18 00:21:39.000000000,19.572145
2026-03-18 00:08:45.000000000,7.4487443
2026-03-18 00:02:28.000000000,34.516438
2026-03-18 01:27:32.000000000,9.405166
2026-03-18 01:57:10.000000000,15.917792
2026-03-18 01:40:05.000000000,30.74741
2026-03-18 02:40:34.000000000,15.669652
2026-03-18 02:04:09.000000000,22.396473
2026-03-18 03:18:36.000000000,31.576168
2026-03-18 03:30:46.000000000,13.309074
2026-03-18 03:34:59.000000000,21.30314
2026-03-18 04:59:47.000000000,11.276282
2026-03-18 05:40:29.000000000,41.550575
2026-03-18 05:44:05.000000000,60.95168
2026-03-18 05:55:21.000000000,8.952053
2026-03-18 05:47:03.000000000,15.549191
2026-03-18 05:54:11.000000000,10.945383
2026-03-18 05:24:03.000000000,11.932418
2026-03-18 05:15:41.000000000,89.01061
2026-03-18 06:22:20.000000000,8.9734
2026-03-18 06:47:13.000000000,16.53601
2026-03-18 06:14:22.000000000,13.259718
2026-03-18 06:08:46.000000000,27.563772
2026-03-18 06:42:21.000000000,11.56537
2026-03-18 06:27:15.000000000,26.87871
2026-03-18 06:45:42.000000000,48.87898
2026-03-18 06:21:20.000000000,10.90935
2026-03-18 06:17:16.000000000,81.17374
2026-03-18 06:38:39.000000000,18.81236
2026-03-18 06:59:52.000000000,6.8489523
2026-03-18 06:37:27.000000000,43.431778
2026-03-18 06:29:32.000000000,20.669945
2026-03-18 06:31:10.000000000,96.03494
2026-03-18 06:53:04.000000000,11.6329365
2026-03-18 06:54:16.000000000,21.955297
2026-03-18 06:28:21.000000000,27.935678
2026-03-18 07:20:57.000000000,7.637919
2026-03-18 07:57:51.000000000,20.106785
2026-03-18 07:29:57.000000000,102.98296
2026-03-18 07:50:57.000000000,16.886599
2026-03-18 07:18:53.000000000,18.330503
2026-03-18 07:51:03.000000000,18.475422
2026-03-18 07:43:44.000000000,9.849801
2026-03-18 07:27:32.000000000,37.115265
2026-03-18 07:06:18.000000000,94.348625
2026-03-18 07:57:46.000000000,11.788624
2026-03-18 07:59:47.000000000,39.221306
2026-03-18 07:49:26.000000000,30.591454
2026-03-18 07:16:51.000000000,11.825396
2026-03-18 07:36:12.000000000,32.733418
2026-03-18 07:11:19.000000000,22.241024
2026-03-18 07:32:10.000000000,35.209114
2026-03-18 07:59:30.000000000,96.996124
2026-03-18 07:54:29.000000000,9.622214
2026-03-18 07:03:20.000000000,56.011185
2026-03-18 08:36:30.000000000,31.057524
2026-03-18 08:14:33.000000000,40.05083
2026-03-18 08:55:57.000000000,18.734741
2026-03-18 08:32:37.000000000,13.628052
2026-03-18 08:10:29.000000000,26.56184
2026-03-18 08:09:07.000000000,20.30678
2026-03-18 08:36:43.000000000,27.406275
2026-03-18 08:34:14.000000000,33.73894
2026-03-18 08:41:59.000000000,17.981174
2026-03-18 08:08:22.000000000,36.933872
2026-03-18 08:23:05.000000000,24.579098
2026-03-18 08:28:03.000000000,30.784409
2026-03-18 08:05:08.000000000,13.332698
2026-03-18 08:08:01.000000000,57.39234
2026-03-18 08:23:30.000000000,16.814959
2026-03-18 08:49:29.000000000,46.056416
2026-03-18 09:09:03.000000000,30.49186
2026-03-18 09:02:14.000000000,29.51206
2026-03-18 09:32:57.000000000,23.643684
2026-03-18 09:06:53.000000000,9.602349
2026-03-18 09:49:54.000000000,15.018505
2026-03-18 09:50:00.000000000,12.3585205
2026-03-18 09:37:44.000000000,14.264498
2026-03-18 09:48:18.000000000,10.8197155
2026-03-18 09:56:36.000000000,52.050644
2026-03-18 09:43:28.000000000,22.11108
2026-03-18 09:35:27.000000000,20.418673
2026-03-18 09:25:06.000000000,34.39833
2026-03-18 09:58:40.000000000,62.055794
2026-03-18 09:47:59.000000000,13.520125
2026-03-18 09:38:45.000000000,104.44254
2026-03-18 09:28:21.000000000,13.309074
2026-03-18 09:18:31.000000000,15.944308
2026-03-18 09:09:27.000000000,29.74506
2026-03-18 09:06:51.000000000,7.9089346
2026-03-18 09:03:57.000000000,40.027393
2026-03-18 09:44:39.000000000,11.779393
2026-03-18 10:21:13.000000000,18.563547
2026-03-18 10:18:16.000000000,30.044748
2026-03-18 10:55:04.000000000,70.22303
2026-03-18 10:53:17.000000000,9.543591
2026-03-18 10:09:29.000000000,9.050432
2026-03-18 10:50:58.000000000,21.423431
2026-03-18 10:35:29.000000000,13.900212
2026-03-18 10:10:43.000000000,13.600994
2026-03-18 10:41:42.000000000,27.92083
2026-03-18 10:14:02.000000000,37.26611
2026-03-18 10:38:58.000000000,51.661682
2026-03-18 10:14:39.000000000,32.39167
2026-03-18 10:09:21.000000000,23.873346
2026-03-18 10:14:17.000000000,33.326138
2026-03-18 10:42:08.000000000,10.735937
2026-03-18 10:25:59.000000000,8.780772
2026-03-18 10:39:46.000000000,26.245264
2026-03-18 10:30:51.000000000,8.859561
2026-03-18 10:52:03.000000000,131.95299
2026-03-18 11:45:14.000000000,120.75489
2026-03-18 11:34:32.000000000,60.135162
2026-03-18 11:01:19.000000000,23.00043
2026-03-18 11:55:33.000000000,62.94685
2026-03-18 11:21:39.000000000,26.859098
2026-03-18 11:26:10.000000000,17.752407
2026-03-18 11:55:03.000000000,26.640347
2026-03-18 11:35:03.000000000,36.890736
2026-03-18 11:04:19.000000000,7.869546
2026-03-18 12:03:47.000000000,30.875515
2026-03-18 12:53:06.000000000,18.610497
2026-03-18 12:15:14.000000000,50.17868
2026-03-18 12:36:58.000000000,13.5829735
2026-03-18 12:55:39.000000000,15.067257
2026-03-18 12:44:28.000000000,7.689226
2026-03-18 12:47:09.000000000,23.401031
2026-03-18 12:34:53.000000000,50.515648
2026-03-18 12:47:32.000000000,19.480667
2026-03-18 12:54:38.000000000,26.432457
2026-03-18 12:46:35.000000000,9.341897
2026-03-18 12:02:42.000000000,14.252009
2026-03-18 12:51:23.000000000,12.551105
2026-03-18 12:20:21.000000000,35.631718
2026-03-18 12:01:47.000000000,19.61768
2026-03-18 12:02:43.000000000,23.069042
2026-03-18 12:34:54.000000000,42.540077
2026-03-18 12:52:41.000000000,13.455833
2026-03-18 13:56:34.000000000,17.8246
2026-03-18 13:47:41.000000000,55.89482
2026-03-18 13:32:40.000000000,45.712578
2026-03-18 13:42:39.000000000,6.8445134
2026-03-18 13:12:44.000000000,34.29066
2026-03-18 13:03:36.000000000,56.31736
2026-03-18 13:05:18.000000000,16.782875
2026-03-18 13:31:02.000000000,26.945488
2026-03-18 13:54:20.000000000,21.471266
2026-03-18 13:45:48.000000000,13.162516
2026-03-18 13:07:30.000000000,11.791675
2026-03-18 13:00:14.000000000,29.613043
2026-03-18 13:00:00.000000000,127.69736
2026-03-18 13:21:24.000000000,75.127235
2026-03-18 13:34:01.000000000,14.413969
2026-03-18 14:47:45.000000000,26.726215
2026-03-18 14:21:16.000000000,62.526047
2026-03-18 14:29:03.000000000,73.02324
2026-03-18 14:36:36.000000000,11.18274
2026-03-18 14:22:39.000000000,7.918563
2026-03-18 14:23:08.000000000,19.890133
2026-03-18 14:29:39.000000000,18.960478
2026-03-18 14:35:18.000000000,18.718603
2026-03-18 14:59:33.000000000,49.139004
2026-03-18 14:41:47.000000000,9.714976
2026-03-18 14:45:08.000000000,15.229785
2026-03-18 14:06:00.000000000,15.317115
2026-03-18 15:49:45.000000000,17.322815
2026-03-18 15:33:45.000000000,24.024527
2026-03-18 15:40:55.000000000,14.930797
2026-03-18 15:04:14.000000000,45.22651
2026-03-18 15:53:05.000000000,19.57119
2026-03-18 15:23:54.000000000,25.970203
2026-03-18 15:30:47.000000000,18.26407
2026-03-18 15:55:51.000000000,39.603867
2026-03-18 15:41:01.000000000,12.634628
2026-03-18 15:36:47.000000000,31.731537
2026-03-18 15:41:20.000000000,25.490084
2026-03-18 15:12:03.000000000,178.19138
2026-03-18 15:11:19.000000000,15.063963
2026-03-18 15:01:19.000000000,64.20986
2026-03-18 15:41:29.000000000,48.85054
2026-03-18 16:42:42.000000000,10.344931
2026-03-18 16:36:15.000000000,28.41399
2026-03-18 16:41:27.000000000,14.397634
2026-03-18 16:29:30.000000000,9.7026415
2026-03-18 16:07:19.000000000,31.489922
2026-03-18 16:42:38.000000000,26.09432
2026-03-18 16:29:12.000000000,39.966957
2026-03-18 16:11:04.000000000,11.435617
2026-03-18 16:18:06.000000000,13.511276
2026-03-18 16:11:09.000000000,6.680454
2026-03-18 16:59:47.000000000,22.15757
2026-03-18 16:44:21.000000000,13.402755
2026-03-18 16:10:02.000000000,21.866043
2026-03-18 16:43:33.000000000,16.021074
2026-03-18 16:20:57.000000000,13.420693
2026-03-18 16:30:14.000000000,18.993742
2026-03-18 17:42:41.000000000,12.5885725
2026-03-18 17:55:17.000000000,12.913427
2026-03-18 17:43:29.000000000,20.105959
2026-03-18 17:51:50.000000000,96.42339
2026-03-18 17:42:22.000000000,8.847409
2026-03-18 17:36:26.000000000,15.66142
2026-03-18 17:28:07.000000000,7.7202806
2026-03-18 17:14:46.000000000,9.998803
2026-03-18 17:39:33.000000000,94.02619
2026-03-18 17:43:00.000000000,75.18774
2026-03-18 17:36:52.000000000,11.006447
2026-03-18 17:36:19.000000000,8.244031
2026-03-18 17:31:22.000000000,10.81372
2026-03-18 17:45:39.000000000,65.945015
2026-03-18 17:44:18.000000000,25.2636
2026-03-18 17:03:27.000000000,16.670109
2026-03-18 17:37:10.000000000,10.594755
2026-03-18 17:09:16.000000000,85.29883
2026-03-18 17:23:36.000000000,21.929266
2026-03-18 17:53:15.000000000,12.506349
2026-03-18 17:30:50.000000000,35.614037
2026-03-18 17:16:55.000000000,27.25774
2026-03-18 17:49:58.000000000,16.934734
2026-03-18 17:19:07.000000000,13.577082
2026-03-18 17:00:24.000000000,59.103184
2026-03-18 18:54:23.000000000,6.444052
2026-03-18 18:27:22.000000000,77.1226
2026-03-18 18:49:54.000000000,27.557835
2026-03-18 18:05:55.000000000,8.460377
2026-03-18 18:28:26.000000000,11.7474785
2026-03-18 18:51:45.000000000,18.904785
2026-03-18 18:48:49.000000000,14.787621
2026-03-18 18:08:41.000000000,77.928085
2026-03-18 18:43:16.000000000,16.342049
2026-03-18 18:10:06.000000000,17.227234
2026-03-18 18:33:28.000000000,48.61287
2026-03-18 18:22:38.000000000,17.760183
2026-03-18 18:37:11.000000000,19.685358
2026-03-18 18:26:32.000000000,41.54743
2026-03-18 18:38:09.000000000,15.330878
2026-03-18 18:11:03.000000000,40.13827
2026-03-18 18:02:37.000000000,8.052368
2026-03-18 18:20:34.000000000,21.536558
2026-03-18 18:32:07.000000000,63.398617
2026-03-18 18:25:58.000000000,23.373524
2026-03-18 18:31:16.000000000,43.750904
2026-03-18 18:30:15.000000000,12.539823
2026-03-18 19:44:46.000000000,24.841375
2026-03-18 19:41:15.000000000,10.307654
2026-03-18 19:08:51.000000000,13.520125
2026-03-18 19:54:23.000000000,56.917065
2026-03-18 19:55:50.000000000,13.920207
2026-03-18 19:34:25.000000000,23.90746
2026-03-18 19:30:27.000000000,17.081795
2026-03-18 19:59:10.000000000,10.944449
2026-03-18 19:59:00.000000000,32.71497
2026-03-18 19:13:48.000000000,70.35652
2026-03-18 19:37:06.000000000,18.854532
2026-03-18 19:41:46.000000000,40.88911
2026-03-18 19:00:08.000000000,18.607214
2026-03-18 19:30:35.000000000,16.119116
2026-03-18 19:15:49.000000000,10.736388
2026-03-18 19:41:39.000000000,49.9236
2026-03-18 19:36:01.000000000,44.77564
2026-03-18 19:52:51.000000000,48.838566
2026-03-18 19:26:18.000000000,31.369144
2026-03-18 19:44:20.000000000,11.059457
2026-03-18 19:26:08.000000000,21.11876
2026-03-18 20:29:12.000000000,23.502638
2026-03-18 20:07:24.000000000,19.487488
2026-03-18 20:32:37.000000000,70.61836
2026-03-18 20:42:24.000000000,62.013233
2026-03-18 20:41:21.000000000,10.961109
2026-03-18 20:07:24.000000000,8.84382
2026-03-18 20:49:12.000000000,45.910126
2026-03-18 20:31:43.000000000,24.05442
2026-03-18 20:28:12.000000000,11.28864
2026-03-18 20:33:00.000000000,17.053995
2026-03-18 20:58:00.000000000,69.08115
2026-03-18 20:23:43.000000000,181.74442
2026-03-18 20:59:42.000000000,43.87075
2026-03-18 20:43:31.000000000,6.535014
2026-03-18 20:56:25.000000000,27.515274
2026-03-18 20:46:36.000000000,26.191023
2026-03-18 21:34:57.000000000,7.705961
2026-03-18 21:16:47.000000000,14.258199
2026-03-18 21:50:32.000000000,10.303931
2026-03-18 21:22:52.000000000,10.149389
2026-03-18 21:16:07.000000000,12.478757
2026-03-18 21:51:17.000000000,11.688899
2026-03-18 21:02:58.000000000,15.388118
2026-03-18 21:20:37.000000000,33.083004
2026-03-18 21:56:39.000000000,25.407001
2026-03-18 21:44:32.000000000,114.25007
2026-03-18 21:21:17.000000000,7.5612535
2026-03-18 21:07:31.000000000,12.442049
2026-03-18 21:22:56.000000000,11.985833
2026-03-18 21:19:45.000000000,46.896904
2026-03-18 21:10:20.000000000,12.244131
2026-03-18 21:42:06.000000000,14.761056
2026-03-18 22:11:31.000000000,12.620629
2026-03-18 22:38:32.000000000,9.05554
2026-03-18 22:05:20.000000000,186.88387
2026-03-18 22:50:46.000000000,18.890303
2026-03-18 22:32:08.000000000,30.855791
2026-03-18 22:00:58.000000000,16.789375
2026-03-18 22:52:46.000000000,16.969282
2026-03-18 22:12:45.000000000,12.251787
2026-03-18 22:37:19.000000000,9.783386
2026-03-18 22:03:29.000000000,67.56811
2026-03-18 22:05:00.000000000,20.518963
2026-03-18 22:29:04.000000000,8.17227
2026-03-18 22:37:06.000000000,44.371006
2026-03-18 22:10:54.000000000,12.687405
2026-03-18 22:31:58.000000000,15.153423
2026-03-18 22:42:49.000000000,11.978057
2026-03-18 22:44:47.000000000,88.20853
2026-03-18 22:33:37.000000000,62.942596
2026-03-18 23:19:43.000000000,24.888407
2026-03-18 23:43:59.000000000,30.054113
2026-03-18 23:51:54.000000000,7.3049636
2026-03-18 23:15:21.000000000,63.96942
2026-03-18 23:13:56.000000000,22.858099
2026-03-18 23:09:03.000000000,13.415595
2026-03-18 23:58:17.000000000,28.828156
2026-03-18 23:29:04.000000000,14.309253
2026-03-18 23:38:40.000000000,21.608
2026-03-18 23:55:22.000000000,8.961159
2026-03-18 23:01:49.000000000,18.772701
2026-03-18 23:04:12.000000000,16.425646
2026-03-18 23:05:01.000000000,19.944126
2026-03-19 00:50:04.000000000,13.301712
2026-03-19 00:22:09.000000000,38.36462
2026-03-19 00:59:08.000000000,38.828396
2026-03-19 00:07:15.000000000,27.809923
2026-03-19 00:22:12.000000000,26.127718
2026-03-19 00:16:25.000000000,19.669592
2026-03-19 00:23:34.000000000,37.902275
2026-03-19 00:27:14.000000000,9.865927
2026-03-19 00:37:34.000000000,32.718895
2026-03-19 00:32:06.000000000,28.207739
2026-03-19 00:51:55.000000000,20.496502
2026-03-19 01:22:25.000000000,44.126915
2026-03-19 01:25:13.000000000,30.508099
2026-03-19 01:55:27.000000000,14.600575
2026-03-19 01:56:45.000000000,14.786963
2026-03-19 01:27:01.000000000,23.34683
2026-03-19 01:13:19.000000000,9.05554
2026-03-19 01:31:51.000000000,12.352054
2026-03-19 01:17:17.000000000,11.070538
2026-03-19 01:47:10.000000000,16.927345
2026-03-19 01:17:14.000000000,21.15384
2026-03-19 01:07:08.000000000,15.089007
2026-03-19 02:03:57.000000000,16.021717
2026-03-19 02:47:10.000000000,17.96029
2026-03-19 02:53:08.000000000,63.46351
2026-03-19 03:33:00.000000000,63.419216
2026-03-19 03:52:07.000000000,32.824688
2026-03-19 04:48:13.000000000,65.91412
2026-03-19 05:53:22.000000000,11.687008
2026-03-19 05:50:29.000000000,15.178406
2026-03-19 05:06:12.000000000,56.058887
2026-03-19 05:58:17.000000000,86.00418
2026-03-19 05:34:15.000000000,15.227266
2026-03-19 05:55:53.000000000,11.779369
2026-03-19 05:58:33.000000000,65.34417
2026-03-19 05:27:58.000000000,12.986206
2026-03-19 05:22:58.000000000,10.815235
2026-03-19 05:32:30.000000000,10.642163
2026-03-19 05:55:58.000000000,40.333305
2026-03-19 05:05:58.000000000,57.061085
2026-03-19 06:16:18.000000000,16.793293
2026-03-19 06:41:32.000000000,12.538806
2026-03-19 06:12:34.000000000,10.501761
2026-03-19 06:59:46.000000000,11.902545
2026-03-19 06:50:13.000000000,18.740168
2026-03-19 06:05:43.000000000,16.047585
2026-03-19 06:43:35.000000000,30.793808
2026-03-19 06:30:53.000000000,12.569785
2026-03-19 07:12:54.000000000,13.20697
2026-03-19 07:58:46.000000000,94.88691
2026-03-19 07:17:07.000000000,51.210953
2026-03-19 07:30:31.000000000,8.193741
2026-03-19 07:20:14.000000000,14.582894
2026-03-19 07:33:28.000000000,56.090954
2026-03-19 07:04:53.000000000,12.330945
2026-03-19 07:38:23.000000000,34.982937
2026-03-19 07:50:31.000000000,8.982186
2026-03-19 07:49:38.000000000,44.460835
2026-03-19 07:48:31.000000000,28.069
2026-03-19 07:27:22.000000000,20.204845
2026-03-19 07:44:38.000000000,56.476864
2026-03-19 07:41:12.000000000,24.656721
2026-03-19 07:36:22.000000000,14.654325
2026-03-19 07:05:04.000000000,15.054891
2026-03-19 07:00:43.000000000,9.833411
2026-03-19 08:39:30.000000000,15.903679
2026-03-19 08:16:10.000000000,16.733416
2026-03-19 08:12:14.000000000,19.371552
2026-03-19 08:26:12.000000000,11.208829
2026-03-19 08:38:07.000000000,39.043636
2026-03-19 08:03:56.000000000,13.842003
2026-03-19 08:19:27.000000000,15.585429
2026-03-19 08:07:41.000000000,19.577309
2026-03-19 08:28:54.000000000,15.158786
2026-03-19 08:14:57.000000000,18.956175
2026-03-19 08:07:20.000000000,17.796375
2026-03-19 08:00:34.000000000,16.584785
2026-03-19 08:22:21.000000000,84.94372
2026-03-19 08:38:47.000000000,36.785736
2026-03-19 08:25:55.000000000,5.943494
2026-03-19 08:45:54.000000000,25.068762
2026-03-19 08:58:22.000000000,12.38048
2026-03-19 08:01:30.000000000,15.229785
2026-03-19 08:55:16.000000000,7.6292677
2026-03-19 08:40:18.000000000,16.98716
2026-03-19 09:59:33.000000000,27.50982
2026-03-19 09:24:51.000000000,12.178968
2026-03-19 09:01:28.000000000,15.224859
2026-03-19 09:28:10.000000000,17.003235
2026-03-19 09:46:39.000000000,12.1329155
2026-03-19 09:18:40.000000000,8.866503
2026-03-19 09:24:01.000000000,9.965872
2026-03-19 09:25:01.000000000,6.437064
2026-03-19 09:28:50.000000000,14.159485
2026-03-19 09:09:59.000000000,34.702164
2026-03-19 09:42:23.000000000,15.629625
2026-03-19 09:48:38.000000000,35.755432
2026-03-19 09:16:10.000000000,9.951338
2026-03-19 09:02:49.000000000,8.943404
2026-03-19 09:11:29.000000000,14.890656
2026-03-19 09:12:03.000000000,74.56026
2026-03-19 09:08:54.000000000,133.79697
2026-03-19 09:32:42.000000000,26.501038
2026-03-19 10:51:05.000000000,9.369589
2026-03-19 10:07:46.000000000,12.000103
2026-03-19 10:21:49.000000000,15.025445
2026-03-19 10:40:12.000000000,28.086765
2026-03-19 10:04:58.000000000,34.592133
2026-03-19 10:25:14.000000000,12.699379
2026-03-19 10:25:25.000000000,23.985756
2026-03-19 10:30:36.000000000,18.697275
2026-03-19 10:53:40.000000000,32.728745
2026-03-19 10:23:49.000000000,89.22582
2026-03-19 11:41:06.000000000,37.9401
2026-03-19 11:28:42.000000000,17.623165
2026-03-19 11:49:08.000000000,39.070957
2026-03-19 11:23:30.000000000,37.72073
2026-03-19 11:13:27.000000000,63.77606
2026-03-19 11:44:20.000000000,75.88489
2026-03-19 11:08:59.000000000,10.332974
2026-03-19 11:16:48.000000000,23.044077
2026-03-19 11:50:26.000000000,14.311425
2026-03-19 11:56:04.000000000,12.388887
2026-03-19 11:07:46.000000000,25.683601
2026-03-19 11:02:09.000000000,14.412689
2026-03-19 11:42:41.000000000,19.436167
2026-03-19 11:21:29.000000000,21.294235
2026-03-19 11:44:42.000000000,17.430258
2026-03-19 11:22:09.000000000,10.018342
2026-03-19 11:47:41.000000000,10.6952505
2026-03-19 12:44:45.000000000,16.10699
2026-03-19 12:34:53.000000000,41.342827
2026-03-19 12:16:14.000000000,19.493608
2026-03-19 12:46:03.000000000,22.250626
2026-03-19 12:01:48.000000000,9.759451
2026-03-19 12:45:56.000000000,10.76904
2026-03-19 12:16:35.000000000,14.944123
2026-03-19 12:01:31.000000000,11.149699
2026-03-19 12:55:36.000000000,103.425354
2026-03-19 12:43:33.000000000,26.26586
2026-03-19 12:03:53.000000000,10.762938
2026-03-19 12:44:32.000000000,23.883968
2026-03-19 12:35:48.000000000,17.91894
2026-03-19 12:10:54.000000000,13.288854
2026-03-19 12:59:48.000000000,16.021717
2026-03-19 12:22:35.000000000,50.25615
2026-03-19 13:14:32.000000000,7.682954
2026-03-19 13:51:02.000000000,23.564686
2026-03-19 13:09:45.000000000,26.96369
2026-03-19 13:06:59.000000000,37.282185
2026-03-19 13:44:44.000000000,29.34114
2026-03-19 13:15:09.000000000,23.025856
2026-03-19 13:49:49.000000000,59.07235
2026-03-19 13:51:23.000000000,14.745809
2026-03-19 13:59:06.000000000,8.288191
2026-03-19 13:34:32.000000000,22.920666
2026-03-19 13:58:57.000000000,41.65969
2026-03-19 13:55:00.000000000,8.853732
2026-03-19 13:03:58.000000000,17.466722
2026-03-19 13:37:51.000000000,40.06342
2026-03-19 13:03:04.000000000,19.354996
2026-03-19 13:43:48.000000000,35.156696
2026-03-19 14:00:05.000000000,17.603815
2026-03-19 14:16:38.000000000,71.75337
2026-03-19 14:45:30.000000000,37.99202
2026-03-19 14:18:11.000000000,19.627317
2026-03-19 14:49:41.000000000,41.203445
2026-03-19 14:40:46.000000000,136.66458
2026-03-19 14:30:04.000000000,93.454346
2026-03-19 14:46:29.000000000,19.44113
2026-03-19 14:18:29.000000000,8.950205
2026-03-19 14:32:41.000000000,32.572186
2026-03-19 14:15:06.000000000,8.105773
2026-03-19 14:00:41.000000000,116.26212
2026-03-19 14:51:14.000000000,22.362444
2026-03-19 14:32:41.000000000,12.209568
2026-03-19 14:43:57.000000000,173.70146
2026-03-19 14:16:03.000000000,8.865946
2026-03-19 14:04:52.000000000,25.85495
2026-03-19 14:33:44.000000000,74.17354
2026-03-19 15:37:43.000000000,12.924675
2026-03-19 15:09:54.000000000,16.597305
2026-03-19 15:43:24.000000000,18.784698
2026-03-19 15:29:48.000000000,35.95718
2026-03-19 15:07:33.000000000,33.66218
2026-03-19 15:26:25.000000000,25.226227
2026-03-19 15:41:17.000000000,18.038773
2026-03-19 15:56:23.000000000,66.42763
2026-03-19 15:44:41.000000000,6.4178267
2026-03-19 15:52:08.000000000,8.855677
2026-03-19 15:52:16.000000000,8.943404
2026-03-19 15:20:51.000000000,8.103453
2026-03-19 15:00:13.000000000,15.058714
2026-03-19 15:05:01.000000000,6.437064
2026-03-19 15:10:59.000000000,51.63235
2026-03-19 15:01:21.000000000,47.837048
2026-03-19 15:08:44.000000000,45.56566
2026-03-19 15:04:43.000000000,18.976952
2026-03-19 15:04:26.000000000,19.480415
2026-03-19 15:55:52.000000000,8.198452
2026-03-19 16:13:55.000000000,24.877007
2026-03-19 16:21:08.000000000,56.782543
2026-03-19 16:54:41.000000000,10.250395
2026-03-19 16:46:03.000000000,220.73634
2026-03-19 16:17:45.000000000,11.864642
2026-03-19 16:51:19.000000000,12.883742
2026-03-19 16:50:58.000000000,38.470512
2026-03-19 16:55:58.000000000,21.14519
2026-03-19 16:39:37.000000000,10.729136
2026-03-19 16:18:30.000000000,17.888805
2026-03-19 16:39:37.000000000,18.102652
2026-03-19 16:26:57.000000000,13.269073
2026-03-19 16:44:45.000000000,14.026345
2026-03-19 16:00:30.000000000,8.173366
2026-03-19 16:12:16.000000000,46.098595
2026-03-19 16:56:54.000000000,35.802624
2026-03-19 16:56:47.000000000,56.875263
2026-03-19 16:19:57.000000000,23.455544
2026-03-19 16:04:08.000000000,19.753641
2026-03-19 17:30:04.000000000,27.625273
2026-03-19 17:02:52.000000000,10.3039055
2026-03-19 17:47:45.000000000,132.36142
2026-03-19 17:53:02.000000000,19.377937
2026-03-19 17:03:44.000000000,33.857292
2026-03-19 17:57:24.000000000,33.642067
2026-03-19 17:31:13.000000000,50.315258
2026-03-19 17:39:29.000000000,44.96617
2026-03-19 17:14:03.000000000,27.720419
2026-03-19 17:43:06.000000000,30.886223
2026-03-19 17:59:34.000000000,19.672523
2026-03-19 17:24:34.000000000,45.851395
2026-03-19 17:08:19.000000000,12.8400135
2026-03-19 17:06:54.000000000,16.537735
2026-03-19 17:50:59.000000000,22.069405
2026-03-19 17:47:55.000000000,51.968708
2026-03-19 17:42:07.000000000,29.240423
2026-03-19 18:55:17.000000000,10.716339
2026-03-19 18:26:38.000000000,14.855668
2026-03-19 18:04:04.000000000,8.8099785
2026-03-19 18:23:26.000000000,8.937062
2026-03-19 18:50:56.000000000,21.281025
2026-03-19 18:12:34.000000000,21.105822
2026-03-19 18:51:34.000000000,13.295927
2026-03-19 18:41:33.000000000,131.91959
2026-03-19 18:32:31.000000000,8.12857
2026-03-19 18:14:18.000000000,32.107674
2026-03-19 18:40:11.000000000,39.166214
2026-03-19 18:44:34.000000000,8.703138
2026-03-19 18:36:28.000000000,20.5855
2026-03-19 18:04:06.000000000,65.360306
2026-03-19 18:22:45.000000000,35.80732
2026-03-19 18:34:38.000000000,23.249094
2026-03-19 18:26:02.000000000,9.177604
2026-03-19 18:13:35.000000000,16.733812
2026-03-19 19:28:31.000000000,75.88208
2026-03-19 19:59:47.000000000,6.9113607
2026-03-19 19:29:52.000000000,9.402771
2026-03-19 19:20:43.000000000,61.148003
2026-03-19 19:10:15.000000000,17.731468
2026-03-19 19:21:54.000000000,21.00926
2026-03-19 19:11:45.000000000,20.264418
2026-03-19 19:28:34.000000000,28.549755
2026-03-19 19:52:44.000000000,54.40926
2026-03-19 19:46:33.000000000,20.29381
2026-03-19 19:17:37.000000000,20.559366
2026-03-19 19:30:50.000000000,7.6697516
2026-03-19 20:17:43.000000000,13.200642
2026-03-19 20:45:39.000000000,6.743912
2026-03-19 20:47:33.000000000,34.080494
2026-03-19 20:10:27.000000000,23.244452
2026-03-19 20:55:40.000000000,15.058714
2026-03-19 20:49:59.000000000,21.981195
2026-03-19 20:35:31.000000000,28.076803
2026-03-19 20:47:57.000000000,24.369184
2026-03-19 20:03:39.000000000,9.7453375
2026-03-19 20:41:12.000000000,42.375813
2026-03-19 20:44:59.000000000,197.531
2026-03-19 20:08:41.000000000,26.42484
2026-03-19 20:08:40.000000000,49.57123
2026-03-19 20:46:43.000000000,35.284645
2026-03-19 20:14:31.000000000,16.277872
2026-03-19 20:06:42.000000000,18.791815
2026-03-19 20:27:31.000000000,26.231743
2026-03-19 20:25:25.000000000,34.067577
2026-03-19 20:35:26.000000000,35.895542
2026-03-19 20:20:54.000000000,24.160463
2026-03-19 21:29:04.000000000,9.883976
2026-03-19 21:19:11.000000000,8.04286
2026-03-19 21:22:08.000000000,38.64202
2026-03-19 21:08:51.000000000,7.364669
2026-03-19 21:40:54.000000000,112.1362
2026-03-19 21:41:41.000000000,22.746191
2026-03-19 21:27:41.000000000,45.935375
2026-03-19 21:05:18.000000000,68.61054
2026-03-19 21:49:25.000000000,18.423725
2026-03-19 21:41:44.000000000,76.0793
2026-03-19 21:08:02.000000000,30.370111
2026-03-19 21:56:56.000000000,15.150519
2026-03-19 22:13:46.000000000,49.019306
2026-03-19 22:30:13.000000000,11.047633
2026-03-19 22:11:18.000000000,16.867682
2026-03-19 22:26:53.000000000,10.254716
2026-03-19 22:25:53.000000000,11.802098
2026-03-19 22:36:34.000000000,83.21211
2026-03-19 22:27:11.000000000,26.57375
2026-03-19 22:44:50.000000000,70.40166
2026-03-19 22:33:36.000000000,30.505018
2026-03-19 22:32:18.000000000,115.21543
2026-03-19 22:03:44.000000000,29.856262
2026-03-19 22:22:44.000000000,13.834313
2026-03-19 22:27:44.000000000,41.26513
2026-03-19 23:49:02.000000000,7.399424
2026-03-19 23:28:06.000000000,12.886125
2026-03-19 23:55:14.000000000,35.12134
2026-03-19 23:27:28.000000000,6.485929
2026-03-19 23:04:17.000000000,133.76591
2026-03-19 23:14:11.000000000,6.867062
2026-03-19 23:22:08.000000000,48.843952
2026-03-19 23:22:45.000000000,36.259235
2026-03-19 23:32:25.000000000,36.94265
2026-03-19 23:22:00.000000000,6.6084814
2026-03-19 23:01:50.000000000,23.77466
2026-03-19 23:22:41.000000000,8.950712
2026-03-20 00:14:07.000000000,15.632785
2026-03-20 00:46:32.000000000,10.81372
2026-03-20 00:49:52.000000000,22.815264
2026-03-20 00:09:38.000000000,18.127913
2026-03-20 00:43:05.000000000,28.236532
2026-03-20 00:37:56.000000000,20.605019
2026-03-20 00:37:53.000000000,16.986814
2026-03-20 01:36:21.000000000,18.684134
2026-03-20 01:49:11.000000000,9.920284
2026-03-20 01:05:07.000000000,37.975113
2026-03-20 01:55:49.000000000,12.7730255
2026-03-20 01:37:11.000000000,113.68879
2026-03-20 01:34:51.000000000,12.257078
2026-03-20 01:59:14.000000000,10.874029
2026-03-20 01:04:36.000000000,10.896768
2026-03-20 02:11:17.000000000,6.780975
2026-03-20 02:51:57.000000000,6.841113
2026-03-20 02:47:51.000000000,64.10637
2026-03-20 02:03:29.000000000,44.29197
2026-03-20 02:51:47.000000000,34.272137
2026-03-20 03:34:59.000000000,17.342886
2026-03-20 03:13:32.000000000,11.272854
2026-03-20 03:59:34.000000000,45.038403
2026-03-20 03:23:01.000000000,33.04786
2026-03-20 04:28:39.000000000,35.285145
2026-03-20 04:25:00.000000000,36.447838
2026-03-20 04:46:26.000000000,41.106243
2026-03-20 04:19:20.000000000,56.44454
2026-03-20 04:19:52.000000000,24.254042
2026-03-20 05:41:40.000000000,11.470376
2026-03-20 05:19:43.000000000,31.663174
2026-03-20 05:18:27.000000000,6.4733763
2026-03-20 05:44:50.000000000,25.114115
2026-03-20 05:21:47.000000000,62.405434
2026-03-20 06:57:15.000000000,25.39286
2026-03-20 06:24:38.000000000,8.219977
2026-03-20 06:09:09.000000000,16.608997
2026-03-20 06:44:33.000000000,16.81997
2026-03-20 06:24:52.000000000,12.270854
2026-03-20 07:53:11.000000000,95.40298
2026-03-20 07:58:26.000000000,47.19965
2026-03-20 07:44:24.000000000,57.236294
2026-03-20 07:45:17.000000000,31.902597
2026-03-20 07:52:46.000000000,20.240658
2026-03-20 07:26:05.000000000,9.063268
2026-03-20 07:13:30.000000000,20.711994
2026-03-20 07:02:46.000000000,22.167427
2026-03-20 07:27:18.000000000,19.42175
2026-03-20 07:11:41.000000000,57.776646
2026-03-20 07:15:48.000000000,28.311493
2026-03-20 07:58:27.000000000,23.753332
2026-03-20 07:41:25.000000000,20.150604
2026-03-20 07:54:43.000000000,27.169477
2026-03-20 07:03:39.000000000,23.56634
2026-03-20 07:13:10.000000000,8.222133
2026-03-20 07:15:41.000000000,8.776721
2026-03-20 07:56:26.000000000,16.220665
2026-03-20 07:50:40.000000000,9.070956
2026-03-20 08:22:24.000000000,36.337418
2026-03-20 08:38:54.000000000,17.294832
2026-03-20 08:38:30.000000000,107.044876
2026-03-20 08:26:06.000000000,25.768122
2026-03-20 08:18:02.000000000,20.591852
2026-03-20 08:22:14.000000000,6.9358797
2026-03-20 08:02:57.000000000,23.0258
2026-03-20 08:26:43.000000000,8.78837
2026-03-20 08:40:17.000000000,102.25578
2026-03-20 08:00:51.000000000,35.589985
2026-03-20 08:05:06.000000000,18.572678
2026-03-20 08:20:46.000000000,8.202713
2026-03-20 08:04:16.000000000,8.355629
2026-03-20 08:27:29.000000000,13.224269
2026-03-20 08:21:06.000000000,28.461336
2026-03-20 08:41:47.000000000,41.90815
2026-03-20 08:45:05.000000000,180.85295
2026-03-20 08:18:29.000000000,27.49035
2026-03-20 08:08:27.000000000,15.438619
2026-03-20 09:55:24.000000000,10.01243
2026-03-20 09:11:32.000000000,34.42871
2026-03-20 09:11:15.000000000,25.610643
2026-03-20 09:19:41.000000000,15.229785
2026-03-20 09:20:39.000000000,21.755272
2026-03-20 09:54:10.000000000,41.04386
2026-03-20 09:20:36.000000000,26.57111
2026-03-20 09:17:00.000000000,66.812805
2026-03-20 09:17:18.000000000,25.811234
2026-03-20 09:10:09.000000000,33.632282
2026-03-20 09:11:49.000000000,19.29148
2026-03-20 09:59:50.000000000,14.389213
2026-03-20 09:02:31.000000000,9.836892
2026-03-20 09:22:25.000000000,14.409932
2026-03-20 09:17:44.000000000,30.780575
2026-03-20 09:40:18.000000000,9.806968
2026-03-20 09:44:36.000000000,7.0629525
2026-03-20 09:40:30.000000000,30.447723
2026-03-20 10:49:49.000000000,36.819637
2026-03-20 10:20:09.000000000,20.836977
2026-03-20 10:32:18.000000000,25.419838
2026-03-20 10:41:47.000000000,71.733116
2026-03-20 10:00:24.000000000,88.46635
2026-03-20 10:57:25.000000000,11.595775
2026-03-20 10:54:45.000000000,12.546409
2026-03-20 10:48:19.000000000,20.177265
2026-03-20 10:02:00.000000000,20.603447
2026-03-20 10:10:30.000000000,11.712103
2026-03-20 10:30:01.000000000,18.602146
2026-03-20 10:52:10.000000000,19.54304
2026-03-20 10:02:38.000000000,19.572731
2026-03-20 10:46:39.000000000,31.116507
2026-03-20 10:26:34.000000000,20.813189
2026-03-20 10:49:35.000000000,8.249171
2026-03-20 10:04:22.000000000,26.032125
2026-03-20 10:33:44.000000000,9.406199
2026-03-20 11:25:58.000000000,34.03424
2026-03-20 11:54:57.000000000,22.127653
2026-03-20 11:31:26.000000000,15.249403
2026-03-20 11:25:43.000000000,7.434061
2026-03-20 11:13:18.000000000,16.838879
2026-03-20 11:53:10.000000000,103.09268
2026-03-20 11:16:47.000000000,104.995605
2026-03-20 11:13:50.000000000,11.454649
2026-03-20 11:42:38.000000000,22.219109
2026-03-20 11:12:56.000000000,40.186913
2026-03-20 11:28:48.000000000,22.565565
2026-03-20 11:50:52.000000000,19.902039
2026-03-20 11:19:50.000000000,34.97949
2026-03-20 11:05:07.000000000,19.516434
2026-03-20 11:05:35.000000000,31.2416
2026-03-20 11:35:51.000000000,29.240423
2026-03-20 11:27:09.000000000,13.211266
2026-03-20 11:41:55.000000000,6.7818456
2026-03-20 11:32:58.000000000,11.732196
2026-03-20 11:57:59.000000000,18.596554
2026-03-20 12:26:04.000000000,11.469057
2026-03-20 12:41:45.000000000,6.063741
2026-03-20 12:25:36.000000000,94.97568
2026-03-20 12:11:06.000000000,9.881222
2026-03-20 12:07:57.000000000,23.80577
2026-03-20 12:35:49.000000000,31.340534
2026-03-20 12:57:42.000000000,90.9153
2026-03-20 12:48:57.000000000,38.416653
2026-03-20 12:05:43.000000000,25.379745
2026-03-20 12:56:02.000000000,9.383006
2026-03-20 13:15:48.000000000,37.151028
2026-03-20 13:04:16.000000000,32.725277
2026-03-20 13:20:42.000000000,39.394558
2026-03-20 13:27:16.000000000,14.566389
2026-03-20 13:26:39.000000000,17.238743
2026-03-20 13:53:46.000000000,95.229546
2026-03-20 13:59:43.000000000,23.9093
2026-03-20 13:35:55.000000000,29.487305
2026-03-20 13:47:04.000000000,20.799377
2026-03-20 13:12:38.000000000,22.479479
2026-03-20 13:36:12.000000000,11.691764
2026-03-20 13:56:41.000000000,24.765085
2026-03-20 13:01:37.000000000,13.098934
2026-03-20 13:09:38.000000000,11.298148
2026-03-20 13:29:24.000000000,41.300247
2026-03-20 13:42:50.000000000,25.869343
2026-03-20 13:00:11.000000000,10.8345585
2026-03-20 14:01:41.000000000,12.606488
2026-03-20 14:39:49.000000000,25.976627
2026-03-20 14:17:22.000000000,8.826886
2026-03-20 14:52:01.000000000,12.260846
2026-03-20 14:42:46.000000000,35.552547
2026-03-20 14:55:21.000000000,18.023035
2026-03-20 14:30:32.000000000,37.53857
2026-03-20 14:35:55.000000000,11.675377
2026-03-20 14:43:13.000000000,61.844315
2026-03-20 14:00:08.000000000,20.202093
2026-03-20 14:36:47.000000000,69.63363
2026-03-20 14:37:09.000000000,52.4436
2026-03-20 14:56:46.000000000,31.368576
2026-03-20 14:16:12.000000000,37.559093
2026-03-20 14:14:18.000000000,35.21633
2026-03-20 14:13:31.000000000,15.019283
2026-03-20 14:50:40.000000000,46.172466
2026-03-20 15:32:20.000000000,79.949
2026-03-20 15:40:39.000000000,12.381899
2026-03-20 15:36:15.000000000,19.685926
2026-03-20 15:51:58.000000000,24.641287
2026-03-20 15:02:04.000000000,7.8126464
2026-03-20 15:01:17.000000000,27.874739
2026-03-20 15:30:09.000000000,11.996974
2026-03-20 15:41:45.000000000,27.901428
2026-03-20 15:37:37.000000000,15.089007
2026-03-20 15:24:17.000000000,211.00313
2026-03-20 15:51:07.000000000,17.982052
2026-03-20 15:20:43.000000000,70.58145
2026-03-20 15:35:26.000000000,16.197083
2026-03-20 15:34:44.000000000,69.021736
2026-03-20 16:52:14.000000000,68.98589
2026-03-20 16:15:31.000000000,31.221247
2026-03-20 16:42:24.000000000,6.437064
2026-03-20 16:29:59.000000000,15.037579
2026-03-20 16:12:11.000000000,104.35059
2026-03-20 16:32:45.000000000,21.893995
2026-03-20 16:42:18.000000000,49.647476
2026-03-20 16:58:18.000000000,8.268971
2026-03-20 16:49:30.000000000,8.781356
2026-03-20 16:22:14.000000000,13.542363
2026-03-20 16:16:20.000000000,15.660406
2026-03-20 16:24:19.000000000,12.5885725
2026-03-20 16:53:24.000000000,5.9538097
2026-03-20 16:40:28.000000000,18.759035
2026-03-20 16:45:02.000000000,9.972318
2026-03-20 16:21:21.000000000,57.53501
2026-03-20 17:44:50.000000000,41.187725
2026-03-20 17:02:21.000000000,15.138867
2026-03-20 17:05:26.000000000,12.5112095
2026-03-20 17:31:16.000000000,14.36816
2026-03-20 17:48:50.000000000,29.468481
2026-03-20 17:48:23.000000000,74.10424
2026-03-20 17:20:37.000000000,12.722296
2026-03-20 17:39:28.000000000,22.544151
2026-03-20 17:50:45.000000000,21.297398
2026-03-20 17:03:42.000000000,7.7265067
2026-03-20 17:36:39.000000000,13.388741
2026-03-20 17:20:31.000000000,9.931025
2026-03-20 17:08:37.000000000,14.149045
2026-03-20 17:23:07.000000000,7.3515644
2026-03-20 17:56:35.000000000,17.288137
2026-03-20 17:51:03.000000000,12.597594
2026-03-20 17:56:30.000000000,9.964247
2026-03-20 17:23:43.000000000,6.9047523
2026-03-20 18:24:08.000000000,25.026735
2026-03-20 18:35:09.000000000,23.025778
2026-03-20 18:05:37.000000000,11.791675
2026-03-20 18:07:03.000000000,23.777128
2026-03-20 18:13:52.000000000,9.831776
2026-03-20 18:49:17.000000000,9.411745
2026-03-20 18:08:42.000000000,11.478318
2026-03-20 18:36:20.000000000,29.473412
2026-03-20 18:54:26.000000000,16.592493
2026-03-20 18:22:49.000000000,9.676759
2026-03-20 18:27:43.000000000,23.900969
2026-03-20 18:49:18.000000000,15.672044
2026-03-20 18:30:32.000000000,15.84557
2026-03-20 18:29:41.000000000,17.417547
2026-03-20 18:31:20.000000000,21.626644
2026-03-20 18:55:06.000000000,9.798335
2026-03-20 18:10:18.000000000,6.9243956
2026-03-20 19:23:45.000000000,18.07091
2026-03-20 19:18:42.000000000,18.372908
2026-03-20 19:25:54.000000000,41.764057
2026-03-20 19:44:35.000000000,24.210217
2026-03-20 19:10:42.000000000,21.413456
2026-03-20 19:16:51.000000000,37.342663
2026-03-20 19:13:35.000000000,25.228737
2026-03-20 19:17:12.000000000,20.991043
2026-03-20 19:27:25.000000000,73.00397
2026-03-20 19:52:54.000000000,18.936068
2026-03-20 19:31:15.000000000,15.97834
2026-03-20 19:27:54.000000000,20.43304
2026-03-20 19:56:45.000000000,6.407057
2026-03-20 19:00:10.000000000,71.824776
2026-03-20 19:22:11.000000000,6.948985
2026-03-20 19:32:15.000000000,12.272638
2026-03-20 19:23:09.000000000,19.673815
2026-03-20 20:07:06.000000000,19.98636
2026-03-20 20:29:52.000000000,37.166466
2026-03-20 20:35:32.000000000,29.141405
2026-03-20 20:39:01.000000000,6.466231
2026-03-20 20:46:10.000000000,8.810429
2026-03-20 20:51:28.000000000,7.7477665
2026-03-20 20:16:39.000000000,42.0721
2026-03-20 20:56:00.000000000,10.636733
2026-03-20 20:25:26.000000000,14.406274
2026-03-20 20:45:59.000000000,27.045553
2026-03-20 20:57:33.000000000,14.622029
2026-03-20 20:02:55.000000000,35.809334
2026-03-20 20:40:35.000000000,11.811329
2026-03-20 20:15:51.000000000,13.84652
2026-03-20 20:31:22.000000000,17.930754
2026-03-20 20:43:44.000000000,17.007946
2026-03-20 20:42:54.000000000,20.399698
2026-03-20 20:16:26.000000000,49.50662
2026-03-20 20:08:35.000000000,8.986861
2026-03-20 20:22:02.000000000,19.6027
2026-03-20 20:44:19.000000000,28.819733
2026-03-20 21:20:38.000000000,29.525398
2026-03-20 21:42:51.000000000,15.400448
2026-03-20 21:03:00.000000000,36.590427
2026-03-20 21:24:55.000000000,13.72272
2026-03-20 21:47:37.000000000,6.111658
2026-03-20 21:00:19.000000000,6.5689554
2026-03-20 21:36:23.000000000,18.15152
2026-03-20 21:53:18.000000000,43.818108
2026-03-20 21:32:09.000000000,13.664436
2026-03-20 21:52:30.000000000,20.362215
2026-03-20 21:07:50.000000000,26.425901
2026-03-20 21:57:25.000000000,15.824932
2026-03-20 21:54:01.000000000,94.97538
2026-03-20 21:59:43.000000000,160.09827
2026-03-20 21:14:09.000000000,40.214993
2026-03-20 21:39:30.000000000,28.352026
2026-03-20 21:12:32.000000000,28.089931
2026-03-20 21:24:59.000000000,7.627562
2026-03-20 21:29:30.000000000,11.768034
2026-03-20 21:29:48.000000000,17.21245
2026-03-20 21:36:54.000000000,33.277767
2026-03-20 21:01:30.000000000,9.931025
2026-03-20 21:19:05.000000000,43.336998
2026-03-20 21:21:15.000000000,31.419056
2026-03-20 21:42:18.000000000,30.197214
2026-03-20 22:43:35.000000000,17.230665
2026-03-20 22:56:02.000000000,51.33362
2026-03-20 22:49:13.000000000,16.984753
2026-03-20 22:30:45.000000000,23.40591
2026-03-20 22:02:58.000000000,8.392432
2026-03-20 22:22:44.000000000,39.924072
2026-03-20 22:29:04.000000000,63.594578
2026-03-20 22:12:16.000000000,45.349377
2026-03-20 22:17:25.000000000,14.004722
2026-03-20 22:26:38.000000000,58.59735
2026-03-20 22:28:01.000000000,9.771777
2026-03-20 22:28:34.000000000,17.829271
2026-03-20 22:27:24.000000000,56.10563
2026-03-20 23:35:47.000000000,43.294685
2026-03-20 23:43:23.000000000,51.68826
2026-03-20 23:43:06.000000000,50.71001
2026-03-20 23:30:21.000000000,13.733401
2026-03-20 23:07:24.000000000,59.366745
2026-03-20 23:14:40.000000000,15.220299
2026-03-20 23:40:24.000000000,31.640543
2026-03-20 23:25:52.000000000,15.60897
2026-03-20 23:49:52.000000000,25.731974
2026-03-20 23:57:12.000000000,68.10962
2026-03-20 23:20:45.000000000,9.853396
2026-03-20 23:18:12.000000000,24.406351
2026-03-20 23:58:36.000000000,19.010908
2026-03-20 23:52:23.000000000,51.779945
2026-03-20 23:54:12.000000000,30.615227
2026-03-20 23:47:08.000000000,48.74215
2026-03-20 23:45:03.000000000,48.65699
2026-03-20 23:08:24.000000000,15.019785
2026-03-20 23:24:00.000000000,31.86092
2026-03-20 23:31:10.000000000,42.11745
2026-03-21 00:39:12.000000000,22.247297
2026-03-21 00:42:03.000000000,27.871004
2026-03-21 00:39:24.000000000,14.688959
2026-03-21 00:40:51.000000000,14.275392
2026-03-21 00:53:51.000000000,39.555702
2026-03-21 00:53:43.000000000,40.28475
2026-03-21 00:40:15.000000000,25.631153
2026-03-21 00:48:38.000000000,26.195318
2026-03-21 00:59:17.000000000,10.632351
2026-03-21 00:01:57.000000000,15.072294
2026-03-21 01:13:27.000000000,35.333862
2026-03-21 01:52:17.000000000,16.04469
2026-03-21 01:29:23.000000000,13.491005
2026-03-21 01:49:08.000000000,23.599247
2026-03-21 01:39:43.000000000,50.897884
2026-03-21 01:01:59.000000000,52.360813
2026-03-21 01:47:58.000000000,8.639569
2026-03-21 01:35:40.000000000,19.4602
2026-03-21 01:02:34.000000000,11.139171
2026-03-21 01:00:16.000000000,21.348629
2026-03-21 01:55:01.000000000,12.6766405
2026-03-21 02:12:36.000000000,12.104051
2026-03-21 02:22:15.000000000,7.0731945
2026-03-21 02:36:29.000000000,13.280969
2026-03-21 02:16:05.000000000,13.502154
2026-03-21 02:09:43.000000000,8.953162
2026-03-21 02:24:36.000000000,19.837286
2026-03-21 02:08:57.000000000,9.833411
2026-03-21 02:16:09.000000000,9.028458
2026-03-21 02:28:44.000000000,14.943011
2026-03-21 03:07:16.000000000,27.435402
2026-03-21 03:15:23.000000000,48.480656
2026-03-21 03:10:17.000000000,17.710155
2026-03-21 03:47:06.000000000,7.314957
2026-03-21 03:23:38.000000000,19.56235
2026-03-21 04:06:05.000000000,29.647268
2026-03-21 04:26:15.000000000,73.17784
2026-03-21 04:33:17.000000000,45.872086
2026-03-21 04:29:18.000000000,27.486597
2026-03-21 04:14:46.000000000,45.009773
2026-03-21 04:44:20.000000000,29.310791
2026-03-21 04:10:42.000000000,25.755705
2026-03-21 05:24:12.000000000,18.544626
2026-03-21 05:15:06.000000000,64.17496
2026-03-21 05:52:53.000000000,11.81504
2026-03-21 05:00:42.000000000,70.333206
2026-03-21 05:07:41.000000000,28.362425
2026-03-21 06:25:06.000000000,24.984587
2026-03-21 06:28:40.000000000,25.01448
2026-03-21 06:11:57.000000000,16.221844
2026-03-21 06:45:32.000000000,69.03065
2026-03-21 06:15:21.000000000,13.385682
2026-03-21 06:30:43.000000000,12.515428
2026-03-21 06:21:52.000000000,17.837952
2026-03-21 06:51:10.000000000,26.546679
2026-03-21 06:34:01.000000000,23.542316
2026-03-21 06:08:00.000000000,21.845911
2026-03-21 06:01:55.000000000,56.223114
2026-03-21 06:08:48.000000000,13.083086
2026-03-21 06:01:53.000000000,8.942623
2026-03-21 06:56:04.000000000,29.730469
2026-03-21 07:21:25.000000000,25.484037
2026-03-21 07:14:18.000000000,11.696078
2026-03-21 07:55:45.000000000,14.779078
2026-03-21 07:36:21.000000000,37.080883
2026-03-21 07:00:09.000000000,10.624954
2026-03-21 07:36:43.000000000,24.063698
2026-03-21 07:09:00.000000000,13.179135
2026-03-21 07:03:45.000000000,32.973915
2026-03-21 07:17:02.000000000,17.587528
2026-03-21 07:10:35.000000000,28.123154
2026-03-21 08:28:05.000000000,6.4723167
2026-03-21 08:20:25.000000000,9.889889
2026-03-21 08:44:17.000000000,15.229785
2026-03-21 08:56:44.000000000,13.082126
2026-03-21 08:44:17.000000000,197.81152
2026-03-21 08:51:15.000000000,12.7637615
2026-03-21 09:49:11.000000000,26.099432
2026-03-21 09:33:04.000000000,12.370418
2026-03-21 09:26:32.000000000,7.6672015
2026-03-21 09:44:13.000000000,8.555923
2026-03-21 09:49:27.000000000,21.428064
2026-03-21 09:57:48.000000000,12.262408
2026-03-21 09:31:40.000000000,11.751466
2026-03-21 09:36:55.000000000,115.32102
2026-03-21 09:09:04.000000000,10.874437
2026-03-21 09:55:38.000000000,10.150736
2026-03-21 09:59:44.000000000,129.8341
2026-03-21 09:31:11.000000000,11.721887
2026-03-21 09:25:50.000000000,23.143301
2026-03-21 10:36:39.000000000,13.657522
2026-03-21 10:30:48.000000000,40.45537
2026-03-21 10:20:23.000000000,21.967102
2026-03-21 10:09:13.000000000,34.60987
2026-03-21 10:02:18.000000000,26.396046
2026-03-21 10:52:16.000000000,8.940775
2026-03-21 10:00:33.000000000,13.20697
2026-03-21 10:14:55.000000000,30.586334
2026-03-21 10:52:12.000000000,38.338516
2026-03-21 10:38:01.000000000,14.466976
2026-03-21 10:52:21.000000000,22.354485
2026-03-21 10:35:21.000000000,8.873491
2026-03-21 10:27:06.000000000,16.838879
2026-03-21 10:10:53.000000000,18.733925
2026-03-21 10:24:01.000000000,96.58996
2026-03-21 11:01:17.000000000,8.943404
2026-03-21 11:12:04.000000000,46.786144
2026-03-21 11:10:21.000000000,13.319327
2026-03-21 11:50:00.000000000,9.017804
2026-03-21 11:15:16.000000000,18.630827
2026-03-21 11:13:05.000000000,17.17072
2026-03-21 11:28:49.000000000,11.831221
2026-03-21 11:33:11.000000000,12.638053
2026-03-21 11:34:34.000000000,10.945396
2026-03-21 11:11:32.000000000,8.31023
2026-03-21 11:51:17.000000000,22.274359
2026-03-21 11:12:34.000000000,12.365509
2026-03-21 11:20:22.000000000,8.24084
2026-03-21 12:18:54.000000000,13.6939535
2026-03-21 12:52:41.000000000,36.264393
2026-03-21 12:24:07.000000000,14.78228
2026-03-21 12:11:40.000000000,9.241615
2026-03-21 12:26:44.000000000,15.022031
2026-03-21 12:12:28.000000000,7.421879
2026-03-21 12:03:09.000000000,27.44342
2026-03-21 12:48:19.000000000,21.551947
2026-03-21 12:06:50.000000000,60.387794
2026-03-21 12:05:34.000000000,27.950916
2026-03-21 12:30:45.000000000,54.989395
2026-03-21 12:23:59.000000000,6.6450443
2026-03-21 12:51:24.000000000,28.245878
2026-03-21 12:08:42.000000000,11.87807
2026-03-21 12:50:15.000000000,40.741753
2026-03-21 12:48:44.000000000,7.5298724
2026-03-21 12:22:17.000000000,16.863665
2026-03-21 13:22:24.000000000,14.617777
2026-03-21 13:56:55.000000000,12.482709
2026-03-21 13:32:14.000000000,7.939418
2026-03-21 13:18:36.000000000,30.909557
2026-03-21 13:46:14.000000000,34.484447
2026-03-21 13:04:08.000000000,48.003563
2026-03-21 13:47:27.000000000,9.722164
2026-03-21 13:06:17.000000000,10.992504
2026-03-21 13:25:31.000000000,51.00197
2026-03-21 13:56:57.000000000,15.784056
2026-03-21 13:30:31.000000000,21.578518
2026-03-21 13:17:28.000000000,18.529236
2026-03-21 13:05:34.000000000,22.966955
2026-03-21 13:23:37.000000000,10.059244
2026-03-21 13:08:20.000000000,61.95413
2026-03-21 13:54:29.000000000,23.870802
2026-03-21 13:45:43.000000000,72.374
2026-03-21 13:34:02.000000000,20.488417
2026-03-21 13:18:48.000000000,22.291279
2026-03-21 13:36:35.000000000,15.449983
2026-03-21 13:47:08.000000000,19.595125
2026-03-21 13:51:53.000000000,89.76774
2026-03-21 13:50:13.000000000,8.110236
2026-03-21 13:05:46.000000000,21.240313
2026-03-21 13:35:00.000000000,47.929096
2026-03-21 14:02:52.000000000,32.15475
2026-03-21 14:31:57.000000000,18.03631
2026-03-21 14:36:32.000000000,40.501804
2026-03-21 14:03:51.000000000,32.515965
2026-03-21 14:02:35.000000000,60.32859
2026-03-21 14:32:50.000000000,21.32919
2026-03-21 14:32:21.000000000,17.067997
2026-03-21 14:12:40.000000000,14.627447
2026-03-21 14:32:12.000000000,18.82215
2026-03-21 14:33:41.000000000,25.456415
2026-03-21 14:42:52.000000000,28.00434
2026-03-21 14:48:23.000000000,16.662958
2026-03-21 14:18:17.000000000,19.487488
2026-03-21 14:44:02.000000000,13.115262
2026-03-21 14:20:26.000000000,20.798595
2026-03-21 14:06:58.000000000,27.869015
2026-03-21 14:46:45.000000000,45.140583
2026-03-21 14:03:15.000000000,58.962204
2026-03-21 14:49:14.000000000,26.914364
2026-03-21 14:05:55.000000000,18.56377
2026-03-21 14:13:57.000000000,116.588326
2026-03-21 14:33:03.000000000,10.679188
2026-03-21 14:17:19.000000000,73.17565
2026-03-21 15:32:06.000000000,9.315793
2026-03-21 15:06:46.000000000,11.547277
2026-03-21 15:23:00.000000000,18.00399
2026-03-21 15:17:07.000000000,43.09066
2026-03-21 15:41:01.000000000,13.088838
2026-03-21 15:32:55.000000000,50.872894
2026-03-21 15:01:40.000000000,8.243887
2026-03-21 15:39:52.000000000,9.98158
2026-03-21 15:13:38.000000000,39.171204
2026-03-21 15:47:53.000000000,6.9256034
2026-03-21 15:12:06.000000000,24.558807
2026-03-21 15:26:39.000000000,30.28144
2026-03-21 15:06:32.000000000,23.94236
2026-03-21 15:01:40.000000000,21.287819
2026-03-21 15:25:19.000000000,26.0578
2026-03-21 15:40:31.000000000,21.472578
2026-03-21 15:34:23.000000000,24.027836
2026-03-21 15:23:28.000000000,9.444636
2026-03-21 15:39:05.000000000,15.4447775
2026-03-21 15:15:57.000000000,51.90217
2026-03-21 15:07:46.000000000,77.31474
2026-03-21 16:47:18.000000000,216.429
2026-03-21 16:25:39.000000000,12.388887
2026-03-21 16:00:13.000000000,26.759481
2026-03-21 16:45:53.000000000,8.987756
2026-03-21 16:20:02.000000000,53.84587
2026-03-21 16:15:46.000000000,9.086374
2026-03-21 16:13:10.000000000,29.109644
2026-03-21 16:30:32.000000000,16.018785
2026-03-21 16:05:25.000000000,22.110945
2026-03-21 16:50:23.000000000,12.492831
2026-03-21 16:16:12.000000000,39.662815
2026-03-21 16:31:56.000000000,123.5211
2026-03-21 16:57:23.000000000,105.577
2026-03-21 16:09:29.000000000,27.612085
2026-03-21 16:43:21.000000000,15.036759
2026-03-21 16:38:54.000000000,37.10847
2026-03-21 16:38:39.000000000,13.396082
2026-03-21 16:39:07.000000000,52.003994
2026-03-21 16:11:28.000000000,10.426364
2026-03-21 16:38:38.000000000,25.16956
2026-03-21 17:18:11.000000000,39.682716
2026-03-21 17:56:32.000000000,36.023815
2026-03-21 17:47:16.000000000,24.454157
2026-03-21 17:04:06.000000000,23.130667
2026-03-21 17:02:32.000000000,53.20524
2026-03-21 17:32:39.000000000,41.096428
2026-03-21 17:12:57.000000000,24.051212
2026-03-21 17:10:34.000000000,101.50303
2026-03-21 17:49:21.000000000,30.689177
2026-03-21 17:41:56.000000000,21.739632
2026-03-21 17:30:13.000000000,47.890343
2026-03-21 17:54:33.000000000,9.185541
2026-03-21 17:44:26.000000000,15.113499
2026-03-21 17:40:54.000000000,21.2223
2026-03-21 17:19:42.000000000,10.870664
2026-03-21 17:27:04.000000000,19.516447
2026-03-21 17:58:02.000000000,10.377788
2026-03-21 17:04:10.000000000,20.793335
2026-03-21 17:25:41.000000000,32.229626
2026-03-21 17:30:30.000000000,10.727876
2026-03-21 17:56:25.000000000,14.229979
2026-03-21 18:41:04.000000000,18.72514
2026-03-21 18:56:37.000000000,9.767429
2026-03-21 18:45:08.000000000,18.46242
2026-03-21 18:34:29.000000000,37.67122
2026-03-21 18:52:29.000000000,6.3185067
2026-03-21 18:27:53.000000000,15.315965
2026-03-21 18:24:11.000000000,19.83145
2026-03-21 18:24:04.000000000,19.755875
2026-03-21 18:53:18.000000000,20.793682
2026-03-21 18:58:57.000000000,10.936729
2026-03-21 18:48:47.000000000,31.665413
2026-03-21 18:41:23.000000000,18.732271
2026-03-21 18:58:01.000000000,18.770897
2026-03-21 18:30:01.000000000,12.846678
2026-03-21 18:52:12.000000000,13.503284
2026-03-21 18:28:58.000000000,8.168157
2026-03-21 18:36:21.000000000,39.20182
2026-03-21 19:42:01.000000000,17.612556
2026-03-21 19:24:31.000000000,11.05245
2026-03-21 19:11:16.000000000,16.151157
2026-03-21 19:05:40.000000000,24.357273
2026-03-21 19:40:04.000000000,46.418186
2026-03-21 19:58:51.000000000,16.700731
2026-03-21 19:28:34.000000000,29.993778
2026-03-21 19:22:59.000000000,59.53795
2026-03-21 19:09:28.000000000,11.849848
2026-03-21 19:46:07.000000000,12.436722
2026-03-21 19:56:27.000000000,39.170853
2026-03-21 19:59:07.000000000,11.254051
2026-03-21 19:17:04.000000000,39.526062
2026-03-21 20:55:48.000000000,6.4130383
2026-03-21 20:24:13.000000000,13.0300045
2026-03-21 20:04:38.000000000,39.697643
2026-03-21 20:57:14.000000000,15.2273
2026-03-21 20:17:34.000000000,11.862475
2026-03-21 20:50:55.000000000,8.987756
2026-03-21 20:23:15.000000000,21.57265
2026-03-21 20:14:20.000000000,43.5058
2026-03-21 20:02:43.000000000,7.806305
2026-03-21 20:19:30.000000000,8.5009165
2026-03-21 20:13:36.000000000,19.080019
2026-03-21 20:42:56.000000000,18.601513
2026-03-21 20:05:26.000000000,12.28822
2026-03-21 20:22:08.000000000,28.522154
2026-03-21 20:18:39.000000000,16.045078
2026-03-21 20:57:45.000000000,17.351835
2026-03-21 20:14:56.000000000,16.663923
2026-03-21 20:19:16.000000000,13.70364
2026-03-21 20:30:45.000000000,9.134949
2026-03-21 20:50:31.000000000,22.35431
2026-03-21 20:36:17.000000000,15.980032
2026-03-21 20:20:51.000000000,14.212695
2026-03-21 20:06:26.000000000,14.455313
2026-03-21 20:35:52.000000000,18.67668
2026-03-21 20:43:00.000000000,15.995043
2026-03-21 21:24:38.000000000,18.067009
2026-03-21 21:29:40.000000000,9.709746
2026-03-21 21:55:48.000000000,33.050762
2026-03-21 21:30:49.000000000,15.156322
2026-03-21 21:34:17.000000000,18.349607
2026-03-21 21:07:15.000000000,25.072819
2026-03-21 21:09:30.000000000,37.765717
2026-03-21 21:28:13.000000000,22.372047
2026-03-21 21:44:10.000000000,21.515848
2026-03-21 21:52:03.000000000,56.492546
2026-03-21 21:45:04.000000000,6.155482
2026-03-21 21:54:58.000000000,9.439652
2026-03-21 21:50:08.000000000,29.993778
2026-03-21 21:09:03.000000000,18.77649
2026-03-21 21:30:45.000000000,28.156605
2026-03-21 21:37:10.000000000,15.2046585
2026-03-21 21:44:11.000000000,16.021074
2026-03-21 22:40:05.000000000,44.57336
2026-03-21 22:58:51.000000000,8.8024845
2026-03-21 22:33:57.000000000,32.20386
2026-03-21 22:07:58.000000000,18.88973
2026-03-21 22:21:56.000000000,35.47124
2026-03-21 22:51:27.000000000,21.287025
2026-03-21 22:20:19.000000000,24.562386
2026-03-21 22:55:57.000000000,10.828838
2026-03-21 22:51:30.000000000,8.096464
2026-03-21 22:02:35.000000000,17.559406
2026-03-21 22:36:54.000000000,18.067474
2026-03-21 22:55:41.000000000,40.857384
2026-03-21 22:13:04.000000000,27.76454
2026-03-21 22:27:27.000000000,22.62083
2026-03-21 22:30:20.000000000,30.25062
2026-03-21 22:25:48.000000000,16.798763
2026-03-21 22:49:00.000000000,37.55244
2026-03-21 22:42:54.000000000,10.905699
2026-03-21 22:14:36.000000000,31.544645
2026-03-21 23:51:18.000000000,18.69883
2026-03-21 23:20:18.000000000,24.543215
2026-03-21 23:22:22.000000000,35.561436
2026-03-21 23:54:34.000000000,43.839176
2026-03-21 23:16:31.000000000,45.573875
2026-03-21 23:57:37.000000000,77.53672
2026-03-21 23:23:31.000000000,32.283665
2026-03-21 23:13:48.000000000,35.15625
2026-03-21 23:06:51.000000000,44.657433
2026-03-21 23:20:03.000000000,22.16279
2026-03-21 23:56:25.000000000,8.845352
2026-03-21 23:03:47.000000000,24.22295
2026-03-21 23:39:15.000000000,13.281077
2026-03-21 23:38:36.000000000,19.777956
2026-03-21 23:20:08.000000000,8.277151
2026-03-21 23:10:40.000000000,30.771114
2026-03-21 23:53:26.000000000,40.26489
2026-03-21 23:05:00.000000000,21.758133
2026-03-21 23:53:51.000000000,62.060513
2026-03-21 23:27:02.000000000,70.7838
2026-03-21 23:50:49.000000000,53.124092
2026-03-22 00:46:49.000000000,18.421923
2026-03-22 00:06:22.000000000,39.541115
2026-03-22 00:21:43.000000000,10.499621
2026-03-22 00:18:15.000000000,31.420795
2026-03-22 00:24:39.000000000,23.532288
2026-03-22 00:42:38.000000000,10.10592
2026-03-22 00:30:04.000000000,77.31072
2026-03-22 00:07:02.000000000,39.032623
2026-03-22 00:41:54.000000000,40.006775
2026-03-22 00:10:33.000000000,25.799414
2026-03-22 00:46:17.000000000,9.792364
2026-03-22 00:07:37.000000000,13.035834
2026-03-22 00:14:02.000000000,57.47117
2026-03-22 00:00:51.000000000,26.495724
2026-03-22 00:33:53.000000000,30.009789
2026-03-22 00:48:28.000000000,48.81551
2026-03-22 00:08:24.000000000,49.106964
2026-03-22 00:08:23.000000000,19.556103
2026-03-22 00:10:05.000000000,11.73178
2026-03-22 00:10:04.000000000,8.181392
2026-03-22 00:55:09.000000000,18.131838
2026-03-22 01:27:34.000000000,12.358771
2026-03-22 01:39:48.000000000,6.9095006
2026-03-22 01:28:53.000000000,10.945519
2026-03-22 01:17:32.000000000,27.375738
2026-03-22 01:59:49.000000000,63.525295
2026-03-22 01:03:46.000000000,7.454193
2026-03-22 01:00:51.000000000,15.853213
2026-03-22 01:17:00.000000000,24.656351
2026-03-22 01:28:37.000000000,14.384786
2026-03-22 01:18:30.000000000,8.749096
2026-03-22 01:49:31.000000000,44.41079
2026-03-22 01:30:02.000000000,20.534094
2026-03-22 01:23:41.000000000,41.638916
2026-03-22 01:40:05.000000000,9.890012
2026-03-22 02:26:35.000000000,17.909908
2026-03-22 02:24:42.000000000,10.586244
2026-03-22 02:47:25.000000000,61.158794
2026-03-22 02:31:42.000000000,39.753506
2026-03-22 02:17:08.000000000,28.735144
2026-03-22 02:50:29.000000000,114.979866
2026-03-22 02:00:10.000000000,6.235234
2026-03-22 02:35:10.000000000,23.156183
2026-03-22 02:16:03.000000000,104.24984
2026-03-22 02:40:14.000000000,34.108963
2026-03-22 02:46:48.000000000,31.355444
2026-03-22 02:12:17.000000000,6.2323594
2026-03-22 02:53:19.000000000,19.28833
2026-03-22 02:55:22.000000000,19.8482
2026-03-22 03:35:08.000000000,18.240368
2026-03-22 03:46:41.000000000,27.98563
2026-03-22 03:07:16.000000000,40.67194
2026-03-22 03:06:14.000000000,43.00715
2026-03-22 03:07:40.000000000,11.828189
2026-03-22 03:13:14.000000000,16.5248
2026-03-22 03:28:02.000000000,29.336557
2026-03-22 03:03:05.000000000,20.632996
2026-03-22 03:11:29.000000000,29.596842
2026-03-22 04:45:08.000000000,62.788467
2026-03-22 04:50:55.000000000,11.949922
2026-03-22 04:20:37.000000000,16.645172
2026-03-22 04:05:34.000000000,43.812
2026-03-22 04:09:35.000000000,45.28535
2026-03-22 04:45:10.000000000,43.599213
2026-03-22 05:54:00.000000000,25.976627
2026-03-22 05:08:00.000000000,28.866867
2026-03-22 05:38:53.000000000,8.096464
2026-03-22 05:16:46.000000000,15.467441
2026-03-22 05:34:22.000000000,23.369776
2026-03-22 05:10:34.000000000,47.05915
2026-03-22 06:04:10.000000000,26.629353
2026-03-22 06:36:04.000000000,30.197079
2026-03-22 07:34:59.000000000,6.887968
2026-03-22 07:31:15.000000000,8.314081
2026-03-22 07:55:17.000000000,20.106522
2026-03-22 07:12:19.000000000,86.248184
2026-03-22 07:51:57.000000000,6.7923164
2026-03-22 07:22:31.000000000,40.640217
2026-03-22 08:42:17.000000000,23.22502
2026-03-22 08:42:12.000000000,12.378464
2026-03-22 08:34:11.000000000,96.30278
2026-03-22 08:02:05.000000000,11.815234
2026-03-22 08:18:23.000000000,25.600119
2026-03-22 08:49:25.000000000,10.946243
2026-03-22 09:23:23.000000000,12.564932
2026-03-22 09:54:37.000000000,10.825504
2026-03-22 09:42:46.000000000,13.246864
2026-03-22 09:51:01.000000000,16.23352
2026-03-22 09:22:42.000000000,11.683124
2026-03-22 09:05:02.000000000,14.831923
2026-03-22 09:39:36.000000000,11.798294
2026-03-22 09:06:56.000000000,13.113308
2026-03-22 09:36:57.000000000,35.795567
2026-03-22 10:01:10.000000000,24.960503
2026-03-22 10:21:52.000000000,17.67159
2026-03-22 10:14:28.000000000,26.442272
2026-03-22 10:41:15.000000000,22.371485
2026-03-22 10:24:15.000000000,13.81994
2026-03-22 10:38:30.000000000,22.082537
2026-03-22 10:12:36.000000000,8.971239
2026-03-22 10:37:50.000000000,9.076839
2026-03-22 10:46:49.000000000,7.6315923
2026-03-22 11:44:02.000000000,41.164745
2026-03-22 11:04:29.000000000,8.207071
2026-03-22 11:11:54.000000000,21.23734
2026-03-22 11:48:21.000000000,10.024259
2026-03-22 11:45:12.000000000,13.839581
2026-03-22 11:58:30.000000000,25.329508
2026-03-22 11:35:24.000000000,12.686424
2026-03-22 11:57:32.000000000,14.069015
2026-03-22 11:29:55.000000000,72.197014
2026-03-22 11:50:17.000000000,7.8833594
2026-03-22 11:10:21.000000000,15.943902
2026-03-22 11:51:12.000000000,8.619434
2026-03-22 11:18:59.000000000,12.531114
2026-03-22 11:55:39.000000000,14.451548
2026-03-22 11:44:37.000000000,16.198418
2026-03-22 11:17:11.000000000,7.499018
2026-03-22 12:08:55.000000000,26.516134
2026-03-22 12:41:28.000000000,73.31331
2026-03-22 12:56:17.000000000,13.383127
2026-03-22 12:09:36.000000000,25.923485
2026-03-22 12:20:32.000000000,23.878908
2026-03-22 12:33:50.000000000,113.87251
2026-03-22 12:27:41.000000000,57.28038
2026-03-22 12:35:33.000000000,33.155357
2026-03-22 12:51:27.000000000,12.381899
2026-03-22 12:27:11.000000000,16.813398
2026-03-22 12:21:04.000000000,21.645401
2026-03-22 12:00:32.000000000,15.137001
2026-03-22 12:03:42.000000000,47.80624
2026-03-22 12:41:20.000000000,17.729408
2026-03-22 12:46:11.000000000,33.76628
2026-03-22 12:00:38.000000000,44.547348
2026-03-22 12:04:36.000000000,30.017834
2026-03-22 13:20:50.000000000,10.874517
2026-03-22 13:34:00.000000000,28.515295
2026-03-22 13:24:20.000000000,25.58582
2026-03-22 13:56:18.000000000,42.47369
2026-03-22 13:19:12.000000000,12.681187
2026-03-22 13:45:02.000000000,11.592394
2026-03-22 13:33:12.000000000,15.077809
2026-03-22 13:39:04.000000000,14.260503
2026-03-22 13:48:47.000000000,9.0578
2026-03-22 13:59:24.000000000,33.577583
2026-03-22 13:07:33.000000000,46.069466
2026-03-22 14:25:33.000000000,12.697819
2026-03-22 14:12:40.000000000,16.780691
2026-03-22 14:29:26.000000000,14.965606
2026-03-22 14:20:05.000000000,8.143574
2026-03-22 14:32:16.000000000,51.064186
2026-03-22 14:04:08.000000000,21.52217
2026-03-22 14:20:56.000000000,83.40526
2026-03-22 14:04:23.000000000,16.43065
2026-03-22 14:57:27.000000000,58.437107
2026-03-22 14:07:50.000000000,18.94125
2026-03-22 14:28:41.000000000,22.665201
2026-03-22 14:18:35.000000000,24.432938
2026-03-22 14:36:17.000000000,16.838556
2026-03-22 15:33:58.000000000,20.720303
2026-03-22 15:24:41.000000000,18.793528
2026-03-22 15:49:04.000000000,26.47919
2026-03-22 15:38:32.000000000,12.539823
2026-03-22 15:41:13.000000000,46.953247
2026-03-22 15:27:45.000000000,11.561602
2026-03-22 15:01:48.000000000,10.874029
2026-03-22 15:14:05.000000000,14.703767
2026-03-22 15:04:20.000000000,20.74058
2026-03-22 15:06:38.000000000,24.503443
2026-03-22 15:49:52.000000000,70.45055
2026-03-22 15:17:47.000000000,36.739525
2026-03-22 15:26:23.000000000,12.823235
2026-03-22 16:52:09.000000000,11.349513
2026-03-22 16:48:28.000000000,16.579071
2026-03-22 16:51:56.000000000,8.178594
2026-03-22 16:00:04.000000000,30.250658
2026-03-22 16:06:13.000000000,112.454834
2026-03-22 16:29:58.000000000,14.523797
2026-03-22 16:06:30.000000000,32.021133
2026-03-22 16:56:13.000000000,23.258995
2026-03-22 16:51:33.000000000,12.532834
2026-03-22 16:52:19.000000000,17.08205
2026-03-22 16:48:20.000000000,35.663364
2026-03-22 16:00:03.000000000,12.580031
2026-03-22 16:53:42.000000000,8.184593
2026-03-22 16:04:57.000000000,74.04453
2026-03-22 16:57:33.000000000,24.824278
2026-03-22 16:27:53.000000000,17.014738
2026-03-22 16:54:42.000000000,17.126688
2026-03-22 16:20:37.000000000,25.96763
2026-03-22 17:41:41.000000000,24.352922
2026-03-22 17:51:56.000000000,40.089626
2026-03-22 17:56:41.000000000,14.645536
2026-03-22 17:35:23.000000000,51.90542
2026-03-22 17:47:34.000000000,20.236115
2026-03-22 17:18:50.000000000,7.8027205
2026-03-22 17:04:11.000000000,19.595083
2026-03-22 17:48:58.000000000,29.761393
2026-03-22 17:34:40.000000000,29.329634
2026-03-22 17:10:10.000000000,21.374691
2026-03-22 17:59:06.000000000,11.260978
2026-03-22 17:05:10.000000000,22.902752
2026-03-22 17:32:41.000000000,17.820887
2026-03-22 18:14:16.000000000,16.741308
2026-03-22 18:13:46.000000000,9.050432
2026-03-22 18:35:04.000000000,16.804794
2026-03-22 18:34:58.000000000,26.040453
2026-03-22 18:08:02.000000000,29.035275
2026-03-22 18:59:12.000000000,13.098934
2026-03-22 18:46:45.000000000,11.779393
2026-03-22 18:12:00.000000000,21.679386
2026-03-22 18:36:54.000000000,10.459411
2026-03-22 18:27:50.000000000,48.6241
2026-03-22 18:33:59.000000000,14.990965
2026-03-22 18:08:20.000000000,21.373451
2026-03-22 18:48:25.000000000,26.762901
2026-03-22 18:11:35.000000000,27.820667
2026-03-22 19:58:33.000000000,30.21197
2026-03-22 19:58:29.000000000,7.6697516
2026-03-22 19:03:04.000000000,17.683908
2026-03-22 19:43:28.000000000,27.643747
2026-03-22 19:33:50.000000000,43.586952
2026-03-22 19:50:50.000000000,50.18292
2026-03-22 19:40:22.000000000,17.235952
2026-03-22 19:35:09.000000000,28.302328
2026-03-22 19:59:40.000000000,12.896704
2026-03-22 19:28:01.000000000,52.244183
2026-03-22 19:57:51.000000000,24.505411
2026-03-22 20:33:06.000000000,18.371656
2026-03-22 20:21:17.000000000,16.10203
2026-03-22 20:05:13.000000000,19.993843
2026-03-22 20:03:30.000000000,20.250477
2026-03-22 20:58:29.000000000,49.67289
2026-03-22 20:58:26.000000000,9.987416
2026-03-22 20:43:36.000000000,17.982864
2026-03-22 20:44:05.000000000,11.31405
2026-03-22 20:52:52.000000000,33.521523
2026-03-22 20:30:56.000000000,12.007031
2026-03-22 20:05:54.000000000,14.690581
2026-03-22 20:43:34.000000000,25.226358
2026-03-22 20:58:15.000000000,18.775599
2026-03-22 20:49:19.000000000,13.330228
2026-03-22 20:39:50.000000000,9.833098
2026-03-22 20:08:05.000000000,14.412689
2026-03-22 20:36:48.000000000,10.680916
2026-03-22 21:21:27.000000000,13.292061
2026-03-22 21:43:54.000000000,19.762926
2026-03-22 21:18:14.000000000,6.444052
2026-03-22 21:50:58.000000000,28.675882
2026-03-22 21:32:20.000000000,15.485275
2026-03-22 21:41:20.000000000,31.481415
2026-03-22 21:09:37.000000000,32.28593
2026-03-22 21:33:51.000000000,38.180237
2026-03-22 21:49:43.000000000,34.26529
2026-03-22 21:01:38.000000000,24.8342
2026-03-22 21:56:21.000000000,11.384902
2026-03-22 21:50:26.000000000,13.467877
2026-03-22 21:03:06.000000000,14.317321
2026-03-22 21:30:09.000000000,6.699971
2026-03-22 21:04:01.000000000,15.388548
2026-03-22 21:08:01.000000000,50.510845
2026-03-22 22:05:51.000000000,8.016076
2026-03-22 22:10:49.000000000,18.01312
2026-03-22 22:03:22.000000000,43.11494
2026-03-22 22:46:23.000000000,92.96686
2026-03-22 22:08:21.000000000,108.790085
2026-03-22 22:02:33.000000000,16.513079
2026-03-22 22:08:15.000000000,31.80657
2026-03-22 22:40:15.000000000,22.49512
2026-03-22 22:17:10.000000000,48.05239
2026-03-22 22:27:26.000000000,46.24112
2026-03-22 22:42:00.000000000,42.890423
2026-03-22 22:24:51.000000000,26.00121
2026-03-22 22:11:04.000000000,13.16554
2026-03-22 22:04:39.000000000,29.90937
2026-03-22 23:58:47.000000000,23.87002
2026-03-22 23:26:57.000000000,6.4130383
2026-03-22 23:28:42.000000000,8.171522
2026-03-22 23:04:48.000000000,12.7237425
2026-03-22 23:49:06.000000000,15.158296
2026-03-22 23:57:09.000000000,15.863722
2026-03-22 23:26:26.000000000,10.421413
2026-03-22 23:45:49.000000000,14.607005
2026-03-22 23:46:55.000000000,66.64496
2026-03-22 23:09:18.000000000,36.68227
2026-03-23 00:45:26.000000000,27.224167
2026-03-23 00:55:18.000000000,34.275784
2026-03-23 00:16:01.000000000,7.4334855
2026-03-23 00:05:54.000000000,27.371542
2026-03-23 00:14:32.000000000,17.700357
2026-03-23 00:05:33.000000000,25.830574
2026-03-23 00:46:44.000000000,9.833411
2026-03-23 01:45:17.000000000,20.923967
2026-03-23 01:14:08.000000000,19.521711
2026-03-23 01:12:35.000000000,21.215523
2026-03-23 01:29:10.000000000,22.783186
2026-03-23 01:40:10.000000000,76.653206
2026-03-23 01:50:43.000000000,6.651255
2026-03-23 01:40:09.000000000,58.816013
2026-03-23 02:06:11.000000000,49.35765
2026-03-23 03:51:42.000000000,62.730747
2026-03-23 03:42:41.000000000,55.351204
2026-03-23 03:34:00.000000000,25.782408
2026-03-23 03:29:08.000000000,38.41501
2026-03-23 03:08:30.000000000,28.748291
2026-03-23 03:18:30.000000000,73.085075
2026-03-23 03:22:05.000000000,9.556628
2026-03-23 03:10:31.000000000,8.814405
2026-03-23 04:42:33.000000000,14.874853
2026-03-23 04:17:34.000000000,20.36137
2026-03-23 04:28:18.000000000,12.634557
2026-03-23 04:10:12.000000000,50.814106
2026-03-23 04:52:42.000000000,117.38716
2026-03-23 05:17:09.000000000,84.010254
2026-03-23 05:59:20.000000000,44.865524
2026-03-23 05:02:21.000000000,103.001175
2026-03-23 05:56:43.000000000,9.14918
2026-03-23 05:14:52.000000000,10.19443
2026-03-23 05:36:40.000000000,24.700367
2026-03-23 05:52:01.000000000,30.36913
2026-03-23 05:40:42.000000000,9.149475
2026-03-23 05:06:45.000000000,17.526167
2026-03-23 05:56:27.000000000,37.588943
2026-03-23 06:20:55.000000000,8.238939
2026-03-23 06:55:07.000000000,20.932411
2026-03-23 06:06:41.000000000,9.03665
2026-03-23 06:43:49.000000000,13.154388
2026-03-23 06:52:24.000000000,30.542862
2026-03-23 06:32:35.000000000,26.371443
2026-03-23 06:52:03.000000000,102.74653
2026-03-23 06:40:50.000000000,9.972808
2026-03-23 06:33:04.000000000,14.353991
2026-03-23 07:10:38.000000000,93.58419
2026-03-23 07:19:00.000000000,23.609404
2026-03-23 07:40:00.000000000,86.46088
2026-03-23 07:28:47.000000000,10.791581
2026-03-23 07:43:48.000000000,24.834103
2026-03-23 07:39:25.000000000,126.31903
2026-03-23 07:48:33.000000000,13.462743
2026-03-23 07:28:57.000000000,25.31305
2026-03-23 07:07:53.000000000,12.499907
2026-03-23 07:32:57.000000000,22.117926
2026-03-23 07:21:19.000000000,49.344387
2026-03-23 07:46:53.000000000,24.902596
2026-03-23 07:36:00.000000000,15.503163
2026-03-23 07:46:21.000000000,14.25121
2026-03-23 07:05:23.000000000,12.25326
2026-03-23 08:26:34.000000000,17.01013
2026-03-23 08:30:00.000000000,36.65225
2026-03-23 08:51:19.000000000,22.363401
2026-03-23 08:55:07.000000000,13.386413
2026-03-23 08:50:47.000000000,18.065166
2026-03-23 08:34:56.000000000,51.557316
2026-03-23 08:05:39.000000000,20.943752
2026-03-23 08:50:15.000000000,11.649214
2026-03-23 08:17:00.000000000,13.38041
2026-03-23 08:22:38.000000000,6.478941
2026-03-23 08:46:37.000000000,20.3918
2026-03-23 08:31:28.000000000,10.822356
2026-03-23 08:55:10.000000000,10.908245
2026-03-23 08:07:53.000000000,67.89469
2026-03-23 08:52:24.000000000,16.140282
2026-03-23 08:34:14.000000000,104.35059
2026-03-23 08:29:03.000000000,23.304564
2026-03-23 08:48:18.000000000,15.151797
2026-03-23 09:00:03.000000000,29.183681
2026-03-23 09:09:17.000000000,26.737436
2026-03-23 09:56:34.000000000,6.478941
2026-03-23 09:19:54.000000000,35.20973
2026-03-23 09:20:00.000000000,15.903679
2026-03-23 09:52:14.000000000,9.641986
2026-03-23 09:17:56.000000000,16.488287
2026-03-23 09:02:08.000000000,21.401066
2026-03-23 09:49:19.000000000,11.837023
2026-03-23 09:58:28.000000000,36.674034
2026-03-23 09:02:48.000000000,14.53872
2026-03-23 09:17:10.000000000,7.370251
2026-03-23 09:45:45.000000000,8.3349285
2026-03-23 09:53:06.000000000,8.173366
2026-03-23 09:03:52.000000000,29.871689
2026-03-23 09:42:57.000000000,27.666653
2026-03-23 09:15:20.000000000,31.94535
2026-03-23 09:56:54.000000000,8.267123
2026-03-23 09:34:03.000000000,11.669803
2026-03-23 10:10:24.000000000,43.324894
2026-03-23 10:08:01.000000000,12.5809
2026-03-23 10:44:19.000000000,14.297482
2026-03-23 10:16:48.000000000,13.162516
2026-03-23 10:59:11.000000000,10.974816
2026-03-23 10:02:49.000000000,22.230265
2026-03-23 10:04:16.000000000,33.971706
2026-03-23 10:56:24.000000000,35.339634
2026-03-23 10:03:49.000000000,44.941177
2026-03-23 11:22:37.000000000,27.716894
2026-03-23 11:10:28.000000000,14.871187
2026-03-23 11:06:13.000000000,6.4234576
2026-03-23 11:17:23.000000000,20.44347
2026-03-23 11:55:54.000000000,13.375824
2026-03-23 11:38:15.000000000,66.6936
2026-03-23 11:07:37.000000000,17.779144
2026-03-23 11:12:31.000000000,84.91366
2026-03-23 11:50:46.000000000,33.286022
2026-03-23 12:57:43.000000000,22.577822
2026-03-23 12:58:35.000000000,18.859985
2026-03-23 12:18:59.000000000,12.503558
2026-03-23 12:24:58.000000000,30.92621
2026-03-23 12:18:46.000000000,22.785866
2026-03-23 12:39:02.000000000,16.349432
2026-03-23 12:59:09.000000000,7.6315923
2026-03-23 12:53:54.000000000,12.377051
2026-03-23 12:02:22.000000000,29.657965
2026-03-23 12:21:27.000000000,26.709328
2026-03-23 12:24:30.000000000,36.14329
2026-03-23 12:11:03.000000000,14.487167
2026-03-23 13:47:03.000000000,73.30971
2026-03-23 13:35:18.000000000,23.927982
2026-03-23 13:48:13.000000000,8.719918
2026-03-23 13:16:32.000000000,89.24112
2026-03-23 13:17:34.000000000,32.47694
2026-03-23 13:37:05.000000000,78.76847
2026-03-23 13:10:28.000000000,12.344523
2026-03-23 13:34:48.000000000,15.869525
2026-03-23 13:10:00.000000000,28.11392
2026-03-23 13:55:57.000000000,23.635366
2026-03-23 13:57:31.000000000,9.711211
2026-03-23 13:17:54.000000000,5.950482
2026-03-23 13:53:15.000000000,64.386086
2026-03-23 13:43:35.000000000,17.315874
2026-03-23 14:19:16.000000000,12.533843
2026-03-23 14:25:46.000000000,16.958546
2026-03-23 14:55:52.000000000,6.719422
2026-03-23 14:44:21.000000000,12.668885
2026-03-23 14:35:44.000000000,38.04994
2026-03-23 14:24:18.000000000,77.38665
2026-03-23 14:45:03.000000000,52.24711
2026-03-23 14:56:31.000000000,18.04737
2026-03-23 14:07:46.000000000,12.528156
2026-03-23 14:06:09.000000000,103.71151
2026-03-23 14:21:07.000000000,7.7019563
2026-03-23 14:49:15.000000000,13.502154
2026-03-23 14:48:43.000000000,34.68546
2026-03-23 14:21:00.000000000,70.25775
2026-03-23 14:40:08.000000000,14.103602
2026-03-23 14:57:33.000000000,22.354485
2026-03-23 14:19:35.000000000,12.364213
2026-03-23 14:16:02.000000000,19.042753
2026-03-23 14:03:23.000000000,9.964474
2026-03-23 15:10:21.000000000,17.792332
2026-03-23 15:12:46.000000000,12.255108
2026-03-23 15:26:10.000000000,17.391638
2026-03-23 15:27:22.000000000,35.360283
2026-03-23 15:07:36.000000000,11.382525
2026-03-23 15:13:03.000000000,7.043887
2026-03-23 15:18:35.000000000,92.394966
2026-03-23 15:14:36.000000000,20.691235
2026-03-23 15:14:00.000000000,143.49687
2026-03-23 15:31:06.000000000,15.064527
2026-03-23 15:44:01.000000000,29.350801
2026-03-23 15:53:55.000000000,18.084637
2026-03-23 15:51:34.000000000,7.1907654
2026-03-23 15:50:49.000000000,8.187868
2026-03-23 15:26:53.000000000,7.3377256
2026-03-23 15:29:43.000000000,10.569794
2026-03-23 16:01:58.000000000,35.17374
2026-03-23 16:41:26.000000000,9.332878
2026-03-23 16:44:16.000000000,36.260365
2026-03-23 16:47:10.000000000,20.481544
2026-03-23 16:44:39.000000000,48.448
2026-03-23 16:25:13.000000000,7.5277
2026-03-23 16:04:03.000000000,24.049412
2026-03-23 16:40:24.000000000,6.5617347
2026-03-23 16:58:49.000000000,7.105616
2026-03-23 16:03:12.000000000,20.58208
2026-03-23 16:11:35.000000000,7.5255322
2026-03-23 16:39:35.000000000,8.350966
2026-03-23 16:23:05.000000000,35.834793
2026-03-23 16:04:14.000000000,30.493717
2026-03-23 16:11:12.000000000,30.826988
2026-03-23 16:00:18.000000000,15.30604
2026-03-23 17:31:24.000000000,17.49035
2026-03-23 17:36:48.000000000,15.215411
2026-03-23 17:45:25.000000000,16.319061
2026-03-23 17:14:45.000000000,44.81967
2026-03-23 17:02:03.000000000,10.75158
2026-03-23 17:09:07.000000000,10.459411
2026-03-23 17:22:18.000000000,34.02152
2026-03-23 17:46:32.000000000,23.852194
2026-03-23 17:47:40.000000000,5.972078
2026-03-23 17:12:01.000000000,10.119424
2026-03-23 17:24:15.000000000,26.749521
2026-03-23 17:47:44.000000000,21.514372
2026-03-23 17:40:00.000000000,14.996047
2026-03-23 17:15:24.000000000,50.90469
2026-03-23 18:53:19.000000000,6.0567036
2026-03-23 18:12:08.000000000,10.698118
2026-03-23 18:42:59.000000000,42.43303
2026-03-23 18:44:52.000000000,23.562052
2026-03-23 18:35:38.000000000,16.109562
2026-03-23 18:30:50.000000000,8.221545
2026-03-23 18:18:58.000000000,18.039362
2026-03-23 18:06:40.000000000,11.992801
2026-03-23 18:04:16.000000000,45.10333
2026-03-23 18:16:21.000000000,12.8082695
2026-03-23 18:50:53.000000000,25.815016
2026-03-23 18:44:29.000000000,14.250307
2026-03-23 18:33:54.000000000,13.88555
2026-03-23 18:14:08.000000000,18.26659
2026-03-23 18:45:13.000000000,50.612846
2026-03-23 18:14:38.000000000,8.101754
2026-03-23 18:05:51.000000000,15.051392
2026-03-23 18:34:18.000000000,20.270435
2026-03-23 18:26:04.000000000,15.329067
2026-03-23 19:32:56.000000000,10.750267
2026-03-23 19:25:40.000000000,11.966492
2026-03-23 19:56:33.000000000,45.349113
2026-03-23 19:06:46.000000000,13.49834
2026-03-23 19:02:53.000000000,14.333799
2026-03-23 19:35:11.000000000,26.962732
2026-03-23 19:05:24.000000000,28.069
2026-03-23 19:47:52.000000000,23.043882
2026-03-23 19:07:43.000000000,13.65114
2026-03-23 19:56:31.000000000,24.26293
2026-03-23 19:36:06.000000000,11.716003
2026-03-23 19:57:58.000000000,19.283741
2026-03-23 19:07:31.000000000,25.799803
2026-03-23 19:11:41.000000000,23.165764
2026-03-23 20:57:25.000000000,34.09978
2026-03-23 20:32:50.000000000,60.495747
2026-03-23 20:43:03.000000000,24.023472
2026-03-23 20:17:19.000000000,26.164278
2026-03-23 20:46:32.000000000,16.36226
2026-03-23 20:43:01.000000000,12.986699
2026-03-23 20:10:50.000000000,29.54632
2026-03-23 20:07:57.000000000,16.804949
2026-03-23 20:25:59.000000000,10.611213
2026-03-23 20:56:05.000000000,16.807423
2026-03-23 20:39:16.000000000,19.397757
2026-03-23 20:15:21.000000000,7.24054
2026-03-23 20:51:46.000000000,14.004722
2026-03-23 20:21:59.000000000,20.855198
2026-03-23 20:09:18.000000000,12.540744
2026-03-23 20:05:21.000000000,7.614798
2026-03-23 20:17:52.000000000,48.661514
2026-03-23 20:45:02.000000000,65.77604
2026-03-23 20:02:06.000000000,87.900986
2026-03-23 21:12:56.000000000,16.210434
2026-03-23 21:01:03.000000000,7.641371
2026-03-23 21:27:00.000000000,28.816996
2026-03-23 21:55:16.000000000,11.88994
2026-03-23 21:42:03.000000000,25.816027
2026-03-23 21:45:05.000000000,219.57912
2026-03-23 21:02:10.000000000,20.361786
2026-03-23 22:12:35.000000000,11.949008
2026-03-23 22:05:16.000000000,11.065423
2026-03-23 22:12:27.000000000,13.88296
2026-03-23 22:33:15.000000000,8.990927
2026-03-23 22:53:00.000000000,8.952275
2026-03-23 22:31:34.000000000,8.2848215
2026-03-23 22:26:33.000000000,33.26132
2026-03-23 23:25:23.000000000,12.319621
2026-03-23 23:03:29.000000000,104.92447
2026-03-23 23:45:05.000000000,17.993235
2026-03-23 23:06:48.000000000,13.322029
2026-03-23 23:58:13.000000000,61.45001
2026-03-24 00:36:26.000000000,34.66473
2026-03-24 00:23:18.000000000,7.4312944
2026-03-24 00:12:48.000000000,15.14756
2026-03-24 00:47:38.000000000,74.18236
2026-03-24 00:56:44.000000000,23.483976
2026-03-24 00:18:32.000000000,47.339058
2026-03-24 01:23:27.000000000,7.933115
2026-03-24 01:22:47.000000000,59.7793
2026-03-24 01:08:20.000000000,94.56176
2026-03-24 01:09:21.000000000,97.57839
2026-03-24 01:10:03.000000000,8.167024
2026-03-24 02:06:54.000000000,13.698732
2026-03-24 02:42:55.000000000,31.920492
2026-03-24 02:46:03.000000000,8.89212
2026-03-24 03:42:15.000000000,10.767563
2026-03-24 03:43:13.000000000,66.8445
2026-03-24 04:54:38.000000000,6.7505555
2026-03-24 04:54:20.000000000,8.179258
2026-03-24 04:02:22.000000000,17.158
2026-03-24 04:09:09.000000000,49.581333
2026-03-24 05:42:02.000000000,22.230265
2026-03-24 05:02:44.000000000,57.658207
2026-03-24 05:32:32.000000000,135.17267
2026-03-24 05:55:37.000000000,23.663826
2026-03-24 05:59:18.000000000,8.9734
2026-03-24 05:58:30.000000000,7.980444
2026-03-24 05:16:15.000000000,75.60996
2026-03-24 06:44:54.000000000,9.755263
2026-03-24 06:35:00.000000000,15.236854
2026-03-24 06:07:16.000000000,11.738511
2026-03-24 06:16:09.000000000,13.98991
2026-03-24 06:48:03.000000000,23.03778
2026-03-24 06:34:14.000000000,8.937062
2026-03-24 06:33:20.000000000,23.368877
2026-03-24 06:50:22.000000000,11.315471
2026-03-24 07:54:30.000000000,32.170135
2026-03-24 07:30:54.000000000,37.940044
2026-03-24 07:45:26.000000000,26.163673
2026-03-24 07:55:50.000000000,12.148321
2026-03-24 07:55:51.000000000,21.834684
2026-03-24 07:36:10.000000000,36.503452
2026-03-24 07:49:09.000000000,10.297429
2026-03-24 07:29:38.000000000,14.560663
2026-03-24 07:56:56.000000000,214.98087
2026-03-24 07:37:09.000000000,26.394398
2026-03-24 07:22:26.000000000,32.06788
2026-03-24 07:53:45.000000000,12.281427
2026-03-24 08:22:29.000000000,39.058235
2026-03-24 08:29:47.000000000,6.9490848
2026-03-24 08:17:45.000000000,8.866503
2026-03-24 08:24:13.000000000,18.59516
2026-03-24 08:50:58.000000000,79.638725
2026-03-24 08:12:58.000000000,20.564108
2026-03-24 08:16:35.000000000,43.801075
2026-03-24 08:49:06.000000000,37.45588
2026-03-24 08:55:25.000000000,32.59655
2026-03-24 08:08:55.000000000,29.377523
2026-03-24 08:21:35.000000000,26.95394
2026-03-24 08:42:34.000000000,14.260503
2026-03-24 08:05:45.000000000,7.946556
2026-03-24 08:14:55.000000000,28.655933
2026-03-24 08:20:55.000000000,8.039395
2026-03-24 08:38:21.000000000,27.20976
2026-03-24 08:54:16.000000000,26.53772
2026-03-24 08:39:02.000000000,24.742737
2026-03-24 08:14:44.000000000,10.711978
2026-03-24 08:14:28.000000000,6.1088943
2026-03-24 08:00:25.000000000,11.469544
2026-03-24 08:54:22.000000000,37.657616
2026-03-24 08:56:49.000000000,15.018505
2026-03-24 08:09:45.000000000,11.636132
2026-03-24 08:56:24.000000000,10.396934
2026-03-24 09:17:52.000000000,13.264831
2026-03-24 09:10:58.000000000,25.875145
2026-03-24 09:32:18.000000000,9.395227
2026-03-24 09:52:46.000000000,21.447622
2026-03-24 09:54:41.000000000,15.001649
2026-03-24 09:38:37.000000000,9.900047
2026-03-24 09:37:55.000000000,95.40792
2026-03-24 09:09:29.000000000,14.891444
2026-03-24 09:38:33.000000000,13.509094
2026-03-24 09:45:25.000000000,9.261347
2026-03-24 09:43:52.000000000,10.126412
2026-03-24 09:59:05.000000000,41.399357
2026-03-24 09:26:44.000000000,45.496273
2026-03-24 09:46:47.000000000,40.498672
2026-03-24 09:05:10.000000000,27.57646
2026-03-24 09:05:48.000000000,9.37808
2026-03-24 09:33:38.000000000,25.465385
2026-03-24 09:00:28.000000000,60.260197
2026-03-24 09:23:52.000000000,6.270794
2026-03-24 10:55:05.000000000,23.249094
2026-03-24 10:23:44.000000000,34.394707
2026-03-24 10:12:20.000000000,34.630344
2026-03-24 10:01:08.000000000,8.937568
2026-03-24 10:03:10.000000000,68.77219
2026-03-24 10:28:53.000000000,13.908038
2026-03-24 10:07:34.000000000,13.340861
2026-03-24 10:16:05.000000000,8.70196
2026-03-24 10:07:03.000000000,27.466534
2026-03-24 10:08:25.000000000,16.71524
2026-03-24 10:48:26.000000000,6.903476
2026-03-24 10:58:24.000000000,14.422912
2026-03-24 10:40:57.000000000,20.591852
2026-03-24 11:12:19.000000000,23.316011
2026-03-24 11:50:15.000000000,18.778263
2026-03-24 11:08:26.000000000,12.957722
2026-03-24 11:58:11.000000000,9.134949
2026-03-24 11:20:12.000000000,30.357235
2026-03-24 11:55:51.000000000,20.874228
2026-03-24 11:06:03.000000000,39.542885
2026-03-24 11:54:17.000000000,22.282467
2026-03-24 11:17:25.000000000,18.027098
2026-03-24 12:59:30.000000000,67.031654
2026-03-24 12:13:57.000000000,44.283733
2026-03-24 12:01:54.000000000,87.84028
2026-03-24 12:04:24.000000000,11.7750225
2026-03-24 12:17:58.000000000,26.640362
2026-03-24 12:42:30.000000000,25.284273
2026-03-24 12:53:20.000000000,11.738511
2026-03-24 13:37:03.000000000,26.729908
2026-03-24 13:18:17.000000000,13.394355
2026-03-24 13:38:21.000000000,28.50751
2026-03-24 13:26:45.000000000,24.843494
2026-03-24 13:29:51.000000000,43.588165
2026-03-24 13:35:59.000000000,77.21221
2026-03-24 13:22:25.000000000,22.227032
2026-03-24 13:22:22.000000000,16.634031
2026-03-24 13:45:25.000000000,185.24303
2026-03-24 13:50:20.000000000,8.788427
2026-03-24 13:41:10.000000000,29.1303
2026-03-24 13:11:30.000000000,12.04069
2026-03-24 13:17:11.000000000,33.762783
2026-03-24 14:15:25.000000000,30.134329
2026-03-24 14:53:13.000000000,26.274284
2026-03-24 14:43:11.000000000,83.651085
2026-03-24 14:57:06.000000000,11.09126
2026-03-24 14:23:05.000000000,14.259378
2026-03-24 14:46:22.000000000,8.943789
2026-03-24 14:08:40.000000000,14.284441
2026-03-24 14:10:20.000000000,23.002457
2026-03-24 14:34:31.000000000,50.728474
2026-03-24 15:53:29.000000000,11.521159
2026-03-24 15:36:08.000000000,25.626368
2026-03-24 15:09:55.000000000,64.307594
2026-03-24 15:40:15.000000000,34.459667
2026-03-24 15:08:42.000000000,21.22929
2026-03-24 15:40:46.000000000,16.750772
2026-03-24 15:16:15.000000000,38.09807
2026-03-24 15:29:25.000000000,7.0417047
2026-03-24 15:10:28.000000000,23.11734
2026-03-24 15:45:30.000000000,10.616527
2026-03-24 15:09:52.000000000,8.725823
2026-03-24 15:36:14.000000000,12.462699
2026-03-24 15:28:18.000000000,14.199613
2026-03-24 15:31:18.000000000,45.210007
2026-03-24 15:27:32.000000000,29.647898
2026-03-24 15:09:48.000000000,36.600193
2026-03-24 15:58:15.000000000,40.500553
2026-03-24 16:39:01.000000000,27.795664
2026-03-24 16:45:52.000000000,23.265556
2026-03-24 16:07:08.000000000,8.479196
2026-03-24 16:18:26.000000000,14.068548
2026-03-24 16:52:12.000000000,24.251448
2026-03-24 16:07:56.000000000,18.693892
2026-03-24 16:55:06.000000000,43.882366
2026-03-24 16:04:19.000000000,12.581584
2026-03-24 16:10:34.000000000,44.873154
2026-03-24 16:19:30.000000000,24.877073
2026-03-24 16:16:02.000000000,41.45673
2026-03-24 16:48:58.000000000,27.004349
2026-03-24 16:31:28.000000000,25.934582
2026-03-24 17:39:58.000000000,14.890656
2026-03-24 17:44:28.000000000,21.969072
2026-03-24 17:25:52.000000000,33.786537
2026-03-24 17:49:54.000000000,29.0296
2026-03-24 17:13:53.000000000,33.00624
2026-03-24 17:48:15.000000000,7.812557
2026-03-24 17:20:07.000000000,7.8027205
2026-03-24 17:27:00.000000000,63.366592
2026-03-24 17:04:11.000000000,70.8754
2026-03-24 17:05:15.000000000,18.51736
2026-03-24 17:39:14.000000000,21.256744
2026-03-24 17:32:51.000000000,15.6334
2026-03-24 17:22:39.000000000,43.272
2026-03-24 17:46:47.000000000,59.6052
2026-03-24 17:34:50.000000000,26.130041
2026-03-24 17:50:25.000000000,29.52866
2026-03-24 17:09:54.000000000,14.260454
2026-03-24 17:00:43.000000000,22.530157
2026-03-24 17:18:41.000000000,9.190861
2026-03-24 18:32:46.000000000,48.98603
2026-03-24 18:46:12.000000000,9.335078
2026-03-24 18:42:09.000000000,17.690895
2026-03-24 18:02:14.000000000,18.433567
2026-03-24 18:47:00.000000000,19.912712
2026-03-24 18:30:10.000000000,31.316097
2026-03-24 18:01:53.000000000,22.58914
2026-03-24 18:32:02.000000000,6.913209
2026-03-24 18:19:00.000000000,8.943404
2026-03-24 18:10:43.000000000,44.875256
2026-03-24 18:56:43.000000000,28.488749
2026-03-24 18:10:36.000000000,8.950205
2026-03-24 18:08:24.000000000,12.968637
2026-03-24 18:26:00.000000000,14.639626
2026-03-24 18:02:51.000000000,135.15767
2026-03-24 18:47:50.000000000,16.000845
2026-03-24 18:02:04.000000000,10.758741
2026-03-24 19:29:45.000000000,15.958404
2026-03-24 19:50:03.000000000,15.362676
2026-03-24 19:57:10.000000000,6.9904838
2026-03-24 19:07:17.000000000,23.291098
2026-03-24 19:06:40.000000000,24.1467
2026-03-24 19:01:36.000000000,12.488531
2026-03-24 19:13:15.000000000,42.590122
2026-03-24 19:32:54.000000000,39.73387
2026-03-24 19:03:35.000000000,37.503334
2026-03-24 19:55:29.000000000,10.562406
2026-03-24 19:21:32.000000000,26.41515
2026-03-24 20:48:54.000000000,7.5668726
2026-03-24 20:53:06.000000000,41.104313
2026-03-24 20:04:00.000000000,29.770931
2026-03-24 20:50:57.000000000,6.929055
2026-03-24 20:23:49.000000000,9.011835
2026-03-24 20:54:51.000000000,54.62218
2026-03-24 20:45:01.000000000,17.91894
2026-03-24 20:44:55.000000000,33.66069
2026-03-24 20:36:45.000000000,21.66147
2026-03-24 20:07:03.000000000,49.072456
2026-03-24 20:50:10.000000000,52.189285
2026-03-24 20:21:51.000000000,42.678635
2026-03-24 20:56:01.000000000,21.305227
2026-03-24 20:41:56.000000000,12.146651
2026-03-24 20:09:01.000000000,13.365612
2026-03-24 21:24:35.000000000,20.818312
2026-03-24 21:14:38.000000000,44.03438
2026-03-24 21:36:33.000000000,24.18494
2026-03-24 21:12:42.000000000,56.62221
2026-03-24 21:45:37.000000000,7.392436
2026-03-24 21:58:41.000000000,11.721887
2026-03-24 21:32:39.000000000,72.85543
2026-03-24 21:44:22.000000000,15.094876
2026-03-24 21:00:24.000000000,12.218254
2026-03-24 21:54:01.000000000,37.650204
2026-03-24 21:58:52.000000000,52.469433
2026-03-24 21:41:30.000000000,32.33224
2026-03-24 21:21:00.000000000,62.27624
2026-03-24 21:50:35.000000000,12.580031
2026-03-24 21:27:29.000000000,11.65879
2026-03-24 22:46:41.000000000,14.9072275
2026-03-24 22:20:48.000000000,165.71805
2026-03-24 22:09:58.000000000,10.89792
2026-03-24 22:40:09.000000000,22.656487
2026-03-24 22:51:05.000000000,35.633392
2026-03-24 22:06:31.000000000,10.825504
2026-03-24 22:09:49.000000000,53.504215
2026-03-24 22:10:19.000000000,10.819136
2026-03-24 22:14:00.000000000,9.783386
2026-03-24 22:27:03.000000000,93.62453
2026-03-24 22:15:02.000000000,18.89076
2026-03-24 22:16:58.000000000,9.340654
2026-03-24 22:56:49.000000000,14.235431
2026-03-24 22:23:35.000000000,21.589836
2026-03-24 22:02:10.000000000,7.6095557
2026-03-24 23:49:00.000000000,8.872057
2026-03-24 23:15:35.000000000,6.381563
2026-03-24 23:38:53.000000000,9.046165
2026-03-24 23:50:59.000000000,10.908272
2026-03-24 23:08:30.000000000,28.648521
2026-03-24 23:42:52.000000000,18.367718
2026-03-24 23:56:19.000000000,7.509148
2026-03-24 23:06:05.000000000,104.80189
2026-03-24 23:59:05.000000000,8.205208
2026-03-24 23:25:52.000000000,9.369589
2026-03-24 23:23:24.000000000,17.2803
2026-03-24 23:10:23.000000000,86.08722
2026-03-25 00:13:39.000000000,29.280256
2026-03-25 00:49:44.000000000,18.596405
2026-03-25 00:56:58.000000000,22.05331
2026-03-25 00:40:44.000000000,21.455502
2026-03-25 00:05:52.000000000,12.62965
2026-03-25 00:20:04.000000000,26.593496
2026-03-25 00:10:33.000000000,10.923624
2026-03-25 00:00:22.000000000,15.32305
2026-03-25 00:44:03.000000000,7.5786533
2026-03-25 01:06:11.000000000,22.251806
2026-03-25 01:42:00.000000000,7.485448
2026-03-25 01:13:11.000000000,14.411395
2026-03-25 01:43:57.000000000,74.967255
2026-03-25 02:16:12.000000000,101.125755
2026-03-25 02:01:05.000000000,29.608158
2026-03-25 02:13:15.000000000,16.362995
2026-03-25 02:59:34.000000000,52.987514
2026-03-25 02:34:41.000000000,41.842087
2026-03-25 03:21:47.000000000,38.902035
2026-03-25 03:15:11.000000000,15.238228
2026-03-25 03:11:34.000000000,68.11996
2026-03-25 03:03:31.000000000,45.84678
2026-03-25 04:46:16.000000000,17.360483
2026-03-25 04:20:10.000000000,54.33398
2026-03-25 04:39:35.000000000,8.365378
2026-03-25 04:53:05.000000000,30.309109
2026-03-25 04:33:35.000000000,23.22598
2026-03-25 04:27:27.000000000,10.276121
2026-03-25 05:38:55.000000000,20.281988
2026-03-25 05:55:54.000000000,41.232613
2026-03-25 05:59:19.000000000,22.909958
2026-03-25 06:47:09.000000000,30.070604
2026-03-25 06:59:17.000000000,103.11518
2026-03-25 06:59:28.000000000,8.517737
2026-03-25 06:24:41.000000000,15.604727
2026-03-25 06:23:33.000000000,18.291655
2026-03-25 06:24:56.000000000,56.53212
2026-03-25 06:04:09.000000000,74.720276
2026-03-25 06:55:27.000000000,13.525278
2026-03-25 06:45:45.000000000,65.40737
2026-03-25 06:43:53.000000000,26.816927
2026-03-25 06:52:31.000000000,19.544855
2026-03-25 06:01:33.000000000,12.667511
2026-03-25 07:53:00.000000000,12.384528
2026-03-25 07:19:13.000000000,11.80452
2026-03-25 07:45:08.000000000,22.246334
2026-03-25 07:48:49.000000000,24.667692
2026-03-25 07:53:40.000000000,63.45833
2026-03-25 07:00:09.000000000,10.784809
2026-03-25 07:35:07.000000000,21.975998
2026-03-25 07:17:12.000000000,8.8149185
2026-03-25 07:27:37.000000000,14.472935
2026-03-25 07:46:10.000000000,9.556545
2026-03-25 07:46:09.000000000,140.68042
2026-03-25 07:54:03.000000000,46.184685
2026-03-25 07:00:41.000000000,9.909465
2026-03-25 07:29:10.000000000,7.5250974
2026-03-25 07:53:50.000000000,31.668468
2026-03-25 08:24:42.000000000,21.853352
2026-03-25 08:47:34.000000000,23.025402
2026-03-25 08:30:20.000000000,15.585429
2026-03-25 08:56:33.000000000,11.676135
2026-03-25 08:40:10.000000000,21.565178
2026-03-25 08:12:58.000000000,14.17809
2026-03-25 08:58:05.000000000,10.459411
2026-03-25 08:14:37.000000000,15.364073
2026-03-25 08:03:11.000000000,12.431741
2026-03-25 08:18:18.000000000,16.090363
2026-03-25 08:25:54.000000000,6.616125
2026-03-25 08:56:31.000000000,8.621831
2026-03-25 08:33:37.000000000,23.567757
2026-03-25 08:07:36.000000000,22.716532
2026-03-25 08:05:33.000000000,31.100304
2026-03-25 08:00:40.000000000,12.52092
2026-03-25 08:29:21.000000000,26.548399
2026-03-25 08:14:18.000000000,9.710696
2026-03-25 08:09:00.000000000,19.606901
2026-03-25 08:23:28.000000000,26.940079
2026-03-25 08:53:20.000000000,11.935452
2026-03-25 09:32:46.000000000,9.836226
2026-03-25 09:58:55.000000000,28.934381
2026-03-25 09:59:17.000000000,10.249593
2026-03-25 09:59:04.000000000,14.610011
2026-03-25 09:32:50.000000000,123.399895
2026-03-25 09:15:31.000000000,16.917133
2026-03-25 09:58:12.000000000,24.915192
2026-03-25 09:52:44.000000000,8.711892
2026-03-25 09:10:26.000000000,36.933853
2026-03-25 09:28:05.000000000,28.711437
2026-03-25 09:31:36.000000000,24.540327
2026-03-25 09:19:04.000000000,54.9122
2026-03-25 09:29:54.000000000,22.867687
2026-03-25 09:06:01.000000000,60.155685
2026-03-25 09:50:25.000000000,65.36471
2026-03-25 09:18:27.000000000,30.562473
2026-03-25 09:49:14.000000000,28.30367
2026-03-25 10:50:57.000000000,35.14987
2026-03-25 10:59:34.000000000,14.632421
2026-03-25 10:39:21.000000000,35.41169
2026-03-25 10:46:36.000000000,19.45091
2026-03-25 10:14:06.000000000,20.322683
2026-03-25 10:24:44.000000000,11.027938
2026-03-25 10:45:16.000000000,7.567824
2026-03-25 10:55:45.000000000,30.504507
2026-03-25 10:33:13.000000000,31.134663
2026-03-25 10:31:59.000000000,48.75232
2026-03-25 10:56:32.000000000,112.65395
2026-03-25 10:49:48.000000000,14.574074
2026-03-25 10:14:57.000000000,7.966161
2026-03-25 10:13:20.000000000,29.948166
2026-03-25 11:58:21.000000000,28.74769
2026-03-25 11:30:24.000000000,18.677784
2026-03-25 11:35:30.000000000,18.633059
2026-03-25 11:05:08.000000000,16.780691
2026-03-25 11:39:02.000000000,59.734287
2026-03-25 11:36:16.000000000,8.634991
2026-03-25 11:49:41.000000000,16.762987
2026-03-25 11:20:35.000000000,16.276005
2026-03-25 11:13:01.000000000,48.171417
2026-03-25 11:40:49.000000000,132.26001
2026-03-25 11:50:23.000000000,205.23312
2026-03-25 12:22:35.000000000,44.58417
2026-03-25 12:04:17.000000000,39.60147
2026-03-25 12:23:57.000000000,43.135693
2026-03-25 12:22:15.000000000,57.451164
2026-03-25 12:15:57.000000000,30.301302
2026-03-25 12:57:13.000000000,36.173832
2026-03-25 12:51:14.000000000,12.245494
2026-03-25 12:45:04.000000000,8.059268
2026-03-25 12:58:50.000000000,8.190157
2026-03-25 12:18:10.000000000,8.307936
2026-03-25 12:52:30.000000000,24.576967
2026-03-25 12:26:46.000000000,26.663095
2026-03-25 12:08:15.000000000,44.212143
2026-03-25 12:46:16.000000000,244.68694
2026-03-25 12:48:43.000000000,22.74378
2026-03-25 12:43:43.000000000,21.626406
2026-03-25 12:31:20.000000000,29.096474
2026-03-25 13:29:30.000000000,12.180683
2026-03-25 13:15:11.000000000,11.676135
2026-03-25 13:17:49.000000000,52.593586
2026-03-25 13:11:05.000000000,79.12291
2026-03-25 13:13:35.000000000,8.915506
2026-03-25 13:36:28.000000000,8.873491
2026-03-25 13:19:44.000000000,81.21685
2026-03-25 13:50:31.000000000,43.498558
2026-03-25 13:48:57.000000000,19.105429
2026-03-25 13:40:11.000000000,52.98513
2026-03-25 13:07:27.000000000,14.840859
2026-03-25 13:46:23.000000000,18.610497
2026-03-25 13:01:36.000000000,14.983141
2026-03-25 13:19:06.000000000,21.069973
2026-03-25 14:53:59.000000000,13.839581
2026-03-25 14:46:03.000000000,57.27094
2026-03-25 14:36:48.000000000,35.00764
2026-03-25 14:38:31.000000000,26.383364
2026-03-25 14:57:52.000000000,9.1583605
2026-03-25 14:54:30.000000000,16.916956
2026-03-25 14:37:50.000000000,61.49639
2026-03-25 14:09:05.000000000,19.470465
2026-03-25 14:23:46.000000000,9.36759
2026-03-25 14:11:58.000000000,20.463179
2026-03-25 14:09:32.000000000,8.938264
2026-03-25 14:01:46.000000000,56.700077
2026-03-25 14:01:32.000000000,7.567017
2026-03-25 15:54:52.000000000,8.236346
2026-03-25 15:26:15.000000000,21.341297
2026-03-25 15:55:10.000000000,67.27754
2026-03-25 15:26:48.000000000,30.401894
2026-03-25 15:17:23.000000000,26.136139
2026-03-25 15:09:51.000000000,14.050437
2026-03-25 15:17:20.000000000,67.33924
2026-03-25 15:24:21.000000000,13.586387
2026-03-25 15:50:56.000000000,9.784359
2026-03-25 15:37:11.000000000,27.968489
2026-03-25 15:02:41.000000000,53.25441
2026-03-25 15:20:38.000000000,25.152859
2026-03-25 15:04:48.000000000,6.867062
2026-03-25 15:24:38.000000000,16.200151
2026-03-25 16:29:07.000000000,18.722822
2026-03-25 16:46:25.000000000,18.960478
2026-03-25 16:20:08.000000000,10.381976
2026-03-25 16:42:10.000000000,54.800007
2026-03-25 16:07:00.000000000,119.84355
2026-03-25 16:49:04.000000000,16.375727
2026-03-25 16:08:05.000000000,37.666653
2026-03-25 16:34:23.000000000,40.06562
2026-03-25 16:08:28.000000000,22.463581
2026-03-25 16:52:33.000000000,22.274817
2026-03-25 16:02:18.000000000,31.27769
2026-03-25 16:45:07.000000000,233.70042
2026-03-25 16:12:38.000000000,53.27858
2026-03-25 16:16:24.000000000,41.461803
2026-03-25 16:04:46.000000000,53.82488
2026-03-25 16:30:31.000000000,8.945252
2026-03-25 16:09:38.000000000,25.217443
2026-03-25 17:28:47.000000000,25.320547
2026-03-25 17:32:27.000000000,54.239178
2026-03-25 17:37:31.000000000,7.869546
2026-03-25 17:32:19.000000000,13.589318
2026-03-25 17:44:01.000000000,15.231177
2026-03-25 17:10:22.000000000,10.990703
2026-03-25 17:30:42.000000000,10.883813
2026-03-25 17:28:51.000000000,19.884474
2026-03-25 17:06:16.000000000,23.09698
2026-03-25 17:59:06.000000000,29.250124
2026-03-25 17:26:30.000000000,118.24043
2026-03-25 17:18:12.000000000,8.103453
2026-03-25 17:03:29.000000000,11.023978
2026-03-25 17:58:03.000000000,31.043528
2026-03-25 17:19:09.000000000,22.963303
2026-03-25 17:58:11.000000000,10.758664
2026-03-25 17:45:09.000000000,8.2510195
2026-03-25 18:43:36.000000000,17.218388
2026-03-25 18:23:29.000000000,35.971115
2026-03-25 18:52:45.000000000,28.047682
2026-03-25 18:09:41.000000000,38.202335
2026-03-25 18:21:50.000000000,96.04832
2026-03-25 18:39:33.000000000,19.415047
2026-03-25 18:26:42.000000000,64.48176
2026-03-25 18:22:40.000000000,10.803498
2026-03-25 18:45:36.000000000,46.511875
2026-03-25 18:11:18.000000000,99.189354
2026-03-25 18:47:10.000000000,9.713787
2026-03-25 18:06:40.000000000,5.9641466
2026-03-25 18:28:19.000000000,18.668894
2026-03-25 18:52:56.000000000,15.294295
2026-03-25 18:59:07.000000000,20.70069
2026-03-25 18:12:53.000000000,13.309074
2026-03-25 19:12:28.000000000,13.851458
2026-03-25 19:32:21.000000000,25.960638
2026-03-25 19:38:22.000000000,6.202141
2026-03-25 19:50:41.000000000,13.875847
2026-03-25 19:06:22.000000000,14.496683
2026-03-25 19:16:31.000000000,30.779558
2026-03-25 19:13:48.000000000,7.689226
2026-03-25 19:11:20.000000000,26.213818
2026-03-25 19:11:37.000000000,15.324123
2026-03-25 19:11:03.000000000,7.4837375
2026-03-25 19:36:15.000000000,11.295067
2026-03-25 19:44:12.000000000,10.892825
2026-03-25 19:38:37.000000000,34.448147
2026-03-25 19:16:44.000000000,28.768318
2026-03-25 19:20:05.000000000,13.493615
2026-03-25 19:25:12.000000000,10.727876
2026-03-25 20:23:27.000000000,72.9975
2026-03-25 20:02:25.000000000,73.023575
2026-03-25 20:36:14.000000000,25.286037
2026-03-25 20:26:15.000000000,8.17227
2026-03-25 20:35:22.000000000,12.620117
2026-03-25 20:02:31.000000000,31.239273
2026-03-25 20:22:16.000000000,12.429094
2026-03-25 20:41:40.000000000,58.90107
2026-03-25 20:32:22.000000000,41.018326
2026-03-25 20:01:46.000000000,6.604999
2026-03-25 20:44:15.000000000,7.02866
2026-03-25 20:20:56.000000000,38.612396
2026-03-25 20:16:12.000000000,12.259963
2026-03-25 20:05:18.000000000,11.337728
2026-03-25 21:50:39.000000000,70.38106
2026-03-25 21:33:32.000000000,29.449791
2026-03-25 21:12:59.000000000,94.32019
2026-03-25 21:04:13.000000000,15.906621
2026-03-25 21:34:00.000000000,17.447256
2026-03-25 21:16:08.000000000,12.564932
2026-03-25 21:14:05.000000000,12.278114
2026-03-25 21:26:21.000000000,29.798277
2026-03-25 21:05:50.000000000,30.052126
2026-03-25 21:34:26.000000000,55.57803
2026-03-25 22:45:03.000000000,30.631918
2026-03-25 22:43:47.000000000,28.310247
2026-03-25 22:39:57.000000000,15.089007
2026-03-25 22:06:01.000000000,44.3845
2026-03-25 22:16:13.000000000,12.79621
2026-03-25 22:03:23.000000000,9.154892
2026-03-25 22:52:10.000000000,63.94466
2026-03-25 22:56:39.000000000,22.945795
2026-03-25 22:23:52.000000000,18.38127
2026-03-25 22:25:03.000000000,15.191547
2026-03-25 22:55:17.000000000,15.32218
2026-03-25 22:35:52.000000000,13.515966
2026-03-25 22:45:18.000000000,29.611275
2026-03-25 22:42:58.000000000,22.967024
2026-03-25 22:05:21.000000000,30.905338
2026-03-25 22:18:55.000000000,18.602146
2026-03-25 22:44:36.000000000,6.572023
2026-03-25 23:05:23.000000000,65.285416
2026-03-25 23:21:58.000000000,8.22804
2026-03-25 23:29:55.000000000,13.278977
2026-03-25 23:40:56.000000000,31.879047
2026-03-25 23:27:38.000000000,10.56046
2026-03-26 00:21:06.000000000,14.491066
2026-03-26 00:57:21.000000000,19.297007
2026-03-26 00:56:42.000000000,6.273794
2026-03-26 00:22:58.000000000,21.565178
2026-03-26 00:20:51.000000000,6.1007595
2026-03-26 00:15:08.000000000,28.00009
2026-03-26 00:53:41.000000000,18.255411
2026-03-26 00:52:42.000000000,8.666764
2026-03-26 00:07:58.000000000,10.883813
2026-03-26 00:16:13.000000000,5.6770363
2026-03-26 01:01:33.000000000,11.712103
2026-03-26 01:40:10.000000000,29.467035
2026-03-26 01:33:39.000000000,28.172375
2026-03-26 01:06:04.000000000,14.397634
2026-03-26 01:27:17.000000000,19.904377
2026-03-26 01:39:54.000000000,49.114834
2026-03-26 01:07:31.000000000,40.559124
2026-03-26 01:58:58.000000000,131.90793
2026-03-26 02:50:49.000000000,22.124437
2026-03-26 02:51:29.000000000,24.202839
2026-03-26 02:54:55.000000000,53.279606
2026-03-26 03:58:32.000000000,46.508476
2026-03-26 03:32:50.000000000,9.146621
2026-03-26 03:07:22.000000000,11.65879
2026-03-26 03:48:50.000000000,13.412246
2026-03-26 04:37:48.000000000,50.7882
2026-03-26 04:41:23.000000000,13.31113
2026-03-26 04:07:50.000000000,34.97176
2026-03-26 05:28:46.000000000,19.73207
2026-03-26 05:19:31.000000000,11.707943
2026-03-26 05:12:28.000000000,131.94351
2026-03-26 05:19:45.000000000,17.35795
2026-03-26 05:10:04.000000000,33.371593
2026-03-26 06:43:00.000000000,10.563726
2026-03-26 06:08:42.000000000,7.8607554
2026-03-26 06:52:30.000000000,93.275345
2026-03-26 06:46:23.000000000,6.036576
2026-03-26 06:43:19.000000000,14.661052
2026-03-26 06:08:35.000000000,7.392436
2026-03-26 06:38:04.000000000,12.858206
2026-03-26 06:35:32.000000000,26.479464
2026-03-26 06:34:17.000000000,30.349752
2026-03-26 07:09:24.000000000,21.207863
2026-03-26 07:14:22.000000000,19.266617
2026-03-26 07:33:55.000000000,34.022453
2026-03-26 07:20:10.000000000,12.374256
2026-03-26 07:25:37.000000000,18.65833
2026-03-26 07:43:30.000000000,15.334899
2026-03-26 07:04:58.000000000,19.687859
2026-03-26 07:33:46.000000000,6.610807
2026-03-26 07:21:27.000000000,34.83359
2026-03-26 07:31:25.000000000,72.29566
2026-03-26 07:31:00.000000000,62.458992
2026-03-26 07:53:30.000000000,28.591728
2026-03-26 07:30:44.000000000,70.311676
2026-03-26 07:12:25.000000000,31.964272
2026-03-26 07:57:33.000000000,27.181353
2026-03-26 07:59:51.000000000,104.56622
2026-03-26 07:50:47.000000000,41.378933
2026-03-26 07:23:58.000000000,27.628672
2026-03-26 07:21:24.000000000,18.791815
2026-03-26 07:33:44.000000000,12.320127
2026-03-26 08:30:01.000000000,38.52097
2026-03-26 08:15:28.000000000,9.772467
2026-03-26 08:49:25.000000000,27.62645
2026-03-26 08:26:29.000000000,12.667511
2026-03-26 08:27:04.000000000,30.774454
2026-03-26 08:45:27.000000000,7.052123
2026-03-26 08:36:16.000000000,12.226454
2026-03-26 08:02:36.000000000,25.44411
2026-03-26 08:21:27.000000000,130.99768
2026-03-26 08:03:32.000000000,23.702517
2026-03-26 08:44:46.000000000,24.882002
2026-03-26 08:43:30.000000000,34.71681
2026-03-26 08:32:52.000000000,12.4888735
2026-03-26 08:41:03.000000000,8.662394
2026-03-26 08:16:30.000000000,17.064777
2026-03-26 08:40:33.000000000,12.666235
2026-03-26 08:29:49.000000000,31.91847
2026-03-26 08:46:54.000000000,27.032091
2026-03-26 08:28:38.000000000,25.725554
2026-03-26 08:27:02.000000000,13.683543
2026-03-26 08:07:36.000000000,17.894764
2026-03-26 08:14:19.000000000,10.834028
2026-03-26 08:42:41.000000000,6.444052
2026-03-26 08:10:14.000000000,34.551083
2026-03-26 08:40:47.000000000,22.183556
2026-03-26 09:01:54.000000000,82.85135
2026-03-26 09:12:38.000000000,67.85495
2026-03-26 09:53:55.000000000,15.307063
2026-03-26 09:31:26.000000000,17.463243
2026-03-26 09:11:02.000000000,17.235216
2026-03-26 09:23:22.000000000,13.627266
2026-03-26 09:23:03.000000000,59.455593
2026-03-26 09:28:42.000000000,14.600589
2026-03-26 09:09:16.000000000,100.34821
2026-03-26 09:23:06.000000000,8.481077
2026-03-26 09:47:43.000000000,11.020965
2026-03-26 09:07:25.000000000,26.719007
2026-03-26 09:16:19.000000000,36.30548
2026-03-26 09:42:11.000000000,8.8943
2026-03-26 09:06:23.000000000,11.828189
2026-03-26 09:39:30.000000000,16.04457
2026-03-26 09:10:34.000000000,11.928505
2026-03-26 09:16:05.000000000,8.273054
2026-03-26 10:57:36.000000000,35.289814
2026-03-26 10:01:16.000000000,31.823631
2026-03-26 10:50:55.000000000,125.13493
2026-03-26 10:57:51.000000000,11.721887
2026-03-26 10:14:57.000000000,18.528618
2026-03-26 10:21:35.000000000,23.833609
2026-03-26 10:56:48.000000000,41.21949
2026-03-26 10:33:28.000000000,75.48687
2026-03-26 10:15:24.000000000,35.188576
2026-03-26 10:18:34.000000000,31.245512
2026-03-26 10:22:59.000000000,94.768684
2026-03-26 10:09:15.000000000,8.776216
2026-03-26 10:04:11.000000000,9.793984
2026-03-26 10:00:14.000000000,18.530325
2026-03-26 11:40:40.000000000,22.14004
2026-03-26 11:49:10.000000000,8.14239
2026-03-26 11:32:10.000000000,16.797932
2026-03-26 11:32:37.000000000,86.060394
2026-03-26 11:52:19.000000000,17.276905
2026-03-26 11:19:20.000000000,12.381899
2026-03-26 11:32:56.000000000,115.46893
2026-03-26 11:21:28.000000000,10.425396
2026-03-26 11:21:51.000000000,12.447088
2026-03-26 11:13:34.000000000,6.590459
2026-03-26 11:53:53.000000000,11.396715
2026-03-26 12:07:02.000000000,39.185955
2026-03-26 12:01:09.000000000,13.116678
2026-03-26 12:08:18.000000000,8.815212
2026-03-26 12:56:31.000000000,57.933502
2026-03-26 12:11:20.000000000,7.84239
2026-03-26 12:30:39.000000000,28.678505
2026-03-26 12:01:17.000000000,12.427125
2026-03-26 12:12:03.000000000,70.375946
2026-03-26 12:58:29.000000000,46.90848
2026-03-26 12:08:06.000000000,12.345483
2026-03-26 13:34:03.000000000,74.94432
2026-03-26 13:06:09.000000000,19.410664
2026-03-26 13:37:30.000000000,26.930658
2026-03-26 13:28:39.000000000,51.435616
2026-03-26 13:40:35.000000000,21.342737
2026-03-26 13:27:16.000000000,46.113564
2026-03-26 13:50:52.000000000,18.84314
2026-03-26 13:03:23.000000000,9.045593
2026-03-26 13:10:32.000000000,92.74879
2026-03-26 13:46:30.000000000,17.46806
2026-03-26 13:47:41.000000000,15.82183
2026-03-26 13:14:23.000000000,23.557129
2026-03-26 13:50:03.000000000,9.744521
2026-03-26 13:47:06.000000000,209.50206
2026-03-26 13:53:46.000000000,62.470726
2026-03-26 14:35:38.000000000,13.5829735
2026-03-26 14:17:11.000000000,12.5083885
2026-03-26 14:04:43.000000000,31.742176
2026-03-26 14:30:55.000000000,25.804737
2026-03-26 14:34:30.000000000,35.767967
2026-03-26 14:24:05.000000000,28.449139
2026-03-26 14:18:19.000000000,19.459877
2026-03-26 14:30:51.000000000,34.658955
2026-03-26 14:58:05.000000000,89.62432
2026-03-26 14:12:25.000000000,79.36796
2026-03-26 14:56:23.000000000,18.320566
2026-03-26 14:34:57.000000000,11.697181
2026-03-26 14:10:11.000000000,18.13685
2026-03-26 15:08:52.000000000,11.012325
2026-03-26 15:56:06.000000000,11.79511
2026-03-26 15:19:34.000000000,27.598408
2026-03-26 15:28:51.000000000,12.536425
2026-03-26 15:51:05.000000000,25.773537
2026-03-26 15:58:43.000000000,36.35369
2026-03-26 15:48:01.000000000,18.90262
2026-03-26 15:17:40.000000000,7.675966
2026-03-26 15:52:43.000000000,8.096464
2026-03-26 15:46:43.000000000,14.581948
2026-03-26 15:42:25.000000000,9.734012
2026-03-26 15:53:13.000000000,12.749171
2026-03-26 15:01:09.000000000,13.4760895
2026-03-26 15:49:18.000000000,34.007587
2026-03-26 15:42:38.000000000,84.45916
2026-03-26 15:48:02.000000000,47.563644
2026-03-26 15:53:04.000000000,196.05147
2026-03-26 15:01:56.000000000,41.669327
2026-03-26 16:08:38.000000000,14.948727
2026-03-26 16:39:29.000000000,15.573335
2026-03-26 16:17:37.000000000,21.151182
2026-03-26 16:45:24.000000000,120.23685
2026-03-26 16:22:23.000000000,12.663627
2026-03-26 16:11:50.000000000,17.459951
2026-03-26 16:55:03.000000000,24.946833
2026-03-26 16:28:35.000000000,23.809595
2026-03-26 16:37:48.000000000,33.115253
2026-03-26 16:12:29.000000000,22.247297
2026-03-26 16:38:41.000000000,8.244031
2026-03-26 16:45:33.000000000,94.81404
2026-03-26 16:44:14.000000000,22.089983
2026-03-26 16:03:00.000000000,101.44267
2026-03-26 16:52:57.000000000,16.856966
2026-03-26 16:24:37.000000000,9.931025
2026-03-26 16:00:10.000000000,214.946
2026-03-26 17:20:15.000000000,27.840504
2026-03-26 17:15:23.000000000,27.020784
2026-03-26 17:52:41.000000000,12.478808
2026-03-26 17:50:47.000000000,10.346138
2026-03-26 17:32:23.000000000,16.815828
2026-03-26 17:48:07.000000000,43.465412
2026-03-26 17:08:19.000000000,28.64242
2026-03-26 17:26:39.000000000,12.183324
2026-03-26 17:48:17.000000000,16.088589
2026-03-26 17:22:04.000000000,77.79673
2026-03-26 17:41:27.000000000,16.759567
2026-03-26 17:53:26.000000000,33.824276
2026-03-26 17:08:44.000000000,14.568926
2026-03-26 17:27:31.000000000,9.833098
2026-03-26 17:10:48.000000000,8.015305
2026-03-26 17:36:37.000000000,13.194251
2026-03-26 17:27:46.000000000,47.767094
2026-03-26 17:55:32.000000000,8.542782
2026-03-26 17:19:48.000000000,8.284078
2026-03-26 18:16:08.000000000,22.56083
2026-03-26 18:07:28.000000000,8.0543375
2026-03-26 18:50:03.000000000,24.002428
2026-03-26 18:31:01.000000000,18.619974
2026-03-26 18:06:20.000000000,27.641817
2026-03-26 18:34:44.000000000,14.703767
2026-03-26 18:41:13.000000000,20.664806
2026-03-26 18:39:42.000000000,21.321335
2026-03-26 18:46:19.000000000,67.9765
2026-03-26 18:48:36.000000000,9.796677
2026-03-26 18:23:59.000000000,20.785019
2026-03-26 18:46:55.000000000,13.408946
2026-03-26 18:42:14.000000000,25.384079
2026-03-26 18:17:11.000000000,27.53677
2026-03-26 19:42:53.000000000,8.950205
2026-03-26 19:35:55.000000000,14.657699
2026-03-26 19:45:55.000000000,29.996252
2026-03-26 19:06:03.000000000,39.28903
2026-03-26 19:11:57.000000000,8.722516
2026-03-26 19:00:18.000000000,14.652671
2026-03-26 19:45:06.000000000,56.42843
2026-03-26 19:44:22.000000000,14.511609
2026-03-26 19:42:35.000000000,51.327915
2026-03-26 19:10:31.000000000,11.761889
2026-03-26 19:41:27.000000000,117.94717
2026-03-26 19:37:23.000000000,56.964493
2026-03-26 19:20:13.000000000,16.27978
2026-03-26 19:00:38.000000000,13.8081875
2026-03-26 19:33:01.000000000,44.84818
2026-03-26 19:58:40.000000000,15.120086
2026-03-26 19:29:49.000000000,50.514412
2026-03-26 19:33:26.000000000,9.971235
2026-03-26 20:06:37.000000000,12.285787
2026-03-26 20:38:32.000000000,18.606138
2026-03-26 20:31:51.000000000,35.630554
2026-03-26 20:05:54.000000000,23.206839
2026-03-26 20:02:42.000000000,10.025864
2026-03-26 20:20:07.000000000,15.222796
2026-03-26 20:19:46.000000000,9.82339
2026-03-26 20:03:40.000000000,42.219658
2026-03-26 20:38:43.000000000,103.006645
2026-03-26 20:32:03.000000000,8.249171
2026-03-26 21:16:20.000000000,65.90288
2026-03-26 21:24:44.000000000,45.38342
2026-03-26 21:20:58.000000000,10.016671
2026-03-26 21:58:08.000000000,12.49982
2026-03-26 21:28:33.000000000,27.125011
2026-03-26 21:17:41.000000000,26.34908
2026-03-26 21:00:45.000000000,63.903126
2026-03-26 21:45:18.000000000,51.105167
2026-03-26 21:49:58.000000000,67.347084
2026-03-26 21:34:44.000000000,28.453741
2026-03-26 21:33:10.000000000,34.8078
2026-03-26 21:41:17.000000000,38.820892
2026-03-26 21:16:54.000000000,29.891722
2026-03-26 21:51:08.000000000,24.612432
2026-03-26 21:49:38.000000000,26.03607
2026-03-26 22:02:07.000000000,63.65312
2026-03-26 22:26:03.000000000,8.962699
2026-03-26 22:53:19.000000000,6.7924805
2026-03-26 22:21:17.000000000,28.985424
2026-03-26 22:24:47.000000000,31.107079
2026-03-26 22:09:08.000000000,21.984041
2026-03-26 22:13:54.000000000,6.948985
2026-03-26 22:58:45.000000000,24.202766
2026-03-26 22:00:57.000000000,24.59492
2026-03-26 22:44:22.000000000,61.668545
2026-03-26 22:34:17.000000000,28.51084
2026-03-26 22:09:18.000000000,15.945878
2026-03-26 22:58:00.000000000,18.694443
2026-03-26 22:26:16.000000000,17.493793
2026-03-26 22:02:56.000000000,88.83954
2026-03-26 22:38:20.000000000,11.092659
2026-03-26 22:21:00.000000000,39.59445
2026-03-26 22:57:51.000000000,31.951002
2026-03-26 22:56:57.000000000,11.113767
2026-03-26 22:27:24.000000000,14.804532
2026-03-26 23:29:32.000000000,22.437113
2026-03-26 23:07:51.000000000,31.205414
2026-03-26 23:14:33.000000000,46.845898
2026-03-26 23:29:15.000000000,19.720488
2026-03-26 23:08:33.000000000,29.367502
2026-03-26 23:04:47.000000000,13.404623
2026-03-26 23:20:19.000000000,25.633175
2026-03-26 23:49:13.000000000,19.842714
2026-03-26 23:19:26.000000000,38.70586
2026-03-26 23:11:52.000000000,28.020079
2026-03-26 23:21:36.000000000,30.687803
2026-03-26 23:14:24.000000000,39.633675
2026-03-26 23:57:16.000000000,14.069868
2026-03-27 00:40:55.000000000,27.768984
2026-03-27 00:31:54.000000000,43.19149
2026-03-27 00:45:59.000000000,161.47955
2026-03-27 00:39:48.000000000,15.200302
2026-03-27 00:42:35.000000000,6.2599587
2026-03-27 00:40:48.000000000,12.61893
2026-03-27 00:12:51.000000000,32.8541
2026-03-27 00:26:15.000000000,13.131426
2026-03-27 00:40:32.000000000,110.81897
2026-03-27 01:35:51.000000000,37.608276
2026-03-27 01:35:05.000000000,35.09377
2026-03-27 01:32:21.000000000,88.79748
2026-03-27 01:42:36.000000000,15.158786
2026-03-27 01:30:27.000000000,8.826886
2026-03-27 01:31:47.000000000,10.159749
2026-03-27 01:02:37.000000000,15.222602
2026-03-27 02:48:09.000000000,11.93382
2026-03-27 02:16:21.000000000,29.526112
2026-03-27 02:35:01.000000000,10.932887
2026-03-27 02:50:59.000000000,27.026947
2026-03-27 02:17:06.000000000,20.416586
2026-03-27 02:56:54.000000000,31.199005
2026-03-27 02:36:33.000000000,5.998886
2026-03-27 03:43:31.000000000,9.190608
2026-03-27 03:36:25.000000000,61.518955
2026-03-27 03:58:45.000000000,36.416378
2026-03-27 03:25:36.000000000,59.876743
2026-03-27 03:14:47.000000000,25.645918
2026-03-27 04:31:41.000000000,50.435307
2026-03-27 04:09:49.000000000,42.0457
2026-03-27 04:31:31.000000000,37.726463
2026-03-27 04:41:23.000000000,24.697926
2026-03-27 04:46:19.000000000,36.29687
2026-03-27 04:19:19.000000000,50.160896
2026-03-27 04:22:09.000000000,67.21562
2026-03-27 05:25:11.000000000,40.443558
2026-03-27 05:23:37.000000000,69.37571
2026-03-27 05:46:34.000000000,26.797525
2026-03-27 05:03:22.000000000,16.043901
2026-03-27 05:34:59.000000000,13.455162
2026-03-27 05:56:00.000000000,21.79151
2026-03-27 05:12:43.000000000,70.923805
2026-03-27 06:35:38.000000000,67.11184
2026-03-27 06:58:00.000000000,38.667362
2026-03-27 06:43:19.000000000,94.80046
2026-03-27 06:05:36.000000000,22.237375
2026-03-27 06:01:00.000000000,69.00883
2026-03-27 06:10:08.000000000,65.71628
2026-03-27 06:03:19.000000000,46.56401
2026-03-27 07:03:55.000000000,23.177517
2026-03-27 07:17:48.000000000,56.220554
2026-03-27 07:51:47.000000000,35.60703
2026-03-27 07:24:30.000000000,13.355871
2026-03-27 07:45:18.000000000,13.020776
2026-03-27 07:42:58.000000000,25.823448
2026-03-27 07:17:29.000000000,9.609074
2026-03-27 07:11:22.000000000,16.619402
2026-03-27 07:27:54.000000000,8.822562
2026-03-27 07:37:38.000000000,9.30531
2026-03-27 07:10:18.000000000,6.697432
2026-03-27 07:55:28.000000000,21.195236
2026-03-27 07:09:03.000000000,60.408504
2026-03-27 07:34:37.000000000,27.534521
2026-03-27 07:29:17.000000000,17.415451
2026-03-27 07:57:13.000000000,13.254293
2026-03-27 07:32:46.000000000,19.435379
2026-03-27 07:37:32.000000000,36.073883
2026-03-27 08:06:10.000000000,14.302264
2026-03-27 08:02:47.000000000,12.445446
2026-03-27 08:25:46.000000000,117.378716
2026-03-27 08:48:54.000000000,32.63182
2026-03-27 08:52:27.000000000,20.467993
2026-03-27 08:55:09.000000000,9.810435
2026-03-27 08:12:03.000000000,26.08782
2026-03-27 08:21:41.000000000,10.702646
2026-03-27 08:41:54.000000000,13.325094
2026-03-27 08:36:39.000000000,22.353327
2026-03-27 08:26:32.000000000,17.609797
2026-03-27 08:09:47.000000000,20.625082
2026-03-27 08:18:09.000000000,9.139443
2026-03-27 08:54:02.000000000,54.68233
2026-03-27 08:26:07.000000000,11.020739
2026-03-27 08:42:22.000000000,8.236346
2026-03-27 08:55:20.000000000,12.318408
2026-03-27 08:12:37.000000000,30.691734
2026-03-27 08:59:19.000000000,17.683908
2026-03-27 08:39:48.000000000,22.188894
2026-03-27 09:20:34.000000000,17.25871
2026-03-27 09:19:31.000000000,44.732628
2026-03-27 09:17:14.000000000,172.95206
2026-03-27 09:59:19.000000000,7.6774364
2026-03-27 09:42:43.000000000,42.03057
2026-03-27 09:20:27.000000000,29.613043
2026-03-27 09:29:33.000000000,38.372658
2026-03-27 09:23:14.000000000,49.197643
2026-03-27 09:23:33.000000000,30.68887
2026-03-27 09:41:35.000000000,22.250626
2026-03-27 09:51:07.000000000,66.19028
2026-03-27 09:43:46.000000000,21.394627
2026-03-27 09:55:35.000000000,8.916284
2026-03-27 09:17:15.000000000,23.265587
2026-03-27 09:52:34.000000000,44.44653
2026-03-27 10:31:11.000000000,22.747229
2026-03-27 10:35:37.000000000,6.948985
2026-03-27 10:39:49.000000000,15.231146
2026-03-27 10:33:20.000000000,25.34838
2026-03-27 10:05:22.000000000,32.994965
2026-03-27 10:13:56.000000000,7.7033095
2026-03-27 10:47:08.000000000,34.41428
2026-03-27 10:33:39.000000000,9.787016
2026-03-27 10:11:04.000000000,28.17634
2026-03-27 10:01:20.000000000,75.13272
2026-03-27 11:25:46.000000000,14.597707
2026-03-27 11:15:34.000000000,43.554188
2026-03-27 11:20:35.000000000,11.139171
2026-03-27 11:55:15.000000000,17.967407
2026-03-27 11:53:44.000000000,26.410872
2026-03-27 11:21:11.000000000,45.794067
2026-03-27 11:49:02.000000000,22.44767
2026-03-27 11:58:36.000000000,15.18602
2026-03-27 11:43:09.000000000,23.558947
2026-03-27 11:27:12.000000000,33.66677
2026-03-27 11:32:47.000000000,21.313236
2026-03-27 11:10:49.000000000,22.528574
2026-03-27 11:23:27.000000000,13.215203
2026-03-27 11:06:59.000000000,23.46727
2026-03-27 12:23:13.000000000,36.3524
2026-03-27 12:25:17.000000000,56.201424
2026-03-27 12:44:47.000000000,37.68476
2026-03-27 12:35:13.000000000,19.480415
2026-03-27 12:54:51.000000000,18.673925
2026-03-27 12:19:33.000000000,18.757376
2026-03-27 12:02:47.000000000,36.22803
2026-03-27 12:05:02.000000000,64.13851
2026-03-27 12:15:47.000000000,22.941242
2026-03-27 12:05:15.000000000,32.773457
2026-03-27 12:25:41.000000000,14.410036
2026-03-27 12:27:04.000000000,35.72414
2026-03-27 13:42:12.000000000,16.049828
2026-03-27 13:05:50.000000000,45.380997
2026-03-27 13:07:02.000000000,16.744902
2026-03-27 13:24:13.000000000,23.38424
2026-03-27 13:14:07.000000000,20.900913
2026-03-27 13:11:39.000000000,28.774925
2026-03-27 13:22:14.000000000,10.930782
2026-03-27 13:56:21.000000000,36.891254
2026-03-27 13:57:50.000000000,69.82131
2026-03-27 13:27:49.000000000,10.738903
2026-03-27 13:51:40.000000000,11.023345
2026-03-27 13:53:42.000000000,28.664116
2026-03-27 13:36:53.000000000,65.68451
2026-03-27 13:46:18.000000000,40.103115
2026-03-27 13:11:23.000000000,22.850613
2026-03-27 13:25:17.000000000,25.96262
2026-03-27 13:04:20.000000000,29.20323
2026-03-27 13:13:54.000000000,26.165325
2026-03-27 13:37:14.000000000,33.676205
2026-03-27 14:16:41.000000000,9.799628
2026-03-27 14:37:48.000000000,23.11734
2026-03-27 14:32:23.000000000,10.284011
2026-03-27 14:37:38.000000000,18.290522
2026-03-27 14:20:20.000000000,17.521866
2026-03-27 14:42:52.000000000,16.046356
2026-03-27 14:21:07.000000000,19.479584
2026-03-27 14:42:00.000000000,27.533482
2026-03-27 14:30:13.000000000,44.77599
2026-03-27 14:44:12.000000000,9.849801
2026-03-27 14:43:36.000000000,70.844536
2026-03-27 14:56:46.000000000,26.655678
2026-03-27 14:43:07.000000000,15.824932
2026-03-27 14:09:49.000000000,35.544685
2026-03-27 14:10:37.000000000,16.497574
2026-03-27 14:50:29.000000000,10.780712
2026-03-27 15:54:51.000000000,18.330032
2026-03-27 15:34:45.000000000,16.87856
2026-03-27 15:46:25.000000000,13.357824
2026-03-27 15:24:14.000000000,19.88538
2026-03-27 15:17:50.000000000,25.76098
2026-03-27 15:15:09.000000000,32.39482
2026-03-27 15:01:41.000000000,21.905828
2026-03-27 15:22:49.000000000,131.1449
2026-03-27 15:54:22.000000000,96.22692
2026-03-27 15:48:59.000000000,17.998222
2026-03-27 15:16:36.000000000,30.993631
2026-03-27 15:45:25.000000000,18.618568
2026-03-27 15:56:06.000000000,16.808842
2026-03-27 15:30:04.000000000,8.271526
2026-03-27 15:32:56.000000000,15.4532175
2026-03-27 15:50:55.000000000,58.68272
2026-03-27 16:40:01.000000000,23.09832
2026-03-27 16:53:14.000000000,41.080418
2026-03-27 16:00:24.000000000,17.80083
2026-03-27 16:27:24.000000000,31.756294
2026-03-27 16:56:38.000000000,48.89334
2026-03-27 16:31:17.000000000,62.758106
2026-03-27 16:05:09.000000000,54.42326
2026-03-27 16:20:23.000000000,30.445261
2026-03-27 16:05:49.000000000,10.737112
2026-03-27 16:57:26.000000000,84.46448
2026-03-27 16:49:41.000000000,44.2158
2026-03-27 16:16:19.000000000,8.702448
2026-03-27 16:06:16.000000000,40.812515
2026-03-27 16:09:27.000000000,11.540477
2026-03-27 16:40:56.000000000,20.31433
2026-03-27 16:00:13.000000000,35.427593
2026-03-27 16:53:35.000000000,13.539
2026-03-27 16:57:53.000000000,20.310698
2026-03-27 16:12:04.000000000,70.34315
2026-03-27 16:38:49.000000000,25.101667
2026-03-27 16:31:52.000000000,9.743111
2026-03-27 16:04:52.000000000,103.434105
2026-03-27 17:00:44.000000000,30.99063
2026-03-27 17:14:29.000000000,24.42928
2026-03-27 17:12:00.000000000,7.4478273
2026-03-27 17:35:26.000000000,192.82011
2026-03-27 17:59:58.000000000,11.822305
2026-03-27 17:56:57.000000000,35.898064
2026-03-27 17:24:34.000000000,20.706991
2026-03-27 17:52:40.000000000,21.354279
2026-03-27 17:59:12.000000000,27.65703
2026-03-27 17:24:38.000000000,6.772677
2026-03-27 17:00:58.000000000,23.940748
2026-03-27 17:04:28.000000000,15.434629
2026-03-27 17:17:41.000000000,8.959311
2026-03-27 17:26:29.000000000,10.344159
2026-03-27 17:16:31.000000000,28.010725
2026-03-27 17:27:25.000000000,9.99542
2026-03-27 17:19:09.000000000,8.899441
2026-03-27 17:59:10.000000000,23.002457
2026-03-27 18:47:56.000000000,66.50954
2026-03-27 18:17:22.000000000,33.57481
2026-03-27 18:09:46.000000000,18.707628
2026-03-27 18:34:00.000000000,9.825635
2026-03-27 18:30:19.000000000,6.271919
2026-03-27 18:18:29.000000000,9.35916
2026-03-27 18:29:44.000000000,9.159592
2026-03-27 18:34:48.000000000,6.8028007
2026-03-27 18:08:49.000000000,18.483515
2026-03-27 18:37:25.000000000,18.624603
2026-03-27 18:08:54.000000000,16.485588
2026-03-27 18:35:26.000000000,12.437635
2026-03-27 18:05:20.000000000,40.678604
2026-03-27 18:38:06.000000000,9.356833
2026-03-27 18:53:27.000000000,19.23331
2026-03-27 18:44:07.000000000,11.79511
2026-03-27 18:42:23.000000000,19.773403
2026-03-27 18:37:02.000000000,42.874187
2026-03-27 18:56:55.000000000,14.191995
2026-03-27 18:29:14.000000000,12.206719
2026-03-27 18:54:26.000000000,10.592377
2026-03-27 18:02:46.000000000,27.195917
2026-03-27 18:05:46.000000000,10.727876
2026-03-27 18:55:21.000000000,10.113373
2026-03-27 18:50:46.000000000,29.586956
2026-03-27 18:18:52.000000000,15.037812
2026-03-27 18:25:02.000000000,23.328484
2026-03-27 18:52:53.000000000,16.608528
2026-03-27 18:41:05.000000000,9.826557
2026-03-27 18:20:30.000000000,13.1082735
2026-03-27 18:10:27.000000000,25.359587
2026-03-27 18:51:12.000000000,8.401451
2026-03-27 18:58:46.000000000,11.984694
2026-03-27 18:20:02.000000000,26.858183
2026-03-27 18:11:52.000000000,43.109188
2026-03-27 19:34:58.000000000,6.649677
2026-03-27 19:22:20.000000000,39.422234
2026-03-27 19:36:25.000000000,14.852446
2026-03-27 19:18:18.000000000,20.428503
2026-03-27 19:43:23.000000000,19.444372
2026-03-27 19:14:31.000000000,11.866673
2026-03-27 19:15:54.000000000,63.425518
2026-03-27 19:16:20.000000000,8.931922
2026-03-27 19:01:49.000000000,67.94735
2026-03-27 19:35:19.000000000,10.912352
2026-03-27 19:32:17.000000000,6.9069443
2026-03-27 19:28:41.000000000,12.856701
2026-03-27 19:52:56.000000000,18.314573
2026-03-27 19:03:51.000000000,6.499812
2026-03-27 19:54:44.000000000,7.682576
2026-03-27 19:08:27.000000000,12.578062
2026-03-27 19:07:11.000000000,9.350895
2026-03-27 19:03:39.000000000,7.041998
2026-03-27 19:33:56.000000000,30.873758
2026-03-27 19:49:55.000000000,8.244365
2026-03-27 20:48:40.000000000,49.78404
2026-03-27 20:27:21.000000000,17.060804
2026-03-27 20:05:52.000000000,29.846699
2026-03-27 20:11:16.000000000,19.630945
2026-03-27 20:10:31.000000000,19.429337
2026-03-27 20:23:36.000000000,38.57917
2026-03-27 20:28:30.000000000,10.767848
2026-03-27 20:44:09.000000000,39.771114
2026-03-27 20:13:58.000000000,12.429094
2026-03-27 20:46:24.000000000,53.22869
2026-03-27 20:14:30.000000000,24.24442
2026-03-27 20:15:44.000000000,15.982389
2026-03-27 20:45:25.000000000,19.605959
2026-03-27 20:47:01.000000000,15.903679
2026-03-27 20:22:05.000000000,9.094889
2026-03-27 20:23:13.000000000,13.992655
2026-03-27 20:47:45.000000000,9.492603
2026-03-27 20:57:31.000000000,19.449718
2026-03-27 20:43:46.000000000,10.8110075
2026-03-27 20:17:39.000000000,8.884219
2026-03-27 20:15:46.000000000,24.259195
2026-03-27 20:47:39.000000000,20.295095
2026-03-27 20:45:30.000000000,14.688959
2026-03-27 20:10:05.000000000,21.045826
2026-03-27 20:47:05.000000000,40.65348
2026-03-27 21:26:05.000000000,11.375147
2026-03-27 21:30:52.000000000,27.518232
2026-03-27 21:31:42.000000000,13.247509
2026-03-27 21:56:34.000000000,14.304019
2026-03-27 21:49:33.000000000,41.10662
2026-03-27 21:58:14.000000000,68.39765
2026-03-27 21:35:58.000000000,24.272806
2026-03-27 21:11:11.000000000,18.497377
2026-03-27 21:37:17.000000000,23.148584
2026-03-27 21:28:48.000000000,48.57424
2026-03-27 21:14:35.000000000,25.185062
2026-03-27 21:23:38.000000000,19.358276
2026-03-27 21:17:53.000000000,10.436365
2026-03-27 21:13:44.000000000,8.397239
2026-03-27 21:27:54.000000000,56.314865
2026-03-27 21:26:54.000000000,24.112913
2026-03-27 21:34:10.000000000,12.495559
2026-03-27 21:15:07.000000000,18.550219
2026-03-27 21:48:50.000000000,246.89572
2026-03-27 21:51:23.000000000,84.65089
2026-03-27 21:57:48.000000000,13.44156
2026-03-27 21:08:22.000000000,12.904857
2026-03-27 21:12:24.000000000,13.200144
2026-03-27 21:53:27.000000000,13.349283
2026-03-27 21:10:55.000000000,25.985031
2026-03-27 21:17:10.000000000,33.327606
2026-03-27 21:57:35.000000000,24.6075
2026-03-27 21:56:31.000000000,167.18321
2026-03-27 22:54:59.000000000,12.110894
2026-03-27 22:00:48.000000000,7.6762586
2026-03-27 22:29:13.000000000,26.7224
2026-03-27 22:27:09.000000000,9.190925
2026-03-27 22:56:11.000000000,218.55974
2026-03-27 22:03:44.000000000,14.746005
2026-03-27 22:13:21.000000000,13.29647
2026-03-27 22:34:36.000000000,21.641018
2026-03-27 22:42:16.000000000,27.878702
2026-03-27 22:15:43.000000000,28.537186
2026-03-27 22:16:12.000000000,34.826866
2026-03-27 22:51:57.000000000,23.833277
2026-03-27 22:58:04.000000000,23.963636
2026-03-27 22:29:24.000000000,15.818461
2026-03-27 22:08:42.000000000,22.367363
2026-03-27 22:38:51.000000000,40.830223
2026-03-27 23:46:12.000000000,47.02901
2026-03-27 23:01:57.000000000,30.282814
2026-03-27 23:55:52.000000000,12.325606
2026-03-27 23:52:31.000000000,22.674118
2026-03-27 23:18:08.000000000,13.529021
2026-03-27 23:42:57.000000000,9.865927
2026-03-27 23:21:12.000000000,24.219275
2026-03-27 23:16:31.000000000,13.8546505
2026-03-27 23:03:02.000000000,23.470013
2026-03-27 23:18:25.000000000,9.914371
2026-03-27 23:13:50.000000000,37.642414
2026-03-27 23:54:47.000000000,17.778427
2026-03-27 23:37:58.000000000,32.568516
2026-03-27 23:21:49.000000000,9.570039
2026-03-27 23:39:24.000000000,14.086376
2026-03-27 23:05:28.000000000,26.772116
2026-03-27 23:51:34.000000000,7.9067926
2026-03-27 23:01:00.000000000,29.480713
2026-03-27 23:15:25.000000000,17.019907
2026-03-27 23:16:53.000000000,9.136054
2026-03-27 23:01:21.000000000,14.907291
2026-03-27 23:46:18.000000000,23.568552
2026-03-27 23:50:18.000000000,10.670831
2026-03-27 23:29:17.000000000,27.50639
2026-03-28 00:37:58.000000000,35.26615
2026-03-28 00:03:19.000000000,17.741798
2026-03-28 00:10:43.000000000,15.732655
2026-03-28 00:57:25.000000000,14.535918
2026-03-28 00:23:01.000000000,42.506767
2026-03-28 00:55:39.000000000,18.542883
2026-03-28 00:28:39.000000000,6.386023
2026-03-28 00:16:31.000000000,39.457554
2026-03-28 00:15:38.000000000,8.236346
2026-03-28 00:36:14.000000000,14.214618
2026-03-28 00:07:39.000000000,29.997772
2026-03-28 00:37:44.000000000,16.923683
2026-03-28 00:51:07.000000000,32.093716
2026-03-28 01:38:35.000000000,13.989612
2026-03-28 01:55:54.000000000,16.047585
2026-03-28 01:47:07.000000000,17.772661
2026-03-28 01:15:04.000000000,8.866503
2026-03-28 01:30:21.000000000,17.959572
2026-03-28 01:29:52.000000000,14.988935
2026-03-28 01:59:11.000000000,12.982015
2026-03-28 02:04:19.000000000,20.136301
2026-03-28 02:06:28.000000000,11.924855
2026-03-28 02:11:07.000000000,13.375833
2026-03-28 02:12:16.000000000,19.228228
2026-03-28 02:27:50.000000000,21.43229
2026-03-28 02:05:40.000000000,25.61635
2026-03-28 02:01:24.000000000,9.819322
2026-03-28 03:48:18.000000000,15.653759
2026-03-28 03:30:27.000000000,9.639604
2026-03-28 03:53:48.000000000,24.431858
2026-03-28 03:25:59.000000000,17.50301
2026-03-28 03:08:52.000000000,21.592793
2026-03-28 03:03:22.000000000,21.311316
2026-03-28 03:13:40.000000000,13.736222
2026-03-28 03:12:03.000000000,59.578213
2026-03-28 03:56:52.000000000,20.857542
2026-03-28 03:57:03.000000000,14.283109
2026-03-28 03:06:10.000000000,28.705345
2026-03-28 04:14:27.000000000,75.292595
2026-03-28 04:30:48.000000000,7.8954945
2026-03-28 04:25:30.000000000,14.862387
2026-03-28 04:01:00.000000000,97.46855
2026-03-28 04:52:56.000000000,9.648707
2026-03-28 05:48:41.000000000,8.641979
2026-03-28 06:20:16.000000000,67.72322
2026-03-28 06:26:15.000000000,23.271624
2026-03-28 06:53:07.000000000,12.139575
2026-03-28 06:34:13.000000000,56.438957
2026-03-28 06:32:11.000000000,28.445736
2026-03-28 07:43:44.000000000,8.922254
2026-03-28 07:34:50.000000000,16.851374
2026-03-28 07:55:34.000000000,14.823745
2026-03-28 07:50:42.000000000,19.59432
2026-03-28 07:25:29.000000000,15.244576
2026-03-28 07:50:52.000000000,36.58977
2026-03-28 07:01:24.000000000,15.243842
2026-03-28 07:55:57.000000000,73.02069
2026-03-28 07:52:20.000000000,64.283394
2026-03-28 07:53:16.000000000,7.87943
2026-03-28 07:38:27.000000000,57.20149
2026-03-28 07:12:46.000000000,26.473547
2026-03-28 07:44:14.000000000,37.17972
2026-03-28 07:29:33.000000000,61.207333
2026-03-28 08:53:57.000000000,14.169894
2026-03-28 08:51:02.000000000,14.174755
2026-03-28 08:02:09.000000000,15.201241
2026-03-28 08:30:22.000000000,21.38229
2026-03-28 08:35:02.000000000,6.9483585
2026-03-28 08:32:36.000000000,17.602774
2026-03-28 08:42:28.000000000,16.79888
2026-03-28 08:50:29.000000000,34.38783
2026-03-28 08:50:49.000000000,11.89384
2026-03-28 09:40:06.000000000,128.51216
2026-03-28 09:40:03.000000000,6.441932
2026-03-28 09:30:27.000000000,25.099817
2026-03-28 09:03:48.000000000,16.687725
2026-03-28 09:02:43.000000000,27.791088
2026-03-28 09:33:14.000000000,38.52083
2026-03-28 09:35:13.000000000,13.404712
2026-03-28 09:43:34.000000000,13.349283
2026-03-28 09:37:13.000000000,19.106245
2026-03-28 09:57:50.000000000,35.109646
2026-03-28 09:19:23.000000000,12.634557
2026-03-28 09:26:09.000000000,12.626433
2026-03-28 09:50:28.000000000,12.562985
2026-03-28 09:30:23.000000000,6.708851
2026-03-28 10:40:51.000000000,9.079501
2026-03-28 10:00:07.000000000,15.044801
2026-03-28 10:03:56.000000000,59.56177
2026-03-28 10:19:25.000000000,7.112604
2026-03-28 10:41:50.000000000,18.244131
2026-03-28 10:05:27.000000000,8.096464
2026-03-28 10:01:46.000000000,11.698508
2026-03-28 10:54:50.000000000,9.965062
2026-03-28 10:35:15.000000000,12.93111
2026-03-28 10:32:16.000000000,21.544075
2026-03-28 10:48:19.000000000,7.8356867
2026-03-28 11:14:51.000000000,14.982634
2026-03-28 11:08:41.000000000,16.021875
2026-03-28 11:10:20.000000000,118.127914
2026-03-28 11:57:42.000000000,13.349283
2026-03-28 11:59:47.000000000,31.671865
2026-03-28 11:51:42.000000000,15.020257
2026-03-28 11:49:34.000000000,19.730528
2026-03-28 11:27:53.000000000,43.89894
2026-03-28 11:41:56.000000000,33.84178
2026-03-28 11:07:32.000000000,40.425335
2026-03-28 11:25:29.000000000,9.753661
2026-03-28 11:24:25.000000000,18.486399
2026-03-28 11:54:09.000000000,11.802098
2026-03-28 12:41:21.000000000,26.147938
2026-03-28 12:30:03.000000000,33.664318
2026-03-28 12:32:22.000000000,24.828817
2026-03-28 12:28:14.000000000,63.140392
2026-03-28 12:18:04.000000000,17.341433
2026-03-28 12:17:37.000000000,17.195803
2026-03-28 12:58:44.000000000,9.703571
2026-03-28 12:47:36.000000000,11.712103
2026-03-28 12:26:39.000000000,15.864886
2026-03-28 12:53:53.000000000,12.580031
2026-03-28 12:46:42.000000000,53.223797
2026-03-28 12:33:49.000000000,26.131474
2026-03-28 13:52:11.000000000,10.8313875
2026-03-28 13:14:13.000000000,25.373747
2026-03-28 13:28:41.000000000,20.523611
2026-03-28 13:46:08.000000000,7.357681
2026-03-28 13:46:49.000000000,72.36777
2026-03-28 13:22:55.000000000,32.882576
2026-03-28 13:53:41.000000000,37.918095
2026-03-28 13:08:45.000000000,103.367516
2026-03-28 13:18:00.000000000,42.177803
2026-03-28 13:00:39.000000000,13.320344
2026-03-28 13:17:39.000000000,44.005787
2026-03-28 13:35:03.000000000,12.552777
2026-03-28 13:55:56.000000000,30.586561
2026-03-28 13:20:44.000000000,8.236346
2026-03-28 13:35:35.000000000,33.813484
2026-03-28 14:25:17.000000000,44.392838
2026-03-28 14:00:07.000000000,21.356043
2026-03-28 14:33:05.000000000,19.896915
2026-03-28 14:10:27.000000000,18.032877
2026-03-28 14:13:13.000000000,74.59078
2026-03-28 14:14:12.000000000,50.573444
2026-03-28 14:43:24.000000000,9.002216
2026-03-28 14:54:01.000000000,63.16722
2026-03-28 14:09:32.000000000,13.162564
2026-03-28 14:21:21.000000000,30.885641
2026-03-28 14:21:26.000000000,16.459927
2026-03-28 14:52:46.000000000,10.2573805
2026-03-28 14:29:38.000000000,28.63146
2026-03-28 14:48:07.000000000,57.230682
2026-03-28 14:28:20.000000000,7.7963786
2026-03-28 14:03:49.000000000,6.444052
2026-03-28 14:49:01.000000000,19.41164
2026-03-28 14:52:38.000000000,11.758214
2026-03-28 14:15:58.000000000,23.209885
2026-03-28 14:06:06.000000000,29.264238
2026-03-28 14:21:34.000000000,16.787678
2026-03-28 14:39:21.000000000,36.248283
2026-03-28 14:33:08.000000000,20.159092
2026-03-28 14:45:19.000000000,19.616251
2026-03-28 15:34:06.000000000,25.20747
2026-03-28 15:06:56.000000000,13.762207
2026-03-28 15:23:11.000000000,24.990698
2026-03-28 15:05:51.000000000,13.349235
2026-03-28 15:00:06.000000000,51.31608
2026-03-28 15:25:44.000000000,12.643098
2026-03-28 15:22:17.000000000,10.033942
2026-03-28 15:13:30.000000000,34.70547
2026-03-28 15:35:12.000000000,30.891922
2026-03-28 15:49:53.000000000,15.243842
2026-03-28 15:52:40.000000000,15.776143
2026-03-28 15:15:40.000000000,33.81791
2026-03-28 15:09:06.000000000,27.04581
2026-03-28 15:28:14.000000000,30.509184
2026-03-28 15:45:07.000000000,15.753882
2026-03-28 15:57:45.000000000,16.46206
2026-03-28 15:49:36.000000000,25.227018
2026-03-28 15:27:52.000000000,18.534048
2026-03-28 15:50:35.000000000,59.169426
2026-03-28 15:08:22.000000000,9.752896
2026-03-28 15:06:40.000000000,9.134636
2026-03-28 16:24:42.000000000,15.722878
2026-03-28 16:23:20.000000000,16.759567
2026-03-28 16:25:06.000000000,31.93992
2026-03-28 16:36:26.000000000,8.072908
2026-03-28 16:44:25.000000000,42.983128
2026-03-28 16:12:30.000000000,16.999302
2026-03-28 16:41:48.000000000,11.519279
2026-03-28 16:58:53.000000000,5.9418244
2026-03-28 16:58:25.000000000,7.5562253
2026-03-28 16:17:11.000000000,9.40508
2026-03-28 16:35:13.000000000,32.82348
2026-03-28 16:45:10.000000000,14.179428
2026-03-28 16:09:12.000000000,12.5885725
2026-03-28 16:01:37.000000000,102.58621
2026-03-28 16:50:21.000000000,13.131947
2026-03-28 16:48:05.000000000,7.59251
2026-03-28 16:32:00.000000000,18.190859
2026-03-28 16:48:19.000000000,11.754901
2026-03-28 16:07:13.000000000,28.70688
2026-03-28 16:27:03.000000000,15.27293
2026-03-28 17:32:47.000000000,28.831543
2026-03-28 17:59:09.000000000,18.185831
2026-03-28 17:46:14.000000000,18.388166
2026-03-28 17:06:08.000000000,10.034654
2026-03-28 17:44:15.000000000,35.98654
2026-03-28 17:42:42.000000000,28.248652
2026-03-28 17:11:05.000000000,19.814169
2026-03-28 17:19:15.000000000,13.887987
2026-03-28 17:00:57.000000000,11.072716
2026-03-28 17:15:18.000000000,9.84125
2026-03-28 17:43:20.000000000,16.416668
2026-03-28 17:48:46.000000000,24.438505
2026-03-28 17:44:16.000000000,12.625788
2026-03-28 17:02:58.000000000,16.680487
2026-03-28 17:46:40.000000000,17.0107
2026-03-28 17:46:17.000000000,29.768288
2026-03-28 17:52:42.000000000,11.2600355
2026-03-28 17:13:09.000000000,13.654361
2026-03-28 17:46:48.000000000,17.907642
2026-03-28 17:35:22.000000000,27.999838
2026-03-28 17:50:57.000000000,22.442217
2026-03-28 17:22:41.000000000,11.092659
2026-03-28 17:04:31.000000000,141.94482
2026-03-28 18:21:01.000000000,17.768774
2026-03-28 18:00:51.000000000,6.7918496
2026-03-28 18:58:22.000000000,53.14896
2026-03-28 18:24:57.000000000,10.059749
2026-03-28 18:33:24.000000000,30.12172
2026-03-28 18:48:51.000000000,39.41022
2026-03-28 18:17:55.000000000,17.19772
2026-03-28 18:32:09.000000000,76.898544
2026-03-28 18:40:30.000000000,12.986699
2026-03-28 18:49:46.000000000,34.00799
2026-03-28 18:45:51.000000000,48.647404
2026-03-28 18:25:28.000000000,19.626347
2026-03-28 18:07:35.000000000,15.151095
2026-03-28 18:41:04.000000000,10.38689
2026-03-28 18:24:44.000000000,17.110905
2026-03-28 18:40:39.000000000,6.859084
2026-03-28 18:02:33.000000000,250.73042
2026-03-28 18:32:33.000000000,11.3914
2026-03-28 18:22:11.000000000,27.12163
2026-03-28 19:36:03.000000000,68.51471
2026-03-28 19:59:01.000000000,9.063713
2026-03-28 19:48:42.000000000,12.776997
2026-03-28 19:41:57.000000000,13.356223
2026-03-28 19:41:43.000000000,12.771349
2026-03-28 19:34:56.000000000,9.697222
2026-03-28 19:43:41.000000000,23.827412
2026-03-28 19:03:50.000000000,17.870958
2026-03-28 19:20:25.000000000,11.65879
2026-03-28 19:43:31.000000000,10.738081
2026-03-28 19:39:26.000000000,10.936395
2026-03-28 19:55:44.000000000,22.182709
2026-03-28 19:40:02.000000000,31.554028
2026-03-28 19:08:15.000000000,30.556383
2026-03-28 19:00:33.000000000,40.922096
2026-03-28 19:18:19.000000000,15.186069
2026-03-28 19:44:10.000000000,6.3981504
2026-03-28 20:51:16.000000000,21.394459
2026-03-28 20:06:42.000000000,19.234009
2026-03-28 20:41:13.000000000,35.65642
2026-03-28 20:59:11.000000000,26.90125
2026-03-28 20:55:34.000000000,15.884979
2026-03-28 20:01:18.000000000,13.960458
2026-03-28 20:29:38.000000000,25.042648
2026-03-28 20:50:33.000000000,41.632114
2026-03-28 20:13:23.000000000,48.665665
2026-03-28 20:47:54.000000000,25.454054
2026-03-28 20:20:55.000000000,8.966092
2026-03-28 20:17:11.000000000,8.727909
2026-03-28 20:55:35.000000000,17.746815
2026-03-28 20:09:21.000000000,30.4794
2026-03-28 20:19:17.000000000,24.103676
2026-03-28 20:23:23.000000000,11.634034
2026-03-28 20:05:54.000000000,17.664286
2026-03-28 21:43:43.000000000,17.235844
2026-03-28 21:08:21.000000000,21.36103
2026-03-28 21:02:00.000000000,17.457966
2026-03-28 21:58:32.000000000,10.754454
2026-03-28 21:46:47.000000000,19.445715
2026-03-28 21:04:14.000000000,23.464607
2026-03-28 21:15:17.000000000,38.99344
2026-03-28 21:02:30.000000000,39.722687
2026-03-28 21:28:04.000000000,8.991936
2026-03-28 21:53:57.000000000,39.031586
2026-03-28 21:56:24.000000000,25.573101
2026-03-28 21:39:32.000000000,46.953453
2026-03-28 21:20:51.000000000,9.3048315
2026-03-28 21:36:14.000000000,32.958324
2026-03-28 21:54:54.000000000,32.121815
2026-03-28 21:14:12.000000000,9.143233
2026-03-28 21:14:48.000000000,15.252334
2026-03-28 21:03:06.000000000,12.209975
2026-03-28 21:04:51.000000000,45.603344
2026-03-28 21:13:10.000000000,13.079398
2026-03-28 21:13:59.000000000,12.552777
2026-03-28 21:06:09.000000000,15.504718
2026-03-28 21:37:05.000000000,89.99536
2026-03-28 21:41:47.000000000,14.054361
2026-03-28 22:45:38.000000000,18.516516
2026-03-28 22:39:18.000000000,17.014008
2026-03-28 22:17:35.000000000,18.907347
2026-03-28 22:57:38.000000000,30.409374
2026-03-28 22:12:10.000000000,12.83808
2026-03-28 22:57:10.000000000,14.309253
2026-03-28 22:13:50.000000000,27.12707
2026-03-28 22:04:31.000000000,43.230457
2026-03-28 22:01:12.000000000,18.664448
2026-03-28 22:34:36.000000000,49.002117
2026-03-28 22:14:15.000000000,16.627045
2026-03-28 22:29:07.000000000,10.876775
2026-03-28 22:34:36.000000000,70.711464
2026-03-28 22:19:14.000000000,24.088644
2026-03-28 22:20:40.000000000,33.575127
2026-03-28 22:39:09.000000000,18.184906
2026-03-28 22:02:03.000000000,15.509906
2026-03-28 22:12:36.000000000,8.9734
2026-03-28 22:58:18.000000000,25.697376
2026-03-28 22:38:22.000000000,36.954876
2026-03-28 22:38:41.000000000,13.38468
2026-03-28 22:43:55.000000000,19.938534
2026-03-28 22:25:14.000000000,15.998983
2026-03-28 22:49:20.000000000,11.761889
2026-03-28 22:40:44.000000000,11.770736
2026-03-28 22:43:58.000000000,12.933999
2026-03-28 23:51:29.000000000,11.815042
2026-03-28 23:41:57.000000000,24.051455
2026-03-28 23:28:40.000000000,21.818274
2026-03-28 23:58:06.000000000,62.26877
2026-03-28 23:22:05.000000000,17.492968
2026-03-28 23:35:19.000000000,16.239712
2026-03-28 23:05:38.000000000,7.8196344
2026-03-28 23:09:09.000000000,40.41552
2026-03-28 23:09:34.000000000,40.419247
2026-03-28 23:09:28.000000000,31.021711
2026-03-28 23:13:59.000000000,20.698914
2026-03-28 23:07:38.000000000,6.444052
2026-03-28 23:53:35.000000000,21.693506
2026-03-28 23:25:59.000000000,46.150024
2026-03-28 23:01:18.000000000,36.576523
2026-03-28 23:40:00.000000000,31.900108
2026-03-28 23:40:45.000000000,48.681988
2026-03-28 23:35:23.000000000,14.575199
2026-03-28 23:00:32.000000000,54.89834
2026-03-28 23:31:44.000000000,9.369589
2026-03-28 23:55:51.000000000,7.413072
2026-03-28 23:39:48.000000000,12.034306
2026-03-28 23:04:59.000000000,6.1916013
2026-03-28 23:00:40.000000000,18.687649
2026-03-29 00:22:06.000000000,15.853182
2026-03-29 00:12:46.000000000,29.104378
2026-03-29 00:27:36.000000000,13.998264
2026-03-29 00:39:08.000000000,8.538449
2026-03-29 00:11:02.000000000,8.213112
2026-03-29 00:29:40.000000000,29.47042
2026-03-29 00:26:23.000000000,28.7799
2026-03-29 00:52:23.000000000,13.939856
2026-03-29 00:08:41.000000000,16.17463
2026-03-29 00:09:30.000000000,24.644138
2026-03-29 00:02:43.000000000,8.242829
2026-03-29 00:00:58.000000000,35.791973
2026-03-29 00:45:27.000000000,24.47593
2026-03-29 00:03:17.000000000,10.327861
2026-03-29 00:22:06.000000000,10.902355
2026-03-29 00:37:15.000000000,12.862565
2026-03-29 00:17:07.000000000,105.7445
2026-03-29 00:58:59.000000000,10.856157
2026-03-29 00:19:45.000000000,14.236746
2026-03-29 00:11:02.000000000,35.932735
2026-03-29 00:37:38.000000000,50.306343
2026-03-29 00:34:27.000000000,19.544989
2026-03-29 00:44:23.000000000,40.91537
2026-03-29 00:39:52.000000000,49.03935
2026-03-29 01:19:21.000000000,11.062482
2026-03-29 01:05:12.000000000,25.865515
2026-03-29 01:57:32.000000000,6.388948
2026-03-29 01:03:36.000000000,25.80255
2026-03-29 01:04:46.000000000,185.83728
2026-03-29 01:20:42.000000000,11.65879
2026-03-29 01:34:53.000000000,47.057793
2026-03-29 01:05:02.000000000,6.8678746
2026-03-29 01:31:50.000000000,25.646984
2026-03-29 01:57:05.000000000,16.810541
2026-03-29 01:29:47.000000000,11.065297
2026-03-29 01:37:27.000000000,12.833737
2026-03-29 01:11:59.000000000,25.464962
2026-03-29 01:52:10.000000000,14.9974785
2026-03-29 01:11:50.000000000,8.13598
2026-03-29 02:39:20.000000000,27.040781
2026-03-29 02:49:01.000000000,17.364676
2026-03-29 02:14:14.000000000,18.61173
2026-03-29 02:00:28.000000000,33.357166
2026-03-29 02:13:19.000000000,19.286034
2026-03-29 02:22:41.000000000,13.320164
2026-03-29 02:53:35.000000000,16.940529
2026-03-29 02:53:36.000000000,30.144232
2026-03-29 02:25:22.000000000,45.510536
2026-03-29 02:25:33.000000000,17.319136
2026-03-29 03:08:30.000000000,46.010036
2026-03-29 03:19:27.000000000,8.964179
2026-03-29 03:59:31.000000000,27.990477
2026-03-29 03:05:25.000000000,8.249171
2026-03-29 03:16:32.000000000,31.401926
2026-03-29 03:42:26.000000000,31.945019
2026-03-29 03:41:05.000000000,11.550605
2026-03-29 03:01:13.000000000,11.129902
2026-03-29 03:54:02.000000000,95.79204
2026-03-29 04:14:37.000000000,19.953432
2026-03-29 04:31:45.000000000,34.72627
2026-03-29 04:31:22.000000000,28.094606
2026-03-29 04:25:32.000000000,13.482686
2026-03-29 04:20:47.000000000,20.473831
2026-03-29 04:33:08.000000000,21.553326
2026-03-29 04:48:50.000000000,16.02883
2026-03-29 04:08:36.000000000,21.45621
2026-03-29 04:07:14.000000000,50.462673
2026-03-29 04:35:45.000000000,45.654278
2026-03-29 04:58:24.000000000,23.68701
2026-03-29 04:31:48.000000000,13.324016
2026-03-29 04:16:56.000000000,18.384407
2026-03-29 04:40:14.000000000,35.345005
2026-03-29 05:29:19.000000000,6.743912
2026-03-29 05:03:16.000000000,130.10574
2026-03-29 05:58:30.000000000,37.374535
2026-03-29 05:20:26.000000000,26.943447
2026-03-29 06:20:51.000000000,28.826958
2026-03-29 06:51:54.000000000,53.2794
2026-03-29 06:31:22.000000000,15.97753
2026-03-29 06:56:02.000000000,19.692793
2026-03-29 06:27:33.000000000,12.103696
2026-03-29 06:34:20.000000000,17.809654
2026-03-29 06:03:08.000000000,38.002457
2026-03-29 07:27:32.000000000,21.15815
2026-03-29 07:04:31.000000000,40.765285
2026-03-29 07:25:41.000000000,15.042421
2026-03-29 07:10:24.000000000,10.906424
2026-03-29 07:57:39.000000000,34.246986
2026-03-29 08:45:21.000000000,30.598017
2026-03-29 08:01:05.000000000,36.887573
2026-03-29 08:37:21.000000000,15.058714
2026-03-29 08:23:17.000000000,10.037813
2026-03-29 08:42:58.000000000,14.045148
2026-03-29 08:45:23.000000000,22.803556
2026-03-29 08:04:50.000000000,22.5097
2026-03-29 08:39:10.000000000,253.38103
2026-03-29 09:56:42.000000000,11.039495
2026-03-29 09:52:18.000000000,16.236488
2026-03-29 09:48:23.000000000,24.856129
2026-03-29 09:40:18.000000000,12.471243
2026-03-29 09:44:22.000000000,7.061977
2026-03-29 09:01:52.000000000,6.6450443
2026-03-29 09:58:25.000000000,15.657678
2026-03-29 09:49:16.000000000,10.789635
2026-03-29 09:53:34.000000000,22.519175
2026-03-29 09:24:01.000000000,7.6068535
2026-03-29 10:07:55.000000000,9.744583
2026-03-29 10:08:19.000000000,23.363798
2026-03-29 10:55:01.000000000,106.85676
2026-03-29 10:49:37.000000000,8.213904
2026-03-29 10:47:42.000000000,31.41335
2026-03-29 10:25:52.000000000,11.648898
2026-03-29 10:53:47.000000000,21.532965
2026-03-29 10:56:05.000000000,8.922658
2026-03-29 10:21:57.000000000,9.943852
2026-03-29 10:10:15.000000000,9.466994
2026-03-29 10:32:54.000000000,16.021074
2026-03-29 10:49:44.000000000,11.815053
2026-03-29 10:25:54.000000000,13.395991
2026-03-29 10:50:19.000000000,21.341822
2026-03-29 10:16:18.000000000,26.676039
2026-03-29 10:43:15.000000000,8.943404
2026-03-29 11:38:40.000000000,25.972694
2026-03-29 11:02:59.000000000,28.625887
2026-03-29 11:05:24.000000000,14.680291
2026-03-29 11:28:49.000000000,24.793987
2026-03-29 11:10:29.000000000,25.543896
2026-03-29 11:59:05.000000000,14.65132
2026-03-29 11:58:21.000000000,31.577553
2026-03-29 11:15:14.000000000,21.378551
2026-03-29 11:57:21.000000000,17.997698
2026-03-29 11:14:39.000000000,31.421473
2026-03-29 11:37:23.000000000,44.714123
2026-03-29 11:17:48.000000000,13.3429165
2026-03-29 11:47:39.000000000,60.618824
2026-03-29 11:20:04.000000000,8.181392
2026-03-29 12:49:15.000000000,27.7814
2026-03-29 12:27:54.000000000,11.77872
2026-03-29 12:43:31.000000000,13.506158
2026-03-29 12:23:08.000000000,11.837953
2026-03-29 12:37:39.000000000,32.85289
2026-03-29 12:31:54.000000000,26.653786
2026-03-29 12:01:39.000000000,61.924297
2026-03-29 12:33:17.000000000,32.375732
2026-03-29 12:27:51.000000000,78.46725
2026-03-29 12:25:29.000000000,18.756979
2026-03-29 12:23:53.000000000,11.192551
2026-03-29 12:35:20.000000000,8.940775
2026-03-29 12:42:05.000000000,6.279692
2026-03-29 12:18:50.000000000,12.262408
2026-03-29 13:04:23.000000000,30.537214
2026-03-29 13:46:28.000000000,12.422106
2026-03-29 13:40:26.000000000,8.051366
2026-03-29 13:10:58.000000000,11.092659
2026-03-29 13:04:04.000000000,69.37795
2026-03-29 13:59:44.000000000,15.170651
2026-03-29 13:03:27.000000000,12.349241
2026-03-29 13:52:17.000000000,28.290142
2026-03-29 13:31:23.000000000,11.535282
2026-03-29 13:39:04.000000000,11.040778
2026-03-29 13:36:21.000000000,11.716832
2026-03-29 13:44:10.000000000,25.88225
2026-03-29 13:29:00.000000000,7.9067926
2026-03-29 13:49:55.000000000,24.24484
2026-03-29 13:55:43.000000000,37.671944
2026-03-29 13:00:30.000000000,29.947693
2026-03-29 14:03:39.000000000,39.107964
2026-03-29 14:02:22.000000000,58.734013
2026-03-29 14:35:04.000000000,21.219007
2026-03-29 14:08:44.000000000,12.508213
2026-03-29 14:54:56.000000000,14.060627
2026-03-29 14:48:43.000000000,35.376057
2026-03-29 14:41:54.000000000,8.6261835
2026-03-29 14:30:33.000000000,8.648376
2026-03-29 14:45:55.000000000,16.088589
2026-03-29 14:57:32.000000000,19.83589
2026-03-29 14:19:01.000000000,114.55589
2026-03-29 14:33:56.000000000,78.414154
2026-03-29 14:35:20.000000000,39.498337
2026-03-29 14:33:49.000000000,45.119453
2026-03-29 14:52:16.000000000,19.90945
2026-03-29 15:48:40.000000000,14.382626
2026-03-29 15:00:13.000000000,18.748835
2026-03-29 15:00:12.000000000,8.309052
2026-03-29 15:36:00.000000000,24.976557
2026-03-29 15:25:59.000000000,11.363701
2026-03-29 15:16:10.000000000,18.226608
2026-03-29 15:11:41.000000000,7.933115
2026-03-29 15:52:06.000000000,11.31288
2026-03-29 15:46:16.000000000,28.011913
2026-03-29 15:24:23.000000000,9.074189
2026-03-29 15:24:16.000000000,24.830263
2026-03-29 15:29:27.000000000,67.16136
2026-03-29 15:37:38.000000000,16.939306
2026-03-29 15:57:22.000000000,21.248123
2026-03-29 16:15:56.000000000,22.029444
2026-03-29 16:05:38.000000000,8.661811
2026-03-29 16:52:42.000000000,36.676167
2026-03-29 16:37:41.000000000,6.572023
2026-03-29 16:26:17.000000000,20.335342
2026-03-29 16:28:51.000000000,22.47352
2026-03-29 16:05:18.000000000,10.836301
2026-03-29 16:44:29.000000000,59.612324
2026-03-29 16:53:17.000000000,49.41875
2026-03-29 16:43:24.000000000,8.810429
2026-03-29 16:36:10.000000000,27.05476
2026-03-29 17:13:40.000000000,34.383526
2026-03-29 17:29:57.000000000,13.630469
2026-03-29 17:23:21.000000000,31.51773
2026-03-29 17:43:00.000000000,14.559243
2026-03-29 17:08:54.000000000,9.733678
2026-03-29 17:15:17.000000000,24.972239
2026-03-29 17:14:32.000000000,57.12581
2026-03-29 17:09:27.000000000,10.84212
2026-03-29 17:47:10.000000000,32.939674
2026-03-29 17:35:55.000000000,15.57879
2026-03-29 17:10:03.000000000,24.571548
2026-03-29 17:30:40.000000000,40.31106
2026-03-29 17:54:35.000000000,40.44259
2026-03-29 17:51:23.000000000,15.372515
2026-03-29 17:46:05.000000000,11.955352
2026-03-29 17:30:05.000000000,50.651447
2026-03-29 17:46:00.000000000,15.11445
2026-03-29 17:47:29.000000000,18.005177
2026-03-29 17:52:08.000000000,10.459411
2026-03-29 17:17:44.000000000,13.542363
2026-03-29 18:36:57.000000000,23.419443
2026-03-29 18:26:52.000000000,42.991047
2026-03-29 18:44:22.000000000,17.170805
2026-03-29 18:40:51.000000000,21.599524
2026-03-29 18:36:29.000000000,10.149389
2026-03-29 18:10:33.000000000,28.507004
2026-03-29 18:54:45.000000000,17.704689
2026-03-29 18:10:13.000000000,63.659424
2026-03-29 18:02:16.000000000,13.188063
2026-03-29 18:55:32.000000000,18.749296
2026-03-29 18:34:11.000000000,10.733716
2026-03-29 18:43:56.000000000,20.44677
2026-03-29 18:01:50.000000000,28.07736
2026-03-29 18:13:22.000000000,10.572635
2026-03-29 18:54:49.000000000,6.2058334
2026-03-29 18:59:31.000000000,19.63167
2026-03-29 18:12:48.000000000,32.0367
2026-03-29 18:48:33.000000000,34.424553
2026-03-29 18:59:23.000000000,19.442495
2026-03-29 19:54:07.000000000,17.2063
2026-03-29 19:18:11.000000000,29.588764
2026-03-29 19:11:37.000000000,8.862308
2026-03-29 19:30:30.000000000,35.55861
2026-03-29 19:30:45.000000000,18.04623
2026-03-29 19:29:02.000000000,7.9895616
2026-03-29 19:19:05.000000000,11.7750225
2026-03-29 19:25:17.000000000,25.381977
2026-03-29 19:37:37.000000000,24.28138
2026-03-29 19:35:58.000000000,25.7713
2026-03-29 19:10:41.000000000,27.903011
2026-03-29 19:17:49.000000000,49.47064
2026-03-29 19:53:15.000000000,8.254495
2026-03-29 19:34:39.000000000,8.072908
2026-03-29 19:42:21.000000000,16.20466
2026-03-29 19:42:31.000000000,21.536808
2026-03-29 19:18:04.000000000,16.680553
2026-03-29 19:18:46.000000000,32.444054
2026-03-29 19:41:16.000000000,6.5676823
2026-03-29 20:46:54.000000000,23.539867
2026-03-29 20:26:18.000000000,11.865415
2026-03-29 20:11:23.000000000,9.792655
2026-03-29 20:56:02.000000000,43.851048
2026-03-29 20:24:54.000000000,25.240547
2026-03-29 20:21:16.000000000,19.815737
2026-03-29 20:04:08.000000000,19.850935
2026-03-29 20:26:03.000000000,9.750552
2026-03-29 20:47:00.000000000,30.622478
2026-03-29 20:03:20.000000000,15.148245
2026-03-29 20:21:54.000000000,16.340752
2026-03-29 20:37:38.000000000,17.972723
2026-03-29 20:01:53.000000000,25.68561
2026-03-29 21:43:46.000000000,12.675946
2026-03-29 21:23:23.000000000,11.839908
2026-03-29 21:02:11.000000000,28.410877
2026-03-29 21:22:08.000000000,58.096024
2026-03-29 21:32:58.000000000,31.902443
2026-03-29 21:34:42.000000000,14.802139
2026-03-29 21:34:29.000000000,27.259867
2026-03-29 21:41:15.000000000,51.952274
2026-03-29 21:28:47.000000000,26.729097
2026-03-29 21:13:28.000000000,46.501637
2026-03-29 21:14:42.000000000,12.314708
2026-03-29 21:42:48.000000000,10.780712
2026-03-29 21:52:39.000000000,20.550556
2026-03-29 21:38:54.000000000,49.926304
2026-03-29 21:40:13.000000000,28.496696
2026-03-29 22:44:11.000000000,8.629209
2026-03-29 22:29:32.000000000,14.714465
2026-03-29 22:43:08.000000000,19.82137
2026-03-29 22:34:04.000000000,20.787022
2026-03-29 22:07:49.000000000,36.463696
2026-03-29 22:18:18.000000000,16.7725
2026-03-29 22:23:01.000000000,29.577566
2026-03-29 22:38:54.000000000,6.444052
2026-03-29 22:33:39.000000000,12.742698
2026-03-29 22:29:07.000000000,18.658041
2026-03-29 22:21:54.000000000,22.838917
2026-03-29 22:10:41.000000000,25.95005
2026-03-29 22:35:32.000000000,22.111229
2026-03-29 22:21:21.000000000,24.26293
2026-03-29 23:42:20.000000000,10.8345585
2026-03-29 23:50:07.000000000,15.986837
2026-03-29 23:03:40.000000000,30.198586
2026-03-29 23:47:31.000000000,67.20321
2026-03-29 23:29:00.000000000,19.133064
2026-03-29 23:07:53.000000000,14.212264
2026-03-29 23:53:29.000000000,15.112715
2026-03-29 23:09:10.000000000,36.29278
2026-03-29 23:33:06.000000000,18.698872
2026-03-29 23:10:07.000000000,13.902682
2026-03-29 23:20:12.000000000,7.599576
2026-03-29 23:03:35.000000000,62.06372
2026-03-29 23:22:58.000000000,54.12691
2026-03-29 23:52:36.000000000,7.4778852
2026-03-29 23:05:56.000000000,11.213705
2026-03-30 00:15:20.000000000,19.860558
2026-03-30 00:20:32.000000000,18.406776
2026-03-30 00:54:22.000000000,40.26484
2026-03-30 00:07:32.000000000,35.93798
2026-03-30 00:28:08.000000000,8.910947
2026-03-30 00:20:59.000000000,20.874458
2026-03-30 00:19:01.000000000,15.910863
2026-03-30 01:33:36.000000000,8.225469
2026-03-30 01:44:25.000000000,6.444052
2026-03-30 01:37:00.000000000,6.0707717
2026-03-30 01:02:40.000000000,39.756428
2026-03-30 02:37:00.000000000,17.672062
2026-03-30 02:47:37.000000000,43.65225
2026-03-30 02:14:21.000000000,58.819866
2026-03-30 02:54:51.000000000,31.815111
2026-03-30 03:38:29.000000000,18.587002
2026-03-30 03:49:49.000000000,58.06712
2026-03-30 03:23:24.000000000,36.880806
2026-03-30 04:18:33.000000000,28.496117
2026-03-30 04:40:46.000000000,8.862308
2026-03-30 05:30:25.000000000,34.608707
2026-03-30 05:21:43.000000000,18.595787
2026-03-30 05:33:03.000000000,13.106006
2026-03-30 05:59:27.000000000,23.249094
2026-03-30 05:01:52.000000000,10.517151
2026-03-30 05:49:16.000000000,65.48404
2026-03-30 05:13:23.000000000,8.912874
2026-03-30 05:06:20.000000000,39.742733
2026-03-30 05:28:22.000000000,139.29845
2026-03-30 06:19:12.000000000,29.907932
2026-03-30 06:59:13.000000000,62.184605
2026-03-30 06:31:53.000000000,34.962486
2026-03-30 06:28:11.000000000,10.807311
2026-03-30 06:44:57.000000000,9.998781
2026-03-30 06:19:27.000000000,16.442646
2026-03-30 06:16:41.000000000,73.368195
2026-03-30 06:38:08.000000000,12.8100815
2026-03-30 06:18:30.000000000,46.775955
2026-03-30 06:35:02.000000000,24.94515
2026-03-30 06:26:03.000000000,57.4866
2026-03-30 07:40:39.000000000,19.44816
2026-03-30 07:52:17.000000000,11.690096
2026-03-30 07:46:30.000000000,48.70012
2026-03-30 07:02:42.000000000,32.79179
2026-03-30 07:18:20.000000000,29.02669
2026-03-30 07:32:58.000000000,14.682572
2026-03-30 07:03:18.000000000,18.4224
2026-03-30 07:02:27.000000000,23.32656
2026-03-30 07:48:28.000000000,29.864807
2026-03-30 07:13:27.000000000,104.78012
2026-03-30 07:42:46.000000000,16.90988
2026-03-30 07:03:48.000000000,28.072245
2026-03-30 07:40:24.000000000,48.311634
2026-03-30 07:57:25.000000000,31.970013
2026-03-30 07:37:55.000000000,15.436618
2026-03-30 08:44:14.000000000,11.8596945
2026-03-30 08:48:54.000000000,21.490747
2026-03-30 08:30:41.000000000,11.565218
2026-03-30 08:48:32.000000000,13.062558
2026-03-30 08:54:03.000000000,41.075565
2026-03-30 08:20:20.000000000,14.365511
2026-03-30 08:04:05.000000000,46.67036
2026-03-30 08:11:47.000000000,15.999407
2026-03-30 08:06:31.000000000,21.141956
2026-03-30 08:17:03.000000000,26.211027
2026-03-30 08:22:40.000000000,40.406025
2026-03-30 08:39:09.000000000,30.315802
2026-03-30 08:28:00.000000000,37.17015
2026-03-30 08:12:58.000000000,24.102024
2026-03-30 08:01:49.000000000,42.119442
2026-03-30 08:03:50.000000000,11.869385
2026-03-30 08:51:30.000000000,26.646563
2026-03-30 08:27:42.000000000,12.700772
2026-03-30 08:54:03.000000000,9.057214
2026-03-30 08:27:30.000000000,18.832762
2026-03-30 08:51:56.000000000,21.459766
2026-03-30 09:06:04.000000000,10.328079
2026-03-30 09:35:10.000000000,11.940218
2026-03-30 09:42:45.000000000,8.987756
2026-03-30 09:44:40.000000000,32.74325
2026-03-30 09:42:32.000000000,19.541819
2026-03-30 09:42:59.000000000,48.294086
2026-03-30 09:41:37.000000000,16.700256
2026-03-30 09:39:36.000000000,52.660873
2026-03-30 09:39:31.000000000,10.016457
2026-03-30 09:50:46.000000000,23.94739
2026-03-30 09:29:48.000000000,24.029293
2026-03-30 09:01:36.000000000,6.444052
2026-03-30 09:46:05.000000000,32.1284
2026-03-30 09:01:23.000000000,10.874153
2026-03-30 09:33:41.000000000,17.038103
2026-03-30 10:21:58.000000000,10.843812
2026-03-30 10:13:47.000000000,22.517487
2026-03-30 10:57:34.000000000,14.68699
2026-03-30 10:14:20.000000000,8.310168
2026-03-30 10:12:41.000000000,29.98768
2026-03-30 10:34:56.000000000,46.987965
2026-03-30 10:37:19.000000000,49.246273
2026-03-30 10:52:36.000000000,26.995754
2026-03-30 10:49:40.000000000,52.837944
2026-03-30 10:49:20.000000000,33.847385
2026-03-30 10:59:16.000000000,42.094223
2026-03-30 10:53:51.000000000,39.960384
2026-03-30 10:25:10.000000000,84.75761
2026-03-30 10:50:28.000000000,14.016766
2026-03-30 10:22:56.000000000,23.67624
2026-03-30 10:30:34.000000000,16.586485
2026-03-30 11:45:38.000000000,29.076857
2026-03-30 11:48:05.000000000,20.211441
2026-03-30 11:41:49.000000000,15.806838
2026-03-30 11:04:50.000000000,48.782963
2026-03-30 11:16:56.000000000,33.752518
2026-03-30 11:26:33.000000000,9.386814
2026-03-30 11:25:37.000000000,52.372303
2026-03-30 11:16:29.000000000,40.31456
2026-03-30 11:48:36.000000000,62.584133
2026-03-30 11:24:12.000000000,49.68671
2026-03-30 11:43:09.000000000,16.224186
2026-03-30 11:51:41.000000000,78.64164
2026-03-30 11:41:18.000000000,11.815234
2026-03-30 11:31:06.000000000,30.94078
2026-03-30 11:13:58.000000000,64.00849
2026-03-30 11:53:40.000000000,9.743836
2026-03-30 12:05:25.000000000,16.219
2026-03-30 12:54:54.000000000,11.701679
2026-03-30 12:34:04.000000000,16.747957
2026-03-30 12:33:11.000000000,6.736924
2026-03-30 12:21:14.000000000,17.862284
2026-03-30 12:08:48.000000000,17.224167
2026-03-30 12:22:11.000000000,53.859425
2026-03-30 12:41:33.000000000,7.7033663
2026-03-30 12:57:50.000000000,16.863934
2026-03-30 12:45:24.000000000,25.286428
2026-03-30 12:00:48.000000000,36.919983
2026-03-30 12:54:21.000000000,29.842632
2026-03-30 12:14:08.000000000,9.860044
2026-03-30 12:09:10.000000000,13.187326
2026-03-30 13:47:18.000000000,92.98045
2026-03-30 13:59:53.000000000,23.258272
2026-03-30 13:59:12.000000000,16.04457
2026-03-30 13:04:39.000000000,18.707628
2026-03-30 13:59:39.000000000,44.418293
2026-03-30 13:58:24.000000000,22.230265
2026-03-30 13:02:55.000000000,31.351814
2026-03-30 13:05:39.000000000,10.821604
2026-03-30 13:24:07.000000000,16.276138
2026-03-30 13:17:16.000000000,23.678856
2026-03-30 13:13:20.000000000,84.87223
2026-03-30 13:17:39.000000000,10.9175205
2026-03-30 14:32:40.000000000,18.534828
2026-03-30 14:27:06.000000000,15.143416
2026-03-30 14:35:48.000000000,13.180698
2026-03-30 14:47:27.000000000,55.443325
2026-03-30 14:31:09.000000000,11.706407
2026-03-30 14:25:38.000000000,13.7874775
2026-03-30 14:40:26.000000000,26.308332
2026-03-30 14:40:49.000000000,19.51219
2026-03-30 14:34:11.000000000,17.603563
2026-03-30 14:44:05.000000000,16.117783
2026-03-30 15:32:06.000000000,8.103453
2026-03-30 15:12:42.000000000,6.534333
2026-03-30 15:31:21.000000000,39.082123
2026-03-30 15:57:25.000000000,15.128227
2026-03-30 15:09:57.000000000,27.98515
2026-03-30 15:41:10.000000000,9.712507
2026-03-30 15:01:13.000000000,29.253082
2026-03-30 15:49:34.000000000,25.997204
2026-03-30 15:43:43.000000000,7.6550317
2026-03-30 15:19:04.000000000,20.698572
2026-03-30 15:51:16.000000000,81.74349
2026-03-30 15:54:57.000000000,8.940673
2026-03-30 15:49:36.000000000,17.553877
2026-03-30 15:58:35.000000000,13.328987
2026-03-30 16:16:23.000000000,23.016903
2026-03-30 16:52:35.000000000,23.247435
2026-03-30 16:57:12.000000000,17.2803
2026-03-30 16:04:05.000000000,8.8943
2026-03-30 16:28:02.000000000,28.402779
2026-03-30 16:49:39.000000000,17.408638
2026-03-30 16:16:54.000000000,9.951753
2026-03-30 16:28:19.000000000,6.8230033
2026-03-30 16:14:35.000000000,9.907474
2026-03-30 16:01:24.000000000,15.229785
2026-03-30 16:38:30.000000000,25.543896
2026-03-30 16:02:51.000000000,75.98107
2026-03-30 16:50:07.000000000,7.634331
2026-03-30 16:15:01.000000000,20.750145
2026-03-30 16:26:41.000000000,23.3425
2026-03-30 17:09:08.000000000,20.757246
2026-03-30 17:00:24.000000000,18.193914
2026-03-30 17:07:34.000000000,13.928733
2026-03-30 17:36:36.000000000,8.941959
2026-03-30 17:49:49.000000000,9.7114315
2026-03-30 17:24:45.000000000,33.277325
2026-03-30 17:26:56.000000000,58.889454
2026-03-30 17:32:29.000000000,14.130445
2026-03-30 17:55:38.000000000,11.374354
2026-03-30 17:49:51.000000000,8.854652
2026-03-30 17:13:36.000000000,38.093346
2026-03-30 17:51:18.000000000,22.152668
2026-03-30 17:54:27.000000000,7.695443
2026-03-30 17:14:21.000000000,12.610496
2026-03-30 17:07:32.000000000,38.5554
2026-03-30 17:08:08.000000000,46.662533
2026-03-30 18:25:58.000000000,20.053612
2026-03-30 18:24:15.000000000,18.77649
2026-03-30 18:42:29.000000000,55.38427
2026-03-30 18:29:36.000000000,25.94566
2026-03-30 18:31:52.000000000,21.444948
2026-03-30 18:15:12.000000000,13.528522
2026-03-30 18:06:57.000000000,33.647907
2026-03-30 18:54:29.000000000,31.6077
2026-03-30 18:17:26.000000000,15.944155
2026-03-30 18:03:03.000000000,24.871458
2026-03-30 18:31:30.000000000,38.25611
2026-03-30 18:42:12.000000000,21.560802
2026-03-30 18:12:31.000000000,48.45597
2026-03-30 18:41:21.000000000,8.103453
2026-03-30 18:33:10.000000000,14.146803
2026-03-30 18:51:30.000000000,15.159416
2026-03-30 18:37:54.000000000,13.98991
2026-03-30 18:22:39.000000000,76.82686
2026-03-30 18:34:31.000000000,42.353867
2026-03-30 18:12:44.000000000,6.485929
2026-03-30 19:23:25.000000000,32.412544
2026-03-30 19:39:04.000000000,7.6945667
2026-03-30 19:52:40.000000000,12.477207
2026-03-30 19:02:21.000000000,23.917389
2026-03-30 19:20:06.000000000,6.7241125
2026-03-30 19:33:37.000000000,26.623976
2026-03-30 19:20:13.000000000,52.37924
2026-03-30 19:10:19.000000000,17.276854
2026-03-30 19:36:52.000000000,16.11134
2026-03-30 19:41:54.000000000,23.325083
2026-03-30 19:51:39.000000000,11.896085
2026-03-30 19:55:45.000000000,21.25705
2026-03-30 19:32:53.000000000,13.356223
2026-03-30 19:24:45.000000000,46.034863
2026-03-30 19:30:29.000000000,8.004289
2026-03-30 19:17:57.000000000,26.055647
2026-03-30 20:15:12.000000000,8.006206
2026-03-30 20:47:12.000000000,27.53242
2026-03-30 20:34:37.000000000,55.38382
2026-03-30 20:49:22.000000000,9.847619
2026-03-30 20:53:04.000000000,13.138935
2026-03-30 20:54:32.000000000,9.046461
2026-03-30 20:04:11.000000000,54.844597
2026-03-30 20:46:22.000000000,13.442796
2026-03-30 20:44:51.000000000,22.203753
2026-03-30 20:49:01.000000000,12.133374
2026-03-30 20:55:33.000000000,19.905972
2026-03-30 20:35:46.000000000,9.763202
2026-03-30 20:39:01.000000000,9.195101
2026-03-30 20:07:24.000000000,6.615876
2026-03-30 20:20:28.000000000,9.394162
2026-03-30 21:36:33.000000000,20.38708
2026-03-30 21:08:13.000000000,11.787977
2026-03-30 21:42:09.000000000,15.301798
2026-03-30 21:32:18.000000000,19.334745
2026-03-30 21:29:08.000000000,17.752407
2026-03-30 21:06:47.000000000,17.516018
2026-03-30 21:35:27.000000000,46.974186
2026-03-30 21:02:41.000000000,30.367683
2026-03-30 21:52:41.000000000,14.749452
2026-03-30 21:21:40.000000000,15.319209
2026-03-30 22:49:09.000000000,47.43324
2026-03-30 22:23:39.000000000,20.528055
2026-03-30 22:03:18.000000000,167.77568
2026-03-30 22:37:00.000000000,7.546182
2026-03-30 22:49:29.000000000,19.6989
2026-03-30 22:59:04.000000000,44.377373
2026-03-30 22:36:56.000000000,28.776312
2026-03-30 22:54:01.000000000,28.954334
2026-03-30 22:14:40.000000000,19.446896
2026-03-30 22:25:02.000000000,8.230741
2026-03-30 22:55:22.000000000,27.602818
2026-03-30 23:10:12.000000000,49.0929
2026-03-30 23:54:05.000000000,11.602171
2026-03-30 23:04:37.000000000,16.163391
2026-03-30 23:05:23.000000000,94.35732
2026-03-30 23:30:08.000000000,29.533089
2026-03-30 23:01:01.000000000,34.00527
2026-03-30 23:34:11.000000000,39.469666
2026-03-30 23:03:41.000000000,11.761889
2026-03-30 23:33:02.000000000,28.830767
2026-03-30 23:01:59.000000000,54.827984
2026-03-30 23:46:33.000000000,8.327651
2026-03-31 00:04:51.000000000,44.63203
2026-03-31 00:51:52.000000000,23.223465
2026-03-31 00:39:27.000000000,26.468454
2026-03-31 00:41:41.000000000,17.565716
2026-03-31 00:05:19.000000000,56.25414
2026-03-31 00:02:37.000000000,27.594305
2026-03-31 00:06:42.000000000,8.872905
2026-03-31 00:58:42.000000000,78.735085
2026-03-31 01:40:03.000000000,17.325943
2026-03-31 01:30:23.000000000,17.662785
2026-03-31 01:07:04.000000000,70.19157
2026-03-31 01:08:37.000000000,28.172102
2026-03-31 02:46:52.000000000,12.6286955
2026-03-31 02:47:56.000000000,23.537514
2026-03-31 03:24:25.000000000,26.128798
2026-03-31 03:49:56.000000000,17.273468
2026-03-31 05:40:08.000000000,11.879962
2026-03-31 05:06:03.000000000,15.069138
2026-03-31 05:13:35.000000000,8.788427
2026-03-31 05:02:59.000000000,8.98283
2026-03-31 05:00:19.000000000,100.54568
2026-03-31 05:22:44.000000000,58.131584
2026-03-31 05:44:08.000000000,23.506157
2026-03-31 05:57:10.000000000,25.25739
2026-03-31 05:25:02.000000000,26.387066
2026-03-31 06:52:23.000000000,8.494656
2026-03-31 06:54:10.000000000,8.31254
2026-03-31 06:37:33.000000000,28.636532
2026-03-31 06:23:57.000000000,27.171839
2026-03-31 06:36:01.000000000,29.12286
2026-03-31 06:49:50.000000000,8.408196
2026-03-31 06:00:20.000000000,16.021074
2026-03-31 06:18:19.000000000,51.291542
2026-03-31 06:56:21.000000000,6.81167
2026-03-31 06:17:37.000000000,31.897692
2026-03-31 06:42:54.000000000,8.255553
2026-03-31 06:37:17.000000000,17.590626
2026-03-31 06:12:28.000000000,35.158817
2026-03-31 06:58:32.000000000,48.982025
2026-03-31 07:50:22.000000000,8.312227
2026-03-31 07:05:22.000000000,17.689907
2026-03-31 07:17:26.000000000,17.602774
2026-03-31 07:23:23.000000000,17.185167
2026-03-31 07:28:55.000000000,144.27965
2026-03-31 07:05:49.000000000,18.59425
2026-03-31 07:18:27.000000000,40.30519
2026-03-31 07:40:21.000000000,10.837128
2026-03-31 07:28:15.000000000,9.50745
2026-03-31 07:34:07.000000000,42.220215
2026-03-31 07:27:14.000000000,17.93668
2026-03-31 07:51:00.000000000,19.153639
2026-03-31 07:15:21.000000000,15.246831
2026-03-31 07:53:37.000000000,37.05172
2026-03-31 07:45:28.000000000,16.341194
2026-03-31 07:01:22.000000000,17.213625
2026-03-31 07:44:56.000000000,10.992002
2026-03-31 07:14:51.000000000,25.937807
2026-03-31 07:44:56.000000000,13.000361
2026-03-31 07:47:47.000000000,10.738089
2026-03-31 07:14:52.000000000,11.072716
2026-03-31 08:38:52.000000000,19.535923
2026-03-31 08:05:50.000000000,7.9067926
2026-03-31 08:21:18.000000000,7.3092904
2026-03-31 08:29:10.000000000,22.665928
2026-03-31 08:17:58.000000000,25.213062
2026-03-31 08:44:19.000000000,45.44997
2026-03-31 08:21:23.000000000,50.596
2026-03-31 08:52:32.000000000,18.90031
2026-03-31 08:26:31.000000000,9.865927
2026-03-31 08:58:57.000000000,17.623165
2026-03-31 08:07:02.000000000,13.550811
2026-03-31 08:59:32.000000000,33.204803
2026-03-31 08:35:50.000000000,7.8954945
2026-03-31 08:11:45.000000000,33.858536
2026-03-31 08:54:23.000000000,7.6075253
2026-03-31 08:00:53.000000000,11.210863
2026-03-31 08:34:33.000000000,13.0806265
2026-03-31 08:07:38.000000000,10.57361
2026-03-31 08:06:27.000000000,9.51161
2026-03-31 09:01:27.000000000,8.99125
2026-03-31 09:16:37.000000000,7.833159
2026-03-31 09:57:31.000000000,75.01191
2026-03-31 09:10:48.000000000,17.858225
2026-03-31 09:53:56.000000000,6.565681
2026-03-31 09:04:55.000000000,12.908555
2026-03-31 09:59:31.000000000,8.252677
2026-03-31 09:32:22.000000000,26.635843
2026-03-31 09:42:10.000000000,25.788445
2026-03-31 09:00:37.000000000,14.494107
2026-03-31 09:07:51.000000000,30.436575
2026-03-31 09:06:35.000000000,39.08831
2026-03-31 09:58:59.000000000,39.75223
2026-03-31 09:59:31.000000000,51.283127
2026-03-31 09:57:22.000000000,26.117546
2026-03-31 09:57:31.000000000,12.13181
2026-03-31 09:47:55.000000000,36.274807
2026-03-31 09:59:47.000000000,7.49853
2026-03-31 09:33:26.000000000,7.6959887
2026-03-31 09:15:27.000000000,9.992557
2026-03-31 09:02:17.000000000,15.303698
2026-03-31 09:12:30.000000000,21.240267
2026-03-31 09:32:58.000000000,19.445482
2026-03-31 09:52:22.000000000,55.564625
2026-03-31 10:24:21.000000000,60.70949
2026-03-31 10:56:12.000000000,41.365036
2026-03-31 10:19:30.000000000,13.753868
2026-03-31 10:19:55.000000000,34.498653
2026-03-31 10:09:04.000000000,9.182146
2026-03-31 10:47:12.000000000,14.787621
2026-03-31 10:15:46.000000000,16.02883
2026-03-31 10:57:16.000000000,21.661385
2026-03-31 10:02:37.000000000,8.817058
2026-03-31 10:29:09.000000000,9.386814
2026-03-31 11:11:25.000000000,35.51003
2026-03-31 11:17:08.000000000,19.58949
2026-03-31 11:22:05.000000000,32.24357
2026-03-31 11:40:34.000000000,76.10301
2026-03-31 11:47:37.000000000,12.339099
2026-03-31 11:23:57.000000000,20.190817
2026-03-31 11:07:34.000000000,10.698987
2026-03-31 12:59:47.000000000,22.09213
2026-03-31 12:10:39.000000000,6.567721
2026-03-31 12:01:36.000000000,29.616226
2026-03-31 12:28:24.000000000,21.547941
2026-03-31 12:37:42.000000000,13.267135
2026-03-31 12:46:10.000000000,25.545834
2026-03-31 12:01:11.000000000,15.36774
2026-03-31 12:26:37.000000000,66.256935
2026-03-31 12:00:41.000000000,9.727497
2026-03-31 12:57:28.000000000,43.24792
2026-03-31 12:44:17.000000000,14.779078
2026-03-31 12:44:56.000000000,44.489315
2026-03-31 12:28:19.000000000,7.7517705
2026-03-31 12:07:40.000000000,24.803389
2026-03-31 12:58:07.000000000,7.62587
2026-03-31 12:10:19.000000000,7.392436
2026-03-31 12:31:03.000000000,57.956886
2026-03-31 13:24:35.000000000,51.351772
2026-03-31 13:36:59.000000000,10.228182
2026-03-31 13:28:45.000000000,60.57373
2026-03-31 13:32:03.000000000,41.48331
2026-03-31 13:25:15.000000000,15.291296
2026-03-31 13:58:00.000000000,6.7127285
2026-03-31 13:46:56.000000000,47.37847
2026-03-31 13:50:02.000000000,19.95273
2026-03-31 13:52:16.000000000,63.95929
2026-03-31 14:55:43.000000000,17.91993
2026-03-31 14:24:55.000000000,7.392436
2026-03-31 14:42:39.000000000,13.705388
2026-03-31 14:10:54.000000000,7.399424
2026-03-31 14:57:37.000000000,6.648056
2026-03-31 14:14:26.000000000,80.10133
2026-03-31 14:59:44.000000000,15.54338
2026-03-31 14:25:06.000000000,26.40985
2026-03-31 14:07:22.000000000,11.020739
2026-03-31 14:33:51.000000000,34.821228
2026-03-31 14:19:16.000000000,15.138916
2026-03-31 14:44:58.000000000,20.088383
2026-03-31 14:17:00.000000000,33.5156
2026-03-31 14:44:21.000000000,101.0274
2026-03-31 14:36:47.000000000,35.518406
2026-03-31 14:15:35.000000000,22.757683
2026-03-31 14:45:12.000000000,15.965606
2026-03-31 14:37:11.000000000,16.649912
2026-03-31 14:31:13.000000000,41.671272
2026-03-31 15:56:52.000000000,10.836823
2026-03-31 15:38:57.000000000,32.139355
2026-03-31 15:33:51.000000000,9.79736
2026-03-31 15:16:10.000000000,50.209576
2026-03-31 15:13:33.000000000,39.466618
2026-03-31 15:41:15.000000000,25.066355
2026-03-31 15:46:24.000000000,23.738602
2026-03-31 15:37:03.000000000,15.191547
2026-03-31 15:57:51.000000000,28.515944
2026-03-31 15:13:20.000000000,11.519191
2026-03-31 15:07:15.000000000,133.49669
2026-03-31 15:51:18.000000000,8.286274
2026-03-31 15:03:21.000000000,10.492677
2026-03-31 16:59:43.000000000,23.792753
2026-03-31 16:38:44.000000000,16.090363
2026-03-31 16:39:45.000000000,11.202592
2026-03-31 16:10:35.000000000,17.101591
2026-03-31 16:41:12.000000000,21.250278
2026-03-31 16:34:40.000000000,11.04073
2026-03-31 16:22:40.000000000,35.9442
2026-03-31 16:35:47.000000000,7.399424
2026-03-31 16:40:45.000000000,35.579674
2026-03-31 16:52:06.000000000,18.310793
2026-03-31 16:06:35.000000000,19.030695
2026-03-31 16:30:57.000000000,14.605264
2026-03-31 16:22:55.000000000,18.548717
2026-03-31 17:54:09.000000000,29.31121
2026-03-31 17:55:41.000000000,14.334082
2026-03-31 17:42:58.000000000,12.147734
2026-03-31 17:48:00.000000000,25.088478
2026-03-31 17:40:00.000000000,38.9043
2026-03-31 17:35:37.000000000,29.743792
2026-03-31 17:36:42.000000000,15.791062
2026-03-31 17:28:30.000000000,10.843812
2026-03-31 17:42:31.000000000,20.392632
2026-03-31 17:15:55.000000000,8.774873
2026-03-31 18:21:50.000000000,13.5735655
2026-03-31 18:18:25.000000000,11.349696
2026-03-31 18:14:10.000000000,23.205507
2026-03-31 18:04:56.000000000,12.700167
2026-03-31 18:24:55.000000000,37.323776
2026-03-31 18:55:11.000000000,12.621109
2026-03-31 18:12:16.000000000,14.107406
2026-03-31 18:48:45.000000000,17.413609
2026-03-31 18:30:21.000000000,170.93869
2026-03-31 18:52:28.000000000,30.481731
2026-03-31 18:53:25.000000000,37.973286
2026-03-31 18:24:54.000000000,14.166746
2026-03-31 18:25:26.000000000,21.300327
2026-03-31 18:50:01.000000000,12.427212
2026-03-31 18:34:22.000000000,36.56884
2026-03-31 18:13:47.000000000,49.476185
2026-03-31 18:00:21.000000000,14.300712
2026-03-31 18:44:10.000000000,21.310116
2026-03-31 18:35:32.000000000,55.82746
2026-03-31 19:05:14.000000000,225.04576
2026-03-31 19:30:41.000000000,20.344992
2026-03-31 19:28:08.000000000,19.600645
2026-03-31 19:12:46.000000000,34.91754
2026-03-31 19:29:54.000000000,22.952002
2026-03-31 19:57:52.000000000,23.409386
2026-03-31 19:00:12.000000000,13.416955
2026-03-31 19:01:37.000000000,16.766098
2026-03-31 19:31:03.000000000,35.192593
2026-03-31 20:18:18.000000000,11.693078
2026-03-31 20:25:25.000000000,10.565478
2026-03-31 20:40:46.000000000,32.23491
2026-03-31 20:02:13.000000000,27.346893
2026-03-31 20:59:56.000000000,25.917671
2026-03-31 20:57:01.000000000,6.5255427
2026-03-31 20:14:25.000000000,18.078686
2026-03-31 20:02:26.000000000,20.91195
2026-03-31 20:02:15.000000000,23.527712
2026-03-31 20:41:22.000000000,18.519627
2026-03-31 20:27:29.000000000,15.791062
2026-03-31 20:50:51.000000000,26.41515
2026-03-31 20:27:23.000000000,60.17191
2026-03-31 20:43:24.000000000,28.096478
2026-03-31 20:44:52.000000000,18.208496
2026-03-31 20:15:52.000000000,11.539266
2026-03-31 20:04:28.000000000,46.425205
2026-03-31 21:12:45.000000000,9.399585
2026-03-31 21:21:50.000000000,7.516645
2026-03-31 21:50:40.000000000,28.672178
2026-03-31 21:24:25.000000000,16.481606
2026-03-31 21:18:24.000000000,47.92372
2026-03-31 21:21:37.000000000,32.221508
2026-03-31 21:53:10.000000000,14.770604
2026-03-31 21:00:48.000000000,42.28541
2026-03-31 21:20:41.000000000,59.582157
2026-03-31 21:57:15.000000000,7.361799
2026-03-31 21:17:17.000000000,9.734033
2026-03-31 21:55:04.000000000,49.094067
2026-03-31 21:22:07.000000000,35.728867
2026-03-31 21:33:39.000000000,78.13449
2026-03-31 21:12:36.000000000,44.61434
2026-03-31 21:19:42.000000000,21.105822
2026-03-31 21:16:27.000000000,16.346424
2026-03-31 21:55:44.000000000,19.24178
2026-03-31 21:46:49.000000000,17.745459
2026-03-31 21:03:15.000000000,25.62369
2026-03-31 21:26:12.000000000,8.352252
2026-03-31 22:24:59.000000000,27.944618
2026-03-31 22:34:40.000000000,24.641157
2026-03-31 22:24:20.000000000,40.02076
2026-03-31 22:39:16.000000000,25.0147
2026-03-31 22:03:05.000000000,47.075382
2026-03-31 22:30:10.000000000,39.34806
2026-03-31 22:32:44.000000000,8.103453
2026-03-31 22:16:05.000000000,130.00027
2026-03-31 22:23:37.000000000,12.592986
2026-03-31 22:36:49.000000000,22.363523
2026-03-31 23:00:43.000000000,31.706507
2026-03-31 23:36:07.000000000,18.199
2026-03-31 23:06:20.000000000,23.239588
2026-03-31 23:59:45.000000000,38.85232
2026-03-31 23:19:23.000000000,77.445625
2026-03-31 23:32:45.000000000,116.46584
2026-03-31 23:08:39.000000000,29.658714
2026-03-31 23:09:09.000000000,20.348913
2026-03-31 23:39:46.000000000,31.205008
2026-03-31 23:45:44.000000000,13.362238
