pickup_datetime,base_passenger_fare
2026-03-01 00:45:49.000000000,48.151399999999995
2026-03-01 00:36:44.000000000,17.957000000000022
2026-03-01 00:38:05.000000000,12.17549999999999
2026-03-01 00:01:04.000000000,7.168100000000007
2026-03-01 00:43:49.000000000,85.62640000000002
2026-03-01 00:05:03.000000000,15.557800000000016
2026-03-01 00:34:55.000000000,12.587899999999989
2026-03-01 00:27:54.000000000,77.23699999999997
2026-03-01 00:18:28.000000000,12.064499999999994
2026-03-01 00:56:18.000000000,26.988800000000012
2026-03-01 00:02:02.000000000,16.8897
2026-03-01 00:49:18.000000000,17.668200000000024
2026-03-01 00:59:53.000000000,13.720300000000007
2026-03-01 00:31:00.000000000,15.970999999999982
2026-03-01 00:00:08.000000000,74.84840000000004
2026-03-01 00:32:09.000000000,67.363
2026-03-01 00:29:25.000000000,8.3821
2026-03-01 00:27:22.000000000,29.56019999999998
2026-03-01 00:13:06.000000000,39.329
2026-03-01 00:57:29.000000000,12.545499999999988
2026-03-01 00:45:18.000000000,6.388399999999993
2026-03-01 00:29:53.000000000,19.764199999999974
2026-03-01 00:26:03.000000000,17.72170000000002
2026-03-01 00:13:54.000000000,23.084699999999998
2026-03-01 00:01:03.000000000,52.235499999999995
2026-03-01 00:50:17.000000000,10.437700000000008
2026-03-01 00:35:16.000000000,80.10419999999995
2026-03-01 00:06:20.000000000,77.93589999999996
2026-03-01 00:33:38.000000000,73.82119999999998
2026-03-01 00:51:47.000000000,66.2996
2026-03-01 00:55:48.000000000,10.468799999999996
2026-03-01 00:12:48.000000000,44.56460000000003
2026-03-01 01:10:22.000000000,10.165600000000003
2026-03-01 01:24:02.000000000,178.57439999999988
2026-03-01 01:10:52.000000000,28.59250000000001
2026-03-01 01:18:13.000000000,22.960699999999992
2026-03-01 01:15:10.000000000,22.4201
2026-03-01 01:10:33.000000000,41.4648
2026-03-01 01:10:27.000000000,9.532499999999992
2026-03-01 01:01:07.000000000,38.42289999999998
2026-03-01 01:45:39.000000000,28.100200000000005
2026-03-01 01:15:41.000000000,9.145099999999994
2026-03-01 01:50:39.000000000,16.021700000000006
2026-03-01 01:29:43.000000000,16.9747
2026-03-01 01:25:54.000000000,8.570899999999995
2026-03-01 01:16:19.000000000,23.25820000000001
2026-03-01 01:30:24.000000000,44.97640000000002
2026-03-01 01:32:22.000000000,27.941399999999994
2026-03-01 01:01:10.000000000,26.255999999999993
2026-03-01 01:13:37.000000000,16.122899999999984
2026-03-01 01:04:12.000000000,15.46579999999999
2026-03-01 01:35:44.000000000,12.800400000000009
2026-03-01 01:48:21.000000000,6.268600000000003
2026-03-01 01:58:14.000000000,26.6595
2026-03-01 01:40:21.000000000,49.80569999999997
2026-03-01 02:21:34.000000000,80.31119999999997
2026-03-01 02:39:24.000000000,64.07999999999998
2026-03-01 02:01:29.000000000,41.5457
2026-03-01 02:07:02.000000000,24.61880000000001
2026-03-01 02:29:12.000000000,36.540200000000006
2026-03-01 02:19:23.000000000,52.34090000000001
2026-03-01 02:11:38.000000000,25.654399999999995
2026-03-01 02:39:50.000000000,12.450499999999987
2026-03-01 02:05:26.000000000,8.843200000000001
2026-03-01 02:13:51.000000000,12.880699999999996
2026-03-01 02:06:47.000000000,15.881699999999991
2026-03-01 02:32:26.000000000,17.018399999999982
2026-03-01 02:34:29.000000000,19.973699999999997
2026-03-01 02:09:44.000000000,29.397799999999993
2026-03-01 02:31:48.000000000,36.47250000000002
2026-03-01 03:20:59.000000000,48.60939999999999
2026-03-01 03:53:53.000000000,18.025199999999995
2026-03-01 03:23:31.000000000,17.1241
2026-03-01 03:06:48.000000000,8.88499999999999
2026-03-01 03:05:16.000000000,19.303200000000007
2026-03-01 03:17:19.000000000,27.902399999999993
2026-03-01 03:28:15.000000000,20.07840000000001
2026-03-01 03:12:04.000000000,67.9399
2026-03-01 03:34:27.000000000,13.643199999999993
2026-03-01 03:44:14.000000000,87.6364
2026-03-01 03:46:42.000000000,19.609300000000008
2026-03-01 03:07:58.000000000,15.533899999999992
2026-03-01 03:00:15.000000000,17.5319
2026-03-01 03:13:54.000000000,30.392999999999994
2026-03-01 03:16:06.000000000,21.325899999999997
2026-03-01 03:33:03.000000000,54.9005
2026-03-01 04:57:36.000000000,33.4289
2026-03-01 04:18:34.000000000,43.702699999999965
2026-03-01 04:08:18.000000000,27.636000000000017
2026-03-01 04:40:15.000000000,40.30040000000001
2026-03-01 04:42:06.000000000,40.681400000000025
2026-03-01 04:53:26.000000000,18.4092
2026-03-01 04:02:57.000000000,39.892999999999994
2026-03-01 04:01:43.000000000,45.35540000000001
2026-03-01 04:49:48.000000000,40.74340000000001
2026-03-01 05:11:13.000000000,50.47580000000001
2026-03-01 05:10:11.000000000,60.8318
2026-03-01 06:04:53.000000000,15.955699999999997
2026-03-01 06:28:36.000000000,24.95660000000001
2026-03-01 06:00:06.000000000,16.22639999999999
2026-03-01 06:03:12.000000000,10.042600000000004
2026-03-01 06:13:49.000000000,24.29590000000002
2026-03-01 06:00:55.000000000,25.747499999999977
2026-03-01 06:43:00.000000000,11.650800000000006
2026-03-01 06:53:59.000000000,64.1174
2026-03-01 07:38:51.000000000,20.390999999999995
2026-03-01 07:31:13.000000000,13.8705
2026-03-01 07:49:02.000000000,7.767299999999995
2026-03-01 07:52:43.000000000,20.304299999999998
2026-03-01 07:15:31.000000000,13.354000000000008
2026-03-01 07:46:07.000000000,20.919600000000006
2026-03-01 07:44:34.000000000,17.12740000000001
2026-03-01 08:44:41.000000000,9.67220000000001
2026-03-01 08:31:09.000000000,47.78009999999999
2026-03-01 08:30:48.000000000,8.002399999999989
2026-03-01 08:59:18.000000000,11.829200000000005
2026-03-01 08:14:47.000000000,39.74570000000001
2026-03-01 08:00:19.000000000,51.8696
2026-03-01 08:32:58.000000000,8.821599999999995
2026-03-01 08:06:14.000000000,18.6457
2026-03-01 08:13:35.000000000,25.1236
2026-03-01 08:46:29.000000000,13.464500000000005
2026-03-01 08:04:10.000000000,8.889100000000006
2026-03-01 08:27:56.000000000,8.108899999999995
2026-03-01 09:31:05.000000000,40.870499999999964
2026-03-01 09:43:24.000000000,17.065700000000003
2026-03-01 09:51:47.000000000,38.33640000000002
2026-03-01 09:46:40.000000000,42.98310000000001
2026-03-01 09:52:13.000000000,18.838999999999988
2026-03-01 09:19:13.000000000,13.464200000000007
2026-03-01 09:50:36.000000000,11.5541
2026-03-01 09:04:37.000000000,9.633300000000004
2026-03-01 09:09:29.000000000,46.15550000000001
2026-03-01 10:00:46.000000000,8.321699999999991
2026-03-01 10:15:22.000000000,12.9728
2026-03-01 10:26:25.000000000,12.382199999999989
2026-03-01 10:27:16.000000000,17.1159
2026-03-01 10:12:50.000000000,67.15220000000001
2026-03-01 10:33:55.000000000,45.31859999999999
2026-03-01 10:02:31.000000000,12.334800000000008
2026-03-01 10:39:04.000000000,20.3746
2026-03-01 10:35:27.000000000,34.87719999999999
2026-03-01 10:16:11.000000000,70.00880000000001
2026-03-01 10:55:11.000000000,7.274800000000002
2026-03-01 10:44:01.000000000,21.782599999999988
2026-03-01 10:06:03.000000000,25.990200000000005
2026-03-01 10:51:02.000000000,36.48010000000002
2026-03-01 10:53:07.000000000,29.095600000000005
2026-03-01 10:22:49.000000000,47.07480000000001
2026-03-01 10:54:40.000000000,11.866399999999997
2026-03-01 10:13:02.000000000,80.72569999999995
2026-03-01 10:33:29.000000000,32.10109999999998
2026-03-01 10:43:59.000000000,32.99769999999999
2026-03-01 11:43:33.000000000,24.94469999999999
2026-03-01 11:33:57.000000000,24.222500000000004
2026-03-01 11:12:51.000000000,13.888799999999994
2026-03-01 11:48:46.000000000,20.306400000000004
2026-03-01 11:51:17.000000000,31.53470000000001
2026-03-01 11:13:35.000000000,25.727199999999993
2026-03-01 11:08:13.000000000,15.949499999999992
2026-03-01 11:32:39.000000000,7.981699999999993
2026-03-01 11:45:27.000000000,11.638900000000005
2026-03-01 11:28:56.000000000,35.745000000000005
2026-03-01 11:08:29.000000000,24.240999999999996
2026-03-01 11:16:24.000000000,56.06210000000003
2026-03-01 11:52:12.000000000,29.336400000000015
2026-03-01 11:05:23.000000000,33.00540000000001
2026-03-01 11:56:22.000000000,26.240800000000014
2026-03-01 12:31:49.000000000,13.310000000000004
2026-03-01 12:37:49.000000000,48.82840000000001
2026-03-01 12:15:47.000000000,12.461899999999993
2026-03-01 12:08:46.000000000,10.627400000000009
2026-03-01 12:34:29.000000000,23.58629999999999
2026-03-01 12:42:28.000000000,15.538599999999995
2026-03-01 12:20:35.000000000,57.63899999999995
2026-03-01 12:55:10.000000000,7.715300000000001
2026-03-01 12:52:47.000000000,19.4149
2026-03-01 12:48:45.000000000,10.134800000000004
2026-03-01 12:57:04.000000000,17.425900000000006
2026-03-01 12:10:59.000000000,17.04119999999999
2026-03-01 12:51:44.000000000,9.808599999999998
2026-03-01 12:11:25.000000000,11.528500000000006
2026-03-01 12:31:11.000000000,25.289999999999985
2026-03-01 12:21:47.000000000,42.05879999999999
2026-03-01 12:55:15.000000000,16.022100000000002
2026-03-01 12:38:50.000000000,31.896900000000006
2026-03-01 12:23:00.000000000,16.528600000000004
2026-03-01 12:51:11.000000000,21.425599999999978
2026-03-01 12:56:48.000000000,19.06160000000001
2026-03-01 13:36:56.000000000,11.745700000000001
2026-03-01 13:14:34.000000000,6.0355
2026-03-01 13:14:07.000000000,13.302
2026-03-01 13:13:42.000000000,22.419400000000014
2026-03-01 13:12:55.000000000,33.6737
2026-03-01 13:18:37.000000000,8.802500000000004
2026-03-01 13:01:15.000000000,26.364599999999996
2026-03-01 13:18:06.000000000,7.193799999999997
2026-03-01 13:52:07.000000000,22.848499999999987
2026-03-01 13:14:32.000000000,49.3167
2026-03-01 13:48:28.000000000,8.527800000000003
2026-03-01 13:38:45.000000000,23.12439999999999
2026-03-01 13:52:02.000000000,17.7607
2026-03-01 14:56:50.000000000,25.283100000000005
2026-03-01 14:13:20.000000000,12.6531
2026-03-01 14:38:00.000000000,22.878800000000002
2026-03-01 14:50:50.000000000,16.620099999999997
2026-03-01 14:02:58.000000000,8.551999999999998
2026-03-01 14:51:48.000000000,14.583799999999997
2026-03-01 14:37:44.000000000,25.4375
2026-03-01 14:26:58.000000000,11.22250000000001
2026-03-01 14:12:51.000000000,13.9279
2026-03-01 14:27:16.000000000,23.11980000000001
2026-03-01 14:34:04.000000000,9.2199
2026-03-01 14:40:05.000000000,9.16790000000001
2026-03-01 14:40:07.000000000,13.878599999999999
2026-03-01 14:45:04.000000000,61.584599999999995
2026-03-01 14:38:49.000000000,26.490300000000016
2026-03-01 14:59:24.000000000,46.96320000000001
2026-03-01 14:07:00.000000000,10.556900000000006
2026-03-01 14:34:34.000000000,17.682100000000002
2026-03-01 15:33:57.000000000,35.48079999999999
2026-03-01 15:25:47.000000000,20.814399999999996
2026-03-01 15:34:17.000000000,9.115200000000005
2026-03-01 15:45:39.000000000,45.14449999999998
2026-03-01 15:34:32.000000000,21.28969999999998
2026-03-01 15:52:54.000000000,56.56500000000005
2026-03-01 15:01:01.000000000,19.062599999999986
2026-03-01 15:03:46.000000000,25.23449999999999
2026-03-01 15:28:00.000000000,12.956700000000005
2026-03-01 15:39:10.000000000,30.028099999999977
2026-03-01 15:44:15.000000000,15.1537
2026-03-01 15:51:24.000000000,127.81930000000003
2026-03-01 15:07:36.000000000,11.526900000000003
2026-03-01 15:16:52.000000000,67.1798
2026-03-01 15:00:12.000000000,16.40219999999999
2026-03-01 15:45:41.000000000,34.97340000000003
2026-03-01 15:14:48.000000000,54.64450000000001
2026-03-01 15:23:10.000000000,43.95039999999999
2026-03-01 16:16:55.000000000,33.91610000000001
2026-03-01 16:06:55.000000000,14.893400000000007
2026-03-01 16:44:10.000000000,35.29150000000001
2026-03-01 16:20:19.000000000,17.788400000000003
2026-03-01 16:28:17.000000000,24.128999999999987
2026-03-01 16:36:38.000000000,20.881199999999993
2026-03-01 16:14:31.000000000,13.038099999999996
2026-03-01 16:16:07.000000000,8.956300000000002
2026-03-01 16:10:38.000000000,18.129899999999996
2026-03-01 16:44:09.000000000,29.391999999999975
2026-03-01 16:55:11.000000000,12.690600000000002
2026-03-01 16:35:27.000000000,48.9173
2026-03-01 16:56:43.000000000,8.565399999999991
2026-03-01 16:58:57.000000000,103.2803000000001
2026-03-01 17:22:39.000000000,11.000200000000008
2026-03-01 17:18:27.000000000,20.48539999999998
2026-03-01 17:59:00.000000000,14.161999999999995
2026-03-01 17:18:21.000000000,13.557900000000016
2026-03-01 17:09:30.000000000,25.118700000000004
2026-03-01 17:01:29.000000000,16.9173
2026-03-01 17:37:04.000000000,52.86799999999998
2026-03-01 17:34:31.000000000,12.204999999999991
2026-03-01 17:54:51.000000000,49.995899999999985
2026-03-01 17:32:18.000000000,16.03639999999999
2026-03-01 17:45:45.000000000,22.2629
2026-03-01 17:00:09.000000000,15.166899999999991
2026-03-01 17:43:07.000000000,11.800900000000002
2026-03-01 17:09:36.000000000,23.54549999999998
2026-03-01 17:01:43.000000000,39.1748
2026-03-01 17:09:36.000000000,28.838800000000013
2026-03-01 17:55:50.000000000,7.805800000000002
2026-03-01 17:54:09.000000000,21.75829999999999
2026-03-01 17:02:30.000000000,7.680500000000002
2026-03-01 18:29:46.000000000,19.357899999999997
2026-03-01 18:18:35.000000000,7.855199999999996
2026-03-01 18:16:31.000000000,38.59709999999998
2026-03-01 18:19:42.000000000,41.21739999999999
2026-03-01 18:05:12.000000000,10.786400000000004
2026-03-01 18:12:29.000000000,15.347500000000002
2026-03-01 18:06:06.000000000,39.68539999999997
2026-03-01 18:12:21.000000000,33.61659999999999
2026-03-01 18:28:02.000000000,35.29130000000001
2026-03-01 18:50:24.000000000,19.9029
2026-03-01 18:32:39.000000000,43.7624
2026-03-01 18:04:30.000000000,28.883200000000006
2026-03-01 18:50:23.000000000,17.15029999999999
2026-03-01 18:25:02.000000000,31.506099999999996
2026-03-01 19:52:14.000000000,79.1837
2026-03-01 19:52:01.000000000,11.117599999999996
2026-03-01 19:12:56.000000000,50.68799999999997
2026-03-01 19:25:02.000000000,83.4759
2026-03-01 19:22:59.000000000,19.385000000000005
2026-03-01 19:11:22.000000000,39.22120000000001
2026-03-01 19:42:09.000000000,9.0013
2026-03-01 19:52:01.000000000,92.00429999999999
2026-03-01 19:48:08.000000000,187.9785
2026-03-01 19:17:53.000000000,13.532199999999998
2026-03-01 19:56:13.000000000,11.099999999999996
2026-03-01 19:24:48.000000000,14.076699999999995
2026-03-01 19:56:17.000000000,38.8479
2026-03-01 19:35:53.000000000,26.444800000000022
2026-03-01 19:27:55.000000000,9.019400000000001
2026-03-01 19:01:31.000000000,10.249799999999992
2026-03-01 19:26:17.000000000,10.3396
2026-03-01 19:30:46.000000000,26.236499999999992
2026-03-01 19:03:13.000000000,76.86339999999997
2026-03-01 19:29:48.000000000,6.7154
2026-03-01 19:12:09.000000000,17.049299999999995
2026-03-01 19:02:57.000000000,16.83979999999999
2026-03-01 19:21:13.000000000,13.527900000000002
2026-03-01 19:52:38.000000000,12.044199999999996
2026-03-01 20:42:22.000000000,14.339700000000002
2026-03-01 20:54:15.000000000,19.858399999999996
2026-03-01 20:23:25.000000000,40.51640000000001
2026-03-01 20:03:25.000000000,23.758100000000002
2026-03-01 20:00:55.000000000,46.110099999999996
2026-03-01 20:02:39.000000000,28.333000000000016
2026-03-01 20:35:50.000000000,33.17480000000002
2026-03-01 20:33:12.000000000,15.727200000000009
2026-03-01 20:45:45.000000000,41.40579999999999
2026-03-01 20:56:58.000000000,10.960000000000003
2026-03-01 20:58:38.000000000,12.367199999999992
2026-03-01 20:06:21.000000000,10.361699999999999
2026-03-01 20:05:56.000000000,17.617599999999992
2026-03-01 20:11:59.000000000,21.195599999999995
2026-03-01 20:40:21.000000000,21.9119
2026-03-01 20:02:31.000000000,22.590100000000017
2026-03-01 20:56:55.000000000,8.335099999999999
2026-03-01 21:24:24.000000000,38.077999999999996
2026-03-01 21:19:54.000000000,41.61300000000002
2026-03-01 21:19:54.000000000,7.390200000000002
2026-03-01 21:53:29.000000000,18.453199999999985
2026-03-01 21:12:06.000000000,13.337400000000004
2026-03-01 21:19:57.000000000,16.3776
2026-03-01 21:44:00.000000000,42.608300000000014
2026-03-01 21:07:33.000000000,30.197700000000005
2026-03-01 21:55:20.000000000,37.95790000000002
2026-03-01 21:15:13.000000000,6.2283000000000035
2026-03-01 21:35:49.000000000,96.87360000000002
2026-03-01 21:48:18.000000000,12.350199999999996
2026-03-01 21:15:03.000000000,31.332700000000003
2026-03-01 22:37:28.000000000,25.2042
2026-03-01 22:44:50.000000000,9.226
2026-03-01 22:35:52.000000000,20.487799999999996
2026-03-01 22:24:04.000000000,8.908800000000001
2026-03-01 22:41:40.000000000,27.638200000000005
2026-03-01 22:07:16.000000000,8.4888
2026-03-01 22:22:01.000000000,5.767400000000001
2026-03-01 23:33:44.000000000,54.375699999999995
2026-03-01 23:35:56.000000000,11.594600000000005
2026-03-01 23:26:11.000000000,21.682499999999994
2026-03-01 23:41:25.000000000,17.980699999999988
2026-03-01 23:33:23.000000000,54.51269999999999
2026-03-01 23:56:13.000000000,22.567899999999995
2026-03-01 23:51:14.000000000,10.394699999999993
2026-03-01 23:19:29.000000000,9.626300000000013
2026-03-01 23:19:05.000000000,37.39300000000001
2026-03-01 23:21:50.000000000,21.219900000000003
2026-03-01 23:56:34.000000000,20.113200000000003
2026-03-02 00:11:29.000000000,33.31779999999999
2026-03-02 00:34:18.000000000,37.45519999999999
2026-03-02 00:39:42.000000000,12.421999999999993
2026-03-02 00:15:29.000000000,21.508400000000005
2026-03-02 00:57:48.000000000,29.053000000000015
2026-03-02 00:32:34.000000000,9.281
2026-03-02 01:06:07.000000000,11.846000000000004
2026-03-02 01:39:04.000000000,9.49720000000001
2026-03-02 01:59:33.000000000,20.332799999999995
2026-03-02 02:57:56.000000000,25.861700000000006
2026-03-02 02:20:49.000000000,36.38579999999999
2026-03-02 02:31:46.000000000,12.615399999999987
2026-03-02 02:32:24.000000000,59.56080000000004
2026-03-02 03:06:18.000000000,13.212800000000009
2026-03-02 03:07:21.000000000,39.688100000000006
2026-03-02 03:15:58.000000000,12.608299999999995
2026-03-02 03:35:27.000000000,17.449500000000008
2026-03-02 03:39:41.000000000,24.426699999999993
2026-03-02 04:57:41.000000000,16.854300000000013
2026-03-02 04:45:05.000000000,65.05930000000001
2026-03-02 05:57:47.000000000,15.588600000000003
2026-03-02 05:50:43.000000000,16.879600000000003
2026-03-02 05:42:29.000000000,15.066199999999995
2026-03-02 05:25:34.000000000,8.83339999999999
2026-03-02 05:59:07.000000000,62.01359999999996
2026-03-02 05:14:45.000000000,5.321900000000002
2026-03-02 06:40:33.000000000,8.21909999999999
2026-03-02 06:44:22.000000000,31.60029999999998
2026-03-02 06:31:55.000000000,23.28850000000001
2026-03-02 06:10:41.000000000,85.62719999999999
2026-03-02 06:31:06.000000000,57.1386
2026-03-02 06:02:41.000000000,81.28459999999994
2026-03-02 06:39:30.000000000,13.931299999999995
2026-03-02 06:23:28.000000000,20.506199999999982
2026-03-02 06:50:33.000000000,27.741499999999988
2026-03-02 06:34:06.000000000,20.924100000000003
2026-03-02 07:30:35.000000000,22.802200000000006
2026-03-02 07:58:12.000000000,9.6022
2026-03-02 07:09:54.000000000,29.8065
2026-03-02 07:39:11.000000000,20.236899999999995
2026-03-02 07:58:29.000000000,21.559299999999993
2026-03-02 07:45:00.000000000,45.444800000000015
2026-03-02 07:12:48.000000000,14.707300000000007
2026-03-02 07:11:47.000000000,23.688099999999995
2026-03-02 07:49:27.000000000,21.75000000000001
2026-03-02 07:51:12.000000000,15.77039999999999
2026-03-02 07:18:08.000000000,46.69660000000001
2026-03-02 07:34:16.000000000,14.441299999999996
2026-03-02 08:42:37.000000000,56.71259999999998
2026-03-02 08:18:04.000000000,14.634200000000003
2026-03-02 08:48:36.000000000,28.772299999999984
2026-03-02 08:07:19.000000000,16.025600000000008
2026-03-02 08:28:47.000000000,15.831600000000005
2026-03-02 08:49:49.000000000,7.406400000000001
2026-03-02 08:06:26.000000000,20.90089999999999
2026-03-02 08:17:02.000000000,32.197100000000006
2026-03-02 08:17:38.000000000,11.828700000000005
2026-03-02 08:15:42.000000000,20.2167
2026-03-02 08:52:26.000000000,27.708500000000004
2026-03-02 08:28:22.000000000,19.657200000000007
2026-03-02 08:59:15.000000000,9.587799999999996
2026-03-02 08:07:44.000000000,18.57029999999999
2026-03-02 08:44:52.000000000,50.45749999999999
2026-03-02 08:56:05.000000000,11.068299999999997
2026-03-02 08:15:13.000000000,30.816100000000002
2026-03-02 08:02:21.000000000,28.373399999999982
2026-03-02 08:05:37.000000000,42.4304
2026-03-02 08:02:05.000000000,40.93289999999998
2026-03-02 09:17:22.000000000,13.433500000000008
2026-03-02 09:57:59.000000000,9.726499999999994
2026-03-02 09:48:41.000000000,12.582000000000004
2026-03-02 09:39:41.000000000,7.942800000000002
2026-03-02 09:33:19.000000000,16.224099999999996
2026-03-02 09:20:45.000000000,16.2367
2026-03-02 09:41:35.000000000,11.157100000000016
2026-03-02 09:33:53.000000000,11.724100000000004
2026-03-02 09:22:41.000000000,9.61149999999999
2026-03-02 09:11:27.000000000,49.81280000000001
2026-03-02 09:53:23.000000000,20.809799999999992
2026-03-02 09:47:01.000000000,14.523099999999998
2026-03-02 09:10:35.000000000,44.5035
2026-03-02 09:35:21.000000000,28.730500000000006
2026-03-02 09:45:10.000000000,14.913800000000016
2026-03-02 09:11:40.000000000,86.71869999999997
2026-03-02 09:49:57.000000000,11.016400000000003
2026-03-02 09:48:47.000000000,45.13490000000002
2026-03-02 09:35:11.000000000,15.501699999999998
2026-03-02 09:53:12.000000000,21.935399999999994
2026-03-02 09:15:43.000000000,13.829099999999999
2026-03-02 09:31:10.000000000,39.29389999999999
2026-03-02 10:21:36.000000000,9.667000000000003
2026-03-02 10:35:07.000000000,30.9146
2026-03-02 10:23:00.000000000,30.135999999999985
2026-03-02 10:02:52.000000000,21.279899999999984
2026-03-02 10:56:26.000000000,12.436099999999994
2026-03-02 10:57:13.000000000,7.381499999999992
2026-03-02 10:05:41.000000000,29.064699999999988
2026-03-02 10:22:19.000000000,19.888300000000022
2026-03-02 10:38:40.000000000,12.617300000000006
2026-03-02 10:24:02.000000000,15.332799999999999
2026-03-02 10:30:14.000000000,50.814999999999955
2026-03-02 10:56:51.000000000,9.286700000000002
2026-03-02 10:24:17.000000000,19.81480000000002
2026-03-02 10:50:04.000000000,16.811099999999993
2026-03-02 10:07:53.000000000,20.236999999999995
2026-03-02 10:47:32.000000000,23.572399999999988
2026-03-02 10:05:01.000000000,24.686300000000013
2026-03-02 10:01:54.000000000,15.832699999999996
2026-03-02 10:23:26.000000000,32.86889999999999
2026-03-02 11:54:10.000000000,101.32619999999993
2026-03-02 11:24:47.000000000,21.23979999999998
2026-03-02 11:51:29.000000000,6.266000000000003
2026-03-02 11:09:59.000000000,30.840999999999998
2026-03-02 11:44:58.000000000,13.643699999999994
2026-03-02 11:39:50.000000000,6.784900000000001
2026-03-02 11:35:41.000000000,63.3625
2026-03-02 11:17:14.000000000,14.360700000000008
2026-03-02 11:40:19.000000000,35.24839999999999
2026-03-02 12:17:37.000000000,13.470499999999989
2026-03-02 12:13:09.000000000,11.252000000000004
2026-03-02 12:11:20.000000000,31.19670000000001
2026-03-02 12:37:45.000000000,25.103500000000004
2026-03-02 12:41:54.000000000,30.454400000000007
2026-03-02 12:13:46.000000000,5.942500000000001
2026-03-02 12:51:28.000000000,94.27140000000001
2026-03-02 12:56:55.000000000,27.061899999999994
2026-03-02 12:55:33.000000000,24.091900000000013
2026-03-02 12:19:32.000000000,45.50470000000002
2026-03-02 12:26:57.000000000,15.651000000000003
2026-03-02 12:33:49.000000000,69.5403
2026-03-02 12:05:59.000000000,22.8298
2026-03-02 12:06:05.000000000,22.093799999999998
2026-03-02 13:21:02.000000000,22.073300000000003
2026-03-02 13:22:46.000000000,17.391200000000005
2026-03-02 13:45:47.000000000,34.7628
2026-03-02 13:24:08.000000000,72.16119999999997
2026-03-02 13:17:22.000000000,14.777899999999994
2026-03-02 13:08:50.000000000,30.945799999999995
2026-03-02 13:50:46.000000000,24.0424
2026-03-02 13:32:07.000000000,29.776899999999998
2026-03-02 13:20:13.000000000,32.273299999999985
2026-03-02 13:00:25.000000000,64.02609999999993
2026-03-02 13:29:28.000000000,16.395099999999996
2026-03-02 13:31:53.000000000,45.92240000000001
2026-03-02 14:02:29.000000000,23.1274
2026-03-02 14:17:48.000000000,15.277300000000007
2026-03-02 14:56:50.000000000,29.79100000000001
2026-03-02 14:12:31.000000000,97.7788
2026-03-02 14:37:08.000000000,9.049299999999997
2026-03-02 14:45:43.000000000,43.6215
2026-03-02 14:54:22.000000000,29.067099999999996
2026-03-02 14:51:19.000000000,10.569700000000003
2026-03-02 15:38:15.000000000,10.5176
2026-03-02 15:59:12.000000000,14.134499999999992
2026-03-02 15:36:25.000000000,10.556400000000004
2026-03-02 15:09:09.000000000,33.17199999999998
2026-03-02 15:18:19.000000000,12.580099999999998
2026-03-02 15:46:27.000000000,13.626499999999995
2026-03-02 15:24:14.000000000,15.232600000000001
2026-03-02 15:40:02.000000000,18.517599999999987
2026-03-02 15:39:17.000000000,14.122199999999998
2026-03-02 15:15:34.000000000,23.621800000000004
2026-03-02 15:12:50.000000000,8.4411
2026-03-02 15:36:36.000000000,31.91969999999998
2026-03-02 15:05:11.000000000,38.55590000000001
2026-03-02 15:35:49.000000000,13.056100000000008
2026-03-02 15:30:36.000000000,9.432999999999996
2026-03-02 15:11:25.000000000,77.4142
2026-03-02 16:05:28.000000000,11.172199999999997
2026-03-02 16:28:29.000000000,53.518400000000014
2026-03-02 16:12:01.000000000,26.06229999999999
2026-03-02 16:51:04.000000000,12.538499999999997
2026-03-02 16:43:34.000000000,37.9153
2026-03-02 16:02:22.000000000,18.511800000000004
2026-03-02 16:44:25.000000000,25.842100000000002
2026-03-02 16:31:08.000000000,34.902200000000015
2026-03-02 16:49:09.000000000,59.13060000000002
2026-03-02 16:20:32.000000000,11.707799999999997
2026-03-02 16:17:59.000000000,14.59119999999999
2026-03-02 16:36:09.000000000,15.39990000000001
2026-03-02 16:39:27.000000000,31.961600000000008
2026-03-02 16:12:00.000000000,14.618899999999998
2026-03-02 16:16:22.000000000,32.760699999999986
2026-03-02 16:45:03.000000000,17.1151
2026-03-02 16:11:37.000000000,14.641000000000005
2026-03-02 16:38:00.000000000,10.68629999999999
2026-03-02 16:16:30.000000000,68.00070000000001
2026-03-02 16:41:03.000000000,10.959299999999995
2026-03-02 17:06:37.000000000,17.49570000000001
2026-03-02 17:31:21.000000000,9.503300000000001
2026-03-02 17:25:33.000000000,27.274799999999995
2026-03-02 17:49:50.000000000,14.683099999999992
2026-03-02 17:03:35.000000000,18.746500000000015
2026-03-02 17:04:01.000000000,54.02859999999999
2026-03-02 17:48:16.000000000,13.3001
2026-03-02 17:58:49.000000000,13.173100000000009
2026-03-02 17:15:04.000000000,53.221
2026-03-02 18:12:45.000000000,9.196200000000001
2026-03-02 18:09:49.000000000,32.4968
2026-03-02 18:41:38.000000000,9.772800000000013
2026-03-02 18:29:25.000000000,13.016400000000003
2026-03-02 18:22:52.000000000,10.603599999999997
2026-03-02 18:36:31.000000000,53.09490000000002
2026-03-02 18:47:20.000000000,22.480800000000002
2026-03-02 18:40:48.000000000,14.167099999999989
2026-03-02 18:28:17.000000000,7.843500000000005
2026-03-02 18:45:37.000000000,11.662600000000005
2026-03-02 18:48:34.000000000,7.878099999999998
2026-03-02 18:53:59.000000000,19.816700000000008
2026-03-02 18:00:23.000000000,48.93179999999998
2026-03-02 18:32:25.000000000,15.028100000000002
2026-03-02 18:51:47.000000000,20.07600000000001
2026-03-02 18:17:26.000000000,17.908200000000004
2026-03-02 19:02:25.000000000,63.34989999999999
2026-03-02 19:19:56.000000000,14.267899999999992
2026-03-02 19:27:18.000000000,112.54549999999999
2026-03-02 19:14:55.000000000,30.275299999999998
2026-03-02 19:09:54.000000000,25.132400000000004
2026-03-02 19:03:50.000000000,31.7084
2026-03-02 19:29:34.000000000,26.778800000000015
2026-03-02 19:05:02.000000000,66.1239
2026-03-02 19:10:58.000000000,55.3546
2026-03-02 19:32:02.000000000,6.525500000000003
2026-03-02 20:48:24.000000000,20.212199999999996
2026-03-02 20:22:47.000000000,11.7622
2026-03-02 20:30:57.000000000,10.262200000000002
2026-03-02 20:04:44.000000000,181.28680000000008
2026-03-02 20:53:52.000000000,39.2017
2026-03-02 20:10:18.000000000,63.944600000000015
2026-03-02 20:09:30.000000000,30.928
2026-03-02 20:53:34.000000000,14.090100000000016
2026-03-02 20:16:58.000000000,55.03800000000002
2026-03-02 20:33:47.000000000,22.907899999999998
2026-03-02 20:50:09.000000000,17.10429999999999
2026-03-02 20:56:56.000000000,58.40569999999998
2026-03-02 20:11:53.000000000,18.6001
2026-03-02 20:25:04.000000000,17.754700000000014
2026-03-02 20:00:15.000000000,5.448700000000005
2026-03-02 20:55:30.000000000,75.31499999999997
2026-03-02 20:36:38.000000000,10.066900000000002
2026-03-02 20:34:24.000000000,20.616799999999998
2026-03-02 20:51:38.000000000,43.79649999999999
2026-03-02 20:12:21.000000000,64.97859999999997
2026-03-02 21:01:26.000000000,18.746100000000006
2026-03-02 21:12:09.000000000,22.77559999999999
2026-03-02 21:16:21.000000000,24.061099999999993
2026-03-02 21:04:49.000000000,19.289900000000006
2026-03-02 21:18:25.000000000,18.082199999999997
2026-03-02 21:31:49.000000000,21.914000000000005
2026-03-02 21:49:54.000000000,8.604899999999999
2026-03-02 21:23:59.000000000,40.05269999999998
2026-03-02 21:25:12.000000000,8.611299999999998
2026-03-02 21:00:21.000000000,10.569999999999999
2026-03-02 21:58:42.000000000,30.1021
2026-03-02 21:14:36.000000000,36.37209999999999
2026-03-02 21:31:37.000000000,16.249199999999984
2026-03-02 22:16:10.000000000,18.507799999999992
2026-03-02 22:26:44.000000000,19.97000000000001
2026-03-02 22:46:14.000000000,39.17330000000001
2026-03-02 22:20:12.000000000,14.410499999999997
2026-03-02 22:03:27.000000000,16.102900000000005
2026-03-02 22:23:30.000000000,33.496199999999995
2026-03-02 22:06:47.000000000,9.08980000000001
2026-03-02 22:29:32.000000000,10.1854
2026-03-02 22:33:18.000000000,14.261199999999995
2026-03-02 22:31:51.000000000,21.12839999999999
2026-03-02 22:12:55.000000000,9.048000000000004
2026-03-02 22:52:55.000000000,19.6323
2026-03-02 22:03:55.000000000,41.2421
2026-03-02 22:54:20.000000000,15.013499999999997
2026-03-02 22:22:06.000000000,221.2066
2026-03-02 22:55:35.000000000,37.0936
2026-03-02 22:15:17.000000000,31.635800000000014
2026-03-02 23:51:43.000000000,11.618699999999995
2026-03-02 23:16:00.000000000,76.58339999999997
2026-03-02 23:56:38.000000000,16.016700000000007
2026-03-02 23:17:36.000000000,15.5832
2026-03-02 23:06:27.000000000,15.774700000000005
2026-03-02 23:35:15.000000000,24.639700000000012
2026-03-02 23:02:10.000000000,17.791900000000005
2026-03-02 23:28:16.000000000,20.55040000000001
2026-03-03 00:06:12.000000000,18.144199999999994
2026-03-03 00:51:32.000000000,14.6086
2026-03-03 00:52:21.000000000,27.472900000000003
2026-03-03 00:31:45.000000000,8.5135
2026-03-03 00:01:31.000000000,15.30580000000001
2026-03-03 00:29:37.000000000,6.770900000000004
2026-03-03 01:45:29.000000000,28.872899999999994
2026-03-03 01:02:35.000000000,16.762899999999995
2026-03-03 01:29:47.000000000,31.483099999999983
2026-03-03 01:47:37.000000000,17.65220000000001
2026-03-03 01:35:12.000000000,31.3781
2026-03-03 01:27:57.000000000,14.341099999999983
2026-03-03 02:08:50.000000000,24.3006
2026-03-03 02:33:35.000000000,53.41069999999993
2026-03-03 03:22:55.000000000,32.14499999999999
2026-03-03 03:00:12.000000000,29.614299999999993
2026-03-03 04:49:51.000000000,10.645700000000001
2026-03-03 04:20:27.000000000,68.84910000000002
2026-03-03 04:02:11.000000000,37.83170000000001
2026-03-03 05:28:17.000000000,39.30810000000001
2026-03-03 05:18:36.000000000,14.271200000000013
2026-03-03 05:21:56.000000000,25.420100000000005
2026-03-03 06:44:56.000000000,14.910800000000004
2026-03-03 06:26:42.000000000,8.7411
2026-03-03 06:51:48.000000000,9.77339999999999
2026-03-03 06:27:41.000000000,18.286700000000007
2026-03-03 06:09:35.000000000,45.584900000000005
2026-03-03 06:39:03.000000000,18.820599999999992
2026-03-03 06:07:34.000000000,94.54840000000002
2026-03-03 06:13:48.000000000,28.646499999999982
2026-03-03 06:27:27.000000000,108.0772
2026-03-03 06:44:35.000000000,9.077599999999999
2026-03-03 07:37:26.000000000,22.786200000000004
2026-03-03 07:06:49.000000000,13.799900000000003
2026-03-03 07:26:17.000000000,14.304499999999994
2026-03-03 07:40:50.000000000,24.490100000000012
2026-03-03 07:06:50.000000000,36.883099999999985
2026-03-03 07:12:19.000000000,10.661299999999999
2026-03-03 07:54:48.000000000,18.642399999999995
2026-03-03 07:36:20.000000000,45.65939999999997
2026-03-03 07:54:01.000000000,18.430000000000017
2026-03-03 07:35:10.000000000,8.425199999999991
2026-03-03 07:10:17.000000000,17.381200000000007
2026-03-03 07:53:56.000000000,68.7268
2026-03-03 07:35:18.000000000,11.658000000000001
2026-03-03 07:34:57.000000000,28.278299999999987
2026-03-03 07:11:47.000000000,40.18080000000001
2026-03-03 07:08:40.000000000,22.373500000000003
2026-03-03 07:46:26.000000000,12.309599999999984
2026-03-03 07:03:52.000000000,23.556300000000018
2026-03-03 07:24:44.000000000,44.450700000000005
2026-03-03 07:46:14.000000000,29.312500000000018
2026-03-03 07:38:30.000000000,11.055200000000003
2026-03-03 08:36:10.000000000,16.095099999999988
2026-03-03 08:33:55.000000000,25.2494
2026-03-03 08:32:31.000000000,7.583899999999999
2026-03-03 08:57:02.000000000,18.939200000000007
2026-03-03 08:40:14.000000000,5.8238
2026-03-03 08:40:15.000000000,33.794499999999985
2026-03-03 08:59:11.000000000,40.28640000000002
2026-03-03 08:37:57.000000000,38.48600000000001
2026-03-03 08:23:00.000000000,34.6444
2026-03-03 08:09:51.000000000,20.40000000000002
2026-03-03 08:20:38.000000000,22.373299999999986
2026-03-03 08:17:34.000000000,22.94929999999999
2026-03-03 08:50:32.000000000,12.342899999999995
2026-03-03 08:34:21.000000000,8.785799999999993
2026-03-03 08:41:25.000000000,16.1391
2026-03-03 08:20:41.000000000,12.391399999999994
2026-03-03 09:43:08.000000000,12.776100000000001
2026-03-03 09:49:38.000000000,10.606900000000001
2026-03-03 09:41:27.000000000,29.9637
2026-03-03 09:51:50.000000000,17.983000000000004
2026-03-03 09:16:55.000000000,32.728500000000004
2026-03-03 09:07:34.000000000,23.918000000000003
2026-03-03 09:23:32.000000000,11.79339999999999
2026-03-03 09:52:27.000000000,31.2332
2026-03-03 09:56:06.000000000,12.434
2026-03-03 09:54:43.000000000,21.225699999999982
2026-03-03 09:18:29.000000000,16.19899999999999
2026-03-03 09:39:35.000000000,12.092299999999998
2026-03-03 09:58:26.000000000,10.694500000000005
2026-03-03 09:23:01.000000000,20.698400000000003
2026-03-03 09:49:57.000000000,6.343899999999998
2026-03-03 09:12:29.000000000,15.9683
2026-03-03 09:25:50.000000000,17.8256
2026-03-03 09:48:08.000000000,37.27829999999999
2026-03-03 09:40:58.000000000,17.462399999999995
2026-03-03 09:39:33.000000000,17.600600000000007
2026-03-03 10:36:20.000000000,13.098000000000006
2026-03-03 10:29:41.000000000,11.3033
2026-03-03 10:49:19.000000000,31.449899999999992
2026-03-03 10:06:59.000000000,8.187099999999997
2026-03-03 10:30:42.000000000,28.708599999999993
2026-03-03 10:33:21.000000000,10.73560000000001
2026-03-03 10:26:54.000000000,7.1935
2026-03-03 10:24:33.000000000,34.37530000000001
2026-03-03 10:20:00.000000000,17.86730000000001
2026-03-03 10:19:08.000000000,10.939900000000007
2026-03-03 10:48:42.000000000,15.970900000000004
2026-03-03 10:13:07.000000000,33.26809999999998
2026-03-03 10:59:49.000000000,12.225800000000001
2026-03-03 10:35:15.000000000,26.472500000000004
2026-03-03 10:41:36.000000000,12.294000000000008
2026-03-03 10:36:00.000000000,26.477400000000003
2026-03-03 10:49:30.000000000,12.178199999999999
2026-03-03 11:22:08.000000000,38.11349999999999
2026-03-03 11:24:19.000000000,41.80680000000003
2026-03-03 11:44:36.000000000,20.377499999999994
2026-03-03 11:49:09.000000000,22.23160000000001
2026-03-03 11:31:32.000000000,15.731200000000008
2026-03-03 11:53:08.000000000,33.637
2026-03-03 11:26:18.000000000,16.804100000000016
2026-03-03 11:03:37.000000000,54.91969999999999
2026-03-03 12:15:51.000000000,8.578000000000007
2026-03-03 12:23:01.000000000,8.292999999999996
2026-03-03 12:54:20.000000000,20.29159999999998
2026-03-03 12:20:13.000000000,38.50760000000005
2026-03-03 12:17:26.000000000,7.904399999999998
2026-03-03 12:32:51.000000000,174.9336
2026-03-03 12:43:07.000000000,20.890700000000002
2026-03-03 12:58:01.000000000,30.773600000000016
2026-03-03 12:52:10.000000000,21.33549999999999
2026-03-03 12:40:20.000000000,12.755500000000008
2026-03-03 12:00:56.000000000,15.988799999999994
2026-03-03 12:39:39.000000000,8.6062
2026-03-03 12:36:47.000000000,15.5809
2026-03-03 13:53:49.000000000,44.11740000000002
2026-03-03 13:24:19.000000000,9.546899999999997
2026-03-03 13:32:44.000000000,69.4537
2026-03-03 13:50:55.000000000,8.726400000000005
2026-03-03 13:27:42.000000000,16.418699999999998
2026-03-03 13:01:38.000000000,28.603500000000007
2026-03-03 13:18:54.000000000,7.242799999999996
2026-03-03 13:33:50.000000000,45.91740000000001
2026-03-03 13:34:11.000000000,16.261699999999998
2026-03-03 13:37:22.000000000,55.86119999999999
2026-03-03 13:27:38.000000000,10.165800000000004
2026-03-03 13:50:55.000000000,37.593299999999985
2026-03-03 13:10:08.000000000,19.8144
2026-03-03 13:35:01.000000000,24.405300000000015
2026-03-03 13:04:31.000000000,28.2663
2026-03-03 13:12:55.000000000,14.663100000000007
2026-03-03 13:43:02.000000000,17.451200000000004
2026-03-03 13:23:46.000000000,7.0340000000000025
2026-03-03 14:33:35.000000000,20.425299999999996
2026-03-03 14:53:18.000000000,11.891599999999999
2026-03-03 14:34:55.000000000,9.301300000000003
2026-03-03 14:31:03.000000000,47.28709999999998
2026-03-03 14:07:42.000000000,31.45509999999998
2026-03-03 14:00:50.000000000,73.70949999999999
2026-03-03 14:00:16.000000000,8.977800000000002
2026-03-03 14:16:05.000000000,23.571900000000017
2026-03-03 14:01:40.000000000,7.922600000000002
2026-03-03 14:48:20.000000000,100.78670000000007
2026-03-03 14:03:50.000000000,15.936699999999998
2026-03-03 14:49:23.000000000,25.918300000000013
2026-03-03 14:17:02.000000000,14.375600000000004
2026-03-03 14:00:18.000000000,9.058200000000005
2026-03-03 14:53:06.000000000,28.450700000000015
2026-03-03 14:54:20.000000000,23.29990000000001
2026-03-03 14:36:28.000000000,7.3277
2026-03-03 14:45:25.000000000,11.521999999999998
2026-03-03 14:05:12.000000000,14.480599999999983
2026-03-03 15:50:40.000000000,11.721499999999997
2026-03-03 15:36:22.000000000,7.254499999999998
2026-03-03 15:57:38.000000000,9.9849
2026-03-03 15:11:57.000000000,38.9424
2026-03-03 15:32:32.000000000,14.245800000000004
2026-03-03 15:37:35.000000000,14.282699999999995
2026-03-03 15:17:11.000000000,7.894899999999999
2026-03-03 15:42:49.000000000,23.451100000000007
2026-03-03 15:52:05.000000000,7.392399999999998
2026-03-03 15:21:42.000000000,71.90699999999997
2026-03-03 15:14:02.000000000,55.759899999999995
2026-03-03 15:08:43.000000000,17.449199999999973
2026-03-03 15:25:43.000000000,11.5538
2026-03-03 15:53:06.000000000,19.150999999999996
2026-03-03 16:00:19.000000000,17.919299999999993
2026-03-03 16:23:03.000000000,14.362299999999998
2026-03-03 16:25:04.000000000,20.142000000000017
2026-03-03 16:30:43.000000000,6.391000000000004
2026-03-03 16:36:28.000000000,51.553700000000006
2026-03-03 16:09:29.000000000,39.09879999999999
2026-03-03 16:41:26.000000000,32.53750000000001
2026-03-03 16:43:16.000000000,8.832300000000007
2026-03-03 16:10:50.000000000,77.7367
2026-03-03 16:28:07.000000000,8.092199999999998
2026-03-03 16:40:51.000000000,35.17159999999999
2026-03-03 16:25:18.000000000,21.398499999999984
2026-03-03 16:25:36.000000000,22.0281
2026-03-03 16:22:16.000000000,17.091000000000005
2026-03-03 17:57:18.000000000,13.712800000000005
2026-03-03 17:57:01.000000000,50.95879999999998
2026-03-03 17:41:49.000000000,39.552900000000015
2026-03-03 17:03:31.000000000,29.991000000000003
2026-03-03 17:21:38.000000000,37.305500000000045
2026-03-03 17:16:48.000000000,22.264500000000012
2026-03-03 17:27:21.000000000,11.574499999999999
2026-03-03 17:05:11.000000000,19.206099999999978
2026-03-03 17:40:55.000000000,24.976599999999994
2026-03-03 17:31:44.000000000,52.7086
2026-03-03 17:55:15.000000000,20.527000000000008
2026-03-03 17:47:20.000000000,16.89899999999999
2026-03-03 17:41:48.000000000,23.452900000000003
2026-03-03 17:37:00.000000000,10.824100000000012
2026-03-03 17:38:55.000000000,72.43359999999998
2026-03-03 18:40:09.000000000,35.63289999999999
2026-03-03 18:16:24.000000000,36.8963
2026-03-03 18:15:07.000000000,21.115299999999994
2026-03-03 18:03:21.000000000,23.56000000000001
2026-03-03 18:43:50.000000000,19.598599999999987
2026-03-03 18:13:18.000000000,6.258200000000003
2026-03-03 18:08:11.000000000,11.476099999999997
2026-03-03 18:55:38.000000000,46.931599999999996
2026-03-03 18:13:02.000000000,10.436099999999994
2026-03-03 18:23:08.000000000,64.67959999999998
2026-03-03 18:29:10.000000000,8.950199999999993
2026-03-03 18:08:45.000000000,25.214599999999987
2026-03-03 18:19:57.000000000,12.720000000000006
2026-03-03 18:08:08.000000000,25.9432
2026-03-03 18:37:16.000000000,73.6866
2026-03-03 18:10:58.000000000,16.8378
2026-03-03 18:01:42.000000000,30.206699999999998
2026-03-03 18:14:05.000000000,14.990900000000003
2026-03-03 18:53:42.000000000,9.093600000000006
2026-03-03 19:04:16.000000000,7.333199999999998
2026-03-03 19:54:44.000000000,15.201600000000006
2026-03-03 19:53:24.000000000,25.6104
2026-03-03 19:10:35.000000000,7.895899999999999
2026-03-03 19:40:41.000000000,81.72490000000002
2026-03-03 19:49:26.000000000,41.76820000000002
2026-03-03 19:36:29.000000000,35.9229
2026-03-03 19:16:04.000000000,45.04260000000002
2026-03-03 19:33:06.000000000,14.217400000000003
2026-03-03 19:23:00.000000000,18.543300000000023
2026-03-03 19:53:24.000000000,5.714900000000003
2026-03-03 19:27:16.000000000,6.821999999999998
2026-03-03 19:42:40.000000000,43.83429999999996
2026-03-03 19:40:44.000000000,34.435499999999976
2026-03-03 19:47:49.000000000,35.14040000000001
2026-03-03 19:39:59.000000000,20.659800000000008
2026-03-03 19:44:51.000000000,11.687000000000003
2026-03-03 19:19:12.000000000,15.259599999999995
2026-03-03 19:52:54.000000000,8.965299999999996
2026-03-03 20:40:03.000000000,90.09530000000002
2026-03-03 20:28:03.000000000,22.655800000000013
2026-03-03 20:01:38.000000000,38.665699999999994
2026-03-03 20:11:43.000000000,15.925600000000005
2026-03-03 20:27:27.000000000,17.586900000000007
2026-03-03 20:03:02.000000000,21.51490000000001
2026-03-03 20:16:01.000000000,10.6514
2026-03-03 20:13:49.000000000,27.960699999999996
2026-03-03 20:30:23.000000000,14.896699999999985
2026-03-03 20:49:15.000000000,55.49990000000002
2026-03-03 20:13:39.000000000,18.776400000000013
2026-03-03 20:08:05.000000000,11.719100000000003
2026-03-03 20:13:54.000000000,17.799699999999994
2026-03-03 20:03:15.000000000,7.865999999999991
2026-03-03 20:32:00.000000000,34.08300000000003
2026-03-03 20:36:42.000000000,25.318900000000006
2026-03-03 20:17:19.000000000,69.25580000000001
2026-03-03 20:23:51.000000000,11.73970000000001
2026-03-03 21:40:29.000000000,29.57470000000001
2026-03-03 21:25:37.000000000,7.2612
2026-03-03 21:45:55.000000000,8.389999999999988
2026-03-03 21:13:00.000000000,27.284499999999994
2026-03-03 21:52:40.000000000,77.405
2026-03-03 21:36:15.000000000,8.006499999999994
2026-03-03 21:53:11.000000000,17.580699999999993
2026-03-03 21:03:42.000000000,23.1222
2026-03-03 21:23:54.000000000,13.183700000000004
2026-03-03 21:47:37.000000000,13.657900000000005
2026-03-03 21:21:13.000000000,31.73070000000001
2026-03-03 22:08:04.000000000,16.794900000000016
2026-03-03 22:22:18.000000000,23.325699999999987
2026-03-03 22:33:52.000000000,8.209099999999992
2026-03-03 22:11:53.000000000,43.79509999999999
2026-03-03 22:28:13.000000000,17.492999999999984
2026-03-03 22:59:29.000000000,26.039500000000004
2026-03-03 22:38:18.000000000,19.909499999999966
2026-03-03 22:09:16.000000000,19.845000000000024
2026-03-03 22:16:49.000000000,61.31569999999997
2026-03-03 22:28:10.000000000,5.225300000000002
2026-03-03 22:55:01.000000000,6.363599999999999
2026-03-03 22:56:41.000000000,12.535099999999993
2026-03-03 22:13:03.000000000,10.432400000000003
2026-03-03 23:52:35.000000000,44.07619999999999
2026-03-03 23:57:28.000000000,26.325499999999998
2026-03-03 23:34:09.000000000,28.949700000000004
2026-03-03 23:24:45.000000000,42.65029999999999
2026-03-03 23:14:02.000000000,16.939000000000007
2026-03-03 23:33:31.000000000,28.9635
2026-03-03 23:52:11.000000000,40.928200000000004
2026-03-03 23:21:10.000000000,25.60389999999999
2026-03-03 23:58:05.000000000,20.231800000000003
2026-03-03 23:34:01.000000000,11.09750000000001
2026-03-03 23:22:52.000000000,22.902699999999992
2026-03-03 23:27:19.000000000,34.56859999999999
2026-03-03 23:16:49.000000000,28.563100000000013
2026-03-03 23:41:38.000000000,37.63149999999999
2026-03-03 23:33:54.000000000,17.231700000000007
2026-03-04 00:27:54.000000000,20.408999999999995
2026-03-04 00:35:12.000000000,9.834800000000007
2026-03-04 00:38:57.000000000,29.282299999999996
2026-03-04 00:01:14.000000000,6.448499999999998
2026-03-04 00:06:18.000000000,13.484799999999996
2026-03-04 00:04:22.000000000,20.624099999999995
2026-03-04 00:23:10.000000000,23.355200000000004
2026-03-04 01:51:46.000000000,9.840500000000013
2026-03-04 01:19:06.000000000,12.835900000000002
2026-03-04 01:20:27.000000000,15.918100000000004
2026-03-04 01:37:41.000000000,16.217200000000002
2026-03-04 01:21:41.000000000,12.591999999999999
2026-03-04 02:39:17.000000000,17.872400000000017
2026-03-04 03:07:38.000000000,11.793199999999997
2026-03-04 03:44:27.000000000,20.5796
2026-03-04 04:23:40.000000000,72.61250000000003
2026-03-04 04:29:22.000000000,12.4037
2026-03-04 04:11:30.000000000,42.805599999999984
2026-03-04 05:12:45.000000000,15.669199999999991
2026-03-04 05:01:12.000000000,43.368500000000004
2026-03-04 05:55:00.000000000,101.36360000000005
2026-03-04 05:42:03.000000000,17.178200000000004
2026-03-04 05:57:46.000000000,15.975300000000002
2026-03-04 05:30:31.000000000,15.300299999999993
2026-03-04 05:14:22.000000000,14.540899999999981
2026-03-04 06:26:04.000000000,17.2256
2026-03-04 06:04:54.000000000,16.01819999999999
2026-03-04 06:50:11.000000000,13.632099999999989
2026-03-04 06:09:44.000000000,79.8770999999999
2026-03-04 06:32:17.000000000,7.2101
2026-03-04 06:06:55.000000000,39.64399999999996
2026-03-04 06:20:41.000000000,15.914099999999994
2026-03-04 06:28:27.000000000,6.204199999999999
2026-03-04 06:45:24.000000000,15.234600000000006
2026-03-04 06:37:17.000000000,16.0463
2026-03-04 07:18:09.000000000,10.621100000000004
2026-03-04 07:51:49.000000000,39.96999999999997
2026-03-04 07:56:22.000000000,13.595000000000013
2026-03-04 07:49:22.000000000,18.439600000000013
2026-03-04 07:48:03.000000000,34.11409999999998
2026-03-04 07:18:40.000000000,12.270300000000004
2026-03-04 07:10:21.000000000,17.31879999999999
2026-03-04 07:06:20.000000000,58.0593
2026-03-04 07:18:27.000000000,51.14529999999995
2026-03-04 07:35:27.000000000,40.141400000000004
2026-03-04 07:56:51.000000000,33.73830000000001
2026-03-04 07:21:51.000000000,16.919799999999988
2026-03-04 07:17:26.000000000,20.77650000000002
2026-03-04 07:15:47.000000000,9.27679999999999
2026-03-04 07:43:13.000000000,42.126900000000006
2026-03-04 07:42:52.000000000,22.18869999999999
2026-03-04 07:51:27.000000000,62.58290000000004
2026-03-04 07:25:45.000000000,87.60619999999997
2026-03-04 07:25:41.000000000,7.591699999999999
2026-03-04 07:45:11.000000000,29.44180000000001
2026-03-04 08:26:02.000000000,35.45299999999998
2026-03-04 08:30:27.000000000,32.87830000000001
2026-03-04 08:15:11.000000000,31.4936
2026-03-04 08:06:46.000000000,10.348200000000006
2026-03-04 08:12:32.000000000,83.98419999999993
2026-03-04 08:33:50.000000000,18.300000000000008
2026-03-04 08:40:31.000000000,8.151900000000003
2026-03-04 08:30:22.000000000,30.215099999999996
2026-03-04 08:15:00.000000000,37.43030000000001
2026-03-04 08:05:48.000000000,15.082799999999997
2026-03-04 08:14:19.000000000,43.25569999999999
2026-03-04 08:51:55.000000000,24.615699999999997
2026-03-04 08:46:54.000000000,29.723999999999982
2026-03-04 08:00:07.000000000,51.14540000000002
2026-03-04 08:50:50.000000000,10.7649
2026-03-04 08:25:04.000000000,90.01100000000004
2026-03-04 08:58:03.000000000,79.2515
2026-03-04 08:36:01.000000000,11.875599999999997
2026-03-04 08:17:31.000000000,8.603500000000002
2026-03-04 09:01:58.000000000,16.368100000000013
2026-03-04 09:13:55.000000000,24.102800000000006
2026-03-04 09:38:42.000000000,14.503499999999992
2026-03-04 09:40:10.000000000,73.25110000000001
2026-03-04 09:27:00.000000000,29.396499999999996
2026-03-04 09:30:49.000000000,19.970900000000015
2026-03-04 09:32:14.000000000,12.3049
2026-03-04 09:49:36.000000000,12.671699999999992
2026-03-04 09:11:47.000000000,79.65200000000003
2026-03-04 09:49:30.000000000,14.532799999999995
2026-03-04 09:56:14.000000000,12.914000000000003
2026-03-04 09:09:17.000000000,13.064000000000004
2026-03-04 09:58:17.000000000,24.529999999999987
2026-03-04 10:02:26.000000000,9.641499999999994
2026-03-04 10:17:25.000000000,9.905399999999993
2026-03-04 10:19:01.000000000,14.890799999999997
2026-03-04 10:16:37.000000000,10.685700000000006
2026-03-04 10:58:27.000000000,11.056399999999998
2026-03-04 10:25:56.000000000,30.816200000000002
2026-03-04 10:39:20.000000000,6.720200000000001
2026-03-04 10:16:13.000000000,11.7995
2026-03-04 10:00:59.000000000,129.7977
2026-03-04 10:36:49.000000000,25.200700000000015
2026-03-04 10:12:36.000000000,49.946200000000005
2026-03-04 10:51:22.000000000,32.287800000000004
2026-03-04 10:02:32.000000000,10.534800000000008
2026-03-04 10:37:25.000000000,32.763099999999994
2026-03-04 11:17:08.000000000,17.8552
2026-03-04 11:08:49.000000000,33.04340000000001
2026-03-04 11:57:33.000000000,20.20280000000001
2026-03-04 11:19:52.000000000,15.467799999999993
2026-03-04 11:59:20.000000000,11.773700000000003
2026-03-04 11:16:41.000000000,69.46469999999997
2026-03-04 11:59:12.000000000,22.387499999999996
2026-03-04 11:25:49.000000000,51.61559999999999
2026-03-04 11:03:00.000000000,51.384299999999996
2026-03-04 11:47:42.000000000,25.395999999999994
2026-03-04 11:48:49.000000000,9.225699999999994
2026-03-04 11:38:56.000000000,100.94279999999999
2026-03-04 12:16:51.000000000,24.552999999999997
2026-03-04 12:43:26.000000000,17.589100000000002
2026-03-04 12:15:55.000000000,51.85339999999999
2026-03-04 12:35:13.000000000,30.315400000000015
2026-03-04 12:04:41.000000000,15.692399999999989
2026-03-04 12:16:51.000000000,14.271
2026-03-04 12:57:10.000000000,44.76429999999999
2026-03-04 12:14:21.000000000,8.115599999999986
2026-03-04 12:20:33.000000000,13.178899999999999
2026-03-04 12:02:19.000000000,44.5181
2026-03-04 12:41:40.000000000,18.680999999999994
2026-03-04 12:09:44.000000000,7.451499999999999
2026-03-04 13:30:34.000000000,100.78690000000006
2026-03-04 13:52:17.000000000,26.313799999999993
2026-03-04 13:48:55.000000000,20.6288
2026-03-04 13:47:53.000000000,10.0011
2026-03-04 13:50:18.000000000,32.1002
2026-03-04 13:15:19.000000000,62.46140000000003
2026-03-04 13:12:34.000000000,37.49889999999999
2026-03-04 13:43:25.000000000,30.407599999999984
2026-03-04 13:42:41.000000000,23.62
2026-03-04 13:54:48.000000000,27.985399999999984
2026-03-04 13:28:08.000000000,33.61100000000002
2026-03-04 13:20:42.000000000,28.061300000000003
2026-03-04 14:00:03.000000000,14.496399999999978
2026-03-04 14:38:35.000000000,165.48010000000002
2026-03-04 14:48:55.000000000,31.544900000000005
2026-03-04 14:14:10.000000000,14.775999999999996
2026-03-04 14:51:09.000000000,13.489800000000004
2026-03-04 14:06:27.000000000,23.547499999999992
2026-03-04 14:07:50.000000000,20.56419999999998
2026-03-04 14:13:25.000000000,14.25229999999999
2026-03-04 14:22:12.000000000,20.221800000000005
2026-03-04 14:40:01.000000000,23.10150000000001
2026-03-04 14:45:15.000000000,18.3485
2026-03-04 14:02:24.000000000,22.38570000000002
2026-03-04 14:30:46.000000000,41.38239999999999
2026-03-04 14:45:41.000000000,7.383599999999998
2026-03-04 14:23:48.000000000,45.54060000000001
2026-03-04 14:25:07.000000000,43.89449999999999
2026-03-04 14:51:52.000000000,16.825699999999994
2026-03-04 14:39:04.000000000,17.635999999999996
2026-03-04 14:57:27.000000000,11.334000000000001
2026-03-04 14:25:58.000000000,36.255800000000015
2026-03-04 14:05:49.000000000,44.5958
2026-03-04 14:52:32.000000000,25.3056
2026-03-04 15:56:32.000000000,43.12659999999998
2026-03-04 15:06:57.000000000,104.0241
2026-03-04 15:01:59.000000000,46.86140000000003
2026-03-04 15:31:18.000000000,9.354099999999995
2026-03-04 15:30:50.000000000,14.9615
2026-03-04 15:31:32.000000000,21.258799999999994
2026-03-04 15:41:28.000000000,14.404899999999982
2026-03-04 15:06:20.000000000,7.770399999999999
2026-03-04 15:12:17.000000000,58.25310000000001
2026-03-04 15:54:34.000000000,9.88420000000001
2026-03-04 15:36:52.000000000,26.774000000000004
2026-03-04 15:09:11.000000000,18.306500000000003
2026-03-04 15:31:26.000000000,7.9684999999999935
2026-03-04 15:13:02.000000000,18.476399999999998
2026-03-04 16:39:27.000000000,20.586499999999972
2026-03-04 16:33:02.000000000,5.972899999999997
2026-03-04 16:18:17.000000000,14.308100000000001
2026-03-04 16:45:09.000000000,32.3217
2026-03-04 16:46:30.000000000,15.3072
2026-03-04 16:50:38.000000000,7.8453
2026-03-04 16:49:05.000000000,26.2865
2026-03-04 16:41:07.000000000,19.532099999999996
2026-03-04 16:43:12.000000000,37.517199999999995
2026-03-04 16:57:01.000000000,6.475799999999998
2026-03-04 16:38:41.000000000,17.799799999999994
2026-03-04 16:51:04.000000000,80.33779999999997
2026-03-04 16:59:12.000000000,13.845400000000005
2026-03-04 16:32:26.000000000,23.262499999999992
2026-03-04 16:56:06.000000000,22.627799999999997
2026-03-04 16:24:18.000000000,17.955399999999994
2026-03-04 16:43:23.000000000,45.1306
2026-03-04 16:51:01.000000000,30.3114
2026-03-04 16:56:26.000000000,72.04540000000001
2026-03-04 16:31:53.000000000,13.952500000000017
2026-03-04 16:25:08.000000000,7.0973000000000015
2026-03-04 16:07:37.000000000,86.86550000000001
2026-03-04 16:46:32.000000000,10.89
2026-03-04 16:25:37.000000000,54.294799999999995
2026-03-04 17:07:05.000000000,15.850400000000002
2026-03-04 17:33:36.000000000,8.218899999999994
2026-03-04 17:46:24.000000000,9.241700000000003
2026-03-04 17:47:25.000000000,22.6708
2026-03-04 17:06:00.000000000,36.00770000000001
2026-03-04 17:41:47.000000000,10.753800000000007
2026-03-04 17:38:13.000000000,12.410600000000002
2026-03-04 17:19:19.000000000,49.8496
2026-03-04 17:13:04.000000000,106.92660000000002
2026-03-04 17:26:27.000000000,9.505099999999999
2026-03-04 17:53:59.000000000,13.559099999999999
2026-03-04 17:09:15.000000000,11.609099999999996
2026-03-04 17:08:06.000000000,9.650699999999992
2026-03-04 17:00:47.000000000,26.817500000000006
2026-03-04 17:22:26.000000000,11.4388
2026-03-04 17:22:10.000000000,33.33270000000002
2026-03-04 17:28:43.000000000,111.40839999999993
2026-03-04 17:10:57.000000000,11.494899999999998
2026-03-04 17:48:29.000000000,33.6583
2026-03-04 18:26:04.000000000,11.429099999999995
2026-03-04 18:40:34.000000000,17.065300000000015
2026-03-04 18:32:24.000000000,12.301600000000008
2026-03-04 18:11:00.000000000,18.66109999999999
2026-03-04 18:49:25.000000000,80.5629
2026-03-04 18:10:43.000000000,13.819000000000017
2026-03-04 18:43:14.000000000,28.820399999999978
2026-03-04 18:30:04.000000000,20.58659999999999
2026-03-04 18:18:47.000000000,149.10240000000007
2026-03-04 18:40:51.000000000,28.478700000000007
2026-03-04 18:48:45.000000000,8.932199999999998
2026-03-04 18:36:51.000000000,16.989499999999996
2026-03-04 18:42:25.000000000,21.862699999999997
2026-03-04 18:46:39.000000000,30.7239
2026-03-04 18:06:16.000000000,8.9199
2026-03-04 18:07:27.000000000,13.541999999999991
2026-03-04 18:32:20.000000000,10.372100000000003
2026-03-04 18:58:13.000000000,25.572099999999992
2026-03-04 18:52:40.000000000,25.532900000000005
2026-03-04 18:55:30.000000000,15.7054
2026-03-04 18:03:37.000000000,10.840900000000003
2026-03-04 18:47:15.000000000,8.820099999999995
2026-03-04 18:39:31.000000000,27.870399999999997
2026-03-04 18:21:09.000000000,33.953199999999995
2026-03-04 18:25:44.000000000,28.849999999999977
2026-03-04 18:32:50.000000000,50.23339999999999
2026-03-04 18:23:01.000000000,75.96160000000003
2026-03-04 18:30:04.000000000,58.05
2026-03-04 19:55:50.000000000,10.6774
2026-03-04 19:06:01.000000000,9.961800000000004
2026-03-04 19:23:52.000000000,17.820299999999992
2026-03-04 19:02:40.000000000,16.7745
2026-03-04 19:16:52.000000000,30.21799999999999
2026-03-04 19:50:56.000000000,34.76469999999999
2026-03-04 19:59:15.000000000,15.181599999999992
2026-03-04 19:11:07.000000000,13.795900000000012
2026-03-04 19:29:37.000000000,22.40530000000002
2026-03-04 19:32:01.000000000,37.48199999999999
2026-03-04 19:39:56.000000000,40.16180000000001
2026-03-04 19:59:25.000000000,13.532200000000014
2026-03-04 19:16:50.000000000,41.44820000000001
2026-03-04 19:30:26.000000000,28.671499999999988
2026-03-04 19:08:00.000000000,32.68680000000002
2026-03-04 19:08:20.000000000,86.20610000000002
2026-03-04 19:49:59.000000000,7.852099999999999
2026-03-04 19:56:12.000000000,48.482899999999994
2026-03-04 19:13:01.000000000,25.374099999999977
2026-03-04 19:38:47.000000000,30.369500000000006
2026-03-04 19:48:38.000000000,137.29599999999994
2026-03-04 20:09:48.000000000,73.406
2026-03-04 20:32:34.000000000,13.343500000000006
2026-03-04 20:13:40.000000000,12.357199999999995
2026-03-04 20:45:25.000000000,26.4226
2026-03-04 20:16:06.000000000,50.845499999999994
2026-03-04 20:42:33.000000000,42.68020000000001
2026-03-04 20:39:11.000000000,13.797999999999996
2026-03-04 20:27:38.000000000,8.82869999999999
2026-03-04 20:00:50.000000000,14.906699999999987
2026-03-04 20:39:06.000000000,7.3926
2026-03-04 20:01:38.000000000,22.3906
2026-03-04 20:04:14.000000000,32.927500000000016
2026-03-04 20:48:10.000000000,94.10109999999999
2026-03-04 20:12:01.000000000,10.873299999999999
2026-03-04 20:20:35.000000000,44.370999999999995
2026-03-04 20:42:09.000000000,25.525700000000008
2026-03-04 21:06:54.000000000,14.71840000000001
2026-03-04 21:51:45.000000000,102.94079999999997
2026-03-04 21:31:21.000000000,39.74989999999998
2026-03-04 21:02:57.000000000,18.793300000000016
2026-03-04 21:13:24.000000000,7.358099999999999
2026-03-04 21:39:23.000000000,7.6586999999999925
2026-03-04 21:08:29.000000000,50.30109999999999
2026-03-04 21:38:23.000000000,36.764000000000024
2026-03-04 21:32:46.000000000,22.911999999999992
2026-03-04 21:09:46.000000000,20.470399999999977
2026-03-04 21:18:43.000000000,32.72979999999998
2026-03-04 21:14:31.000000000,8.787600000000001
2026-03-04 21:00:23.000000000,68.45720000000003
2026-03-04 21:17:44.000000000,9.133699999999997
2026-03-04 21:55:46.000000000,18.174500000000005
2026-03-04 22:34:44.000000000,19.607599999999998
2026-03-04 22:42:11.000000000,9.814500000000002
2026-03-04 22:43:16.000000000,13.573700000000013
2026-03-04 22:16:10.000000000,9.462200000000001
2026-03-04 22:22:55.000000000,17.46079999999999
2026-03-04 22:59:14.000000000,18.4551
2026-03-04 22:10:10.000000000,37.6773
2026-03-04 22:07:24.000000000,214.95480000000006
2026-03-04 23:01:31.000000000,19.944600000000012
2026-03-04 23:42:33.000000000,28.305900000000005
2026-03-04 23:04:09.000000000,34.940400000000004
2026-03-04 23:44:00.000000000,7.9731999999999905
2026-03-04 23:03:03.000000000,111.51589999999995
2026-03-04 23:30:40.000000000,21.5138
2026-03-04 23:11:26.000000000,7.475000000000001
2026-03-04 23:13:17.000000000,37.2559
2026-03-04 23:48:48.000000000,40.62090000000001
2026-03-05 00:45:12.000000000,8.023299999999994
2026-03-05 00:06:19.000000000,21.267200000000006
2026-03-05 00:57:24.000000000,14.73760000000001
2026-03-05 00:31:48.000000000,8.407599999999993
2026-03-05 01:02:26.000000000,10.539600000000013
2026-03-05 01:45:18.000000000,18.6227
2026-03-05 01:16:42.000000000,9.209900000000005
2026-03-05 01:17:29.000000000,47.447599999999966
2026-03-05 01:50:10.000000000,19.394800000000032
2026-03-05 01:51:22.000000000,10.524
2026-03-05 02:53:14.000000000,16.054199999999994
2026-03-05 03:13:11.000000000,14.491099999999996
2026-03-05 04:39:09.000000000,14.284500000000014
2026-03-05 04:24:58.000000000,26.241699999999994
2026-03-05 04:27:18.000000000,13.4127
2026-03-05 04:26:30.000000000,20.45359999999998
2026-03-05 05:32:42.000000000,19.374999999999996
2026-03-05 05:15:35.000000000,92.35500000000002
2026-03-05 05:32:15.000000000,9.5498
2026-03-05 05:28:00.000000000,17.367699999999996
2026-03-05 05:08:54.000000000,8.293199999999993
2026-03-05 06:30:21.000000000,42.40310000000003
2026-03-05 06:26:24.000000000,23.684999999999995
2026-03-05 06:00:25.000000000,27.610900000000004
2026-03-05 06:31:27.000000000,9.753200000000001
2026-03-05 06:17:18.000000000,42.881499999999996
2026-03-05 06:55:49.000000000,13.625000000000009
2026-03-05 06:47:37.000000000,105.81740000000003
2026-03-05 06:28:28.000000000,15.51500000000001
2026-03-05 06:59:39.000000000,11.522000000000006
2026-03-05 07:03:21.000000000,41.21100000000002
2026-03-05 07:52:29.000000000,45.0757
2026-03-05 07:29:01.000000000,32.7473
2026-03-05 07:22:40.000000000,45.87959999999998
2026-03-05 07:41:20.000000000,39.305299999999995
2026-03-05 07:14:04.000000000,153.05170000000015
2026-03-05 07:21:12.000000000,21.773600000000002
2026-03-05 07:56:26.000000000,19.620999999999995
2026-03-05 07:04:42.000000000,20.065500000000014
2026-03-05 07:01:14.000000000,26.91950000000002
2026-03-05 07:53:47.000000000,28.345999999999986
2026-03-05 07:42:33.000000000,11.765200000000004
2026-03-05 07:04:43.000000000,18.8433
2026-03-05 07:00:14.000000000,11.832899999999993
2026-03-05 07:38:40.000000000,20.114199999999997
2026-03-05 08:33:57.000000000,7.775499999999998
2026-03-05 08:57:13.000000000,19.837099999999975
2026-03-05 08:31:11.000000000,46.3031
2026-03-05 08:50:32.000000000,26.238799999999998
2026-03-05 08:11:59.000000000,36.84819999999999
2026-03-05 08:10:06.000000000,20.5821
2026-03-05 08:10:47.000000000,13.4761
2026-03-05 08:14:30.000000000,47.05549999999998
2026-03-05 08:48:21.000000000,31.095399999999994
2026-03-05 08:26:18.000000000,12.381799999999984
2026-03-05 08:31:21.000000000,53.578099999999985
2026-03-05 08:34:34.000000000,52.79230000000004
2026-03-05 08:04:33.000000000,76.54449999999991
2026-03-05 08:35:46.000000000,10.310300000000002
2026-03-05 08:43:27.000000000,14.9727
2026-03-05 08:51:53.000000000,11.274500000000016
2026-03-05 08:49:29.000000000,22.593600000000016
2026-03-05 08:45:09.000000000,49.88769999999999
2026-03-05 08:01:57.000000000,27.793099999999995
2026-03-05 08:50:51.000000000,11.690499999999993
2026-03-05 08:49:29.000000000,111.66050000000004
2026-03-05 08:33:01.000000000,8.096199999999993
2026-03-05 08:06:55.000000000,9.134900000000007
2026-03-05 08:19:54.000000000,15.930499999999993
2026-03-05 08:05:57.000000000,21.6598
2026-03-05 08:10:46.000000000,23.844800000000014
2026-03-05 08:27:53.000000000,15.848200000000011
2026-03-05 09:06:04.000000000,62.25630000000002
2026-03-05 09:00:56.000000000,97.1361
2026-03-05 09:20:19.000000000,12.1811
2026-03-05 09:03:16.000000000,12.008600000000001
2026-03-05 09:22:08.000000000,16.662599999999994
2026-03-05 09:51:04.000000000,41.957399999999986
2026-03-05 09:08:55.000000000,11.682400000000005
2026-03-05 09:31:23.000000000,14.813300000000003
2026-03-05 09:58:39.000000000,14.916599999999985
2026-03-05 09:51:31.000000000,16.73200000000002
2026-03-05 09:35:48.000000000,15.30040000000001
2026-03-05 09:53:05.000000000,16.094299999999986
2026-03-05 09:50:59.000000000,22.164399999999986
2026-03-05 09:06:24.000000000,33.02780000000003
2026-03-05 09:52:02.000000000,46.00919999999999
2026-03-05 09:37:20.000000000,66.64179999999998
2026-03-05 09:51:45.000000000,18.0819
2026-03-05 09:57:17.000000000,19.70630000000002
2026-03-05 09:24:20.000000000,101.19570000000007
2026-03-05 09:39:16.000000000,8.817999999999994
2026-03-05 09:58:09.000000000,69.03059999999999
2026-03-05 09:04:40.000000000,21.593199999999992
2026-03-05 10:25:28.000000000,17.743100000000016
2026-03-05 10:11:13.000000000,16.371700000000004
2026-03-05 10:26:03.000000000,35.758899999999976
2026-03-05 10:24:40.000000000,8.725000000000003
2026-03-05 10:47:53.000000000,11.574199999999998
2026-03-05 10:22:54.000000000,17.087699999999995
2026-03-05 10:13:58.000000000,28.635600000000014
2026-03-05 10:12:37.000000000,74.39850000000004
2026-03-05 10:43:00.000000000,80.07719999999999
2026-03-05 10:42:21.000000000,144.67649999999983
2026-03-05 10:21:27.000000000,12.413499999999994
2026-03-05 10:51:37.000000000,91.32629999999997
2026-03-05 10:52:19.000000000,19.81479999999999
2026-03-05 10:13:17.000000000,22.421499999999984
2026-03-05 10:44:13.000000000,37.60500000000001
2026-03-05 10:20:28.000000000,22.51000000000001
2026-03-05 10:05:21.000000000,12.648599999999997
2026-03-05 10:09:47.000000000,16.964599999999994
2026-03-05 10:37:22.000000000,23.319399999999987
2026-03-05 10:03:59.000000000,32.01640000000002
2026-03-05 10:02:08.000000000,34.17920000000001
2026-03-05 10:00:28.000000000,12.501399999999997
2026-03-05 10:32:47.000000000,22.4236
2026-03-05 10:34:20.000000000,12.324900000000003
2026-03-05 10:03:28.000000000,29.126999999999985
2026-03-05 10:48:15.000000000,90.32520000000002
2026-03-05 10:22:46.000000000,9.003100000000003
2026-03-05 11:43:19.000000000,16.097099999999998
2026-03-05 11:13:31.000000000,15.4188
2026-03-05 11:12:05.000000000,14.919100000000016
2026-03-05 11:30:24.000000000,27.6906
2026-03-05 11:06:38.000000000,15.6961
2026-03-05 11:03:01.000000000,35.6772
2026-03-05 11:26:29.000000000,21.313399999999987
2026-03-05 11:39:48.000000000,29.013700000000004
2026-03-05 11:55:07.000000000,48.22749999999999
2026-03-05 11:32:02.000000000,18.787699999999994
2026-03-05 11:43:43.000000000,18.672500000000003
2026-03-05 11:25:19.000000000,23.6777
2026-03-05 11:45:44.000000000,20.528399999999973
2026-03-05 11:34:14.000000000,30.73929999999999
2026-03-05 11:24:37.000000000,9.206899999999994
2026-03-05 11:43:41.000000000,9.548100000000002
2026-03-05 11:42:22.000000000,12.838500000000003
2026-03-05 12:27:59.000000000,13.633000000000003
2026-03-05 12:31:03.000000000,7.1884999999999994
2026-03-05 12:38:36.000000000,106.03199999999998
2026-03-05 12:39:19.000000000,15.655200000000002
2026-03-05 12:38:03.000000000,14.992999999999995
2026-03-05 12:11:26.000000000,9.0627
2026-03-05 12:00:41.000000000,100.8962
2026-03-05 12:13:20.000000000,17.132900000000003
2026-03-05 12:07:58.000000000,10.582299999999998
2026-03-05 12:30:40.000000000,16.3905
2026-03-05 12:11:46.000000000,9.5064
2026-03-05 12:32:04.000000000,24.955800000000004
2026-03-05 12:55:04.000000000,22.75120000000002
2026-03-05 12:18:36.000000000,66.08709999999998
2026-03-05 12:49:32.000000000,78.12840000000001
2026-03-05 12:12:14.000000000,48.067500000000024
2026-03-05 12:43:28.000000000,9.9273
2026-03-05 12:44:53.000000000,13.270400000000004
2026-03-05 13:54:16.000000000,28.936700000000002
2026-03-05 13:29:09.000000000,35.83070000000001
2026-03-05 13:38:10.000000000,16.585900000000002
2026-03-05 13:59:03.000000000,32.520700000000005
2026-03-05 13:53:36.000000000,7.351899999999996
2026-03-05 13:21:50.000000000,16.576500000000006
2026-03-05 13:36:43.000000000,23.9974
2026-03-05 13:16:28.000000000,10.893099999999995
2026-03-05 13:48:38.000000000,8.137099999999997
2026-03-05 13:48:14.000000000,42.27199999999999
2026-03-05 13:55:49.000000000,87.88919999999995
2026-03-05 13:13:22.000000000,13.375199999999998
2026-03-05 13:09:11.000000000,11.807600000000003
2026-03-05 13:01:53.000000000,10.776699999999996
2026-03-05 13:17:38.000000000,26.070300000000003
2026-03-05 14:36:49.000000000,15.732500000000002
2026-03-05 14:45:54.000000000,157.36939999999993
2026-03-05 14:57:29.000000000,20.137799999999984
2026-03-05 14:34:03.000000000,87.03890000000001
2026-03-05 14:57:02.000000000,12.550699999999999
2026-03-05 14:12:12.000000000,51.468199999999996
2026-03-05 14:08:29.000000000,8.376099999999997
2026-03-05 14:05:56.000000000,13.648200000000005
2026-03-05 14:03:40.000000000,46.544699999999985
2026-03-05 14:16:02.000000000,58.651400000000024
2026-03-05 15:58:36.000000000,114.54019999999998
2026-03-05 15:07:57.000000000,20.586199999999998
2026-03-05 15:12:08.000000000,35.574299999999994
2026-03-05 15:29:39.000000000,12.725599999999995
2026-03-05 15:56:16.000000000,11.711900000000005
2026-03-05 15:38:41.000000000,38.643600000000006
2026-03-05 15:22:24.000000000,68.06350000000002
2026-03-05 15:11:43.000000000,62.219400000000036
2026-03-05 15:58:04.000000000,10.021199999999999
2026-03-05 15:10:24.000000000,25.587799999999994
2026-03-05 15:00:41.000000000,16.044799999999988
2026-03-05 15:49:52.000000000,29.2035
2026-03-05 15:26:51.000000000,16.960000000000008
2026-03-05 15:57:09.000000000,17.084399999999988
2026-03-05 15:11:19.000000000,24.995599999999985
2026-03-05 15:57:25.000000000,28.43069999999999
2026-03-05 15:49:39.000000000,12.541300000000003
2026-03-05 15:42:09.000000000,13.125399999999992
2026-03-05 15:00:19.000000000,13.854300000000016
2026-03-05 15:28:30.000000000,34.8785
2026-03-05 15:18:52.000000000,103.65600000000003
2026-03-05 15:44:03.000000000,37.31729999999999
2026-03-05 15:12:49.000000000,29.993600000000004
2026-03-05 15:06:13.000000000,38.47840000000001
2026-03-05 15:45:51.000000000,21.0565
2026-03-05 15:24:16.000000000,11.004800000000003
2026-03-05 15:21:07.000000000,36.51899999999999
2026-03-05 16:15:26.000000000,11.736100000000006
2026-03-05 16:46:29.000000000,7.1424999999999965
2026-03-05 16:43:25.000000000,10.174100000000003
2026-03-05 16:35:20.000000000,49.88670000000001
2026-03-05 16:21:27.000000000,23.365799999999993
2026-03-05 16:55:01.000000000,56.20469999999998
2026-03-05 16:56:18.000000000,25.618500000000008
2026-03-05 16:51:54.000000000,28.134900000000002
2026-03-05 16:51:15.000000000,13.603499999999988
2026-03-05 16:21:13.000000000,62.799400000000034
2026-03-05 16:52:03.000000000,22.262999999999984
2026-03-05 16:51:56.000000000,36.4893
2026-03-05 16:07:28.000000000,15.860100000000012
2026-03-05 16:10:13.000000000,11.527800000000004
2026-03-05 16:04:37.000000000,29.0669
2026-03-05 16:27:59.000000000,23.125199999999996
2026-03-05 16:50:52.000000000,12.1346
2026-03-05 16:36:35.000000000,13.84340000000001
2026-03-05 16:34:25.000000000,44.86660000000002
2026-03-05 17:09:33.000000000,14.331900000000003
2026-03-05 17:49:24.000000000,23.2344
2026-03-05 17:04:48.000000000,12.211200000000003
2026-03-05 17:54:11.000000000,61.43010000000002
2026-03-05 17:50:00.000000000,31.343699999999995
2026-03-05 17:54:41.000000000,6.309499999999998
2026-03-05 17:48:43.000000000,7.880700000000004
2026-03-05 17:26:09.000000000,28.17289999999998
2026-03-05 17:45:25.000000000,13.655000000000015
2026-03-05 17:39:30.000000000,19.046899999999972
2026-03-05 17:13:21.000000000,59.10809999999998
2026-03-05 17:45:53.000000000,49.813099999999984
2026-03-05 17:44:40.000000000,25.711800000000007
2026-03-05 17:35:09.000000000,20.721199999999982
2026-03-05 17:55:35.000000000,15.157199999999984
2026-03-05 17:30:06.000000000,8.906300000000002
2026-03-05 17:21:24.000000000,23.416399999999996
2026-03-05 18:13:57.000000000,8.8615
2026-03-05 18:51:06.000000000,11.525800000000004
2026-03-05 18:15:12.000000000,43.02009999999998
2026-03-05 18:03:04.000000000,110.8804999999999
2026-03-05 18:34:44.000000000,12.667599999999995
2026-03-05 18:31:05.000000000,23.047699999999995
2026-03-05 18:30:18.000000000,28.432900000000018
2026-03-05 18:18:10.000000000,32.385400000000004
2026-03-05 18:59:25.000000000,28.332499999999985
2026-03-05 18:28:52.000000000,28.82289999999999
2026-03-05 18:45:30.000000000,42.76509999999999
2026-03-05 18:25:43.000000000,24.860799999999998
2026-03-05 18:51:13.000000000,15.064199999999978
2026-03-05 18:14:01.000000000,55.431
2026-03-05 18:00:55.000000000,52.21599999999998
2026-03-05 18:45:03.000000000,17.650900000000018
2026-03-05 18:58:24.000000000,22.13239999999999
2026-03-05 18:58:32.000000000,31.707699999999996
2026-03-05 19:36:25.000000000,87.96069999999997
2026-03-05 19:34:28.000000000,15.270299999999997
2026-03-05 19:05:45.000000000,8.17879999999999
2026-03-05 19:42:07.000000000,28.117199999999993
2026-03-05 19:04:51.000000000,20.137399999999992
2026-03-05 19:37:01.000000000,12.033299999999997
2026-03-05 19:41:07.000000000,51.511500000000034
2026-03-05 19:15:23.000000000,16.246300000000023
2026-03-05 19:46:43.000000000,18.098100000000006
2026-03-05 19:12:56.000000000,19.23779999999998
2026-03-05 19:09:52.000000000,24.660400000000003
2026-03-05 19:18:37.000000000,43.50459999999999
2026-03-05 19:29:05.000000000,56.50710000000001
2026-03-05 19:29:31.000000000,15.273900000000005
2026-03-05 19:34:54.000000000,6.050100000000003
2026-03-05 19:46:50.000000000,32.11559999999998
2026-03-05 20:46:10.000000000,22.331499999999995
2026-03-05 20:32:19.000000000,16.608400000000003
2026-03-05 20:53:05.000000000,12.400399999999989
2026-03-05 20:02:38.000000000,7.1034000000000015
2026-03-05 20:34:41.000000000,27.99529999999999
2026-03-05 20:25:25.000000000,75.3788
2026-03-05 20:24:23.000000000,24.14380000000001
2026-03-05 20:59:16.000000000,14.8045
2026-03-05 20:10:28.000000000,8.04659999999999
2026-03-05 20:09:52.000000000,216.6553000000001
2026-03-05 20:39:33.000000000,20.187699999999992
2026-03-05 20:19:34.000000000,36.68930000000002
2026-03-05 20:14:02.000000000,35.521000000000015
2026-03-05 20:34:10.000000000,38.262900000000016
2026-03-05 20:22:48.000000000,22.105900000000034
2026-03-05 20:48:39.000000000,9.451799999999999
2026-03-05 20:14:53.000000000,22.334600000000027
2026-03-05 20:10:36.000000000,40.35310000000001
2026-03-05 20:19:00.000000000,11.906599999999985
2026-03-05 20:16:44.000000000,78.2696
2026-03-05 20:29:10.000000000,59.73590000000001
2026-03-05 20:27:31.000000000,22.3301
2026-03-05 20:02:42.000000000,11.048700000000002
2026-03-05 20:52:23.000000000,39.111799999999995
2026-03-05 21:18:15.000000000,31.5473
2026-03-05 21:26:25.000000000,137.5078
2026-03-05 21:30:14.000000000,6.002500000000001
2026-03-05 21:33:11.000000000,26.2821
2026-03-05 21:23:42.000000000,203.42109999999994
2026-03-05 21:18:05.000000000,35.17830000000003
2026-03-05 21:10:52.000000000,175.13519999999994
2026-03-05 21:27:46.000000000,88.75199999999995
2026-03-05 21:25:31.000000000,9.621600000000006
2026-03-05 21:30:52.000000000,5.079100000000001
2026-03-05 21:16:42.000000000,14.1274
2026-03-05 21:47:36.000000000,6.303899999999993
2026-03-05 21:41:18.000000000,12.69460000000001
2026-03-05 21:57:11.000000000,25.907000000000004
2026-03-05 21:56:05.000000000,15.932899999999993
2026-03-05 21:43:54.000000000,117.34479999999999
2026-03-05 21:28:28.000000000,14.27419999999999
2026-03-05 21:10:27.000000000,16.679299999999984
2026-03-05 21:55:25.000000000,37.398199999999996
2026-03-05 21:26:49.000000000,9.771000000000006
2026-03-05 22:18:31.000000000,45.13150000000002
2026-03-05 22:06:57.000000000,19.65940000000001
2026-03-05 22:39:06.000000000,16.009299999999993
2026-03-05 22:33:13.000000000,16.069999999999997
2026-03-05 22:15:46.000000000,7.9989
2026-03-05 22:46:03.000000000,29.379200000000004
2026-03-05 22:18:33.000000000,21.38499999999999
2026-03-05 22:02:41.000000000,25.774899999999988
2026-03-05 22:30:30.000000000,27.014400000000006
2026-03-05 22:23:20.000000000,9.793400000000002
2026-03-05 22:31:41.000000000,11.537900000000006
2026-03-05 22:01:35.000000000,51.2887
2026-03-05 22:56:32.000000000,21.465199999999985
2026-03-05 22:22:26.000000000,9.707699999999994
2026-03-05 22:23:02.000000000,7.026299999999997
2026-03-05 22:18:56.000000000,25.018600000000003
2026-03-05 22:01:50.000000000,12.685899999999998
2026-03-05 22:52:57.000000000,12.878099999999982
2026-03-05 22:23:46.000000000,65.83929999999998
2026-03-05 22:06:26.000000000,54.95630000000002
2026-03-05 22:13:13.000000000,42.68200000000001
2026-03-05 22:24:23.000000000,13.630499999999998
2026-03-05 22:45:09.000000000,24.6459
2026-03-05 22:10:28.000000000,7.85729999999999
2026-03-05 22:26:52.000000000,58.493199999999995
2026-03-05 22:49:21.000000000,21.691199999999984
2026-03-05 22:35:07.000000000,16.7485
2026-03-05 23:38:25.000000000,14.8949
2026-03-05 23:04:32.000000000,14.287000000000003
2026-03-05 23:23:37.000000000,21.707600000000017
2026-03-05 23:59:29.000000000,18.630299999999995
2026-03-05 23:33:18.000000000,47.954999999999984
2026-03-05 23:27:24.000000000,12.720699999999992
2026-03-05 23:57:34.000000000,11.680800000000003
2026-03-05 23:37:44.000000000,14.031400000000005
2026-03-05 23:00:25.000000000,10.540799999999999
2026-03-05 23:55:20.000000000,35.54429999999998
2026-03-05 23:18:27.000000000,18.039399999999986
2026-03-05 23:48:46.000000000,13.294100000000013
2026-03-05 23:09:27.000000000,18.605700000000002
2026-03-05 23:54:35.000000000,17.428000000000008
2026-03-05 23:39:44.000000000,25.135099999999998
2026-03-05 23:09:58.000000000,89.88580000000003
2026-03-05 23:35:42.000000000,32.1452
2026-03-05 23:26:52.000000000,18.873199999999986
2026-03-05 23:31:08.000000000,15.28220000000001
2026-03-05 23:17:17.000000000,18.72369999999999
2026-03-05 23:51:39.000000000,10.909200000000004
2026-03-05 23:51:16.000000000,22.208900000000018
2026-03-05 23:29:10.000000000,36.9889
2026-03-05 23:01:22.000000000,45.225000000000016
2026-03-05 23:41:22.000000000,23.358300000000003
2026-03-05 23:43:35.000000000,18.862099999999998
2026-03-05 23:34:35.000000000,7.2743000000000055
2026-03-05 23:32:26.000000000,52.984500000000025
2026-03-05 23:22:25.000000000,9.528099999999997
2026-03-05 23:45:20.000000000,8.099600000000002
2026-03-05 23:18:59.000000000,11.087400000000002
2026-03-06 00:42:52.000000000,29.95690000000002
2026-03-06 00:15:40.000000000,9.817
2026-03-06 00:04:20.000000000,28.76609999999998
2026-03-06 00:35:19.000000000,25.725599999999996
2026-03-06 00:21:13.000000000,12.829299999999998
2026-03-06 00:45:13.000000000,24.06530000000001
2026-03-06 00:30:00.000000000,37.560800000000015
2026-03-06 01:50:46.000000000,7.185299999999996
2026-03-06 01:21:28.000000000,23.408199999999994
2026-03-06 01:24:38.000000000,10.236799999999997
2026-03-06 01:30:45.000000000,22.094100000000005
2026-03-06 01:06:14.000000000,7.779300000000005
2026-03-06 01:45:07.000000000,8.445600000000002
2026-03-06 01:00:27.000000000,11.6798
2026-03-06 01:02:21.000000000,50.40569999999999
2026-03-06 02:20:24.000000000,22.4573
2026-03-06 02:37:16.000000000,13.867899999999999
2026-03-06 02:11:23.000000000,13.6534
2026-03-06 03:25:05.000000000,29.2942
2026-03-06 03:36:21.000000000,55.6533
2026-03-06 03:11:22.000000000,9.239899999999997
2026-03-06 03:45:32.000000000,9.472399999999999
2026-03-06 03:13:54.000000000,13.0576
2026-03-06 04:11:01.000000000,9.335599999999998
2026-03-06 04:57:35.000000000,32.36279999999999
2026-03-06 04:16:42.000000000,53.96409999999997
2026-03-06 05:04:50.000000000,67.56849999999993
2026-03-06 05:43:13.000000000,50.861399999999996
2026-03-06 05:50:56.000000000,8.131699999999993
2026-03-06 05:07:37.000000000,48.6646
2026-03-06 05:37:50.000000000,132.80180000000001
2026-03-06 05:25:41.000000000,9.0535
2026-03-06 05:32:03.000000000,65.43700000000001
2026-03-06 05:27:47.000000000,20.272499999999983
2026-03-06 05:53:48.000000000,15.636300000000004
2026-03-06 05:26:14.000000000,8.016799999999995
2026-03-06 05:55:33.000000000,10.7973
2026-03-06 06:19:18.000000000,16.737500000000008
2026-03-06 06:28:07.000000000,12.518499999999992
2026-03-06 06:04:24.000000000,16.768999999999984
2026-03-06 06:56:59.000000000,8.771300000000009
2026-03-06 06:25:56.000000000,8.282
2026-03-06 06:59:08.000000000,25.851600000000005
2026-03-06 06:27:54.000000000,44.09960000000003
2026-03-06 06:25:24.000000000,17.7949
2026-03-06 06:55:43.000000000,57.06139999999999
2026-03-06 06:07:09.000000000,29.0988
2026-03-06 06:23:40.000000000,41.584399999999995
2026-03-06 06:38:48.000000000,67.9061
2026-03-06 06:08:41.000000000,46.360200000000006
2026-03-06 06:01:32.000000000,24.874199999999988
2026-03-06 07:26:12.000000000,34.10309999999999
2026-03-06 07:48:42.000000000,6.540900000000001
2026-03-06 07:33:41.000000000,20.621799999999993
2026-03-06 07:05:28.000000000,142.35139999999984
2026-03-06 07:54:16.000000000,39.44599999999998
2026-03-06 07:42:56.000000000,10.475700000000012
2026-03-06 07:54:38.000000000,30.170399999999972
2026-03-06 07:07:15.000000000,18.5062
2026-03-06 07:03:55.000000000,13.2526
2026-03-06 07:48:43.000000000,6.033800000000001
2026-03-06 07:35:42.000000000,41.533500000000025
2026-03-06 07:56:49.000000000,99.44029999999997
2026-03-06 08:06:29.000000000,6.480999999999998
2026-03-06 08:29:20.000000000,22.841999999999995
2026-03-06 08:45:54.000000000,27.379599999999993
2026-03-06 08:17:05.000000000,11.294500000000003
2026-03-06 08:18:04.000000000,17.63790000000001
2026-03-06 08:31:24.000000000,8.537100000000002
2026-03-06 08:32:14.000000000,10.54810000000001
2026-03-06 08:22:18.000000000,24.686599999999984
2026-03-06 08:26:43.000000000,23.6827
2026-03-06 08:17:16.000000000,5.980000000000003
2026-03-06 08:12:50.000000000,9.564199999999992
2026-03-06 08:41:05.000000000,143.69249999999994
2026-03-06 08:07:07.000000000,16.938599999999997
2026-03-06 08:23:45.000000000,15.564799999999996
2026-03-06 08:24:46.000000000,25.992900000000013
2026-03-06 08:21:58.000000000,15.634000000000004
2026-03-06 08:05:47.000000000,8.97419999999999
2026-03-06 08:19:35.000000000,39.757000000000005
2026-03-06 09:04:21.000000000,11.910600000000018
2026-03-06 09:47:02.000000000,55.427899999999966
2026-03-06 09:21:04.000000000,9.382299999999997
2026-03-06 09:48:28.000000000,22.806099999999997
2026-03-06 09:21:50.000000000,29.122100000000003
2026-03-06 09:36:40.000000000,26.164699999999996
2026-03-06 09:34:15.000000000,16.296799999999987
2026-03-06 09:29:04.000000000,47.2099
2026-03-06 09:08:31.000000000,57.11199999999998
2026-03-06 09:31:03.000000000,51.6113
2026-03-06 09:16:24.000000000,24.48120000000001
2026-03-06 09:47:27.000000000,119.31690000000002
2026-03-06 09:36:18.000000000,17.78889999999999
2026-03-06 09:15:14.000000000,10.632000000000005
2026-03-06 09:27:58.000000000,21.937599999999993
2026-03-06 09:24:45.000000000,7.663399999999993
2026-03-06 09:28:23.000000000,8.237400000000001
2026-03-06 09:12:42.000000000,13.275800000000011
2026-03-06 09:18:47.000000000,35.7355
2026-03-06 09:09:12.000000000,6.449200000000001
2026-03-06 09:17:14.000000000,20.553899999999988
2026-03-06 09:15:27.000000000,20.42819999999999
2026-03-06 10:51:57.000000000,37.801700000000004
2026-03-06 10:33:27.000000000,32.7798
2026-03-06 10:10:21.000000000,37.67219999999996
2026-03-06 10:19:30.000000000,16.577199999999994
2026-03-06 10:52:13.000000000,40.8825
2026-03-06 10:05:24.000000000,56.6746
2026-03-06 10:19:23.000000000,35.78469999999998
2026-03-06 10:26:45.000000000,35.28319999999998
2026-03-06 10:50:52.000000000,16.952499999999993
2026-03-06 10:59:33.000000000,36.1784
2026-03-06 10:55:15.000000000,34.57480000000001
2026-03-06 10:23:51.000000000,16.03249999999999
2026-03-06 10:29:06.000000000,32.48209999999998
2026-03-06 10:24:38.000000000,20.3659
2026-03-06 10:41:30.000000000,12.431500000000012
2026-03-06 10:41:49.000000000,32.6385
2026-03-06 10:21:52.000000000,9.324700000000005
2026-03-06 11:43:25.000000000,8.3581
2026-03-06 11:45:32.000000000,8.889800000000005
2026-03-06 11:05:57.000000000,13.593899999999994
2026-03-06 11:40:25.000000000,13.669100000000006
2026-03-06 11:33:55.000000000,11.553900000000006
2026-03-06 11:06:05.000000000,10.0203
2026-03-06 11:21:48.000000000,11.684400000000005
2026-03-06 11:29:05.000000000,18.420499999999993
2026-03-06 11:34:48.000000000,15.011300000000011
2026-03-06 11:55:32.000000000,30.360799999999994
2026-03-06 11:11:11.000000000,12.837499999999988
2026-03-06 11:23:21.000000000,82.7426
2026-03-06 11:51:58.000000000,71.10809999999998
2026-03-06 11:37:19.000000000,21.0358
2026-03-06 11:38:24.000000000,22.1145
2026-03-06 11:35:11.000000000,19.725599999999996
2026-03-06 11:04:00.000000000,37.329299999999996
2026-03-06 12:18:58.000000000,8.518399999999993
2026-03-06 12:58:48.000000000,43.2757
2026-03-06 12:26:22.000000000,13.507700000000005
2026-03-06 12:01:10.000000000,18.144700000000018
2026-03-06 12:15:53.000000000,41.93489999999999
2026-03-06 12:36:19.000000000,12.756899999999998
2026-03-06 12:36:31.000000000,16.14549999999999
2026-03-06 13:02:35.000000000,33.720299999999995
2026-03-06 13:35:09.000000000,9.916600000000006
2026-03-06 13:17:38.000000000,22.328300000000013
2026-03-06 13:56:01.000000000,50.61699999999999
2026-03-06 13:41:20.000000000,28.173899999999993
2026-03-06 13:02:32.000000000,10.201599999999994
2026-03-06 13:41:54.000000000,64.12529999999998
2026-03-06 13:45:13.000000000,9.730500000000008
2026-03-06 13:41:26.000000000,16.737600000000004
2026-03-06 14:16:55.000000000,25.159499999999984
2026-03-06 14:48:37.000000000,217.67350000000002
2026-03-06 14:57:12.000000000,17.50880000000001
2026-03-06 14:48:29.000000000,28.123399999999982
2026-03-06 14:07:39.000000000,27.930100000000017
2026-03-06 14:46:55.000000000,9.444600000000003
2026-03-06 14:04:26.000000000,10.584700000000003
2026-03-06 14:31:27.000000000,32.626000000000005
2026-03-06 14:23:40.000000000,20.43890000000001
2026-03-06 14:25:05.000000000,19.609400000000004
2026-03-06 14:46:06.000000000,14.385599999999986
2026-03-06 14:50:51.000000000,28.541999999999984
2026-03-06 14:01:52.000000000,37.229
2026-03-06 14:22:01.000000000,15.951900000000006
2026-03-06 14:19:40.000000000,8.8229
2026-03-06 14:56:25.000000000,10.077300000000001
2026-03-06 14:12:36.000000000,9.878600000000004
2026-03-06 14:11:22.000000000,8.075499999999995
2026-03-06 15:57:33.000000000,58.68940000000001
2026-03-06 15:07:23.000000000,44.117999999999995
2026-03-06 15:50:52.000000000,20.203099999999996
2026-03-06 15:29:15.000000000,13.790200000000011
2026-03-06 15:47:04.000000000,5.760800000000002
2026-03-06 15:04:32.000000000,55.70489999999996
2026-03-06 15:10:50.000000000,10.230100000000004
2026-03-06 15:44:28.000000000,79.04709999999996
2026-03-06 15:33:39.000000000,60.961799999999975
2026-03-06 15:54:24.000000000,167.64009999999996
2026-03-06 15:05:33.000000000,13.16720000000001
2026-03-06 15:58:24.000000000,16.092399999999994
2026-03-06 15:15:17.000000000,33.01999999999999
2026-03-06 15:58:01.000000000,9.046800000000001
2026-03-06 15:38:04.000000000,13.466900000000008
2026-03-06 15:56:39.000000000,50.907700000000006
2026-03-06 15:35:00.000000000,16.39449999999999
2026-03-06 16:16:58.000000000,7.765900000000001
2026-03-06 16:04:26.000000000,42.96230000000001
2026-03-06 16:35:46.000000000,128.33
2026-03-06 16:03:54.000000000,36.76719999999999
2026-03-06 16:11:42.000000000,12.907699999999988
2026-03-06 16:51:22.000000000,12.551699999999999
2026-03-06 16:12:20.000000000,66.69029999999997
2026-03-06 16:02:14.000000000,9.104900000000004
2026-03-06 16:10:23.000000000,20.454300000000014
2026-03-06 16:28:20.000000000,7.9895000000000005
2026-03-06 16:06:24.000000000,9.800200000000004
2026-03-06 16:27:21.000000000,10.049800000000003
2026-03-06 16:48:34.000000000,20.996199999999998
2026-03-06 16:36:06.000000000,13.077699999999995
2026-03-06 16:22:23.000000000,36.9328
2026-03-06 16:22:55.000000000,12.07159999999999
2026-03-06 16:14:11.000000000,14.03240000000001
2026-03-06 16:56:47.000000000,51.45129999999998
2026-03-06 17:27:11.000000000,120.52159999999999
2026-03-06 17:05:25.000000000,46.06339999999997
2026-03-06 17:59:44.000000000,28.37420000000001
2026-03-06 17:39:42.000000000,20.49169999999999
2026-03-06 17:26:08.000000000,11.541100000000004
2026-03-06 17:23:47.000000000,67.72250000000003
2026-03-06 17:38:53.000000000,13.796600000000002
2026-03-06 17:06:22.000000000,8.901400000000011
2026-03-06 17:16:24.000000000,17.710400000000003
2026-03-06 17:30:52.000000000,22.231200000000022
2026-03-06 17:02:03.000000000,20.9697
2026-03-06 17:15:04.000000000,11.436700000000004
2026-03-06 17:47:54.000000000,7.085800000000003
2026-03-06 17:57:00.000000000,14.384699999999986
2026-03-06 17:37:37.000000000,12.918099999999987
2026-03-06 17:15:40.000000000,10.325000000000003
2026-03-06 17:37:20.000000000,33.217100000000016
2026-03-06 17:13:03.000000000,27.78580000000001
2026-03-06 17:54:27.000000000,9.3228
2026-03-06 17:34:30.000000000,18.7795
2026-03-06 17:29:52.000000000,7.409699999999998
2026-03-06 17:45:28.000000000,18.56039999999999
2026-03-06 17:06:24.000000000,15.125900000000016
2026-03-06 17:16:24.000000000,31.718199999999992
2026-03-06 18:20:05.000000000,26.191799999999997
2026-03-06 18:08:08.000000000,13.47270000000001
2026-03-06 18:33:45.000000000,22.0858
2026-03-06 18:39:34.000000000,23.99869999999999
2026-03-06 18:53:50.000000000,38.30430000000002
2026-03-06 18:37:24.000000000,34.396999999999984
2026-03-06 18:38:55.000000000,28.59949999999999
2026-03-06 18:50:51.000000000,21.799400000000002
2026-03-06 18:40:41.000000000,9.776100000000005
2026-03-06 18:34:17.000000000,12.036900000000003
2026-03-06 18:45:56.000000000,31.414099999999994
2026-03-06 18:59:45.000000000,21.993399999999987
2026-03-06 18:19:32.000000000,35.42320000000001
2026-03-06 18:59:54.000000000,11.892799999999998
2026-03-06 18:11:24.000000000,156.74770000000007
2026-03-06 18:52:10.000000000,159.92450000000005
2026-03-06 18:14:45.000000000,15.685999999999993
2026-03-06 18:16:03.000000000,41.94379999999998
2026-03-06 18:38:52.000000000,30.46120000000001
2026-03-06 18:42:51.000000000,18.908299999999993
2026-03-06 18:01:42.000000000,14.697999999999993
2026-03-06 18:33:46.000000000,42.89129999999998
2026-03-06 18:42:14.000000000,11.059599999999998
2026-03-06 18:38:21.000000000,11.679799999999998
2026-03-06 18:36:52.000000000,15.048700000000006
2026-03-06 18:31:55.000000000,16.482100000000017
2026-03-06 19:18:26.000000000,14.062100000000003
2026-03-06 19:23:19.000000000,32.88659999999999
2026-03-06 19:50:10.000000000,18.157700000000023
2026-03-06 19:00:21.000000000,7.919900000000001
2026-03-06 19:15:25.000000000,12.066999999999997
2026-03-06 19:54:45.000000000,38.82829999999999
2026-03-06 19:57:20.000000000,22.364300000000004
2026-03-06 19:16:45.000000000,14.148999999999992
2026-03-06 19:49:48.000000000,33.619299999999996
2026-03-06 19:39:38.000000000,47.377400000000016
2026-03-06 19:05:35.000000000,59.741000000000014
2026-03-06 19:35:13.000000000,19.794999999999995
2026-03-06 19:10:34.000000000,28.11979999999999
2026-03-06 19:16:41.000000000,83.49530000000003
2026-03-06 19:08:31.000000000,11.727000000000002
2026-03-06 19:03:27.000000000,30.96669999999999
2026-03-06 19:09:10.000000000,9.7325
2026-03-06 19:41:34.000000000,17.182299999999998
2026-03-06 19:13:42.000000000,17.637700000000002
2026-03-06 20:26:42.000000000,9.916500000000003
2026-03-06 20:36:17.000000000,21.613199999999996
2026-03-06 20:55:30.000000000,8.000299999999996
2026-03-06 20:45:01.000000000,21.121099999999988
2026-03-06 20:59:51.000000000,22.81240000000001
2026-03-06 20:18:41.000000000,20.448800000000002
2026-03-06 20:55:06.000000000,13.486799999999999
2026-03-06 20:18:57.000000000,20.316399999999994
2026-03-06 20:33:52.000000000,29.02110000000002
2026-03-06 20:03:07.000000000,19.138200000000005
2026-03-06 20:00:17.000000000,43.80729999999998
2026-03-06 20:18:57.000000000,14.717899999999997
2026-03-06 20:21:36.000000000,22.692100000000003
2026-03-06 20:26:24.000000000,13.858599999999997
2026-03-06 20:26:58.000000000,11.257200000000012
2026-03-06 20:31:37.000000000,28.223499999999998
2026-03-06 20:03:27.000000000,15.10420000000001
2026-03-06 20:06:50.000000000,27.744399999999988
2026-03-06 20:59:12.000000000,37.71920000000001
2026-03-06 20:00:19.000000000,13.80699999999999
2026-03-06 20:04:28.000000000,26.629999999999995
2026-03-06 20:18:06.000000000,21.54119999999999
2026-03-06 20:04:19.000000000,13.378799999999998
2026-03-06 20:10:55.000000000,21.010200000000008
2026-03-06 21:15:18.000000000,16.07429999999999
2026-03-06 21:17:28.000000000,20.518699999999995
2026-03-06 21:22:43.000000000,14.494299999999994
2026-03-06 21:01:30.000000000,32.562400000000004
2026-03-06 21:37:42.000000000,19.765900000000002
2026-03-06 21:48:36.000000000,20.386299999999963
2026-03-06 21:56:02.000000000,10.549000000000005
2026-03-06 21:21:43.000000000,11.816400000000014
2026-03-06 21:39:35.000000000,22.185800000000008
2026-03-06 21:20:26.000000000,26.387700000000017
2026-03-06 21:06:02.000000000,8.898699999999996
2026-03-06 21:44:21.000000000,17.45560000000002
2026-03-06 21:22:54.000000000,42.491499999999995
2026-03-06 21:40:27.000000000,37.19030000000001
2026-03-06 21:57:35.000000000,14.044800000000004
2026-03-06 21:11:07.000000000,11.921300000000006
2026-03-06 21:35:56.000000000,10.205999999999998
2026-03-06 21:13:45.000000000,20.78930000000001
2026-03-06 21:38:51.000000000,31.1769
2026-03-06 21:19:16.000000000,5.651600000000002
2026-03-06 21:49:48.000000000,40.60310000000001
2026-03-06 21:24:07.000000000,40.7079
2026-03-06 22:49:44.000000000,37.85310000000001
2026-03-06 22:53:19.000000000,16.197500000000012
2026-03-06 22:22:21.000000000,19.773300000000017
2026-03-06 22:10:53.000000000,70.61209999999997
2026-03-06 22:16:46.000000000,22.443
2026-03-06 22:50:36.000000000,16.880399999999998
2026-03-06 22:28:02.000000000,24.56799999999998
2026-03-06 22:32:01.000000000,74.30489999999998
2026-03-06 22:29:50.000000000,50.84170000000002
2026-03-06 22:06:19.000000000,16.83939999999999
2026-03-06 22:35:03.000000000,16.95779999999999
2026-03-06 22:29:33.000000000,26.482600000000012
2026-03-06 22:50:10.000000000,18.348099999999995
2026-03-06 22:53:44.000000000,58.054199999999966
2026-03-06 22:25:16.000000000,14.374100000000004
2026-03-06 22:40:34.000000000,14.043900000000022
2026-03-06 22:43:02.000000000,10.4942
2026-03-06 22:46:09.000000000,24.45999999999999
2026-03-06 22:28:27.000000000,12.486999999999991
2026-03-06 22:13:24.000000000,23.6684
2026-03-06 22:10:34.000000000,20.341799999999992
2026-03-06 22:23:13.000000000,12.140800000000004
2026-03-06 22:49:31.000000000,23.931600000000007
2026-03-06 22:18:53.000000000,37.65259999999999
2026-03-06 23:28:07.000000000,13.441399999999994
2026-03-06 23:53:48.000000000,6.416300000000003
2026-03-06 23:58:43.000000000,14.525500000000006
2026-03-06 23:49:46.000000000,12.709299999999995
2026-03-06 23:15:36.000000000,59.66170000000004
2026-03-06 23:21:54.000000000,11.649000000000006
2026-03-06 23:13:33.000000000,15.449600000000006
2026-03-06 23:14:02.000000000,23.46670000000001
2026-03-06 23:07:45.000000000,7.342900000000001
2026-03-06 23:52:30.000000000,9.090800000000009
2026-03-06 23:39:21.000000000,46.13210000000003
2026-03-06 23:11:35.000000000,243.1715
2026-03-06 23:57:47.000000000,22.022800000000004
2026-03-06 23:17:08.000000000,49.46340000000001
2026-03-06 23:53:58.000000000,11.486200000000004
2026-03-06 23:32:04.000000000,17.307300000000005
2026-03-06 23:04:42.000000000,96.73240000000004
2026-03-07 00:09:46.000000000,33.65809999999998
2026-03-07 00:50:06.000000000,24.21730000000001
2026-03-07 00:13:39.000000000,21.0031
2026-03-07 00:36:14.000000000,12.618099999999993
2026-03-07 00:29:28.000000000,8.836600000000002
2026-03-07 00:54:29.000000000,38.08239999999998
2026-03-07 00:14:23.000000000,24.541500000000013
2026-03-07 00:40:16.000000000,9.296700000000008
2026-03-07 00:47:34.000000000,20.841199999999994
2026-03-07 00:47:25.000000000,10.72250000000001
2026-03-07 00:57:23.000000000,12.319599999999994
2026-03-07 00:44:07.000000000,60.55239999999995
2026-03-07 00:09:18.000000000,20.9471
2026-03-07 00:17:05.000000000,23.0583
2026-03-07 00:55:26.000000000,34.587999999999994
2026-03-07 00:46:54.000000000,29.83110000000001
2026-03-07 00:34:50.000000000,31.651199999999996
2026-03-07 00:44:05.000000000,8.809100000000003
2026-03-07 00:37:51.000000000,16.7003
2026-03-07 00:54:53.000000000,10.711000000000004
2026-03-07 00:04:34.000000000,29.5092
2026-03-07 00:19:48.000000000,14.16689999999999
2026-03-07 00:00:08.000000000,21.64909999999999
2026-03-07 01:48:32.000000000,8.880600000000001
2026-03-07 01:02:39.000000000,31.67810000000002
2026-03-07 01:38:23.000000000,8.1866
2026-03-07 01:54:39.000000000,16.417999999999978
2026-03-07 01:05:01.000000000,11.445
2026-03-07 01:46:49.000000000,11.968399999999997
2026-03-07 01:59:53.000000000,9.724700000000002
2026-03-07 01:40:34.000000000,19.559400000000004
2026-03-07 01:11:08.000000000,11.6825
2026-03-07 01:03:08.000000000,10.659000000000008
2026-03-07 01:43:33.000000000,58.841200000000015
2026-03-07 01:29:13.000000000,29.266399999999994
2026-03-07 01:10:39.000000000,18.573299999999996
2026-03-07 01:13:14.000000000,9.810200000000004
2026-03-07 02:56:07.000000000,19.824200000000022
2026-03-07 02:18:04.000000000,21.17699999999999
2026-03-07 02:47:39.000000000,45.326399999999985
2026-03-07 02:17:02.000000000,34.586499999999994
2026-03-07 02:59:22.000000000,15.658300000000006
2026-03-07 02:50:15.000000000,49.6158
2026-03-07 02:46:10.000000000,25.300000000000008
2026-03-07 02:08:15.000000000,13.556600000000001
2026-03-07 02:36:00.000000000,42.15890000000001
2026-03-07 02:53:45.000000000,25.57270000000002
2026-03-07 02:26:56.000000000,19.350399999999976
2026-03-07 02:43:32.000000000,15.5767
2026-03-07 02:32:19.000000000,39.1953
2026-03-07 02:47:58.000000000,104.8997
2026-03-07 02:03:18.000000000,14.382799999999985
2026-03-07 02:26:47.000000000,35.4874
2026-03-07 03:41:18.000000000,9.775400000000001
2026-03-07 03:08:34.000000000,42.93499999999999
2026-03-07 03:43:35.000000000,5.680200000000002
2026-03-07 03:43:46.000000000,29.919700000000006
2026-03-07 03:30:37.000000000,18.845399999999994
2026-03-07 03:27:51.000000000,30.245500000000007
2026-03-07 03:26:06.000000000,20.272800000000014
2026-03-07 03:17:04.000000000,23.966299999999997
2026-03-07 03:20:19.000000000,14.289500000000002
2026-03-07 03:00:19.000000000,25.00540000000002
2026-03-07 04:40:41.000000000,27.364800000000013
2026-03-07 04:21:18.000000000,18.451899999999995
2026-03-07 04:42:54.000000000,13.461100000000018
2026-03-07 04:25:26.000000000,27.497200000000003
2026-03-07 04:30:43.000000000,15.003000000000002
2026-03-07 05:48:09.000000000,63.70299999999998
2026-03-07 05:53:17.000000000,32.5227
2026-03-07 05:34:39.000000000,55.889799999999994
2026-03-07 05:41:08.000000000,34.5223
2026-03-07 05:44:35.000000000,16.2947
2026-03-07 05:01:40.000000000,122.06040000000004
2026-03-07 06:19:02.000000000,11.897900000000007
2026-03-07 06:25:53.000000000,34.592399999999984
2026-03-07 06:58:40.000000000,21.671899999999997
2026-03-07 06:49:33.000000000,8.896699999999992
2026-03-07 06:36:44.000000000,16.323400000000003
2026-03-07 06:25:51.000000000,53.89380000000001
2026-03-07 06:05:42.000000000,17.83460000000001
2026-03-07 07:24:18.000000000,9.018599999999998
2026-03-07 07:37:16.000000000,9.84890000000001
2026-03-07 07:09:19.000000000,8.804900000000005
2026-03-07 07:41:24.000000000,9.1729
2026-03-07 07:20:23.000000000,17.3437
2026-03-07 07:04:57.000000000,27.926
2026-03-07 07:02:24.000000000,18.19899999999999
2026-03-07 07:52:47.000000000,7.878200000000003
2026-03-07 08:48:44.000000000,20.564699999999988
2026-03-07 08:12:04.000000000,61.923900000000025
2026-03-07 08:32:40.000000000,19.59660000000001
2026-03-07 08:32:11.000000000,15.11439999999998
2026-03-07 08:07:18.000000000,7.082099999999997
2026-03-07 08:28:16.000000000,31.50869999999999
2026-03-07 08:41:43.000000000,8.757600000000004
2026-03-07 08:50:06.000000000,14.401099999999996
2026-03-07 09:57:57.000000000,45.849399999999974
2026-03-07 09:15:59.000000000,11.633699999999997
2026-03-07 09:31:22.000000000,8.480699999999992
2026-03-07 09:38:35.000000000,54.49849999999998
2026-03-07 09:03:00.000000000,38.55460000000002
2026-03-07 09:32:22.000000000,26.767799999999998
2026-03-07 09:50:18.000000000,15.851900000000011
2026-03-07 09:58:13.000000000,9.056800000000008
2026-03-07 09:08:49.000000000,9.018400000000002
2026-03-07 09:37:13.000000000,30.557199999999998
2026-03-07 09:25:04.000000000,8.468799999999995
2026-03-07 09:39:12.000000000,27.90539999999999
2026-03-07 09:21:31.000000000,12.157400000000006
2026-03-07 10:32:54.000000000,13.841999999999993
2026-03-07 10:38:09.000000000,12.628000000000002
2026-03-07 10:33:11.000000000,9.164999999999997
2026-03-07 10:04:59.000000000,23.751099999999983
2026-03-07 10:40:01.000000000,12.824200000000005
2026-03-07 10:13:18.000000000,15.903299999999996
2026-03-07 10:01:19.000000000,23.800399999999986
2026-03-07 10:25:45.000000000,6.887299999999994
2026-03-07 10:44:05.000000000,15.134700000000002
2026-03-07 10:08:27.000000000,11.886200000000004
2026-03-07 10:55:31.000000000,26.619000000000014
2026-03-07 11:45:58.000000000,49.201399999999964
2026-03-07 11:09:53.000000000,16.601000000000013
2026-03-07 11:39:12.000000000,35.89109999999997
2026-03-07 11:06:20.000000000,8.005599999999996
2026-03-07 11:24:15.000000000,20.89050000000001
2026-03-07 11:15:29.000000000,35.67359999999999
2026-03-07 11:09:47.000000000,17.164099999999983
2026-03-07 11:50:15.000000000,31.1604
2026-03-07 11:21:51.000000000,20.314999999999973
2026-03-07 11:32:51.000000000,14.151700000000003
2026-03-07 11:05:57.000000000,14.589599999999997
2026-03-07 11:52:23.000000000,8.183499999999988
2026-03-07 11:26:48.000000000,11.010300000000003
2026-03-07 11:25:01.000000000,15.537799999999999
2026-03-07 12:47:05.000000000,33.565900000000006
2026-03-07 12:27:26.000000000,18.16659999999998
2026-03-07 12:55:17.000000000,46.08269999999999
2026-03-07 12:55:50.000000000,12.17270000000001
2026-03-07 12:19:26.000000000,22.369600000000002
2026-03-07 12:44:47.000000000,17.678599999999996
2026-03-07 12:36:40.000000000,55.39589999999999
2026-03-07 12:10:02.000000000,49.509699999999995
2026-03-07 12:12:41.000000000,23.238200000000003
2026-03-07 12:03:28.000000000,42.025699999999986
2026-03-07 12:24:16.000000000,42.8458
2026-03-07 12:29:50.000000000,14.987599999999981
2026-03-07 12:24:55.000000000,24.0413
2026-03-07 12:36:33.000000000,24.6344
2026-03-07 12:06:04.000000000,14.190799999999994
2026-03-07 12:14:40.000000000,44.92660000000001
2026-03-07 12:59:01.000000000,9.662600000000003
2026-03-07 12:43:57.000000000,59.6768
2026-03-07 12:51:16.000000000,45.05389999999999
2026-03-07 12:25:44.000000000,7.956200000000004
2026-03-07 12:01:12.000000000,9.147299999999987
2026-03-07 12:01:37.000000000,13.110400000000006
2026-03-07 13:30:31.000000000,103.75150000000009
2026-03-07 13:05:28.000000000,18.241899999999998
2026-03-07 13:40:33.000000000,46.844400000000036
2026-03-07 13:49:01.000000000,26.197199999999995
2026-03-07 13:00:59.000000000,26.755300000000016
2026-03-07 13:46:30.000000000,11.471900000000003
2026-03-07 13:18:58.000000000,12.78030000000001
2026-03-07 13:05:09.000000000,21.2165
2026-03-07 13:07:16.000000000,14.462200000000001
2026-03-07 13:40:32.000000000,68.41919999999996
2026-03-07 13:23:35.000000000,26.182299999999994
2026-03-07 13:51:24.000000000,11.158400000000002
2026-03-07 13:11:34.000000000,24.052199999999985
2026-03-07 13:23:14.000000000,33.60769999999997
2026-03-07 13:57:42.000000000,10.157000000000004
2026-03-07 13:13:33.000000000,29.651499999999995
2026-03-07 14:09:42.000000000,11.352400000000005
2026-03-07 14:06:43.000000000,21.58
2026-03-07 14:16:41.000000000,12.010899999999998
2026-03-07 14:40:56.000000000,9.777600000000005
2026-03-07 14:24:54.000000000,30.891700000000014
2026-03-07 14:35:23.000000000,18.200000000000006
2026-03-07 14:23:27.000000000,10.440800000000007
2026-03-07 14:42:40.000000000,31.324599999999986
2026-03-07 14:09:53.000000000,26.653999999999996
2026-03-07 14:23:06.000000000,14.434799999999994
2026-03-07 14:16:29.000000000,15.520100000000012
2026-03-07 14:35:33.000000000,22.46300000000002
2026-03-07 14:44:44.000000000,15.974499999999995
2026-03-07 14:28:41.000000000,29.824900000000007
2026-03-07 14:28:37.000000000,22.257200000000008
2026-03-07 14:45:36.000000000,16.4842
2026-03-07 14:19:07.000000000,8.627600000000003
2026-03-07 14:50:10.000000000,35.68389999999999
2026-03-07 14:51:53.000000000,7.894900000000002
2026-03-07 14:04:17.000000000,22.8497
2026-03-07 14:00:24.000000000,8.113799999999994
2026-03-07 14:18:34.000000000,6.441200000000001
2026-03-07 15:17:31.000000000,21.79170000000002
2026-03-07 15:15:53.000000000,10.704100000000007
2026-03-07 15:52:38.000000000,14.630900000000008
2026-03-07 15:39:28.000000000,13.916000000000007
2026-03-07 15:30:56.000000000,17.5388
2026-03-07 15:58:23.000000000,18.683599999999995
2026-03-07 15:47:25.000000000,36.69920000000001
2026-03-07 15:36:06.000000000,7.884300000000003
2026-03-07 16:40:00.000000000,33.54639999999999
2026-03-07 16:31:17.000000000,44.71500000000001
2026-03-07 16:22:09.000000000,27.47420000000001
2026-03-07 16:27:50.000000000,17.304099999999984
2026-03-07 16:45:43.000000000,17.420999999999996
2026-03-07 16:17:39.000000000,20.419999999999973
2026-03-07 16:26:24.000000000,7.352699999999999
2026-03-07 16:01:40.000000000,13.891199999999992
2026-03-07 16:54:51.000000000,8.026399999999994
2026-03-07 16:28:26.000000000,14.5123
2026-03-07 16:15:57.000000000,20.546499999999995
2026-03-07 16:24:36.000000000,16.965499999999995
2026-03-07 16:55:09.000000000,38.122799999999984
2026-03-07 16:59:50.000000000,8.892800000000001
2026-03-07 16:31:59.000000000,44.03679999999999
2026-03-07 16:55:59.000000000,9.917499999999997
2026-03-07 16:56:51.000000000,10.844100000000001
2026-03-07 16:43:59.000000000,23.925399999999996
2026-03-07 17:16:01.000000000,7.911200000000003
2026-03-07 17:40:49.000000000,7.9740999999999955
2026-03-07 17:40:06.000000000,49.83829999999998
2026-03-07 17:09:36.000000000,38.4725
2026-03-07 17:13:01.000000000,6.271700000000003
2026-03-07 17:18:18.000000000,22.269900000000025
2026-03-07 17:00:04.000000000,14.362000000000007
2026-03-07 17:06:16.000000000,28.416299999999996
2026-03-07 17:37:34.000000000,25.496
2026-03-07 17:43:05.000000000,8.045899999999989
2026-03-07 17:08:20.000000000,17.581999999999994
2026-03-07 17:45:26.000000000,21.259500000000006
2026-03-07 17:11:59.000000000,21.072700000000005
2026-03-07 17:30:09.000000000,46.02690000000001
2026-03-07 17:50:33.000000000,21.556500000000014
2026-03-07 17:49:09.000000000,22.327
2026-03-07 17:18:18.000000000,12.784999999999995
2026-03-07 17:48:33.000000000,20.260399999999994
2026-03-07 17:02:02.000000000,18.134899999999995
2026-03-07 17:57:44.000000000,31.543000000000017
2026-03-07 17:58:32.000000000,55.880900000000025
2026-03-07 17:59:33.000000000,7.555499999999998
2026-03-07 17:08:50.000000000,54.84859999999999
2026-03-07 18:27:55.000000000,34.7408
2026-03-07 18:40:41.000000000,11.694899999999997
2026-03-07 18:12:04.000000000,17.871500000000005
2026-03-07 18:13:55.000000000,19.402699999999978
2026-03-07 18:43:28.000000000,9.709199999999997
2026-03-07 18:39:52.000000000,105.50409999999998
2026-03-07 18:45:34.000000000,40.09490000000001
2026-03-07 18:20:13.000000000,9.460799999999999
2026-03-07 18:45:12.000000000,9.751100000000001
2026-03-07 18:32:52.000000000,58.63409999999999
2026-03-07 18:24:32.000000000,16.55239999999999
2026-03-07 18:23:55.000000000,103.28910000000003
2026-03-07 18:16:40.000000000,38.022100000000016
2026-03-07 18:00:37.000000000,47.71810000000001
2026-03-07 18:36:04.000000000,19.732
2026-03-07 18:27:46.000000000,9.763799999999996
2026-03-07 18:45:58.000000000,22.913500000000013
2026-03-07 18:44:26.000000000,19.59750000000001
2026-03-07 18:42:27.000000000,37.64330000000001
2026-03-07 18:18:19.000000000,10.092299999999998
2026-03-07 18:00:42.000000000,26.1329
2026-03-07 18:17:04.000000000,28.846000000000007
2026-03-07 19:20:36.000000000,40.605
2026-03-07 19:34:15.000000000,33.24849999999999
2026-03-07 19:23:57.000000000,7.811100000000002
2026-03-07 19:55:30.000000000,15.558200000000014
2026-03-07 19:22:32.000000000,12.762699999999986
2026-03-07 19:50:17.000000000,34.696799999999996
2026-03-07 19:00:35.000000000,49.29109999999998
2026-03-07 19:10:06.000000000,6.2022
2026-03-07 19:09:56.000000000,40.9082
2026-03-07 19:42:17.000000000,31.643600000000003
2026-03-07 19:47:37.000000000,14.470599999999996
2026-03-07 19:09:32.000000000,10.2144
2026-03-07 19:44:53.000000000,9.609000000000007
2026-03-07 19:51:04.000000000,32.291000000000004
2026-03-07 19:46:32.000000000,52.40299999999999
2026-03-07 19:03:12.000000000,24.964700000000004
2026-03-07 20:56:03.000000000,56.48759999999995
2026-03-07 20:05:16.000000000,13.41530000000001
2026-03-07 20:35:17.000000000,21.229299999999995
2026-03-07 20:06:08.000000000,29.01659999999999
2026-03-07 20:03:18.000000000,19.14700000000002
2026-03-07 20:44:15.000000000,14.449399999999992
2026-03-07 20:41:53.000000000,35.38399999999998
2026-03-07 20:53:24.000000000,14.496800000000007
2026-03-07 20:23:33.000000000,16.068200000000004
2026-03-07 20:02:10.000000000,16.251199999999987
2026-03-07 20:47:50.000000000,11.936100000000001
2026-03-07 20:24:17.000000000,20.657799999999988
2026-03-07 20:17:55.000000000,42.525699999999986
2026-03-07 20:48:42.000000000,32.147800000000004
2026-03-07 20:19:06.000000000,14.243699999999999
2026-03-07 20:52:05.000000000,14.018500000000001
2026-03-07 21:54:35.000000000,14.073100000000005
2026-03-07 21:41:07.000000000,58.73480000000002
2026-03-07 21:21:24.000000000,40.895499999999984
2026-03-07 21:25:12.000000000,25.40249999999999
2026-03-07 21:18:34.000000000,33.09080000000001
2026-03-07 21:03:12.000000000,11.827900000000007
2026-03-07 21:43:42.000000000,44.256399999999964
2026-03-07 21:10:42.000000000,12.943799999999992
2026-03-07 21:56:52.000000000,25.070199999999996
2026-03-07 21:13:41.000000000,28.4386
2026-03-07 21:18:54.000000000,6.030200000000003
2026-03-07 21:15:57.000000000,20.460199999999972
2026-03-07 21:22:45.000000000,10.351199999999992
2026-03-07 21:19:17.000000000,27.59530000000002
2026-03-07 21:51:38.000000000,8.533400000000004
2026-03-07 21:58:54.000000000,13.469600000000003
2026-03-07 21:30:26.000000000,19.91040000000001
2026-03-07 21:37:19.000000000,27.8143
2026-03-07 21:03:47.000000000,25.810300000000012
2026-03-07 21:15:21.000000000,29.063999999999993
2026-03-07 21:40:46.000000000,28.334500000000002
2026-03-07 22:56:32.000000000,17.692899999999995
2026-03-07 22:36:14.000000000,27.48209999999999
2026-03-07 22:43:21.000000000,29.2238
2026-03-07 22:56:04.000000000,17.1806
2026-03-07 22:01:05.000000000,30.797700000000017
2026-03-07 22:27:54.000000000,31.616999999999976
2026-03-07 22:31:40.000000000,11.706499999999995
2026-03-07 22:57:07.000000000,10.425400000000014
2026-03-07 22:32:44.000000000,11.831700000000007
2026-03-07 22:16:12.000000000,8.006200000000005
2026-03-07 22:37:52.000000000,7.482299999999997
2026-03-07 22:57:02.000000000,16.612899999999996
2026-03-07 22:45:54.000000000,25.290500000000016
2026-03-07 22:13:51.000000000,26.153900000000004
2026-03-07 22:52:40.000000000,10.882700000000005
2026-03-07 22:20:05.000000000,20.648699999999998
2026-03-07 22:28:39.000000000,11.648199999999997
2026-03-07 22:32:10.000000000,47.388499999999986
2026-03-07 22:23:46.000000000,10.296999999999995
2026-03-07 22:56:04.000000000,24.54579999999999
2026-03-07 22:57:10.000000000,14.406400000000001
2026-03-07 22:13:08.000000000,16.900399999999994
2026-03-07 23:20:45.000000000,11.098200000000002
2026-03-07 23:54:27.000000000,10.543199999999999
2026-03-07 23:36:38.000000000,20.029099999999975
2026-03-07 23:10:09.000000000,18.66030000000001
2026-03-07 23:34:26.000000000,18.484800000000003
2026-03-07 23:09:29.000000000,10.261500000000003
2026-03-07 23:00:46.000000000,51.918899999999965
2026-03-07 23:56:07.000000000,13.531200000000005
2026-03-07 23:58:20.000000000,8.416499999999997
2026-03-07 23:14:45.000000000,54.273
2026-03-07 23:10:38.000000000,10.558100000000001
2026-03-07 23:58:19.000000000,26.536700000000007
2026-03-07 23:43:52.000000000,18.360600000000023
2026-03-07 23:17:22.000000000,10.101899999999997
2026-03-07 23:02:55.000000000,10.554599999999994
2026-03-07 23:33:07.000000000,20.058300000000003
2026-03-07 23:28:25.000000000,53.22039999999997
2026-03-07 23:37:42.000000000,21.810899999999993
2026-03-07 23:13:41.000000000,30.269800000000018
2026-03-07 23:55:53.000000000,26.025199999999995
2026-03-07 23:10:49.000000000,15.3254
2026-03-07 23:48:20.000000000,43.92440000000002
2026-03-07 23:05:28.000000000,7.399699999999999
2026-03-08 00:05:49.000000000,34.655300000000004
2026-03-08 00:53:51.000000000,16.358299999999982
2026-03-08 00:06:02.000000000,27.737700000000007
2026-03-08 00:06:10.000000000,14.968700000000004
2026-03-08 00:30:41.000000000,27.730500000000003
2026-03-08 00:17:29.000000000,13.103600000000002
2026-03-08 00:27:59.000000000,25.978999999999996
2026-03-08 00:06:56.000000000,17.0822
2026-03-08 00:32:29.000000000,22.979199999999995
2026-03-08 00:09:45.000000000,14.776200000000006
2026-03-08 00:46:05.000000000,13.973899999999983
2026-03-08 00:45:17.000000000,8.597299999999995
2026-03-08 00:44:19.000000000,8.792300000000004
2026-03-08 00:20:02.000000000,85.36659999999996
2026-03-08 00:51:15.000000000,8.246700000000006
2026-03-08 00:42:43.000000000,46.27379999999997
2026-03-08 00:41:51.000000000,33.14580000000001
2026-03-08 00:46:56.000000000,20.7298
2026-03-08 00:30:39.000000000,20.80670000000002
2026-03-08 00:38:55.000000000,29.956500000000002
2026-03-08 00:56:03.000000000,83.85520000000001
2026-03-08 00:23:17.000000000,21.465999999999994
2026-03-08 01:39:14.000000000,13.50520000000001
2026-03-08 01:51:33.000000000,23.0346
2026-03-08 01:11:19.000000000,48.1735
2026-03-08 01:11:05.000000000,9.978900000000007
2026-03-08 01:21:11.000000000,17.1028
2026-03-08 01:22:54.000000000,22.297199999999997
2026-03-08 01:29:37.000000000,33.0949
2026-03-08 01:13:16.000000000,55.32989999999998
2026-03-08 03:08:35.000000000,13.464500000000003
2026-03-08 03:47:33.000000000,15.4759
2026-03-08 03:17:46.000000000,44.405699999999996
2026-03-08 03:06:34.000000000,60.511900000000026
2026-03-08 03:06:28.000000000,16.044299999999993
2026-03-08 03:33:22.000000000,23.468200000000014
2026-03-08 03:52:25.000000000,15.72809999999999
2026-03-08 03:19:26.000000000,20.654099999999982
2026-03-08 03:08:08.000000000,59.08709999999997
2026-03-08 03:11:30.000000000,23.82179999999999
2026-03-08 03:05:23.000000000,47.6198
2026-03-08 03:41:19.000000000,42.93820000000001
2026-03-08 03:46:20.000000000,12.0725
2026-03-08 03:09:26.000000000,88.38019999999999
2026-03-08 03:52:12.000000000,26.09490000000001
2026-03-08 03:33:22.000000000,67.27269999999996
2026-03-08 03:17:43.000000000,10.63880000000001
2026-03-08 04:02:39.000000000,21.5658
2026-03-08 04:02:34.000000000,20.705899999999996
2026-03-08 04:03:49.000000000,58.39099999999991
2026-03-08 04:39:23.000000000,11.673000000000002
2026-03-08 04:19:02.000000000,45.5432
2026-03-08 04:04:02.000000000,33.336000000000006
2026-03-08 04:10:32.000000000,16.93629999999999
2026-03-08 04:53:17.000000000,12.394099999999986
2026-03-08 04:00:13.000000000,67.7501
2026-03-08 04:44:39.000000000,66.3907
2026-03-08 05:52:51.000000000,28.58030000000002
2026-03-08 05:56:03.000000000,29.838500000000014
2026-03-08 05:50:16.000000000,10.583100000000007
2026-03-08 05:11:58.000000000,54.758199999999995
2026-03-08 05:06:04.000000000,54.11220000000001
2026-03-08 05:52:37.000000000,33.917199999999994
2026-03-08 06:53:43.000000000,36.42829999999999
2026-03-08 06:21:14.000000000,18.149000000000008
2026-03-08 06:32:58.000000000,12.3476
2026-03-08 06:39:08.000000000,8.697600000000005
2026-03-08 06:50:13.000000000,25.55379999999999
2026-03-08 06:47:23.000000000,46.043800000000005
2026-03-08 06:56:53.000000000,16.1585
2026-03-08 06:24:45.000000000,21.828600000000005
2026-03-08 06:31:39.000000000,102.98819999999998
2026-03-08 06:47:01.000000000,10.80360000000001
2026-03-08 06:04:51.000000000,70.1468
2026-03-08 07:45:38.000000000,14.90660000000001
2026-03-08 07:01:14.000000000,15.236299999999998
2026-03-08 07:54:03.000000000,20.169300000000014
2026-03-08 07:48:28.000000000,10.057999999999998
2026-03-08 07:49:08.000000000,77.35189999999997
2026-03-08 07:05:23.000000000,10.740699999999999
2026-03-08 07:10:33.000000000,43.93260000000002
2026-03-08 07:50:40.000000000,12.59609999999999
2026-03-08 08:40:53.000000000,18.21150000000002
2026-03-08 08:23:10.000000000,16.4424
2026-03-08 08:42:33.000000000,41.127199999999995
2026-03-08 08:01:08.000000000,8.164000000000001
2026-03-08 08:13:22.000000000,17.530299999999983
2026-03-08 08:49:47.000000000,39.47209999999998
2026-03-08 08:54:37.000000000,24.310400000000005
2026-03-08 08:07:39.000000000,14.247300000000001
2026-03-08 09:28:58.000000000,15.974700000000002
2026-03-08 09:13:06.000000000,15.96169999999999
2026-03-08 09:50:22.000000000,11.560100000000004
2026-03-08 09:13:35.000000000,18.856500000000008
2026-03-08 09:15:12.000000000,8.89060000000001
2026-03-08 09:58:04.000000000,19.5231
2026-03-08 09:27:45.000000000,11.7478
2026-03-08 09:51:01.000000000,25.68289999999999
2026-03-08 09:22:48.000000000,24.97160000000001
2026-03-08 09:41:44.000000000,18.1735
2026-03-08 09:54:39.000000000,11.565399999999997
2026-03-08 09:14:47.000000000,36.09289999999999
2026-03-08 09:16:22.000000000,12.438200000000004
2026-03-08 09:44:16.000000000,13.236200000000007
2026-03-08 09:19:53.000000000,10.67210000000001
2026-03-08 09:53:29.000000000,7.481199999999998
2026-03-08 09:15:49.000000000,16.970599999999983
2026-03-08 09:12:16.000000000,15.031700000000006
2026-03-08 10:00:45.000000000,31.720199999999988
2026-03-08 10:40:06.000000000,15.261799999999996
2026-03-08 10:14:26.000000000,12.461100000000004
2026-03-08 10:05:26.000000000,9.454599999999997
2026-03-08 10:40:11.000000000,8.039599999999995
2026-03-08 10:12:18.000000000,66.12100000000001
2026-03-08 10:21:27.000000000,13.2919
2026-03-08 10:00:12.000000000,7.535200000000002
2026-03-08 10:51:01.000000000,23.19900000000001
2026-03-08 10:58:22.000000000,71.92249999999999
2026-03-08 10:21:21.000000000,35.9986
2026-03-08 10:23:32.000000000,19.390600000000017
2026-03-08 10:06:08.000000000,18.658299999999993
2026-03-08 10:55:13.000000000,12.7376
2026-03-08 10:27:25.000000000,19.7614
2026-03-08 10:33:05.000000000,14.770100000000003
2026-03-08 10:13:44.000000000,28.0634
2026-03-08 10:58:42.000000000,23.502899999999986
2026-03-08 11:06:25.000000000,15.260999999999992
2026-03-08 11:46:41.000000000,32.96029999999999
2026-03-08 11:04:19.000000000,12.531799999999986
2026-03-08 11:02:30.000000000,45.567199999999985
2026-03-08 11:09:23.000000000,9.295299999999994
2026-03-08 11:25:01.000000000,43.46740000000002
2026-03-08 11:02:14.000000000,11.688900000000006
2026-03-08 11:32:39.000000000,33.163399999999996
2026-03-08 11:03:54.000000000,44.8252
2026-03-08 11:42:19.000000000,27.512099999999986
2026-03-08 11:14:58.000000000,12.577099999999996
2026-03-08 11:03:20.000000000,8.083299999999998
2026-03-08 11:25:26.000000000,17.6102
2026-03-08 11:56:32.000000000,16.189400000000006
2026-03-08 11:53:34.000000000,8.382299999999999
2026-03-08 11:43:47.000000000,10.6019
2026-03-08 11:53:13.000000000,8.171999999999997
2026-03-08 11:45:25.000000000,11.304600000000004
2026-03-08 11:16:26.000000000,32.0865
2026-03-08 11:57:12.000000000,11.179600000000008
2026-03-08 12:15:20.000000000,8.8523
2026-03-08 12:14:23.000000000,21.3587
2026-03-08 12:08:55.000000000,29.253799999999988
2026-03-08 12:53:00.000000000,15.569400000000012
2026-03-08 12:42:08.000000000,23.190299999999993
2026-03-08 12:41:21.000000000,32.96940000000001
2026-03-08 12:15:56.000000000,69.9472
2026-03-08 12:15:52.000000000,45.8975
2026-03-08 12:09:25.000000000,61.9972
2026-03-08 12:05:50.000000000,30.2852
2026-03-08 12:55:07.000000000,15.529700000000007
2026-03-08 12:31:40.000000000,14.066799999999999
2026-03-08 12:17:34.000000000,67.78629999999998
2026-03-08 12:08:07.000000000,41.310900000000004
2026-03-08 12:58:58.000000000,44.681900000000006
2026-03-08 12:36:16.000000000,21.247199999999985
2026-03-08 12:26:47.000000000,45.793099999999995
2026-03-08 12:10:28.000000000,13.408700000000003
2026-03-08 13:41:25.000000000,8.708699999999997
2026-03-08 13:49:03.000000000,12.018499999999994
2026-03-08 13:03:33.000000000,14.04520000000002
2026-03-08 13:37:17.000000000,32.168000000000006
2026-03-08 13:11:39.000000000,24.452799999999982
2026-03-08 13:49:14.000000000,34.76750000000002
2026-03-08 13:34:27.000000000,26.918400000000005
2026-03-08 13:23:28.000000000,22.328600000000023
2026-03-08 13:37:00.000000000,53.07750000000001
2026-03-08 13:39:30.000000000,10.689399999999996
2026-03-08 13:30:09.000000000,12.470200000000009
2026-03-08 13:54:17.000000000,79.73380000000004
2026-03-08 13:24:16.000000000,8.959199999999996
2026-03-08 13:32:20.000000000,27.104199999999995
2026-03-08 13:17:29.000000000,5.9572
2026-03-08 13:59:03.000000000,9.690000000000014
2026-03-08 13:48:58.000000000,8.2938
2026-03-08 13:37:22.000000000,28.088400000000014
2026-03-08 13:28:34.000000000,46.25920000000002
2026-03-08 13:14:23.000000000,18.315600000000007
2026-03-08 13:22:03.000000000,31.32280000000001
2026-03-08 13:45:40.000000000,20.0175
2026-03-08 14:10:38.000000000,15.812999999999997
2026-03-08 14:01:15.000000000,59.374999999999964
2026-03-08 14:36:53.000000000,13.901800000000003
2026-03-08 14:12:19.000000000,25.55540000000001
2026-03-08 14:09:22.000000000,22.9492
2026-03-08 14:11:54.000000000,29.226499999999987
2026-03-08 14:11:11.000000000,26.072000000000017
2026-03-08 14:13:09.000000000,28.318100000000005
2026-03-08 14:04:17.000000000,31.062199999999997
2026-03-08 14:20:50.000000000,13.941199999999991
2026-03-08 14:36:33.000000000,40.28690000000003
2026-03-08 14:04:58.000000000,28.476400000000012
2026-03-08 15:24:00.000000000,38.431600000000024
2026-03-08 15:03:44.000000000,8.127199999999998
2026-03-08 15:23:30.000000000,28.27409999999999
2026-03-08 15:33:20.000000000,24.25849999999999
2026-03-08 15:17:24.000000000,30.35169999999999
2026-03-08 15:01:24.000000000,59.10739999999997
2026-03-08 15:23:37.000000000,12.966799999999985
2026-03-08 15:21:18.000000000,6.402699999999998
2026-03-08 15:08:00.000000000,12.787600000000007
2026-03-08 15:53:56.000000000,49.45399999999999
2026-03-08 15:31:12.000000000,19.465500000000016
2026-03-08 15:13:01.000000000,58.5138
2026-03-08 15:42:11.000000000,57.12900000000001
2026-03-08 15:32:43.000000000,14.390199999999988
2026-03-08 15:35:03.000000000,13.610399999999997
2026-03-08 15:44:53.000000000,56.33450000000003
2026-03-08 16:01:24.000000000,17.142
2026-03-08 16:54:17.000000000,12.906199999999998
2026-03-08 16:53:28.000000000,188.98670000000004
2026-03-08 16:19:52.000000000,10.070600000000006
2026-03-08 16:48:17.000000000,37.77780000000001
2026-03-08 16:39:30.000000000,9.549999999999994
2026-03-08 16:37:44.000000000,31.2838
2026-03-08 16:25:31.000000000,10.122800000000002
2026-03-08 16:20:32.000000000,29.034000000000006
2026-03-08 16:40:34.000000000,12.465400000000011
2026-03-08 16:46:13.000000000,48.2893
2026-03-08 16:11:15.000000000,29.554999999999996
2026-03-08 16:48:58.000000000,110.9121
2026-03-08 16:48:21.000000000,57.89029999999996
2026-03-08 17:14:50.000000000,9.127500000000001
2026-03-08 17:22:48.000000000,11.459500000000007
2026-03-08 17:57:52.000000000,15.977199999999996
2026-03-08 17:08:30.000000000,29.689600000000006
2026-03-08 17:47:14.000000000,18.70809999999999
2026-03-08 17:11:05.000000000,16.0013
2026-03-08 17:25:35.000000000,5.937099999999999
2026-03-08 17:58:10.000000000,74.59439999999996
2026-03-08 17:49:10.000000000,33.5393
2026-03-08 17:22:29.000000000,8.8151
2026-03-08 17:03:56.000000000,27.580600000000015
2026-03-08 17:14:44.000000000,15.73010000000001
2026-03-08 17:54:28.000000000,17.8896
2026-03-08 17:04:48.000000000,8.04719999999999
2026-03-08 17:18:09.000000000,44.585499999999996
2026-03-08 17:03:38.000000000,94.7986
2026-03-08 17:40:21.000000000,63.73679999999999
2026-03-08 17:16:05.000000000,17.406500000000005
2026-03-08 17:03:21.000000000,11.198500000000001
2026-03-08 17:31:12.000000000,9.799400000000004
2026-03-08 17:44:28.000000000,6.7467999999999995
2026-03-08 17:26:45.000000000,17.864300000000004
2026-03-08 18:11:01.000000000,15.9473
2026-03-08 18:55:43.000000000,14.5589
2026-03-08 18:56:02.000000000,24.068299999999976
2026-03-08 18:20:51.000000000,14.334999999999997
2026-03-08 18:15:31.000000000,72.51510000000002
2026-03-08 18:15:23.000000000,25.81789999999998
2026-03-08 18:56:01.000000000,16.6493
2026-03-08 18:23:37.000000000,21.432199999999995
2026-03-08 18:02:48.000000000,15.642199999999992
2026-03-08 18:33:18.000000000,34.330099999999995
2026-03-08 18:07:54.000000000,13.397500000000003
2026-03-08 18:16:15.000000000,18.267100000000003
2026-03-08 18:42:45.000000000,30.629200000000004
2026-03-08 19:01:39.000000000,15.212
2026-03-08 19:07:55.000000000,7.564600000000005
2026-03-08 19:26:49.000000000,19.622000000000007
2026-03-08 19:18:58.000000000,84.23800000000001
2026-03-08 19:53:31.000000000,14.403199999999995
2026-03-08 19:45:35.000000000,63.97849999999993
2026-03-08 19:50:12.000000000,62.140200000000014
2026-03-08 19:38:13.000000000,9.24680000000001
2026-03-08 19:27:04.000000000,25.670099999999994
2026-03-08 19:53:54.000000000,31.00700000000001
2026-03-08 19:49:07.000000000,23.716600000000007
2026-03-08 19:15:17.000000000,49.72019999999998
2026-03-08 19:55:54.000000000,27.305099999999985
2026-03-08 19:33:05.000000000,10.814900000000002
2026-03-08 20:08:17.000000000,22.880500000000012
2026-03-08 20:41:52.000000000,20.51129999999999
2026-03-08 20:16:25.000000000,16.29870000000001
2026-03-08 20:55:33.000000000,10.566600000000005
2026-03-08 20:16:55.000000000,14.526299999999999
2026-03-08 20:13:43.000000000,8.110299999999997
2026-03-08 20:19:50.000000000,22.29189999999999
2026-03-08 20:41:50.000000000,29.933599999999974
2026-03-08 20:57:55.000000000,62.41509999999998
2026-03-08 20:10:51.000000000,19.3837
2026-03-08 20:08:37.000000000,25.87780000000001
2026-03-08 20:46:31.000000000,9.621899999999993
2026-03-08 20:55:38.000000000,10.6293
2026-03-08 20:30:33.000000000,18.980099999999993
2026-03-08 20:20:14.000000000,21.546599999999998
2026-03-08 21:30:07.000000000,20.5839
2026-03-08 21:14:41.000000000,40.588699999999996
2026-03-08 21:27:04.000000000,33.137
2026-03-08 21:51:20.000000000,16.5589
2026-03-08 21:03:33.000000000,60.137200000000014
2026-03-08 21:17:54.000000000,34.47960000000001
2026-03-08 21:52:55.000000000,15.081700000000007
2026-03-08 21:16:23.000000000,16.38360000000001
2026-03-08 21:51:34.000000000,17.8035
2026-03-08 21:57:20.000000000,7.142400000000005
2026-03-08 21:09:09.000000000,68.3471
2026-03-08 22:24:12.000000000,48.06819999999999
2026-03-08 22:21:30.000000000,29.01639999999999
2026-03-08 22:08:28.000000000,22.7335
2026-03-08 22:31:59.000000000,7.895799999999998
2026-03-08 22:14:57.000000000,38.83720000000002
2026-03-08 22:44:01.000000000,22.499400000000005
2026-03-08 22:47:50.000000000,20.130399999999995
2026-03-08 22:39:56.000000000,24.909299999999988
2026-03-08 22:19:22.000000000,20.232599999999998
2026-03-08 22:41:49.000000000,14.990500000000015
2026-03-08 22:02:49.000000000,24.650699999999986
2026-03-08 22:09:41.000000000,62.866499999999995
2026-03-08 22:01:14.000000000,12.432099999999991
2026-03-08 22:11:02.000000000,20.538299999999996
2026-03-08 22:26:12.000000000,21.97559999999999
2026-03-08 22:16:02.000000000,24.868800000000007
2026-03-08 23:07:48.000000000,11.995799999999997
2026-03-08 23:33:32.000000000,28.258000000000006
2026-03-08 23:49:40.000000000,18.32049999999998
2026-03-08 23:15:01.000000000,28.5786
2026-03-08 23:20:57.000000000,12.525799999999988
2026-03-08 23:48:31.000000000,8.296399999999995
2026-03-08 23:43:02.000000000,49.3882
2026-03-08 23:31:35.000000000,47.343500000000034
2026-03-08 23:01:55.000000000,23.114399999999996
2026-03-08 23:36:09.000000000,33.99400000000001
2026-03-08 23:53:46.000000000,27.700200000000006
2026-03-08 23:56:10.000000000,16.876899999999992
2026-03-08 23:51:19.000000000,19.207099999999997
2026-03-08 23:03:18.000000000,9.653800000000007
2026-03-08 23:50:24.000000000,7.063400000000002
2026-03-08 23:24:27.000000000,11.7075
2026-03-09 00:50:41.000000000,39.51979999999999
2026-03-09 00:41:06.000000000,10.680700000000003
2026-03-09 00:33:14.000000000,25.561300000000013
2026-03-09 00:44:24.000000000,24.446800000000007
2026-03-09 00:03:30.000000000,63.34339999999997
2026-03-09 00:32:24.000000000,24.719499999999996
2026-03-09 00:13:31.000000000,21.609699999999997
2026-03-09 01:06:28.000000000,15.194099999999981
2026-03-09 01:11:15.000000000,39.4317
2026-03-09 01:39:31.000000000,14.446000000000003
2026-03-09 02:43:04.000000000,25.9395
2026-03-09 02:03:20.000000000,36.43709999999998
2026-03-09 02:34:50.000000000,20.486900000000006
2026-03-09 02:41:59.000000000,11.099300000000001
2026-03-09 02:09:32.000000000,48.74289999999997
2026-03-09 02:16:50.000000000,10.989799999999997
2026-03-09 04:32:42.000000000,25.30549999999998
2026-03-09 04:56:19.000000000,12.114299999999997
2026-03-09 04:37:22.000000000,20.819799999999987
2026-03-09 05:57:58.000000000,24.660999999999973
2026-03-09 05:53:43.000000000,25.634600000000006
2026-03-09 05:26:44.000000000,33.88070000000001
2026-03-09 05:45:00.000000000,72.70169999999999
2026-03-09 05:12:54.000000000,20.486999999999995
2026-03-09 05:28:19.000000000,9.4949
2026-03-09 05:39:24.000000000,4.8111
2026-03-09 06:48:22.000000000,18.543600000000005
2026-03-09 06:46:10.000000000,30.317300000000003
2026-03-09 06:16:00.000000000,92.9876
2026-03-09 06:01:06.000000000,15.036299999999976
2026-03-09 06:37:18.000000000,17.4666
2026-03-09 06:43:02.000000000,102.50589999999998
2026-03-09 06:31:44.000000000,17.127599999999983
2026-03-09 06:25:46.000000000,18.770200000000006
2026-03-09 06:33:39.000000000,24.397199999999984
2026-03-09 06:47:20.000000000,19.627900000000007
2026-03-09 06:34:08.000000000,75.63079999999998
2026-03-09 06:35:46.000000000,20.51509999999998
2026-03-09 06:52:32.000000000,117.96179999999997
2026-03-09 06:20:50.000000000,39.35040000000001
2026-03-09 07:59:27.000000000,11.929000000000007
2026-03-09 07:33:33.000000000,14.855199999999993
2026-03-09 07:36:27.000000000,45.87920000000005
2026-03-09 07:14:51.000000000,66.97820000000003
2026-03-09 07:59:52.000000000,11.771199999999997
2026-03-09 07:44:02.000000000,48.73519999999998
2026-03-09 07:34:39.000000000,20.648099999999996
2026-03-09 07:30:46.000000000,13.383200000000013
2026-03-09 07:49:34.000000000,16.863799999999994
2026-03-09 07:13:26.000000000,22.6192
2026-03-09 07:50:27.000000000,14.586199999999998
2026-03-09 07:51:29.000000000,20.642299999999995
2026-03-09 07:21:20.000000000,33.71859999999999
2026-03-09 07:12:05.000000000,21.87949999999999
2026-03-09 08:15:26.000000000,12.015300000000007
2026-03-09 08:44:01.000000000,20.811700000000005
2026-03-09 08:30:56.000000000,13.385600000000005
2026-03-09 08:51:18.000000000,42.83000000000002
2026-03-09 08:26:54.000000000,28.99539999999999
2026-03-09 08:41:52.000000000,37.2086
2026-03-09 08:58:48.000000000,10.695400000000012
2026-03-09 08:17:13.000000000,43.629699999999985
2026-03-09 08:06:24.000000000,52.31429999999998
2026-03-09 08:25:42.000000000,8.026
2026-03-09 08:18:46.000000000,29.3673
2026-03-09 08:40:00.000000000,61.072199999999995
2026-03-09 08:42:06.000000000,10.255900000000002
2026-03-09 08:58:50.000000000,17.759199999999996
2026-03-09 08:39:44.000000000,17.725499999999997
2026-03-09 08:06:35.000000000,12.517700000000001
2026-03-09 09:20:34.000000000,46.13439999999998
2026-03-09 09:53:50.000000000,18.5213
2026-03-09 09:15:42.000000000,22.16930000000001
2026-03-09 09:29:35.000000000,12.78749999999999
2026-03-09 09:25:18.000000000,29.62139999999998
2026-03-09 09:44:37.000000000,10.073099999999997
2026-03-09 09:25:53.000000000,36.2744
2026-03-09 09:14:59.000000000,5.738500000000005
2026-03-09 09:23:57.000000000,42.49910000000002
2026-03-09 09:15:08.000000000,15.910800000000004
2026-03-09 10:46:06.000000000,8.289199999999992
2026-03-09 10:08:23.000000000,16.604000000000003
2026-03-09 10:45:34.000000000,32.53199999999998
2026-03-09 10:37:57.000000000,11.899199999999997
2026-03-09 10:45:32.000000000,7.317599999999999
2026-03-09 10:34:21.000000000,21.7271
2026-03-09 10:53:39.000000000,8.549600000000005
2026-03-09 10:41:37.000000000,11.738700000000005
2026-03-09 10:10:40.000000000,13.581499999999998
2026-03-09 10:55:10.000000000,30.807600000000008
2026-03-09 10:26:58.000000000,23.1117
2026-03-09 10:03:30.000000000,7.921000000000001
2026-03-09 10:47:14.000000000,16.582699999999985
2026-03-09 11:07:26.000000000,23.893300000000007
2026-03-09 11:43:02.000000000,20.1736
2026-03-09 11:28:57.000000000,42.536500000000025
2026-03-09 11:19:39.000000000,9.506899999999998
2026-03-09 11:25:12.000000000,8.215900000000007
2026-03-09 11:21:46.000000000,13.507500000000004
2026-03-09 11:00:27.000000000,9.989500000000005
2026-03-09 11:53:25.000000000,43.08050000000001
2026-03-09 11:29:31.000000000,11.868000000000002
2026-03-09 12:52:32.000000000,13.529199999999996
2026-03-09 12:49:49.000000000,7.366499999999999
2026-03-09 12:32:09.000000000,9.617399999999991
2026-03-09 12:12:36.000000000,12.414600000000005
2026-03-09 12:40:52.000000000,15.287900000000006
2026-03-09 12:09:06.000000000,67.0869
2026-03-09 12:48:04.000000000,56.31579999999998
2026-03-09 12:45:04.000000000,68.14170000000004
2026-03-09 12:13:52.000000000,17.80840000000001
2026-03-09 12:53:53.000000000,19.389
2026-03-09 12:34:27.000000000,18.623900000000027
2026-03-09 12:27:23.000000000,8.617400000000002
2026-03-09 13:19:56.000000000,16.0369
2026-03-09 13:39:14.000000000,39.50629999999999
2026-03-09 13:45:42.000000000,15.397799999999997
2026-03-09 13:40:39.000000000,7.386999999999998
2026-03-09 13:20:41.000000000,17.335500000000007
2026-03-09 13:20:00.000000000,54.2752
2026-03-09 13:21:51.000000000,16.156399999999994
2026-03-09 13:52:50.000000000,17.06109999999999
2026-03-09 13:07:58.000000000,16.207800000000006
2026-03-09 13:50:44.000000000,18.965899999999998
2026-03-09 13:34:56.000000000,12.091200000000008
2026-03-09 13:12:41.000000000,57.42490000000004
2026-03-09 14:38:00.000000000,33.4674
2026-03-09 14:40:25.000000000,56.37640000000001
2026-03-09 14:12:27.000000000,33.46109999999998
2026-03-09 14:35:33.000000000,134.7629
2026-03-09 14:15:09.000000000,14.316499999999989
2026-03-09 14:48:31.000000000,13.921199999999999
2026-03-09 14:00:17.000000000,12.536099999999987
2026-03-09 14:02:32.000000000,8.349399999999994
2026-03-09 14:02:56.000000000,16.833600000000004
2026-03-09 14:05:05.000000000,16.885199999999998
2026-03-09 14:58:22.000000000,18.6707
2026-03-09 14:31:09.000000000,12.813700000000006
2026-03-09 14:02:05.000000000,12.433700000000005
2026-03-09 14:19:56.000000000,10.712100000000007
2026-03-09 15:08:54.000000000,25.262999999999987
2026-03-09 15:59:41.000000000,11.687199999999995
2026-03-09 15:22:12.000000000,8.7185
2026-03-09 15:58:06.000000000,32.1912
2026-03-09 15:29:59.000000000,7.978699999999995
2026-03-09 15:07:19.000000000,10.881299999999996
2026-03-09 16:37:27.000000000,30.939399999999996
2026-03-09 16:03:03.000000000,19.33999999999998
2026-03-09 16:19:34.000000000,25.4041
2026-03-09 16:54:01.000000000,118.84089999999998
2026-03-09 16:45:21.000000000,16.7188
2026-03-09 16:07:41.000000000,87.19149999999995
2026-03-09 16:52:17.000000000,10.164199999999997
2026-03-09 16:30:34.000000000,128.7001
2026-03-09 16:51:11.000000000,36.4021
2026-03-09 16:07:00.000000000,112.38539999999999
2026-03-09 16:22:26.000000000,9.094700000000001
2026-03-09 16:16:18.000000000,12.538099999999991
2026-03-09 16:30:11.000000000,68.39509999999997
2026-03-09 17:44:27.000000000,14.919699999999994
2026-03-09 17:59:58.000000000,13.434800000000001
2026-03-09 17:47:17.000000000,27.454000000000015
2026-03-09 17:38:26.000000000,20.89190000000001
2026-03-09 17:50:58.000000000,16.887999999999995
2026-03-09 17:56:31.000000000,31.913500000000003
2026-03-09 17:49:54.000000000,7.996499999999997
2026-03-09 17:22:54.000000000,14.528299999999996
2026-03-09 17:52:29.000000000,20.894100000000012
2026-03-09 17:27:43.000000000,51.67199999999999
2026-03-09 17:39:17.000000000,22.684499999999986
2026-03-09 17:25:57.000000000,119.71040000000008
2026-03-09 17:39:49.000000000,15.182699999999995
2026-03-09 17:08:15.000000000,15.298299999999998
2026-03-09 17:54:23.000000000,13.656900000000002
2026-03-09 17:47:34.000000000,11.595600000000001
2026-03-09 17:38:47.000000000,129.09620000000004
2026-03-09 17:37:06.000000000,77.1073
2026-03-09 18:59:40.000000000,9.085700000000005
2026-03-09 18:48:06.000000000,16.061599999999995
2026-03-09 18:34:46.000000000,13.23109999999999
2026-03-09 18:31:40.000000000,69.43509999999998
2026-03-09 18:38:38.000000000,25.963899999999995
2026-03-09 18:46:15.000000000,62.958600000000004
2026-03-09 18:30:18.000000000,21.234299999999976
2026-03-09 18:31:01.000000000,22.80900000000001
2026-03-09 18:24:39.000000000,8.91470000000001
2026-03-09 18:29:01.000000000,54.03690000000002
2026-03-09 18:12:21.000000000,10.556500000000002
2026-03-09 18:33:15.000000000,21.995799999999985
2026-03-09 18:42:13.000000000,69.11909999999997
2026-03-09 18:58:06.000000000,23.46849999999997
2026-03-09 18:33:49.000000000,68.89839999999998
2026-03-09 18:22:20.000000000,8.912799999999995
2026-03-09 18:38:39.000000000,6.717900000000001
2026-03-09 18:10:00.000000000,6.880999999999997
2026-03-09 18:18:46.000000000,44.80769999999998
2026-03-09 18:15:52.000000000,5.8706000000000005
2026-03-09 19:40:32.000000000,29.347399999999997
2026-03-09 19:48:08.000000000,7.073600000000002
2026-03-09 19:12:41.000000000,12.587300000000003
2026-03-09 19:33:22.000000000,47.0331
2026-03-09 19:29:26.000000000,29.386400000000002
2026-03-09 19:35:45.000000000,11.360100000000003
2026-03-09 19:53:33.000000000,16.394599999999986
2026-03-09 19:31:36.000000000,43.84139999999999
2026-03-09 19:33:17.000000000,53.26380000000002
2026-03-09 20:23:34.000000000,24.626399999999993
2026-03-09 20:26:56.000000000,16.897599999999997
2026-03-09 20:54:38.000000000,9.62550000000001
2026-03-09 20:48:07.000000000,32.396000000000015
2026-03-09 20:31:51.000000000,12.749599999999987
2026-03-09 20:03:29.000000000,14.333700000000007
2026-03-09 20:17:00.000000000,26.4223
2026-03-09 20:04:20.000000000,17.4557
2026-03-09 20:13:01.000000000,10.58130000000001
2026-03-09 20:28:21.000000000,11.549000000000001
2026-03-09 20:32:44.000000000,23.222999999999992
2026-03-09 20:20:30.000000000,48.64750000000003
2026-03-09 20:37:04.000000000,25.2364
2026-03-09 21:20:05.000000000,28.214800000000015
2026-03-09 21:06:34.000000000,17.82040000000001
2026-03-09 21:16:53.000000000,11.631099999999998
2026-03-09 21:14:49.000000000,15.280799999999985
2026-03-09 21:24:18.000000000,51.159800000000004
2026-03-09 21:03:45.000000000,91.74210000000001
2026-03-09 21:08:28.000000000,25.4934
2026-03-09 21:32:29.000000000,21.6787
2026-03-09 21:06:59.000000000,6.807099999999996
2026-03-09 21:43:36.000000000,10.343499999999999
2026-03-09 21:08:41.000000000,17.246599999999997
2026-03-09 21:54:08.000000000,8.984100000000007
2026-03-09 21:46:28.000000000,9.80110000000001
2026-03-09 21:06:32.000000000,47.76540000000002
2026-03-09 21:23:08.000000000,39.81040000000001
2026-03-09 21:10:43.000000000,27.904200000000014
2026-03-09 22:44:23.000000000,10.61120000000001
2026-03-09 22:05:36.000000000,12.527899999999986
2026-03-09 22:37:38.000000000,10.265099999999993
2026-03-09 22:51:59.000000000,6.715799999999999
2026-03-09 22:20:14.000000000,6.5947000000000005
2026-03-09 22:43:00.000000000,10.388300000000006
2026-03-09 22:12:28.000000000,84.80270000000002
2026-03-09 22:50:04.000000000,15.933300000000004
2026-03-09 22:10:58.000000000,20.619899999999976
2026-03-09 22:49:14.000000000,12.570799999999988
2026-03-09 23:01:34.000000000,57.510099999999994
2026-03-09 23:53:36.000000000,17.561399999999995
2026-03-09 23:44:53.000000000,50.3309
2026-03-09 23:43:06.000000000,7.994300000000002
2026-03-09 23:03:43.000000000,20.508999999999983
2026-03-09 23:01:10.000000000,14.265600000000001
2026-03-09 23:54:32.000000000,7.967299999999991
2026-03-09 23:30:28.000000000,6.401100000000001
2026-03-09 23:47:52.000000000,11.870700000000005
2026-03-09 23:23:32.000000000,61.19549999999998
2026-03-09 23:20:44.000000000,24.97330000000001
2026-03-09 23:35:11.000000000,5.8992
2026-03-10 00:32:56.000000000,11.613600000000002
2026-03-10 00:46:49.000000000,29.24039999999998
2026-03-10 00:18:01.000000000,44.98140000000003
2026-03-10 00:41:24.000000000,17.761199999999995
2026-03-10 00:03:08.000000000,25.6349
2026-03-10 00:34:31.000000000,9.780999999999999
2026-03-10 00:52:04.000000000,14.137299999999998
2026-03-10 01:35:56.000000000,28.999699999999983
2026-03-10 02:13:37.000000000,34.30649999999998
2026-03-10 02:59:25.000000000,9.895100000000001
2026-03-10 02:17:54.000000000,67.98580000000001
2026-03-10 02:10:12.000000000,13.268199999999988
2026-03-10 02:07:49.000000000,7.257400000000001
2026-03-10 03:54:07.000000000,58.835499999999975
2026-03-10 04:32:10.000000000,37.198200000000014
2026-03-10 04:55:44.000000000,16.848400000000012
2026-03-10 06:43:06.000000000,9.102599999999997
2026-03-10 06:05:33.000000000,7.5523
2026-03-10 06:18:29.000000000,47.52940000000003
2026-03-10 06:57:06.000000000,68.8085
2026-03-10 06:35:33.000000000,61.18960000000005
2026-03-10 06:13:13.000000000,24.476300000000005
2026-03-10 06:37:48.000000000,27.2368
2026-03-10 07:33:36.000000000,24.651900000000033
2026-03-10 07:17:09.000000000,69.70510000000003
2026-03-10 07:17:17.000000000,11.633600000000001
2026-03-10 07:22:48.000000000,10.44169999999999
2026-03-10 07:01:12.000000000,8.175599999999998
2026-03-10 07:52:14.000000000,78.1758
2026-03-10 07:55:27.000000000,16.0062
2026-03-10 07:40:19.000000000,86.87049999999999
2026-03-10 07:21:44.000000000,35.82450000000001
2026-03-10 07:03:00.000000000,15.411000000000007
2026-03-10 07:45:39.000000000,18.879599999999996
2026-03-10 07:29:55.000000000,97.11759999999998
2026-03-10 07:18:55.000000000,28.91280000000002
2026-03-10 07:51:41.000000000,20.374799999999997
2026-03-10 07:34:46.000000000,12.534099999999988
2026-03-10 07:48:12.000000000,26.329099999999993
2026-03-10 07:48:33.000000000,73.1879
2026-03-10 07:33:08.000000000,22.480399999999996
2026-03-10 07:54:38.000000000,48.07080000000003
2026-03-10 08:48:54.000000000,74.56549999999999
2026-03-10 08:03:42.000000000,51.69039999999998
2026-03-10 08:38:49.000000000,108.92720000000003
2026-03-10 08:32:51.000000000,17.857800000000008
2026-03-10 08:40:29.000000000,19.94960000000001
2026-03-10 08:42:35.000000000,7.6188999999999965
2026-03-10 08:20:09.000000000,29.10569999999999
2026-03-10 08:01:59.000000000,52.190799999999975
2026-03-10 08:09:08.000000000,51.84370000000002
2026-03-10 08:05:54.000000000,21.466200000000008
2026-03-10 08:25:45.000000000,30.98439999999999
2026-03-10 08:56:52.000000000,73.02149999999997
2026-03-10 08:23:38.000000000,60.210700000000045
2026-03-10 08:38:35.000000000,22.139200000000002
2026-03-10 08:25:28.000000000,52.93699999999997
2026-03-10 08:31:02.000000000,12.684199999999997
2026-03-10 09:49:12.000000000,10.654600000000006
2026-03-10 09:42:13.000000000,56.70310000000002
2026-03-10 09:36:41.000000000,11.423999999999996
2026-03-10 09:57:26.000000000,7.3006000000000055
2026-03-10 09:29:13.000000000,11.0574
2026-03-10 09:44:13.000000000,15.688700000000004
2026-03-10 09:56:06.000000000,9.000500000000004
2026-03-10 09:43:23.000000000,11.5012
2026-03-10 09:43:34.000000000,40.00879999999997
2026-03-10 09:54:49.000000000,8.019799999999991
2026-03-10 09:12:51.000000000,121.55710000000006
2026-03-10 09:40:06.000000000,21.2813
2026-03-10 09:16:50.000000000,15.676300000000012
2026-03-10 09:50:29.000000000,16.6341
2026-03-10 09:39:21.000000000,20.836599999999986
2026-03-10 09:09:04.000000000,43.45289999999999
2026-03-10 10:07:44.000000000,10.961700000000002
2026-03-10 10:30:45.000000000,8.516000000000005
2026-03-10 10:59:58.000000000,8.602199999999995
2026-03-10 10:20:25.000000000,12.45539999999999
2026-03-10 10:42:10.000000000,26.617700000000013
2026-03-10 10:09:20.000000000,8.519499999999994
2026-03-10 10:40:43.000000000,14.53849999999999
2026-03-10 10:45:10.000000000,8.922500000000003
2026-03-10 10:42:23.000000000,27.8001
2026-03-10 10:06:08.000000000,13.281400000000012
2026-03-10 10:32:04.000000000,79.65989999999998
2026-03-10 10:58:39.000000000,27.892799999999994
2026-03-10 10:29:11.000000000,22.323400000000014
2026-03-10 11:37:58.000000000,11.849500000000003
2026-03-10 11:07:57.000000000,77.27789999999999
2026-03-10 11:20:41.000000000,23.317600000000017
2026-03-10 11:05:19.000000000,12.5029
2026-03-10 11:20:30.000000000,5.909999999999999
2026-03-10 11:41:29.000000000,31.12139999999999
2026-03-10 11:51:12.000000000,42.6344
2026-03-10 11:11:38.000000000,12.9012
2026-03-10 11:19:31.000000000,63.488
2026-03-10 11:05:56.000000000,20.787799999999997
2026-03-10 11:14:22.000000000,41.09559999999998
2026-03-10 11:56:32.000000000,34.502799999999986
2026-03-10 11:47:32.000000000,19.361000000000004
2026-03-10 11:11:22.000000000,12.032799999999998
2026-03-10 12:01:35.000000000,13.421000000000003
2026-03-10 12:36:12.000000000,29.31319999999999
2026-03-10 12:31:10.000000000,14.640999999999996
2026-03-10 12:01:40.000000000,20.1057
2026-03-10 12:35:50.000000000,21.764499999999998
2026-03-10 12:00:35.000000000,12.3325
2026-03-10 12:54:37.000000000,13.5085
2026-03-10 12:31:59.000000000,11.005599999999994
2026-03-10 12:48:58.000000000,12.6856
2026-03-10 12:22:38.000000000,16.064199999999996
2026-03-10 12:07:36.000000000,11.759600000000008
2026-03-10 13:26:25.000000000,23.7887
2026-03-10 13:31:20.000000000,10.85700000000001
2026-03-10 13:22:12.000000000,12.283499999999982
2026-03-10 13:34:48.000000000,16.47039999999999
2026-03-10 13:27:41.000000000,33.64829999999999
2026-03-10 13:22:21.000000000,34.851200000000006
2026-03-10 13:40:44.000000000,29.011699999999983
2026-03-10 13:58:29.000000000,18.772399999999998
2026-03-10 13:39:50.000000000,10.422199999999998
2026-03-10 13:31:10.000000000,13.471300000000008
2026-03-10 13:04:16.000000000,24.619499999999995
2026-03-10 13:14:57.000000000,62.75820000000003
2026-03-10 13:18:27.000000000,24.209500000000002
2026-03-10 13:46:40.000000000,31.480300000000007
2026-03-10 14:43:28.000000000,16.169299999999986
2026-03-10 14:29:28.000000000,25.535199999999996
2026-03-10 14:42:00.000000000,22.4111
2026-03-10 14:07:26.000000000,44.73179999999999
2026-03-10 14:10:56.000000000,14.1456
2026-03-10 14:51:44.000000000,9.506100000000007
2026-03-10 14:30:22.000000000,12.362399999999996
2026-03-10 14:30:55.000000000,38.350100000000005
2026-03-10 14:16:04.000000000,45.732000000000006
2026-03-10 14:32:05.000000000,39.38230000000002
2026-03-10 14:07:53.000000000,26.1344
2026-03-10 15:26:00.000000000,9.305099999999992
2026-03-10 15:38:47.000000000,23.923900000000014
2026-03-10 15:06:34.000000000,20.936099999999996
2026-03-10 15:48:23.000000000,174.78399999999993
2026-03-10 15:46:13.000000000,19.71110000000001
2026-03-10 15:00:22.000000000,14.36579999999998
2026-03-10 15:46:54.000000000,91.00170000000004
2026-03-10 15:00:39.000000000,22.162099999999995
2026-03-10 15:44:53.000000000,29.453200000000024
2026-03-10 15:18:27.000000000,54.50479999999996
2026-03-10 15:43:42.000000000,17.92460000000001
2026-03-10 15:04:20.000000000,21.5652
2026-03-10 15:50:47.000000000,32.78360000000001
2026-03-10 15:08:43.000000000,11.317400000000006
2026-03-10 15:12:06.000000000,9.486400000000009
2026-03-10 15:45:22.000000000,13.725899999999998
2026-03-10 16:24:34.000000000,28.692899999999998
2026-03-10 16:21:43.000000000,7.985099999999991
2026-03-10 16:28:16.000000000,23.244
2026-03-10 16:39:31.000000000,15.844800000000006
2026-03-10 16:08:10.000000000,6.1907000000000005
2026-03-10 16:31:19.000000000,23.888
2026-03-10 16:53:12.000000000,31.16319999999998
2026-03-10 16:47:51.000000000,15.716299999999999
2026-03-10 16:00:51.000000000,71.91609999999996
2026-03-10 16:00:13.000000000,7.930499999999995
2026-03-10 16:47:40.000000000,14.329799999999988
2026-03-10 16:13:12.000000000,65.64019999999996
2026-03-10 16:55:55.000000000,32.216999999999985
2026-03-10 16:23:55.000000000,10.402700000000006
2026-03-10 17:33:06.000000000,30.328899999999972
2026-03-10 17:58:48.000000000,12.626499999999998
2026-03-10 17:14:19.000000000,13.826800000000013
2026-03-10 17:33:31.000000000,6.256400000000001
2026-03-10 17:11:09.000000000,17.95870000000001
2026-03-10 17:43:08.000000000,23.244400000000006
2026-03-10 17:09:28.000000000,67.67770000000002
2026-03-10 17:46:06.000000000,12.005900000000011
2026-03-10 17:52:54.000000000,19.651499999999995
2026-03-10 17:46:58.000000000,14.0496
2026-03-10 17:38:33.000000000,20.154600000000016
2026-03-10 17:29:13.000000000,23.023799999999984
2026-03-10 17:52:29.000000000,37.7685
2026-03-10 17:58:59.000000000,11.696700000000003
2026-03-10 17:59:02.000000000,11.404899999999998
2026-03-10 17:12:56.000000000,22.2999
2026-03-10 17:49:25.000000000,16.727799999999995
2026-03-10 18:01:38.000000000,9.378800000000007
2026-03-10 18:24:21.000000000,38.31520000000001
2026-03-10 18:58:22.000000000,70.5738
2026-03-10 18:08:18.000000000,10.8582
2026-03-10 18:53:14.000000000,48.380099999999985
2026-03-10 18:59:03.000000000,60.21390000000003
2026-03-10 18:05:39.000000000,48.738
2026-03-10 18:01:54.000000000,21.462999999999997
2026-03-10 18:38:24.000000000,31.9375
2026-03-10 18:24:48.000000000,67.35930000000002
2026-03-10 18:30:24.000000000,71.4029
2026-03-10 18:34:05.000000000,11.468000000000004
2026-03-10 18:32:27.000000000,12.305700000000007
2026-03-10 18:53:16.000000000,21.072000000000006
2026-03-10 18:33:39.000000000,41.31239999999999
2026-03-10 18:30:32.000000000,13.536699999999994
2026-03-10 18:42:30.000000000,48.46410000000004
2026-03-10 18:05:03.000000000,77.77860000000003
2026-03-10 18:06:55.000000000,35.00730000000001
2026-03-10 18:05:47.000000000,20.712400000000002
2026-03-10 18:45:46.000000000,22.154500000000017
2026-03-10 18:41:58.000000000,24.939300000000006
2026-03-10 18:18:16.000000000,10.816099999999995
2026-03-10 19:35:32.000000000,9.390699999999999
2026-03-10 19:09:25.000000000,11.275300000000009
2026-03-10 19:23:47.000000000,20.170400000000008
2026-03-10 19:34:47.000000000,19.056100000000026
2026-03-10 19:30:37.000000000,91.29189999999998
2026-03-10 19:41:57.000000000,9.587299999999997
2026-03-10 19:16:47.000000000,17.145500000000013
2026-03-10 19:22:42.000000000,19.07549999999998
2026-03-10 19:13:18.000000000,55.4211
2026-03-10 19:49:34.000000000,103.13400000000001
2026-03-10 19:14:46.000000000,28.1008
2026-03-10 19:52:44.000000000,18.624999999999986
2026-03-10 19:08:15.000000000,12.613200000000006
2026-03-10 19:25:01.000000000,33.85970000000001
2026-03-10 19:11:53.000000000,106.02620000000005
2026-03-10 19:20:28.000000000,19.59489999999999
2026-03-10 19:10:36.000000000,23.265100000000007
2026-03-10 19:56:03.000000000,8.9462
2026-03-10 19:21:50.000000000,34.608400000000024
2026-03-10 19:45:15.000000000,13.40189999999999
2026-03-10 19:12:50.000000000,32.612199999999994
2026-03-10 19:58:07.000000000,41.14449999999999
2026-03-10 19:15:25.000000000,8.077299999999996
2026-03-10 20:54:41.000000000,50.60200000000002
2026-03-10 20:32:58.000000000,50.392799999999994
2026-03-10 20:46:51.000000000,31.47099999999999
2026-03-10 20:48:58.000000000,22.798600000000008
2026-03-10 20:00:52.000000000,17.168599999999998
2026-03-10 20:13:13.000000000,18.984399999999997
2026-03-10 20:33:01.000000000,34.42300000000003
2026-03-10 20:41:03.000000000,19.842700000000015
2026-03-10 20:03:25.000000000,22.280999999999995
2026-03-10 20:13:45.000000000,15.930599999999984
2026-03-10 20:39:15.000000000,11.162999999999995
2026-03-10 20:42:04.000000000,47.66519999999997
2026-03-10 21:42:25.000000000,16.66379999999999
2026-03-10 21:00:44.000000000,29.865099999999988
2026-03-10 21:54:47.000000000,33.978900000000024
2026-03-10 21:33:06.000000000,58.523899999999976
2026-03-10 21:50:56.000000000,34.8424
2026-03-10 21:06:41.000000000,40.29549999999995
2026-03-10 21:59:17.000000000,16.548199999999998
2026-03-10 21:22:02.000000000,54.32459999999999
2026-03-10 21:41:42.000000000,69.44630000000002
2026-03-10 21:59:42.000000000,36.01979999999997
2026-03-10 21:25:53.000000000,16.2784
2026-03-10 21:19:06.000000000,9.0821
2026-03-10 21:09:53.000000000,37.914699999999996
2026-03-10 21:25:03.000000000,15.484799999999982
2026-03-10 22:57:20.000000000,9.660899999999993
2026-03-10 22:46:23.000000000,9.283200000000004
2026-03-10 22:00:33.000000000,13.1236
2026-03-10 22:09:47.000000000,12.547399999999984
2026-03-10 22:55:51.000000000,13.228499999999997
2026-03-10 22:03:50.000000000,120.29929999999996
2026-03-10 22:04:37.000000000,50.66920000000002
2026-03-10 22:21:17.000000000,56.3126
2026-03-10 22:16:53.000000000,39.968900000000005
2026-03-10 22:17:57.000000000,44.043200000000006
2026-03-10 22:29:22.000000000,82.5122
2026-03-10 23:43:01.000000000,18.72459999999999
2026-03-10 23:32:26.000000000,21.864000000000004
2026-03-10 23:46:48.000000000,12.136699999999992
2026-03-10 23:15:17.000000000,10.69759999999999
2026-03-10 23:28:54.000000000,22.447400000000005
2026-03-10 23:54:53.000000000,18.554599999999997
2026-03-10 23:31:53.000000000,61.961800000000004
2026-03-10 23:17:37.000000000,17.07449999999999
2026-03-10 23:53:09.000000000,21.748399999999997
2026-03-10 23:54:26.000000000,38.85479999999998
2026-03-10 23:38:30.000000000,25.796999999999997
2026-03-10 23:48:50.000000000,20.06170000000002
2026-03-10 23:09:49.000000000,41.34219999999996
2026-03-10 23:43:23.000000000,15.096600000000008
2026-03-10 23:03:07.000000000,12.2543
2026-03-10 23:13:24.000000000,16.835199999999997
2026-03-10 23:49:14.000000000,48.03339999999999
2026-03-10 23:10:11.000000000,6.060500000000001
2026-03-11 00:41:33.000000000,24.935799999999993
2026-03-11 00:23:20.000000000,28.984799999999982
2026-03-11 00:58:25.000000000,16.18650000000001
2026-03-11 00:10:53.000000000,31.07400000000002
2026-03-11 00:42:21.000000000,39.329499999999975
2026-03-11 00:03:20.000000000,10.198999999999996
2026-03-11 01:10:06.000000000,7.228600000000003
2026-03-11 01:36:47.000000000,59.042299999999976
2026-03-11 01:26:05.000000000,16.506999999999994
2026-03-11 01:35:19.000000000,34.47089999999999
2026-03-11 01:24:27.000000000,36.6752
2026-03-11 02:01:34.000000000,10.375199999999998
2026-03-11 02:58:24.000000000,8.996300000000005
2026-03-11 02:50:39.000000000,16.103199999999998
2026-03-11 02:16:32.000000000,8.341199999999999
2026-03-11 02:58:55.000000000,16.879899999999996
2026-03-11 03:11:50.000000000,6.340699999999996
2026-03-11 03:16:25.000000000,21.978199999999983
2026-03-11 04:58:50.000000000,15.989099999999997
2026-03-11 04:26:07.000000000,16.846499999999995
2026-03-11 04:34:37.000000000,26.412700000000015
2026-03-11 04:23:06.000000000,8.397100000000004
2026-03-11 04:49:27.000000000,12.537499999999982
2026-03-11 05:19:21.000000000,49.930299999999995
2026-03-11 05:53:23.000000000,56.51379999999998
2026-03-11 05:52:39.000000000,67.94769999999995
2026-03-11 05:45:31.000000000,24.915899999999993
2026-03-11 06:00:50.000000000,11.632099999999996
2026-03-11 06:42:16.000000000,13.278300000000009
2026-03-11 06:01:44.000000000,9.569899999999995
2026-03-11 06:26:38.000000000,31.615100000000005
2026-03-11 06:20:17.000000000,23.940899999999992
2026-03-11 06:42:24.000000000,10.103300000000004
2026-03-11 07:57:30.000000000,7.8218
2026-03-11 07:12:07.000000000,24.541800000000013
2026-03-11 07:58:29.000000000,11.731300000000003
2026-03-11 07:44:58.000000000,12.371199999999995
2026-03-11 07:07:28.000000000,31.012500000000003
2026-03-11 07:35:04.000000000,20.816399999999977
2026-03-11 07:53:57.000000000,27.508100000000013
2026-03-11 07:29:42.000000000,39.6131
2026-03-11 07:03:49.000000000,36.41339999999998
2026-03-11 07:11:10.000000000,65.89839999999998
2026-03-11 07:45:45.000000000,16.929999999999996
2026-03-11 07:48:04.000000000,21.923399999999994
2026-03-11 07:51:11.000000000,19.941399999999998
2026-03-11 07:11:53.000000000,16.062599999999993
2026-03-11 07:21:38.000000000,33.67059999999998
2026-03-11 07:11:11.000000000,21.411100000000015
2026-03-11 07:31:02.000000000,117.68329999999995
2026-03-11 07:13:20.000000000,30.0575
2026-03-11 08:11:53.000000000,80.79639999999995
2026-03-11 08:22:51.000000000,12.4148
2026-03-11 08:36:44.000000000,17.75680000000001
2026-03-11 08:10:07.000000000,10.698100000000005
2026-03-11 08:36:53.000000000,102.96030000000005
2026-03-11 08:45:50.000000000,14.580499999999983
2026-03-11 08:06:24.000000000,24.86479999999999
2026-03-11 08:06:12.000000000,19.3077
2026-03-11 08:55:31.000000000,21.3932
2026-03-11 08:35:52.000000000,26.237800000000004
2026-03-11 08:00:35.000000000,40.928
2026-03-11 08:02:18.000000000,15.948300000000003
2026-03-11 08:48:34.000000000,100.64330000000001
2026-03-11 08:32:54.000000000,134.448
2026-03-11 08:06:53.000000000,123.32239999999989
2026-03-11 08:28:06.000000000,27.228600000000014
2026-03-11 08:26:22.000000000,14.8081
2026-03-11 08:13:42.000000000,22.00520000000001
2026-03-11 08:59:38.000000000,7.985599999999993
2026-03-11 08:48:03.000000000,11.955900000000003
2026-03-11 08:26:53.000000000,88.9297
2026-03-11 09:34:47.000000000,51.2127
2026-03-11 09:19:36.000000000,11.122899999999994
2026-03-11 09:06:11.000000000,28.995200000000004
2026-03-11 09:49:47.000000000,67.37340000000006
2026-03-11 09:32:57.000000000,45.27079999999998
2026-03-11 09:06:31.000000000,18.473599999999998
2026-03-11 09:41:13.000000000,11.607099999999997
2026-03-11 09:33:36.000000000,19.196199999999973
2026-03-11 09:08:57.000000000,27.412900000000008
2026-03-11 09:29:36.000000000,20.28930000000002
2026-03-11 09:50:03.000000000,16.239700000000006
2026-03-11 09:02:33.000000000,19.682899999999997
2026-03-11 09:33:36.000000000,8.806100000000004
2026-03-11 09:23:38.000000000,39.453399999999995
2026-03-11 09:41:17.000000000,12.143100000000004
2026-03-11 09:42:23.000000000,76.38109999999998
2026-03-11 09:19:53.000000000,16.124299999999984
2026-03-11 09:07:51.000000000,30.013700000000007
2026-03-11 09:09:21.000000000,25.278999999999993
2026-03-11 09:13:16.000000000,21.993099999999995
2026-03-11 09:33:56.000000000,8.748500000000003
2026-03-11 09:42:18.000000000,16.750800000000005
2026-03-11 10:44:40.000000000,7.352499999999997
2026-03-11 10:18:56.000000000,37.797
2026-03-11 10:30:00.000000000,51.203300000000006
2026-03-11 10:11:09.000000000,16.2901
2026-03-11 10:26:40.000000000,48.91960000000003
2026-03-11 10:23:57.000000000,9.978800000000001
2026-03-11 10:11:17.000000000,9.053800000000008
2026-03-11 10:24:52.000000000,19.706099999999996
2026-03-11 10:26:21.000000000,20.124900000000004
2026-03-11 10:16:58.000000000,13.736899999999991
2026-03-11 10:27:03.000000000,46.61220000000001
2026-03-11 10:04:23.000000000,31.49570000000001
2026-03-11 10:42:53.000000000,12.806599999999998
2026-03-11 10:34:45.000000000,21.097399999999997
2026-03-11 10:08:03.000000000,8.885200000000008
2026-03-11 10:42:45.000000000,15.4912
2026-03-11 11:47:43.000000000,25.75289999999999
2026-03-11 11:10:29.000000000,13.389100000000015
2026-03-11 11:25:32.000000000,15.861200000000007
2026-03-11 11:56:16.000000000,28.783299999999993
2026-03-11 11:44:14.000000000,17.621099999999984
2026-03-11 11:06:52.000000000,28.04149999999999
2026-03-11 11:13:31.000000000,30.517400000000006
2026-03-11 11:39:09.000000000,6.371300000000002
2026-03-11 11:30:24.000000000,11.741699999999996
2026-03-11 11:51:55.000000000,87.52239999999992
2026-03-11 11:18:58.000000000,16.0365
2026-03-11 11:10:25.000000000,81.71529999999998
2026-03-11 11:20:41.000000000,9.830600000000004
2026-03-11 11:51:03.000000000,10.760000000000002
2026-03-11 11:34:31.000000000,29.614199999999986
2026-03-11 11:57:37.000000000,6.6415999999999995
2026-03-11 11:33:27.000000000,9.902000000000001
2026-03-11 11:47:39.000000000,20.43319999999999
2026-03-11 12:58:28.000000000,66.7325
2026-03-11 12:48:25.000000000,33.84
2026-03-11 12:50:24.000000000,52.02349999999999
2026-03-11 12:17:10.000000000,11.992299999999998
2026-03-11 12:14:10.000000000,51.05900000000001
2026-03-11 12:57:15.000000000,52.41889999999994
2026-03-11 12:25:47.000000000,27.542600000000007
2026-03-11 12:15:06.000000000,19.961399999999994
2026-03-11 12:10:39.000000000,21.287000000000003
2026-03-11 12:13:15.000000000,116.75410000000007
2026-03-11 12:16:00.000000000,10.908599999999993
2026-03-11 12:37:46.000000000,167.3689
2026-03-11 12:59:20.000000000,9.081799999999998
2026-03-11 12:20:17.000000000,9.159900000000007
2026-03-11 12:43:04.000000000,17.490299999999998
2026-03-11 12:59:20.000000000,11.821800000000001
2026-03-11 12:25:08.000000000,74.82579999999999
2026-03-11 12:34:09.000000000,10.591800000000008
2026-03-11 12:37:11.000000000,23.577399999999983
2026-03-11 12:40:38.000000000,17.719
2026-03-11 12:48:32.000000000,40.54380000000001
2026-03-11 12:17:56.000000000,19.2408
2026-03-11 13:46:32.000000000,17.2573
2026-03-11 13:41:48.000000000,12.564499999999999
2026-03-11 13:47:40.000000000,11.475600000000007
2026-03-11 13:14:19.000000000,8.208099999999995
2026-03-11 13:37:17.000000000,14.43399999999999
2026-03-11 13:38:43.000000000,18.02169999999999
2026-03-11 13:46:12.000000000,60.472300000000004
2026-03-11 13:59:11.000000000,28.502099999999995
2026-03-11 13:29:24.000000000,88.66480000000007
2026-03-11 13:11:19.000000000,34.96500000000002
2026-03-11 13:17:06.000000000,14.52479999999998
2026-03-11 13:03:12.000000000,21.639099999999996
2026-03-11 13:53:29.000000000,31.490000000000013
2026-03-11 13:07:15.000000000,25.047799999999988
2026-03-11 14:01:20.000000000,77.07359999999998
2026-03-11 14:49:55.000000000,5.9249
2026-03-11 14:36:23.000000000,42.14059999999999
2026-03-11 14:48:04.000000000,18.5802
2026-03-11 14:16:02.000000000,16.871399999999998
2026-03-11 14:52:17.000000000,127.96869999999997
2026-03-11 14:27:09.000000000,15.321699999999995
2026-03-11 14:52:24.000000000,20.510699999999975
2026-03-11 14:52:53.000000000,41.26249999999999
2026-03-11 14:59:53.000000000,257.4873999999998
2026-03-11 14:59:15.000000000,20.02599999999999
2026-03-11 14:42:20.000000000,14.502499999999987
2026-03-11 14:57:51.000000000,50.587099999999985
2026-03-11 14:52:19.000000000,30.91349999999999
2026-03-11 14:29:01.000000000,26.438900000000004
2026-03-11 14:36:33.000000000,94.96400000000001
2026-03-11 14:37:44.000000000,79.4017
2026-03-11 15:38:49.000000000,30.82740000000003
2026-03-11 15:10:13.000000000,10.362999999999998
2026-03-11 15:20:51.000000000,5.793799999999999
2026-03-11 15:16:55.000000000,9.847999999999999
2026-03-11 15:18:21.000000000,7.987699999999992
2026-03-11 15:18:18.000000000,13.220299999999995
2026-03-11 16:09:42.000000000,10.752499999999998
2026-03-11 16:33:42.000000000,78.65519999999998
2026-03-11 16:10:00.000000000,35.44949999999999
2026-03-11 16:35:43.000000000,53.613799999999976
2026-03-11 16:56:06.000000000,13.825099999999999
2026-03-11 16:48:09.000000000,68.2585
2026-03-11 16:11:31.000000000,11.581700000000001
2026-03-11 16:46:04.000000000,49.82780000000002
2026-03-11 16:44:28.000000000,9.3598
2026-03-11 16:06:08.000000000,8.328699999999998
2026-03-11 16:36:04.000000000,28.280599999999996
2026-03-11 16:03:55.000000000,69.8462
2026-03-11 16:38:36.000000000,17.535400000000006
2026-03-11 16:01:49.000000000,96.36889999999995
2026-03-11 17:19:57.000000000,13.817599999999997
2026-03-11 17:00:08.000000000,46.77669999999999
2026-03-11 17:28:21.000000000,41.93409999999999
2026-03-11 17:19:49.000000000,108.40270000000002
2026-03-11 17:29:46.000000000,19.608800000000016
2026-03-11 17:53:47.000000000,29.902200000000008
2026-03-11 17:09:49.000000000,19.76070000000002
2026-03-11 17:13:52.000000000,53.52800000000003
2026-03-11 17:39:28.000000000,17.641400000000004
2026-03-11 17:01:45.000000000,14.222399999999993
2026-03-11 17:32:14.000000000,51.22379999999998
2026-03-11 17:28:09.000000000,12.384099999999998
2026-03-11 17:32:59.000000000,20.365999999999982
2026-03-11 17:39:17.000000000,28.14619999999997
2026-03-11 17:49:39.000000000,13.178200000000002
2026-03-11 17:11:59.000000000,15.724599999999993
2026-03-11 17:30:58.000000000,56.70690000000004
2026-03-11 18:41:50.000000000,16.157800000000012
2026-03-11 18:12:23.000000000,9.537199999999999
2026-03-11 18:05:26.000000000,16.024199999999997
2026-03-11 18:15:39.000000000,24.3568
2026-03-11 18:20:47.000000000,53.36420000000001
2026-03-11 18:07:45.000000000,32.38329999999999
2026-03-11 18:59:29.000000000,12.428700000000006
2026-03-11 18:12:31.000000000,10.07130000000001
2026-03-11 18:58:54.000000000,20.52489999999999
2026-03-11 18:30:13.000000000,91.53999999999998
2026-03-11 18:54:16.000000000,139.95069999999996
2026-03-11 18:10:49.000000000,14.728699999999995
2026-03-11 18:34:42.000000000,25.816199999999995
2026-03-11 18:02:13.000000000,15.992000000000003
2026-03-11 18:03:01.000000000,27.629999999999992
2026-03-11 19:14:18.000000000,21.9333
2026-03-11 19:32:01.000000000,85.0328
2026-03-11 19:35:29.000000000,58.523100000000014
2026-03-11 19:46:01.000000000,19.530500000000004
2026-03-11 19:15:11.000000000,17.81240000000001
2026-03-11 19:06:12.000000000,15.383200000000006
2026-03-11 19:17:04.000000000,10.3797
2026-03-11 19:08:37.000000000,20.1587
2026-03-11 19:13:26.000000000,45.12440000000001
2026-03-11 19:49:54.000000000,25.23720000000001
2026-03-11 19:23:35.000000000,26.216700000000014
2026-03-11 19:57:25.000000000,10.949400000000008
2026-03-11 19:52:49.000000000,9.9949
2026-03-11 19:18:28.000000000,18.584500000000002
2026-03-11 19:00:00.000000000,27.43130000000003
2026-03-11 19:32:37.000000000,6.833599999999998
2026-03-11 19:11:00.000000000,108.75399999999995
2026-03-11 19:02:59.000000000,16.96589999999999
2026-03-11 19:19:13.000000000,50.8978
2026-03-11 19:31:08.000000000,50.2394
2026-03-11 19:05:26.000000000,13.690500000000002
2026-03-11 19:51:14.000000000,9.158100000000003
2026-03-11 19:03:11.000000000,29.795499999999997
2026-03-11 20:11:09.000000000,27.028899999999993
2026-03-11 20:15:15.000000000,34.092400000000005
2026-03-11 20:21:48.000000000,44.37910000000001
2026-03-11 20:00:26.000000000,66.11689999999999
2026-03-11 20:27:05.000000000,6.1109000000000036
2026-03-11 20:49:39.000000000,26.204299999999986
2026-03-11 20:00:28.000000000,12.866299999999994
2026-03-11 20:01:42.000000000,36.43699999999999
2026-03-11 20:21:12.000000000,104.6158
2026-03-11 20:38:13.000000000,24.5618
2026-03-11 20:37:42.000000000,16.061499999999995
2026-03-11 20:03:39.000000000,14.4634
2026-03-11 20:13:26.000000000,6.884200000000002
2026-03-11 20:26:29.000000000,11.887899999999991
2026-03-11 20:10:23.000000000,26.113900000000008
2026-03-11 20:15:56.000000000,17.037800000000015
2026-03-11 20:07:19.000000000,136.13740000000004
2026-03-11 20:43:53.000000000,54.8007
2026-03-11 20:18:51.000000000,28.07549999999999
2026-03-11 20:06:19.000000000,17.83320000000002
2026-03-11 20:52:57.000000000,47.545599999999965
2026-03-11 21:49:01.000000000,20.249200000000002
2026-03-11 21:10:59.000000000,18.77760000000001
2026-03-11 21:06:24.000000000,17.539099999999998
2026-03-11 21:30:47.000000000,17.920099999999994
2026-03-11 21:31:54.000000000,65.86890000000002
2026-03-11 21:13:34.000000000,37.564799999999984
2026-03-11 21:04:19.000000000,56.836499999999994
2026-03-11 21:26:05.000000000,8.528299999999993
2026-03-11 21:03:56.000000000,32.6019
2026-03-11 21:01:37.000000000,18.011099999999974
2026-03-11 21:26:56.000000000,18.008300000000023
2026-03-11 21:48:03.000000000,10.967100000000007
2026-03-11 21:02:20.000000000,21.320999999999984
2026-03-11 21:37:14.000000000,11.685299999999994
2026-03-11 21:22:36.000000000,13.230100000000004
2026-03-11 21:34:51.000000000,11.026000000000003
2026-03-11 21:03:48.000000000,80.4114
2026-03-11 21:33:55.000000000,7.593800000000004
2026-03-11 22:22:22.000000000,16.8714
2026-03-11 22:53:25.000000000,5.166599999999999
2026-03-11 22:55:30.000000000,20.659799999999986
2026-03-11 22:01:48.000000000,18.13930000000001
2026-03-11 22:45:37.000000000,9.459699999999996
2026-03-11 22:26:40.000000000,40.68500000000001
2026-03-11 22:03:04.000000000,63.314400000000006
2026-03-11 22:32:23.000000000,29.401400000000002
2026-03-11 22:48:13.000000000,16.31429999999999
2026-03-11 22:45:02.000000000,35.38730000000001
2026-03-11 23:55:18.000000000,8.101300000000002
2026-03-11 23:18:03.000000000,29.088399999999996
2026-03-11 23:21:27.000000000,11.546400000000004
2026-03-11 23:11:34.000000000,21.372999999999998
2026-03-11 23:29:53.000000000,15.689799999999996
2026-03-11 23:08:51.000000000,12.386699999999996
2026-03-11 23:24:09.000000000,34.07179999999998
2026-03-11 23:11:44.000000000,23.732299999999995
2026-03-11 23:02:13.000000000,7.992100000000004
2026-03-11 23:20:38.000000000,19.15840000000001
2026-03-11 23:39:04.000000000,11.078200000000002
2026-03-11 23:10:17.000000000,48.200700000000005
2026-03-11 23:19:30.000000000,16.74830000000001
2026-03-11 23:45:24.000000000,11.73890000000001
2026-03-11 23:51:03.000000000,12.672399999999998
2026-03-11 23:30:56.000000000,16.3027
2026-03-11 23:16:24.000000000,7.445099999999997
2026-03-12 00:42:24.000000000,47.74929999999999
2026-03-12 00:21:04.000000000,18.043699999999994
2026-03-12 00:08:44.000000000,24.966099999999994
2026-03-12 00:04:33.000000000,15.045299999999996
2026-03-12 00:30:07.000000000,16.86189999999999
2026-03-12 00:07:16.000000000,52.447399999999995
2026-03-12 00:10:12.000000000,40.2894
2026-03-12 00:13:58.000000000,10.710799999999999
2026-03-12 00:58:53.000000000,13.11429999999999
2026-03-12 00:12:43.000000000,33.75470000000001
2026-03-12 00:01:35.000000000,5.881799999999999
2026-03-12 00:42:49.000000000,19.012700000000017
2026-03-12 00:29:38.000000000,9.820600000000002
2026-03-12 00:00:36.000000000,39.861000000000004
2026-03-12 00:27:29.000000000,10.771800000000008
2026-03-12 00:25:12.000000000,17.7687
2026-03-12 00:12:13.000000000,7.2620999999999984
2026-03-12 00:15:12.000000000,8.989600000000003
2026-03-12 01:26:11.000000000,9.493299999999998
2026-03-12 01:09:03.000000000,13.65799999999999
2026-03-12 02:42:11.000000000,80.82430000000005
2026-03-12 02:42:33.000000000,20.76459999999999
2026-03-12 02:41:25.000000000,53.71329999999999
2026-03-12 03:14:57.000000000,11.862999999999994
2026-03-12 03:49:20.000000000,5.877199999999998
2026-03-12 03:03:25.000000000,15.77680000000002
2026-03-12 03:45:39.000000000,15.547700000000003
2026-03-12 03:28:42.000000000,50.60229999999998
2026-03-12 03:27:40.000000000,8.669799999999995
2026-03-12 03:48:32.000000000,30.054799999999982
2026-03-12 03:07:44.000000000,35.67779999999998
2026-03-12 03:58:16.000000000,7.276000000000002
2026-03-12 04:05:38.000000000,15.852199999999998
2026-03-12 04:37:21.000000000,6.574700000000003
2026-03-12 04:48:38.000000000,10.187799999999996
2026-03-12 04:07:42.000000000,26.324399999999997
2026-03-12 04:01:05.000000000,29.734100000000012
2026-03-12 04:28:18.000000000,57.60840000000001
2026-03-12 05:06:08.000000000,22.402500000000003
2026-03-12 05:43:24.000000000,42.673500000000004
2026-03-12 05:41:31.000000000,51.62190000000001
2026-03-12 05:18:13.000000000,27.414500000000004
2026-03-12 05:30:31.000000000,106.12370000000001
2026-03-12 05:42:11.000000000,17.663599999999995
2026-03-12 05:28:18.000000000,9.900900000000007
2026-03-12 06:44:12.000000000,8.262799999999993
2026-03-12 06:51:44.000000000,11.475899999999994
2026-03-12 06:48:06.000000000,5.451099999999997
2026-03-12 06:28:56.000000000,60.19099999999996
2026-03-12 06:29:38.000000000,13.336000000000018
2026-03-12 06:43:36.000000000,15.273599999999997
2026-03-12 06:48:58.000000000,10.743900000000002
2026-03-12 06:38:13.000000000,18.791199999999982
2026-03-12 06:07:24.000000000,5.497299999999999
2026-03-12 06:18:10.000000000,40.76420000000003
2026-03-12 06:07:57.000000000,16.942800000000005
2026-03-12 07:56:27.000000000,6.9613999999999985
2026-03-12 07:12:36.000000000,8.852600000000004
2026-03-12 07:52:39.000000000,10.151
2026-03-12 07:58:22.000000000,36.29009999999998
2026-03-12 07:34:03.000000000,12.090499999999999
2026-03-12 07:16:44.000000000,21.78750000000002
2026-03-12 07:29:44.000000000,66.68969999999997
2026-03-12 07:10:09.000000000,35.26129999999998
2026-03-12 07:05:58.000000000,86.8366
2026-03-12 07:37:02.000000000,34.481699999999975
2026-03-12 07:44:32.000000000,24.439400000000006
2026-03-12 07:27:07.000000000,33.908300000000004
2026-03-12 07:34:20.000000000,20.6727
2026-03-12 07:14:15.000000000,67.56599999999999
2026-03-12 07:02:27.000000000,32.61530000000002
2026-03-12 07:19:15.000000000,50.71790000000003
2026-03-12 07:07:08.000000000,15.650499999999976
2026-03-12 07:20:41.000000000,14.259799999999995
2026-03-12 07:38:06.000000000,16.67120000000001
2026-03-12 07:12:36.000000000,116.34489999999994
2026-03-12 08:28:10.000000000,12.099200000000002
2026-03-12 08:44:14.000000000,8.915700000000005
2026-03-12 08:01:11.000000000,18.382900000000006
2026-03-12 08:52:56.000000000,48.07029999999998
2026-03-12 08:00:11.000000000,34.15180000000002
2026-03-12 08:30:03.000000000,28.4826
2026-03-12 08:42:50.000000000,44.89500000000001
2026-03-12 08:09:56.000000000,43.25599999999999
2026-03-12 08:38:05.000000000,19.367699999999985
2026-03-12 08:30:57.000000000,12.530799999999997
2026-03-12 08:40:44.000000000,6.4164999999999965
2026-03-12 08:02:42.000000000,21.499700000000004
2026-03-12 08:47:06.000000000,21.79950000000001
2026-03-12 08:44:41.000000000,34.89140000000002
2026-03-12 08:12:59.000000000,10.696700000000007
2026-03-12 08:01:52.000000000,29.94509999999999
2026-03-12 08:42:31.000000000,45.644000000000005
2026-03-12 08:37:28.000000000,20.627599999999997
2026-03-12 08:46:28.000000000,12.517399999999983
2026-03-12 08:28:14.000000000,16.11839999999999
2026-03-12 08:08:08.000000000,50.86040000000002
2026-03-12 08:41:41.000000000,26.662099999999988
2026-03-12 08:48:40.000000000,30.24240000000001
2026-03-12 09:34:48.000000000,29.60460000000002
2026-03-12 09:44:59.000000000,7.9946
2026-03-12 09:48:15.000000000,14.707900000000011
2026-03-12 09:22:25.000000000,44.60029999999999
2026-03-12 09:25:42.000000000,26.94100000000001
2026-03-12 09:15:26.000000000,14.217000000000006
2026-03-12 09:06:29.000000000,10.41440000000001
2026-03-12 09:00:58.000000000,21.954099999999993
2026-03-12 09:48:41.000000000,29.268299999999996
2026-03-12 09:01:24.000000000,26.871800000000007
2026-03-12 09:14:46.000000000,38.52430000000001
2026-03-12 09:51:44.000000000,21.544
2026-03-12 09:07:44.000000000,7.663100000000001
2026-03-12 09:23:16.000000000,26.31420000000001
2026-03-12 09:37:31.000000000,22.370800000000013
2026-03-12 09:05:55.000000000,107.4674
2026-03-12 09:16:11.000000000,37.795500000000004
2026-03-12 09:37:33.000000000,26.786800000000003
2026-03-12 09:43:12.000000000,16.546100000000013
2026-03-12 09:59:52.000000000,7.7332
2026-03-12 09:28:04.000000000,10.661100000000006
2026-03-12 09:19:51.000000000,35.8903
2026-03-12 09:41:16.000000000,7.261799999999998
2026-03-12 09:45:22.000000000,14.541899999999993
2026-03-12 09:06:22.000000000,13.458800000000002
2026-03-12 09:21:15.000000000,28.39480000000001
2026-03-12 10:06:38.000000000,69.88589999999994
2026-03-12 10:07:56.000000000,18.944499999999984
2026-03-12 10:33:44.000000000,50.04139999999998
2026-03-12 10:35:31.000000000,7.673499999999998
2026-03-12 10:51:08.000000000,21.277599999999993
2026-03-12 10:34:14.000000000,13.078700000000008
2026-03-12 10:06:36.000000000,27.536899999999996
2026-03-12 10:21:08.000000000,77.03740000000002
2026-03-12 10:10:13.000000000,33.6454
2026-03-12 10:34:17.000000000,17.75790000000001
2026-03-12 10:15:57.000000000,12.0472
2026-03-12 10:55:05.000000000,30.12050000000001
2026-03-12 11:41:32.000000000,62.89020000000001
2026-03-12 11:58:19.000000000,17.981199999999998
2026-03-12 11:11:18.000000000,19.248000000000005
2026-03-12 11:40:32.000000000,6.3925
2026-03-12 11:10:40.000000000,48.61880000000002
2026-03-12 11:06:51.000000000,7.981099999999993
2026-03-12 11:28:03.000000000,6.218900000000004
2026-03-12 11:44:09.000000000,13.443800000000001
2026-03-12 11:41:12.000000000,28.63989999999998
2026-03-12 11:00:05.000000000,18.52069999999999
2026-03-12 11:36:11.000000000,19.856199999999973
2026-03-12 11:08:23.000000000,30.062999999999985
2026-03-12 11:36:44.000000000,15.962199999999994
2026-03-12 11:10:59.000000000,17.53490000000001
2026-03-12 11:43:02.000000000,11.0702
2026-03-12 11:42:22.000000000,30.99419999999998
2026-03-12 11:39:35.000000000,25.87729999999999
2026-03-12 12:12:23.000000000,6.862000000000004
2026-03-12 12:10:04.000000000,7.299400000000007
2026-03-12 12:53:12.000000000,22.189099999999993
2026-03-12 12:02:08.000000000,16.0302
2026-03-12 12:52:01.000000000,71.90920000000006
2026-03-12 12:16:08.000000000,50.91649999999996
2026-03-12 12:46:28.000000000,16.840099999999993
2026-03-12 12:54:30.000000000,18.658199999999997
2026-03-12 12:55:25.000000000,33.7227
2026-03-12 12:12:48.000000000,14.7587
2026-03-12 12:05:39.000000000,77.88270000000006
2026-03-12 12:43:12.000000000,27.489399999999996
2026-03-12 12:14:56.000000000,11.527899999999999
2026-03-12 12:01:56.000000000,31.243399999999983
2026-03-12 12:05:47.000000000,108.86060000000002
2026-03-12 12:13:37.000000000,17.817599999999988
2026-03-12 13:02:28.000000000,140.98439999999994
2026-03-12 13:44:24.000000000,64.23320000000002
2026-03-12 13:40:00.000000000,21.4518
2026-03-12 13:13:41.000000000,19.731800000000018
2026-03-12 13:08:32.000000000,30.55390000000002
2026-03-12 13:56:14.000000000,42.73599999999998
2026-03-12 13:09:43.000000000,72.39539999999998
2026-03-12 13:47:57.000000000,12.342299999999993
2026-03-12 13:49:34.000000000,13.161699999999998
2026-03-12 13:51:08.000000000,10.73390000000001
2026-03-12 13:32:56.000000000,10.9848
2026-03-12 13:56:31.000000000,11.702499999999997
2026-03-12 13:03:19.000000000,9.954200000000005
2026-03-12 13:11:37.000000000,8.935099999999997
2026-03-12 13:41:50.000000000,29.698399999999996
2026-03-12 14:07:38.000000000,45.69889999999999
2026-03-12 14:16:27.000000000,5.125000000000001
2026-03-12 14:46:38.000000000,68.25850000000004
2026-03-12 14:59:46.000000000,27.679899999999993
2026-03-12 14:09:51.000000000,8.3463
2026-03-12 14:00:55.000000000,109.35730000000001
2026-03-12 14:27:53.000000000,43.808799999999984
2026-03-12 14:18:34.000000000,15.983699999999992
2026-03-12 14:18:40.000000000,9.215000000000002
2026-03-12 14:47:15.000000000,5.966899999999998
2026-03-12 14:20:40.000000000,13.647799999999993
2026-03-12 14:42:46.000000000,57.0215
2026-03-12 14:12:24.000000000,7.386600000000002
2026-03-12 14:19:13.000000000,62.777300000000004
2026-03-12 14:42:53.000000000,7.098299999999998
2026-03-12 14:57:11.000000000,68.78529999999999
2026-03-12 14:43:17.000000000,13.757400000000017
2026-03-12 14:45:04.000000000,10.809900000000013
2026-03-12 14:43:39.000000000,7.924600000000002
2026-03-12 14:05:40.000000000,24.021400000000014
2026-03-12 14:49:00.000000000,20.244200000000003
2026-03-12 14:29:51.000000000,25.86610000000001
2026-03-12 14:01:30.000000000,12.527399999999998
2026-03-12 14:39:23.000000000,28.376199999999997
2026-03-12 14:31:07.000000000,26.0341
2026-03-12 14:43:03.000000000,19.1931
2026-03-12 14:08:13.000000000,31.7376
2026-03-12 14:23:00.000000000,20.533900000000003
2026-03-12 15:41:23.000000000,19.673
2026-03-12 15:17:08.000000000,48.25260000000003
2026-03-12 15:44:36.000000000,9.43320000000001
2026-03-12 15:00:42.000000000,24.22290000000001
2026-03-12 15:20:14.000000000,28.222500000000014
2026-03-12 15:42:22.000000000,11.807000000000002
2026-03-12 15:08:22.000000000,18.888999999999985
2026-03-12 15:05:25.000000000,41.92390000000001
2026-03-12 15:49:14.000000000,10.8991
2026-03-12 15:15:09.000000000,13.581200000000003
2026-03-12 15:29:11.000000000,14.943000000000005
2026-03-12 15:21:48.000000000,32.28099999999999
2026-03-12 15:34:01.000000000,10.3836
2026-03-12 15:40:40.000000000,54.81359999999999
2026-03-12 16:07:40.000000000,20.937899999999996
2026-03-12 16:13:17.000000000,7.609699999999998
2026-03-12 16:28:48.000000000,45.57389999999997
2026-03-12 16:11:55.000000000,39.104100000000024
2026-03-12 16:50:02.000000000,19.8009
2026-03-12 16:07:51.000000000,9.879400000000006
2026-03-12 16:53:10.000000000,6.822700000000003
2026-03-12 16:37:41.000000000,18.24629999999999
2026-03-12 16:06:11.000000000,10.5092
2026-03-12 16:36:24.000000000,20.66099999999999
2026-03-12 16:53:54.000000000,12.630100000000004
2026-03-12 16:38:02.000000000,10.201400000000005
2026-03-12 16:55:40.000000000,21.259599999999995
2026-03-12 16:12:34.000000000,7.943000000000001
2026-03-12 16:41:02.000000000,8.73109999999999
2026-03-12 16:26:19.000000000,9.958000000000006
2026-03-12 16:18:43.000000000,16.58360000000001
2026-03-12 16:29:04.000000000,26.655000000000015
2026-03-12 16:52:43.000000000,14.283999999999994
2026-03-12 16:33:45.000000000,14.327899999999984
2026-03-12 16:08:23.000000000,34.19140000000002
2026-03-12 16:10:25.000000000,161.1319
2026-03-12 16:24:53.000000000,15.194300000000004
2026-03-12 16:10:06.000000000,12.329799999999988
2026-03-12 16:19:22.000000000,32.38890000000001
2026-03-12 17:37:53.000000000,10.775700000000006
2026-03-12 17:33:22.000000000,56.13269999999999
2026-03-12 17:36:34.000000000,52.9842
2026-03-12 17:32:01.000000000,146.0728999999999
2026-03-12 17:04:03.000000000,12.996699999999999
2026-03-12 17:40:29.000000000,55.11419999999999
2026-03-12 17:15:04.000000000,26.936000000000007
2026-03-12 17:36:15.000000000,31.566199999999995
2026-03-12 17:24:48.000000000,32.602199999999996
2026-03-12 17:04:35.000000000,19.419199999999975
2026-03-12 17:15:54.000000000,29.1301
2026-03-12 17:13:58.000000000,16.651799999999994
2026-03-12 17:48:27.000000000,21.983199999999997
2026-03-12 17:01:09.000000000,127.54159999999997
2026-03-12 17:41:32.000000000,14.28470000000001
2026-03-12 17:24:16.000000000,64.15549999999998
2026-03-12 17:39:06.000000000,25.20959999999999
2026-03-12 17:14:05.000000000,56.70539999999999
2026-03-12 17:36:45.000000000,13.68049999999999
2026-03-12 17:43:42.000000000,9.715099999999994
2026-03-12 17:10:48.000000000,51.499599999999994
2026-03-12 17:17:25.000000000,17.423599999999997
2026-03-12 17:39:17.000000000,31.294200000000018
2026-03-12 18:51:58.000000000,28.01030000000001
2026-03-12 18:40:26.000000000,27.96889999999999
2026-03-12 18:22:15.000000000,23.41159999999999
2026-03-12 18:02:32.000000000,26.997600000000002
2026-03-12 18:02:33.000000000,32.98800000000001
2026-03-12 18:09:04.000000000,10.796500000000005
2026-03-12 18:45:10.000000000,19.7244
2026-03-12 18:32:53.000000000,9.0534
2026-03-12 18:10:46.000000000,15.445600000000004
2026-03-12 18:58:00.000000000,15.656499999999994
2026-03-12 18:51:51.000000000,17.21209999999998
2026-03-12 18:49:19.000000000,39.56339999999998
2026-03-12 18:16:55.000000000,43.009300000000025
2026-03-12 18:35:59.000000000,9.599599999999995
2026-03-12 18:40:47.000000000,10.68140000000001
2026-03-12 18:33:52.000000000,8.777000000000001
2026-03-12 18:35:30.000000000,12.459999999999996
2026-03-12 18:16:35.000000000,22.7276
2026-03-12 18:12:43.000000000,18.389700000000012
2026-03-12 18:01:56.000000000,23.72770000000001
2026-03-12 18:05:42.000000000,7.437500000000001
2026-03-12 18:08:48.000000000,12.506199999999996
2026-03-12 18:55:50.000000000,22.10540000000002
2026-03-12 19:32:12.000000000,18.585700000000003
2026-03-12 19:28:09.000000000,31.303900000000013
2026-03-12 19:16:52.000000000,32.7833
2026-03-12 19:42:22.000000000,20.811099999999996
2026-03-12 19:49:25.000000000,36.13369999999999
2026-03-12 19:58:28.000000000,7.290699999999996
2026-03-12 19:03:27.000000000,27.80559999999999
2026-03-12 19:14:48.000000000,34.44279999999999
2026-03-12 19:12:00.000000000,26.644400000000008
2026-03-12 19:10:53.000000000,25.838999999999995
2026-03-12 19:47:07.000000000,37.653700000000015
2026-03-12 19:05:03.000000000,12.651100000000003
2026-03-12 19:57:21.000000000,11.34520000000001
2026-03-12 19:29:16.000000000,23.973799999999997
2026-03-12 19:42:16.000000000,28.606699999999975
2026-03-12 19:36:28.000000000,13.618300000000016
2026-03-12 19:52:21.000000000,12.486599999999989
2026-03-12 19:23:49.000000000,20.085399999999996
2026-03-12 19:18:29.000000000,9.68330000000001
2026-03-12 19:44:07.000000000,15.134999999999996
2026-03-12 19:00:18.000000000,69.9726
2026-03-12 19:25:58.000000000,8.292299999999997
2026-03-12 19:39:02.000000000,129.2862999999999
2026-03-12 19:41:40.000000000,75.73919999999997
2026-03-12 19:58:47.000000000,61.67270000000001
2026-03-12 19:17:43.000000000,13.900000000000002
2026-03-12 19:39:24.000000000,17.566200000000002
2026-03-12 19:15:02.000000000,37.49349999999998
2026-03-12 20:10:26.000000000,14.218399999999995
2026-03-12 20:09:28.000000000,28.189800000000005
2026-03-12 20:15:24.000000000,7.829100000000002
2026-03-12 20:43:12.000000000,20.734399999999987
2026-03-12 20:28:10.000000000,40.677800000000005
2026-03-12 20:48:45.000000000,55.0027
2026-03-12 20:39:25.000000000,17.20149999999999
2026-03-12 20:30:16.000000000,10.355700000000002
2026-03-12 20:55:45.000000000,9.410100000000005
2026-03-12 20:53:26.000000000,9.087300000000006
2026-03-12 20:32:35.000000000,8.633099999999994
2026-03-12 20:36:23.000000000,52.69260000000001
2026-03-12 20:06:21.000000000,17.815600000000007
2026-03-12 20:35:14.000000000,65.87169999999998
2026-03-12 20:44:40.000000000,42.79959999999999
2026-03-12 20:05:12.000000000,44.46689999999997
2026-03-12 20:45:38.000000000,72.19959999999999
2026-03-12 20:47:31.000000000,23.176599999999993
2026-03-12 20:31:41.000000000,10.685600000000012
2026-03-12 20:24:10.000000000,27.757700000000003
2026-03-12 21:56:06.000000000,17.4722
2026-03-12 21:32:23.000000000,11.87150000000001
2026-03-12 21:48:55.000000000,34.0605
2026-03-12 21:51:55.000000000,36.2219
2026-03-12 21:24:48.000000000,9.673799999999993
2026-03-12 21:58:13.000000000,15.086999999999989
2026-03-12 21:55:22.000000000,13.600000000000001
2026-03-12 21:17:55.000000000,9.897199999999993
2026-03-12 21:34:17.000000000,23.326700000000006
2026-03-12 21:39:54.000000000,7.1014
2026-03-12 21:12:30.000000000,24.827099999999994
2026-03-12 21:33:00.000000000,30.757800000000017
2026-03-12 21:14:38.000000000,17.003500000000006
2026-03-12 21:50:46.000000000,9.842200000000002
2026-03-12 21:58:41.000000000,11.738999999999997
2026-03-12 21:05:30.000000000,136.10750000000004
2026-03-12 21:56:50.000000000,15.657399999999994
2026-03-12 21:34:03.000000000,9.824299999999997
2026-03-12 21:19:25.000000000,57.480800000000016
2026-03-12 22:54:30.000000000,44.19410000000003
2026-03-12 22:09:46.000000000,12.481599999999998
2026-03-12 22:52:57.000000000,13.734900000000012
2026-03-12 22:56:56.000000000,39.60769999999999
2026-03-12 22:56:36.000000000,9.732700000000012
2026-03-12 22:35:55.000000000,42.268299999999996
2026-03-12 22:14:09.000000000,8.726899999999995
2026-03-12 22:22:35.000000000,47.206199999999995
2026-03-12 22:07:06.000000000,46.66409999999997
2026-03-12 22:23:01.000000000,17.05059999999999
2026-03-12 22:21:02.000000000,132.05089999999993
2026-03-12 22:05:40.000000000,66.32009999999997
2026-03-12 22:06:13.000000000,119.353
2026-03-12 22:18:23.000000000,9.8423
2026-03-12 22:53:59.000000000,21.108600000000006
2026-03-12 22:36:04.000000000,20.8889
2026-03-12 22:35:18.000000000,19.789499999999993
2026-03-12 22:37:51.000000000,17.320300000000003
2026-03-12 22:13:33.000000000,53.64269999999998
2026-03-12 22:44:14.000000000,20.695499999999985
2026-03-12 22:50:56.000000000,13.894599999999999
2026-03-12 23:44:18.000000000,22.367099999999986
2026-03-12 23:34:50.000000000,70.6569
2026-03-12 23:24:04.000000000,12.692899999999995
2026-03-12 23:58:34.000000000,36.01810000000001
2026-03-12 23:42:34.000000000,17.69800000000001
2026-03-12 23:02:25.000000000,31.3204
2026-03-12 23:04:55.000000000,5.957699999999999
2026-03-12 23:49:19.000000000,22.949600000000018
2026-03-12 23:28:39.000000000,23.3911
2026-03-13 00:22:07.000000000,62.604000000000006
2026-03-13 00:17:10.000000000,23.231099999999998
2026-03-13 00:54:46.000000000,10.333200000000001
2026-03-13 00:16:50.000000000,11.707299999999998
2026-03-13 00:42:42.000000000,20.083700000000015
2026-03-13 00:51:56.000000000,12.511499999999995
2026-03-13 00:22:20.000000000,10.950099999999997
2026-03-13 00:38:17.000000000,8.621500000000001
2026-03-13 00:23:49.000000000,76.10760000000002
2026-03-13 00:22:25.000000000,36.58349999999998
2026-03-13 00:41:21.000000000,5.821700000000003
2026-03-13 01:16:13.000000000,14.0512
2026-03-13 01:08:17.000000000,32.446400000000025
2026-03-13 01:49:09.000000000,12.329500000000001
2026-03-13 01:39:56.000000000,7.522299999999996
2026-03-13 01:34:41.000000000,38.16669999999997
2026-03-13 01:28:00.000000000,19.41650000000002
2026-03-13 02:42:12.000000000,39.80430000000002
2026-03-13 02:16:35.000000000,81.12420000000002
2026-03-13 02:14:24.000000000,37.66330000000002
2026-03-13 03:37:36.000000000,12.035699999999995
2026-03-13 03:43:12.000000000,17.683699999999998
2026-03-13 04:10:07.000000000,29.9207
2026-03-13 04:39:20.000000000,47.042999999999985
2026-03-13 04:19:14.000000000,17.049300000000006
2026-03-13 04:28:50.000000000,49.40819999999998
2026-03-13 04:16:59.000000000,41.662299999999995
2026-03-13 04:43:18.000000000,95.35700000000003
2026-03-13 04:14:25.000000000,10.174799999999994
2026-03-13 05:34:10.000000000,118.62290000000002
2026-03-13 05:17:50.000000000,11.877000000000002
2026-03-13 05:19:57.000000000,55.172900000000006
2026-03-13 05:40:55.000000000,12.219100000000005
2026-03-13 05:32:09.000000000,44.4454
2026-03-13 06:03:50.000000000,16.94279999999999
2026-03-13 06:46:55.000000000,9.078900000000003
2026-03-13 06:03:01.000000000,19.717300000000016
2026-03-13 06:50:56.000000000,74.5836
2026-03-13 06:47:25.000000000,11.6432
2026-03-13 07:56:30.000000000,35.8951
2026-03-13 07:04:04.000000000,24.93789999999998
2026-03-13 07:39:58.000000000,12.434999999999995
2026-03-13 07:31:30.000000000,31.50209999999998
2026-03-13 07:42:03.000000000,33.94370000000001
2026-03-13 07:29:13.000000000,17.086300000000005
2026-03-13 07:15:38.000000000,27.841000000000005
2026-03-13 07:55:02.000000000,11.923900000000005
2026-03-13 07:01:16.000000000,95.1336
2026-03-13 07:54:32.000000000,8.778300000000003
2026-03-13 07:13:45.000000000,20.710799999999985
2026-03-13 07:07:07.000000000,11.194400000000003
2026-03-13 07:00:03.000000000,18.9079
2026-03-13 07:06:43.000000000,20.084000000000007
2026-03-13 07:25:05.000000000,11.982700000000005
2026-03-13 07:35:25.000000000,53.98270000000005
2026-03-13 08:11:50.000000000,30.7883
2026-03-13 08:12:28.000000000,20.33399999999999
2026-03-13 08:35:07.000000000,26.968599999999988
2026-03-13 08:02:46.000000000,73.875
2026-03-13 08:44:24.000000000,58.731299999999976
2026-03-13 08:41:05.000000000,14.231899999999996
2026-03-13 08:03:37.000000000,18.360399999999984
2026-03-13 08:25:33.000000000,17.652600000000007
2026-03-13 08:18:27.000000000,9.849699999999999
2026-03-13 08:33:53.000000000,19.5103
2026-03-13 08:28:36.000000000,17.538800000000002
2026-03-13 08:47:03.000000000,17.358499999999992
2026-03-13 08:51:00.000000000,78.96149999999996
2026-03-13 08:00:35.000000000,44.033500000000025
2026-03-13 08:20:38.000000000,9.381999999999998
2026-03-13 08:16:57.000000000,9.004700000000003
2026-03-13 08:32:00.000000000,22.9142
2026-03-13 08:52:38.000000000,36.6092
2026-03-13 08:00:57.000000000,15.410800000000002
2026-03-13 08:32:34.000000000,53.87539999999999
2026-03-13 08:26:29.000000000,18.925200000000014
2026-03-13 08:25:43.000000000,84.2466
2026-03-13 08:03:48.000000000,34.319599999999994
2026-03-13 09:46:49.000000000,24.74999999999999
2026-03-13 09:33:31.000000000,8.934899999999992
2026-03-13 09:16:49.000000000,14.250199999999996
2026-03-13 09:00:34.000000000,8.0596
2026-03-13 09:01:13.000000000,55.17389999999997
2026-03-13 09:54:33.000000000,14.891699999999991
2026-03-13 09:55:19.000000000,23.364899999999984
2026-03-13 09:41:33.000000000,9.190100000000001
2026-03-13 09:08:34.000000000,37.01030000000001
2026-03-13 09:27:51.000000000,20.388900000000017
2026-03-13 09:10:54.000000000,17.054700000000004
2026-03-13 09:06:29.000000000,11.647600000000004
2026-03-13 09:47:27.000000000,27.45059999999998
2026-03-13 10:53:00.000000000,37.62300000000001
2026-03-13 10:17:32.000000000,32.822399999999995
2026-03-13 10:26:52.000000000,8.318700000000005
2026-03-13 10:42:17.000000000,7.6202000000000005
2026-03-13 10:56:31.000000000,9.101300000000004
2026-03-13 10:56:12.000000000,17.143399999999982
2026-03-13 10:25:53.000000000,11.7293
2026-03-13 10:54:06.000000000,6.578999999999996
2026-03-13 10:40:58.000000000,12.428400000000002
2026-03-13 10:18:33.000000000,9.166300000000001
2026-03-13 11:44:09.000000000,16.102499999999996
2026-03-13 11:58:57.000000000,8.684400000000009
2026-03-13 11:41:21.000000000,26.015500000000003
2026-03-13 11:07:41.000000000,37.757300000000015
2026-03-13 11:35:26.000000000,66.29799999999999
2026-03-13 11:37:53.000000000,34.06780000000001
2026-03-13 11:41:00.000000000,12.955200000000008
2026-03-13 11:28:28.000000000,20.6891
2026-03-13 11:16:11.000000000,10.228599999999997
2026-03-13 11:10:18.000000000,11.610599999999998
2026-03-13 11:46:03.000000000,16.055199999999985
2026-03-13 11:08:35.000000000,15.736499999999994
2026-03-13 11:50:26.000000000,24.421600000000016
2026-03-13 12:21:14.000000000,68.14949999999997
2026-03-13 12:37:22.000000000,14.092299999999984
2026-03-13 12:01:41.000000000,25.196400000000008
2026-03-13 12:20:17.000000000,104.47000000000001
2026-03-13 12:16:03.000000000,13.943400000000011
2026-03-13 12:17:40.000000000,5.880800000000002
2026-03-13 12:48:23.000000000,9.450999999999992
2026-03-13 12:10:15.000000000,15.542300000000004
2026-03-13 13:00:07.000000000,28.12709999999998
2026-03-13 13:32:19.000000000,12.320600000000002
2026-03-13 13:46:25.000000000,7.880399999999997
2026-03-13 13:31:51.000000000,16.8523
2026-03-13 13:08:24.000000000,19.630200000000016
2026-03-13 13:02:56.000000000,17.711900000000004
2026-03-13 13:07:08.000000000,5.587900000000001
2026-03-13 13:05:03.000000000,33.69780000000001
2026-03-13 13:29:25.000000000,23.158199999999983
2026-03-13 13:24:52.000000000,31.808500000000024
2026-03-13 13:01:59.000000000,20.977100000000004
2026-03-13 14:11:27.000000000,21.257
2026-03-13 14:37:42.000000000,28.6538
2026-03-13 14:07:15.000000000,49.0714
2026-03-13 14:58:57.000000000,15.851200000000013
2026-03-13 14:15:56.000000000,6.017899999999992
2026-03-13 14:08:38.000000000,7.039699999999994
2026-03-13 14:37:22.000000000,18.056999999999995
2026-03-13 14:01:22.000000000,21.483400000000003
2026-03-13 14:51:44.000000000,74.304
2026-03-13 14:57:16.000000000,13.655000000000012
2026-03-13 14:33:11.000000000,19.759800000000002
2026-03-13 14:15:50.000000000,7.793800000000001
2026-03-13 14:59:29.000000000,385.7205999999998
2026-03-13 14:10:42.000000000,49.34989999999998
2026-03-13 14:23:34.000000000,5.402199999999998
2026-03-13 14:16:51.000000000,12.42369999999999
2026-03-13 14:42:49.000000000,28.272899999999986
2026-03-13 14:02:43.000000000,7.939
2026-03-13 15:20:01.000000000,10.541300000000001
2026-03-13 15:21:23.000000000,5.9912
2026-03-13 15:05:29.000000000,24.83079999999999
2026-03-13 15:46:32.000000000,10.167399999999997
2026-03-13 15:25:21.000000000,47.949700000000014
2026-03-13 15:20:08.000000000,30.714800000000004
2026-03-13 15:12:16.000000000,35.44370000000001
2026-03-13 15:04:38.000000000,16.256600000000002
2026-03-13 15:30:08.000000000,18.498
2026-03-13 15:13:07.000000000,9.410099999999998
2026-03-13 15:19:54.000000000,18.16060000000001
2026-03-13 15:18:28.000000000,28.376500000000014
2026-03-13 15:15:07.000000000,20.495700000000003
2026-03-13 15:54:15.000000000,18.406300000000005
2026-03-13 15:17:10.000000000,16.4268
2026-03-13 15:42:22.000000000,39.6689
2026-03-13 15:49:19.000000000,142.2118
2026-03-13 15:44:43.000000000,15.153899999999986
2026-03-13 15:43:20.000000000,20.156800000000004
2026-03-13 15:00:45.000000000,161.20879999999997
2026-03-13 15:10:22.000000000,48.1286
2026-03-13 15:54:11.000000000,23.80529999999999
2026-03-13 15:38:17.000000000,10.052899999999992
2026-03-13 16:38:18.000000000,26.036700000000014
2026-03-13 16:53:15.000000000,32.18260000000002
2026-03-13 16:22:14.000000000,18.577199999999976
2026-03-13 16:55:10.000000000,16.3731
2026-03-13 16:38:37.000000000,149.31570000000002
2026-03-13 16:19:03.000000000,14.179600000000002
2026-03-13 16:11:04.000000000,31.6938
2026-03-13 16:09:39.000000000,9.296300000000002
2026-03-13 16:27:53.000000000,11.495600000000003
2026-03-13 16:30:29.000000000,50.54819999999997
2026-03-13 16:38:54.000000000,7.984799999999998
2026-03-13 16:37:12.000000000,131.55290000000002
2026-03-13 16:03:40.000000000,14.744699999999993
2026-03-13 16:38:09.000000000,22.12180000000001
2026-03-13 16:47:39.000000000,10.301099999999995
2026-03-13 16:01:48.000000000,32.8782
2026-03-13 17:40:03.000000000,18.548800000000018
2026-03-13 17:58:18.000000000,14.1616
2026-03-13 17:04:52.000000000,131.33290000000008
2026-03-13 17:25:26.000000000,42.9029
2026-03-13 17:47:33.000000000,11.3398
2026-03-13 17:40:17.000000000,34.606199999999994
2026-03-13 17:31:57.000000000,9.680000000000009
2026-03-13 17:30:02.000000000,28.009900000000005
2026-03-13 17:55:50.000000000,25.9293
2026-03-13 17:13:59.000000000,17.218000000000004
2026-03-13 17:18:25.000000000,8.293000000000003
2026-03-13 17:37:15.000000000,15.896800000000006
2026-03-13 17:12:37.000000000,15.636099999999997
2026-03-13 17:05:40.000000000,8.0048
2026-03-13 17:40:20.000000000,14.700199999999986
2026-03-13 17:15:02.000000000,11.812999999999997
2026-03-13 17:17:28.000000000,20.9634
2026-03-13 17:59:42.000000000,42.903600000000004
2026-03-13 17:33:51.000000000,48.13920000000001
2026-03-13 17:03:47.000000000,10.610799999999998
2026-03-13 17:03:18.000000000,15.083700000000007
2026-03-13 17:07:01.000000000,23.318099999999994
2026-03-13 17:17:59.000000000,46.40959999999999
2026-03-13 17:22:42.000000000,11.876200000000004
2026-03-13 17:49:03.000000000,8.009999999999998
2026-03-13 17:20:15.000000000,26.251900000000006
2026-03-13 18:03:21.000000000,11.722700000000007
2026-03-13 18:41:34.000000000,13.882599999999991
2026-03-13 18:10:51.000000000,30.98180000000001
2026-03-13 18:05:18.000000000,7.893800000000002
2026-03-13 18:39:30.000000000,50.72449999999996
2026-03-13 18:01:03.000000000,11.104299999999999
2026-03-13 18:22:29.000000000,66.8476
2026-03-13 18:27:08.000000000,13.88050000000001
2026-03-13 18:55:14.000000000,8.634500000000003
2026-03-13 18:28:57.000000000,28.4124
2026-03-13 18:11:24.000000000,13.855699999999988
2026-03-13 18:24:26.000000000,36.17619999999999
2026-03-13 18:38:39.000000000,10.286599999999996
2026-03-13 18:24:54.000000000,41.78769999999999
2026-03-13 18:04:07.000000000,29.901399999999995
2026-03-13 18:59:19.000000000,29.006099999999993
2026-03-13 18:19:58.000000000,21.24869999999999
2026-03-13 18:08:19.000000000,8.917199999999996
2026-03-13 19:32:21.000000000,22.00839999999999
2026-03-13 19:12:00.000000000,5.938300000000003
2026-03-13 19:13:04.000000000,80.24949999999998
2026-03-13 19:24:18.000000000,67.29770000000002
2026-03-13 19:02:56.000000000,37.27390000000001
2026-03-13 19:56:02.000000000,6.263799999999999
2026-03-13 19:15:18.000000000,26.312400000000007
2026-03-13 19:07:56.000000000,16.028500000000005
2026-03-13 19:46:53.000000000,8.496099999999997
2026-03-13 19:58:44.000000000,6.244700000000002
2026-03-13 19:32:17.000000000,39.26970000000003
2026-03-13 19:00:09.000000000,21.504200000000004
2026-03-13 19:32:46.000000000,40.6444
2026-03-13 19:30:42.000000000,50.46569999999998
2026-03-13 19:33:05.000000000,31.41460000000001
2026-03-13 19:18:35.000000000,32.75320000000001
2026-03-13 19:56:18.000000000,48.513099999999994
2026-03-13 19:00:20.000000000,27.813899999999993
2026-03-13 20:59:10.000000000,6.2498000000000005
2026-03-13 20:11:55.000000000,12.114400000000007
2026-03-13 20:39:29.000000000,41.58629999999998
2026-03-13 20:54:22.000000000,14.534600000000001
2026-03-13 20:56:08.000000000,8.8479
2026-03-13 20:30:07.000000000,38.29020000000005
2026-03-13 20:30:01.000000000,9.830199999999998
2026-03-13 20:45:04.000000000,41.74159999999999
2026-03-13 20:17:10.000000000,17.84840000000001
2026-03-13 20:25:09.000000000,14.302099999999987
2026-03-13 20:43:14.000000000,28.965599999999995
2026-03-13 20:34:51.000000000,31.45920000000001
2026-03-13 20:02:06.000000000,25.153900000000004
2026-03-13 20:32:18.000000000,10.038200000000002
2026-03-13 20:22:14.000000000,24.05869999999998
2026-03-13 20:19:50.000000000,10.638999999999996
2026-03-13 20:23:39.000000000,31.36940000000002
2026-03-13 20:24:50.000000000,11.249500000000001
2026-03-13 20:06:12.000000000,8.588200000000006
2026-03-13 20:26:54.000000000,19.070500000000006
2026-03-13 20:08:36.000000000,14.990099999999993
2026-03-13 20:30:37.000000000,27.981499999999997
2026-03-13 20:02:05.000000000,7.2261000000000015
2026-03-13 20:25:31.000000000,18.916499999999978
2026-03-13 20:58:36.000000000,10.245
2026-03-13 20:21:01.000000000,7.100499999999999
2026-03-13 20:12:03.000000000,24.267700000000005
2026-03-13 21:45:42.000000000,11.458100000000004
2026-03-13 21:46:48.000000000,25.6816
2026-03-13 21:03:05.000000000,54.7774
2026-03-13 21:41:00.000000000,10.963699999999996
2026-03-13 21:58:11.000000000,36.288899999999984
2026-03-13 21:19:35.000000000,7.899100000000002
2026-03-13 21:05:47.000000000,38.07350000000001
2026-03-13 21:37:54.000000000,26.125400000000003
2026-03-13 21:07:40.000000000,44.927300000000024
2026-03-13 21:12:42.000000000,26.513200000000015
2026-03-13 21:40:16.000000000,7.4709
2026-03-13 21:48:37.000000000,39.1874
2026-03-13 21:07:23.000000000,17.87760000000001
2026-03-13 21:31:41.000000000,9.505699999999997
2026-03-13 21:43:58.000000000,18.38410000000001
2026-03-13 21:58:14.000000000,8.126999999999995
2026-03-13 21:13:30.000000000,20.241100000000003
2026-03-13 21:38:47.000000000,10.0008
2026-03-13 21:07:20.000000000,110.72589999999992
2026-03-13 21:23:48.000000000,10.646300000000004
2026-03-13 21:41:37.000000000,8.904200000000005
2026-03-13 21:19:02.000000000,10.667299999999994
2026-03-13 22:23:00.000000000,24.749800000000008
2026-03-13 22:31:30.000000000,30.342500000000005
2026-03-13 22:08:37.000000000,71.83829999999998
2026-03-13 22:35:36.000000000,19.12079999999999
2026-03-13 22:38:07.000000000,31.241900000000005
2026-03-13 22:55:42.000000000,25.465999999999994
2026-03-13 22:07:14.000000000,12.60689999999999
2026-03-13 22:57:06.000000000,17.01169999999999
2026-03-13 22:17:15.000000000,9.162600000000003
2026-03-13 22:23:02.000000000,11.023400000000004
2026-03-13 22:44:41.000000000,10.949200000000005
2026-03-13 22:01:02.000000000,11.4454
2026-03-13 22:48:12.000000000,10.739800000000002
2026-03-13 22:58:12.000000000,13.460799999999999
2026-03-13 22:04:47.000000000,46.024400000000036
2026-03-13 22:45:50.000000000,52.197199999999995
2026-03-13 22:43:45.000000000,28.0625
2026-03-13 22:41:27.000000000,34.14360000000001
2026-03-13 22:28:44.000000000,28.561399999999985
2026-03-13 22:22:04.000000000,8.981999999999998
2026-03-13 22:36:50.000000000,10.933199999999994
2026-03-13 22:55:21.000000000,15.37820000000001
2026-03-13 22:20:28.000000000,41.6533
2026-03-13 22:26:43.000000000,47.848899999999965
2026-03-13 22:54:06.000000000,39.3549
2026-03-13 23:32:01.000000000,20.18260000000001
2026-03-13 23:34:38.000000000,20.663199999999975
2026-03-13 23:21:29.000000000,11.070700000000002
2026-03-13 23:00:17.000000000,13.491500000000006
2026-03-13 23:44:20.000000000,9.241900000000001
2026-03-13 23:02:56.000000000,21.627799999999983
2026-03-13 23:45:28.000000000,15.2074
2026-03-13 23:34:22.000000000,24.747799999999994
2026-03-13 23:53:59.000000000,20.937800000000006
2026-03-13 23:07:08.000000000,38.3914
2026-03-13 23:45:50.000000000,19.844100000000008
2026-03-13 23:09:40.000000000,10.681499999999996
2026-03-13 23:40:01.000000000,7.763000000000001
2026-03-14 00:18:31.000000000,20.155200000000008
2026-03-14 00:35:55.000000000,42.63399999999999
2026-03-14 00:21:17.000000000,20.470999999999993
2026-03-14 00:25:54.000000000,26.847800000000003
2026-03-14 00:58:52.000000000,8.177200000000001
2026-03-14 00:45:38.000000000,10.036000000000007
2026-03-14 00:09:17.000000000,9.404499999999997
2026-03-14 00:20:40.000000000,14.213799999999999
2026-03-14 00:50:37.000000000,13.402999999999997
2026-03-14 00:21:17.000000000,59.49090000000003
2026-03-14 00:23:29.000000000,48.89550000000001
2026-03-14 00:25:19.000000000,25.714499999999997
2026-03-14 00:15:30.000000000,15.42699999999999
2026-03-14 00:13:49.000000000,80.64960000000002
2026-03-14 00:42:31.000000000,41.89130000000001
2026-03-14 00:07:07.000000000,19.679100000000012
2026-03-14 00:54:57.000000000,22.91529999999999
2026-03-14 00:43:25.000000000,10.728000000000014
2026-03-14 00:36:33.000000000,38.53469999999999
2026-03-14 00:25:59.000000000,20.137899999999973
2026-03-14 00:02:34.000000000,13.552700000000016
2026-03-14 00:49:22.000000000,19.74810000000001
2026-03-14 01:27:15.000000000,28.676599999999986
2026-03-14 01:41:55.000000000,22.0553
2026-03-14 01:38:33.000000000,16.210899999999985
2026-03-14 01:06:49.000000000,13.686099999999994
2026-03-14 01:11:49.000000000,18.650000000000006
2026-03-14 01:40:57.000000000,15.897899999999995
2026-03-14 01:34:13.000000000,41.794299999999964
2026-03-14 01:04:27.000000000,24.427599999999998
2026-03-14 01:01:31.000000000,21.902199999999997
2026-03-14 01:19:24.000000000,38.19800000000003
2026-03-14 01:20:41.000000000,15.161700000000012
2026-03-14 01:16:14.000000000,20.87699999999997
2026-03-14 01:32:28.000000000,22.117099999999997
2026-03-14 01:33:41.000000000,18.1082
2026-03-14 01:08:05.000000000,17.08090000000002
2026-03-14 01:38:47.000000000,26.811600000000002
2026-03-14 01:22:45.000000000,29.52090000000001
2026-03-14 01:48:16.000000000,28.41369999999999
2026-03-14 02:23:22.000000000,14.255699999999988
2026-03-14 02:12:04.000000000,12.606000000000003
2026-03-14 02:34:12.000000000,22.507299999999976
2026-03-14 02:32:32.000000000,46.98679999999999
2026-03-14 02:50:02.000000000,10.710200000000007
2026-03-14 02:05:53.000000000,14.89589999999999
2026-03-14 02:26:30.000000000,25.70710000000001
2026-03-14 02:25:18.000000000,17.95650000000002
2026-03-14 03:25:27.000000000,10.750200000000005
2026-03-14 03:10:24.000000000,31.22190000000001
2026-03-14 03:36:10.000000000,10.908599999999996
2026-03-14 03:38:44.000000000,28.739099999999993
2026-03-14 03:14:14.000000000,19.3565
2026-03-14 03:51:23.000000000,29.138299999999987
2026-03-14 03:36:19.000000000,21.354999999999997
2026-03-14 03:44:48.000000000,16.276700000000005
2026-03-14 03:09:27.000000000,17.35579999999999
2026-03-14 03:11:14.000000000,9.205300000000006
2026-03-14 03:44:48.000000000,32.869299999999996
2026-03-14 03:13:08.000000000,12.487799999999991
2026-03-14 03:23:29.000000000,17.168599999999994
2026-03-14 03:46:00.000000000,18.622300000000024
2026-03-14 04:51:03.000000000,154.9443000000002
2026-03-14 04:04:44.000000000,15.5359
2026-03-14 04:37:18.000000000,11.522700000000004
2026-03-14 04:24:42.000000000,91.5692
2026-03-14 04:01:38.000000000,75.87429999999999
2026-03-14 05:51:08.000000000,36.1672
2026-03-14 05:20:23.000000000,23.368300000000012
2026-03-14 05:08:10.000000000,8.911000000000005
2026-03-14 05:33:59.000000000,29.976399999999995
2026-03-14 05:10:23.000000000,9.424299999999999
2026-03-14 05:56:49.000000000,111.66259999999998
2026-03-14 05:40:03.000000000,11.668600000000003
2026-03-14 06:49:45.000000000,10.132399999999997
2026-03-14 06:01:56.000000000,20.7434
2026-03-14 06:07:17.000000000,18.58889999999998
2026-03-14 06:13:45.000000000,6.127900000000003
2026-03-14 06:14:43.000000000,31.99299999999999
2026-03-14 07:11:57.000000000,19.70990000000002
2026-03-14 07:32:23.000000000,42.64270000000002
2026-03-14 07:52:27.000000000,20.498599999999975
2026-03-14 07:20:15.000000000,39.23859999999999
2026-03-14 07:25:54.000000000,8.9997
2026-03-14 07:23:02.000000000,53.004299999999986
2026-03-14 07:31:20.000000000,17.8128
2026-03-14 07:49:29.000000000,22.61779999999999
2026-03-14 07:59:32.000000000,44.95469999999998
2026-03-14 07:35:27.000000000,22.566100000000016
2026-03-14 07:16:21.000000000,66.8906
2026-03-14 07:17:31.000000000,44.27269999999998
2026-03-14 07:12:24.000000000,13.515700000000002
2026-03-14 08:26:16.000000000,12.856999999999998
2026-03-14 08:32:35.000000000,13.711400000000005
2026-03-14 08:46:18.000000000,15.324999999999998
2026-03-14 08:23:29.000000000,12.457499999999996
2026-03-14 08:56:14.000000000,7.114099999999999
2026-03-14 08:33:49.000000000,52.17050000000003
2026-03-14 08:51:33.000000000,23.62699999999999
2026-03-14 08:58:53.000000000,7.336300000000003
2026-03-14 08:11:07.000000000,20.2187
2026-03-14 08:21:29.000000000,16.93770000000001
2026-03-14 08:35:59.000000000,15.339200000000007
2026-03-14 08:34:26.000000000,20.855399999999985
2026-03-14 08:40:27.000000000,20.436899999999994
2026-03-14 09:41:26.000000000,33.7019
2026-03-14 09:53:28.000000000,10.003400000000005
2026-03-14 09:51:08.000000000,15.722100000000017
2026-03-14 09:21:27.000000000,11.615400000000006
2026-03-14 09:50:16.000000000,16.511499999999998
2026-03-14 09:49:46.000000000,37.82019999999999
2026-03-14 09:36:48.000000000,27.647999999999996
2026-03-14 09:40:11.000000000,24.26570000000001
2026-03-14 09:27:07.000000000,15.671000000000003
2026-03-14 09:00:03.000000000,8.825900000000004
2026-03-14 09:35:57.000000000,54.328
2026-03-14 09:29:06.000000000,26.473300000000005
2026-03-14 09:26:43.000000000,21.79289999999999
2026-03-14 09:45:16.000000000,23.194200000000006
2026-03-14 09:39:34.000000000,29.897099999999988
2026-03-14 09:43:21.000000000,13.595899999999997
2026-03-14 09:12:29.000000000,11.871800000000006
2026-03-14 09:11:45.000000000,13.970300000000007
2026-03-14 09:13:13.000000000,11.117000000000003
2026-03-14 10:47:09.000000000,7.864499999999998
2026-03-14 10:01:45.000000000,12.121100000000002
2026-03-14 10:12:22.000000000,6.631999999999997
2026-03-14 10:17:12.000000000,13.465500000000011
2026-03-14 10:42:38.000000000,9.188700000000003
2026-03-14 10:54:53.000000000,18.247200000000007
2026-03-14 10:23:06.000000000,33.56620000000001
2026-03-14 10:08:26.000000000,14.532300000000006
2026-03-14 10:18:53.000000000,68.29409999999999
2026-03-14 10:24:56.000000000,8.333800000000004
2026-03-14 10:20:49.000000000,8.411700000000002
2026-03-14 11:19:28.000000000,8.924
2026-03-14 11:31:35.000000000,56.706999999999965
2026-03-14 11:46:27.000000000,32.48909999999999
2026-03-14 11:33:23.000000000,10.290299999999993
2026-03-14 11:42:46.000000000,21.2442
2026-03-14 11:49:51.000000000,15.229400000000005
2026-03-14 11:47:55.000000000,18.221699999999995
2026-03-14 11:33:29.000000000,8.5984
2026-03-14 11:48:50.000000000,16.089099999999995
2026-03-14 11:55:52.000000000,17.42079999999999
2026-03-14 12:28:24.000000000,14.139800000000019
2026-03-14 12:16:04.000000000,13.914100000000008
2026-03-14 12:33:04.000000000,17.027100000000004
2026-03-14 12:06:57.000000000,34.50160000000001
2026-03-14 12:27:36.000000000,15.2171
2026-03-14 12:00:54.000000000,30.038799999999984
2026-03-14 12:32:03.000000000,22.3503
2026-03-14 12:38:24.000000000,26.140099999999997
2026-03-14 12:44:57.000000000,12.742600000000005
2026-03-14 12:31:45.000000000,45.69940000000001
2026-03-14 12:37:45.000000000,19.856800000000003
2026-03-14 12:55:08.000000000,6.387500000000004
2026-03-14 12:56:30.000000000,59.11439999999999
2026-03-14 12:21:29.000000000,12.439399999999996
2026-03-14 13:03:49.000000000,7.377199999999999
2026-03-14 13:20:10.000000000,23.092600000000008
2026-03-14 13:23:09.000000000,12.714300000000005
2026-03-14 13:38:40.000000000,7.97049999999999
2026-03-14 13:58:11.000000000,56.40190000000004
2026-03-14 13:28:38.000000000,9.27839999999999
2026-03-14 13:50:02.000000000,39.99889999999998
2026-03-14 13:52:53.000000000,14.125899999999996
2026-03-14 13:03:49.000000000,28.739099999999993
2026-03-14 13:57:15.000000000,26.2822
2026-03-14 13:36:51.000000000,26.007300000000004
2026-03-14 13:34:30.000000000,19.896300000000004
2026-03-14 13:17:10.000000000,12.828600000000003
2026-03-14 13:05:26.000000000,102.57490000000001
2026-03-14 13:33:22.000000000,16.484500000000008
2026-03-14 13:30:59.000000000,51.887499999999974
2026-03-14 13:23:38.000000000,10.933999999999996
2026-03-14 13:52:07.000000000,62.74789999999999
2026-03-14 13:10:55.000000000,17.271899999999995
2026-03-14 13:38:35.000000000,48.55090000000002
2026-03-14 13:47:22.000000000,62.518300000000025
2026-03-14 13:00:37.000000000,9.673099999999998
2026-03-14 13:58:07.000000000,141.48929999999993
2026-03-14 13:21:05.000000000,12.083400000000001
2026-03-14 13:11:44.000000000,17.2794
2026-03-14 13:17:12.000000000,41.60029999999999
2026-03-14 13:18:12.000000000,11.905699999999994
2026-03-14 14:25:17.000000000,21.45260000000001
2026-03-14 14:24:28.000000000,32.29500000000001
2026-03-14 14:43:13.000000000,22.601
2026-03-14 14:37:42.000000000,17.632600000000004
2026-03-14 14:42:23.000000000,67.91989999999997
2026-03-14 14:36:50.000000000,28.004599999999996
2026-03-14 14:08:09.000000000,9.602899999999995
2026-03-14 14:34:42.000000000,49.28940000000001
2026-03-14 14:48:56.000000000,25.69169999999999
2026-03-14 14:45:05.000000000,36.9874
2026-03-14 14:45:56.000000000,26.469500000000018
2026-03-14 14:17:41.000000000,25.165599999999998
2026-03-14 14:59:33.000000000,29.504300000000004
2026-03-14 14:42:10.000000000,8.642999999999999
2026-03-14 14:18:33.000000000,9.364699999999996
2026-03-14 14:35:02.000000000,59.320299999999996
2026-03-14 14:28:59.000000000,14.91419999999998
2026-03-14 14:53:26.000000000,14.69480000000001
2026-03-14 14:26:53.000000000,13.608999999999995
2026-03-14 14:55:21.000000000,18.707999999999977
2026-03-14 14:24:31.000000000,10.682100000000005
2026-03-14 15:12:43.000000000,40.947499999999984
2026-03-14 15:22:52.000000000,7.6937000000000015
2026-03-14 15:34:38.000000000,7.713299999999995
2026-03-14 15:40:25.000000000,21.724899999999995
2026-03-14 15:57:25.000000000,11.997000000000003
2026-03-14 15:06:27.000000000,15.259399999999996
2026-03-14 15:19:27.000000000,54.96200000000001
2026-03-14 15:40:21.000000000,13.990500000000004
2026-03-14 15:51:18.000000000,9.298899999999998
2026-03-14 15:19:34.000000000,15.520199999999999
2026-03-14 15:21:18.000000000,18.57109999999998
2026-03-14 15:28:04.000000000,33.57380000000002
2026-03-14 15:05:48.000000000,14.925899999999999
2026-03-14 15:03:32.000000000,15.700499999999991
2026-03-14 15:56:59.000000000,27.726499999999987
2026-03-14 15:28:00.000000000,31.783699999999996
2026-03-14 15:39:59.000000000,7.939599999999996
2026-03-14 16:47:03.000000000,12.925899999999997
2026-03-14 16:30:20.000000000,11.093500000000004
2026-03-14 16:10:35.000000000,19.970500000000005
2026-03-14 16:05:11.000000000,10.767999999999999
2026-03-14 16:52:12.000000000,28.800099999999997
2026-03-14 16:50:20.000000000,22.634699999999995
2026-03-14 16:26:15.000000000,26.7335
2026-03-14 16:33:37.000000000,11.130899999999999
2026-03-14 16:38:29.000000000,27.99910000000001
2026-03-14 16:41:41.000000000,13.967900000000004
2026-03-14 16:01:37.000000000,26.223500000000016
2026-03-14 16:04:08.000000000,15.3519
2026-03-14 16:02:59.000000000,27.930299999999992
2026-03-14 16:26:11.000000000,15.85179999999999
2026-03-14 16:22:16.000000000,11.707200000000002
2026-03-14 16:22:09.000000000,25.475099999999998
2026-03-14 16:13:32.000000000,26.915200000000006
2026-03-14 17:14:22.000000000,39.43219999999997
2026-03-14 17:16:57.000000000,9.071100000000005
2026-03-14 17:30:33.000000000,11.543999999999997
2026-03-14 17:43:04.000000000,7.669300000000001
2026-03-14 17:15:06.000000000,24.0765
2026-03-14 17:32:09.000000000,13.0173
2026-03-14 17:11:58.000000000,66.98820000000002
2026-03-14 17:07:51.000000000,18.3769
2026-03-14 17:24:13.000000000,51.2154
2026-03-14 17:39:44.000000000,17.475599999999996
2026-03-14 17:38:22.000000000,15.780700000000001
2026-03-14 17:38:29.000000000,40.5806
2026-03-14 17:35:12.000000000,10.962200000000001
2026-03-14 17:03:20.000000000,26.076200000000004
2026-03-14 17:04:13.000000000,5.566600000000002
2026-03-14 17:01:42.000000000,20.687199999999983
2026-03-14 17:10:59.000000000,17.741400000000002
2026-03-14 18:58:42.000000000,17.8693
2026-03-14 18:18:22.000000000,23.971299999999996
2026-03-14 18:07:11.000000000,16.01100000000001
2026-03-14 18:34:50.000000000,42.277200000000015
2026-03-14 18:50:35.000000000,20.694100000000006
2026-03-14 18:37:37.000000000,11.139800000000015
2026-03-14 18:25:49.000000000,12.818499999999998
2026-03-14 18:58:53.000000000,62.10480000000001
2026-03-14 18:07:31.000000000,38.73309999999998
2026-03-14 18:43:03.000000000,10.791000000000006
2026-03-14 18:07:19.000000000,26.9916
2026-03-14 19:36:57.000000000,45.58960000000004
2026-03-14 19:31:36.000000000,6.994300000000005
2026-03-14 19:38:29.000000000,23.109900000000003
2026-03-14 19:23:16.000000000,16.070000000000007
2026-03-14 19:47:37.000000000,24.6344
2026-03-14 19:32:14.000000000,18.582200000000004
2026-03-14 19:07:39.000000000,48.06660000000001
2026-03-14 19:57:37.000000000,14.629999999999985
2026-03-14 19:13:19.000000000,24.221400000000003
2026-03-14 19:07:37.000000000,65.91869999999996
2026-03-14 19:51:52.000000000,9.088699999999996
2026-03-14 19:15:25.000000000,43.23400000000001
2026-03-14 19:38:37.000000000,38.969500000000004
2026-03-14 19:46:38.000000000,19.079300000000025
2026-03-14 19:52:55.000000000,22.852999999999987
2026-03-14 19:31:30.000000000,31.944599999999994
2026-03-14 19:22:08.000000000,7.323499999999996
2026-03-14 20:17:07.000000000,21.2307
2026-03-14 20:48:16.000000000,9.80630000000001
2026-03-14 20:29:42.000000000,8.320799999999998
2026-03-14 20:32:23.000000000,22.238800000000015
2026-03-14 20:01:26.000000000,12.537499999999984
2026-03-14 20:38:38.000000000,28.338499999999982
2026-03-14 20:18:24.000000000,19.498099999999983
2026-03-14 20:35:51.000000000,31.5002
2026-03-14 20:27:36.000000000,12.731999999999998
2026-03-14 20:15:48.000000000,10.898200000000006
2026-03-14 20:26:19.000000000,45.43110000000001
2026-03-14 20:05:32.000000000,36.053999999999995
2026-03-14 20:07:14.000000000,32.60960000000002
2026-03-14 20:14:40.000000000,36.58919999999998
2026-03-14 20:44:52.000000000,11.667099999999994
2026-03-14 20:59:13.000000000,23.818099999999994
2026-03-14 20:35:29.000000000,15.740699999999995
2026-03-14 20:14:45.000000000,13.830800000000005
2026-03-14 20:31:26.000000000,11.883799999999994
2026-03-14 20:50:30.000000000,22.049099999999996
2026-03-14 20:36:36.000000000,7.409300000000002
2026-03-14 20:56:34.000000000,44.52750000000001
2026-03-14 20:19:08.000000000,39.11860000000001
2026-03-14 20:52:03.000000000,25.796
2026-03-14 21:02:32.000000000,14.146999999999998
2026-03-14 21:51:47.000000000,35.2268
2026-03-14 21:37:38.000000000,25.742200000000004
2026-03-14 21:52:01.000000000,45.0839
2026-03-14 21:03:03.000000000,13.728000000000003
2026-03-14 21:21:23.000000000,5.754
2026-03-14 21:09:18.000000000,31.503100000000007
2026-03-14 21:58:22.000000000,31.897799999999993
2026-03-14 21:26:12.000000000,11.516300000000001
2026-03-14 21:56:29.000000000,56.07769999999999
2026-03-14 21:46:57.000000000,9.75250000000001
2026-03-14 21:32:09.000000000,25.114399999999996
2026-03-14 21:29:20.000000000,10.6342
2026-03-14 21:49:32.000000000,26.736800000000006
2026-03-14 21:23:04.000000000,51.45870000000001
2026-03-14 21:42:35.000000000,28.786100000000005
2026-03-14 21:23:42.000000000,30.08489999999999
2026-03-14 21:18:38.000000000,17.068000000000016
2026-03-14 21:18:19.000000000,12.60249999999999
2026-03-14 21:08:51.000000000,19.839800000000018
2026-03-14 22:57:58.000000000,5.316500000000001
2026-03-14 22:19:06.000000000,18.7893
2026-03-14 22:10:03.000000000,18.546600000000016
2026-03-14 22:41:53.000000000,41.755300000000005
2026-03-14 22:54:19.000000000,9.600399999999997
2026-03-14 22:28:28.000000000,12.711300000000005
2026-03-14 22:17:29.000000000,11.707500000000007
2026-03-14 22:25:47.000000000,18.083500000000004
2026-03-14 22:51:17.000000000,40.02029999999998
2026-03-14 22:18:59.000000000,15.953399999999998
2026-03-14 22:48:58.000000000,5.965999999999999
2026-03-14 22:27:00.000000000,18.572499999999987
2026-03-14 22:26:30.000000000,18.457200000000018
2026-03-14 22:41:09.000000000,45.756099999999996
2026-03-14 22:31:56.000000000,26.445599999999995
2026-03-14 22:27:42.000000000,30.091600000000003
2026-03-14 22:38:35.000000000,8.462199999999998
2026-03-14 22:54:01.000000000,58.00070000000002
2026-03-14 22:04:10.000000000,52.676900000000025
2026-03-14 23:34:40.000000000,13.891699999999982
2026-03-14 23:22:43.000000000,20.533799999999978
2026-03-14 23:03:26.000000000,101.32600000000006
2026-03-14 23:01:29.000000000,118.73400000000001
2026-03-14 23:35:45.000000000,22.942799999999984
2026-03-14 23:37:45.000000000,19.184200000000015
2026-03-14 23:39:27.000000000,147.87949999999995
2026-03-14 23:08:29.000000000,20.82409999999999
2026-03-14 23:31:22.000000000,22.5473
2026-03-14 23:30:17.000000000,62.76519999999999
2026-03-14 23:37:02.000000000,10.644100000000007
2026-03-14 23:06:44.000000000,23.466800000000006
2026-03-14 23:21:34.000000000,9.868800000000002
2026-03-14 23:00:21.000000000,14.288600000000017
2026-03-14 23:03:13.000000000,5.7090000000000005
2026-03-14 23:42:23.000000000,26.5731
2026-03-14 23:16:30.000000000,13.968000000000002
2026-03-14 23:37:13.000000000,16.800400000000003
2026-03-14 23:46:28.000000000,22.90259999999999
2026-03-14 23:49:22.000000000,8.805199999999992
2026-03-14 23:10:48.000000000,23.5875
2026-03-15 00:00:39.000000000,15.4123
2026-03-15 00:26:45.000000000,16.065099999999987
2026-03-15 00:42:40.000000000,30.13549999999999
2026-03-15 00:58:32.000000000,27.873100000000004
2026-03-15 00:14:57.000000000,35.16700000000001
2026-03-15 00:51:09.000000000,46.907499999999985
2026-03-15 00:40:03.000000000,35.972100000000026
2026-03-15 00:22:57.000000000,22.8773
2026-03-15 00:51:13.000000000,11.606900000000005
2026-03-15 00:11:17.000000000,39.7298
2026-03-15 00:34:31.000000000,7.196699999999997
2026-03-15 00:45:45.000000000,39.86909999999999
2026-03-15 00:40:14.000000000,23.390299999999996
2026-03-15 00:28:10.000000000,10.926299999999994
2026-03-15 01:26:27.000000000,28.242099999999997
2026-03-15 01:18:35.000000000,12.255700000000006
2026-03-15 01:45:35.000000000,12.916799999999997
2026-03-15 01:14:09.000000000,25.071599999999993
2026-03-15 01:00:08.000000000,10.065500000000004
2026-03-15 01:06:04.000000000,26.731800000000018
2026-03-15 01:15:49.000000000,48.343399999999995
2026-03-15 01:40:19.000000000,46.198499999999996
2026-03-15 01:52:19.000000000,15.382100000000007
2026-03-15 02:09:49.000000000,13.243400000000003
2026-03-15 02:46:46.000000000,28.592299999999987
2026-03-15 02:05:25.000000000,43.46370000000002
2026-03-15 02:11:09.000000000,8.677799999999996
2026-03-15 02:17:48.000000000,36.4519
2026-03-15 02:05:25.000000000,29.777800000000017
2026-03-15 02:12:04.000000000,28.892000000000017
2026-03-15 02:14:11.000000000,22.14030000000002
2026-03-15 02:51:10.000000000,9.391000000000002
2026-03-15 02:41:42.000000000,8.135199999999996
2026-03-15 02:18:30.000000000,40.2057
2026-03-15 02:56:14.000000000,16.161000000000005
2026-03-15 02:42:39.000000000,49.81850000000002
2026-03-15 02:54:43.000000000,10.238100000000003
2026-03-15 03:19:37.000000000,34.2368
2026-03-15 03:20:27.000000000,9.5912
2026-03-15 03:46:29.000000000,17.169399999999992
2026-03-15 03:16:07.000000000,8.638699999999998
2026-03-15 03:14:45.000000000,10.8595
2026-03-15 03:23:32.000000000,26.494599999999988
2026-03-15 03:01:41.000000000,15.6458
2026-03-15 04:37:21.000000000,45.35220000000003
2026-03-15 04:19:25.000000000,37.92729999999999
2026-03-15 05:11:00.000000000,72.6321
2026-03-15 05:15:55.000000000,50.28669999999999
2026-03-15 06:04:49.000000000,28.565099999999983
2026-03-15 06:53:08.000000000,135.5814
2026-03-15 06:28:38.000000000,37.26140000000001
2026-03-15 06:21:47.000000000,24.6794
2026-03-15 06:11:52.000000000,10.2314
2026-03-15 06:32:17.000000000,86.83390000000001
2026-03-15 06:42:53.000000000,25.546099999999996
2026-03-15 06:39:00.000000000,31.576600000000003
2026-03-15 06:32:58.000000000,12.954100000000004
2026-03-15 06:40:33.000000000,33.20949999999998
2026-03-15 07:42:50.000000000,22.923600000000008
2026-03-15 07:39:37.000000000,18.90310000000001
2026-03-15 07:55:40.000000000,8.270199999999999
2026-03-15 08:54:54.000000000,8.041099999999993
2026-03-15 08:07:35.000000000,10.630399999999987
2026-03-15 08:39:03.000000000,28.623700000000014
2026-03-15 08:51:27.000000000,27.19729999999998
2026-03-15 08:22:54.000000000,22.021299999999986
2026-03-15 08:38:41.000000000,90.40369999999999
2026-03-15 08:16:44.000000000,16.287800000000015
2026-03-15 08:52:24.000000000,5.482199999999999
2026-03-15 08:08:49.000000000,23.746499999999987
2026-03-15 08:57:29.000000000,5.8146
2026-03-15 08:59:31.000000000,12.1165
2026-03-15 08:51:50.000000000,21.379900000000006
2026-03-15 08:32:34.000000000,49.6637
2026-03-15 08:30:55.000000000,26.760600000000004
2026-03-15 09:55:59.000000000,7.245100000000001
2026-03-15 09:17:49.000000000,14.948400000000007
2026-03-15 09:29:22.000000000,10.540799999999999
2026-03-15 09:01:06.000000000,86.89119999999998
2026-03-15 09:47:41.000000000,16.730199999999982
2026-03-15 09:59:24.000000000,15.929400000000019
2026-03-15 09:20:43.000000000,18.47079999999999
2026-03-15 09:32:02.000000000,18.039200000000005
2026-03-15 09:03:01.000000000,14.3308
2026-03-15 09:49:08.000000000,18.7822
2026-03-15 09:46:57.000000000,11.0716
2026-03-15 09:46:27.000000000,14.000400000000003
2026-03-15 09:10:45.000000000,20.325900000000008
2026-03-15 09:17:47.000000000,57.145999999999965
2026-03-15 09:54:40.000000000,21.365299999999994
2026-03-15 10:29:40.000000000,11.522599999999988
2026-03-15 10:31:01.000000000,12.86240000000001
2026-03-15 10:58:28.000000000,8.9219
2026-03-15 10:34:16.000000000,30.622600000000002
2026-03-15 10:41:43.000000000,13.43669999999999
2026-03-15 10:50:46.000000000,15.317600000000004
2026-03-15 10:50:07.000000000,10.851000000000006
2026-03-15 10:55:07.000000000,10.365900000000002
2026-03-15 10:00:44.000000000,5.5961
2026-03-15 10:38:03.000000000,15.928299999999993
2026-03-15 10:53:08.000000000,37.27360000000001
2026-03-15 10:46:03.000000000,23.42879999999998
2026-03-15 10:32:26.000000000,24.9347
2026-03-15 10:38:18.000000000,10.137899999999995
2026-03-15 10:22:13.000000000,20.60440000000001
2026-03-15 11:55:48.000000000,10.8603
2026-03-15 11:04:46.000000000,17.791999999999998
2026-03-15 11:26:13.000000000,71.7225000000001
2026-03-15 11:49:01.000000000,17.521900000000006
2026-03-15 11:10:06.000000000,19.287099999999974
2026-03-15 11:54:34.000000000,53.69359999999994
2026-03-15 11:11:55.000000000,50.19159999999997
2026-03-15 11:52:49.000000000,18.44679999999999
2026-03-15 11:18:47.000000000,23.056200000000008
2026-03-15 11:17:05.000000000,11.630899999999997
2026-03-15 12:03:25.000000000,10.256999999999998
2026-03-15 12:06:36.000000000,9.306399999999998
2026-03-15 12:33:27.000000000,7.943099999999994
2026-03-15 12:56:18.000000000,17.81139999999999
2026-03-15 12:03:33.000000000,33.9427
2026-03-15 12:04:26.000000000,8.949400000000008
2026-03-15 12:57:18.000000000,33.84559999999998
2026-03-15 12:07:59.000000000,37.81129999999998
2026-03-15 12:49:58.000000000,14.905300000000004
2026-03-15 12:52:13.000000000,11.785499999999999
2026-03-15 12:54:37.000000000,10.271899999999992
2026-03-15 12:41:57.000000000,39.00639999999999
2026-03-15 12:26:52.000000000,15.284800000000011
2026-03-15 12:11:05.000000000,20.286499999999993
2026-03-15 12:07:17.000000000,31.949400000000015
2026-03-15 12:18:29.000000000,21.564700000000002
2026-03-15 12:59:28.000000000,20.64
2026-03-15 12:40:33.000000000,30.856900000000007
2026-03-15 13:35:40.000000000,9.568599999999998
2026-03-15 13:23:12.000000000,70.35090000000001
2026-03-15 13:45:59.000000000,151.02580000000012
2026-03-15 13:07:21.000000000,13.891799999999996
2026-03-15 13:00:04.000000000,64.2784
2026-03-15 13:15:44.000000000,32.09059999999998
2026-03-15 13:09:29.000000000,12.463000000000006
2026-03-15 13:07:33.000000000,22.187900000000003
2026-03-15 13:23:57.000000000,24.908499999999986
2026-03-15 13:33:16.000000000,14.7847
2026-03-15 13:50:06.000000000,12.621799999999993
2026-03-15 13:04:25.000000000,100.09000000000002
2026-03-15 13:03:15.000000000,11.598099999999993
2026-03-15 13:42:52.000000000,49.09699999999999
2026-03-15 13:33:18.000000000,40.41089999999999
2026-03-15 13:58:05.000000000,49.42140000000002
2026-03-15 13:33:30.000000000,6.507300000000002
2026-03-15 13:48:53.000000000,29.976399999999995
2026-03-15 13:29:00.000000000,18.138499999999997
2026-03-15 14:01:54.000000000,7.841400000000001
2026-03-15 14:05:36.000000000,38.6513
2026-03-15 14:38:11.000000000,12.517199999999992
2026-03-15 14:28:27.000000000,25.807700000000004
2026-03-15 14:00:43.000000000,10.943700000000005
2026-03-15 14:36:24.000000000,11.5583
2026-03-15 14:23:44.000000000,9.3204
2026-03-15 14:23:26.000000000,12.048999999999994
2026-03-15 14:47:11.000000000,22.10640000000001
2026-03-15 14:34:23.000000000,31.327600000000015
2026-03-15 14:58:46.000000000,14.462899999999998
2026-03-15 14:29:46.000000000,13.531999999999988
2026-03-15 14:58:28.000000000,41.80530000000001
2026-03-15 14:03:00.000000000,8.775300000000003
2026-03-15 14:43:14.000000000,72.5296
2026-03-15 15:06:50.000000000,12.491599999999996
2026-03-15 15:51:41.000000000,50.867599999999975
2026-03-15 15:53:40.000000000,17.133799999999994
2026-03-15 15:38:41.000000000,29.887000000000008
2026-03-15 15:19:21.000000000,9.3064
2026-03-15 15:43:22.000000000,24.88760000000001
2026-03-15 15:22:27.000000000,10.931799999999999
2026-03-15 15:48:57.000000000,42.801400000000015
2026-03-15 15:20:33.000000000,16.088600000000007
2026-03-15 15:37:23.000000000,41.3998
2026-03-15 15:57:16.000000000,18.1209
2026-03-15 15:08:54.000000000,17.02200000000001
2026-03-15 15:08:22.000000000,29.82949999999999
2026-03-15 15:26:21.000000000,49.41789999999996
2026-03-15 15:06:11.000000000,15.185800000000013
2026-03-15 15:48:24.000000000,19.997400000000006
2026-03-15 15:44:22.000000000,12.079299999999996
2026-03-15 16:29:58.000000000,23.9644
2026-03-15 16:10:38.000000000,11.588200000000004
2026-03-15 16:22:40.000000000,10.009699999999997
2026-03-15 16:15:38.000000000,17.60199999999999
2026-03-15 16:01:07.000000000,10.945399999999992
2026-03-15 16:53:48.000000000,49.22120000000002
2026-03-15 16:06:13.000000000,15.59239999999999
2026-03-15 16:50:26.000000000,11.207499999999998
2026-03-15 16:40:45.000000000,26.509100000000018
2026-03-15 16:42:17.000000000,106.12720000000009
2026-03-15 16:08:55.000000000,26.354599999999994
2026-03-15 16:50:01.000000000,67.21059999999994
2026-03-15 16:34:30.000000000,8.819599999999996
2026-03-15 16:15:14.000000000,88.743
2026-03-15 16:26:46.000000000,21.66709999999999
2026-03-15 16:53:39.000000000,20.429500000000008
2026-03-15 16:25:04.000000000,86.30610000000006
2026-03-15 17:53:03.000000000,48.598099999999974
2026-03-15 17:40:24.000000000,17.485699999999994
2026-03-15 17:36:57.000000000,10.956800000000008
2026-03-15 17:06:34.000000000,72.02610000000001
2026-03-15 17:29:22.000000000,16.490699999999993
2026-03-15 17:04:19.000000000,338.35889999999995
2026-03-15 17:46:22.000000000,10.251299999999997
2026-03-15 17:53:54.000000000,16.502800000000015
2026-03-15 17:52:22.000000000,14.231000000000002
2026-03-15 17:04:29.000000000,27.56689999999999
2026-03-15 17:31:37.000000000,26.62980000000001
2026-03-15 17:51:28.000000000,14.5559
2026-03-15 17:49:22.000000000,13.908699999999994
2026-03-15 17:18:24.000000000,84.87209999999997
2026-03-15 17:22:52.000000000,20.715000000000014
2026-03-15 17:12:32.000000000,9.65190000000001
2026-03-15 18:09:51.000000000,7.266399999999999
2026-03-15 18:25:07.000000000,33.72959999999999
2026-03-15 18:37:05.000000000,13.3412
2026-03-15 18:59:26.000000000,33.827600000000004
2026-03-15 18:04:57.000000000,25.128300000000014
2026-03-15 18:19:47.000000000,21.538800000000005
2026-03-15 18:19:21.000000000,6.8694
2026-03-15 18:46:36.000000000,6.868100000000002
2026-03-15 18:32:30.000000000,10.244599999999993
2026-03-15 18:29:02.000000000,7.513500000000006
2026-03-15 18:37:56.000000000,18.193500000000014
2026-03-15 18:11:36.000000000,21.531699999999997
2026-03-15 18:56:25.000000000,28.229300000000002
2026-03-15 18:26:33.000000000,29.098900000000004
2026-03-15 18:16:34.000000000,17.902299999999997
2026-03-15 18:00:30.000000000,30.348399999999984
2026-03-15 18:58:10.000000000,58.3732
2026-03-15 18:49:59.000000000,20.030999999999985
2026-03-15 18:21:07.000000000,17.2988
2026-03-15 18:15:54.000000000,11.642700000000001
2026-03-15 18:14:21.000000000,39.42140000000001
2026-03-15 18:48:06.000000000,17.5133
2026-03-15 18:32:15.000000000,23.828299999999995
2026-03-15 18:34:35.000000000,10.1964
2026-03-15 19:02:02.000000000,9.019700000000013
2026-03-15 19:58:03.000000000,7.652999999999995
2026-03-15 19:39:01.000000000,59.67869999999997
2026-03-15 19:47:04.000000000,19.495800000000003
2026-03-15 19:52:03.000000000,12.953699999999994
2026-03-15 19:01:33.000000000,18.60529999999999
2026-03-15 19:12:30.000000000,61.167900000000024
2026-03-15 19:48:56.000000000,25.151000000000003
2026-03-15 19:25:05.000000000,20.464299999999998
2026-03-15 19:01:06.000000000,80.49559999999994
2026-03-15 19:24:43.000000000,25.486000000000008
2026-03-15 19:22:53.000000000,6.884399999999999
2026-03-15 19:53:22.000000000,16.297000000000004
2026-03-15 19:06:19.000000000,8.037300000000004
2026-03-15 19:52:04.000000000,47.88729999999999
2026-03-15 19:50:10.000000000,20.50929999999997
2026-03-15 19:22:56.000000000,15.826300000000003
2026-03-15 19:00:28.000000000,24.207000000000015
2026-03-15 19:53:56.000000000,25.16649999999998
2026-03-15 20:33:52.000000000,12.602700000000004
2026-03-15 20:09:08.000000000,19.719800000000006
2026-03-15 20:09:21.000000000,65.2148
2026-03-15 20:19:27.000000000,35.48550000000001
2026-03-15 20:14:28.000000000,41.02159999999999
2026-03-15 20:51:09.000000000,17.807600000000008
2026-03-15 20:48:02.000000000,21.3411
2026-03-15 20:39:59.000000000,8.8523
2026-03-15 20:56:56.000000000,12.856
2026-03-15 20:54:30.000000000,44.508300000000006
2026-03-15 20:17:35.000000000,11.632200000000003
2026-03-15 20:18:15.000000000,9.610299999999999
2026-03-15 20:42:54.000000000,46.29069999999999
2026-03-15 20:07:10.000000000,29.523199999999992
2026-03-15 20:26:09.000000000,8.986800000000002
2026-03-15 20:02:34.000000000,14.071600000000004
2026-03-15 20:53:11.000000000,36.77940000000002
2026-03-15 21:36:11.000000000,9.801799999999993
2026-03-15 21:59:20.000000000,20.48869999999999
2026-03-15 21:11:46.000000000,62.09670000000002
2026-03-15 21:20:25.000000000,9.104899999999997
2026-03-15 21:22:54.000000000,8.562999999999995
2026-03-15 21:12:11.000000000,7.9061
2026-03-15 21:26:57.000000000,9.18430000000001
2026-03-15 21:12:18.000000000,8.442199999999996
2026-03-15 21:32:23.000000000,9.856500000000006
2026-03-15 21:31:16.000000000,12.494699999999996
2026-03-15 21:12:20.000000000,18.544899999999988
2026-03-15 22:49:39.000000000,25.66510000000002
2026-03-15 22:30:38.000000000,12.5092
2026-03-15 22:36:22.000000000,10.871200000000002
2026-03-15 22:49:24.000000000,21.2634
2026-03-15 22:25:50.000000000,56.90269999999999
2026-03-15 22:09:19.000000000,9.2618
2026-03-15 22:06:49.000000000,44.347200000000015
2026-03-15 22:04:54.000000000,28.71600000000001
2026-03-15 22:19:11.000000000,8.990200000000007
2026-03-15 22:15:48.000000000,16.37899999999999
2026-03-15 22:44:50.000000000,33.602199999999996
2026-03-15 22:46:25.000000000,13.652400000000007
2026-03-15 22:41:23.000000000,23.633499999999998
2026-03-15 23:29:35.000000000,5.77
2026-03-15 23:50:05.000000000,11.649600000000003
2026-03-15 23:59:55.000000000,16.349600000000002
2026-03-15 23:05:12.000000000,5.854000000000001
2026-03-15 23:44:47.000000000,15.954500000000005
2026-03-15 23:56:43.000000000,16.122899999999998
2026-03-15 23:49:37.000000000,20.298599999999993
2026-03-15 23:23:34.000000000,11.72920000000001
2026-03-15 23:32:45.000000000,12.284099999999992
2026-03-15 23:33:36.000000000,32.044200000000004
2026-03-15 23:04:04.000000000,25.798099999999998
2026-03-15 23:35:53.000000000,29.313599999999997
2026-03-15 23:00:46.000000000,85.43340000000002
2026-03-15 23:16:04.000000000,14.313499999999992
2026-03-15 23:21:56.000000000,9.337400000000004
2026-03-16 00:54:17.000000000,51.2403
2026-03-16 00:02:40.000000000,26.46859999999999
2026-03-16 00:25:26.000000000,11.670000000000007
2026-03-16 00:20:12.000000000,16.858200000000014
2026-03-16 00:24:48.000000000,31.347400000000004
2026-03-16 00:55:47.000000000,85.77689999999997
2026-03-16 00:28:25.000000000,30.947700000000005
2026-03-16 00:40:27.000000000,13.691000000000004
2026-03-16 01:03:11.000000000,30.306899999999995
2026-03-16 01:20:04.000000000,7.893200000000003
2026-03-16 01:06:18.000000000,11.7107
2026-03-16 02:17:56.000000000,15.44410000000001
2026-03-16 02:50:27.000000000,21.0083
2026-03-16 02:11:42.000000000,14.145999999999994
2026-03-16 02:25:12.000000000,28.196299999999997
2026-03-16 02:27:29.000000000,10.741700000000005
2026-03-16 03:32:10.000000000,8.200699999999992
2026-03-16 03:00:39.000000000,12.181700000000001
2026-03-16 03:36:59.000000000,54.238600000000005
2026-03-16 03:08:11.000000000,39.0026
2026-03-16 04:15:44.000000000,81.01410000000001
2026-03-16 05:35:03.000000000,56.21100000000002
2026-03-16 05:58:00.000000000,32.3067
2026-03-16 05:07:48.000000000,104.06600000000002
2026-03-16 05:00:45.000000000,17.765600000000006
2026-03-16 05:22:22.000000000,77.27710000000006
2026-03-16 05:47:08.000000000,19.280700000000028
2026-03-16 05:02:17.000000000,54.743499999999976
2026-03-16 05:52:53.000000000,9.226100000000004
2026-03-16 06:59:19.000000000,10.991000000000001
2026-03-16 06:00:10.000000000,20.23869999999999
2026-03-16 06:58:53.000000000,20.407700000000023
2026-03-16 06:27:24.000000000,15.253200000000007
2026-03-16 06:02:02.000000000,17.0287
2026-03-16 06:16:11.000000000,23.999000000000002
2026-03-16 06:46:53.000000000,102.65900000000003
2026-03-16 06:37:02.000000000,32.265000000000015
2026-03-16 06:26:49.000000000,65.02829999999999
2026-03-16 07:15:10.000000000,46.63879999999998
2026-03-16 07:13:07.000000000,7.927899999999993
2026-03-16 07:53:32.000000000,17.55150000000002
2026-03-16 07:09:23.000000000,10.488299999999992
2026-03-16 07:21:27.000000000,17.731599999999997
2026-03-16 07:05:43.000000000,6.1551
2026-03-16 07:54:22.000000000,45.90809999999998
2026-03-16 07:19:16.000000000,17.6615
2026-03-16 07:25:36.000000000,17.504700000000003
2026-03-16 07:32:55.000000000,30.127200000000002
2026-03-16 07:34:50.000000000,227.9461
2026-03-16 07:14:38.000000000,15.583000000000004
2026-03-16 07:55:40.000000000,48.189000000000014
2026-03-16 07:08:09.000000000,7.973499999999994
2026-03-16 07:53:53.000000000,25.6614
2026-03-16 07:49:54.000000000,40.78440000000001
2026-03-16 07:23:15.000000000,15.42490000000001
2026-03-16 07:56:14.000000000,17.4468
2026-03-16 07:27:29.000000000,10.595499999999992
2026-03-16 07:50:44.000000000,16.019700000000004
2026-03-16 08:44:57.000000000,12.92849999999999
2026-03-16 08:56:55.000000000,21.745499999999996
2026-03-16 08:02:56.000000000,63.0061
2026-03-16 08:06:10.000000000,23.4016
2026-03-16 08:45:01.000000000,12.056299999999998
2026-03-16 08:42:25.000000000,21.703999999999986
2026-03-16 08:19:35.000000000,15.639300000000006
2026-03-16 08:03:27.000000000,6.992800000000004
2026-03-16 08:56:24.000000000,11.690199999999988
2026-03-16 08:11:42.000000000,39.82119999999998
2026-03-16 08:38:38.000000000,23.87310000000002
2026-03-16 08:42:10.000000000,21.7102
2026-03-16 08:10:06.000000000,15.680500000000004
2026-03-16 08:00:42.000000000,20.32669999999999
2026-03-16 08:49:37.000000000,6.250900000000004
2026-03-16 08:37:01.000000000,10.0298
2026-03-16 08:04:10.000000000,14.905199999999995
2026-03-16 08:35:59.000000000,59.01779999999998
2026-03-16 08:06:43.000000000,37.45350000000001
2026-03-16 08:42:15.000000000,15.762100000000002
2026-03-16 08:56:39.000000000,24.083000000000002
2026-03-16 08:29:49.000000000,9.243799999999995
2026-03-16 09:26:53.000000000,32.525999999999975
2026-03-16 09:42:38.000000000,27.51379999999999
2026-03-16 09:10:12.000000000,80.32639999999996
2026-03-16 09:49:45.000000000,7.441699999999995
2026-03-16 09:52:42.000000000,24.1259
2026-03-16 09:52:59.000000000,13.66530000000001
2026-03-16 09:33:40.000000000,19.961799999999993
2026-03-16 09:03:46.000000000,11.7665
2026-03-16 09:33:38.000000000,6.104499999999999
2026-03-16 09:17:25.000000000,28.461100000000016
2026-03-16 09:02:16.000000000,10.376599999999996
2026-03-16 09:24:07.000000000,51.29359999999998
2026-03-16 09:45:03.000000000,29.5331
2026-03-16 09:39:48.000000000,8.874799999999999
2026-03-16 09:30:00.000000000,22.052100000000014
2026-03-16 09:00:38.000000000,9.472800000000001
2026-03-16 09:51:45.000000000,16.61810000000001
2026-03-16 09:52:22.000000000,34.53189999999998
2026-03-16 09:13:30.000000000,17.96490000000002
2026-03-16 09:18:41.000000000,25.490499999999983
2026-03-16 10:38:03.000000000,23.60279999999999
2026-03-16 10:37:24.000000000,30.860700000000005
2026-03-16 10:59:07.000000000,16.697200000000016
2026-03-16 10:21:13.000000000,8.959300000000002
2026-03-16 10:10:36.000000000,42.24250000000001
2026-03-16 10:23:33.000000000,7.834100000000001
2026-03-16 10:55:59.000000000,16.486299999999982
2026-03-16 10:57:41.000000000,43.87289999999997
2026-03-16 10:00:28.000000000,10.981100000000001
2026-03-16 10:18:28.000000000,10.874199999999997
2026-03-16 10:11:39.000000000,30.822899999999986
2026-03-16 10:21:08.000000000,37.264500000000005
2026-03-16 10:21:13.000000000,25.490599999999993
2026-03-16 10:58:48.000000000,68.31330000000003
2026-03-16 10:56:44.000000000,16.47679999999999
2026-03-16 10:43:51.000000000,10.311200000000008
2026-03-16 10:07:54.000000000,25.208399999999994
2026-03-16 10:12:08.000000000,21.00160000000002
2026-03-16 11:29:21.000000000,12.423000000000012
2026-03-16 11:40:58.000000000,13.2535
2026-03-16 11:21:35.000000000,8.718200000000003
2026-03-16 11:18:58.000000000,35.158699999999996
2026-03-16 11:37:34.000000000,10.478099999999992
2026-03-16 11:56:39.000000000,16.293599999999998
2026-03-16 11:32:46.000000000,20.259499999999996
2026-03-16 11:46:55.000000000,30.828299999999995
2026-03-16 11:25:33.000000000,48.249200000000016
2026-03-16 11:00:28.000000000,13.541600000000017
2026-03-16 12:57:04.000000000,32.32200000000001
2026-03-16 12:12:20.000000000,10.613199999999999
2026-03-16 12:42:24.000000000,7.436799999999996
2026-03-16 12:35:18.000000000,28.04359999999999
2026-03-16 12:37:32.000000000,40.32789999999999
2026-03-16 12:43:43.000000000,15.932500000000003
2026-03-16 12:03:04.000000000,24.182699999999997
2026-03-16 12:35:51.000000000,21.222699999999996
2026-03-16 12:16:38.000000000,110.93519999999997
2026-03-16 12:51:41.000000000,5.934500000000005
2026-03-16 12:19:42.000000000,12.401500000000008
2026-03-16 12:19:36.000000000,10.419400000000007
2026-03-16 12:16:55.000000000,23.324
2026-03-16 12:40:44.000000000,20.2759
2026-03-16 12:53:41.000000000,9.5798
2026-03-16 12:17:28.000000000,47.401399999999995
2026-03-16 12:58:19.000000000,7.087499999999997
2026-03-16 12:11:33.000000000,90.12559999999993
2026-03-16 12:46:03.000000000,6.3778
2026-03-16 13:41:34.000000000,17.676899999999993
2026-03-16 13:25:02.000000000,18.405500000000004
2026-03-16 13:54:37.000000000,23.010699999999996
2026-03-16 13:37:28.000000000,79.4601999999999
2026-03-16 13:50:02.000000000,12.529199999999989
2026-03-16 13:03:47.000000000,14.754699999999982
2026-03-16 13:25:16.000000000,11.29220000000001
2026-03-16 13:23:36.000000000,18.97220000000001
2026-03-16 13:05:24.000000000,11.2164
2026-03-16 13:09:52.000000000,12.006000000000002
2026-03-16 14:53:25.000000000,19.630000000000006
2026-03-16 14:02:43.000000000,9.035300000000001
2026-03-16 14:01:10.000000000,48.174099999999996
2026-03-16 14:59:04.000000000,21.41440000000001
2026-03-16 14:22:06.000000000,20.497999999999998
2026-03-16 14:33:27.000000000,15.741099999999996
2026-03-16 14:49:13.000000000,47.49809999999999
2026-03-16 14:15:51.000000000,104.4446
2026-03-16 14:06:35.000000000,7.547200000000001
2026-03-16 14:07:08.000000000,26.460000000000004
2026-03-16 14:02:39.000000000,11.581700000000001
2026-03-16 14:51:12.000000000,21.615899999999996
2026-03-16 14:37:25.000000000,14.783999999999997
2026-03-16 15:26:05.000000000,17.731599999999986
2026-03-16 15:40:43.000000000,19.4456
2026-03-16 15:01:30.000000000,7.404699999999998
2026-03-16 15:09:34.000000000,17.746300000000005
2026-03-16 15:07:59.000000000,11.578799999999994
2026-03-16 15:40:19.000000000,46.396600000000014
2026-03-16 15:33:47.000000000,20.3784
2026-03-16 15:59:01.000000000,8.753300000000003
2026-03-16 15:08:05.000000000,10.915600000000007
2026-03-16 15:13:54.000000000,17.721600000000002
2026-03-16 15:08:10.000000000,48.5251
2026-03-16 15:59:45.000000000,65.60490000000001
2026-03-16 16:16:23.000000000,20.17550000000001
2026-03-16 16:51:33.000000000,11.132100000000003
2026-03-16 16:45:06.000000000,18.1042
2026-03-16 16:07:13.000000000,20.712400000000006
2026-03-16 16:54:44.000000000,8.684199999999997
2026-03-16 16:37:28.000000000,22.49719999999999
2026-03-16 16:50:10.000000000,9.870300000000006
2026-03-16 16:51:27.000000000,11.765100000000004
2026-03-16 16:31:46.000000000,193.27260000000015
2026-03-16 16:34:59.000000000,31.986999999999984
2026-03-16 16:04:19.000000000,22.671900000000004
2026-03-16 16:02:19.000000000,16.49789999999999
2026-03-16 16:25:53.000000000,22.101699999999997
2026-03-16 16:22:34.000000000,12.007799999999992
2026-03-16 16:41:27.000000000,58.804500000000004
2026-03-16 16:57:09.000000000,6.750499999999997
2026-03-16 16:18:53.000000000,7.933499999999989
2026-03-16 17:41:33.000000000,27.036000000000005
2026-03-16 17:26:16.000000000,20.5912
2026-03-16 17:26:37.000000000,34.384199999999986
2026-03-16 17:29:40.000000000,7.792699999999991
2026-03-16 17:26:36.000000000,14.514800000000001
2026-03-16 17:15:49.000000000,15.915700000000014
2026-03-16 17:10:08.000000000,18.3295
2026-03-16 17:19:00.000000000,78.46229999999998
2026-03-16 17:19:37.000000000,29.459699999999994
2026-03-16 17:06:29.000000000,16.177099999999996
2026-03-16 17:05:41.000000000,24.491500000000002
2026-03-16 17:55:18.000000000,32.74089999999999
2026-03-16 17:15:44.000000000,17.653200000000005
2026-03-16 17:57:35.000000000,14.667400000000004
2026-03-16 17:06:09.000000000,9.659900000000006
2026-03-16 17:46:06.000000000,23.083799999999993
2026-03-16 17:12:57.000000000,47.10949999999998
2026-03-16 17:20:22.000000000,26.7234
2026-03-16 17:36:53.000000000,17.662099999999995
2026-03-16 17:22:25.000000000,16.046799999999998
2026-03-16 17:02:37.000000000,17.192799999999988
2026-03-16 17:17:03.000000000,13.406399999999996
2026-03-16 17:47:52.000000000,11.641500000000008
2026-03-16 17:07:22.000000000,21.059100000000004
2026-03-16 17:16:45.000000000,8.063099999999997
2026-03-16 17:35:48.000000000,15.571499999999993
2026-03-16 17:05:53.000000000,23.212500000000006
2026-03-16 17:38:47.000000000,8.616100000000003
2026-03-16 17:55:54.000000000,27.9516
2026-03-16 17:33:42.000000000,63.594399999999986
2026-03-16 18:06:11.000000000,30.527699999999996
2026-03-16 18:32:50.000000000,18.483299999999996
2026-03-16 18:30:25.000000000,11.261500000000002
2026-03-16 18:26:33.000000000,41.45140000000001
2026-03-16 18:20:18.000000000,5.827099999999999
2026-03-16 18:28:43.000000000,5.810700000000005
2026-03-16 18:55:39.000000000,6.127600000000002
2026-03-16 18:02:31.000000000,14.717699999999997
2026-03-16 18:08:42.000000000,23.221900000000016
2026-03-16 18:44:20.000000000,13.22210000000001
2026-03-16 18:17:50.000000000,15.575099999999999
2026-03-16 18:08:34.000000000,29.976599999999998
2026-03-16 18:26:43.000000000,17.946200000000005
2026-03-16 18:56:33.000000000,50.205799999999996
2026-03-16 18:53:35.000000000,39.9871
2026-03-16 18:59:59.000000000,9.076800000000006
2026-03-16 18:46:28.000000000,12.964099999999991
2026-03-16 18:55:43.000000000,16.5937
2026-03-16 18:19:20.000000000,13.08809999999999
2026-03-16 19:39:54.000000000,8.313300000000003
2026-03-16 19:25:25.000000000,56.291900000000034
2026-03-16 19:45:54.000000000,20.28459999999998
2026-03-16 19:11:26.000000000,21.105599999999992
2026-03-16 19:27:51.000000000,8.059599999999993
2026-03-16 19:23:18.000000000,31.671899999999997
2026-03-16 19:12:55.000000000,26.760600000000004
2026-03-16 19:30:16.000000000,14.515
2026-03-16 19:17:38.000000000,18.852499999999978
2026-03-16 19:45:18.000000000,19.629600000000014
2026-03-16 19:15:04.000000000,14.594500000000012
2026-03-16 19:32:55.000000000,24.92909999999999
2026-03-16 20:24:20.000000000,8.147199999999996
2026-03-16 20:30:43.000000000,32.343799999999995
2026-03-16 20:52:13.000000000,16.855000000000004
2026-03-16 20:43:38.000000000,7.688699999999998
2026-03-16 20:09:08.000000000,54.02399999999999
2026-03-16 20:40:07.000000000,5.8814
2026-03-16 21:10:22.000000000,13.4781
2026-03-16 21:24:12.000000000,82.01040000000003
2026-03-16 21:19:32.000000000,41.994
2026-03-16 21:02:40.000000000,19.760200000000008
2026-03-16 21:32:31.000000000,16.856500000000015
2026-03-16 21:35:45.000000000,7.702099999999998
2026-03-16 21:29:41.000000000,37.00470000000003
2026-03-16 21:13:13.000000000,7.246199999999999
2026-03-16 21:12:26.000000000,6.1964999999999995
2026-03-16 21:23:54.000000000,13.957099999999999
2026-03-16 21:56:29.000000000,23.839700000000004
2026-03-16 21:10:11.000000000,42.43559999999998
2026-03-16 22:45:43.000000000,11.860800000000006
2026-03-16 22:49:44.000000000,45.4528
2026-03-16 22:12:57.000000000,46.83510000000001
2026-03-16 22:12:49.000000000,14.774000000000006
2026-03-16 22:05:45.000000000,11.992000000000004
2026-03-16 22:04:58.000000000,24.77799999999999
2026-03-16 22:49:47.000000000,48.72169999999999
2026-03-16 22:15:59.000000000,8.971000000000005
2026-03-16 22:15:16.000000000,31.323400000000014
2026-03-16 22:55:12.000000000,25.434899999999992
2026-03-16 22:28:04.000000000,11.497300000000003
2026-03-16 22:23:09.000000000,6.810300000000001
2026-03-16 22:52:34.000000000,39.233000000000004
2026-03-16 22:08:25.000000000,14.280599999999994
2026-03-16 22:06:50.000000000,11.260999999999992
2026-03-16 23:15:10.000000000,13.458900000000002
2026-03-16 23:37:06.000000000,7.154400000000004
2026-03-16 23:00:28.000000000,8.539700000000007
2026-03-16 23:09:06.000000000,27.590500000000002
2026-03-16 23:12:45.000000000,8.048800000000002
2026-03-16 23:47:45.000000000,6.9565
2026-03-16 23:08:09.000000000,119.51579999999998
2026-03-16 23:47:30.000000000,20.637999999999998
2026-03-16 23:09:59.000000000,12.714199999999995
2026-03-16 23:32:53.000000000,34.390699999999995
2026-03-16 23:46:14.000000000,13.973900000000006
2026-03-16 23:28:47.000000000,25.66150000000001
2026-03-16 23:11:45.000000000,63.29280000000001
2026-03-16 23:07:30.000000000,14.729699999999994
2026-03-16 23:25:25.000000000,7.081799999999995
2026-03-16 23:03:31.000000000,109.95299999999997
2026-03-16 23:03:56.000000000,26.6737
2026-03-16 23:55:38.000000000,39.97390000000001
2026-03-16 23:54:22.000000000,7.535100000000004
2026-03-16 23:55:39.000000000,70.99459999999998
2026-03-16 23:04:17.000000000,24.06790000000002
2026-03-16 23:32:14.000000000,7.315100000000002
2026-03-17 00:12:53.000000000,19.839600000000022
2026-03-17 00:57:34.000000000,24.492500000000003
2026-03-17 00:28:35.000000000,41.4405
2026-03-17 00:17:28.000000000,25.295000000000005
2026-03-17 00:00:22.000000000,40.81339999999999
2026-03-17 00:10:27.000000000,51.13650000000001
2026-03-17 00:48:39.000000000,6.423000000000001
2026-03-17 00:48:41.000000000,17.188499999999994
2026-03-17 00:45:58.000000000,18.110200000000017
2026-03-17 01:12:39.000000000,14.917100000000005
2026-03-17 02:36:30.000000000,41.06659999999998
2026-03-17 02:37:51.000000000,68.44769999999998
2026-03-17 02:44:17.000000000,20.792
2026-03-17 02:15:13.000000000,14.054900000000005
2026-03-17 02:17:17.000000000,8.699199999999994
2026-03-17 02:16:50.000000000,15.033500000000002
2026-03-17 03:15:41.000000000,21.38139999999999
2026-03-17 03:12:50.000000000,50.033799999999985
2026-03-17 03:36:06.000000000,8.123400000000002
2026-03-17 04:53:52.000000000,45.4322
2026-03-17 04:09:45.000000000,70.35390000000002
2026-03-17 04:22:34.000000000,26.465999999999994
2026-03-17 04:37:39.000000000,84.18039999999998
2026-03-17 04:00:06.000000000,26.44690000000001
2026-03-17 05:30:50.000000000,21.4252
2026-03-17 05:41:55.000000000,8.257099999999994
2026-03-17 05:40:23.000000000,22.963200000000008
2026-03-17 05:02:05.000000000,27.6516
2026-03-17 05:11:51.000000000,9.081600000000002
2026-03-17 05:04:40.000000000,101.69849999999998
2026-03-17 06:06:21.000000000,20.549099999999985
2026-03-17 06:06:13.000000000,12.484599999999993
2026-03-17 06:53:21.000000000,96.96790000000001
2026-03-17 06:42:19.000000000,15.322999999999997
2026-03-17 06:46:54.000000000,16.301200000000005
2026-03-17 06:01:37.000000000,9.65570000000001
2026-03-17 06:33:12.000000000,17.04209999999999
2026-03-17 06:00:18.000000000,39.93689999999998
2026-03-17 07:49:39.000000000,19.627999999999975
2026-03-17 07:22:28.000000000,38.01140000000001
2026-03-17 07:55:37.000000000,19.460300000000007
2026-03-17 07:46:57.000000000,86.79619999999997
2026-03-17 07:06:16.000000000,10.571499999999993
2026-03-17 07:34:48.000000000,20.942899999999995
2026-03-17 07:30:11.000000000,13.10479999999999
2026-03-17 07:11:50.000000000,50.90729999999998
2026-03-17 07:52:20.000000000,94.14659999999999
2026-03-17 07:58:59.000000000,10.9762
2026-03-17 07:29:02.000000000,18.29799999999999
2026-03-17 07:56:32.000000000,26.553499999999985
2026-03-17 07:39:30.000000000,22.816499999999984
2026-03-17 07:19:40.000000000,57.071000000000005
2026-03-17 07:35:49.000000000,43.56819999999999
2026-03-17 07:00:43.000000000,22.59040000000001
2026-03-17 07:06:17.000000000,9.774099999999997
2026-03-17 07:18:25.000000000,110.54049999999998
2026-03-17 08:31:51.000000000,17.176599999999993
2026-03-17 08:27:33.000000000,7.340399999999996
2026-03-17 08:39:26.000000000,50.591099999999976
2026-03-17 08:01:50.000000000,15.025499999999996
2026-03-17 08:52:53.000000000,33.54830000000001
2026-03-17 08:22:29.000000000,54.050899999999984
2026-03-17 08:09:15.000000000,33.3432
2026-03-17 08:25:27.000000000,22.551200000000005
2026-03-17 08:56:44.000000000,38.78779999999999
2026-03-17 08:25:47.000000000,17.57069999999999
2026-03-17 08:07:14.000000000,16.5216
2026-03-17 08:06:26.000000000,29.075499999999984
2026-03-17 08:06:09.000000000,38.75109999999998
2026-03-17 09:15:06.000000000,8.389400000000002
2026-03-17 09:16:18.000000000,11.519900000000002
2026-03-17 09:36:24.000000000,30.546800000000015
2026-03-17 09:09:44.000000000,28.37130000000001
2026-03-17 09:23:07.000000000,47.85739999999999
2026-03-17 09:38:39.000000000,23.313399999999998
2026-03-17 09:31:05.000000000,52.98389999999999
2026-03-17 09:05:03.000000000,19.274599999999992
2026-03-17 09:29:18.000000000,18.472800000000017
2026-03-17 09:31:37.000000000,31.175300000000004
2026-03-17 09:37:17.000000000,19.783300000000025
2026-03-17 09:02:10.000000000,16.296900000000015
2026-03-17 09:44:50.000000000,23.980599999999992
2026-03-17 09:22:21.000000000,8.5251
2026-03-17 09:50:46.000000000,27.923299999999998
2026-03-17 09:44:01.000000000,36.906400000000005
2026-03-17 09:16:32.000000000,117.92729999999995
2026-03-17 09:16:40.000000000,10.639900000000004
2026-03-17 09:17:50.000000000,11.65980000000001
2026-03-17 09:40:03.000000000,12.744700000000002
2026-03-17 09:36:13.000000000,9.717700000000008
2026-03-17 10:48:23.000000000,8.01899999999999
2026-03-17 10:45:43.000000000,12.327200000000003
2026-03-17 10:14:04.000000000,14.72310000000002
2026-03-17 10:02:14.000000000,28.644200000000023
2026-03-17 10:10:04.000000000,17.79690000000001
2026-03-17 10:10:29.000000000,7.251000000000004
2026-03-17 10:03:30.000000000,11.221400000000006
2026-03-17 10:54:45.000000000,75.65390000000001
2026-03-17 10:05:52.000000000,37.79819999999998
2026-03-17 10:47:03.000000000,42.11889999999997
2026-03-17 10:00:48.000000000,6.491700000000002
2026-03-17 10:59:25.000000000,10.232899999999997
2026-03-17 10:01:50.000000000,7.823899999999994
2026-03-17 10:24:30.000000000,25.594999999999995
2026-03-17 10:27:54.000000000,34.42239999999997
2026-03-17 10:57:55.000000000,13.225199999999996
2026-03-17 10:33:06.000000000,82.8426
2026-03-17 10:00:37.000000000,30.179200000000005
2026-03-17 10:36:59.000000000,15.313999999999998
2026-03-17 11:31:04.000000000,5.647099999999997
2026-03-17 11:05:00.000000000,14.081299999999997
2026-03-17 11:31:40.000000000,15.871899999999993
2026-03-17 11:08:32.000000000,8.630300000000002
2026-03-17 11:50:33.000000000,19.289400000000015
2026-03-17 11:13:08.000000000,5.0531
2026-03-17 11:02:11.000000000,6.463999999999999
2026-03-17 11:51:00.000000000,28.036600000000018
2026-03-17 11:26:32.000000000,28.31930000000001
2026-03-17 11:38:06.000000000,15.131600000000008
2026-03-17 11:32:15.000000000,7.900599999999992
2026-03-17 11:18:24.000000000,12.634600000000002
2026-03-17 12:45:33.000000000,29.2423
2026-03-17 12:46:27.000000000,14.599199999999994
2026-03-17 12:06:02.000000000,29.789999999999992
2026-03-17 12:52:32.000000000,19.5765
2026-03-17 12:54:39.000000000,74.06079999999996
2026-03-17 12:34:08.000000000,13.3081
2026-03-17 12:03:28.000000000,203.25319999999996
2026-03-17 12:49:27.000000000,17.280900000000003
2026-03-17 12:08:01.000000000,13.586700000000002
2026-03-17 12:19:43.000000000,15.089600000000004
2026-03-17 12:22:10.000000000,10.707699999999996
2026-03-17 12:34:02.000000000,21.251200000000004
2026-03-17 12:30:54.000000000,46.96550000000002
2026-03-17 12:38:54.000000000,11.636999999999993
2026-03-17 12:07:21.000000000,58.93840000000001
2026-03-17 13:39:16.000000000,39.9649
2026-03-17 13:00:41.000000000,6.016499999999999
2026-03-17 13:35:17.000000000,8.956700000000001
2026-03-17 13:40:45.000000000,16.306800000000003
2026-03-17 13:14:26.000000000,54.63229999999999
2026-03-17 13:08:18.000000000,9.103800000000005
2026-03-17 13:18:14.000000000,104.74869999999997
2026-03-17 13:16:09.000000000,11.494100000000005
2026-03-17 13:49:14.000000000,20.480799999999995
2026-03-17 13:26:32.000000000,11.438699999999994
2026-03-17 13:37:13.000000000,29.203699999999994
2026-03-17 13:06:23.000000000,51.908999999999985
2026-03-17 14:07:49.000000000,46.31190000000001
2026-03-17 14:58:58.000000000,49.028499999999966
2026-03-17 14:48:53.000000000,11.656499999999994
2026-03-17 14:42:05.000000000,13.603499999999995
2026-03-17 14:57:48.000000000,25.325000000000003
2026-03-17 14:32:49.000000000,6.578200000000001
2026-03-17 14:36:55.000000000,15.631000000000006
2026-03-17 14:45:33.000000000,8.153900000000004
2026-03-17 14:24:33.000000000,11.298000000000002
2026-03-17 14:52:44.000000000,28.587200000000003
2026-03-17 14:58:05.000000000,12.2788
2026-03-17 14:19:20.000000000,15.956600000000002
2026-03-17 14:27:51.000000000,22.880899999999997
2026-03-17 14:16:53.000000000,13.483500000000001
2026-03-17 14:59:08.000000000,9.982200000000004
2026-03-17 14:01:44.000000000,8.976699999999992
2026-03-17 14:34:04.000000000,27.390700000000017
2026-03-17 14:38:13.000000000,32.965599999999995
2026-03-17 15:43:26.000000000,12.443799999999989
2026-03-17 15:21:58.000000000,10.262
2026-03-17 15:41:16.000000000,9.611899999999999
2026-03-17 15:00:54.000000000,8.889499999999991
2026-03-17 15:56:47.000000000,18.643800000000002
2026-03-17 15:38:53.000000000,12.338299999999995
2026-03-17 15:09:32.000000000,28.831
2026-03-17 15:13:21.000000000,19.99370000000002
2026-03-17 15:32:29.000000000,13.079599999999997
2026-03-17 15:25:33.000000000,20.79609999999999
2026-03-17 15:55:03.000000000,20.081000000000007
2026-03-17 15:41:21.000000000,22.3769
2026-03-17 15:30:57.000000000,17.431600000000007
2026-03-17 15:04:49.000000000,15.578000000000001
2026-03-17 15:34:16.000000000,18.513499999999986
2026-03-17 15:25:57.000000000,9.1059
2026-03-17 15:58:47.000000000,28.576599999999996
2026-03-17 16:41:35.000000000,12.52739999999999
2026-03-17 16:46:01.000000000,16.049699999999998
2026-03-17 16:06:00.000000000,95.18109999999999
2026-03-17 16:36:56.000000000,54.20489999999998
2026-03-17 16:40:49.000000000,23.935099999999988
2026-03-17 16:35:08.000000000,9.413299999999994
2026-03-17 16:53:43.000000000,15.743600000000008
2026-03-17 16:55:00.000000000,8.198499999999992
2026-03-17 16:50:54.000000000,20.41849999999998
2026-03-17 16:24:58.000000000,15.398000000000001
2026-03-17 16:52:36.000000000,11.511900000000008
2026-03-17 16:47:57.000000000,14.490699999999995
2026-03-17 16:54:37.000000000,42.813900000000004
2026-03-17 16:49:06.000000000,12.891399999999994
2026-03-17 16:05:30.000000000,15.8529
2026-03-17 17:01:03.000000000,12.575499999999995
2026-03-17 17:33:43.000000000,43.443299999999994
2026-03-17 17:27:56.000000000,16.167500000000004
2026-03-17 17:09:58.000000000,68.14209999999997
2026-03-17 17:27:19.000000000,27.604899999999997
2026-03-17 17:04:17.000000000,27.522699999999986
2026-03-17 17:49:26.000000000,7.9399000000000015
2026-03-17 17:34:15.000000000,17.235900000000004
2026-03-17 17:20:18.000000000,8.611
2026-03-17 17:30:56.000000000,16.4853
2026-03-17 17:55:37.000000000,23.83030000000001
2026-03-17 17:31:29.000000000,43.593900000000005
2026-03-17 17:08:18.000000000,21.519200000000023
2026-03-17 17:35:19.000000000,55.34030000000001
2026-03-17 17:52:02.000000000,44.127399999999994
2026-03-17 18:20:09.000000000,11.761299999999999
2026-03-17 18:38:27.000000000,48.45930000000002
2026-03-17 18:17:59.000000000,47.22740000000003
2026-03-17 18:12:49.000000000,9.159499999999996
2026-03-17 18:20:35.000000000,18.77629999999999
2026-03-17 18:44:40.000000000,18.426200000000005
2026-03-17 18:13:14.000000000,10.895800000000001
2026-03-17 18:06:18.000000000,17.593899999999998
2026-03-17 18:15:38.000000000,6.8243999999999945
2026-03-17 18:17:08.000000000,10.611400000000005
2026-03-17 18:10:28.000000000,16.346899999999998
2026-03-17 18:21:31.000000000,12.518900000000006
2026-03-17 18:05:48.000000000,23.33819999999998
2026-03-17 18:49:45.000000000,25.195500000000017
2026-03-17 18:03:03.000000000,13.316800000000006
2026-03-17 18:53:43.000000000,11.2985
2026-03-17 18:27:28.000000000,107.51420000000013
2026-03-17 18:56:22.000000000,18.51289999999999
2026-03-17 18:07:24.000000000,54.544200000000025
2026-03-17 18:45:20.000000000,7.362999999999999
2026-03-17 19:42:09.000000000,13.441900000000002
2026-03-17 19:55:23.000000000,11.569500000000005
2026-03-17 19:28:15.000000000,31.951099999999997
2026-03-17 19:10:35.000000000,22.4074
2026-03-17 19:18:24.000000000,8.101799999999992
2026-03-17 19:52:25.000000000,6.690699999999998
2026-03-17 19:35:26.000000000,33.866400000000006
2026-03-17 19:36:06.000000000,22.41130000000001
2026-03-17 19:52:12.000000000,12.335299999999991
2026-03-17 19:58:37.000000000,16.139999999999997
2026-03-17 19:29:16.000000000,8.883099999999994
2026-03-17 19:44:38.000000000,10.766000000000004
2026-03-17 20:49:56.000000000,8.107199999999999
2026-03-17 20:31:55.000000000,27.531899999999986
2026-03-17 20:46:40.000000000,7.574200000000003
2026-03-17 20:03:04.000000000,21.972499999999997
2026-03-17 20:27:39.000000000,24.416499999999992
2026-03-17 20:00:32.000000000,15.498500000000009
2026-03-17 20:42:22.000000000,361.8162
2026-03-17 20:26:50.000000000,91.75779999999999
2026-03-17 20:21:27.000000000,38.38929999999999
2026-03-17 20:10:29.000000000,20.72499999999999
2026-03-17 21:59:25.000000000,14.088299999999998
2026-03-17 21:26:15.000000000,12.417499999999992
2026-03-17 21:27:42.000000000,9.140100000000004
2026-03-17 21:44:49.000000000,11.429200000000003
2026-03-17 21:23:44.000000000,24.763899999999992
2026-03-17 21:20:06.000000000,11.835100000000002
2026-03-17 21:43:05.000000000,14.217499999999989
2026-03-17 21:51:08.000000000,74.92400000000004
2026-03-17 21:04:27.000000000,6.411000000000002
2026-03-17 21:02:21.000000000,25.826400000000003
2026-03-17 21:07:50.000000000,28.951099999999993
2026-03-17 22:43:41.000000000,10.700000000000003
2026-03-17 22:03:36.000000000,31.559499999999993
2026-03-17 22:13:27.000000000,25.770100000000006
2026-03-17 22:40:28.000000000,14.783000000000007
2026-03-17 22:39:50.000000000,17.018199999999993
2026-03-17 22:35:31.000000000,155.10010000000005
2026-03-17 22:25:19.000000000,38.17230000000001
2026-03-17 22:29:28.000000000,10.979700000000006
2026-03-17 22:24:54.000000000,25.494799999999994
2026-03-17 22:31:05.000000000,12.569599999999994
2026-03-17 22:46:26.000000000,8.829600000000003
2026-03-17 22:28:29.000000000,19.902600000000017
2026-03-17 23:49:20.000000000,25.20289999999999
2026-03-17 23:31:11.000000000,24.55290000000002
2026-03-17 23:11:22.000000000,44.243700000000025
2026-03-17 23:43:28.000000000,13.462100000000005
2026-03-17 23:36:58.000000000,32.491700000000016
2026-03-17 23:55:21.000000000,11.616199999999997
2026-03-17 23:32:43.000000000,22.364000000000004
2026-03-17 23:37:51.000000000,24.7441
2026-03-17 23:35:09.000000000,47.88210000000001
2026-03-17 23:44:05.000000000,18.831400000000016
2026-03-17 23:17:18.000000000,32.10809999999999
2026-03-17 23:06:03.000000000,25.778900000000007
2026-03-17 23:51:32.000000000,6.2224
2026-03-18 00:30:13.000000000,149.06810000000002
2026-03-18 00:23:31.000000000,10.274000000000003
2026-03-18 00:42:50.000000000,34.5405
2026-03-18 00:40:30.000000000,97.4143
2026-03-18 00:21:39.000000000,20.307700000000004
2026-03-18 00:08:45.000000000,5.893299999999998
2026-03-18 00:02:28.000000000,34.50809999999999
2026-03-18 01:27:32.000000000,9.2768
2026-03-18 01:57:10.000000000,15.952299999999997
2026-03-18 01:40:05.000000000,30.268600000000003
2026-03-18 02:40:34.000000000,15.921800000000005
2026-03-18 02:04:09.000000000,22.433800000000005
2026-03-18 03:18:36.000000000,31.713700000000028
2026-03-18 03:30:46.000000000,13.459800000000012
2026-03-18 03:34:59.000000000,21.688000000000002
2026-03-18 04:59:47.000000000,10.760100000000005
2026-03-18 05:40:29.000000000,40.66769999999996
2026-03-18 05:44:05.000000000,65.23859999999996
2026-03-18 05:55:21.000000000,8.912400000000005
2026-03-18 05:47:03.000000000,16.41090000000001
2026-03-18 05:54:11.000000000,11.270100000000006
2026-03-18 05:24:03.000000000,11.838400000000004
2026-03-18 05:15:41.000000000,88.95029999999998
2026-03-18 06:22:20.000000000,9.050500000000005
2026-03-18 06:47:13.000000000,16.834300000000024
2026-03-18 06:14:22.000000000,15.976999999999991
2026-03-18 06:08:46.000000000,27.5651
2026-03-18 06:42:21.000000000,13.075599999999984
2026-03-18 06:27:15.000000000,29.699099999999973
2026-03-18 06:45:42.000000000,50.500799999999984
2026-03-18 06:21:20.000000000,10.794900000000002
2026-03-18 06:17:16.000000000,88.44380000000007
2026-03-18 06:38:39.000000000,18.69889999999999
2026-03-18 06:59:52.000000000,6.234800000000004
2026-03-18 06:37:27.000000000,43.54089999999999
2026-03-18 06:29:32.000000000,20.495899999999974
2026-03-18 06:31:10.000000000,95.15719999999999
2026-03-18 06:53:04.000000000,11.515799999999999
2026-03-18 06:54:16.000000000,21.78179999999999
2026-03-18 06:28:21.000000000,28.441799999999994
2026-03-18 07:20:57.000000000,7.885400000000001
2026-03-18 07:57:51.000000000,19.525099999999966
2026-03-18 07:29:57.000000000,96.01890000000002
2026-03-18 07:50:57.000000000,16.701100000000004
2026-03-18 07:18:53.000000000,18.394600000000004
2026-03-18 07:51:03.000000000,18.576
2026-03-18 07:43:44.000000000,9.520399999999995
2026-03-18 07:27:32.000000000,35.361600000000024
2026-03-18 07:06:18.000000000,94.56140000000003
2026-03-18 07:57:46.000000000,11.212099999999998
2026-03-18 07:59:47.000000000,40.10849999999997
2026-03-18 07:49:26.000000000,29.639399999999988
2026-03-18 07:16:51.000000000,11.845900000000002
2026-03-18 07:36:12.000000000,32.8304
2026-03-18 07:11:19.000000000,21.540300000000006
2026-03-18 07:32:10.000000000,39.296499999999995
2026-03-18 07:59:30.000000000,102.22360000000002
2026-03-18 07:54:29.000000000,9.447500000000005
2026-03-18 07:03:20.000000000,55.85580000000001
2026-03-18 08:36:30.000000000,31.560400000000005
2026-03-18 08:14:33.000000000,41.054199999999994
2026-03-18 08:55:57.000000000,18.206299999999995
2026-03-18 08:32:37.000000000,13.397599999999994
2026-03-18 08:10:29.000000000,27.0542
2026-03-18 08:09:07.000000000,20.79900000000001
2026-03-18 08:36:43.000000000,28.51630000000002
2026-03-18 08:34:14.000000000,33.415799999999976
2026-03-18 08:41:59.000000000,16.863099999999996
2026-03-18 08:08:22.000000000,36.81420000000001
2026-03-18 08:23:05.000000000,24.7946
2026-03-18 08:28:03.000000000,30.3803
2026-03-18 08:05:08.000000000,13.21830000000001
2026-03-18 08:08:01.000000000,56.78589999999998
2026-03-18 08:23:30.000000000,16.82929999999999
2026-03-18 08:49:29.000000000,46.254100000000015
2026-03-18 09:09:03.000000000,30.595199999999995
2026-03-18 09:02:14.000000000,28.242800000000003
2026-03-18 09:32:57.000000000,24.2047
2026-03-18 09:06:53.000000000,9.05210000000001
2026-03-18 09:49:54.000000000,15.062400000000011
2026-03-18 09:50:00.000000000,11.706800000000003
2026-03-18 09:37:44.000000000,14.390799999999992
2026-03-18 09:48:18.000000000,10.790600000000008
2026-03-18 09:56:36.000000000,51.50209999999997
2026-03-18 09:43:28.000000000,22.32600000000004
2026-03-18 09:35:27.000000000,20.35529999999999
2026-03-18 09:25:06.000000000,34.628299999999996
2026-03-18 09:58:40.000000000,66.85259999999997
2026-03-18 09:47:59.000000000,13.39480000000001
2026-03-18 09:38:45.000000000,102.2502
2026-03-18 09:28:21.000000000,13.398800000000005
2026-03-18 09:18:31.000000000,15.886
2026-03-18 09:09:27.000000000,29.83310000000001
2026-03-18 09:06:51.000000000,7.886399999999997
2026-03-18 09:03:57.000000000,40.3977
2026-03-18 09:44:39.000000000,11.857000000000005
2026-03-18 10:21:13.000000000,18.572000000000024
2026-03-18 10:18:16.000000000,30.609700000000004
2026-03-18 10:55:04.000000000,71.14959999999998
2026-03-18 10:53:17.000000000,9.723100000000004
2026-03-18 10:09:29.000000000,9.644499999999997
2026-03-18 10:50:58.000000000,21.9001
2026-03-18 10:35:29.000000000,12.46829999999999
2026-03-18 10:10:43.000000000,13.892500000000005
2026-03-18 10:41:42.000000000,28.39839999999999
2026-03-18 10:14:02.000000000,38.686099999999975
2026-03-18 10:38:58.000000000,51.32830000000003
2026-03-18 10:14:39.000000000,32.37340000000001
2026-03-18 10:09:21.000000000,23.74649999999999
2026-03-18 10:14:17.000000000,35.04889999999998
2026-03-18 10:42:08.000000000,10.770400000000006
2026-03-18 10:25:59.000000000,8.864100000000006
2026-03-18 10:39:46.000000000,26.360100000000003
2026-03-18 10:30:51.000000000,9.065999999999994
2026-03-18 10:52:03.000000000,131.7591
2026-03-18 11:45:14.000000000,111.32019999999999
2026-03-18 11:34:32.000000000,60.629399999999976
2026-03-18 11:01:19.000000000,23.2746
2026-03-18 11:55:33.000000000,64.19920000000002
2026-03-18 11:21:39.000000000,26.82880000000001
2026-03-18 11:26:10.000000000,17.744100000000007
2026-03-18 11:55:03.000000000,26.487700000000004
2026-03-18 11:35:03.000000000,37.128099999999996
2026-03-18 11:04:19.000000000,7.937700000000002
2026-03-18 12:03:47.000000000,33.96159999999999
2026-03-18 12:53:06.000000000,18.630799999999994
2026-03-18 12:15:14.000000000,50.90499999999998
2026-03-18 12:36:58.000000000,14.178699999999987
2026-03-18 12:55:39.000000000,15.150600000000004
2026-03-18 12:44:28.000000000,8.127699999999999
2026-03-18 12:47:09.000000000,23.0989
2026-03-18 12:34:53.000000000,50.39299999999999
2026-03-18 12:47:32.000000000,20.1101
2026-03-18 12:54:38.000000000,25.696500000000004
2026-03-18 12:46:35.000000000,9.01639999999999
2026-03-18 12:02:42.000000000,14.31379999999999
2026-03-18 12:51:23.000000000,12.889699999999996
2026-03-18 12:20:21.000000000,36.03300000000001
2026-03-18 12:01:47.000000000,20.515699999999978
2026-03-18 12:02:43.000000000,22.620299999999993
2026-03-18 12:34:54.000000000,41.5933
2026-03-18 12:52:41.000000000,13.297900000000011
2026-03-18 13:56:34.000000000,17.703999999999997
2026-03-18 13:47:41.000000000,56.20740000000003
2026-03-18 13:32:40.000000000,46.30879999999999
2026-03-18 13:42:39.000000000,6.426899999999996
2026-03-18 13:12:44.000000000,33.7754
2026-03-18 13:03:36.000000000,57.0446
2026-03-18 13:05:18.000000000,16.86569999999999
2026-03-18 13:31:02.000000000,25.506
2026-03-18 13:54:20.000000000,21.942599999999988
2026-03-18 13:45:48.000000000,13.466500000000005
2026-03-18 13:07:30.000000000,12.016099999999996
2026-03-18 13:00:14.000000000,29.625599999999984
2026-03-18 13:00:00.000000000,128.7539
2026-03-18 13:21:24.000000000,76.199
2026-03-18 13:34:01.000000000,14.35490000000001
2026-03-18 14:47:45.000000000,26.095300000000012
2026-03-18 14:21:16.000000000,63.75539999999998
2026-03-18 14:29:03.000000000,73.18759999999996
2026-03-18 14:36:36.000000000,10.813700000000004
2026-03-18 14:22:39.000000000,8.130700000000004
2026-03-18 14:23:08.000000000,20.708599999999983
2026-03-18 14:29:39.000000000,19.258799999999997
2026-03-18 14:35:18.000000000,18.53419999999999
2026-03-18 14:59:33.000000000,51.14949999999999
2026-03-18 14:41:47.000000000,9.612000000000007
2026-03-18 14:45:08.000000000,15.111800000000002
2026-03-18 14:06:00.000000000,15.797600000000003
2026-03-18 15:49:45.000000000,17.680200000000006
2026-03-18 15:33:45.000000000,23.840999999999998
2026-03-18 15:40:55.000000000,14.932199999999998
2026-03-18 15:04:14.000000000,44.66730000000001
2026-03-18 15:53:05.000000000,20.343500000000002
2026-03-18 15:23:54.000000000,25.374299999999998
2026-03-18 15:30:47.000000000,18.088399999999996
2026-03-18 15:55:51.000000000,41.67539999999998
2026-03-18 15:41:01.000000000,13.107299999999995
2026-03-18 15:36:47.000000000,31.385399999999986
2026-03-18 15:41:20.000000000,26.15889999999999
2026-03-18 15:12:03.000000000,181.07000000000005
2026-03-18 15:11:19.000000000,15.13150000000001
2026-03-18 15:01:19.000000000,64.3141
2026-03-18 15:41:29.000000000,48.67859999999999
2026-03-18 16:42:42.000000000,10.704299999999996
2026-03-18 16:36:15.000000000,28.423600000000008
2026-03-18 16:41:27.000000000,14.449699999999986
2026-03-18 16:29:30.000000000,9.582699999999996
2026-03-18 16:07:19.000000000,32.17819999999999
2026-03-18 16:42:38.000000000,25.842200000000002
2026-03-18 16:29:12.000000000,40.560700000000004
2026-03-18 16:11:04.000000000,10.480799999999997
2026-03-18 16:18:06.000000000,13.392000000000001
2026-03-18 16:11:09.000000000,6.991300000000001
2026-03-18 16:59:47.000000000,22.144300000000023
2026-03-18 16:44:21.000000000,13.2785
2026-03-18 16:10:02.000000000,21.003000000000014
2026-03-18 16:43:33.000000000,15.607200000000013
2026-03-18 16:20:57.000000000,12.335900000000002
2026-03-18 16:30:14.000000000,20.531399999999994
2026-03-18 17:42:41.000000000,12.64000000000001
2026-03-18 17:55:17.000000000,12.762199999999996
2026-03-18 17:43:29.000000000,22.47280000000001
2026-03-18 17:51:50.000000000,97.20249999999996
2026-03-18 17:42:22.000000000,8.8674
2026-03-18 17:36:26.000000000,16.509800000000002
2026-03-18 17:28:07.000000000,7.509600000000005
2026-03-18 17:14:46.000000000,11.088600000000001
2026-03-18 17:39:33.000000000,93.14279999999997
2026-03-18 17:43:00.000000000,74.87480000000001
2026-03-18 17:36:52.000000000,11.133199999999997
2026-03-18 17:36:19.000000000,7.922899999999993
2026-03-18 17:31:22.000000000,10.648000000000009
2026-03-18 17:45:39.000000000,65.27280000000002
2026-03-18 17:44:18.000000000,27.46540000000001
2026-03-18 17:03:27.000000000,16.327200000000012
2026-03-18 17:37:10.000000000,10.644600000000008
2026-03-18 17:09:16.000000000,81.74560000000002
2026-03-18 17:23:36.000000000,22.16749999999999
2026-03-18 17:53:15.000000000,12.825699999999994
2026-03-18 17:30:50.000000000,36.0642
2026-03-18 17:16:55.000000000,27.426000000000002
2026-03-18 17:49:58.000000000,17.207900000000006
2026-03-18 17:19:07.000000000,13.7711
2026-03-18 17:00:24.000000000,60.12019999999998
2026-03-18 18:54:23.000000000,5.960499999999993
2026-03-18 18:27:22.000000000,79.24780000000001
2026-03-18 18:49:54.000000000,28.806699999999992
2026-03-18 18:05:55.000000000,9.084499999999993
2026-03-18 18:28:26.000000000,11.876699999999998
2026-03-18 18:51:45.000000000,19.677400000000006
2026-03-18 18:48:49.000000000,14.872999999999983
2026-03-18 18:08:41.000000000,78.98559999999999
2026-03-18 18:43:16.000000000,16.568000000000005
2026-03-18 18:10:06.000000000,16.236499999999992
2026-03-18 18:33:28.000000000,49.29969999999999
2026-03-18 18:22:38.000000000,17.808600000000002
2026-03-18 18:37:11.000000000,19.513600000000004
2026-03-18 18:26:32.000000000,41.672799999999995
2026-03-18 18:38:09.000000000,15.566399999999998
2026-03-18 18:11:03.000000000,40.481599999999986
2026-03-18 18:02:37.000000000,8.542700000000004
2026-03-18 18:20:34.000000000,22.242899999999995
2026-03-18 18:32:07.000000000,64.2184
2026-03-18 18:25:58.000000000,23.261600000000023
2026-03-18 18:31:16.000000000,43.841800000000006
2026-03-18 18:30:15.000000000,12.424199999999994
2026-03-18 19:44:46.000000000,25.27370000000001
2026-03-18 19:41:15.000000000,11.391899999999996
2026-03-18 19:08:51.000000000,13.446100000000007
2026-03-18 19:54:23.000000000,57.249100000000006
2026-03-18 19:55:50.000000000,14.021500000000009
2026-03-18 19:34:25.000000000,22.77520000000002
2026-03-18 19:30:27.000000000,17.259
2026-03-18 19:59:10.000000000,10.607000000000005
2026-03-18 19:59:00.000000000,33.79190000000001
2026-03-18 19:13:48.000000000,70.49820000000004
2026-03-18 19:37:06.000000000,19.255599999999994
2026-03-18 19:41:46.000000000,46.24420000000003
2026-03-18 19:00:08.000000000,18.56579999999999
2026-03-18 19:30:35.000000000,16.017099999999996
2026-03-18 19:15:49.000000000,11.123200000000004
2026-03-18 19:41:39.000000000,49.947200000000024
2026-03-18 19:36:01.000000000,44.88529999999999
2026-03-18 19:52:51.000000000,48.445899999999995
2026-03-18 19:26:18.000000000,31.23540000000003
2026-03-18 19:44:20.000000000,10.836800000000004
2026-03-18 19:26:08.000000000,22.01580000000001
2026-03-18 20:29:12.000000000,24.70819999999999
2026-03-18 20:07:24.000000000,19.514200000000006
2026-03-18 20:32:37.000000000,73.73369999999996
2026-03-18 20:42:24.000000000,64.04710000000001
2026-03-18 20:41:21.000000000,10.758700000000008
2026-03-18 20:07:24.000000000,8.071299999999997
2026-03-18 20:49:12.000000000,46.97330000000004
2026-03-18 20:31:43.000000000,24.956300000000006
2026-03-18 20:28:12.000000000,11.650899999999988
2026-03-18 20:33:00.000000000,16.6014
2026-03-18 20:58:00.000000000,69.7158
2026-03-18 20:23:43.000000000,198.889
2026-03-18 20:59:42.000000000,43.99809999999999
2026-03-18 20:43:31.000000000,6.398299999999999
2026-03-18 20:56:25.000000000,27.833300000000005
2026-03-18 20:46:36.000000000,25.582100000000015
2026-03-18 21:34:57.000000000,8.155400000000004
2026-03-18 21:16:47.000000000,15.23750000000001
2026-03-18 21:50:32.000000000,10.7815
2026-03-18 21:22:52.000000000,9.497800000000005
2026-03-18 21:16:07.000000000,12.226599999999992
2026-03-18 21:51:17.000000000,12.274000000000003
2026-03-18 21:02:58.000000000,16.066200000000002
2026-03-18 21:20:37.000000000,33.27999999999998
2026-03-18 21:56:39.000000000,24.86410000000001
2026-03-18 21:44:32.000000000,111.91209999999994
2026-03-18 21:21:17.000000000,7.422200000000001
2026-03-18 21:07:31.000000000,13.917300000000012
2026-03-18 21:22:56.000000000,11.868499999999997
2026-03-18 21:19:45.000000000,47.34810000000004
2026-03-18 21:10:20.000000000,13.281999999999991
2026-03-18 21:42:06.000000000,14.384300000000005
2026-03-18 22:11:31.000000000,12.952799999999991
2026-03-18 22:38:32.000000000,9.522900000000003
2026-03-18 22:05:20.000000000,190.6381000000001
2026-03-18 22:50:46.000000000,18.629700000000017
2026-03-18 22:32:08.000000000,30.455300000000026
2026-03-18 22:00:58.000000000,16.944300000000002
2026-03-18 22:52:46.000000000,17.205999999999985
2026-03-18 22:12:45.000000000,11.805900000000003
2026-03-18 22:37:19.000000000,9.77880000000001
2026-03-18 22:03:29.000000000,69.11319999999996
2026-03-18 22:05:00.000000000,20.393799999999978
2026-03-18 22:29:04.000000000,7.862299999999996
2026-03-18 22:37:06.000000000,43.536300000000004
2026-03-18 22:10:54.000000000,12.594
2026-03-18 22:31:58.000000000,15.160799999999997
2026-03-18 22:42:49.000000000,12.024600000000005
2026-03-18 22:44:47.000000000,89.60880000000002
2026-03-18 22:33:37.000000000,64.5268
2026-03-18 23:19:43.000000000,25.214999999999986
2026-03-18 23:43:59.000000000,29.841500000000007
2026-03-18 23:51:54.000000000,6.2142
2026-03-18 23:15:21.000000000,63.999700000000004
2026-03-18 23:13:56.000000000,21.8717
2026-03-18 23:09:03.000000000,13.482900000000008
2026-03-18 23:58:17.000000000,28.67459999999999
2026-03-18 23:29:04.000000000,14.203900000000003
2026-03-18 23:38:40.000000000,21.341400000000007
2026-03-18 23:55:22.000000000,8.969400000000004
2026-03-18 23:01:49.000000000,18.56959999999999
2026-03-18 23:04:12.000000000,16.793899999999997
2026-03-18 23:05:01.000000000,19.9501
2026-03-19 00:50:04.000000000,13.459999999999994
2026-03-19 00:22:09.000000000,38.180699999999995
2026-03-19 00:59:08.000000000,41.51429999999999
2026-03-19 00:07:15.000000000,27.230700000000002
2026-03-19 00:22:12.000000000,25.938599999999997
2026-03-19 00:16:25.000000000,19.590200000000017
2026-03-19 00:23:34.000000000,38.11750000000001
2026-03-19 00:27:14.000000000,9.859
2026-03-19 00:37:34.000000000,32.427299999999995
2026-03-19 00:32:06.000000000,28.511599999999998
2026-03-19 00:51:55.000000000,20.289599999999993
2026-03-19 01:22:25.000000000,42.97030000000002
2026-03-19 01:25:13.000000000,30.463100000000026
2026-03-19 01:55:27.000000000,14.654499999999992
2026-03-19 01:56:45.000000000,14.39389999999998
2026-03-19 01:27:01.000000000,22.890499999999992
2026-03-19 01:13:19.000000000,9.057199999999998
2026-03-19 01:31:51.000000000,13.308799999999998
2026-03-19 01:17:17.000000000,10.905000000000003
2026-03-19 01:47:10.000000000,16.2019
2026-03-19 01:17:14.000000000,21.123100000000004
2026-03-19 01:07:08.000000000,15.219000000000005
2026-03-19 02:03:57.000000000,16.1144
2026-03-19 02:47:10.000000000,18.296300000000002
2026-03-19 02:53:08.000000000,64.2748
2026-03-19 03:33:00.000000000,64.36019999999996
2026-03-19 03:52:07.000000000,32.45949999999999
2026-03-19 04:48:13.000000000,68.12860000000002
2026-03-19 05:53:22.000000000,11.470199999999998
2026-03-19 05:50:29.000000000,15.344500000000005
2026-03-19 05:06:12.000000000,54.4788
2026-03-19 05:58:17.000000000,87.93199999999996
2026-03-19 05:34:15.000000000,15.520900000000006
2026-03-19 05:55:53.000000000,11.4946
2026-03-19 05:58:33.000000000,65.10909999999996
2026-03-19 05:27:58.000000000,12.691000000000004
2026-03-19 05:22:58.000000000,10.682200000000009
2026-03-19 05:32:30.000000000,10.64390000000001
2026-03-19 05:55:58.000000000,41.14309999999998
2026-03-19 05:05:58.000000000,57.81929999999999
2026-03-19 06:16:18.000000000,16.706400000000016
2026-03-19 06:41:32.000000000,14.392700000000007
2026-03-19 06:12:34.000000000,9.884599999999995
2026-03-19 06:59:46.000000000,11.995399999999997
2026-03-19 06:50:13.000000000,19.785399999999996
2026-03-19 06:05:43.000000000,15.679399999999996
2026-03-19 06:43:35.000000000,30.774299999999993
2026-03-19 06:30:53.000000000,11.640899999999997
2026-03-19 07:12:54.000000000,14.311699999999998
2026-03-19 07:58:46.000000000,96.33790000000003
2026-03-19 07:17:07.000000000,50.724000000000004
2026-03-19 07:30:31.000000000,8.431499999999998
2026-03-19 07:20:14.000000000,14.389899999999995
2026-03-19 07:33:28.000000000,55.31630000000002
2026-03-19 07:04:53.000000000,12.857700000000007
2026-03-19 07:38:23.000000000,34.4885
2026-03-19 07:50:31.000000000,9.121899999999997
2026-03-19 07:49:38.000000000,44.323899999999995
2026-03-19 07:48:31.000000000,28.287000000000017
2026-03-19 07:27:22.000000000,20.069300000000023
2026-03-19 07:44:38.000000000,56.16299999999997
2026-03-19 07:41:12.000000000,24.793600000000012
2026-03-19 07:36:22.000000000,14.296
2026-03-19 07:05:04.000000000,15.992999999999995
2026-03-19 07:00:43.000000000,9.7149
2026-03-19 08:39:30.000000000,16.922500000000017
2026-03-19 08:16:10.000000000,18.03719999999998
2026-03-19 08:12:14.000000000,19.790499999999994
2026-03-19 08:26:12.000000000,11.959999999999996
2026-03-19 08:38:07.000000000,39.494200000000006
2026-03-19 08:03:56.000000000,13.658800000000015
2026-03-19 08:19:27.000000000,15.768399999999996
2026-03-19 08:07:41.000000000,19.864499999999992
2026-03-19 08:28:54.000000000,15.187000000000001
2026-03-19 08:14:57.000000000,17.746800000000018
2026-03-19 08:07:20.000000000,18.188799999999993
2026-03-19 08:00:34.000000000,16.3827
2026-03-19 08:22:21.000000000,84.209
2026-03-19 08:38:47.000000000,37.77319999999999
2026-03-19 08:25:55.000000000,5.0125
2026-03-19 08:45:54.000000000,24.661900000000006
2026-03-19 08:58:22.000000000,12.352499999999994
2026-03-19 08:01:30.000000000,15.562200000000004
2026-03-19 08:55:16.000000000,8.099499999999999
2026-03-19 08:40:18.000000000,17.27829999999998
2026-03-19 09:59:33.000000000,27.990300000000012
2026-03-19 09:24:51.000000000,11.649799999999997
2026-03-19 09:01:28.000000000,15.613799999999985
2026-03-19 09:28:10.000000000,18.69660000000001
2026-03-19 09:46:39.000000000,11.650800000000002
2026-03-19 09:18:40.000000000,8.892000000000001
2026-03-19 09:24:01.000000000,10.282799999999993
2026-03-19 09:25:01.000000000,5.534000000000004
2026-03-19 09:28:50.000000000,13.624900000000014
2026-03-19 09:09:59.000000000,35.411700000000025
2026-03-19 09:42:23.000000000,15.597399999999983
2026-03-19 09:48:38.000000000,35.03069999999998
2026-03-19 09:16:10.000000000,10.825499999999995
2026-03-19 09:02:49.000000000,8.833500000000004
2026-03-19 09:11:29.000000000,15.553400000000003
2026-03-19 09:12:03.000000000,77.17509999999996
2026-03-19 09:08:54.000000000,127.38349999999997
2026-03-19 09:32:42.000000000,26.660800000000005
2026-03-19 10:51:05.000000000,9.046899999999999
2026-03-19 10:07:46.000000000,12.808400000000006
2026-03-19 10:21:49.000000000,15.0493
2026-03-19 10:40:12.000000000,28.525100000000002
2026-03-19 10:04:58.000000000,35.3038
2026-03-19 10:25:14.000000000,12.718599999999991
2026-03-19 10:25:25.000000000,24.408199999999994
2026-03-19 10:30:36.000000000,18.661099999999987
2026-03-19 10:53:40.000000000,32.13600000000002
2026-03-19 10:23:49.000000000,87.64149999999994
2026-03-19 11:41:06.000000000,39.392999999999994
2026-03-19 11:28:42.000000000,18.29499999999998
2026-03-19 11:49:08.000000000,38.901199999999974
2026-03-19 11:23:30.000000000,37.3532
2026-03-19 11:13:27.000000000,62.921300000000016
2026-03-19 11:44:20.000000000,75.90370000000001
2026-03-19 11:08:59.000000000,10.435499999999998
2026-03-19 11:16:48.000000000,22.228399999999993
2026-03-19 11:50:26.000000000,14.778899999999998
2026-03-19 11:56:04.000000000,13.590100000000009
2026-03-19 11:07:46.000000000,26.532600000000013
2026-03-19 11:02:09.000000000,14.391899999999998
2026-03-19 11:42:41.000000000,19.58200000000002
2026-03-19 11:21:29.000000000,21.481599999999993
2026-03-19 11:44:42.000000000,17.681299999999993
2026-03-19 11:22:09.000000000,10.526100000000007
2026-03-19 11:47:41.000000000,10.752600000000012
2026-03-19 12:44:45.000000000,17.00199999999999
2026-03-19 12:34:53.000000000,41.86299999999999
2026-03-19 12:16:14.000000000,20.505199999999977
2026-03-19 12:46:03.000000000,22.01760000000002
2026-03-19 12:01:48.000000000,9.526700000000002
2026-03-19 12:45:56.000000000,10.649800000000003
2026-03-19 12:16:35.000000000,14.799899999999981
2026-03-19 12:01:31.000000000,10.956500000000005
2026-03-19 12:55:36.000000000,103.66740000000006
2026-03-19 12:43:33.000000000,27.212999999999987
2026-03-19 12:03:53.000000000,10.9969
2026-03-19 12:44:32.000000000,24.75409999999999
2026-03-19 12:35:48.000000000,17.904200000000003
2026-03-19 12:10:54.000000000,13.17069999999999
2026-03-19 12:59:48.000000000,16.022299999999994
2026-03-19 12:22:35.000000000,51.23780000000001
2026-03-19 13:14:32.000000000,7.159100000000002
2026-03-19 13:51:02.000000000,23.034400000000005
2026-03-19 13:09:45.000000000,26.08210000000001
2026-03-19 13:06:59.000000000,37.30840000000001
2026-03-19 13:44:44.000000000,30.99810000000001
2026-03-19 13:15:09.000000000,22.3821
2026-03-19 13:49:49.000000000,60.16290000000003
2026-03-19 13:51:23.000000000,14.72949999999998
2026-03-19 13:59:06.000000000,8.524599999999992
2026-03-19 13:34:32.000000000,26.79329999999999
2026-03-19 13:58:57.000000000,41.24099999999998
2026-03-19 13:55:00.000000000,8.745499999999995
2026-03-19 13:03:58.000000000,17.161300000000004
2026-03-19 13:37:51.000000000,39.25469999999998
2026-03-19 13:03:04.000000000,19.8795
2026-03-19 13:43:48.000000000,34.66569999999999
2026-03-19 14:00:05.000000000,18.0005
2026-03-19 14:16:38.000000000,70.80519999999997
2026-03-19 14:45:30.000000000,36.88139999999999
2026-03-19 14:18:11.000000000,20.6979
2026-03-19 14:49:41.000000000,42.36299999999999
2026-03-19 14:40:46.000000000,129.47519999999994
2026-03-19 14:30:04.000000000,96.95249999999999
2026-03-19 14:46:29.000000000,19.63009999999999
2026-03-19 14:18:29.000000000,8.869600000000002
2026-03-19 14:32:41.000000000,32.3762
2026-03-19 14:15:06.000000000,8.177900000000001
2026-03-19 14:00:41.000000000,109.2894
2026-03-19 14:51:14.000000000,22.888
2026-03-19 14:32:41.000000000,11.639199999999995
2026-03-19 14:43:57.000000000,158.58049999999994
2026-03-19 14:16:03.000000000,9.001100000000006
2026-03-19 14:04:52.000000000,25.714100000000016
2026-03-19 14:33:44.000000000,75.50820000000002
2026-03-19 15:37:43.000000000,13.164100000000008
2026-03-19 15:09:54.000000000,17.29799999999999
2026-03-19 15:43:24.000000000,18.716499999999993
2026-03-19 15:29:48.000000000,37.166900000000005
2026-03-19 15:07:33.000000000,33.80889999999998
2026-03-19 15:26:25.000000000,25.214900000000004
2026-03-19 15:41:17.000000000,18.11679999999999
2026-03-19 15:56:23.000000000,65.6946
2026-03-19 15:44:41.000000000,6.914699999999999
2026-03-19 15:52:08.000000000,8.975199999999997
2026-03-19 15:52:16.000000000,8.772500000000003
2026-03-19 15:20:51.000000000,7.9514999999999905
2026-03-19 15:00:13.000000000,15.266800000000005
2026-03-19 15:05:01.000000000,5.863300000000001
2026-03-19 15:10:59.000000000,51.192399999999964
2026-03-19 15:01:21.000000000,47.15410000000001
2026-03-19 15:08:44.000000000,45.51649999999999
2026-03-19 15:04:43.000000000,18.84729999999999
2026-03-19 15:04:26.000000000,19.721299999999978
2026-03-19 15:55:52.000000000,8.264100000000001
2026-03-19 16:13:55.000000000,25.047099999999983
2026-03-19 16:21:08.000000000,55.74370000000001
2026-03-19 16:54:41.000000000,10.531300000000003
2026-03-19 16:46:03.000000000,247.21919999999997
2026-03-19 16:17:45.000000000,10.809800000000003
2026-03-19 16:51:19.000000000,12.970099999999995
2026-03-19 16:50:58.000000000,37.247800000000026
2026-03-19 16:55:58.000000000,20.777699999999996
2026-03-19 16:39:37.000000000,10.659700000000008
2026-03-19 16:18:30.000000000,17.587
2026-03-19 16:39:37.000000000,20.789700000000007
2026-03-19 16:26:57.000000000,13.347400000000015
2026-03-19 16:44:45.000000000,13.804199999999996
2026-03-19 16:00:30.000000000,7.864599999999995
2026-03-19 16:12:16.000000000,45.392100000000006
2026-03-19 16:56:54.000000000,37.643399999999986
2026-03-19 16:56:47.000000000,55.99049999999999
2026-03-19 16:19:57.000000000,22.844699999999992
2026-03-19 16:04:08.000000000,19.589100000000002
2026-03-19 17:30:04.000000000,27.66079999999998
2026-03-19 17:02:52.000000000,9.829499999999996
2026-03-19 17:47:45.000000000,136.46249999999998
2026-03-19 17:53:02.000000000,20.058900000000015
2026-03-19 17:03:44.000000000,36.211800000000004
2026-03-19 17:57:24.000000000,34.075700000000005
2026-03-19 17:31:13.000000000,50.86549999999998
2026-03-19 17:39:29.000000000,46.434399999999975
2026-03-19 17:14:03.000000000,27.825700000000005
2026-03-19 17:43:06.000000000,32.026799999999994
2026-03-19 17:59:34.000000000,19.72190000000001
2026-03-19 17:24:34.000000000,48.35650000000001
2026-03-19 17:08:19.000000000,12.857999999999995
2026-03-19 17:06:54.000000000,16.410299999999996
2026-03-19 17:50:59.000000000,21.869100000000014
2026-03-19 17:47:55.000000000,51.01039999999998
2026-03-19 17:42:07.000000000,27.59519999999999
2026-03-19 18:55:17.000000000,11.221500000000002
2026-03-19 18:26:38.000000000,14.451600000000006
2026-03-19 18:04:04.000000000,8.806000000000001
2026-03-19 18:23:26.000000000,8.849699999999999
2026-03-19 18:50:56.000000000,21.234499999999993
2026-03-19 18:12:34.000000000,21.485999999999994
2026-03-19 18:51:34.000000000,14.25029999999999
2026-03-19 18:41:33.000000000,135.4206000000001
2026-03-19 18:32:31.000000000,8.680399999999993
2026-03-19 18:14:18.000000000,31.630099999999988
2026-03-19 18:40:11.000000000,39.003499999999995
2026-03-19 18:44:34.000000000,8.471000000000004
2026-03-19 18:36:28.000000000,21.061999999999983
2026-03-19 18:04:06.000000000,67.102
2026-03-19 18:22:45.000000000,35.8873
2026-03-19 18:34:38.000000000,22.722000000000033
2026-03-19 18:26:02.000000000,9.062299999999999
2026-03-19 18:13:35.000000000,17.335199999999993
2026-03-19 19:28:31.000000000,75.32980000000002
2026-03-19 19:59:47.000000000,6.589599999999995
2026-03-19 19:29:52.000000000,9.237299999999994
2026-03-19 19:20:43.000000000,66.03139999999999
2026-03-19 19:10:15.000000000,17.491
2026-03-19 19:21:54.000000000,22.429799999999997
2026-03-19 19:11:45.000000000,20.00910000000002
2026-03-19 19:28:34.000000000,28.78129999999999
2026-03-19 19:52:44.000000000,54.7458
2026-03-19 19:46:33.000000000,20.712
2026-03-19 19:17:37.000000000,22.12679999999998
2026-03-19 19:30:50.000000000,8.2874
2026-03-19 20:17:43.000000000,12.65699999999999
2026-03-19 20:45:39.000000000,7.048299999999997
2026-03-19 20:47:33.000000000,35.182799999999986
2026-03-19 20:10:27.000000000,23.746599999999997
2026-03-19 20:55:40.000000000,14.970699999999997
2026-03-19 20:49:59.000000000,21.9831
2026-03-19 20:35:31.000000000,27.66680000000001
2026-03-19 20:47:57.000000000,25.085900000000002
2026-03-19 20:03:39.000000000,10.1259
2026-03-19 20:41:12.000000000,42.44
2026-03-19 20:44:59.000000000,177.53239999999994
2026-03-19 20:08:41.000000000,23.680200000000003
2026-03-19 20:08:40.000000000,49.25750000000002
2026-03-19 20:46:43.000000000,35.22619999999999
2026-03-19 20:14:31.000000000,15.963899999999994
2026-03-19 20:06:42.000000000,18.757699999999996
2026-03-19 20:27:31.000000000,28.237699999999997
2026-03-19 20:25:25.000000000,33.78940000000001
2026-03-19 20:35:26.000000000,36.2209
2026-03-19 20:20:54.000000000,24.584500000000013
2026-03-19 21:29:04.000000000,9.973800000000004
2026-03-19 21:19:11.000000000,8.172500000000001
2026-03-19 21:22:08.000000000,38.209599999999995
2026-03-19 21:08:51.000000000,7.2517999999999985
2026-03-19 21:40:54.000000000,107.43669999999999
2026-03-19 21:41:41.000000000,23.015200000000007
2026-03-19 21:27:41.000000000,45.340199999999996
2026-03-19 21:05:18.000000000,68.94810000000001
2026-03-19 21:49:25.000000000,18.124100000000027
2026-03-19 21:41:44.000000000,76.32120000000003
2026-03-19 21:08:02.000000000,31.253399999999992
2026-03-19 21:56:56.000000000,15.577800000000002
2026-03-19 22:13:46.000000000,48.8081
2026-03-19 22:30:13.000000000,11.108499999999994
2026-03-19 22:11:18.000000000,16.885500000000004
2026-03-19 22:26:53.000000000,10.357799999999996
2026-03-19 22:25:53.000000000,11.594000000000003
2026-03-19 22:36:34.000000000,81.58819999999999
2026-03-19 22:27:11.000000000,26.401399999999995
2026-03-19 22:44:50.000000000,69.70469999999999
2026-03-19 22:33:36.000000000,30.668800000000005
2026-03-19 22:32:18.000000000,111.25990000000003
2026-03-19 22:03:44.000000000,29.761000000000017
2026-03-19 22:22:44.000000000,14.526000000000009
2026-03-19 22:27:44.000000000,43.26430000000003
2026-03-19 23:49:02.000000000,7.092299999999999
2026-03-19 23:28:06.000000000,12.624
2026-03-19 23:55:14.000000000,34.1604
2026-03-19 23:27:28.000000000,7.025599999999998
2026-03-19 23:04:17.000000000,141.449
2026-03-19 23:14:11.000000000,7.280500000000001
2026-03-19 23:22:08.000000000,49.32669999999999
2026-03-19 23:22:45.000000000,36.08330000000001
2026-03-19 23:32:25.000000000,37.6604
2026-03-19 23:22:00.000000000,6.609300000000002
2026-03-19 23:01:50.000000000,23.704900000000006
2026-03-19 23:22:41.000000000,8.627999999999998
2026-03-20 00:14:07.000000000,15.264099999999994
2026-03-20 00:46:32.000000000,10.595500000000008
2026-03-20 00:49:52.000000000,22.076599999999996
2026-03-20 00:09:38.000000000,18.903499999999987
2026-03-20 00:43:05.000000000,28.03610000000002
2026-03-20 00:37:56.000000000,19.91270000000002
2026-03-20 00:37:53.000000000,17.25
2026-03-20 01:36:21.000000000,18.515300000000003
2026-03-20 01:49:11.000000000,9.112300000000014
2026-03-20 01:05:07.000000000,38.223499999999994
2026-03-20 01:55:49.000000000,12.648799999999994
2026-03-20 01:37:11.000000000,125.18379999999999
2026-03-20 01:34:51.000000000,11.005899999999995
2026-03-20 01:59:14.000000000,10.746800000000007
2026-03-20 01:04:36.000000000,10.8072
2026-03-20 02:11:17.000000000,6.364399999999998
2026-03-20 02:51:57.000000000,7.336899999999993
2026-03-20 02:47:51.000000000,63.6357
2026-03-20 02:03:29.000000000,42.88260000000001
2026-03-20 02:51:47.000000000,34.34559999999998
2026-03-20 03:34:59.000000000,17.3151
2026-03-20 03:13:32.000000000,12.322800000000008
2026-03-20 03:59:34.000000000,45.0182
2026-03-20 03:23:01.000000000,32.24879999999999
2026-03-20 04:28:39.000000000,35.306300000000014
2026-03-20 04:25:00.000000000,36.21069999999999
2026-03-20 04:46:26.000000000,40.06009999999999
2026-03-20 04:19:20.000000000,56.95629999999997
2026-03-20 04:19:52.000000000,24.821499999999993
2026-03-20 05:41:40.000000000,12.389099999999994
2026-03-20 05:19:43.000000000,32.11340000000001
2026-03-20 05:18:27.000000000,5.940100000000002
2026-03-20 05:44:50.000000000,25.647400000000015
2026-03-20 05:21:47.000000000,63.9405
2026-03-20 06:57:15.000000000,25.45100000000001
2026-03-20 06:24:38.000000000,8.139299999999997
2026-03-20 06:09:09.000000000,16.393199999999993
2026-03-20 06:44:33.000000000,16.321899999999996
2026-03-20 06:24:52.000000000,12.507000000000005
2026-03-20 07:53:11.000000000,95.68659999999994
2026-03-20 07:58:26.000000000,47.28849999999998
2026-03-20 07:44:24.000000000,57.41640000000001
2026-03-20 07:45:17.000000000,32.13229999999999
2026-03-20 07:52:46.000000000,20.540299999999988
2026-03-20 07:26:05.000000000,9.407000000000005
2026-03-20 07:13:30.000000000,20.9823
2026-03-20 07:02:46.000000000,21.737500000000008
2026-03-20 07:27:18.000000000,18.774399999999986
2026-03-20 07:11:41.000000000,59.797799999999995
2026-03-20 07:15:48.000000000,27.956000000000017
2026-03-20 07:58:27.000000000,23.643699999999995
2026-03-20 07:41:25.000000000,20.500099999999986
2026-03-20 07:54:43.000000000,27.111299999999996
2026-03-20 07:03:39.000000000,23.4317
2026-03-20 07:13:10.000000000,8.196299999999997
2026-03-20 07:15:41.000000000,8.505099999999997
2026-03-20 07:56:26.000000000,15.93180000000001
2026-03-20 07:50:40.000000000,9.196000000000007
2026-03-20 08:22:24.000000000,35.00509999999999
2026-03-20 08:38:54.000000000,17.240899999999996
2026-03-20 08:38:30.000000000,101.93530000000005
2026-03-20 08:26:06.000000000,25.631400000000003
2026-03-20 08:18:02.000000000,20.49419999999998
2026-03-20 08:22:14.000000000,6.324700000000004
2026-03-20 08:02:57.000000000,23.15599999999999
2026-03-20 08:26:43.000000000,9.054499999999988
2026-03-20 08:40:17.000000000,102.5684
2026-03-20 08:00:51.000000000,35.940200000000004
2026-03-20 08:05:06.000000000,18.477099999999997
2026-03-20 08:20:46.000000000,8.825499999999993
2026-03-20 08:04:16.000000000,8.351199999999993
2026-03-20 08:27:29.000000000,13.014500000000004
2026-03-20 08:21:06.000000000,28.428799999999992
2026-03-20 08:41:47.000000000,42.13230000000001
2026-03-20 08:45:05.000000000,174.42300000000012
2026-03-20 08:18:29.000000000,28.846900000000005
2026-03-20 08:08:27.000000000,15.726300000000004
2026-03-20 09:55:24.000000000,10.0991
2026-03-20 09:11:32.000000000,34.632600000000004
2026-03-20 09:11:15.000000000,26.270100000000006
2026-03-20 09:19:41.000000000,15.546000000000003
2026-03-20 09:20:39.000000000,21.535300000000007
2026-03-20 09:54:10.000000000,40.49449999999999
2026-03-20 09:20:36.000000000,27.271199999999993
2026-03-20 09:17:00.000000000,65.95799999999997
2026-03-20 09:17:18.000000000,25.49609999999999
2026-03-20 09:10:09.000000000,33.67320000000002
2026-03-20 09:11:49.000000000,19.430700000000034
2026-03-20 09:59:50.000000000,14.1514
2026-03-20 09:02:31.000000000,9.657699999999998
2026-03-20 09:22:25.000000000,14.492899999999995
2026-03-20 09:17:44.000000000,30.998599999999996
2026-03-20 09:40:18.000000000,9.567200000000005
2026-03-20 09:44:36.000000000,7.6025
2026-03-20 09:40:30.000000000,29.56389999999998
2026-03-20 10:49:49.000000000,36.9649
2026-03-20 10:20:09.000000000,20.60189999999999
2026-03-20 10:32:18.000000000,25.162900000000008
2026-03-20 10:41:47.000000000,70.95760000000003
2026-03-20 10:00:24.000000000,91.88880000000003
2026-03-20 10:57:25.000000000,11.783199999999995
2026-03-20 10:54:45.000000000,12.679199999999996
2026-03-20 10:48:19.000000000,20.061799999999987
2026-03-20 10:02:00.000000000,20.596399999999996
2026-03-20 10:10:30.000000000,11.698200000000003
2026-03-20 10:30:01.000000000,18.462100000000017
2026-03-20 10:52:10.000000000,19.682300000000012
2026-03-20 10:02:38.000000000,19.609400000000008
2026-03-20 10:46:39.000000000,31.0273
2026-03-20 10:26:34.000000000,20.606599999999993
2026-03-20 10:49:35.000000000,8.015499999999998
2026-03-20 10:04:22.000000000,25.831399999999995
2026-03-20 10:33:44.000000000,9.299700000000003
2026-03-20 11:25:58.000000000,33.70370000000001
2026-03-20 11:54:57.000000000,22.82140000000001
2026-03-20 11:31:26.000000000,15.394000000000004
2026-03-20 11:25:43.000000000,6.555200000000005
2026-03-20 11:13:18.000000000,16.427599999999988
2026-03-20 11:53:10.000000000,105.19320000000002
2026-03-20 11:16:47.000000000,107.09870000000005
2026-03-20 11:13:50.000000000,10.908300000000004
2026-03-20 11:42:38.000000000,22.965499999999984
2026-03-20 11:12:56.000000000,41.294800000000016
2026-03-20 11:28:48.000000000,21.9546
2026-03-20 11:50:52.000000000,19.74869999999997
2026-03-20 11:19:50.000000000,34.513199999999976
2026-03-20 11:05:07.000000000,20.227400000000003
2026-03-20 11:05:35.000000000,31.520599999999973
2026-03-20 11:35:51.000000000,28.266799999999986
2026-03-20 11:27:09.000000000,13.96210000000001
2026-03-20 11:41:55.000000000,7.233100000000002
2026-03-20 11:32:58.000000000,11.582500000000005
2026-03-20 11:57:59.000000000,17.784100000000027
2026-03-20 12:26:04.000000000,11.970300000000009
2026-03-20 12:41:45.000000000,5.741799999999997
2026-03-20 12:25:36.000000000,91.18980000000003
2026-03-20 12:11:06.000000000,9.501600000000002
2026-03-20 12:07:57.000000000,24.3609
2026-03-20 12:35:49.000000000,31.951700000000002
2026-03-20 12:57:42.000000000,88.58110000000006
2026-03-20 12:48:57.000000000,38.58670000000001
2026-03-20 12:05:43.000000000,25.452299999999994
2026-03-20 12:56:02.000000000,9.760099999999998
2026-03-20 13:15:48.000000000,37.620599999999996
2026-03-20 13:04:16.000000000,32.78430000000001
2026-03-20 13:20:42.000000000,39.91069999999999
2026-03-20 13:27:16.000000000,15.083700000000007
2026-03-20 13:26:39.000000000,17.487
2026-03-20 13:53:46.000000000,95.2421
2026-03-20 13:59:43.000000000,23.56299999999999
2026-03-20 13:35:55.000000000,28.87660000000001
2026-03-20 13:47:04.000000000,20.374799999999986
2026-03-20 13:12:38.000000000,21.54039999999999
2026-03-20 13:36:12.000000000,12.551399999999992
2026-03-20 13:56:41.000000000,24.471999999999998
2026-03-20 13:01:37.000000000,12.523799999999987
2026-03-20 13:09:38.000000000,10.865000000000002
2026-03-20 13:29:24.000000000,39.559300000000015
2026-03-20 13:42:50.000000000,25.73630000000001
2026-03-20 13:00:11.000000000,10.690100000000006
2026-03-20 14:01:41.000000000,13.146899999999993
2026-03-20 14:39:49.000000000,25.704099999999997
2026-03-20 14:17:22.000000000,9.016800000000002
2026-03-20 14:52:01.000000000,11.0896
2026-03-20 14:42:46.000000000,35.78650000000002
2026-03-20 14:55:21.000000000,17.688000000000002
2026-03-20 14:30:32.000000000,38.04509999999999
2026-03-20 14:35:55.000000000,11.224400000000001
2026-03-20 14:43:13.000000000,71.73359999999997
2026-03-20 14:00:08.000000000,20.532400000000003
2026-03-20 14:36:47.000000000,70.28009999999998
2026-03-20 14:37:09.000000000,51.79499999999999
2026-03-20 14:56:46.000000000,31.70080000000001
2026-03-20 14:16:12.000000000,37.76979999999999
2026-03-20 14:14:18.000000000,35.4018
2026-03-20 14:13:31.000000000,15.453000000000005
2026-03-20 14:50:40.000000000,45.684799999999996
2026-03-20 15:32:20.000000000,77.8631
2026-03-20 15:40:39.000000000,13.299000000000001
2026-03-20 15:36:15.000000000,19.584600000000005
2026-03-20 15:51:58.000000000,24.309199999999997
2026-03-20 15:02:04.000000000,7.301600000000005
2026-03-20 15:01:17.000000000,29.882200000000026
2026-03-20 15:30:09.000000000,12.158800000000006
2026-03-20 15:41:45.000000000,27.6531
2026-03-20 15:37:37.000000000,15.247300000000005
2026-03-20 15:24:17.000000000,248.53799999999998
2026-03-20 15:51:07.000000000,16.8191
2026-03-20 15:20:43.000000000,70.3584
2026-03-20 15:35:26.000000000,16.130900000000004
2026-03-20 15:34:44.000000000,68.4876
2026-03-20 16:52:14.000000000,70.91470000000002
2026-03-20 16:15:31.000000000,29.561499999999995
2026-03-20 16:42:24.000000000,5.769
2026-03-20 16:29:59.000000000,15.76390000000001
2026-03-20 16:12:11.000000000,100.726
2026-03-20 16:32:45.000000000,22.172899999999984
2026-03-20 16:42:18.000000000,49.178600000000024
2026-03-20 16:58:18.000000000,8.270599999999995
2026-03-20 16:49:30.000000000,8.372200000000005
2026-03-20 16:22:14.000000000,13.919899999999995
2026-03-20 16:16:20.000000000,16.208599999999997
2026-03-20 16:24:19.000000000,12.366699999999996
2026-03-20 16:53:24.000000000,4.3751000000000015
2026-03-20 16:40:28.000000000,18.838800000000003
2026-03-20 16:45:02.000000000,10.492500000000007
2026-03-20 16:21:21.000000000,58.1756
2026-03-20 17:44:50.000000000,40.962799999999994
2026-03-20 17:02:21.000000000,15.371900000000004
2026-03-20 17:05:26.000000000,12.826500000000012
2026-03-20 17:31:16.000000000,14.362
2026-03-20 17:48:50.000000000,27.936400000000003
2026-03-20 17:48:23.000000000,75.93080000000003
2026-03-20 17:20:37.000000000,12.187800000000003
2026-03-20 17:39:28.000000000,23.576599999999996
2026-03-20 17:50:45.000000000,21.463200000000008
2026-03-20 17:03:42.000000000,8.064000000000004
2026-03-20 17:36:39.000000000,13.386200000000004
2026-03-20 17:20:31.000000000,9.9043
2026-03-20 17:08:37.000000000,14.331800000000003
2026-03-20 17:23:07.000000000,7.426700000000007
2026-03-20 17:56:35.000000000,17.805400000000017
2026-03-20 17:51:03.000000000,11.230199999999995
2026-03-20 17:56:30.000000000,9.812400000000004
2026-03-20 17:23:43.000000000,7.354999999999998
2026-03-20 18:24:08.000000000,24.823799999999995
2026-03-20 18:35:09.000000000,23.4918
2026-03-20 18:05:37.000000000,11.163299999999994
2026-03-20 18:07:03.000000000,23.900000000000006
2026-03-20 18:13:52.000000000,9.512499999999998
2026-03-20 18:49:17.000000000,8.871400000000007
2026-03-20 18:08:42.000000000,12.068500000000004
2026-03-20 18:36:20.000000000,29.433399999999992
2026-03-20 18:54:26.000000000,16.22600000000001
2026-03-20 18:22:49.000000000,9.57999999999999
2026-03-20 18:27:43.000000000,24.510199999999987
2026-03-20 18:49:18.000000000,16.575900000000015
2026-03-20 18:30:32.000000000,15.617800000000006
2026-03-20 18:29:41.000000000,17.347500000000004
2026-03-20 18:31:20.000000000,21.568399999999993
2026-03-20 18:55:06.000000000,10.621000000000002
2026-03-20 18:10:18.000000000,7.8059999999999965
2026-03-20 19:23:45.000000000,18.052199999999996
2026-03-20 19:18:42.000000000,18.27560000000003
2026-03-20 19:25:54.000000000,41.8665
2026-03-20 19:44:35.000000000,24.846000000000007
2026-03-20 19:10:42.000000000,22.000999999999998
2026-03-20 19:16:51.000000000,38.101699999999994
2026-03-20 19:13:35.000000000,25.997600000000006
2026-03-20 19:17:12.000000000,18.499399999999984
2026-03-20 19:27:25.000000000,73.14479999999996
2026-03-20 19:52:54.000000000,18.05100000000003
2026-03-20 19:31:15.000000000,16.334499999999995
2026-03-20 19:27:54.000000000,20.65739999999998
2026-03-20 19:56:45.000000000,5.8824000000000005
2026-03-20 19:00:10.000000000,71.26549999999996
2026-03-20 19:22:11.000000000,6.358399999999993
2026-03-20 19:32:15.000000000,11.5301
2026-03-20 19:23:09.000000000,19.441800000000004
2026-03-20 20:07:06.000000000,20.121599999999997
2026-03-20 20:29:52.000000000,37.810499999999976
2026-03-20 20:35:32.000000000,27.710600000000003
2026-03-20 20:39:01.000000000,7.026499999999999
2026-03-20 20:46:10.000000000,8.719100000000005
2026-03-20 20:51:28.000000000,8.188799999999993
2026-03-20 20:16:39.000000000,41.778800000000004
2026-03-20 20:56:00.000000000,10.674900000000004
2026-03-20 20:25:26.000000000,14.546000000000006
2026-03-20 20:45:59.000000000,26.941899999999997
2026-03-20 20:57:33.000000000,15.69830000000001
2026-03-20 20:02:55.000000000,35.72479999999998
2026-03-20 20:40:35.000000000,11.538700000000004
2026-03-20 20:15:51.000000000,13.777499999999991
2026-03-20 20:31:22.000000000,17.959699999999987
2026-03-20 20:43:44.000000000,16.910999999999998
2026-03-20 20:42:54.000000000,20.4928
2026-03-20 20:16:26.000000000,49.418600000000005
2026-03-20 20:08:35.000000000,9.782300000000003
2026-03-20 20:22:02.000000000,19.693800000000014
2026-03-20 20:44:19.000000000,28.7255
2026-03-20 21:20:38.000000000,29.816399999999994
2026-03-20 21:42:51.000000000,14.575100000000003
2026-03-20 21:03:00.000000000,36.3044
2026-03-20 21:24:55.000000000,13.840099999999998
2026-03-20 21:47:37.000000000,5.973300000000007
2026-03-20 21:00:19.000000000,5.3425999999999965
2026-03-20 21:36:23.000000000,18.151300000000003
2026-03-20 21:53:18.000000000,41.42150000000001
2026-03-20 21:32:09.000000000,13.32329999999999
2026-03-20 21:52:30.000000000,20.37659999999999
2026-03-20 21:07:50.000000000,27.01479999999999
2026-03-20 21:57:25.000000000,17.508300000000016
2026-03-20 21:54:01.000000000,91.19620000000005
2026-03-20 21:59:43.000000000,182.31839999999994
2026-03-20 21:14:09.000000000,41.56500000000002
2026-03-20 21:39:30.000000000,28.34079999999999
2026-03-20 21:12:32.000000000,27.976299999999995
2026-03-20 21:24:59.000000000,7.1839999999999975
2026-03-20 21:29:30.000000000,11.525400000000014
2026-03-20 21:29:48.000000000,16.829100000000004
2026-03-20 21:36:54.000000000,33.255400000000016
2026-03-20 21:01:30.000000000,9.793300000000004
2026-03-20 21:19:05.000000000,43.188500000000005
2026-03-20 21:21:15.000000000,31.621199999999984
2026-03-20 21:42:18.000000000,29.893
2026-03-20 22:43:35.000000000,17.1816
2026-03-20 22:56:02.000000000,51.544199999999954
2026-03-20 22:49:13.000000000,16.959599999999995
2026-03-20 22:30:45.000000000,25.46869999999999
2026-03-20 22:02:58.000000000,8.32259999999999
2026-03-20 22:22:44.000000000,39.684999999999974
2026-03-20 22:29:04.000000000,66.08790000000003
2026-03-20 22:12:16.000000000,47.9086
2026-03-20 22:17:25.000000000,13.817799999999998
2026-03-20 22:26:38.000000000,59.005699999999976
2026-03-20 22:28:01.000000000,10.011999999999999
2026-03-20 22:28:34.000000000,17.717800000000008
2026-03-20 22:27:24.000000000,56.08140000000001
2026-03-20 23:35:47.000000000,42.98329999999998
2026-03-20 23:43:23.000000000,52.11019999999999
2026-03-20 23:43:06.000000000,51.21289999999998
2026-03-20 23:30:21.000000000,14.058899999999996
2026-03-20 23:07:24.000000000,61.989000000000026
2026-03-20 23:14:40.000000000,15.315500000000007
2026-03-20 23:40:24.000000000,32.88209999999999
2026-03-20 23:25:52.000000000,15.99140000000001
2026-03-20 23:49:52.000000000,25.694699999999994
2026-03-20 23:57:12.000000000,67.56009999999996
2026-03-20 23:20:45.000000000,9.769900000000002
2026-03-20 23:18:12.000000000,24.546799999999998
2026-03-20 23:58:36.000000000,19.61959999999998
2026-03-20 23:52:23.000000000,51.9048
2026-03-20 23:54:12.000000000,30.075900000000026
2026-03-20 23:47:08.000000000,49.17049999999999
2026-03-20 23:45:03.000000000,49.110499999999995
2026-03-20 23:08:24.000000000,15.0832
2026-03-20 23:24:00.000000000,31.89530000000001
2026-03-20 23:31:10.000000000,43.06129999999998
2026-03-21 00:39:12.000000000,21.89409999999999
2026-03-21 00:42:03.000000000,29.504000000000005
2026-03-21 00:39:24.000000000,14.721300000000001
2026-03-21 00:40:51.000000000,14.198699999999995
2026-03-21 00:53:51.000000000,38.91159999999999
2026-03-21 00:53:43.000000000,40.666999999999966
2026-03-21 00:40:15.000000000,25.583199999999998
2026-03-21 00:48:38.000000000,26.13599999999998
2026-03-21 00:59:17.000000000,10.869500000000002
2026-03-21 00:01:57.000000000,15.043700000000001
2026-03-21 01:13:27.000000000,37.40539999999999
2026-03-21 01:52:17.000000000,15.735500000000004
2026-03-21 01:29:23.000000000,13.642500000000002
2026-03-21 01:49:08.000000000,24.59049999999999
2026-03-21 01:39:43.000000000,51.937200000000004
2026-03-21 01:01:59.000000000,53.151799999999966
2026-03-21 01:47:58.000000000,6.886799999999999
2026-03-21 01:35:40.000000000,19.516600000000007
2026-03-21 01:02:34.000000000,11.0852
2026-03-21 01:00:16.000000000,20.613699999999998
2026-03-21 01:55:01.000000000,12.44169999999999
2026-03-21 02:12:36.000000000,11.687000000000001
2026-03-21 02:22:15.000000000,6.286599999999994
2026-03-21 02:36:29.000000000,13.214200000000005
2026-03-21 02:16:05.000000000,13.608999999999996
2026-03-21 02:09:43.000000000,10.364699999999994
2026-03-21 02:24:36.000000000,19.928099999999997
2026-03-21 02:08:57.000000000,9.613900000000006
2026-03-21 02:16:09.000000000,8.100099999999996
2026-03-21 02:28:44.000000000,14.908500000000002
2026-03-21 03:07:16.000000000,27.275800000000018
2026-03-21 03:15:23.000000000,49.244599999999984
2026-03-21 03:10:17.000000000,18.485999999999986
2026-03-21 03:47:06.000000000,7.499299999999997
2026-03-21 03:23:38.000000000,20.02029999999999
2026-03-21 04:06:05.000000000,30.783199999999987
2026-03-21 04:26:15.000000000,73.5728
2026-03-21 04:33:17.000000000,46.45139999999999
2026-03-21 04:29:18.000000000,27.274200000000036
2026-03-21 04:14:46.000000000,44.49270000000001
2026-03-21 04:44:20.000000000,28.72100000000002
2026-03-21 04:10:42.000000000,25.643599999999978
2026-03-21 05:24:12.000000000,18.633099999999992
2026-03-21 05:15:06.000000000,67.20520000000002
2026-03-21 05:52:53.000000000,11.616400000000013
2026-03-21 05:00:42.000000000,67.25539999999998
2026-03-21 05:07:41.000000000,28.428400000000025
2026-03-21 06:25:06.000000000,25.10920000000002
2026-03-21 06:28:40.000000000,24.861500000000007
2026-03-21 06:11:57.000000000,16.743299999999998
2026-03-21 06:45:32.000000000,66.11249999999995
2026-03-21 06:15:21.000000000,13.092600000000004
2026-03-21 06:30:43.000000000,11.699500000000008
2026-03-21 06:21:52.000000000,17.89110000000001
2026-03-21 06:51:10.000000000,26.762900000000005
2026-03-21 06:34:01.000000000,24.552999999999987
2026-03-21 06:08:00.000000000,21.944300000000002
2026-03-21 06:01:55.000000000,54.99110000000003
2026-03-21 06:08:48.000000000,11.404599999999999
2026-03-21 06:01:53.000000000,8.982900000000006
2026-03-21 06:56:04.000000000,29.25759999999999
2026-03-21 07:21:25.000000000,25.73399999999999
2026-03-21 07:14:18.000000000,11.654500000000002
2026-03-21 07:55:45.000000000,14.351199999999983
2026-03-21 07:36:21.000000000,37.48240000000003
2026-03-21 07:00:09.000000000,10.1844
2026-03-21 07:36:43.000000000,24.507500000000007
2026-03-21 07:09:00.000000000,13.311200000000001
2026-03-21 07:03:45.000000000,32.537200000000006
2026-03-21 07:17:02.000000000,18.001600000000018
2026-03-21 07:10:35.000000000,29.76529999999999
2026-03-21 08:28:05.000000000,6.410999999999997
2026-03-21 08:20:25.000000000,10.120799999999996
2026-03-21 08:44:17.000000000,15.206900000000003
2026-03-21 08:56:44.000000000,13.128499999999992
2026-03-21 08:44:17.000000000,160.91610000000003
2026-03-21 08:51:15.000000000,12.398199999999997
2026-03-21 09:49:11.000000000,25.504300000000008
2026-03-21 09:33:04.000000000,12.480300000000005
2026-03-21 09:26:32.000000000,7.2424000000000035
2026-03-21 09:44:13.000000000,9.092300000000005
2026-03-21 09:49:27.000000000,20.788299999999982
2026-03-21 09:57:48.000000000,11.636099999999997
2026-03-21 09:31:40.000000000,11.973300000000004
2026-03-21 09:36:55.000000000,115.9444
2026-03-21 09:09:04.000000000,9.848900000000006
2026-03-21 09:55:38.000000000,10.783599999999995
2026-03-21 09:59:44.000000000,123.70630000000001
2026-03-21 09:31:11.000000000,11.787300000000002
2026-03-21 09:25:50.000000000,22.939899999999994
2026-03-21 10:36:39.000000000,13.6501
2026-03-21 10:30:48.000000000,40.610600000000005
2026-03-21 10:20:23.000000000,22.381900000000005
2026-03-21 10:09:13.000000000,36.5084
2026-03-21 10:02:18.000000000,25.681799999999985
2026-03-21 10:52:16.000000000,9.082000000000008
2026-03-21 10:00:33.000000000,14.386300000000006
2026-03-21 10:14:55.000000000,29.858599999999996
2026-03-21 10:52:12.000000000,38.2706
2026-03-21 10:38:01.000000000,13.683999999999994
2026-03-21 10:52:21.000000000,22.514499999999988
2026-03-21 10:35:21.000000000,8.793199999999999
2026-03-21 10:27:06.000000000,16.628499999999995
2026-03-21 10:10:53.000000000,18.439700000000013
2026-03-21 10:24:01.000000000,96.44730000000006
2026-03-21 11:01:17.000000000,8.814199999999992
2026-03-21 11:12:04.000000000,48.203400000000016
2026-03-21 11:10:21.000000000,13.656100000000004
2026-03-21 11:50:00.000000000,8.138699999999993
2026-03-21 11:15:16.000000000,18.5287
2026-03-21 11:13:05.000000000,17.306399999999993
2026-03-21 11:28:49.000000000,12.4528
2026-03-21 11:33:11.000000000,12.36830000000001
2026-03-21 11:34:34.000000000,10.986999999999998
2026-03-21 11:11:32.000000000,7.8534999999999995
2026-03-21 11:51:17.000000000,22.933499999999995
2026-03-21 11:12:34.000000000,11.638399999999995
2026-03-21 11:20:22.000000000,7.028999999999997
2026-03-21 12:18:54.000000000,13.680200000000005
2026-03-21 12:52:41.000000000,36.35769999999999
2026-03-21 12:24:07.000000000,14.9255
2026-03-21 12:11:40.000000000,7.930600000000002
2026-03-21 12:26:44.000000000,15.15120000000001
2026-03-21 12:12:28.000000000,7.331699999999999
2026-03-21 12:03:09.000000000,27.645500000000006
2026-03-21 12:48:19.000000000,22.331100000000003
2026-03-21 12:06:50.000000000,63.81540000000002
2026-03-21 12:05:34.000000000,27.597899999999992
2026-03-21 12:30:45.000000000,54.810500000000005
2026-03-21 12:23:59.000000000,7.061000000000002
2026-03-21 12:51:24.000000000,28.367399999999986
2026-03-21 12:08:42.000000000,11.763300000000005
2026-03-21 12:50:15.000000000,41.91949999999999
2026-03-21 12:48:44.000000000,7.740200000000007
2026-03-21 12:22:17.000000000,17.550900000000002
2026-03-21 13:22:24.000000000,14.709799999999998
2026-03-21 13:56:55.000000000,12.580199999999992
2026-03-21 13:32:14.000000000,8.165000000000004
2026-03-21 13:18:36.000000000,32.336499999999994
2026-03-21 13:46:14.000000000,34.386900000000026
2026-03-21 13:04:08.000000000,47.1898
2026-03-21 13:47:27.000000000,9.588100000000008
2026-03-21 13:06:17.000000000,10.908200000000011
2026-03-21 13:25:31.000000000,49.7583
2026-03-21 13:56:57.000000000,15.698799999999995
2026-03-21 13:30:31.000000000,22.070299999999985
2026-03-21 13:17:28.000000000,19.822999999999993
2026-03-21 13:05:34.000000000,23.710600000000003
2026-03-21 13:23:37.000000000,9.922200000000002
2026-03-21 13:08:20.000000000,66.9954
2026-03-21 13:54:29.000000000,24.1492
2026-03-21 13:45:43.000000000,71.62609999999997
2026-03-21 13:34:02.000000000,20.422099999999997
2026-03-21 13:18:48.000000000,21.865900000000007
2026-03-21 13:36:35.000000000,16.134899999999984
2026-03-21 13:47:08.000000000,19.4374
2026-03-21 13:51:53.000000000,89.71279999999996
2026-03-21 13:50:13.000000000,7.930000000000002
2026-03-21 13:05:46.000000000,20.665399999999988
2026-03-21 13:35:00.000000000,48.04329999999999
2026-03-21 14:02:52.000000000,32.53589999999999
2026-03-21 14:31:57.000000000,17.651100000000003
2026-03-21 14:36:32.000000000,40.378299999999925
2026-03-21 14:03:51.000000000,32.85420000000001
2026-03-21 14:02:35.000000000,59.44639999999998
2026-03-21 14:32:50.000000000,21.913400000000003
2026-03-21 14:32:21.000000000,16.955199999999998
2026-03-21 14:12:40.000000000,14.648000000000003
2026-03-21 14:32:12.000000000,20.328000000000017
2026-03-21 14:33:41.000000000,27.584099999999992
2026-03-21 14:42:52.000000000,28.13600000000002
2026-03-21 14:48:23.000000000,16.794400000000007
2026-03-21 14:18:17.000000000,19.380200000000013
2026-03-21 14:44:02.000000000,13.67789999999998
2026-03-21 14:20:26.000000000,20.54269999999999
2026-03-21 14:06:58.000000000,27.872999999999994
2026-03-21 14:46:45.000000000,46.79999999999999
2026-03-21 14:03:15.000000000,59.467599999999976
2026-03-21 14:49:14.000000000,28.40310000000001
2026-03-21 14:05:55.000000000,18.414399999999997
2026-03-21 14:13:57.000000000,120.66359999999999
2026-03-21 14:33:03.000000000,11.121199999999998
2026-03-21 14:17:19.000000000,73.2704
2026-03-21 15:32:06.000000000,8.984700000000002
2026-03-21 15:06:46.000000000,11.706100000000008
2026-03-21 15:23:00.000000000,17.611099999999997
2026-03-21 15:17:07.000000000,43.44299999999999
2026-03-21 15:41:01.000000000,12.969699999999998
2026-03-21 15:32:55.000000000,51.140799999999956
2026-03-21 15:01:40.000000000,8.003999999999996
2026-03-21 15:39:52.000000000,10.360899999999992
2026-03-21 15:13:38.000000000,38.38630000000003
2026-03-21 15:47:53.000000000,7.458400000000004
2026-03-21 15:12:06.000000000,24.77170000000001
2026-03-21 15:26:39.000000000,30.2982
2026-03-21 15:06:32.000000000,23.71709999999999
2026-03-21 15:01:40.000000000,21.508799999999997
2026-03-21 15:25:19.000000000,26.269900000000018
2026-03-21 15:40:31.000000000,21.089700000000008
2026-03-21 15:34:23.000000000,24.126600000000003
2026-03-21 15:23:28.000000000,9.615599999999995
2026-03-21 15:39:05.000000000,15.376700000000007
2026-03-21 15:15:57.000000000,49.074499999999986
2026-03-21 15:07:46.000000000,77.96639999999998
2026-03-21 16:47:18.000000000,217.11950000000016
2026-03-21 16:25:39.000000000,14.267800000000014
2026-03-21 16:00:13.000000000,26.7262
2026-03-21 16:45:53.000000000,9.107300000000002
2026-03-21 16:20:02.000000000,53.85660000000001
2026-03-21 16:15:46.000000000,9.125600000000002
2026-03-21 16:13:10.000000000,27.60399999999999
2026-03-21 16:30:32.000000000,15.817299999999983
2026-03-21 16:05:25.000000000,21.6943
2026-03-21 16:50:23.000000000,12.381699999999993
2026-03-21 16:16:12.000000000,39.49150000000001
2026-03-21 16:31:56.000000000,114.20019999999994
2026-03-21 16:57:23.000000000,112.24730000000004
2026-03-21 16:09:29.000000000,27.75539999999999
2026-03-21 16:43:21.000000000,15.27830000000001
2026-03-21 16:38:54.000000000,37.406299999999995
2026-03-21 16:38:39.000000000,14.626199999999985
2026-03-21 16:39:07.000000000,49.3729
2026-03-21 16:11:28.000000000,10.345099999999993
2026-03-21 16:38:38.000000000,24.72959999999999
2026-03-21 17:18:11.000000000,39.849399999999974
2026-03-21 17:56:32.000000000,37.908500000000004
2026-03-21 17:47:16.000000000,24.727300000000014
2026-03-21 17:04:06.000000000,22.799699999999998
2026-03-21 17:02:32.000000000,53.63199999999999
2026-03-21 17:32:39.000000000,40.867300000000014
2026-03-21 17:12:57.000000000,23.855
2026-03-21 17:10:34.000000000,93.60510000000004
2026-03-21 17:49:21.000000000,30.543499999999998
2026-03-21 17:41:56.000000000,21.578599999999998
2026-03-21 17:30:13.000000000,48.22169999999999
2026-03-21 17:54:33.000000000,9.048200000000003
2026-03-21 17:44:26.000000000,16.562699999999985
2026-03-21 17:40:54.000000000,22.085900000000006
2026-03-21 17:19:42.000000000,10.741700000000005
2026-03-21 17:27:04.000000000,19.4311
2026-03-21 17:58:02.000000000,10.179399999999996
2026-03-21 17:04:10.000000000,21.290100000000006
2026-03-21 17:25:41.000000000,32.28550000000001
2026-03-21 17:30:30.000000000,10.58550000000001
2026-03-21 17:56:25.000000000,14.316700000000004
2026-03-21 18:41:04.000000000,19.170199999999994
2026-03-21 18:56:37.000000000,10.0713
2026-03-21 18:45:08.000000000,18.3537
2026-03-21 18:34:29.000000000,41.11360000000003
2026-03-21 18:52:29.000000000,6.483399999999998
2026-03-21 18:27:53.000000000,15.782100000000007
2026-03-21 18:24:11.000000000,20.680100000000003
2026-03-21 18:24:04.000000000,19.642
2026-03-21 18:53:18.000000000,21.107399999999995
2026-03-21 18:58:57.000000000,10.7146
2026-03-21 18:48:47.000000000,30.548299999999994
2026-03-21 18:41:23.000000000,19.67370000000001
2026-03-21 18:58:01.000000000,18.735300000000002
2026-03-21 18:30:01.000000000,12.904499999999999
2026-03-21 18:52:12.000000000,14.710199999999988
2026-03-21 18:28:58.000000000,8.000399999999999
2026-03-21 18:36:21.000000000,39.045300000000026
2026-03-21 19:42:01.000000000,18.351699999999987
2026-03-21 19:24:31.000000000,11.026999999999997
2026-03-21 19:11:16.000000000,15.323499999999992
2026-03-21 19:05:40.000000000,25.59580000000001
2026-03-21 19:40:04.000000000,46.7892
2026-03-21 19:58:51.000000000,16.825400000000005
2026-03-21 19:28:34.000000000,29.844700000000017
2026-03-21 19:22:59.000000000,60.62329999999998
2026-03-21 19:09:28.000000000,11.508000000000003
2026-03-21 19:46:07.000000000,12.264599999999989
2026-03-21 19:56:27.000000000,39.4137
2026-03-21 19:59:07.000000000,11.176099999999995
2026-03-21 19:17:04.000000000,38.40419999999999
2026-03-21 20:55:48.000000000,6.067900000000003
2026-03-21 20:24:13.000000000,12.489699999999996
2026-03-21 20:04:38.000000000,39.2501
2026-03-21 20:57:14.000000000,15.818599999999988
2026-03-21 20:17:34.000000000,11.723600000000001
2026-03-21 20:50:55.000000000,9.254100000000005
2026-03-21 20:23:15.000000000,21.498300000000008
2026-03-21 20:14:20.000000000,42.11250000000001
2026-03-21 20:02:43.000000000,7.225099999999998
2026-03-21 20:19:30.000000000,8.11089999999999
2026-03-21 20:13:36.000000000,19.598000000000006
2026-03-21 20:42:56.000000000,19.224500000000024
2026-03-21 20:05:26.000000000,13.027700000000005
2026-03-21 20:22:08.000000000,28.7629
2026-03-21 20:18:39.000000000,17.327199999999984
2026-03-21 20:57:45.000000000,17.8776
2026-03-21 20:14:56.000000000,16.742200000000004
2026-03-21 20:19:16.000000000,14.016400000000008
2026-03-21 20:30:45.000000000,9.3633
2026-03-21 20:50:31.000000000,22.509500000000003
2026-03-21 20:36:17.000000000,16.047900000000006
2026-03-21 20:20:51.000000000,14.279400000000015
2026-03-21 20:06:26.000000000,14.68480000000001
2026-03-21 20:35:52.000000000,18.208399999999994
2026-03-21 20:43:00.000000000,16.034499999999984
2026-03-21 21:24:38.000000000,17.754799999999996
2026-03-21 21:29:40.000000000,9.4072
2026-03-21 21:55:48.000000000,32.4992
2026-03-21 21:30:49.000000000,15.063300000000002
2026-03-21 21:34:17.000000000,18.08889999999999
2026-03-21 21:07:15.000000000,25.35279999999997
2026-03-21 21:09:30.000000000,37.74100000000001
2026-03-21 21:28:13.000000000,22.105000000000004
2026-03-21 21:44:10.000000000,21.3886
2026-03-21 21:52:03.000000000,57.046699999999994
2026-03-21 21:45:04.000000000,6.0904
2026-03-21 21:54:58.000000000,9.226699999999992
2026-03-21 21:50:08.000000000,29.97109999999999
2026-03-21 21:09:03.000000000,18.541700000000006
2026-03-21 21:30:45.000000000,27.94529999999998
2026-03-21 21:37:10.000000000,15.442499999999997
2026-03-21 21:44:11.000000000,16.25940000000001
2026-03-21 22:40:05.000000000,44.44760000000001
2026-03-21 22:58:51.000000000,8.332999999999997
2026-03-21 22:33:57.000000000,32.6942
2026-03-21 22:07:58.000000000,18.819699999999997
2026-03-21 22:21:56.000000000,34.6652
2026-03-21 22:51:27.000000000,20.840600000000006
2026-03-21 22:20:19.000000000,23.919900000000005
2026-03-21 22:55:57.000000000,10.829699999999995
2026-03-21 22:51:30.000000000,8.035099999999991
2026-03-21 22:02:35.000000000,16.739900000000002
2026-03-21 22:36:54.000000000,17.749000000000002
2026-03-21 22:55:41.000000000,41.595899999999986
2026-03-21 22:13:04.000000000,28.652800000000006
2026-03-21 22:27:27.000000000,23.69689999999998
2026-03-21 22:30:20.000000000,29.573100000000014
2026-03-21 22:25:48.000000000,20.670200000000023
2026-03-21 22:49:00.000000000,37.855599999999995
2026-03-21 22:42:54.000000000,11.334100000000001
2026-03-21 22:14:36.000000000,31.8717
2026-03-21 23:51:18.000000000,19.0749
2026-03-21 23:20:18.000000000,24.459
2026-03-21 23:22:22.000000000,35.3065
2026-03-21 23:54:34.000000000,43.770900000000005
2026-03-21 23:16:31.000000000,45.1998
2026-03-21 23:57:37.000000000,78.12249999999999
2026-03-21 23:23:31.000000000,32.191999999999986
2026-03-21 23:13:48.000000000,35.123799999999996
2026-03-21 23:06:51.000000000,45.19740000000001
2026-03-21 23:20:03.000000000,23.979499999999987
2026-03-21 23:56:25.000000000,8.806299999999997
2026-03-21 23:03:47.000000000,24.131300000000007
2026-03-21 23:39:15.000000000,13.434299999999986
2026-03-21 23:38:36.000000000,21.0315
2026-03-21 23:20:08.000000000,8.346599999999997
2026-03-21 23:10:40.000000000,30.76650000000001
2026-03-21 23:53:26.000000000,39.60359999999998
2026-03-21 23:05:00.000000000,22.2742
2026-03-21 23:53:51.000000000,63.416000000000025
2026-03-21 23:27:02.000000000,70.55800000000004
2026-03-21 23:50:49.000000000,53.4371
2026-03-22 00:46:49.000000000,18.231699999999996
2026-03-22 00:06:22.000000000,39.75899999999997
2026-03-22 00:21:43.000000000,10.2102
2026-03-22 00:18:15.000000000,31.219099999999994
2026-03-22 00:24:39.000000000,23.325999999999993
2026-03-22 00:42:38.000000000,11.5659
2026-03-22 00:30:04.000000000,79.02619999999995
2026-03-22 00:07:02.000000000,39.325900000000004
2026-03-22 00:41:54.000000000,40.52580000000002
2026-03-22 00:10:33.000000000,25.188999999999982
2026-03-22 00:46:17.000000000,10.301599999999999
2026-03-22 00:07:37.000000000,12.516399999999994
2026-03-22 00:14:02.000000000,57.57059999999998
2026-03-22 00:00:51.000000000,26.725099999999994
2026-03-22 00:33:53.000000000,31.08209999999999
2026-03-22 00:48:28.000000000,47.670500000000004
2026-03-22 00:08:24.000000000,49.715700000000005
2026-03-22 00:08:23.000000000,19.50420000000001
2026-03-22 00:10:05.000000000,11.220000000000006
2026-03-22 00:10:04.000000000,8.03699999999999
2026-03-22 00:55:09.000000000,17.399899999999988
2026-03-22 01:27:34.000000000,14.555200000000015
2026-03-22 01:39:48.000000000,4.956999999999997
2026-03-22 01:28:53.000000000,10.923300000000006
2026-03-22 01:17:32.000000000,27.532399999999992
2026-03-22 01:59:49.000000000,62.01339999999998
2026-03-22 01:03:46.000000000,7.612099999999999
2026-03-22 01:00:51.000000000,15.99670000000001
2026-03-22 01:17:00.000000000,24.585400000000007
2026-03-22 01:28:37.000000000,14.270899999999989
2026-03-22 01:18:30.000000000,8.599000000000007
2026-03-22 01:49:31.000000000,44.293900000000015
2026-03-22 01:30:02.000000000,20.422899999999984
2026-03-22 01:23:41.000000000,43.94389999999998
2026-03-22 01:40:05.000000000,9.340699999999993
2026-03-22 02:26:35.000000000,18.044800000000013
2026-03-22 02:24:42.000000000,10.707000000000003
2026-03-22 02:47:25.000000000,62.03800000000002
2026-03-22 02:31:42.000000000,41.58029999999998
2026-03-22 02:17:08.000000000,28.591799999999985
2026-03-22 02:50:29.000000000,118.3063
2026-03-22 02:00:10.000000000,6.131800000000004
2026-03-22 02:35:10.000000000,23.237900000000003
2026-03-22 02:16:03.000000000,101.0396
2026-03-22 02:40:14.000000000,33.766100000000016
2026-03-22 02:46:48.000000000,31.68140000000001
2026-03-22 02:12:17.000000000,6.043499999999998
2026-03-22 02:53:19.000000000,20.269699999999993
2026-03-22 02:55:22.000000000,19.87070000000001
2026-03-22 03:35:08.000000000,18.582400000000003
2026-03-22 03:46:41.000000000,28.185600000000004
2026-03-22 03:07:16.000000000,40.06239999999998
2026-03-22 03:06:14.000000000,47.112700000000004
2026-03-22 03:07:40.000000000,12.232700000000005
2026-03-22 03:13:14.000000000,17.07130000000002
2026-03-22 03:28:02.000000000,28.869600000000002
2026-03-22 03:03:05.000000000,21.98139999999998
2026-03-22 03:11:29.000000000,29.211499999999997
2026-03-22 04:45:08.000000000,63.07159999999999
2026-03-22 04:50:55.000000000,11.781600000000001
2026-03-22 04:20:37.000000000,16.443199999999994
2026-03-22 04:05:34.000000000,43.64869999999997
2026-03-22 04:09:35.000000000,44.6893
2026-03-22 04:45:10.000000000,44.240600000000015
2026-03-22 05:54:00.000000000,25.65569999999999
2026-03-22 05:08:00.000000000,28.799999999999997
2026-03-22 05:38:53.000000000,7.850299999999993
2026-03-22 05:16:46.000000000,15.618799999999995
2026-03-22 05:34:22.000000000,23.2951
2026-03-22 05:10:34.000000000,48.79869999999999
2026-03-22 06:04:10.000000000,27.393800000000002
2026-03-22 06:36:04.000000000,30.425800000000017
2026-03-22 07:34:59.000000000,7.439200000000004
2026-03-22 07:31:15.000000000,8.269199999999998
2026-03-22 07:55:17.000000000,20.0612
2026-03-22 07:12:19.000000000,92.51589999999995
2026-03-22 07:51:57.000000000,7.2944
2026-03-22 07:22:31.000000000,40.25509999999999
2026-03-22 08:42:17.000000000,23.844000000000005
2026-03-22 08:42:12.000000000,11.626500000000004
2026-03-22 08:34:11.000000000,97.42449999999995
2026-03-22 08:02:05.000000000,12.316700000000012
2026-03-22 08:18:23.000000000,25.287699999999994
2026-03-22 08:49:25.000000000,12.039200000000003
2026-03-22 09:23:23.000000000,11.926899999999996
2026-03-22 09:54:37.000000000,10.581400000000007
2026-03-22 09:42:46.000000000,13.381000000000004
2026-03-22 09:51:01.000000000,16.2444
2026-03-22 09:22:42.000000000,11.759500000000008
2026-03-22 09:05:02.000000000,14.237699999999984
2026-03-22 09:39:36.000000000,11.880599999999992
2026-03-22 09:06:56.000000000,12.796000000000001
2026-03-22 09:36:57.000000000,36.35780000000002
2026-03-22 10:01:10.000000000,24.585899999999988
2026-03-22 10:21:52.000000000,17.326500000000006
2026-03-22 10:14:28.000000000,26.28569999999999
2026-03-22 10:41:15.000000000,21.8917
2026-03-22 10:24:15.000000000,13.508600000000001
2026-03-22 10:38:30.000000000,21.7661
2026-03-22 10:12:36.000000000,8.877600000000006
2026-03-22 10:37:50.000000000,8.876900000000004
2026-03-22 10:46:49.000000000,12.241500000000004
2026-03-22 11:44:02.000000000,41.441400000000016
2026-03-22 11:04:29.000000000,8.9063
2026-03-22 11:11:54.000000000,21.6059
2026-03-22 11:48:21.000000000,9.119300000000003
2026-03-22 11:45:12.000000000,13.891400000000003
2026-03-22 11:58:30.000000000,25.86309999999999
2026-03-22 11:35:24.000000000,12.5317
2026-03-22 11:57:32.000000000,13.585899999999992
2026-03-22 11:29:55.000000000,72.47880000000002
2026-03-22 11:50:17.000000000,7.2751
2026-03-22 11:10:21.000000000,16.391599999999993
2026-03-22 11:51:12.000000000,8.2376
2026-03-22 11:18:59.000000000,12.641599999999988
2026-03-22 11:55:39.000000000,15.348899999999997
2026-03-22 11:44:37.000000000,16.36940000000001
2026-03-22 11:17:11.000000000,7.458900000000004
2026-03-22 12:08:55.000000000,27.12699999999999
2026-03-22 12:41:28.000000000,74.3474
2026-03-22 12:56:17.000000000,14.595099999999986
2026-03-22 12:09:36.000000000,25.599599999999988
2026-03-22 12:20:32.000000000,24.92800000000002
2026-03-22 12:33:50.000000000,110.24999999999996
2026-03-22 12:27:41.000000000,57.31129999999998
2026-03-22 12:35:33.000000000,33.87450000000002
2026-03-22 12:51:27.000000000,12.225100000000007
2026-03-22 12:27:11.000000000,16.16569999999998
2026-03-22 12:21:04.000000000,21.858599999999992
2026-03-22 12:00:32.000000000,15.074099999999994
2026-03-22 12:03:42.000000000,47.43249999999998
2026-03-22 12:41:20.000000000,17.553399999999993
2026-03-22 12:46:11.000000000,33.84739999999999
2026-03-22 12:00:38.000000000,43.68370000000001
2026-03-22 12:04:36.000000000,29.965999999999987
2026-03-22 13:20:50.000000000,10.855000000000004
2026-03-22 13:34:00.000000000,28.592400000000026
2026-03-22 13:24:20.000000000,26.159599999999987
2026-03-22 13:56:18.000000000,42.469400000000014
2026-03-22 13:19:12.000000000,12.2156
2026-03-22 13:45:02.000000000,11.113200000000006
2026-03-22 13:33:12.000000000,15.574799999999989
2026-03-22 13:39:04.000000000,14.436099999999993
2026-03-22 13:48:47.000000000,9.384100000000002
2026-03-22 13:59:24.000000000,34.01939999999999
2026-03-22 13:07:33.000000000,47.27609999999998
2026-03-22 14:25:33.000000000,11.380599999999994
2026-03-22 14:12:40.000000000,16.981400000000008
2026-03-22 14:29:26.000000000,14.654499999999995
2026-03-22 14:20:05.000000000,8.381100000000005
2026-03-22 14:32:16.000000000,51.59899999999999
2026-03-22 14:04:08.000000000,22.475899999999992
2026-03-22 14:20:56.000000000,86.25759999999997
2026-03-22 14:04:23.000000000,15.882000000000014
2026-03-22 14:57:27.000000000,56.99719999999999
2026-03-22 14:07:50.000000000,19.371800000000004
2026-03-22 14:28:41.000000000,22.532200000000003
2026-03-22 14:18:35.000000000,24.281799999999997
2026-03-22 14:36:17.000000000,17.253500000000006
2026-03-22 15:33:58.000000000,21.209199999999996
2026-03-22 15:24:41.000000000,18.707499999999996
2026-03-22 15:49:04.000000000,26.863199999999985
2026-03-22 15:38:32.000000000,12.529399999999994
2026-03-22 15:41:13.000000000,49.508599999999994
2026-03-22 15:27:45.000000000,12.127399999999998
2026-03-22 15:01:48.000000000,10.680800000000012
2026-03-22 15:14:05.000000000,15.682100000000007
2026-03-22 15:04:20.000000000,22.578699999999998
2026-03-22 15:06:38.000000000,24.022399999999994
2026-03-22 15:49:52.000000000,70.3148
2026-03-22 15:17:47.000000000,36.13220000000001
2026-03-22 15:26:23.000000000,12.214200000000005
2026-03-22 16:52:09.000000000,12.552000000000003
2026-03-22 16:48:28.000000000,16.573500000000003
2026-03-22 16:51:56.000000000,9.113499999999993
2026-03-22 16:00:04.000000000,31.37499999999999
2026-03-22 16:06:13.000000000,111.52749999999997
2026-03-22 16:29:58.000000000,14.745500000000002
2026-03-22 16:06:30.000000000,31.556000000000008
2026-03-22 16:56:13.000000000,24.4181
2026-03-22 16:51:33.000000000,12.439299999999992
2026-03-22 16:52:19.000000000,17.678100000000004
2026-03-22 16:48:20.000000000,36.466099999999976
2026-03-22 16:00:03.000000000,12.727499999999994
2026-03-22 16:53:42.000000000,8.216200000000004
2026-03-22 16:04:57.000000000,77.67540000000001
2026-03-22 16:57:33.000000000,26.27310000000001
2026-03-22 16:27:53.000000000,17.031699999999994
2026-03-22 16:54:42.000000000,17.181899999999988
2026-03-22 16:20:37.000000000,25.70909999999998
2026-03-22 17:41:41.000000000,24.588900000000002
2026-03-22 17:51:56.000000000,38.76409999999998
2026-03-22 17:56:41.000000000,15.821100000000003
2026-03-22 17:35:23.000000000,51.55290000000001
2026-03-22 17:47:34.000000000,20.157600000000002
2026-03-22 17:18:50.000000000,8.263399999999997
2026-03-22 17:04:11.000000000,20.147399999999994
2026-03-22 17:48:58.000000000,29.044599999999992
2026-03-22 17:34:40.000000000,30.728200000000015
2026-03-22 17:10:10.000000000,22.031099999999995
2026-03-22 17:59:06.000000000,11.555700000000002
2026-03-22 17:05:10.000000000,22.40500000000001
2026-03-22 17:32:41.000000000,17.7295
2026-03-22 18:14:16.000000000,17.6957
2026-03-22 18:13:46.000000000,9.495899999999995
2026-03-22 18:35:04.000000000,16.9537
2026-03-22 18:34:58.000000000,27.755100000000006
2026-03-22 18:08:02.000000000,27.69409999999998
2026-03-22 18:59:12.000000000,12.525799999999986
2026-03-22 18:46:45.000000000,11.398200000000001
2026-03-22 18:12:00.000000000,21.819499999999994
2026-03-22 18:36:54.000000000,10.455800000000002
2026-03-22 18:27:50.000000000,49.3447
2026-03-22 18:33:59.000000000,14.671799999999998
2026-03-22 18:08:20.000000000,21.343899999999994
2026-03-22 18:48:25.000000000,27.415500000000005
2026-03-22 18:11:35.000000000,27.731000000000012
2026-03-22 19:58:33.000000000,31.23759999999999
2026-03-22 19:58:29.000000000,7.988400000000005
2026-03-22 19:03:04.000000000,17.313899999999986
2026-03-22 19:43:28.000000000,29.129100000000008
2026-03-22 19:33:50.000000000,43.59899999999999
2026-03-22 19:50:50.000000000,50.664400000000015
2026-03-22 19:40:22.000000000,17.63429999999999
2026-03-22 19:35:09.000000000,28.764
2026-03-22 19:59:40.000000000,12.534100000000006
2026-03-22 19:28:01.000000000,52.4736
2026-03-22 19:57:51.000000000,24.60380000000001
2026-03-22 20:33:06.000000000,18.10120000000001
2026-03-22 20:21:17.000000000,17.012600000000006
2026-03-22 20:05:13.000000000,20.379200000000004
2026-03-22 20:03:30.000000000,20.255100000000006
2026-03-22 20:58:29.000000000,50.23349999999999
2026-03-22 20:58:26.000000000,10.437599999999993
2026-03-22 20:43:36.000000000,17.4859
2026-03-22 20:44:05.000000000,12.076400000000005
2026-03-22 20:52:52.000000000,33.31160000000002
2026-03-22 20:30:56.000000000,11.306899999999999
2026-03-22 20:05:54.000000000,15.286000000000007
2026-03-22 20:43:34.000000000,24.910099999999993
2026-03-22 20:58:15.000000000,18.967499999999983
2026-03-22 20:49:19.000000000,13.369599999999993
2026-03-22 20:39:50.000000000,9.74280000000001
2026-03-22 20:08:05.000000000,14.343800000000002
2026-03-22 20:36:48.000000000,10.3466
2026-03-22 21:21:27.000000000,13.219399999999998
2026-03-22 21:43:54.000000000,20.02620000000002
2026-03-22 21:18:14.000000000,5.9886
2026-03-22 21:50:58.000000000,28.485099999999992
2026-03-22 21:32:20.000000000,15.788399999999994
2026-03-22 21:41:20.000000000,31.70740000000001
2026-03-22 21:09:37.000000000,31.9949
2026-03-22 21:33:51.000000000,38.60570000000001
2026-03-22 21:49:43.000000000,33.627100000000006
2026-03-22 21:01:38.000000000,24.21170000000001
2026-03-22 21:56:21.000000000,11.242199999999999
2026-03-22 21:50:26.000000000,13.509300000000005
2026-03-22 21:03:06.000000000,14.012200000000002
2026-03-22 21:30:09.000000000,6.626800000000002
2026-03-22 21:04:01.000000000,15.659
2026-03-22 21:08:01.000000000,51.46719999999999
2026-03-22 22:05:51.000000000,8.1569
2026-03-22 22:10:49.000000000,18.290899999999976
2026-03-22 22:03:22.000000000,42.496400000000015
2026-03-22 22:46:23.000000000,91.3741
2026-03-22 22:08:21.000000000,107.8405
2026-03-22 22:02:33.000000000,16.434300000000004
2026-03-22 22:08:15.000000000,31.434299999999997
2026-03-22 22:40:15.000000000,21.7421
2026-03-22 22:17:10.000000000,47.93399999999999
2026-03-22 22:27:26.000000000,46.63800000000001
2026-03-22 22:42:00.000000000,43.77389999999998
2026-03-22 22:24:51.000000000,26.385600000000007
2026-03-22 22:11:04.000000000,13.159400000000005
2026-03-22 22:04:39.000000000,28.055299999999992
2026-03-22 23:58:47.000000000,24.620199999999983
2026-03-22 23:26:57.000000000,5.488000000000003
2026-03-22 23:28:42.000000000,7.706700000000007
2026-03-22 23:04:48.000000000,12.485799999999998
2026-03-22 23:49:06.000000000,15.270200000000006
2026-03-22 23:57:09.000000000,15.998499999999993
2026-03-22 23:26:26.000000000,10.464999999999998
2026-03-22 23:45:49.000000000,14.745499999999993
2026-03-22 23:46:55.000000000,67.12530000000001
2026-03-22 23:09:18.000000000,36.93589999999999
2026-03-23 00:45:26.000000000,26.332499999999992
2026-03-23 00:55:18.000000000,32.943799999999996
2026-03-23 00:16:01.000000000,7.2009000000000025
2026-03-23 00:05:54.000000000,27.504300000000015
2026-03-23 00:14:32.000000000,17.758400000000005
2026-03-23 00:05:33.000000000,25.769199999999998
2026-03-23 00:46:44.000000000,9.694900000000011
2026-03-23 01:45:17.000000000,23.215799999999994
2026-03-23 01:14:08.000000000,20.1494
2026-03-23 01:12:35.000000000,21.198700000000017
2026-03-23 01:29:10.000000000,24.012499999999978
2026-03-23 01:40:10.000000000,77.57429999999998
2026-03-23 01:50:43.000000000,6.337499999999999
2026-03-23 01:40:09.000000000,59.236900000000006
2026-03-23 02:06:11.000000000,49.59189999999999
2026-03-23 03:51:42.000000000,65.43299999999995
2026-03-23 03:42:41.000000000,53.809100000000015
2026-03-23 03:34:00.000000000,26.754900000000006
2026-03-23 03:29:08.000000000,40.08179999999999
2026-03-23 03:08:30.000000000,29.0504
2026-03-23 03:18:30.000000000,72.18480000000001
2026-03-23 03:22:05.000000000,8.835899999999992
2026-03-23 03:10:31.000000000,9.912700000000006
2026-03-23 04:42:33.000000000,14.556999999999983
2026-03-23 04:17:34.000000000,20.383299999999977
2026-03-23 04:28:18.000000000,12.705599999999999
2026-03-23 04:10:12.000000000,50.21410000000001
2026-03-23 04:52:42.000000000,112.42219999999998
2026-03-23 05:17:09.000000000,86.23280000000003
2026-03-23 05:59:20.000000000,44.8721
2026-03-23 05:02:21.000000000,105.3838
2026-03-23 05:56:43.000000000,9.239700000000006
2026-03-23 05:14:52.000000000,10.1774
2026-03-23 05:36:40.000000000,25.29519999999999
2026-03-23 05:52:01.000000000,30.3895
2026-03-23 05:40:42.000000000,9.837900000000001
2026-03-23 05:06:45.000000000,18.001000000000012
2026-03-23 05:56:27.000000000,37.700700000000005
2026-03-23 06:20:55.000000000,10.0122
2026-03-23 06:55:07.000000000,21.4133
2026-03-23 06:06:41.000000000,9.2679
2026-03-23 06:43:49.000000000,13.265999999999986
2026-03-23 06:52:24.000000000,30.55110000000001
2026-03-23 06:32:35.000000000,25.641700000000004
2026-03-23 06:52:03.000000000,101.32629999999996
2026-03-23 06:40:50.000000000,9.593600000000006
2026-03-23 06:33:04.000000000,15.224200000000005
2026-03-23 07:10:38.000000000,91.87989999999998
2026-03-23 07:19:00.000000000,23.4551
2026-03-23 07:40:00.000000000,88.67199999999994
2026-03-23 07:28:47.000000000,10.622099999999998
2026-03-23 07:43:48.000000000,25.3457
2026-03-23 07:39:25.000000000,123.2878999999999
2026-03-23 07:48:33.000000000,13.14230000000001
2026-03-23 07:28:57.000000000,25.65189999999999
2026-03-23 07:07:53.000000000,12.273699999999993
2026-03-23 07:32:57.000000000,22.104300000000016
2026-03-23 07:21:19.000000000,47.95260000000001
2026-03-23 07:46:53.000000000,25.565299999999997
2026-03-23 07:36:00.000000000,15.050699999999999
2026-03-23 07:46:21.000000000,15.197600000000007
2026-03-23 07:05:23.000000000,11.376600000000003
2026-03-23 08:26:34.000000000,16.819099999999988
2026-03-23 08:30:00.000000000,39.521000000000015
2026-03-23 08:51:19.000000000,22.89270000000002
2026-03-23 08:55:07.000000000,12.247499999999985
2026-03-23 08:50:47.000000000,19.147600000000022
2026-03-23 08:34:56.000000000,52.025999999999975
2026-03-23 08:05:39.000000000,21.09269999999999
2026-03-23 08:50:15.000000000,11.886500000000002
2026-03-23 08:17:00.000000000,13.284500000000001
2026-03-23 08:22:38.000000000,7.130000000000001
2026-03-23 08:46:37.000000000,20.571299999999972
2026-03-23 08:31:28.000000000,10.686900000000005
2026-03-23 08:55:10.000000000,11.029000000000005
2026-03-23 08:07:53.000000000,67.70089999999999
2026-03-23 08:52:24.000000000,18.564300000000014
2026-03-23 08:34:14.000000000,106.90809999999998
2026-03-23 08:29:03.000000000,22.729
2026-03-23 08:48:18.000000000,15.1469
2026-03-23 09:00:03.000000000,29.56339999999999
2026-03-23 09:09:17.000000000,26.97070000000001
2026-03-23 09:56:34.000000000,6.979299999999999
2026-03-23 09:19:54.000000000,35.08029999999998
2026-03-23 09:20:00.000000000,17.215700000000016
2026-03-23 09:52:14.000000000,9.585399999999998
2026-03-23 09:17:56.000000000,15.864499999999994
2026-03-23 09:02:08.000000000,20.993399999999998
2026-03-23 09:49:19.000000000,11.613499999999998
2026-03-23 09:58:28.000000000,36.72
2026-03-23 09:02:48.000000000,16.389100000000013
2026-03-23 09:17:10.000000000,7.669699999999997
2026-03-23 09:45:45.000000000,8.937499999999998
2026-03-23 09:53:06.000000000,7.955699999999994
2026-03-23 09:03:52.000000000,29.812200000000004
2026-03-23 09:42:57.000000000,27.813000000000002
2026-03-23 09:15:20.000000000,34.1611
2026-03-23 09:56:54.000000000,8.074599999999997
2026-03-23 09:34:03.000000000,11.415299999999997
2026-03-23 10:10:24.000000000,42.2095
2026-03-23 10:08:01.000000000,12.55849999999999
2026-03-23 10:44:19.000000000,14.313099999999999
2026-03-23 10:16:48.000000000,13.934400000000005
2026-03-23 10:59:11.000000000,10.865300000000001
2026-03-23 10:02:49.000000000,22.375600000000023
2026-03-23 10:04:16.000000000,32.59260000000002
2026-03-23 10:56:24.000000000,34.202300000000015
2026-03-23 10:03:49.000000000,46.42960000000002
2026-03-23 11:22:37.000000000,28.765600000000003
2026-03-23 11:10:28.000000000,16.22219999999999
2026-03-23 11:06:13.000000000,6.0026000000000055
2026-03-23 11:17:23.000000000,19.925300000000018
2026-03-23 11:55:54.000000000,13.367300000000007
2026-03-23 11:38:15.000000000,65.86439999999997
2026-03-23 11:07:37.000000000,18.010800000000014
2026-03-23 11:12:31.000000000,87.27969999999999
2026-03-23 11:50:46.000000000,33.1599
2026-03-23 12:57:43.000000000,22.165699999999994
2026-03-23 12:58:35.000000000,18.905400000000004
2026-03-23 12:18:59.000000000,11.727999999999993
2026-03-23 12:24:58.000000000,32.298799999999986
2026-03-23 12:18:46.000000000,24.78149999999998
2026-03-23 12:39:02.000000000,16.136499999999998
2026-03-23 12:59:09.000000000,6.807099999999999
2026-03-23 12:53:54.000000000,11.395100000000003
2026-03-23 12:02:22.000000000,28.76579999999999
2026-03-23 12:21:27.000000000,26.1201
2026-03-23 12:24:30.000000000,35.68050000000002
2026-03-23 12:11:03.000000000,14.435399999999994
2026-03-23 13:47:03.000000000,76.98439999999997
2026-03-23 13:35:18.000000000,23.796699999999987
2026-03-23 13:48:13.000000000,8.221699999999997
2026-03-23 13:16:32.000000000,91.13949999999998
2026-03-23 13:17:34.000000000,31.57170000000001
2026-03-23 13:37:05.000000000,81.31880000000004
2026-03-23 13:10:28.000000000,13.553000000000006
2026-03-23 13:34:48.000000000,15.235600000000007
2026-03-23 13:10:00.000000000,28.284499999999984
2026-03-23 13:55:57.000000000,23.838500000000003
2026-03-23 13:57:31.000000000,9.726800000000015
2026-03-23 13:17:54.000000000,5.422800000000002
2026-03-23 13:53:15.000000000,62.506299999999975
2026-03-23 13:43:35.000000000,17.3266
2026-03-23 14:19:16.000000000,13.003400000000005
2026-03-23 14:25:46.000000000,20.065999999999985
2026-03-23 14:55:52.000000000,6.2677
2026-03-23 14:44:21.000000000,14.189700000000006
2026-03-23 14:35:44.000000000,36.37150000000001
2026-03-23 14:24:18.000000000,80.44290000000002
2026-03-23 14:45:03.000000000,52.05940000000001
2026-03-23 14:56:31.000000000,18.3054
2026-03-23 14:07:46.000000000,11.400900000000002
2026-03-23 14:06:09.000000000,103.55580000000008
2026-03-23 14:21:07.000000000,7.955799999999999
2026-03-23 14:49:15.000000000,13.719699999999998
2026-03-23 14:48:43.000000000,33.937200000000004
2026-03-23 14:21:00.000000000,69.69800000000005
2026-03-23 14:40:08.000000000,15.602400000000012
2026-03-23 14:57:33.000000000,22.917600000000007
2026-03-23 14:19:35.000000000,11.339699999999995
2026-03-23 14:16:02.000000000,19.1542
2026-03-23 14:03:23.000000000,9.822300000000006
2026-03-23 15:10:21.000000000,17.996299999999998
2026-03-23 15:12:46.000000000,12.161699999999994
2026-03-23 15:26:10.000000000,17.003000000000004
2026-03-23 15:27:22.000000000,35.468500000000006
2026-03-23 15:07:36.000000000,11.230300000000002
2026-03-23 15:13:03.000000000,7.083799999999999
2026-03-23 15:18:35.000000000,98.31379999999999
2026-03-23 15:14:36.000000000,20.47869999999999
2026-03-23 15:14:00.000000000,140.23979999999995
2026-03-23 15:31:06.000000000,14.730900000000004
2026-03-23 15:44:01.000000000,27.073099999999997
2026-03-23 15:53:55.000000000,18.083099999999998
2026-03-23 15:51:34.000000000,8.445700000000004
2026-03-23 15:50:49.000000000,8.026699999999995
2026-03-23 15:26:53.000000000,7.298299999999997
2026-03-23 15:29:43.000000000,10.391699999999998
2026-03-23 16:01:58.000000000,34.8931
2026-03-23 16:41:26.000000000,9.086299999999998
2026-03-23 16:44:16.000000000,37.94660000000002
2026-03-23 16:47:10.000000000,20.806699999999996
2026-03-23 16:44:39.000000000,50.63759999999998
2026-03-23 16:25:13.000000000,7.528400000000001
2026-03-23 16:04:03.000000000,24.086799999999997
2026-03-23 16:40:24.000000000,7.217599999999996
2026-03-23 16:58:49.000000000,6.991899999999995
2026-03-23 16:03:12.000000000,20.418999999999997
2026-03-23 16:11:35.000000000,7.627699999999999
2026-03-23 16:39:35.000000000,8.1272
2026-03-23 16:23:05.000000000,35.8716
2026-03-23 16:04:14.000000000,30.933199999999992
2026-03-23 16:11:12.000000000,29.7141
2026-03-23 16:00:18.000000000,15.575100000000006
2026-03-23 17:31:24.000000000,17.736800000000006
2026-03-23 17:36:48.000000000,15.513000000000003
2026-03-23 17:45:25.000000000,16.1364
2026-03-23 17:14:45.000000000,44.80589999999998
2026-03-23 17:02:03.000000000,10.995800000000004
2026-03-23 17:09:07.000000000,10.652499999999998
2026-03-23 17:22:18.000000000,33.60880000000001
2026-03-23 17:46:32.000000000,24.81329999999999
2026-03-23 17:47:40.000000000,5.4285000000000005
2026-03-23 17:12:01.000000000,10.4277
2026-03-23 17:24:15.000000000,27.0401
2026-03-23 17:47:44.000000000,20.7309
2026-03-23 17:40:00.000000000,15.2632
2026-03-23 17:15:24.000000000,50.32179999999998
2026-03-23 18:53:19.000000000,5.5656000000000025
2026-03-23 18:12:08.000000000,10.803100000000002
2026-03-23 18:42:59.000000000,41.8998
2026-03-23 18:44:52.000000000,23.15950000000001
2026-03-23 18:35:38.000000000,17.10869999999999
2026-03-23 18:30:50.000000000,9.1642
2026-03-23 18:18:58.000000000,17.241300000000006
2026-03-23 18:06:40.000000000,11.906099999999997
2026-03-23 18:04:16.000000000,44.3512
2026-03-23 18:16:21.000000000,13.716400000000005
2026-03-23 18:50:53.000000000,27.876099999999997
2026-03-23 18:44:29.000000000,14.036500000000007
2026-03-23 18:33:54.000000000,14.520400000000004
2026-03-23 18:14:08.000000000,18.624200000000002
2026-03-23 18:45:13.000000000,51.51630000000003
2026-03-23 18:14:38.000000000,8.013100000000001
2026-03-23 18:05:51.000000000,14.62199999999998
2026-03-23 18:34:18.000000000,20.594999999999995
2026-03-23 18:26:04.000000000,15.532200000000003
2026-03-23 19:32:56.000000000,10.635000000000007
2026-03-23 19:25:40.000000000,11.869000000000002
2026-03-23 19:56:33.000000000,45.88290000000001
2026-03-23 19:06:46.000000000,13.173300000000005
2026-03-23 19:02:53.000000000,14.513700000000002
2026-03-23 19:35:11.000000000,26.91999999999999
2026-03-23 19:05:24.000000000,28.351000000000003
2026-03-23 19:47:52.000000000,23.330699999999982
2026-03-23 19:07:43.000000000,13.6216
2026-03-23 19:56:31.000000000,24.007100000000005
2026-03-23 19:36:06.000000000,11.3875
2026-03-23 19:57:58.000000000,19.478600000000004
2026-03-23 19:07:31.000000000,25.61660000000001
2026-03-23 19:11:41.000000000,23.5158
2026-03-23 20:57:25.000000000,34.32149999999999
2026-03-23 20:32:50.000000000,64.70270000000002
2026-03-23 20:43:03.000000000,23.834300000000002
2026-03-23 20:17:19.000000000,26.080899999999993
2026-03-23 20:46:32.000000000,16.899999999999995
2026-03-23 20:43:01.000000000,12.864600000000001
2026-03-23 20:10:50.000000000,29.450999999999986
2026-03-23 20:07:57.000000000,16.740399999999994
2026-03-23 20:25:59.000000000,9.84280000000001
2026-03-23 20:56:05.000000000,16.8345
2026-03-23 20:39:16.000000000,19.668899999999997
2026-03-23 20:15:21.000000000,7.118400000000003
2026-03-23 20:51:46.000000000,14.05389999999999
2026-03-23 20:21:59.000000000,20.49699999999999
2026-03-23 20:09:18.000000000,16.433399999999992
2026-03-23 20:05:21.000000000,8.116000000000003
2026-03-23 20:17:52.000000000,47.14040000000001
2026-03-23 20:45:02.000000000,64.6745
2026-03-23 20:02:06.000000000,89.22419999999994
2026-03-23 21:12:56.000000000,16.089700000000004
2026-03-23 21:01:03.000000000,7.803400000000007
2026-03-23 21:27:00.000000000,28.764200000000013
2026-03-23 21:55:16.000000000,12.708500000000008
2026-03-23 21:42:03.000000000,25.787799999999983
2026-03-23 21:45:05.000000000,170.04680000000005
2026-03-23 21:02:10.000000000,19.29100000000002
2026-03-23 22:12:35.000000000,12.421400000000007
2026-03-23 22:05:16.000000000,10.814600000000006
2026-03-23 22:12:27.000000000,13.818599999999998
2026-03-23 22:33:15.000000000,9.289400000000002
2026-03-23 22:53:00.000000000,9.113400000000006
2026-03-23 22:31:34.000000000,8.259499999999996
2026-03-23 22:26:33.000000000,33.01389999999999
2026-03-23 23:25:23.000000000,11.635200000000006
2026-03-23 23:03:29.000000000,108.20570000000002
2026-03-23 23:45:05.000000000,17.50089999999998
2026-03-23 23:06:48.000000000,13.433300000000013
2026-03-23 23:58:13.000000000,64.33470000000001
2026-03-24 00:36:26.000000000,34.81309999999999
2026-03-24 00:23:18.000000000,7.143899999999998
2026-03-24 00:12:48.000000000,15.282000000000005
2026-03-24 00:47:38.000000000,72.7837
2026-03-24 00:56:44.000000000,23.35869999999999
2026-03-24 00:18:32.000000000,47.0677
2026-03-24 01:23:27.000000000,7.884199999999997
2026-03-24 01:22:47.000000000,63.45230000000001
2026-03-24 01:08:20.000000000,95.82829999999998
2026-03-24 01:09:21.000000000,95.23829999999997
2026-03-24 01:10:03.000000000,7.893599999999992
2026-03-24 02:06:54.000000000,13.407399999999996
2026-03-24 02:42:55.000000000,31.441600000000026
2026-03-24 02:46:03.000000000,8.52630000000001
2026-03-24 03:42:15.000000000,10.725000000000007
2026-03-24 03:43:13.000000000,65.80999999999999
2026-03-24 04:54:38.000000000,6.469700000000001
2026-03-24 04:54:20.000000000,8.148399999999995
2026-03-24 04:02:22.000000000,16.9087
2026-03-24 04:09:09.000000000,51.68610000000002
2026-03-24 05:42:02.000000000,22.03370000000002
2026-03-24 05:02:44.000000000,58.23879999999998
2026-03-24 05:32:32.000000000,140.88969999999995
2026-03-24 05:55:37.000000000,23.4485
2026-03-24 05:59:18.000000000,9.1276
2026-03-24 05:58:30.000000000,8.088
2026-03-24 05:16:15.000000000,75.71620000000001
2026-03-24 06:44:54.000000000,9.64710000000001
2026-03-24 06:35:00.000000000,15.546900000000004
2026-03-24 06:07:16.000000000,11.727799999999997
2026-03-24 06:16:09.000000000,14.0307
2026-03-24 06:48:03.000000000,22.881199999999993
2026-03-24 06:34:14.000000000,8.817100000000003
2026-03-24 06:33:20.000000000,23.89060000000001
2026-03-24 06:50:22.000000000,11.629299999999992
2026-03-24 07:54:30.000000000,31.8502
2026-03-24 07:30:54.000000000,38.325900000000004
2026-03-24 07:45:26.000000000,26.310199999999977
2026-03-24 07:55:50.000000000,13.393899999999995
2026-03-24 07:55:51.000000000,20.211100000000012
2026-03-24 07:36:10.000000000,37.016999999999975
2026-03-24 07:49:09.000000000,10.920699999999995
2026-03-24 07:29:38.000000000,13.358600000000015
2026-03-24 07:56:56.000000000,173.03599999999994
2026-03-24 07:37:09.000000000,25.669700000000006
2026-03-24 07:22:26.000000000,32.10710000000002
2026-03-24 07:53:45.000000000,13.411900000000012
2026-03-24 08:22:29.000000000,40.14759999999999
2026-03-24 08:29:47.000000000,7.336100000000004
2026-03-24 08:17:45.000000000,8.9076
2026-03-24 08:24:13.000000000,18.48600000000002
2026-03-24 08:50:58.000000000,81.59379999999997
2026-03-24 08:12:58.000000000,20.76989999999999
2026-03-24 08:16:35.000000000,44.19709999999999
2026-03-24 08:49:06.000000000,37.36000000000001
2026-03-24 08:55:25.000000000,32.0523
2026-03-24 08:08:55.000000000,28.093199999999996
2026-03-24 08:21:35.000000000,27.42880000000002
2026-03-24 08:42:34.000000000,13.971800000000009
2026-03-24 08:05:45.000000000,8.782500000000008
2026-03-24 08:14:55.000000000,28.330999999999996
2026-03-24 08:20:55.000000000,8.266400000000003
2026-03-24 08:38:21.000000000,27.179899999999993
2026-03-24 08:54:16.000000000,26.382800000000003
2026-03-24 08:39:02.000000000,24.979899999999994
2026-03-24 08:14:44.000000000,11.866800000000003
2026-03-24 08:14:28.000000000,6.3568999999999996
2026-03-24 08:00:25.000000000,11.561100000000003
2026-03-24 08:54:22.000000000,37.1211
2026-03-24 08:56:49.000000000,15.146100000000006
2026-03-24 08:09:45.000000000,11.491200000000008
2026-03-24 08:56:24.000000000,10.671499999999996
2026-03-24 09:17:52.000000000,14.640399999999985
2026-03-24 09:10:58.000000000,25.812899999999978
2026-03-24 09:32:18.000000000,9.617599999999992
2026-03-24 09:52:46.000000000,21.4273
2026-03-24 09:54:41.000000000,15.524800000000003
2026-03-24 09:38:37.000000000,9.711999999999998
2026-03-24 09:37:55.000000000,92.48569999999994
2026-03-24 09:09:29.000000000,15.704600000000006
2026-03-24 09:38:33.000000000,13.741799999999989
2026-03-24 09:45:25.000000000,9.258799999999999
2026-03-24 09:43:52.000000000,9.889599999999998
2026-03-24 09:59:05.000000000,41.04150000000001
2026-03-24 09:26:44.000000000,45.47710000000001
2026-03-24 09:46:47.000000000,41.767799999999994
2026-03-24 09:05:10.000000000,27.692800000000002
2026-03-24 09:05:48.000000000,8.614099999999995
2026-03-24 09:33:38.000000000,26.18140000000001
2026-03-24 09:00:28.000000000,61.307199999999995
2026-03-24 09:23:52.000000000,6.2567999999999975
2026-03-24 10:55:05.000000000,22.648400000000006
2026-03-24 10:23:44.000000000,38.780300000000004
2026-03-24 10:12:20.000000000,35.37889999999998
2026-03-24 10:01:08.000000000,9.140600000000001
2026-03-24 10:03:10.000000000,68.5403
2026-03-24 10:28:53.000000000,13.825500000000007
2026-03-24 10:07:34.000000000,14.130499999999994
2026-03-24 10:16:05.000000000,8.30139999999999
2026-03-24 10:07:03.000000000,27.30510000000001
2026-03-24 10:08:25.000000000,17.242099999999983
2026-03-24 10:48:26.000000000,6.450999999999998
2026-03-24 10:58:24.000000000,14.68160000000001
2026-03-24 10:40:57.000000000,19.873399999999993
2026-03-24 11:12:19.000000000,23.189700000000006
2026-03-24 11:50:15.000000000,18.8225
2026-03-24 11:08:26.000000000,13.643299999999986
2026-03-24 11:58:11.000000000,9.3536
2026-03-24 11:20:12.000000000,29.65999999999999
2026-03-24 11:55:51.000000000,20.411800000000014
2026-03-24 11:06:03.000000000,39.38129999999998
2026-03-24 11:54:17.000000000,21.887000000000008
2026-03-24 11:17:25.000000000,19.030900000000003
2026-03-24 12:59:30.000000000,67.78509999999999
2026-03-24 12:13:57.000000000,45.96039999999998
2026-03-24 12:01:54.000000000,91.20429999999995
2026-03-24 12:04:24.000000000,11.669200000000012
2026-03-24 12:17:58.000000000,22.587000000000025
2026-03-24 12:42:30.000000000,25.803499999999996
2026-03-24 12:53:20.000000000,11.7728
2026-03-24 13:37:03.000000000,26.14370000000001
2026-03-24 13:18:17.000000000,13.358799999999995
2026-03-24 13:38:21.000000000,28.49319999999999
2026-03-24 13:26:45.000000000,24.99799999999997
2026-03-24 13:29:51.000000000,44.11510000000001
2026-03-24 13:35:59.000000000,79.58769999999996
2026-03-24 13:22:25.000000000,21.7773
2026-03-24 13:22:22.000000000,16.027600000000007
2026-03-24 13:45:25.000000000,176.71680000000003
2026-03-24 13:50:20.000000000,8.486200000000004
2026-03-24 13:41:10.000000000,28.838399999999996
2026-03-24 13:11:30.000000000,12.027099999999994
2026-03-24 13:17:11.000000000,33.5667
2026-03-24 14:15:25.000000000,29.26470000000001
2026-03-24 14:53:13.000000000,25.746200000000016
2026-03-24 14:43:11.000000000,82.2481
2026-03-24 14:57:06.000000000,10.986199999999998
2026-03-24 14:23:05.000000000,15.905699999999984
2026-03-24 14:46:22.000000000,8.41169999999999
2026-03-24 14:08:40.000000000,14.074199999999996
2026-03-24 14:10:20.000000000,23.212900000000005
2026-03-24 14:34:31.000000000,50.524799999999985
2026-03-24 15:53:29.000000000,11.1022
2026-03-24 15:36:08.000000000,25.896900000000006
2026-03-24 15:09:55.000000000,63.58699999999997
2026-03-24 15:40:15.000000000,34.23349999999999
2026-03-24 15:08:42.000000000,22.2553
2026-03-24 15:40:46.000000000,16.9024
2026-03-24 15:16:15.000000000,38.5543
2026-03-24 15:29:25.000000000,7.245899999999999
2026-03-24 15:10:28.000000000,22.75440000000001
2026-03-24 15:45:30.000000000,10.519800000000009
2026-03-24 15:09:52.000000000,8.4301
2026-03-24 15:36:14.000000000,12.473199999999999
2026-03-24 15:28:18.000000000,14.15850000000001
2026-03-24 15:31:18.000000000,44.87410000000002
2026-03-24 15:27:32.000000000,28.076299999999993
2026-03-24 15:09:48.000000000,37.22630000000001
2026-03-24 15:58:15.000000000,40.6602
2026-03-24 16:39:01.000000000,31.412699999999987
2026-03-24 16:45:52.000000000,24.267199999999992
2026-03-24 16:07:08.000000000,8.891899999999993
2026-03-24 16:18:26.000000000,14.258999999999999
2026-03-24 16:52:12.000000000,25.0264
2026-03-24 16:07:56.000000000,18.402000000000022
2026-03-24 16:55:06.000000000,44.00789999999999
2026-03-24 16:04:19.000000000,12.560799999999997
2026-03-24 16:10:34.000000000,49.12680000000001
2026-03-24 16:19:30.000000000,24.650899999999993
2026-03-24 16:16:02.000000000,41.3923
2026-03-24 16:48:58.000000000,26.809600000000003
2026-03-24 16:31:28.000000000,25.71850000000001
2026-03-24 17:39:58.000000000,16.016200000000016
2026-03-24 17:44:28.000000000,22.36520000000001
2026-03-24 17:25:52.000000000,33.699400000000004
2026-03-24 17:49:54.000000000,29.801999999999992
2026-03-24 17:13:53.000000000,32.719899999999974
2026-03-24 17:48:15.000000000,7.5777000000000045
2026-03-24 17:20:07.000000000,7.699699999999996
2026-03-24 17:27:00.000000000,68.23590000000003
2026-03-24 17:04:11.000000000,70.5367
2026-03-24 17:05:15.000000000,18.06680000000001
2026-03-24 17:39:14.000000000,22.044200000000004
2026-03-24 17:32:51.000000000,15.5946
2026-03-24 17:22:39.000000000,42.50879999999997
2026-03-24 17:46:47.000000000,58.723499999999994
2026-03-24 17:34:50.000000000,25.736000000000008
2026-03-24 17:50:25.000000000,27.487799999999993
2026-03-24 17:09:54.000000000,14.343099999999994
2026-03-24 17:00:43.000000000,23.706900000000008
2026-03-24 17:18:41.000000000,9.233300000000007
2026-03-24 18:32:46.000000000,49.884600000000006
2026-03-24 18:46:12.000000000,10.366399999999997
2026-03-24 18:42:09.000000000,17.732300000000006
2026-03-24 18:02:14.000000000,18.31399999999999
2026-03-24 18:47:00.000000000,20.07379999999999
2026-03-24 18:30:10.000000000,30.832900000000024
2026-03-24 18:01:53.000000000,22.342199999999988
2026-03-24 18:32:02.000000000,7.666599999999997
2026-03-24 18:19:00.000000000,8.808699999999991
2026-03-24 18:10:43.000000000,45.12289999999999
2026-03-24 18:56:43.000000000,28.447799999999997
2026-03-24 18:10:36.000000000,8.804099999999998
2026-03-24 18:08:24.000000000,12.955599999999995
2026-03-24 18:26:00.000000000,14.729299999999999
2026-03-24 18:02:51.000000000,146.18499999999977
2026-03-24 18:47:50.000000000,16.94750000000001
2026-03-24 18:02:04.000000000,11.0576
2026-03-24 19:29:45.000000000,15.955
2026-03-24 19:50:03.000000000,16.031400000000005
2026-03-24 19:57:10.000000000,6.368700000000005
2026-03-24 19:07:17.000000000,23.448600000000006
2026-03-24 19:06:40.000000000,24.331500000000005
2026-03-24 19:01:36.000000000,13.73160000000001
2026-03-24 19:13:15.000000000,42.77180000000002
2026-03-24 19:32:54.000000000,39.248599999999996
2026-03-24 19:03:35.000000000,37.09839999999999
2026-03-24 19:55:29.000000000,10.714400000000005
2026-03-24 19:21:32.000000000,27.079400000000007
2026-03-24 20:48:54.000000000,7.460899999999996
2026-03-24 20:53:06.000000000,40.37319999999999
2026-03-24 20:04:00.000000000,29.98150000000001
2026-03-24 20:50:57.000000000,7.010500000000002
2026-03-24 20:23:49.000000000,9.053700000000006
2026-03-24 20:54:51.000000000,55.18010000000001
2026-03-24 20:45:01.000000000,17.896100000000008
2026-03-24 20:44:55.000000000,34.00840000000001
2026-03-24 20:36:45.000000000,21.612199999999994
2026-03-24 20:07:03.000000000,48.68509999999999
2026-03-24 20:50:10.000000000,52.61889999999997
2026-03-24 20:21:51.000000000,41.927899999999994
2026-03-24 20:56:01.000000000,21.089700000000004
2026-03-24 20:41:56.000000000,11.012100000000007
2026-03-24 20:09:01.000000000,12.944599999999998
2026-03-24 21:24:35.000000000,20.614700000000006
2026-03-24 21:14:38.000000000,44.59310000000001
2026-03-24 21:36:33.000000000,23.394699999999975
2026-03-24 21:12:42.000000000,56.650999999999975
2026-03-24 21:45:37.000000000,7.407799999999998
2026-03-24 21:58:41.000000000,11.991100000000001
2026-03-24 21:32:39.000000000,73.1592
2026-03-24 21:44:22.000000000,15.834299999999995
2026-03-24 21:00:24.000000000,11.744199999999996
2026-03-24 21:54:01.000000000,37.92479999999999
2026-03-24 21:58:52.000000000,53.7217
2026-03-24 21:41:30.000000000,34.7729
2026-03-24 21:21:00.000000000,60.9687
2026-03-24 21:50:35.000000000,12.447399999999993
2026-03-24 21:27:29.000000000,11.391800000000003
2026-03-24 22:46:41.000000000,15.477100000000007
2026-03-24 22:20:48.000000000,166.68420000000006
2026-03-24 22:09:58.000000000,10.917500000000008
2026-03-24 22:40:09.000000000,22.585500000000007
2026-03-24 22:51:05.000000000,35.9326
2026-03-24 22:06:31.000000000,10.599500000000004
2026-03-24 22:09:49.000000000,53.738299999999974
2026-03-24 22:10:19.000000000,10.645400000000011
2026-03-24 22:14:00.000000000,9.76360000000001
2026-03-24 22:27:03.000000000,92.75319999999996
2026-03-24 22:15:02.000000000,19.856300000000005
2026-03-24 22:16:58.000000000,10.373999999999999
2026-03-24 22:56:49.000000000,14.323500000000013
2026-03-24 22:23:35.000000000,21.297700000000006
2026-03-24 22:02:10.000000000,7.165700000000006
2026-03-24 23:49:00.000000000,8.814500000000002
2026-03-24 23:15:35.000000000,6.555200000000001
2026-03-24 23:38:53.000000000,9.060200000000004
2026-03-24 23:50:59.000000000,10.777199999999999
2026-03-24 23:08:30.000000000,28.684200000000022
2026-03-24 23:42:52.000000000,18.361300000000007
2026-03-24 23:56:19.000000000,7.385300000000001
2026-03-24 23:06:05.000000000,107.45230000000001
2026-03-24 23:59:05.000000000,8.021899999999993
2026-03-24 23:25:52.000000000,9.067300000000003
2026-03-24 23:23:24.000000000,17.68740000000001
2026-03-24 23:10:23.000000000,83.63000000000004
2026-03-25 00:13:39.000000000,28.476099999999995
2026-03-25 00:49:44.000000000,18.631799999999995
2026-03-25 00:56:58.000000000,22.071399999999993
2026-03-25 00:40:44.000000000,21.478199999999987
2026-03-25 00:05:52.000000000,13.066399999999993
2026-03-25 00:20:04.000000000,26.658900000000003
2026-03-25 00:10:33.000000000,11.098299999999997
2026-03-25 00:00:22.000000000,15.559799999999994
2026-03-25 00:44:03.000000000,7.733400000000002
2026-03-25 01:06:11.000000000,22.10820000000001
2026-03-25 01:42:00.000000000,7.269999999999998
2026-03-25 01:13:11.000000000,14.357599999999993
2026-03-25 01:43:57.000000000,77.22290000000001
2026-03-25 02:16:12.000000000,99.80699999999997
2026-03-25 02:01:05.000000000,30.09959999999998
2026-03-25 02:13:15.000000000,15.23180000000001
2026-03-25 02:59:34.000000000,53.25719999999998
2026-03-25 02:34:41.000000000,41.70009999999999
2026-03-25 03:21:47.000000000,39.1667
2026-03-25 03:15:11.000000000,16.75059999999998
2026-03-25 03:11:34.000000000,69.49520000000001
2026-03-25 03:03:31.000000000,46.833999999999996
2026-03-25 04:46:16.000000000,17.703
2026-03-25 04:20:10.000000000,56.20829999999999
2026-03-25 04:39:35.000000000,8.581099999999994
2026-03-25 04:53:05.000000000,30.646099999999997
2026-03-25 04:33:35.000000000,23.351
2026-03-25 04:27:27.000000000,10.429999999999998
2026-03-25 05:38:55.000000000,20.53699999999997
2026-03-25 05:55:54.000000000,41.7384
2026-03-25 05:59:19.000000000,22.2704
2026-03-25 06:47:09.000000000,29.970699999999994
2026-03-25 06:59:17.000000000,110.24430000000004
2026-03-25 06:59:28.000000000,8.562500000000004
2026-03-25 06:24:41.000000000,16.355299999999996
2026-03-25 06:23:33.000000000,17.040799999999994
2026-03-25 06:24:56.000000000,56.65159999999996
2026-03-25 06:04:09.000000000,76.24080000000002
2026-03-25 06:55:27.000000000,12.404899999999987
2026-03-25 06:45:45.000000000,66.15749999999998
2026-03-25 06:43:53.000000000,26.7947
2026-03-25 06:52:31.000000000,19.357399999999974
2026-03-25 06:01:33.000000000,12.905500000000004
2026-03-25 07:53:00.000000000,12.560899999999998
2026-03-25 07:19:13.000000000,11.661000000000007
2026-03-25 07:45:08.000000000,23.68209999999999
2026-03-25 07:48:49.000000000,24.750699999999988
2026-03-25 07:53:40.000000000,65.21549999999999
2026-03-25 07:00:09.000000000,10.771100000000011
2026-03-25 07:35:07.000000000,21.671600000000016
2026-03-25 07:17:12.000000000,8.441300000000002
2026-03-25 07:27:37.000000000,14.243700000000013
2026-03-25 07:46:10.000000000,10.263600000000007
2026-03-25 07:46:09.000000000,141.25989999999993
2026-03-25 07:54:03.000000000,46.33000000000002
2026-03-25 07:00:41.000000000,10.363899999999996
2026-03-25 07:29:10.000000000,7.381599999999997
2026-03-25 07:53:50.000000000,31.58099999999999
2026-03-25 08:24:42.000000000,21.8074
2026-03-25 08:47:34.000000000,23.946700000000014
2026-03-25 08:30:20.000000000,15.889499999999993
2026-03-25 08:56:33.000000000,11.558400000000011
2026-03-25 08:40:10.000000000,20.878899999999977
2026-03-25 08:12:58.000000000,14.557999999999993
2026-03-25 08:58:05.000000000,10.808000000000002
2026-03-25 08:14:37.000000000,15.741400000000015
2026-03-25 08:03:11.000000000,12.408299999999988
2026-03-25 08:18:18.000000000,16.144800000000007
2026-03-25 08:25:54.000000000,6.2298
2026-03-25 08:56:31.000000000,8.080500000000006
2026-03-25 08:33:37.000000000,23.736900000000006
2026-03-25 08:07:36.000000000,23.8427
2026-03-25 08:05:33.000000000,33.6104
2026-03-25 08:00:40.000000000,12.284599999999998
2026-03-25 08:29:21.000000000,26.8899
2026-03-25 08:14:18.000000000,9.432899999999995
2026-03-25 08:09:00.000000000,19.78930000000001
2026-03-25 08:23:28.000000000,26.654999999999987
2026-03-25 08:53:20.000000000,11.0964
2026-03-25 09:32:46.000000000,9.667100000000003
2026-03-25 09:58:55.000000000,28.80759999999997
2026-03-25 09:59:17.000000000,10.357199999999999
2026-03-25 09:59:04.000000000,15.956000000000019
2026-03-25 09:32:50.000000000,119.93499999999986
2026-03-25 09:15:31.000000000,17.33420000000001
2026-03-25 09:58:12.000000000,24.787200000000013
2026-03-25 09:52:44.000000000,8.131399999999998
2026-03-25 09:10:26.000000000,36.71979999999999
2026-03-25 09:28:05.000000000,28.25860000000002
2026-03-25 09:31:36.000000000,26.1082
2026-03-25 09:19:04.000000000,54.090999999999994
2026-03-25 09:29:54.000000000,22.462999999999994
2026-03-25 09:06:01.000000000,59.27269999999996
2026-03-25 09:50:25.000000000,65.57269999999998
2026-03-25 09:18:27.000000000,30.561100000000007
2026-03-25 09:49:14.000000000,28.353000000000005
2026-03-25 10:50:57.000000000,34.4344
2026-03-25 10:59:34.000000000,14.497800000000002
2026-03-25 10:39:21.000000000,36.916399999999996
2026-03-25 10:46:36.000000000,19.55510000000001
2026-03-25 10:14:06.000000000,19.928700000000003
2026-03-25 10:24:44.000000000,11.369600000000002
2026-03-25 10:45:16.000000000,7.520399999999996
2026-03-25 10:55:45.000000000,30.951700000000006
2026-03-25 10:33:13.000000000,31.18739999999999
2026-03-25 10:31:59.000000000,49.9365
2026-03-25 10:56:32.000000000,113.19810000000001
2026-03-25 10:49:48.000000000,14.828099999999996
2026-03-25 10:14:57.000000000,7.918599999999998
2026-03-25 10:13:20.000000000,30.295199999999987
2026-03-25 11:58:21.000000000,28.710700000000003
2026-03-25 11:30:24.000000000,17.969500000000004
2026-03-25 11:35:30.000000000,18.515699999999995
2026-03-25 11:05:08.000000000,16.820299999999996
2026-03-25 11:39:02.000000000,58.49419999999996
2026-03-25 11:36:16.000000000,7.944500000000002
2026-03-25 11:49:41.000000000,16.222899999999996
2026-03-25 11:20:35.000000000,16.143699999999992
2026-03-25 11:13:01.000000000,47.93739999999999
2026-03-25 11:40:49.000000000,125.88770000000004
2026-03-25 11:50:23.000000000,157.43219999999997
2026-03-25 12:22:35.000000000,44.721899999999984
2026-03-25 12:04:17.000000000,40.004500000000014
2026-03-25 12:23:57.000000000,43.49859999999998
2026-03-25 12:22:15.000000000,58.103699999999996
2026-03-25 12:15:57.000000000,30.146400000000018
2026-03-25 12:57:13.000000000,35.720099999999995
2026-03-25 12:51:14.000000000,11.745799999999996
2026-03-25 12:45:04.000000000,7.455699999999999
2026-03-25 12:58:50.000000000,8.849400000000005
2026-03-25 12:18:10.000000000,8.211599999999995
2026-03-25 12:52:30.000000000,25.080599999999993
2026-03-25 12:26:46.000000000,26.7856
2026-03-25 12:08:15.000000000,44.90599999999999
2026-03-25 12:46:16.000000000,229.06429999999992
2026-03-25 12:48:43.000000000,21.8074
2026-03-25 12:43:43.000000000,21.440299999999997
2026-03-25 12:31:20.000000000,28.419500000000017
2026-03-25 13:29:30.000000000,11.504500000000002
2026-03-25 13:15:11.000000000,11.193600000000005
2026-03-25 13:17:49.000000000,52.26909999999997
2026-03-25 13:11:05.000000000,79.8972
2026-03-25 13:13:35.000000000,8.9834
2026-03-25 13:36:28.000000000,8.738599999999996
2026-03-25 13:19:44.000000000,84.62589999999996
2026-03-25 13:50:31.000000000,43.153099999999974
2026-03-25 13:48:57.000000000,19.695400000000006
2026-03-25 13:40:11.000000000,52.94379999999999
2026-03-25 13:07:27.000000000,15.124599999999992
2026-03-25 13:46:23.000000000,18.492800000000003
2026-03-25 13:01:36.000000000,15.454199999999997
2026-03-25 13:19:06.000000000,20.5662
2026-03-25 14:53:59.000000000,13.876200000000004
2026-03-25 14:46:03.000000000,57.573299999999996
2026-03-25 14:36:48.000000000,35.51500000000001
2026-03-25 14:38:31.000000000,26.677799999999987
2026-03-25 14:57:52.000000000,8.447700000000008
2026-03-25 14:54:30.000000000,16.738500000000002
2026-03-25 14:37:50.000000000,68.96889999999999
2026-03-25 14:09:05.000000000,19.707
2026-03-25 14:23:46.000000000,9.531399999999994
2026-03-25 14:11:58.000000000,21.4084
2026-03-25 14:09:32.000000000,8.944499999999994
2026-03-25 14:01:46.000000000,60.085200000000015
2026-03-25 14:01:32.000000000,7.670500000000004
2026-03-25 15:54:52.000000000,8.034899999999988
2026-03-25 15:26:15.000000000,21.725499999999997
2026-03-25 15:55:10.000000000,66.3862
2026-03-25 15:26:48.000000000,29.58580000000001
2026-03-25 15:17:23.000000000,25.9791
2026-03-25 15:09:51.000000000,15.701500000000003
2026-03-25 15:17:20.000000000,67.56369999999997
2026-03-25 15:24:21.000000000,13.700899999999995
2026-03-25 15:50:56.000000000,9.617500000000001
2026-03-25 15:37:11.000000000,27.94639999999998
2026-03-25 15:02:41.000000000,52.79729999999997
2026-03-25 15:20:38.000000000,25.054999999999993
2026-03-25 15:04:48.000000000,7.327999999999996
2026-03-25 15:24:38.000000000,16.912499999999998
2026-03-25 16:29:07.000000000,19.324000000000026
2026-03-25 16:46:25.000000000,19.094899999999996
2026-03-25 16:20:08.000000000,10.854099999999994
2026-03-25 16:42:10.000000000,55.10899999999998
2026-03-25 16:07:00.000000000,123.71759999999993
2026-03-25 16:49:04.000000000,17.269900000000003
2026-03-25 16:08:05.000000000,37.1152
2026-03-25 16:34:23.000000000,39.86119999999998
2026-03-25 16:08:28.000000000,21.641
2026-03-25 16:52:33.000000000,22.3352
2026-03-25 16:02:18.000000000,31.891999999999975
2026-03-25 16:45:07.000000000,369.81159999999994
2026-03-25 16:12:38.000000000,53.015700000000024
2026-03-25 16:16:24.000000000,40.99260000000002
2026-03-25 16:04:46.000000000,53.752799999999986
2026-03-25 16:30:31.000000000,8.938700000000003
2026-03-25 16:09:38.000000000,25.379399999999997
2026-03-25 17:28:47.000000000,26.661100000000012
2026-03-25 17:32:27.000000000,53.69749999999999
2026-03-25 17:37:31.000000000,8.0622
2026-03-25 17:32:19.000000000,12.706699999999989
2026-03-25 17:44:01.000000000,15.137999999999998
2026-03-25 17:10:22.000000000,10.9952
2026-03-25 17:30:42.000000000,11.076800000000002
2026-03-25 17:28:51.000000000,20.824300000000004
2026-03-25 17:06:16.000000000,22.554100000000016
2026-03-25 17:59:06.000000000,27.880999999999993
2026-03-25 17:26:30.000000000,121.26020000000003
2026-03-25 17:18:12.000000000,7.869400000000001
2026-03-25 17:03:29.000000000,10.736500000000003
2026-03-25 17:58:03.000000000,31.26
2026-03-25 17:19:09.000000000,23.445999999999994
2026-03-25 17:58:11.000000000,11.693
2026-03-25 17:45:09.000000000,8.019899999999993
2026-03-25 18:43:36.000000000,18.015699999999995
2026-03-25 18:23:29.000000000,36.749399999999994
2026-03-25 18:52:45.000000000,27.7552
2026-03-25 18:09:41.000000000,39.43590000000001
2026-03-25 18:21:50.000000000,97.33519999999997
2026-03-25 18:39:33.000000000,19.168500000000005
2026-03-25 18:26:42.000000000,66.38369999999998
2026-03-25 18:22:40.000000000,10.608499999999998
2026-03-25 18:45:36.000000000,46.24090000000003
2026-03-25 18:11:18.000000000,96.77979999999998
2026-03-25 18:47:10.000000000,10.271600000000001
2026-03-25 18:06:40.000000000,5.445600000000004
2026-03-25 18:28:19.000000000,18.339499999999997
2026-03-25 18:52:56.000000000,15.706300000000004
2026-03-25 18:59:07.000000000,20.461800000000004
2026-03-25 18:12:53.000000000,13.61060000000001
2026-03-25 19:12:28.000000000,13.854300000000007
2026-03-25 19:32:21.000000000,26.44439999999999
2026-03-25 19:38:22.000000000,5.9289999999999985
2026-03-25 19:50:41.000000000,13.714200000000012
2026-03-25 19:06:22.000000000,14.676600000000002
2026-03-25 19:16:31.000000000,30.995200000000015
2026-03-25 19:13:48.000000000,8.112100000000005
2026-03-25 19:11:20.000000000,26.637599999999992
2026-03-25 19:11:37.000000000,14.95009999999999
2026-03-25 19:11:03.000000000,7.587
2026-03-25 19:36:15.000000000,10.968599999999999
2026-03-25 19:44:12.000000000,10.879600000000003
2026-03-25 19:38:37.000000000,35.17839999999999
2026-03-25 19:16:44.000000000,28.70059999999999
2026-03-25 19:20:05.000000000,13.824100000000001
2026-03-25 19:25:12.000000000,10.618900000000007
2026-03-25 20:23:27.000000000,72.7112
2026-03-25 20:02:25.000000000,73.7367
2026-03-25 20:36:14.000000000,24.938999999999993
2026-03-25 20:26:15.000000000,7.895799999999993
2026-03-25 20:35:22.000000000,11.6385
2026-03-25 20:02:31.000000000,31.11229999999999
2026-03-25 20:22:16.000000000,13.61260000000001
2026-03-25 20:41:40.000000000,60.9798
2026-03-25 20:32:22.000000000,40.089099999999995
2026-03-25 20:01:46.000000000,6.971400000000002
2026-03-25 20:44:15.000000000,7.055999999999998
2026-03-25 20:20:56.000000000,38.17779999999999
2026-03-25 20:16:12.000000000,12.301700000000004
2026-03-25 20:05:18.000000000,10.885000000000002
2026-03-25 21:50:39.000000000,69.6599
2026-03-25 21:33:32.000000000,29.495899999999978
2026-03-25 21:12:59.000000000,96.54290000000003
2026-03-25 21:04:13.000000000,15.580000000000002
2026-03-25 21:34:00.000000000,18.1596
2026-03-25 21:16:08.000000000,11.266999999999998
2026-03-25 21:14:05.000000000,11.846599999999993
2026-03-25 21:26:21.000000000,30.067299999999992
2026-03-25 21:05:50.000000000,29.911399999999986
2026-03-25 21:34:26.000000000,54.56630000000002
2026-03-25 22:45:03.000000000,31.888499999999986
2026-03-25 22:43:47.000000000,28.89339999999999
2026-03-25 22:39:57.000000000,15.245900000000011
2026-03-25 22:06:01.000000000,44.2196
2026-03-25 22:16:13.000000000,13.534000000000006
2026-03-25 22:03:23.000000000,9.137100000000007
2026-03-25 22:52:10.000000000,62.99950000000004
2026-03-25 22:56:39.000000000,24.698199999999996
2026-03-25 22:23:52.000000000,18.296300000000002
2026-03-25 22:25:03.000000000,15.070900000000012
2026-03-25 22:55:17.000000000,15.42090000000001
2026-03-25 22:35:52.000000000,13.076000000000004
2026-03-25 22:45:18.000000000,29.17159999999998
2026-03-25 22:42:58.000000000,22.565199999999994
2026-03-25 22:05:21.000000000,32.3218
2026-03-25 22:18:55.000000000,18.412200000000027
2026-03-25 22:44:36.000000000,6.4216
2026-03-25 23:05:23.000000000,65.88149999999997
2026-03-25 23:21:58.000000000,7.757300000000003
2026-03-25 23:29:55.000000000,12.732299999999993
2026-03-25 23:40:56.000000000,31.980100000000007
2026-03-25 23:27:38.000000000,10.291900000000004
2026-03-26 00:21:06.000000000,14.278499999999992
2026-03-26 00:57:21.000000000,19.332500000000003
2026-03-26 00:56:42.000000000,5.6523
2026-03-26 00:22:58.000000000,21.697199999999984
2026-03-26 00:20:51.000000000,5.204000000000002
2026-03-26 00:15:08.000000000,28.148599999999966
2026-03-26 00:53:41.000000000,18.080999999999992
2026-03-26 00:52:42.000000000,8.373200000000011
2026-03-26 00:07:58.000000000,10.83620000000001
2026-03-26 00:16:13.000000000,4.377500000000001
2026-03-26 01:01:33.000000000,11.748899999999994
2026-03-26 01:40:10.000000000,30.273700000000016
2026-03-26 01:33:39.000000000,27.569399999999995
2026-03-26 01:06:04.000000000,14.284599999999989
2026-03-26 01:27:17.000000000,20.541699999999995
2026-03-26 01:39:54.000000000,50.1215
2026-03-26 01:07:31.000000000,40.62740000000001
2026-03-26 01:58:58.000000000,133.08139999999997
2026-03-26 02:50:49.000000000,22.540499999999987
2026-03-26 02:51:29.000000000,24.677899999999973
2026-03-26 02:54:55.000000000,53.11159999999996
2026-03-26 03:58:32.000000000,47.16409999999998
2026-03-26 03:32:50.000000000,8.961800000000004
2026-03-26 03:07:22.000000000,11.489700000000003
2026-03-26 03:48:50.000000000,13.341999999999995
2026-03-26 04:37:48.000000000,50.90329999999998
2026-03-26 04:41:23.000000000,13.171899999999983
2026-03-26 04:07:50.000000000,34.134899999999995
2026-03-26 05:28:46.000000000,19.53860000000001
2026-03-26 05:19:31.000000000,11.408399999999999
2026-03-26 05:12:28.000000000,130.5203
2026-03-26 05:19:45.000000000,17.3607
2026-03-26 05:10:04.000000000,33.5114
2026-03-26 06:43:00.000000000,10.893600000000003
2026-03-26 06:08:42.000000000,7.865499999999995
2026-03-26 06:52:30.000000000,95.1794
2026-03-26 06:46:23.000000000,5.8269
2026-03-26 06:43:19.000000000,13.738500000000014
2026-03-26 06:08:35.000000000,7.263599999999997
2026-03-26 06:38:04.000000000,12.290100000000002
2026-03-26 06:35:32.000000000,26.542199999999998
2026-03-26 06:34:17.000000000,29.86039999999998
2026-03-26 07:09:24.000000000,21.883800000000004
2026-03-26 07:14:22.000000000,18.916
2026-03-26 07:33:55.000000000,34.712999999999994
2026-03-26 07:20:10.000000000,11.368599999999994
2026-03-26 07:25:37.000000000,18.946199999999994
2026-03-26 07:43:30.000000000,15.778199999999979
2026-03-26 07:04:58.000000000,20.07080000000001
2026-03-26 07:33:46.000000000,6.515900000000001
2026-03-26 07:21:27.000000000,36.147500000000015
2026-03-26 07:31:25.000000000,75.64179999999993
2026-03-26 07:31:00.000000000,63.389199999999974
2026-03-26 07:53:30.000000000,28.736500000000007
2026-03-26 07:30:44.000000000,70.68180000000005
2026-03-26 07:12:25.000000000,32.338499999999996
2026-03-26 07:57:33.000000000,26.360300000000006
2026-03-26 07:59:51.000000000,105.42779999999995
2026-03-26 07:50:47.000000000,41.68829999999999
2026-03-26 07:23:58.000000000,29.163400000000014
2026-03-26 07:21:24.000000000,18.460499999999993
2026-03-26 07:33:44.000000000,11.9146
2026-03-26 08:30:01.000000000,38.376
2026-03-26 08:15:28.000000000,9.993300000000001
2026-03-26 08:49:25.000000000,27.63350000000001
2026-03-26 08:26:29.000000000,12.742399999999993
2026-03-26 08:27:04.000000000,30.80430000000001
2026-03-26 08:45:27.000000000,7.406500000000001
2026-03-26 08:36:16.000000000,11.5545
2026-03-26 08:02:36.000000000,25.244600000000005
2026-03-26 08:21:27.000000000,139.6362
2026-03-26 08:03:32.000000000,23.71339999999999
2026-03-26 08:44:46.000000000,24.17880000000001
2026-03-26 08:43:30.000000000,34.49379999999999
2026-03-26 08:32:52.000000000,14.312100000000008
2026-03-26 08:41:03.000000000,8.960600000000001
2026-03-26 08:16:30.000000000,16.87339999999999
2026-03-26 08:40:33.000000000,13.076400000000001
2026-03-26 08:29:49.000000000,31.747100000000014
2026-03-26 08:46:54.000000000,29.752099999999977
2026-03-26 08:28:38.000000000,25.885699999999996
2026-03-26 08:27:02.000000000,14.788599999999997
2026-03-26 08:07:36.000000000,19.139900000000008
2026-03-26 08:14:19.000000000,10.81190000000001
2026-03-26 08:42:41.000000000,5.725299999999995
2026-03-26 08:10:14.000000000,34.43770000000001
2026-03-26 08:40:47.000000000,21.3886
2026-03-26 09:01:54.000000000,84.86949999999997
2026-03-26 09:12:38.000000000,68.588
2026-03-26 09:53:55.000000000,15.312400000000007
2026-03-26 09:31:26.000000000,17.2908
2026-03-26 09:11:02.000000000,17.374300000000012
2026-03-26 09:23:22.000000000,13.816000000000008
2026-03-26 09:23:03.000000000,58.827099999999994
2026-03-26 09:28:42.000000000,14.39110000000001
2026-03-26 09:09:16.000000000,100.39160000000005
2026-03-26 09:23:06.000000000,9.052199999999992
2026-03-26 09:47:43.000000000,10.8541
2026-03-26 09:07:25.000000000,27.754099999999998
2026-03-26 09:16:19.000000000,35.704399999999985
2026-03-26 09:42:11.000000000,9.002600000000006
2026-03-26 09:06:23.000000000,11.894200000000014
2026-03-26 09:39:30.000000000,15.990600000000004
2026-03-26 09:10:34.000000000,12.113800000000003
2026-03-26 09:16:05.000000000,8.403500000000001
2026-03-26 10:57:36.000000000,34.48209999999998
2026-03-26 10:01:16.000000000,32.656899999999986
2026-03-26 10:50:55.000000000,128.2072
2026-03-26 10:57:51.000000000,11.984200000000003
2026-03-26 10:14:57.000000000,18.31159999999999
2026-03-26 10:21:35.000000000,23.75399999999999
2026-03-26 10:56:48.000000000,41.46189999999999
2026-03-26 10:33:28.000000000,76.21219999999998
2026-03-26 10:15:24.000000000,34.748999999999995
2026-03-26 10:18:34.000000000,31.121899999999997
2026-03-26 10:22:59.000000000,99.97269999999999
2026-03-26 10:09:15.000000000,8.4521
2026-03-26 10:04:11.000000000,10.901900000000012
2026-03-26 10:00:14.000000000,18.104900000000026
2026-03-26 11:40:40.000000000,21.7931
2026-03-26 11:49:10.000000000,8.063400000000001
2026-03-26 11:32:10.000000000,16.900799999999997
2026-03-26 11:32:37.000000000,87.43349999999997
2026-03-26 11:52:19.000000000,16.934
2026-03-26 11:19:20.000000000,13.462800000000001
2026-03-26 11:32:56.000000000,121.70620000000001
2026-03-26 11:21:28.000000000,11.118200000000009
2026-03-26 11:21:51.000000000,12.693899999999996
2026-03-26 11:13:34.000000000,6.601300000000002
2026-03-26 11:53:53.000000000,11.762199999999993
2026-03-26 12:07:02.000000000,39.775499999999994
2026-03-26 12:01:09.000000000,13.277199999999995
2026-03-26 12:08:18.000000000,8.609300000000005
2026-03-26 12:56:31.000000000,59.92809999999998
2026-03-26 12:11:20.000000000,8.036999999999995
2026-03-26 12:30:39.000000000,28.22110000000001
2026-03-26 12:01:17.000000000,12.234699999999997
2026-03-26 12:12:03.000000000,70.90190000000004
2026-03-26 12:58:29.000000000,47.573599999999985
2026-03-26 12:08:06.000000000,12.71480000000001
2026-03-26 13:34:03.000000000,75.4135
2026-03-26 13:06:09.000000000,19.86970000000002
2026-03-26 13:37:30.000000000,26.809900000000003
2026-03-26 13:28:39.000000000,51.1369
2026-03-26 13:40:35.000000000,22.023399999999995
2026-03-26 13:27:16.000000000,46.44559999999999
2026-03-26 13:50:52.000000000,17.89670000000002
2026-03-26 13:03:23.000000000,9.1884
2026-03-26 13:10:32.000000000,94.6356
2026-03-26 13:46:30.000000000,17.58130000000001
2026-03-26 13:47:41.000000000,15.538300000000007
2026-03-26 13:14:23.000000000,23.81849999999999
2026-03-26 13:50:03.000000000,9.075300000000006
2026-03-26 13:47:06.000000000,182.92550000000006
2026-03-26 13:53:46.000000000,63.53449999999999
2026-03-26 14:35:38.000000000,14.280499999999986
2026-03-26 14:17:11.000000000,12.156499999999989
2026-03-26 14:04:43.000000000,31.6738
2026-03-26 14:30:55.000000000,25.58880000000001
2026-03-26 14:34:30.000000000,36.923
2026-03-26 14:24:05.000000000,28.20119999999999
2026-03-26 14:18:19.000000000,18.720599999999994
2026-03-26 14:30:51.000000000,34.30689999999999
2026-03-26 14:58:05.000000000,88.80740000000002
2026-03-26 14:12:25.000000000,79.61019999999999
2026-03-26 14:56:23.000000000,18.531499999999998
2026-03-26 14:34:57.000000000,11.508400000000005
2026-03-26 14:10:11.000000000,19.043500000000012
2026-03-26 15:08:52.000000000,11.0078
2026-03-26 15:56:06.000000000,11.533400000000007
2026-03-26 15:19:34.000000000,28.969999999999978
2026-03-26 15:28:51.000000000,11.380600000000005
2026-03-26 15:51:05.000000000,25.792199999999994
2026-03-26 15:58:43.000000000,35.45089999999999
2026-03-26 15:48:01.000000000,18.905500000000004
2026-03-26 15:17:40.000000000,7.558199999999996
2026-03-26 15:52:43.000000000,7.785499999999992
2026-03-26 15:46:43.000000000,14.8342
2026-03-26 15:42:25.000000000,10.053299999999993
2026-03-26 15:53:13.000000000,15.399600000000015
2026-03-26 15:01:09.000000000,13.615499999999995
2026-03-26 15:49:18.000000000,33.975300000000004
2026-03-26 15:42:38.000000000,86.50150000000002
2026-03-26 15:48:02.000000000,45.5934
2026-03-26 15:53:04.000000000,222.09500000000008
2026-03-26 15:01:56.000000000,40.5457
2026-03-26 16:08:38.000000000,15.14470000000001
2026-03-26 16:39:29.000000000,15.613800000000005
2026-03-26 16:17:37.000000000,20.86679999999999
2026-03-26 16:45:24.000000000,109.63289999999999
2026-03-26 16:22:23.000000000,12.678199999999995
2026-03-26 16:11:50.000000000,18.419600000000003
2026-03-26 16:55:03.000000000,26.098099999999995
2026-03-26 16:28:35.000000000,24.666999999999994
2026-03-26 16:37:48.000000000,32.54930000000001
2026-03-26 16:12:29.000000000,21.909599999999998
2026-03-26 16:38:41.000000000,8.032699999999998
2026-03-26 16:45:33.000000000,95.8815
2026-03-26 16:44:14.000000000,21.916999999999998
2026-03-26 16:03:00.000000000,102.08910000000003
2026-03-26 16:52:57.000000000,16.757300000000004
2026-03-26 16:24:37.000000000,10.3138
2026-03-26 16:00:10.000000000,179.30210000000005
2026-03-26 17:20:15.000000000,28.059499999999986
2026-03-26 17:15:23.000000000,26.894099999999984
2026-03-26 17:52:41.000000000,12.761799999999996
2026-03-26 17:50:47.000000000,10.656799999999999
2026-03-26 17:32:23.000000000,17.059699999999996
2026-03-26 17:48:07.000000000,44.03979999999999
2026-03-26 17:08:19.000000000,28.087700000000005
2026-03-26 17:26:39.000000000,11.366100000000007
2026-03-26 17:48:17.000000000,15.78260000000001
2026-03-26 17:22:04.000000000,77.73959999999998
2026-03-26 17:41:27.000000000,16.89419999999999
2026-03-26 17:53:26.000000000,33.872
2026-03-26 17:08:44.000000000,14.8475
2026-03-26 17:27:31.000000000,9.845600000000008
2026-03-26 17:10:48.000000000,8.403599999999994
2026-03-26 17:36:37.000000000,12.939700000000002
2026-03-26 17:27:46.000000000,47.88749999999998
2026-03-26 17:55:32.000000000,9.30579999999999
2026-03-26 17:19:48.000000000,8.928999999999998
2026-03-26 18:16:08.000000000,22.850499999999993
2026-03-26 18:07:28.000000000,8.386399999999997
2026-03-26 18:50:03.000000000,24.309699999999992
2026-03-26 18:31:01.000000000,19.776100000000003
2026-03-26 18:06:20.000000000,26.45080000000001
2026-03-26 18:34:44.000000000,15.318599999999998
2026-03-26 18:41:13.000000000,19.776400000000013
2026-03-26 18:39:42.000000000,21.251800000000003
2026-03-26 18:46:19.000000000,68.00829999999998
2026-03-26 18:48:36.000000000,9.855400000000008
2026-03-26 18:23:59.000000000,21.224099999999993
2026-03-26 18:46:55.000000000,13.629900000000003
2026-03-26 18:42:14.000000000,25.619900000000012
2026-03-26 18:17:11.000000000,27.285500000000003
2026-03-26 19:42:53.000000000,8.863199999999997
2026-03-26 19:35:55.000000000,15.5324
2026-03-26 19:45:55.000000000,32.57420000000001
2026-03-26 19:06:03.000000000,40.48729999999998
2026-03-26 19:11:57.000000000,8.619400000000002
2026-03-26 19:00:18.000000000,16.65160000000001
2026-03-26 19:45:06.000000000,54.936200000000035
2026-03-26 19:44:22.000000000,14.558299999999992
2026-03-26 19:42:35.000000000,50.81899999999997
2026-03-26 19:10:31.000000000,11.710800000000004
2026-03-26 19:41:27.000000000,121.55289999999995
2026-03-26 19:37:23.000000000,57.63579999999996
2026-03-26 19:20:13.000000000,16.708700000000007
2026-03-26 19:00:38.000000000,13.766300000000008
2026-03-26 19:33:01.000000000,45.467600000000004
2026-03-26 19:58:40.000000000,15.35039999999998
2026-03-26 19:29:49.000000000,50.716499999999996
2026-03-26 19:33:26.000000000,9.819600000000003
2026-03-26 20:06:37.000000000,12.974800000000005
2026-03-26 20:38:32.000000000,18.562499999999986
2026-03-26 20:31:51.000000000,35.36479999999999
2026-03-26 20:05:54.000000000,23.008599999999998
2026-03-26 20:02:42.000000000,10.136599999999998
2026-03-26 20:20:07.000000000,15.377600000000005
2026-03-26 20:19:46.000000000,9.575599999999993
2026-03-26 20:03:40.000000000,42.2015
2026-03-26 20:38:43.000000000,101.81009999999998
2026-03-26 20:32:03.000000000,7.9924999999999935
2026-03-26 21:16:20.000000000,68.39460000000003
2026-03-26 21:24:44.000000000,46.4671
2026-03-26 21:20:58.000000000,9.984600000000006
2026-03-26 21:58:08.000000000,12.495099999999987
2026-03-26 21:28:33.000000000,27.140200000000018
2026-03-26 21:17:41.000000000,25.651500000000002
2026-03-26 21:00:45.000000000,63.9697
2026-03-26 21:45:18.000000000,51.23830000000001
2026-03-26 21:49:58.000000000,67.01329999999999
2026-03-26 21:34:44.000000000,27.69970000000001
2026-03-26 21:33:10.000000000,34.6515
2026-03-26 21:41:17.000000000,38.424299999999995
2026-03-26 21:16:54.000000000,28.400499999999997
2026-03-26 21:51:08.000000000,24.774399999999993
2026-03-26 21:49:38.000000000,25.781500000000005
2026-03-26 22:02:07.000000000,63.69649999999999
2026-03-26 22:26:03.000000000,9.057499999999997
2026-03-26 22:53:19.000000000,7.690699999999993
2026-03-26 22:21:17.000000000,28.969900000000006
2026-03-26 22:24:47.000000000,31.562599999999996
2026-03-26 22:09:08.000000000,26.352299999999996
2026-03-26 22:13:54.000000000,6.272899999999993
2026-03-26 22:58:45.000000000,25.1745
2026-03-26 22:00:57.000000000,25.175099999999993
2026-03-26 22:44:22.000000000,62.277699999999975
2026-03-26 22:34:17.000000000,29.446900000000007
2026-03-26 22:09:18.000000000,16.971999999999994
2026-03-26 22:58:00.000000000,18.95619999999999
2026-03-26 22:26:16.000000000,17.65339999999998
2026-03-26 22:02:56.000000000,90.492
2026-03-26 22:38:20.000000000,10.881500000000006
2026-03-26 22:21:00.000000000,39.504300000000015
2026-03-26 22:57:51.000000000,32.342000000000006
2026-03-26 22:56:57.000000000,10.572200000000008
2026-03-26 22:27:24.000000000,14.429299999999998
2026-03-26 23:29:32.000000000,22.3626
2026-03-26 23:07:51.000000000,32.41169999999999
2026-03-26 23:14:33.000000000,46.477799999999995
2026-03-26 23:29:15.000000000,20.015299999999996
2026-03-26 23:08:33.000000000,29.406400000000016
2026-03-26 23:04:47.000000000,15.006699999999983
2026-03-26 23:20:19.000000000,25.41210000000002
2026-03-26 23:49:13.000000000,20.367300000000004
2026-03-26 23:19:26.000000000,38.83020000000001
2026-03-26 23:11:52.000000000,28.55339999999999
2026-03-26 23:21:36.000000000,30.088800000000006
2026-03-26 23:14:24.000000000,39.5098
2026-03-26 23:57:16.000000000,13.825299999999997
2026-03-27 00:40:55.000000000,27.868299999999994
2026-03-27 00:31:54.000000000,42.6596
2026-03-27 00:45:59.000000000,166.39559999999997
2026-03-27 00:39:48.000000000,15.58569999999998
2026-03-27 00:42:35.000000000,5.8442
2026-03-27 00:40:48.000000000,12.935400000000001
2026-03-27 00:12:51.000000000,32.4817
2026-03-27 00:26:15.000000000,12.001399999999995
2026-03-27 00:40:32.000000000,113.71560000000007
2026-03-27 01:35:51.000000000,39.87239999999999
2026-03-27 01:35:05.000000000,35.22900000000001
2026-03-27 01:32:21.000000000,92.04439999999995
2026-03-27 01:42:36.000000000,15.219500000000007
2026-03-27 01:30:27.000000000,8.8758
2026-03-27 01:31:47.000000000,9.430999999999996
2026-03-27 01:02:37.000000000,15.012200000000007
2026-03-27 02:48:09.000000000,11.735000000000005
2026-03-27 02:16:21.000000000,29.347600000000003
2026-03-27 02:35:01.000000000,8.957099999999999
2026-03-27 02:50:59.000000000,27.187700000000003
2026-03-27 02:17:06.000000000,20.166599999999985
2026-03-27 02:56:54.000000000,30.363199999999992
2026-03-27 02:36:33.000000000,5.780100000000002
2026-03-27 03:43:31.000000000,9.197300000000004
2026-03-27 03:36:25.000000000,62.43110000000002
2026-03-27 03:58:45.000000000,35.97549999999999
2026-03-27 03:25:36.000000000,60.518599999999985
2026-03-27 03:14:47.000000000,28.795799999999996
2026-03-27 04:31:41.000000000,51.87279999999999
2026-03-27 04:09:49.000000000,42.26400000000003
2026-03-27 04:31:31.000000000,40.18390000000001
2026-03-27 04:41:23.000000000,25.293700000000012
2026-03-27 04:46:19.000000000,36.88730000000001
2026-03-27 04:19:19.000000000,51.338399999999986
2026-03-27 04:22:09.000000000,67.62669999999996
2026-03-27 05:25:11.000000000,40.6919
2026-03-27 05:23:37.000000000,69.27100000000002
2026-03-27 05:46:34.000000000,26.73060000000001
2026-03-27 05:03:22.000000000,16.34160000000001
2026-03-27 05:34:59.000000000,12.99059999999999
2026-03-27 05:56:00.000000000,21.750999999999994
2026-03-27 05:12:43.000000000,71.26579999999997
2026-03-27 06:35:38.000000000,66.55630000000001
2026-03-27 06:58:00.000000000,39.51219999999998
2026-03-27 06:43:19.000000000,91.75130000000003
2026-03-27 06:05:36.000000000,22.906899999999997
2026-03-27 06:01:00.000000000,69.23600000000002
2026-03-27 06:10:08.000000000,66.03830000000002
2026-03-27 06:03:19.000000000,46.836400000000005
2026-03-27 07:03:55.000000000,24.65959999999999
2026-03-27 07:17:48.000000000,56.31870000000001
2026-03-27 07:51:47.000000000,36.37909999999996
2026-03-27 07:24:30.000000000,14.808199999999982
2026-03-27 07:45:18.000000000,13.523499999999999
2026-03-27 07:42:58.000000000,25.667700000000014
2026-03-27 07:17:29.000000000,9.488299999999999
2026-03-27 07:11:22.000000000,16.334600000000002
2026-03-27 07:27:54.000000000,8.735000000000003
2026-03-27 07:37:38.000000000,8.980999999999995
2026-03-27 07:10:18.000000000,6.331299999999999
2026-03-27 07:55:28.000000000,22.161299999999986
2026-03-27 07:09:03.000000000,61.8661
2026-03-27 07:34:37.000000000,28.039800000000003
2026-03-27 07:29:17.000000000,17.510199999999994
2026-03-27 07:57:13.000000000,13.834800000000005
2026-03-27 07:32:46.000000000,19.503700000000002
2026-03-27 07:37:32.000000000,36.087599999999995
2026-03-27 08:06:10.000000000,14.246799999999997
2026-03-27 08:02:47.000000000,13.414300000000004
2026-03-27 08:25:46.000000000,121.32030000000005
2026-03-27 08:48:54.000000000,31.994799999999994
2026-03-27 08:52:27.000000000,20.49569999999999
2026-03-27 08:55:09.000000000,9.464399999999992
2026-03-27 08:12:03.000000000,25.148699999999995
2026-03-27 08:21:41.000000000,11.093599999999995
2026-03-27 08:41:54.000000000,13.522200000000003
2026-03-27 08:36:39.000000000,22.123500000000003
2026-03-27 08:26:32.000000000,17.152400000000004
2026-03-27 08:09:47.000000000,21.914700000000007
2026-03-27 08:18:09.000000000,9.019700000000006
2026-03-27 08:54:02.000000000,55.44810000000001
2026-03-27 08:26:07.000000000,10.464100000000004
2026-03-27 08:42:22.000000000,8.125599999999997
2026-03-27 08:55:20.000000000,12.297999999999991
2026-03-27 08:12:37.000000000,30.5671
2026-03-27 08:59:19.000000000,17.58539999999999
2026-03-27 08:39:48.000000000,22.43000000000001
2026-03-27 09:20:34.000000000,17.68379999999999
2026-03-27 09:19:31.000000000,45.133600000000015
2026-03-27 09:17:14.000000000,151.40990000000008
2026-03-27 09:59:19.000000000,7.692000000000002
2026-03-27 09:42:43.000000000,42.12640000000001
2026-03-27 09:20:27.000000000,28.937799999999996
2026-03-27 09:29:33.000000000,38.6032
2026-03-27 09:23:14.000000000,47.91420000000002
2026-03-27 09:23:33.000000000,30.894899999999996
2026-03-27 09:41:35.000000000,22.28420000000001
2026-03-27 09:51:07.000000000,67.91879999999999
2026-03-27 09:43:46.000000000,22.587900000000005
2026-03-27 09:55:35.000000000,8.497599999999995
2026-03-27 09:17:15.000000000,22.684900000000006
2026-03-27 09:52:34.000000000,44.34770000000001
2026-03-27 10:31:11.000000000,23.097900000000017
2026-03-27 10:35:37.000000000,6.271499999999996
2026-03-27 10:39:49.000000000,15.1202
2026-03-27 10:33:20.000000000,25.21019999999999
2026-03-27 10:05:22.000000000,33.317
2026-03-27 10:13:56.000000000,8.109099999999998
2026-03-27 10:47:08.000000000,36.8479
2026-03-27 10:33:39.000000000,10.150599999999995
2026-03-27 10:11:04.000000000,28.199799999999996
2026-03-27 10:01:20.000000000,74.1383
2026-03-27 11:25:46.000000000,14.485100000000003
2026-03-27 11:15:34.000000000,45.4053
2026-03-27 11:20:35.000000000,10.933499999999999
2026-03-27 11:55:15.000000000,18.229599999999994
2026-03-27 11:53:44.000000000,26.774100000000004
2026-03-27 11:21:11.000000000,44.87680000000001
2026-03-27 11:49:02.000000000,23.486000000000004
2026-03-27 11:58:36.000000000,15.5825
2026-03-27 11:43:09.000000000,24.139400000000013
2026-03-27 11:27:12.000000000,32.751400000000004
2026-03-27 11:32:47.000000000,21.375500000000002
2026-03-27 11:10:49.000000000,22.627800000000008
2026-03-27 11:23:27.000000000,13.834500000000006
2026-03-27 11:06:59.000000000,23.455100000000012
2026-03-27 12:23:13.000000000,37.0666
2026-03-27 12:25:17.000000000,55.84060000000003
2026-03-27 12:44:47.000000000,37.24510000000001
2026-03-27 12:35:13.000000000,18.847799999999975
2026-03-27 12:54:51.000000000,18.98189999999999
2026-03-27 12:19:33.000000000,18.598099999999995
2026-03-27 12:02:47.000000000,36.42440000000001
2026-03-27 12:05:02.000000000,64.1239
2026-03-27 12:15:47.000000000,22.73910000000001
2026-03-27 12:05:15.000000000,32.992899999999985
2026-03-27 12:25:41.000000000,14.334399999999984
2026-03-27 12:27:04.000000000,36.25379999999996
2026-03-27 13:42:12.000000000,16.089899999999986
2026-03-27 13:05:50.000000000,45.47160000000002
2026-03-27 13:07:02.000000000,16.547700000000006
2026-03-27 13:24:13.000000000,23.735399999999984
2026-03-27 13:14:07.000000000,20.656799999999993
2026-03-27 13:11:39.000000000,29.920200000000012
2026-03-27 13:22:14.000000000,10.980100000000007
2026-03-27 13:56:21.000000000,37.3861
2026-03-27 13:57:50.000000000,70.35930000000002
2026-03-27 13:27:49.000000000,11.645000000000007
2026-03-27 13:51:40.000000000,11.011600000000001
2026-03-27 13:53:42.000000000,29.149999999999995
2026-03-27 13:36:53.000000000,66.45860000000003
2026-03-27 13:46:18.000000000,39.73249999999998
2026-03-27 13:11:23.000000000,22.6606
2026-03-27 13:25:17.000000000,26.056800000000006
2026-03-27 13:04:20.000000000,29.774199999999997
2026-03-27 13:13:54.000000000,26.34980000000001
2026-03-27 13:37:14.000000000,33.50789999999999
2026-03-27 14:16:41.000000000,9.613199999999997
2026-03-27 14:37:48.000000000,23.758799999999994
2026-03-27 14:32:23.000000000,10.356399999999999
2026-03-27 14:37:38.000000000,18.454700000000013
2026-03-27 14:20:20.000000000,18.1715
2026-03-27 14:42:52.000000000,15.787300000000009
2026-03-27 14:21:07.000000000,19.62620000000001
2026-03-27 14:42:00.000000000,28.23270000000001
2026-03-27 14:30:13.000000000,45.54440000000002
2026-03-27 14:44:12.000000000,9.607599999999998
2026-03-27 14:43:36.000000000,71.88669999999998
2026-03-27 14:56:46.000000000,26.597500000000004
2026-03-27 14:43:07.000000000,17.27550000000002
2026-03-27 14:09:49.000000000,35.54280000000001
2026-03-27 14:10:37.000000000,17.175200000000004
2026-03-27 14:50:29.000000000,10.593500000000008
2026-03-27 15:54:51.000000000,18.816699999999997
2026-03-27 15:34:45.000000000,16.345799999999993
2026-03-27 15:46:25.000000000,13.510800000000007
2026-03-27 15:24:14.000000000,20.030899999999995
2026-03-27 15:17:50.000000000,26.011599999999998
2026-03-27 15:15:09.000000000,32.1338
2026-03-27 15:01:41.000000000,22.4174
2026-03-27 15:22:49.000000000,127.20020000000005
2026-03-27 15:54:22.000000000,96.43639999999999
2026-03-27 15:48:59.000000000,17.591400000000004
2026-03-27 15:16:36.000000000,30.85639999999999
2026-03-27 15:45:25.000000000,21.792300000000004
2026-03-27 15:56:06.000000000,16.930499999999995
2026-03-27 15:30:04.000000000,8.55849999999999
2026-03-27 15:32:56.000000000,14.229699999999996
2026-03-27 15:50:55.000000000,58.66079999999999
2026-03-27 16:40:01.000000000,24.0246
2026-03-27 16:53:14.000000000,41.0449
2026-03-27 16:00:24.000000000,18.0084
2026-03-27 16:27:24.000000000,31.77939999999999
2026-03-27 16:56:38.000000000,49.72959999999999
2026-03-27 16:31:17.000000000,68.4182
2026-03-27 16:05:09.000000000,55.1219
2026-03-27 16:20:23.000000000,29.72320000000001
2026-03-27 16:05:49.000000000,9.992899999999985
2026-03-27 16:57:26.000000000,86.0351
2026-03-27 16:49:41.000000000,44.406299999999995
2026-03-27 16:16:19.000000000,8.899100000000002
2026-03-27 16:06:16.000000000,40.554899999999996
2026-03-27 16:09:27.000000000,11.417499999999995
2026-03-27 16:40:56.000000000,20.561099999999996
2026-03-27 16:00:13.000000000,36.029500000000006
2026-03-27 16:53:35.000000000,13.918300000000002
2026-03-27 16:57:53.000000000,19.83460000000002
2026-03-27 16:12:04.000000000,68.27189999999999
2026-03-27 16:38:49.000000000,27.41130000000003
2026-03-27 16:31:52.000000000,9.3919
2026-03-27 16:04:52.000000000,100.73829999999998
2026-03-27 17:00:44.000000000,31.094900000000006
2026-03-27 17:14:29.000000000,24.40699999999999
2026-03-27 17:12:00.000000000,7.055199999999997
2026-03-27 17:35:26.000000000,140.2547
2026-03-27 17:59:58.000000000,11.778800000000004
2026-03-27 17:56:57.000000000,36.36959999999997
2026-03-27 17:24:34.000000000,20.6373
2026-03-27 17:52:40.000000000,20.88999999999999
2026-03-27 17:59:12.000000000,27.4194
2026-03-27 17:24:38.000000000,5.9201000000000015
2026-03-27 17:00:58.000000000,23.902000000000008
2026-03-27 17:04:28.000000000,15.10630000000001
2026-03-27 17:17:41.000000000,8.794799999999999
2026-03-27 17:26:29.000000000,10.6249
2026-03-27 17:16:31.000000000,27.5693
2026-03-27 17:27:25.000000000,10.163499999999994
2026-03-27 17:19:09.000000000,8.84490000000001
2026-03-27 17:59:10.000000000,23.289500000000007
2026-03-27 18:47:56.000000000,67.28949999999995
2026-03-27 18:17:22.000000000,33.076400000000014
2026-03-27 18:09:46.000000000,19.105
2026-03-27 18:34:00.000000000,9.635799999999996
2026-03-27 18:30:19.000000000,5.867500000000003
2026-03-27 18:18:29.000000000,9.467500000000003
2026-03-27 18:29:44.000000000,9.148700000000005
2026-03-27 18:34:48.000000000,6.602799999999999
2026-03-27 18:08:49.000000000,19.694300000000002
2026-03-27 18:37:25.000000000,18.365400000000022
2026-03-27 18:08:54.000000000,16.06189999999999
2026-03-27 18:35:26.000000000,13.931400000000014
2026-03-27 18:05:20.000000000,42.79270000000001
2026-03-27 18:38:06.000000000,9.237700000000007
2026-03-27 18:53:27.000000000,24.26450000000001
2026-03-27 18:44:07.000000000,11.647299999999998
2026-03-27 18:42:23.000000000,20.41320000000001
2026-03-27 18:37:02.000000000,42.871799999999986
2026-03-27 18:56:55.000000000,13.961999999999989
2026-03-27 18:29:14.000000000,14.228099999999998
2026-03-27 18:54:26.000000000,10.991800000000003
2026-03-27 18:02:46.000000000,27.167600000000004
2026-03-27 18:05:46.000000000,10.913800000000005
2026-03-27 18:55:21.000000000,9.9724
2026-03-27 18:50:46.000000000,29.732499999999987
2026-03-27 18:18:52.000000000,15.703299999999999
2026-03-27 18:25:02.000000000,23.420800000000014
2026-03-27 18:52:53.000000000,17.45149999999999
2026-03-27 18:41:05.000000000,9.814399999999997
2026-03-27 18:20:30.000000000,12.592299999999996
2026-03-27 18:10:27.000000000,28.484899999999993
2026-03-27 18:51:12.000000000,8.672999999999996
2026-03-27 18:58:46.000000000,13.707500000000005
2026-03-27 18:20:02.000000000,27.361300000000014
2026-03-27 18:11:52.000000000,43.81019999999999
2026-03-27 19:34:58.000000000,6.561000000000002
2026-03-27 19:22:20.000000000,39.7481
2026-03-27 19:36:25.000000000,14.262700000000017
2026-03-27 19:18:18.000000000,19.315399999999986
2026-03-27 19:43:23.000000000,19.77440000000001
2026-03-27 19:14:31.000000000,11.757700000000005
2026-03-27 19:15:54.000000000,63.38499999999999
2026-03-27 19:16:20.000000000,8.977599999999999
2026-03-27 19:01:49.000000000,67.6829
2026-03-27 19:35:19.000000000,10.711200000000003
2026-03-27 19:32:17.000000000,6.8431
2026-03-27 19:28:41.000000000,12.727900000000007
2026-03-27 19:52:56.000000000,18.488699999999998
2026-03-27 19:03:51.000000000,5.267199999999999
2026-03-27 19:54:44.000000000,7.842800000000004
2026-03-27 19:08:27.000000000,11.810000000000002
2026-03-27 19:07:11.000000000,10.1692
2026-03-27 19:03:39.000000000,7.941700000000002
2026-03-27 19:33:56.000000000,29.9907
2026-03-27 19:49:55.000000000,8.272799999999997
2026-03-27 20:48:40.000000000,51.28319999999999
2026-03-27 20:27:21.000000000,17.776300000000017
2026-03-27 20:05:52.000000000,29.868699999999993
2026-03-27 20:11:16.000000000,19.043799999999965
2026-03-27 20:10:31.000000000,19.596000000000014
2026-03-27 20:23:36.000000000,38.48710000000003
2026-03-27 20:28:30.000000000,10.463199999999995
2026-03-27 20:44:09.000000000,39.781800000000004
2026-03-27 20:13:58.000000000,13.70260000000001
2026-03-27 20:46:24.000000000,52.225700000000046
2026-03-27 20:14:30.000000000,24.064200000000014
2026-03-27 20:15:44.000000000,16.001100000000008
2026-03-27 20:45:25.000000000,19.767800000000005
2026-03-27 20:47:01.000000000,17.65010000000002
2026-03-27 20:22:05.000000000,9.039000000000005
2026-03-27 20:23:13.000000000,15.059799999999981
2026-03-27 20:47:45.000000000,9.124900000000002
2026-03-27 20:57:31.000000000,20.21050000000001
2026-03-27 20:43:46.000000000,10.7509
2026-03-27 20:17:39.000000000,8.570300000000001
2026-03-27 20:15:46.000000000,25.647000000000013
2026-03-27 20:47:39.000000000,20.114499999999992
2026-03-27 20:45:30.000000000,14.615899999999996
2026-03-27 20:10:05.000000000,21.209999999999987
2026-03-27 20:47:05.000000000,40.90370000000001
2026-03-27 21:26:05.000000000,11.046799999999994
2026-03-27 21:30:52.000000000,27.576999999999998
2026-03-27 21:31:42.000000000,13.742300000000002
2026-03-27 21:56:34.000000000,14.437100000000004
2026-03-27 21:49:33.000000000,41.16869999999999
2026-03-27 21:58:14.000000000,68.82830000000001
2026-03-27 21:35:58.000000000,24.043300000000002
2026-03-27 21:11:11.000000000,18.413499999999992
2026-03-27 21:37:17.000000000,23.047200000000007
2026-03-27 21:28:48.000000000,48.75489999999999
2026-03-27 21:14:35.000000000,25.26889999999998
2026-03-27 21:23:38.000000000,18.0028
2026-03-27 21:17:53.000000000,11.0659
2026-03-27 21:13:44.000000000,7.956100000000003
2026-03-27 21:27:54.000000000,55.97930000000002
2026-03-27 21:26:54.000000000,24.091600000000017
2026-03-27 21:34:10.000000000,12.556499999999987
2026-03-27 21:15:07.000000000,18.460299999999997
2026-03-27 21:48:50.000000000,149.75840000000005
2026-03-27 21:51:23.000000000,84.68079999999998
2026-03-27 21:57:48.000000000,14.0123
2026-03-27 21:08:22.000000000,12.777399999999998
2026-03-27 21:12:24.000000000,13.329800000000008
2026-03-27 21:53:27.000000000,13.46560000000001
2026-03-27 21:10:55.000000000,25.816
2026-03-27 21:17:10.000000000,33.433700000000016
2026-03-27 21:57:35.000000000,24.431500000000007
2026-03-27 21:56:31.000000000,151.91780000000014
2026-03-27 22:54:59.000000000,12.005100000000002
2026-03-27 22:00:48.000000000,8.291299999999996
2026-03-27 22:29:13.000000000,26.2335
2026-03-27 22:27:09.000000000,9.887099999999998
2026-03-27 22:56:11.000000000,241.9411000000001
2026-03-27 22:03:44.000000000,12.976400000000012
2026-03-27 22:13:21.000000000,13.462799999999989
2026-03-27 22:34:36.000000000,20.699399999999983
2026-03-27 22:42:16.000000000,27.652
2026-03-27 22:15:43.000000000,27.334300000000013
2026-03-27 22:16:12.000000000,33.88280000000001
2026-03-27 22:51:57.000000000,24.877000000000006
2026-03-27 22:58:04.000000000,24.6523
2026-03-27 22:29:24.000000000,15.8714
2026-03-27 22:08:42.000000000,22.283300000000004
2026-03-27 22:38:51.000000000,40.347200000000015
2026-03-27 23:46:12.000000000,46.33090000000002
2026-03-27 23:01:57.000000000,31.2176
2026-03-27 23:55:52.000000000,12.271799999999994
2026-03-27 23:52:31.000000000,22.201100000000007
2026-03-27 23:18:08.000000000,13.488299999999997
2026-03-27 23:42:57.000000000,9.945600000000002
2026-03-27 23:21:12.000000000,24.879499999999986
2026-03-27 23:16:31.000000000,13.929200000000003
2026-03-27 23:03:02.000000000,24.094199999999997
2026-03-27 23:18:25.000000000,11.154899999999998
2026-03-27 23:13:50.000000000,37.35729999999999
2026-03-27 23:54:47.000000000,17.398599999999988
2026-03-27 23:37:58.000000000,32.96470000000002
2026-03-27 23:21:49.000000000,9.2742
2026-03-27 23:39:24.000000000,14.262399999999996
2026-03-27 23:05:28.000000000,26.604400000000005
2026-03-27 23:51:34.000000000,8.130699999999996
2026-03-27 23:01:00.000000000,29.944399999999995
2026-03-27 23:15:25.000000000,17.372599999999995
2026-03-27 23:16:53.000000000,9.6616
2026-03-27 23:01:21.000000000,13.661
2026-03-27 23:46:18.000000000,23.973000000000003
2026-03-27 23:50:18.000000000,10.335000000000004
2026-03-27 23:29:17.000000000,27.619699999999995
2026-03-28 00:37:58.000000000,34.9898
2026-03-28 00:03:19.000000000,17.8056
2026-03-28 00:10:43.000000000,19.544600000000006
2026-03-28 00:57:25.000000000,14.531099999999995
2026-03-28 00:23:01.000000000,42.80510000000001
2026-03-28 00:55:39.000000000,18.52409999999999
2026-03-28 00:28:39.000000000,6.0876
2026-03-28 00:16:31.000000000,40.14110000000002
2026-03-28 00:15:38.000000000,8.022699999999992
2026-03-28 00:36:14.000000000,14.255299999999986
2026-03-28 00:07:39.000000000,29.75260000000001
2026-03-28 00:37:44.000000000,16.394799999999993
2026-03-28 00:51:07.000000000,31.808200000000024
2026-03-28 01:38:35.000000000,12.906299999999995
2026-03-28 01:55:54.000000000,15.814200000000005
2026-03-28 01:47:07.000000000,18.050300000000004
2026-03-28 01:15:04.000000000,8.910599999999995
2026-03-28 01:30:21.000000000,18.06579999999999
2026-03-28 01:29:52.000000000,15.25090000000001
2026-03-28 01:59:11.000000000,11.950999999999995
2026-03-28 02:04:19.000000000,19.70130000000002
2026-03-28 02:06:28.000000000,11.680699999999995
2026-03-28 02:11:07.000000000,13.355600000000008
2026-03-28 02:12:16.000000000,19.473599999999998
2026-03-28 02:27:50.000000000,21.284499999999998
2026-03-28 02:05:40.000000000,25.83489999999999
2026-03-28 02:01:24.000000000,10.492599999999998
2026-03-28 03:48:18.000000000,15.717400000000016
2026-03-28 03:30:27.000000000,9.257099999999998
2026-03-28 03:53:48.000000000,24.661799999999985
2026-03-28 03:25:59.000000000,17.50999999999999
2026-03-28 03:08:52.000000000,21.410799999999995
2026-03-28 03:03:22.000000000,20.9186
2026-03-28 03:13:40.000000000,14.067200000000007
2026-03-28 03:12:03.000000000,59.90460000000001
2026-03-28 03:56:52.000000000,19.97780000000001
2026-03-28 03:57:03.000000000,14.406400000000001
2026-03-28 03:06:10.000000000,28.7953
2026-03-28 04:14:27.000000000,76.27360000000003
2026-03-28 04:30:48.000000000,8.107900000000003
2026-03-28 04:25:30.000000000,14.317099999999982
2026-03-28 04:01:00.000000000,99.97600000000004
2026-03-28 04:52:56.000000000,9.51859999999999
2026-03-28 05:48:41.000000000,7.943499999999998
2026-03-28 06:20:16.000000000,68.53519999999996
2026-03-28 06:26:15.000000000,24.076199999999993
2026-03-28 06:53:07.000000000,11.9581
2026-03-28 06:34:13.000000000,56.44539999999999
2026-03-28 06:32:11.000000000,28.369600000000002
2026-03-28 07:43:44.000000000,8.642600000000003
2026-03-28 07:34:50.000000000,17.024399999999996
2026-03-28 07:55:34.000000000,15.397099999999998
2026-03-28 07:50:42.000000000,19.888399999999994
2026-03-28 07:25:29.000000000,15.795400000000003
2026-03-28 07:50:52.000000000,40.04950000000001
2026-03-28 07:01:24.000000000,15.536299999999999
2026-03-28 07:55:57.000000000,76.20069999999997
2026-03-28 07:52:20.000000000,72.14529999999996
2026-03-28 07:53:16.000000000,7.852199999999997
2026-03-28 07:38:27.000000000,56.852299999999985
2026-03-28 07:12:46.000000000,28.265599999999992
2026-03-28 07:44:14.000000000,36.17639999999999
2026-03-28 07:29:33.000000000,61.32639999999999
2026-03-28 08:53:57.000000000,14.278000000000002
2026-03-28 08:51:02.000000000,13.508700000000012
2026-03-28 08:02:09.000000000,14.968199999999994
2026-03-28 08:30:22.000000000,21.18639999999999
2026-03-28 08:35:02.000000000,6.481100000000005
2026-03-28 08:32:36.000000000,17.34969999999998
2026-03-28 08:42:28.000000000,16.832699999999992
2026-03-28 08:50:29.000000000,33.42700000000001
2026-03-28 08:50:49.000000000,11.274299999999998
2026-03-28 09:40:06.000000000,125.57390000000001
2026-03-28 09:40:03.000000000,6.951699999999996
2026-03-28 09:30:27.000000000,25.096999999999994
2026-03-28 09:03:48.000000000,16.865800000000014
2026-03-28 09:02:43.000000000,30.08240000000003
2026-03-28 09:33:14.000000000,40.29259999999997
2026-03-28 09:35:13.000000000,13.315900000000005
2026-03-28 09:43:34.000000000,13.346900000000016
2026-03-28 09:37:13.000000000,20.53870000000002
2026-03-28 09:57:50.000000000,34.54769999999999
2026-03-28 09:19:23.000000000,12.548499999999992
2026-03-28 09:26:09.000000000,12.552499999999993
2026-03-28 09:50:28.000000000,11.558200000000005
2026-03-28 09:30:23.000000000,6.620699999999999
2026-03-28 10:40:51.000000000,9.182800000000007
2026-03-28 10:00:07.000000000,15.756200000000002
2026-03-28 10:03:56.000000000,59.71269999999998
2026-03-28 10:19:25.000000000,7.479200000000002
2026-03-28 10:41:50.000000000,18.689899999999994
2026-03-28 10:05:27.000000000,7.930299999999993
2026-03-28 10:01:46.000000000,12.061100000000005
2026-03-28 10:54:50.000000000,9.7638
2026-03-28 10:35:15.000000000,12.99289999999999
2026-03-28 10:32:16.000000000,22.1968
2026-03-28 10:48:19.000000000,8.093499999999999
2026-03-28 11:14:51.000000000,15.123699999999978
2026-03-28 11:08:41.000000000,15.504399999999997
2026-03-28 11:10:20.000000000,114.00969999999998
2026-03-28 11:57:42.000000000,13.2964
2026-03-28 11:59:47.000000000,30.847600000000014
2026-03-28 11:51:42.000000000,14.348599999999983
2026-03-28 11:49:34.000000000,20.146799999999963
2026-03-28 11:27:53.000000000,46.02419999999999
2026-03-28 11:41:56.000000000,33.683000000000014
2026-03-28 11:07:32.000000000,40.584700000000005
2026-03-28 11:25:29.000000000,9.659900000000007
2026-03-28 11:24:25.000000000,18.259999999999994
2026-03-28 11:54:09.000000000,11.571899999999998
2026-03-28 12:41:21.000000000,26.235599999999998
2026-03-28 12:30:03.000000000,32.68209999999999
2026-03-28 12:32:22.000000000,24.811100000000007
2026-03-28 12:28:14.000000000,66.38019999999997
2026-03-28 12:18:04.000000000,17.713799999999996
2026-03-28 12:17:37.000000000,16.701500000000014
2026-03-28 12:58:44.000000000,9.933100000000001
2026-03-28 12:47:36.000000000,11.636200000000004
2026-03-28 12:26:39.000000000,16.99060000000002
2026-03-28 12:53:53.000000000,12.451899999999988
2026-03-28 12:46:42.000000000,51.80599999999997
2026-03-28 12:33:49.000000000,26.521299999999997
2026-03-28 13:52:11.000000000,10.883700000000006
2026-03-28 13:14:13.000000000,25.60930000000001
2026-03-28 13:28:41.000000000,20.766499999999997
2026-03-28 13:46:08.000000000,7.3614999999999995
2026-03-28 13:46:49.000000000,72.79699999999995
2026-03-28 13:22:55.000000000,34.65839999999997
2026-03-28 13:53:41.000000000,37.09760000000001
2026-03-28 13:08:45.000000000,107.20080000000006
2026-03-28 13:18:00.000000000,41.5679
2026-03-28 13:00:39.000000000,13.640600000000006
2026-03-28 13:17:39.000000000,45.00409999999999
2026-03-28 13:35:03.000000000,12.49139999999999
2026-03-28 13:55:56.000000000,30.5345
2026-03-28 13:20:44.000000000,8.015399999999993
2026-03-28 13:35:35.000000000,33.20640000000003
2026-03-28 14:25:17.000000000,44.69009999999999
2026-03-28 14:00:07.000000000,21.8374
2026-03-28 14:33:05.000000000,20.07029999999997
2026-03-28 14:10:27.000000000,17.614900000000016
2026-03-28 14:13:13.000000000,72.74179999999996
2026-03-28 14:14:12.000000000,50.355099999999986
2026-03-28 14:43:24.000000000,9.239800000000004
2026-03-28 14:54:01.000000000,61.52659999999998
2026-03-28 14:09:32.000000000,12.763299999999997
2026-03-28 14:21:21.000000000,30.73539999999998
2026-03-28 14:21:26.000000000,16.245399999999997
2026-03-28 14:52:46.000000000,10.512699999999993
2026-03-28 14:29:38.000000000,29.518100000000018
2026-03-28 14:48:07.000000000,57.038999999999994
2026-03-28 14:28:20.000000000,8.377400000000005
2026-03-28 14:03:49.000000000,6.3634
2026-03-28 14:49:01.000000000,20.433099999999996
2026-03-28 14:52:38.000000000,11.801100000000009
2026-03-28 14:15:58.000000000,23.304700000000015
2026-03-28 14:06:06.000000000,27.428499999999985
2026-03-28 14:21:34.000000000,16.890500000000003
2026-03-28 14:39:21.000000000,36.36579999999998
2026-03-28 14:33:08.000000000,17.48780000000002
2026-03-28 14:45:19.000000000,20.549500000000002
2026-03-28 15:34:06.000000000,24.75790000000001
2026-03-28 15:06:56.000000000,13.793100000000003
2026-03-28 15:23:11.000000000,25.484000000000005
2026-03-28 15:05:51.000000000,13.387500000000006
2026-03-28 15:00:06.000000000,51.66269999999995
2026-03-28 15:25:44.000000000,12.937399999999995
2026-03-28 15:22:17.000000000,11.450299999999997
2026-03-28 15:13:30.000000000,35.8138
2026-03-28 15:35:12.000000000,32.805099999999996
2026-03-28 15:49:53.000000000,15.331200000000003
2026-03-28 15:52:40.000000000,15.286299999999999
2026-03-28 15:15:40.000000000,33.91440000000002
2026-03-28 15:09:06.000000000,26.956000000000003
2026-03-28 15:28:14.000000000,32.09910000000001
2026-03-28 15:45:07.000000000,15.276300000000015
2026-03-28 15:57:45.000000000,15.8231
2026-03-28 15:49:36.000000000,25.075099999999992
2026-03-28 15:27:52.000000000,18.530499999999996
2026-03-28 15:50:35.000000000,59.72319999999999
2026-03-28 15:08:22.000000000,9.577499999999999
2026-03-28 15:06:40.000000000,9.137100000000004
2026-03-28 16:24:42.000000000,15.788400000000001
2026-03-28 16:23:20.000000000,16.878199999999996
2026-03-28 16:25:06.000000000,32.43019999999999
2026-03-28 16:36:26.000000000,8.029699999999997
2026-03-28 16:44:25.000000000,42.63300000000001
2026-03-28 16:12:30.000000000,17.399000000000008
2026-03-28 16:41:48.000000000,12.755099999999986
2026-03-28 16:58:53.000000000,4.993900000000002
2026-03-28 16:58:25.000000000,7.509000000000001
2026-03-28 16:17:11.000000000,9.376099999999997
2026-03-28 16:35:13.000000000,33.0919
2026-03-28 16:45:10.000000000,13.424100000000015
2026-03-28 16:09:12.000000000,12.590799999999996
2026-03-28 16:01:37.000000000,102.06009999999993
2026-03-28 16:50:21.000000000,12.650399999999992
2026-03-28 16:48:05.000000000,7.323200000000002
2026-03-28 16:32:00.000000000,18.332200000000004
2026-03-28 16:48:19.000000000,11.507700000000009
2026-03-28 16:07:13.000000000,28.395100000000003
2026-03-28 16:27:03.000000000,15.508999999999999
2026-03-28 17:32:47.000000000,28.02299999999999
2026-03-28 17:59:09.000000000,18.618999999999986
2026-03-28 17:46:14.000000000,19.1213
2026-03-28 17:06:08.000000000,10.431700000000003
2026-03-28 17:44:15.000000000,39.280400000000014
2026-03-28 17:42:42.000000000,28.496399999999998
2026-03-28 17:11:05.000000000,21.481099999999987
2026-03-28 17:19:15.000000000,13.927700000000002
2026-03-28 17:00:57.000000000,10.846199999999996
2026-03-28 17:15:18.000000000,10.0167
2026-03-28 17:43:20.000000000,15.762499999999998
2026-03-28 17:48:46.000000000,24.392399999999988
2026-03-28 17:44:16.000000000,13.557300000000003
2026-03-28 17:02:58.000000000,16.18199999999999
2026-03-28 17:46:40.000000000,17.272100000000002
2026-03-28 17:46:17.000000000,30.204499999999992
2026-03-28 17:52:42.000000000,11.551999999999998
2026-03-28 17:13:09.000000000,13.376799999999998
2026-03-28 17:46:48.000000000,17.227099999999993
2026-03-28 17:35:22.000000000,27.8535
2026-03-28 17:50:57.000000000,22.459400000000013
2026-03-28 17:22:41.000000000,11.118999999999996
2026-03-28 17:04:31.000000000,141.92929999999998
2026-03-28 18:21:01.000000000,18.880100000000002
2026-03-28 18:00:51.000000000,6.241900000000006
2026-03-28 18:58:22.000000000,53.74500000000001
2026-03-28 18:24:57.000000000,10.273800000000001
2026-03-28 18:33:24.000000000,29.74979999999999
2026-03-28 18:48:51.000000000,40.51179999999997
2026-03-28 18:17:55.000000000,17.3153
2026-03-28 18:32:09.000000000,77.98310000000004
2026-03-28 18:40:30.000000000,12.707500000000003
2026-03-28 18:49:46.000000000,33.74629999999999
2026-03-28 18:45:51.000000000,48.523100000000014
2026-03-28 18:25:28.000000000,19.769000000000016
2026-03-28 18:07:35.000000000,15.490700000000002
2026-03-28 18:41:04.000000000,10.666000000000002
2026-03-28 18:24:44.000000000,16.928300000000004
2026-03-28 18:40:39.000000000,7.173699999999996
2026-03-28 18:02:33.000000000,161.08790000000002
2026-03-28 18:32:33.000000000,11.956100000000003
2026-03-28 18:22:11.000000000,26.875299999999992
2026-03-28 19:36:03.000000000,68.10739999999997
2026-03-28 19:59:01.000000000,10.06090000000001
2026-03-28 19:48:42.000000000,12.723799999999994
2026-03-28 19:41:57.000000000,13.276800000000005
2026-03-28 19:41:43.000000000,12.265699999999997
2026-03-28 19:34:56.000000000,9.57200000000001
2026-03-28 19:43:41.000000000,23.832599999999992
2026-03-28 19:03:50.000000000,17.494899999999998
2026-03-28 19:20:25.000000000,11.643799999999993
2026-03-28 19:43:31.000000000,11.165199999999997
2026-03-28 19:39:26.000000000,10.882099999999998
2026-03-28 19:55:44.000000000,21.79460000000001
2026-03-28 19:40:02.000000000,31.061700000000005
2026-03-28 19:08:15.000000000,32.52120000000001
2026-03-28 19:00:33.000000000,40.558699999999995
2026-03-28 19:18:19.000000000,15.490300000000001
2026-03-28 19:44:10.000000000,6.058100000000003
2026-03-28 20:51:16.000000000,21.059600000000003
2026-03-28 20:06:42.000000000,19.132499999999997
2026-03-28 20:41:13.000000000,36.0795
2026-03-28 20:59:11.000000000,26.7121
2026-03-28 20:55:34.000000000,15.190799999999994
2026-03-28 20:01:18.000000000,13.827700000000004
2026-03-28 20:29:38.000000000,24.83799999999997
2026-03-28 20:50:33.000000000,40.25449999999999
2026-03-28 20:13:23.000000000,48.978399999999986
2026-03-28 20:47:54.000000000,24.704699999999985
2026-03-28 20:20:55.000000000,9.036499999999997
2026-03-28 20:17:11.000000000,9.102300000000008
2026-03-28 20:55:35.000000000,17.80680000000001
2026-03-28 20:09:21.000000000,30.69060000000002
2026-03-28 20:19:17.000000000,24.639100000000003
2026-03-28 20:23:23.000000000,11.496700000000002
2026-03-28 20:05:54.000000000,17.038599999999988
2026-03-28 21:43:43.000000000,17.3372
2026-03-28 21:08:21.000000000,21.75609999999999
2026-03-28 21:02:00.000000000,18.17539999999999
2026-03-28 21:58:32.000000000,10.568300000000004
2026-03-28 21:46:47.000000000,19.597600000000003
2026-03-28 21:04:14.000000000,24.5489
2026-03-28 21:15:17.000000000,38.98350000000002
2026-03-28 21:02:30.000000000,39.593299999999985
2026-03-28 21:28:04.000000000,9.015199999999995
2026-03-28 21:53:57.000000000,39.290100000000024
2026-03-28 21:56:24.000000000,25.90740000000001
2026-03-28 21:39:32.000000000,47.6455
2026-03-28 21:20:51.000000000,8.950200000000002
2026-03-28 21:36:14.000000000,32.721900000000026
2026-03-28 21:54:54.000000000,32.35149999999999
2026-03-28 21:14:12.000000000,9.602599999999995
2026-03-28 21:14:48.000000000,15.122500000000002
2026-03-28 21:03:06.000000000,12.998400000000009
2026-03-28 21:04:51.000000000,45.09969999999999
2026-03-28 21:13:10.000000000,13.000900000000007
2026-03-28 21:13:59.000000000,12.619499999999995
2026-03-28 21:06:09.000000000,16.217200000000005
2026-03-28 21:37:05.000000000,89.98499999999999
2026-03-28 21:41:47.000000000,14.344800000000003
2026-03-28 22:45:38.000000000,18.833400000000008
2026-03-28 22:39:18.000000000,17.942599999999985
2026-03-28 22:17:35.000000000,19.108199999999997
2026-03-28 22:57:38.000000000,30.823199999999993
2026-03-28 22:12:10.000000000,13.398600000000005
2026-03-28 22:57:10.000000000,14.239200000000006
2026-03-28 22:13:50.000000000,31.97530000000001
2026-03-28 22:04:31.000000000,43.156200000000005
2026-03-28 22:01:12.000000000,18.334800000000026
2026-03-28 22:34:36.000000000,48.03810000000001
2026-03-28 22:14:15.000000000,16.803000000000008
2026-03-28 22:29:07.000000000,12.271800000000006
2026-03-28 22:34:36.000000000,71.83869999999999
2026-03-28 22:19:14.000000000,23.55759999999999
2026-03-28 22:20:40.000000000,33.26140000000002
2026-03-28 22:39:09.000000000,17.843500000000002
2026-03-28 22:02:03.000000000,16.3104
2026-03-28 22:12:36.000000000,9.115400000000006
2026-03-28 22:58:18.000000000,25.858800000000006
2026-03-28 22:38:22.000000000,36.56860000000001
2026-03-28 22:38:41.000000000,13.991800000000005
2026-03-28 22:43:55.000000000,21.9527
2026-03-28 22:25:14.000000000,16.060999999999993
2026-03-28 22:49:20.000000000,11.569800000000011
2026-03-28 22:40:44.000000000,11.582899999999997
2026-03-28 22:43:58.000000000,12.873899999999997
2026-03-28 23:51:29.000000000,11.640700000000002
2026-03-28 23:41:57.000000000,23.856900000000007
2026-03-28 23:28:40.000000000,21.59889999999999
2026-03-28 23:58:06.000000000,63.30240000000001
2026-03-28 23:22:05.000000000,17.688500000000005
2026-03-28 23:35:19.000000000,16.008600000000005
2026-03-28 23:05:38.000000000,8.305399999999995
2026-03-28 23:09:09.000000000,39.448199999999986
2026-03-28 23:09:34.000000000,40.3438
2026-03-28 23:09:28.000000000,31.115099999999998
2026-03-28 23:13:59.000000000,20.879700000000007
2026-03-28 23:07:38.000000000,5.881500000000001
2026-03-28 23:53:35.000000000,21.334799999999994
2026-03-28 23:25:59.000000000,49.04559999999998
2026-03-28 23:01:18.000000000,35.473699999999994
2026-03-28 23:40:00.000000000,34.06780000000001
2026-03-28 23:40:45.000000000,47.490999999999985
2026-03-28 23:35:23.000000000,14.715500000000006
2026-03-28 23:00:32.000000000,54.5646
2026-03-28 23:31:44.000000000,9.027100000000004
2026-03-28 23:55:51.000000000,7.567099999999997
2026-03-28 23:39:48.000000000,13.0041
2026-03-28 23:04:59.000000000,6.041900000000003
2026-03-28 23:00:40.000000000,18.977300000000003
2026-03-29 00:22:06.000000000,19.768600000000006
2026-03-29 00:12:46.000000000,28.584600000000002
2026-03-29 00:27:36.000000000,14.237099999999996
2026-03-29 00:39:08.000000000,7.7039
2026-03-29 00:11:02.000000000,7.810200000000002
2026-03-29 00:29:40.000000000,29.568499999999993
2026-03-29 00:26:23.000000000,29.1349
2026-03-29 00:52:23.000000000,13.615600000000015
2026-03-29 00:08:41.000000000,18.593699999999988
2026-03-29 00:09:30.000000000,25.279800000000023
2026-03-29 00:02:43.000000000,8.076599999999992
2026-03-29 00:00:58.000000000,34.93810000000001
2026-03-29 00:45:27.000000000,24.90819999999998
2026-03-29 00:03:17.000000000,9.845600000000003
2026-03-29 00:22:06.000000000,10.961200000000003
2026-03-29 00:37:15.000000000,12.909799999999997
2026-03-29 00:17:07.000000000,100.91560000000003
2026-03-29 00:58:59.000000000,13.921000000000006
2026-03-29 00:19:45.000000000,14.331200000000006
2026-03-29 00:11:02.000000000,35.87789999999998
2026-03-29 00:37:38.000000000,48.92300000000001
2026-03-29 00:34:27.000000000,19.899200000000004
2026-03-29 00:44:23.000000000,40.78170000000002
2026-03-29 00:39:52.000000000,49.411799999999985
2026-03-29 01:19:21.000000000,10.969800000000003
2026-03-29 01:05:12.000000000,25.761800000000008
2026-03-29 01:57:32.000000000,5.5931000000000015
2026-03-29 01:03:36.000000000,26.170600000000015
2026-03-29 01:04:46.000000000,165.15890000000002
2026-03-29 01:20:42.000000000,11.647800000000002
2026-03-29 01:34:53.000000000,47.052299999999995
2026-03-29 01:05:02.000000000,6.653799999999997
2026-03-29 01:31:50.000000000,25.279099999999985
2026-03-29 01:57:05.000000000,16.744599999999995
2026-03-29 01:29:47.000000000,11.128599999999999
2026-03-29 01:37:27.000000000,12.3687
2026-03-29 01:11:59.000000000,24.90949999999999
2026-03-29 01:52:10.000000000,15.12160000000001
2026-03-29 01:11:50.000000000,6.9213
2026-03-29 02:39:20.000000000,27.151700000000016
2026-03-29 02:49:01.000000000,17.0006
2026-03-29 02:14:14.000000000,18.596099999999986
2026-03-29 02:00:28.000000000,33.456600000000016
2026-03-29 02:13:19.000000000,18.97680000000001
2026-03-29 02:22:41.000000000,13.056900000000008
2026-03-29 02:53:35.000000000,16.598899999999997
2026-03-29 02:53:36.000000000,28.972500000000004
2026-03-29 02:25:22.000000000,45.2547
2026-03-29 02:25:33.000000000,17.511100000000006
2026-03-29 03:08:30.000000000,46.4679
2026-03-29 03:19:27.000000000,9.145500000000007
2026-03-29 03:59:31.000000000,28.041800000000002
2026-03-29 03:05:25.000000000,8.029999999999992
2026-03-29 03:16:32.000000000,31.65840000000001
2026-03-29 03:42:26.000000000,32.21209999999998
2026-03-29 03:41:05.000000000,11.192200000000003
2026-03-29 03:01:13.000000000,10.542000000000005
2026-03-29 03:54:02.000000000,98.0345
2026-03-29 04:14:37.000000000,20.190299999999997
2026-03-29 04:31:45.000000000,34.6881
2026-03-29 04:31:22.000000000,28.088399999999996
2026-03-29 04:25:32.000000000,13.312800000000003
2026-03-29 04:20:47.000000000,20.410699999999984
2026-03-29 04:33:08.000000000,20.616499999999988
2026-03-29 04:48:50.000000000,15.978799999999984
2026-03-29 04:08:36.000000000,21.87809999999999
2026-03-29 04:07:14.000000000,51.17770000000002
2026-03-29 04:35:45.000000000,46.45880000000001
2026-03-29 04:58:24.000000000,23.253800000000005
2026-03-29 04:31:48.000000000,15.172299999999982
2026-03-29 04:16:56.000000000,17.674800000000005
2026-03-29 04:40:14.000000000,34.73319999999998
2026-03-29 05:29:19.000000000,6.9626999999999954
2026-03-29 05:03:16.000000000,130.1936
2026-03-29 05:58:30.000000000,36.32989999999999
2026-03-29 05:20:26.000000000,26.52540000000001
2026-03-29 06:20:51.000000000,28.596600000000013
2026-03-29 06:51:54.000000000,53.98190000000003
2026-03-29 06:31:22.000000000,15.957699999999983
2026-03-29 06:56:02.000000000,20.798399999999972
2026-03-29 06:27:33.000000000,11.8249
2026-03-29 06:34:20.000000000,17.506800000000005
2026-03-29 06:03:08.000000000,39.15829999999998
2026-03-29 07:27:32.000000000,20.810599999999987
2026-03-29 07:04:31.000000000,39.986499999999985
2026-03-29 07:25:41.000000000,15.100900000000008
2026-03-29 07:10:24.000000000,10.889700000000003
2026-03-29 07:57:39.000000000,34.272499999999994
2026-03-29 08:45:21.000000000,30.57190000000001
2026-03-29 08:01:05.000000000,37.6539
2026-03-29 08:37:21.000000000,14.888500000000008
2026-03-29 08:23:17.000000000,9.9483
2026-03-29 08:42:58.000000000,14.117499999999998
2026-03-29 08:45:23.000000000,22.73949999999999
2026-03-29 08:04:50.000000000,22.2225
2026-03-29 08:39:10.000000000,217.00959999999998
2026-03-29 09:56:42.000000000,10.974000000000006
2026-03-29 09:52:18.000000000,16.226399999999998
2026-03-29 09:48:23.000000000,24.886199999999985
2026-03-29 09:40:18.000000000,12.340299999999992
2026-03-29 09:44:22.000000000,6.436099999999994
2026-03-29 09:01:52.000000000,6.051400000000005
2026-03-29 09:58:25.000000000,14.317699999999995
2026-03-29 09:49:16.000000000,10.681300000000007
2026-03-29 09:53:34.000000000,21.743599999999997
2026-03-29 09:24:01.000000000,6.975400000000002
2026-03-29 10:07:55.000000000,9.909500000000003
2026-03-29 10:08:19.000000000,23.43429999999999
2026-03-29 10:55:01.000000000,103.00739999999998
2026-03-29 10:49:37.000000000,7.967800000000003
2026-03-29 10:47:42.000000000,31.796699999999987
2026-03-29 10:25:52.000000000,12.005299999999995
2026-03-29 10:53:47.000000000,21.537500000000005
2026-03-29 10:56:05.000000000,8.903500000000001
2026-03-29 10:21:57.000000000,10.147499999999999
2026-03-29 10:10:15.000000000,9.437800000000006
2026-03-29 10:32:54.000000000,15.86580000000001
2026-03-29 10:49:44.000000000,11.591800000000001
2026-03-29 10:25:54.000000000,13.56800000000001
2026-03-29 10:50:19.000000000,21.174199999999995
2026-03-29 10:16:18.000000000,26.589700000000015
2026-03-29 10:43:15.000000000,8.789400000000008
2026-03-29 11:38:40.000000000,27.477700000000016
2026-03-29 11:02:59.000000000,28.433099999999996
2026-03-29 11:05:24.000000000,15.386000000000015
2026-03-29 11:28:49.000000000,24.158500000000007
2026-03-29 11:10:29.000000000,25.790699999999987
2026-03-29 11:59:05.000000000,16.51310000000002
2026-03-29 11:58:21.000000000,31.318
2026-03-29 11:15:14.000000000,22.780100000000008
2026-03-29 11:57:21.000000000,17.7287
2026-03-29 11:14:39.000000000,31.541099999999993
2026-03-29 11:37:23.000000000,44.724299999999985
2026-03-29 11:17:48.000000000,14.413799999999988
2026-03-29 11:47:39.000000000,61.145700000000005
2026-03-29 11:20:04.000000000,8.026999999999996
2026-03-29 12:49:15.000000000,28.132299999999997
2026-03-29 12:27:54.000000000,12.015999999999998
2026-03-29 12:43:31.000000000,14.061900000000001
2026-03-29 12:23:08.000000000,11.510199999999998
2026-03-29 12:37:39.000000000,32.87860000000001
2026-03-29 12:31:54.000000000,26.603600000000007
2026-03-29 12:01:39.000000000,58.80529999999998
2026-03-29 12:33:17.000000000,32.24700000000001
2026-03-29 12:27:51.000000000,79.88699999999996
2026-03-29 12:25:29.000000000,18.145000000000024
2026-03-29 12:23:53.000000000,10.908400000000006
2026-03-29 12:35:20.000000000,8.982199999999995
2026-03-29 12:42:05.000000000,6.575199999999998
2026-03-29 12:18:50.000000000,11.631500000000006
2026-03-29 13:04:23.000000000,30.539400000000004
2026-03-29 13:46:28.000000000,13.695500000000004
2026-03-29 13:40:26.000000000,7.9316999999999975
2026-03-29 13:10:58.000000000,11.089899999999995
2026-03-29 13:04:04.000000000,70.33279999999999
2026-03-29 13:59:44.000000000,15.2568
2026-03-29 13:03:27.000000000,11.676200000000001
2026-03-29 13:52:17.000000000,28.792200000000012
2026-03-29 13:31:23.000000000,11.220100000000002
2026-03-29 13:39:04.000000000,10.484900000000007
2026-03-29 13:36:21.000000000,11.626399999999995
2026-03-29 13:44:10.000000000,26.0176
2026-03-29 13:29:00.000000000,8.0755
2026-03-29 13:49:55.000000000,24.832300000000014
2026-03-29 13:55:43.000000000,36.87469999999999
2026-03-29 13:00:30.000000000,29.5262
2026-03-29 14:03:39.000000000,40.1747
2026-03-29 14:02:22.000000000,58.80039999999998
2026-03-29 14:35:04.000000000,20.9546
2026-03-29 14:08:44.000000000,11.543499999999996
2026-03-29 14:54:56.000000000,14.1077
2026-03-29 14:48:43.000000000,39.1876
2026-03-29 14:41:54.000000000,7.660500000000001
2026-03-29 14:30:33.000000000,9.041599999999994
2026-03-29 14:45:55.000000000,15.8452
2026-03-29 14:57:32.000000000,17.371699999999997
2026-03-29 14:19:01.000000000,110.88749999999999
2026-03-29 14:33:56.000000000,79.60829999999991
2026-03-29 14:35:20.000000000,38.47209999999998
2026-03-29 14:33:49.000000000,45.20939999999999
2026-03-29 14:52:16.000000000,20.55580000000001
2026-03-29 15:48:40.000000000,14.28579999999999
2026-03-29 15:00:13.000000000,16.548700000000018
2026-03-29 15:00:12.000000000,7.667600000000004
2026-03-29 15:36:00.000000000,25.657600000000002
2026-03-29 15:25:59.000000000,11.385100000000008
2026-03-29 15:16:10.000000000,18.039399999999997
2026-03-29 15:11:41.000000000,8.183700000000002
2026-03-29 15:52:06.000000000,11.2248
2026-03-29 15:46:16.000000000,27.90299999999999
2026-03-29 15:24:23.000000000,9.254099999999998
2026-03-29 15:24:16.000000000,26.191300000000002
2026-03-29 15:29:27.000000000,65.7222
2026-03-29 15:37:38.000000000,16.844200000000004
2026-03-29 15:57:22.000000000,21.515000000000008
2026-03-29 16:15:56.000000000,21.8412
2026-03-29 16:05:38.000000000,8.329399999999993
2026-03-29 16:52:42.000000000,36.4565
2026-03-29 16:37:41.000000000,6.684300000000002
2026-03-29 16:26:17.000000000,20.374199999999984
2026-03-29 16:28:51.000000000,21.7443
2026-03-29 16:05:18.000000000,10.5949
2026-03-29 16:44:29.000000000,60.43070000000001
2026-03-29 16:53:17.000000000,49.1749
2026-03-29 16:43:24.000000000,8.907000000000004
2026-03-29 16:36:10.000000000,27.419700000000002
2026-03-29 17:13:40.000000000,37.6313
2026-03-29 17:29:57.000000000,13.558600000000006
2026-03-29 17:23:21.000000000,31.258400000000005
2026-03-29 17:43:00.000000000,14.565299999999995
2026-03-29 17:08:54.000000000,9.512500000000003
2026-03-29 17:15:17.000000000,25.908099999999994
2026-03-29 17:14:32.000000000,57.8601
2026-03-29 17:09:27.000000000,11.260299999999997
2026-03-29 17:47:10.000000000,32.677000000000014
2026-03-29 17:35:55.000000000,15.347300000000002
2026-03-29 17:10:03.000000000,24.375199999999992
2026-03-29 17:30:40.000000000,43.31840000000001
2026-03-29 17:54:35.000000000,40.61080000000002
2026-03-29 17:51:23.000000000,16.19790000000001
2026-03-29 17:46:05.000000000,11.308100000000007
2026-03-29 17:30:05.000000000,50.54499999999999
2026-03-29 17:46:00.000000000,15.55199999999999
2026-03-29 17:47:29.000000000,17.5745
2026-03-29 17:52:08.000000000,11.214400000000001
2026-03-29 17:17:44.000000000,13.689799999999986
2026-03-29 18:36:57.000000000,23.714699999999983
2026-03-29 18:26:52.000000000,42.423199999999994
2026-03-29 18:44:22.000000000,17.494699999999995
2026-03-29 18:40:51.000000000,21.867599999999996
2026-03-29 18:36:29.000000000,11.522600000000006
2026-03-29 18:10:33.000000000,28.47919999999998
2026-03-29 18:54:45.000000000,17.616899999999998
2026-03-29 18:10:13.000000000,63.48609999999999
2026-03-29 18:02:16.000000000,13.308499999999997
2026-03-29 18:55:32.000000000,19.034299999999998
2026-03-29 18:34:11.000000000,11.940800000000008
2026-03-29 18:43:56.000000000,20.92330000000001
2026-03-29 18:01:50.000000000,28.384900000000002
2026-03-29 18:13:22.000000000,10.451899999999998
2026-03-29 18:54:49.000000000,5.810800000000003
2026-03-29 18:59:31.000000000,19.52480000000001
2026-03-29 18:12:48.000000000,32.18420000000001
2026-03-29 18:48:33.000000000,33.02239999999999
2026-03-29 18:59:23.000000000,19.693100000000005
2026-03-29 19:54:07.000000000,16.8805
2026-03-29 19:18:11.000000000,31.897800000000004
2026-03-29 19:11:37.000000000,8.6647
2026-03-29 19:30:30.000000000,36.37909999999999
2026-03-29 19:30:45.000000000,17.339899999999997
2026-03-29 19:29:02.000000000,8.214100000000002
2026-03-29 19:19:05.000000000,11.705400000000012
2026-03-29 19:25:17.000000000,24.892599999999995
2026-03-29 19:37:37.000000000,24.458600000000004
2026-03-29 19:35:58.000000000,25.683399999999995
2026-03-29 19:10:41.000000000,28.94020000000002
2026-03-29 19:17:49.000000000,50.93219999999999
2026-03-29 19:53:15.000000000,8.425299999999988
2026-03-29 19:34:39.000000000,8.1333
2026-03-29 19:42:21.000000000,16.0063
2026-03-29 19:42:31.000000000,22.248700000000007
2026-03-29 19:18:04.000000000,16.466199999999997
2026-03-29 19:18:46.000000000,32.14149999999999
2026-03-29 19:41:16.000000000,5.9445
2026-03-29 20:46:54.000000000,23.180199999999992
2026-03-29 20:26:18.000000000,11.798100000000002
2026-03-29 20:11:23.000000000,9.69290000000001
2026-03-29 20:56:02.000000000,43.91000000000002
2026-03-29 20:24:54.000000000,25.585300000000004
2026-03-29 20:21:16.000000000,20.357799999999997
2026-03-29 20:04:08.000000000,19.8184
2026-03-29 20:26:03.000000000,9.445400000000001
2026-03-29 20:47:00.000000000,30.078199999999974
2026-03-29 20:03:20.000000000,15.559000000000001
2026-03-29 20:21:54.000000000,16.616
2026-03-29 20:37:38.000000000,17.065499999999986
2026-03-29 20:01:53.000000000,25.534299999999984
2026-03-29 21:43:46.000000000,12.626899999999988
2026-03-29 21:23:23.000000000,13.594799999999994
2026-03-29 21:02:11.000000000,29.47350000000001
2026-03-29 21:22:08.000000000,59.30109999999999
2026-03-29 21:32:58.000000000,31.54410000000002
2026-03-29 21:34:42.000000000,14.665700000000005
2026-03-29 21:34:29.000000000,28.1825
2026-03-29 21:41:15.000000000,51.81880000000001
2026-03-29 21:28:47.000000000,26.447299999999995
2026-03-29 21:13:28.000000000,45.5149
2026-03-29 21:14:42.000000000,12.058999999999994
2026-03-29 21:42:48.000000000,10.70250000000001
2026-03-29 21:52:39.000000000,20.48439999999999
2026-03-29 21:38:54.000000000,50.7142
2026-03-29 21:40:13.000000000,28.275900000000014
2026-03-29 22:44:11.000000000,7.850599999999997
2026-03-29 22:29:32.000000000,15.709499999999984
2026-03-29 22:43:08.000000000,20.676399999999997
2026-03-29 22:34:04.000000000,22.961999999999975
2026-03-29 22:07:49.000000000,36.8001
2026-03-29 22:18:18.000000000,16.905100000000015
2026-03-29 22:23:01.000000000,29.65319999999999
2026-03-29 22:38:54.000000000,5.952999999999999
2026-03-29 22:33:39.000000000,12.447499999999991
2026-03-29 22:29:07.000000000,18.0992
2026-03-29 22:21:54.000000000,24.3186
2026-03-29 22:10:41.000000000,25.9085
2026-03-29 22:35:32.000000000,21.859000000000005
2026-03-29 22:21:21.000000000,24.508800000000015
2026-03-29 23:42:20.000000000,10.637500000000003
2026-03-29 23:50:07.000000000,16.05199999999999
2026-03-29 23:03:40.000000000,30.348300000000016
2026-03-29 23:47:31.000000000,68.08789999999995
2026-03-29 23:29:00.000000000,18.695800000000002
2026-03-29 23:07:53.000000000,14.33130000000001
2026-03-29 23:53:29.000000000,15.0394
2026-03-29 23:09:10.000000000,37.72829999999996
2026-03-29 23:33:06.000000000,18.56609999999999
2026-03-29 23:10:07.000000000,14.114299999999998
2026-03-29 23:20:12.000000000,7.374999999999993
2026-03-29 23:03:35.000000000,62.036700000000025
2026-03-29 23:22:58.000000000,54.65559999999996
2026-03-29 23:52:36.000000000,7.177800000000002
2026-03-29 23:05:56.000000000,11.877400000000012
2026-03-30 00:15:20.000000000,19.762800000000016
2026-03-30 00:20:32.000000000,17.913500000000028
2026-03-30 00:54:22.000000000,41.0595
2026-03-30 00:07:32.000000000,34.73259999999998
2026-03-30 00:28:08.000000000,8.517299999999995
2026-03-30 00:20:59.000000000,22.114399999999993
2026-03-30 00:19:01.000000000,15.690700000000009
2026-03-30 01:33:36.000000000,8.028699999999997
2026-03-30 01:44:25.000000000,6.173800000000004
2026-03-30 01:37:00.000000000,5.728100000000001
2026-03-30 01:02:40.000000000,39.20989999999997
2026-03-30 02:37:00.000000000,17.074199999999983
2026-03-30 02:47:37.000000000,43.94750000000001
2026-03-30 02:14:21.000000000,60.69800000000003
2026-03-30 02:54:51.000000000,31.863499999999995
2026-03-30 03:38:29.000000000,19.577700000000007
2026-03-30 03:49:49.000000000,58.85460000000002
2026-03-30 03:23:24.000000000,36.70770000000002
2026-03-30 04:18:33.000000000,29.918599999999998
2026-03-30 04:40:46.000000000,8.580499999999999
2026-03-30 05:30:25.000000000,35.67510000000001
2026-03-30 05:21:43.000000000,17.867300000000014
2026-03-30 05:33:03.000000000,12.763899999999992
2026-03-30 05:59:27.000000000,22.7634
2026-03-30 05:01:52.000000000,11.904900000000005
2026-03-30 05:49:16.000000000,65.0287
2026-03-30 05:13:23.000000000,8.994900000000001
2026-03-30 05:06:20.000000000,39.62279999999996
2026-03-30 05:28:22.000000000,136.6651
2026-03-30 06:19:12.000000000,29.516000000000005
2026-03-30 06:59:13.000000000,65.22850000000004
2026-03-30 06:31:53.000000000,34.255300000000005
2026-03-30 06:28:11.000000000,11.156100000000002
2026-03-30 06:44:57.000000000,10.008999999999997
2026-03-30 06:19:27.000000000,16.347500000000004
2026-03-30 06:16:41.000000000,76.60180000000003
2026-03-30 06:38:08.000000000,12.700999999999992
2026-03-30 06:18:30.000000000,48.012100000000004
2026-03-30 06:35:02.000000000,25.02230000000001
2026-03-30 06:26:03.000000000,58.61779999999999
2026-03-30 07:40:39.000000000,20.636599999999984
2026-03-30 07:52:17.000000000,11.546199999999999
2026-03-30 07:46:30.000000000,48.26279999999999
2026-03-30 07:02:42.000000000,33.27449999999999
2026-03-30 07:18:20.000000000,28.206399999999984
2026-03-30 07:32:58.000000000,15.018100000000004
2026-03-30 07:03:18.000000000,18.25170000000003
2026-03-30 07:02:27.000000000,23.088900000000002
2026-03-30 07:48:28.000000000,29.13129999999999
2026-03-30 07:13:27.000000000,105.1063
2026-03-30 07:42:46.000000000,17.405200000000008
2026-03-30 07:03:48.000000000,28.243599999999994
2026-03-30 07:40:24.000000000,47.450099999999985
2026-03-30 07:57:25.000000000,32.072700000000005
2026-03-30 07:37:55.000000000,15.783499999999997
2026-03-30 08:44:14.000000000,12.523500000000011
2026-03-30 08:48:54.000000000,21.882299999999997
2026-03-30 08:30:41.000000000,11.546999999999999
2026-03-30 08:48:32.000000000,13.476399999999982
2026-03-30 08:54:03.000000000,40.7685
2026-03-30 08:20:20.000000000,14.358399999999993
2026-03-30 08:04:05.000000000,47.47839999999999
2026-03-30 08:11:47.000000000,15.248500000000009
2026-03-30 08:06:31.000000000,21.87859999999999
2026-03-30 08:17:03.000000000,26.055100000000003
2026-03-30 08:22:40.000000000,40.6575
2026-03-30 08:39:09.000000000,31.530599999999982
2026-03-30 08:28:00.000000000,37.22509999999999
2026-03-30 08:12:58.000000000,23.646999999999988
2026-03-30 08:01:49.000000000,42.28440000000001
2026-03-30 08:03:50.000000000,11.7645
2026-03-30 08:51:30.000000000,26.5775
2026-03-30 08:27:42.000000000,13.6731
2026-03-30 08:54:03.000000000,9.246600000000008
2026-03-30 08:27:30.000000000,18.31130000000002
2026-03-30 08:51:56.000000000,21.248900000000003
2026-03-30 09:06:04.000000000,10.278900000000004
2026-03-30 09:35:10.000000000,12.061800000000005
2026-03-30 09:42:45.000000000,8.995600000000001
2026-03-30 09:44:40.000000000,32.69919999999997
2026-03-30 09:42:32.000000000,19.562400000000007
2026-03-30 09:42:59.000000000,48.41949999999999
2026-03-30 09:41:37.000000000,16.398400000000006
2026-03-30 09:39:36.000000000,53.54739999999999
2026-03-30 09:39:31.000000000,10.151700000000002
2026-03-30 09:50:46.000000000,24.790499999999987
2026-03-30 09:29:48.000000000,26.8649
2026-03-30 09:01:36.000000000,5.900400000000001
2026-03-30 09:46:05.000000000,32.1528
2026-03-30 09:01:23.000000000,13.190199999999999
2026-03-30 09:33:41.000000000,17.205499999999986
2026-03-30 10:21:58.000000000,10.607900000000008
2026-03-30 10:13:47.000000000,22.65879999999999
2026-03-30 10:57:34.000000000,15.040299999999997
2026-03-30 10:14:20.000000000,8.72709999999999
2026-03-30 10:12:41.000000000,28.927599999999998
2026-03-30 10:34:56.000000000,47.370200000000025
2026-03-30 10:37:19.000000000,49.48319999999999
2026-03-30 10:52:36.000000000,26.664500000000007
2026-03-30 10:49:40.000000000,53.85999999999999
2026-03-30 10:49:20.000000000,33.65579999999998
2026-03-30 10:59:16.000000000,42.0204
2026-03-30 10:53:51.000000000,39.939299999999996
2026-03-30 10:25:10.000000000,85.51080000000002
2026-03-30 10:50:28.000000000,13.829300000000007
2026-03-30 10:22:56.000000000,24.09959999999999
2026-03-30 10:30:34.000000000,17.671900000000008
2026-03-30 11:45:38.000000000,28.203000000000003
2026-03-30 11:48:05.000000000,19.748900000000017
2026-03-30 11:41:49.000000000,15.487300000000005
2026-03-30 11:04:50.000000000,48.838799999999985
2026-03-30 11:16:56.000000000,32.93639999999999
2026-03-30 11:26:33.000000000,9.2061
2026-03-30 11:25:37.000000000,52.49509999999999
2026-03-30 11:16:29.000000000,40.45009999999997
2026-03-30 11:48:36.000000000,65.58669999999996
2026-03-30 11:24:12.000000000,50.09899999999996
2026-03-30 11:43:09.000000000,16.697700000000005
2026-03-30 11:51:41.000000000,79.6902999999999
2026-03-30 11:41:18.000000000,11.827800000000009
2026-03-30 11:31:06.000000000,30.516499999999994
2026-03-30 11:13:58.000000000,63.5666
2026-03-30 11:53:40.000000000,9.714000000000008
2026-03-30 12:05:25.000000000,16.3497
2026-03-30 12:54:54.000000000,11.667300000000001
2026-03-30 12:34:04.000000000,17.52609999999999
2026-03-30 12:33:11.000000000,7.166199999999993
2026-03-30 12:21:14.000000000,18.201999999999995
2026-03-30 12:08:48.000000000,18.292599999999997
2026-03-30 12:22:11.000000000,54.0062
2026-03-30 12:41:33.000000000,7.444800000000004
2026-03-30 12:57:50.000000000,16.711199999999995
2026-03-30 12:45:24.000000000,24.97459999999999
2026-03-30 12:00:48.000000000,36.673099999999984
2026-03-30 12:54:21.000000000,30.52679999999998
2026-03-30 12:14:08.000000000,9.699800000000003
2026-03-30 12:09:10.000000000,13.284500000000001
2026-03-30 13:47:18.000000000,96.73000000000003
2026-03-30 13:59:53.000000000,22.460499999999993
2026-03-30 13:59:12.000000000,15.874200000000009
2026-03-30 13:04:39.000000000,19.219
2026-03-30 13:59:39.000000000,44.46800000000001
2026-03-30 13:58:24.000000000,22.29800000000003
2026-03-30 13:02:55.000000000,33.042099999999984
2026-03-30 13:05:39.000000000,10.961700000000002
2026-03-30 13:24:07.000000000,16.012
2026-03-30 13:17:16.000000000,23.600800000000003
2026-03-30 13:13:20.000000000,84.65519999999991
2026-03-30 13:17:39.000000000,11.580199999999992
2026-03-30 14:32:40.000000000,19.138499999999993
2026-03-30 14:27:06.000000000,14.797699999999985
2026-03-30 14:35:48.000000000,12.995599999999989
2026-03-30 14:47:27.000000000,55.59780000000003
2026-03-30 14:31:09.000000000,11.934500000000005
2026-03-30 14:25:38.000000000,13.817500000000004
2026-03-30 14:40:26.000000000,26.451799999999995
2026-03-30 14:40:49.000000000,20.018299999999996
2026-03-30 14:34:11.000000000,17.133199999999984
2026-03-30 14:44:05.000000000,16.045299999999994
2026-03-30 15:32:06.000000000,8.01239999999999
2026-03-30 15:12:42.000000000,6.992000000000001
2026-03-30 15:31:21.000000000,39.12069999999998
2026-03-30 15:57:25.000000000,15.060900000000009
2026-03-30 15:09:57.000000000,27.54779999999999
2026-03-30 15:41:10.000000000,9.577800000000003
2026-03-30 15:01:13.000000000,27.81969999999999
2026-03-30 15:49:34.000000000,26.037500000000005
2026-03-30 15:43:43.000000000,7.491399999999994
2026-03-30 15:19:04.000000000,20.9009
2026-03-30 15:51:16.000000000,83.6779
2026-03-30 15:54:57.000000000,9.2036
2026-03-30 15:49:36.000000000,17.705400000000008
2026-03-30 15:58:35.000000000,14.197300000000002
2026-03-30 16:16:23.000000000,22.970100000000016
2026-03-30 16:52:35.000000000,23.525199999999995
2026-03-30 16:57:12.000000000,17.686400000000006
2026-03-30 16:04:05.000000000,8.894899999999998
2026-03-30 16:28:02.000000000,28.279899999999994
2026-03-30 16:49:39.000000000,17.308800000000016
2026-03-30 16:16:54.000000000,10.177599999999996
2026-03-30 16:28:19.000000000,6.229200000000007
2026-03-30 16:14:35.000000000,9.730700000000002
2026-03-30 16:01:24.000000000,15.055600000000016
2026-03-30 16:38:30.000000000,25.857599999999994
2026-03-30 16:02:51.000000000,75.41450000000002
2026-03-30 16:50:07.000000000,7.4409
2026-03-30 16:15:01.000000000,20.724099999999986
2026-03-30 16:26:41.000000000,24.143100000000008
2026-03-30 17:09:08.000000000,20.3942
2026-03-30 17:00:24.000000000,17.398399999999995
2026-03-30 17:07:34.000000000,14.250000000000014
2026-03-30 17:36:36.000000000,6.517699999999999
2026-03-30 17:49:49.000000000,9.714799999999995
2026-03-30 17:24:45.000000000,35.60239999999998
2026-03-30 17:26:56.000000000,58.522300000000016
2026-03-30 17:32:29.000000000,13.48799999999999
2026-03-30 17:55:38.000000000,11.932600000000003
2026-03-30 17:49:51.000000000,9.067300000000003
2026-03-30 17:13:36.000000000,37.70990000000002
2026-03-30 17:51:18.000000000,21.76469999999999
2026-03-30 17:54:27.000000000,8.309000000000001
2026-03-30 17:14:21.000000000,12.439900000000002
2026-03-30 17:07:32.000000000,38.31989999999999
2026-03-30 17:08:08.000000000,47.75220000000001
2026-03-30 18:25:58.000000000,23.096200000000007
2026-03-30 18:24:15.000000000,18.423700000000004
2026-03-30 18:42:29.000000000,56.32619999999998
2026-03-30 18:29:36.000000000,25.48639999999999
2026-03-30 18:31:52.000000000,22.73100000000001
2026-03-30 18:15:12.000000000,13.457800000000002
2026-03-30 18:06:57.000000000,33.71
2026-03-30 18:54:29.000000000,31.132600000000007
2026-03-30 18:17:26.000000000,15.992000000000004
2026-03-30 18:03:03.000000000,24.828399999999977
2026-03-30 18:31:30.000000000,38.4858
2026-03-30 18:42:12.000000000,21.070300000000003
2026-03-30 18:12:31.000000000,48.81210000000003
2026-03-30 18:41:21.000000000,7.912299999999991
2026-03-30 18:33:10.000000000,13.757100000000012
2026-03-30 18:51:30.000000000,15.325699999999985
2026-03-30 18:37:54.000000000,13.860300000000002
2026-03-30 18:22:39.000000000,82.68129999999998
2026-03-30 18:34:31.000000000,43.18200000000001
2026-03-30 18:12:44.000000000,6.888499999999996
2026-03-30 19:23:25.000000000,32.8369
2026-03-30 19:39:04.000000000,7.656299999999999
2026-03-30 19:52:40.000000000,11.725700000000002
2026-03-30 19:02:21.000000000,23.256699999999974
2026-03-30 19:20:06.000000000,7.012199999999998
2026-03-30 19:33:37.000000000,26.8043
2026-03-30 19:20:13.000000000,53.195699999999995
2026-03-30 19:10:19.000000000,17.7716
2026-03-30 19:36:52.000000000,16.109999999999996
2026-03-30 19:41:54.000000000,23.183299999999985
2026-03-30 19:51:39.000000000,11.718599999999997
2026-03-30 19:55:45.000000000,21.11
2026-03-30 19:32:53.000000000,13.395199999999997
2026-03-30 19:24:45.000000000,45.63780000000003
2026-03-30 19:30:29.000000000,8.109500000000004
2026-03-30 19:17:57.000000000,25.666000000000004
2026-03-30 20:15:12.000000000,8.159100000000002
2026-03-30 20:47:12.000000000,27.26590000000001
2026-03-30 20:34:37.000000000,54.459700000000005
2026-03-30 20:49:22.000000000,9.868600000000004
2026-03-30 20:53:04.000000000,14.244099999999996
2026-03-30 20:54:32.000000000,9.214300000000003
2026-03-30 20:04:11.000000000,56.059000000000026
2026-03-30 20:46:22.000000000,13.973800000000008
2026-03-30 20:44:51.000000000,21.757500000000007
2026-03-30 20:49:01.000000000,11.698099999999997
2026-03-30 20:55:33.000000000,19.951
2026-03-30 20:35:46.000000000,9.274999999999991
2026-03-30 20:39:01.000000000,8.876500000000005
2026-03-30 20:07:24.000000000,6.009599999999997
2026-03-30 20:20:28.000000000,9.311900000000003
2026-03-30 21:36:33.000000000,19.96930000000002
2026-03-30 21:08:13.000000000,11.437800000000008
2026-03-30 21:42:09.000000000,15.227500000000004
2026-03-30 21:32:18.000000000,19.116999999999972
2026-03-30 21:29:08.000000000,17.784400000000016
2026-03-30 21:06:47.000000000,17.147599999999986
2026-03-30 21:35:27.000000000,47.17709999999999
2026-03-30 21:02:41.000000000,30.1017
2026-03-30 21:52:41.000000000,13.536200000000015
2026-03-30 21:21:40.000000000,15.5623
2026-03-30 22:49:09.000000000,48.36199999999995
2026-03-30 22:23:39.000000000,20.556799999999985
2026-03-30 22:03:18.000000000,159.77739999999997
2026-03-30 22:37:00.000000000,7.660900000000001
2026-03-30 22:49:29.000000000,21.332300000000004
2026-03-30 22:59:04.000000000,44.84669999999996
2026-03-30 22:36:56.000000000,28.913899999999998
2026-03-30 22:54:01.000000000,31.225599999999964
2026-03-30 22:14:40.000000000,19.650900000000018
2026-03-30 22:25:02.000000000,8.186400000000003
2026-03-30 22:55:22.000000000,27.603700000000003
2026-03-30 23:10:12.000000000,52.3144
2026-03-30 23:54:05.000000000,11.56540000000001
2026-03-30 23:04:37.000000000,17.214400000000015
2026-03-30 23:05:23.000000000,98.24760000000002
2026-03-30 23:30:08.000000000,28.653200000000012
2026-03-30 23:01:01.000000000,33.633700000000005
2026-03-30 23:34:11.000000000,39.0777
2026-03-30 23:03:41.000000000,11.490100000000007
2026-03-30 23:33:02.000000000,28.7646
2026-03-30 23:01:59.000000000,55.345700000000015
2026-03-30 23:46:33.000000000,9.010699999999991
2026-03-31 00:04:51.000000000,44.70339999999998
2026-03-31 00:51:52.000000000,23.49349999999999
2026-03-31 00:39:27.000000000,26.663199999999996
2026-03-31 00:41:41.000000000,18.144600000000004
2026-03-31 00:05:19.000000000,56.588
2026-03-31 00:02:37.000000000,27.5229
2026-03-31 00:06:42.000000000,8.291099999999997
2026-03-31 00:58:42.000000000,79.54460000000003
2026-03-31 01:40:03.000000000,16.4762
2026-03-31 01:30:23.000000000,17.903500000000022
2026-03-31 01:07:04.000000000,70.73799999999997
2026-03-31 01:08:37.000000000,28.305500000000002
2026-03-31 02:46:52.000000000,13.623100000000015
2026-03-31 02:47:56.000000000,23.848999999999986
2026-03-31 03:24:25.000000000,28.29539999999999
2026-03-31 03:49:56.000000000,16.714499999999987
2026-03-31 05:40:08.000000000,11.670700000000005
2026-03-31 05:06:03.000000000,15.21490000000001
2026-03-31 05:13:35.000000000,8.843700000000002
2026-03-31 05:02:59.000000000,8.990900000000002
2026-03-31 05:00:19.000000000,104.71859999999991
2026-03-31 05:22:44.000000000,60.089500000000015
2026-03-31 05:44:08.000000000,23.36569999999999
2026-03-31 05:57:10.000000000,25.460499999999993
2026-03-31 05:25:02.000000000,26.296799999999998
2026-03-31 06:52:23.000000000,8.214299999999986
2026-03-31 06:54:10.000000000,8.692699999999995
2026-03-31 06:37:33.000000000,29.640499999999996
2026-03-31 06:23:57.000000000,27.421700000000005
2026-03-31 06:36:01.000000000,28.871799999999986
2026-03-31 06:49:50.000000000,8.05399999999999
2026-03-31 06:00:20.000000000,15.74710000000001
2026-03-31 06:18:19.000000000,51.38389999999997
2026-03-31 06:56:21.000000000,6.267700000000003
2026-03-31 06:17:37.000000000,32.48190000000002
2026-03-31 06:42:54.000000000,8.025599999999994
2026-03-31 06:37:17.000000000,17.7397
2026-03-31 06:12:28.000000000,35.018099999999976
2026-03-31 06:58:32.000000000,49.884499999999996
2026-03-31 07:50:22.000000000,8.128499999999999
2026-03-31 07:05:22.000000000,17.59210000000001
2026-03-31 07:17:26.000000000,17.347499999999982
2026-03-31 07:23:23.000000000,17.26039999999999
2026-03-31 07:28:55.000000000,144.2053000000001
2026-03-31 07:05:49.000000000,17.897299999999994
2026-03-31 07:18:27.000000000,39.33389999999999
2026-03-31 07:40:21.000000000,10.702999999999992
2026-03-31 07:28:15.000000000,9.572499999999994
2026-03-31 07:34:07.000000000,41.699399999999976
2026-03-31 07:27:14.000000000,17.6924
2026-03-31 07:51:00.000000000,18.29490000000002
2026-03-31 07:15:21.000000000,15.824800000000005
2026-03-31 07:53:37.000000000,37.11229999999999
2026-03-31 07:45:28.000000000,17.615499999999994
2026-03-31 07:01:22.000000000,17.443699999999993
2026-03-31 07:44:56.000000000,10.840200000000003
2026-03-31 07:14:51.000000000,25.301699999999997
2026-03-31 07:44:56.000000000,13.066999999999997
2026-03-31 07:47:47.000000000,10.9991
2026-03-31 07:14:52.000000000,11.069600000000003
2026-03-31 08:38:52.000000000,19.37410000000001
2026-03-31 08:05:50.000000000,7.993799999999996
2026-03-31 08:21:18.000000000,7.042099999999998
2026-03-31 08:29:10.000000000,21.66250000000001
2026-03-31 08:17:58.000000000,25.557700000000015
2026-03-31 08:44:19.000000000,48.13920000000001
2026-03-31 08:21:23.000000000,50.66340000000001
2026-03-31 08:52:32.000000000,18.841799999999992
2026-03-31 08:26:31.000000000,10.056900000000002
2026-03-31 08:58:57.000000000,17.186799999999995
2026-03-31 08:07:02.000000000,13.175099999999988
2026-03-31 08:59:32.000000000,32.87899999999999
2026-03-31 08:35:50.000000000,7.892300000000002
2026-03-31 08:11:45.000000000,34.42940000000001
2026-03-31 08:54:23.000000000,8.025200000000005
2026-03-31 08:00:53.000000000,10.850900000000006
2026-03-31 08:34:33.000000000,12.522299999999989
2026-03-31 08:07:38.000000000,11.316600000000003
2026-03-31 08:06:27.000000000,10.366600000000004
2026-03-31 09:01:27.000000000,9.129700000000003
2026-03-31 09:16:37.000000000,6.921500000000001
2026-03-31 09:57:31.000000000,74.04949999999994
2026-03-31 09:10:48.000000000,17.819300000000005
2026-03-31 09:53:56.000000000,6.483399999999997
2026-03-31 09:04:55.000000000,13.651900000000007
2026-03-31 09:59:31.000000000,7.99039999999999
2026-03-31 09:32:22.000000000,26.28760000000001
2026-03-31 09:42:10.000000000,25.874499999999998
2026-03-31 09:00:37.000000000,14.496799999999993
2026-03-31 09:07:51.000000000,31.523099999999967
2026-03-31 09:06:35.000000000,39.086099999999995
2026-03-31 09:58:59.000000000,39.65360000000001
2026-03-31 09:59:31.000000000,51.760900000000014
2026-03-31 09:57:22.000000000,25.37799999999999
2026-03-31 09:57:31.000000000,13.899099999999999
2026-03-31 09:47:55.000000000,38.3359
2026-03-31 09:59:47.000000000,7.361999999999997
2026-03-31 09:33:26.000000000,8.074999999999998
2026-03-31 09:15:27.000000000,10.42259999999999
2026-03-31 09:02:17.000000000,15.893400000000003
2026-03-31 09:12:30.000000000,20.958800000000007
2026-03-31 09:32:58.000000000,19.267900000000008
2026-03-31 09:52:22.000000000,55.98390000000001
2026-03-31 10:24:21.000000000,63.46229999999997
2026-03-31 10:56:12.000000000,40.8416
2026-03-31 10:19:30.000000000,13.968499999999985
2026-03-31 10:19:55.000000000,34.636099999999985
2026-03-31 10:09:04.000000000,9.213100000000004
2026-03-31 10:47:12.000000000,14.319099999999981
2026-03-31 10:15:46.000000000,16.311900000000005
2026-03-31 10:57:16.000000000,22.360999999999986
2026-03-31 10:02:37.000000000,8.511000000000001
2026-03-31 10:29:09.000000000,9.217399999999994
2026-03-31 11:11:25.000000000,35.29760000000002
2026-03-31 11:17:08.000000000,20.88989999999997
2026-03-31 11:22:05.000000000,32.05419999999999
2026-03-31 11:40:34.000000000,78.59749999999998
2026-03-31 11:47:37.000000000,13.57140000000001
2026-03-31 11:23:57.000000000,20.31190000000001
2026-03-31 11:07:34.000000000,10.652700000000005
2026-03-31 12:59:47.000000000,21.8654
2026-03-31 12:10:39.000000000,5.753500000000003
2026-03-31 12:01:36.000000000,31.49030000000002
2026-03-31 12:28:24.000000000,21.212899999999994
2026-03-31 12:37:42.000000000,13.234200000000005
2026-03-31 12:46:10.000000000,25.814700000000013
2026-03-31 12:01:11.000000000,15.962499999999986
2026-03-31 12:26:37.000000000,66.61989999999996
2026-03-31 12:00:41.000000000,10.186999999999998
2026-03-31 12:57:28.000000000,43.43940000000001
2026-03-31 12:44:17.000000000,14.369899999999987
2026-03-31 12:44:56.000000000,44.7836
2026-03-31 12:28:19.000000000,7.1891
2026-03-31 12:07:40.000000000,25.048299999999976
2026-03-31 12:58:07.000000000,7.436800000000006
2026-03-31 12:10:19.000000000,7.2605
2026-03-31 12:31:03.000000000,56.9793
2026-03-31 13:24:35.000000000,51.56280000000001
2026-03-31 13:36:59.000000000,9.930699999999987
2026-03-31 13:28:45.000000000,62.549800000000026
2026-03-31 13:32:03.000000000,42.03589999999998
2026-03-31 13:25:15.000000000,15.337500000000007
2026-03-31 13:58:00.000000000,6.997399999999995
2026-03-31 13:46:56.000000000,51.87219999999999
2026-03-31 13:50:02.000000000,19.112799999999964
2026-03-31 13:52:16.000000000,64.04419999999996
2026-03-31 14:55:43.000000000,17.609199999999998
2026-03-31 14:24:55.000000000,7.481500000000002
2026-03-31 14:42:39.000000000,13.476800000000003
2026-03-31 14:10:54.000000000,7.252099999999998
2026-03-31 14:57:37.000000000,6.7757
2026-03-31 14:14:26.000000000,82.9092
2026-03-31 14:59:44.000000000,15.965399999999995
2026-03-31 14:25:06.000000000,26.173100000000005
2026-03-31 14:07:22.000000000,10.722100000000001
2026-03-31 14:33:51.000000000,34.865500000000004
2026-03-31 14:19:16.000000000,15.004700000000003
2026-03-31 14:44:58.000000000,20.48949999999999
2026-03-31 14:17:00.000000000,33.31280000000001
2026-03-31 14:44:21.000000000,103.77370000000002
2026-03-31 14:36:47.000000000,35.97750000000001
2026-03-31 14:15:35.000000000,23.02669999999999
2026-03-31 14:45:12.000000000,15.844999999999997
2026-03-31 14:37:11.000000000,16.556000000000004
2026-03-31 14:31:13.000000000,41.90739999999999
2026-03-31 15:56:52.000000000,10.672500000000008
2026-03-31 15:38:57.000000000,31.965499999999988
2026-03-31 15:33:51.000000000,9.830300000000005
2026-03-31 15:16:10.000000000,52.42479999999998
2026-03-31 15:13:33.000000000,39.60850000000002
2026-03-31 15:41:15.000000000,25.520300000000002
2026-03-31 15:46:24.000000000,23.53139999999999
2026-03-31 15:37:03.000000000,15.386200000000004
2026-03-31 15:57:51.000000000,28.730000000000008
2026-03-31 15:13:20.000000000,12.562600000000007
2026-03-31 15:07:15.000000000,124.9942999999999
2026-03-31 15:51:18.000000000,8.400799999999993
2026-03-31 15:03:21.000000000,10.775400000000005
2026-03-31 16:59:43.000000000,24.402899999999985
2026-03-31 16:38:44.000000000,16.691900000000004
2026-03-31 16:39:45.000000000,10.982599999999998
2026-03-31 16:10:35.000000000,21.277500000000014
2026-03-31 16:41:12.000000000,20.884499999999985
2026-03-31 16:34:40.000000000,11.1039
2026-03-31 16:22:40.000000000,35.73769999999999
2026-03-31 16:35:47.000000000,7.310099999999998
2026-03-31 16:40:45.000000000,38.57090000000001
2026-03-31 16:52:06.000000000,18.554
2026-03-31 16:06:35.000000000,19.02870000000002
2026-03-31 16:30:57.000000000,14.513900000000003
2026-03-31 16:22:55.000000000,18.936300000000003
2026-03-31 17:54:09.000000000,29.61999999999999
2026-03-31 17:55:41.000000000,14.548700000000004
2026-03-31 17:42:58.000000000,13.773699999999998
2026-03-31 17:48:00.000000000,24.815200000000004
2026-03-31 17:40:00.000000000,39.098399999999984
2026-03-31 17:35:37.000000000,29.829399999999985
2026-03-31 17:36:42.000000000,16.019400000000005
2026-03-31 17:28:30.000000000,10.651700000000014
2026-03-31 17:42:31.000000000,20.5993
2026-03-31 17:15:55.000000000,8.598600000000005
2026-03-31 18:21:50.000000000,14.503500000000006
2026-03-31 18:18:25.000000000,10.119700000000014
2026-03-31 18:14:10.000000000,23.605599999999992
2026-03-31 18:04:56.000000000,12.9615
2026-03-31 18:24:55.000000000,38.05470000000001
2026-03-31 18:55:11.000000000,12.557899999999993
2026-03-31 18:12:16.000000000,14.632299999999995
2026-03-31 18:48:45.000000000,17.12930000000001
2026-03-31 18:30:21.000000000,160.0027999999999
2026-03-31 18:52:28.000000000,30.424699999999987
2026-03-31 18:53:25.000000000,38.57529999999998
2026-03-31 18:24:54.000000000,13.633400000000016
2026-03-31 18:25:26.000000000,21.94840000000001
2026-03-31 18:50:01.000000000,11.800699999999999
2026-03-31 18:34:22.000000000,37.07719999999999
2026-03-31 18:13:47.000000000,50.21719999999998
2026-03-31 18:00:21.000000000,14.377699999999988
2026-03-31 18:44:10.000000000,22.079499999999992
2026-03-31 18:35:32.000000000,57.53400000000001
2026-03-31 19:05:14.000000000,203.64050000000017
2026-03-31 19:30:41.000000000,20.387499999999996
2026-03-31 19:28:08.000000000,19.795099999999977
2026-03-31 19:12:46.000000000,37.25149999999999
2026-03-31 19:29:54.000000000,23.224100000000007
2026-03-31 19:57:52.000000000,24.050099999999976
2026-03-31 19:00:12.000000000,13.261400000000013
2026-03-31 19:01:37.000000000,16.244899999999998
2026-03-31 19:31:03.000000000,36.11470000000001
2026-03-31 20:18:18.000000000,10.524799999999995
2026-03-31 20:25:25.000000000,9.857699999999983
2026-03-31 20:40:46.000000000,32.056700000000006
2026-03-31 20:02:13.000000000,27.600899999999996
2026-03-31 20:59:56.000000000,25.414200000000005
2026-03-31 20:57:01.000000000,6.633299999999998
2026-03-31 20:14:25.000000000,17.820700000000002
2026-03-31 20:02:26.000000000,18.05169999999998
2026-03-31 20:02:15.000000000,23.6406
2026-03-31 20:41:22.000000000,17.911900000000028
2026-03-31 20:27:29.000000000,15.928800000000003
2026-03-31 20:50:51.000000000,27.060800000000004
2026-03-31 20:27:23.000000000,59.87299999999998
2026-03-31 20:43:24.000000000,28.503800000000005
2026-03-31 20:44:52.000000000,17.962700000000005
2026-03-31 20:15:52.000000000,13.558199999999983
2026-03-31 20:04:28.000000000,46.003900000000016
2026-03-31 21:12:45.000000000,9.279800000000002
2026-03-31 21:21:50.000000000,7.509199999999998
2026-03-31 21:50:40.000000000,28.630999999999986
2026-03-31 21:24:25.000000000,15.983699999999992
2026-03-31 21:18:24.000000000,49.58759999999997
2026-03-31 21:21:37.000000000,32.838600000000014
2026-03-31 21:53:10.000000000,14.673800000000005
2026-03-31 21:00:48.000000000,42.2707
2026-03-31 21:20:41.000000000,59.59000000000001
2026-03-31 21:57:15.000000000,7.765499999999999
2026-03-31 21:17:17.000000000,9.579000000000006
2026-03-31 21:55:04.000000000,48.96270000000001
2026-03-31 21:22:07.000000000,35.406499999999994
2026-03-31 21:33:39.000000000,79.4138
2026-03-31 21:12:36.000000000,44.68240000000001
2026-03-31 21:19:42.000000000,21.2222
2026-03-31 21:16:27.000000000,16.60110000000001
2026-03-31 21:55:44.000000000,19.213599999999996
2026-03-31 21:46:49.000000000,17.59369999999999
2026-03-31 21:03:15.000000000,25.337200000000017
2026-03-31 21:26:12.000000000,8.524899999999995
2026-03-31 22:24:59.000000000,29.13270000000001
2026-03-31 22:34:40.000000000,24.355200000000014
2026-03-31 22:24:20.000000000,40.0137
2026-03-31 22:39:16.000000000,25.604199999999988
2026-03-31 22:03:05.000000000,47.72599999999999
2026-03-31 22:30:10.000000000,39.430099999999996
2026-03-31 22:32:44.000000000,7.977899999999993
2026-03-31 22:16:05.000000000,143.51849999999996
2026-03-31 22:23:37.000000000,12.540299999999995
2026-03-31 22:36:49.000000000,22.32690000000001
2026-03-31 23:00:43.000000000,32.02979999999999
2026-03-31 23:36:07.000000000,18.68249999999999
2026-03-31 23:06:20.000000000,22.233000000000025
2026-03-31 23:59:45.000000000,39.173400000000015
2026-03-31 23:19:23.000000000,80.46369999999996
2026-03-31 23:32:45.000000000,114.23710000000001
2026-03-31 23:08:39.000000000,29.662099999999988
2026-03-31 23:09:09.000000000,20.307499999999994
2026-03-31 23:39:46.000000000,31.085499999999996
2026-03-31 23:45:44.000000000,13.383500000000017
