pickup_datetime,base_passenger_fare
2026-03-01 00:45:49.000000000,48.22993970794001
2026-03-01 00:36:44.000000000,17.7752216921049
2026-03-01 00:38:05.000000000,10.199186532581995
2026-03-01 00:01:04.000000000,7.0985388002807195
2026-03-01 00:43:49.000000000,81.92575142286265
2026-03-01 00:05:03.000000000,15.604408023234077
2026-03-01 00:34:55.000000000,12.29866437273324
2026-03-01 00:27:54.000000000,78.12324389379762
2026-03-01 00:18:28.000000000,12.300330342545967
2026-03-01 00:56:18.000000000,27.67356749657619
2026-03-01 00:02:02.000000000,17.034817177270924
2026-03-01 00:49:18.000000000,17.372110782657508
2026-03-01 00:59:53.000000000,13.814797085689275
2026-03-01 00:31:00.000000000,15.095376311629327
2026-03-01 00:00:08.000000000,77.5346173505613
2026-03-01 00:32:09.000000000,68.01802312713434
2026-03-01 00:29:25.000000000,8.474653142805028
2026-03-01 00:27:22.000000000,29.119560064473458
2026-03-01 00:13:06.000000000,39.65592014745693
2026-03-01 00:57:29.000000000,12.882633823218304
2026-03-01 00:45:18.000000000,6.455471907525465
2026-03-01 00:29:53.000000000,19.86033223951527
2026-03-01 00:26:03.000000000,16.788739275651253
2026-03-01 00:13:54.000000000,22.79828655402769
2026-03-01 00:01:03.000000000,51.778524787578476
2026-03-01 00:50:17.000000000,11.09004168811801
2026-03-01 00:35:16.000000000,80.71033888114746
2026-03-01 00:06:20.000000000,78.14101294847545
2026-03-01 00:33:38.000000000,73.2834247220424
2026-03-01 00:51:47.000000000,65.3812223325458
2026-03-01 00:55:48.000000000,10.553338666438341
2026-03-01 00:12:48.000000000,44.34628475480918
2026-03-01 01:10:22.000000000,10.031121884136535
2026-03-01 01:24:02.000000000,174.89974985238646
2026-03-01 01:10:52.000000000,28.900632455790802
2026-03-01 01:18:13.000000000,18.72962016067974
2026-03-01 01:15:10.000000000,21.616889486843693
2026-03-01 01:10:33.000000000,41.411615398331094
2026-03-01 01:10:27.000000000,9.485416594754197
2026-03-01 01:01:07.000000000,36.389204894185674
2026-03-01 01:45:39.000000000,27.910759855507774
2026-03-01 01:15:41.000000000,9.151437441581162
2026-03-01 01:50:39.000000000,17.898340390546768
2026-03-01 01:29:43.000000000,16.948520074646133
2026-03-01 01:25:54.000000000,8.764914015977903
2026-03-01 01:16:19.000000000,23.154597270609056
2026-03-01 01:30:24.000000000,45.647639378044786
2026-03-01 01:32:22.000000000,27.573214581266836
2026-03-01 01:01:10.000000000,26.15466306169425
2026-03-01 01:13:37.000000000,15.368759000616578
2026-03-01 01:04:12.000000000,15.43069249960675
2026-03-01 01:35:44.000000000,13.071248313015728
2026-03-01 01:48:21.000000000,6.151630311380377
2026-03-01 01:58:14.000000000,26.572747723686614
2026-03-01 01:40:21.000000000,49.214578732864
2026-03-01 02:21:34.000000000,77.15380283817744
2026-03-01 02:39:24.000000000,64.50809106506034
2026-03-01 02:01:29.000000000,41.58665232332971
2026-03-01 02:07:02.000000000,24.59369382551555
2026-03-01 02:29:12.000000000,36.50759362725813
2026-03-01 02:19:23.000000000,51.71171510351815
2026-03-01 02:11:38.000000000,25.138444579081717
2026-03-01 02:39:50.000000000,12.315205579016528
2026-03-01 02:05:26.000000000,8.794852378065865
2026-03-01 02:13:51.000000000,12.557978947552506
2026-03-01 02:06:47.000000000,15.87479002899791
2026-03-01 02:32:26.000000000,15.005938090883964
2026-03-01 02:34:29.000000000,19.988044165995507
2026-03-01 02:09:44.000000000,29.671223537266577
2026-03-01 02:31:48.000000000,36.35472122354652
2026-03-01 03:20:59.000000000,48.77004157165802
2026-03-01 03:53:53.000000000,17.45315915613565
2026-03-01 03:23:31.000000000,17.198406826706464
2026-03-01 03:06:48.000000000,8.794852378065865
2026-03-01 03:05:16.000000000,19.232107391217802
2026-03-01 03:17:19.000000000,27.56419957818804
2026-03-01 03:28:15.000000000,19.675961670516315
2026-03-01 03:12:04.000000000,69.18088404956235
2026-03-01 03:34:27.000000000,10.454854481698336
2026-03-01 03:44:14.000000000,88.51344795641772
2026-03-01 03:46:42.000000000,19.684642629943724
2026-03-01 03:07:58.000000000,15.273315692732387
2026-03-01 03:00:15.000000000,17.665595267157222
2026-03-01 03:13:54.000000000,30.31797767990103
2026-03-01 03:16:06.000000000,21.2188658018993
2026-03-01 03:33:03.000000000,55.15271712189627
2026-03-01 04:57:36.000000000,32.28946038664142
2026-03-01 04:18:34.000000000,45.01589808344965
2026-03-01 04:08:18.000000000,27.32558913849973
2026-03-01 04:40:15.000000000,39.123551885321795
2026-03-01 04:42:06.000000000,40.49807459543007
2026-03-01 04:53:26.000000000,18.445665910445065
2026-03-01 04:02:57.000000000,39.19229781556378
2026-03-01 04:01:43.000000000,44.642454337168495
2026-03-01 04:49:48.000000000,40.88966251980309
2026-03-01 05:11:13.000000000,52.29228746455776
2026-03-01 05:10:11.000000000,61.28402291736074
2026-03-01 06:04:53.000000000,15.685505460530996
2026-03-01 06:28:36.000000000,24.628309438997203
2026-03-01 06:00:06.000000000,16.808572461521408
2026-03-01 06:03:12.000000000,9.704820972325424
2026-03-01 06:13:49.000000000,25.673842932687915
2026-03-01 06:00:55.000000000,24.934690243570657
2026-03-01 06:43:00.000000000,12.671242824707965
2026-03-01 06:53:59.000000000,63.69506808612699
2026-03-01 07:38:51.000000000,20.17635983785104
2026-03-01 07:31:13.000000000,13.612561073510543
2026-03-01 07:49:02.000000000,6.670008415592897
2026-03-01 07:52:43.000000000,20.43849202078875
2026-03-01 07:15:31.000000000,13.204827596343147
2026-03-01 07:46:07.000000000,21.209720898513215
2026-03-01 07:44:34.000000000,16.445071265225412
2026-03-01 08:44:41.000000000,9.620977294697557
2026-03-01 08:31:09.000000000,47.400681466439416
2026-03-01 08:30:48.000000000,7.990218878097291
2026-03-01 08:59:18.000000000,11.811947529770775
2026-03-01 08:14:47.000000000,40.37803539837646
2026-03-01 08:00:19.000000000,52.07097936076769
2026-03-01 08:32:58.000000000,8.720270529530277
2026-03-01 08:06:14.000000000,18.597509027658912
2026-03-01 08:13:35.000000000,25.294872306349713
2026-03-01 08:46:29.000000000,13.350518536780267
2026-03-01 08:04:10.000000000,8.772320190987754
2026-03-01 08:27:56.000000000,7.9749108677219605
2026-03-01 09:31:05.000000000,45.915582005557496
2026-03-01 09:43:24.000000000,16.992645890612295
2026-03-01 09:51:47.000000000,38.12243834662787
2026-03-01 09:46:40.000000000,41.21663425130858
2026-03-01 09:52:13.000000000,18.64955752757848
2026-03-01 09:19:13.000000000,13.299223713153749
2026-03-01 09:50:36.000000000,11.357934283429877
2026-03-01 09:04:37.000000000,8.309767866522334
2026-03-01 09:09:29.000000000,45.71426845249975
2026-03-01 10:00:46.000000000,8.62122477566317
2026-03-01 10:15:22.000000000,11.877240951272439
2026-03-01 10:26:25.000000000,12.208451460828627
2026-03-01 10:27:16.000000000,17.285873816595878
2026-03-01 10:12:50.000000000,65.51055251588116
2026-03-01 10:33:55.000000000,44.95822037986737
2026-03-01 10:02:31.000000000,11.548127138375532
2026-03-01 10:39:04.000000000,20.702211164641383
2026-03-01 10:35:27.000000000,36.037322313447625
2026-03-01 10:16:11.000000000,70.19131167582748
2026-03-01 10:55:11.000000000,6.526291782411172
2026-03-01 10:44:01.000000000,20.974759592290233
2026-03-01 10:06:03.000000000,25.931710234405227
2026-03-01 10:51:02.000000000,36.86451535724922
2026-03-01 10:53:07.000000000,32.409663154935025
2026-03-01 10:22:49.000000000,46.69759752222554
2026-03-01 10:54:40.000000000,11.53387046442703
2026-03-01 10:13:02.000000000,81.81835569798406
2026-03-01 10:33:29.000000000,30.56172556037958
2026-03-01 10:43:59.000000000,33.55517653950427
2026-03-01 11:43:33.000000000,26.890808646973202
2026-03-01 11:33:57.000000000,23.06412019156334
2026-03-01 11:12:51.000000000,13.181219715560598
2026-03-01 11:48:46.000000000,20.158695344960332
2026-03-01 11:51:17.000000000,31.819097266211664
2026-03-01 11:13:35.000000000,26.276398481355372
2026-03-01 11:08:13.000000000,15.796267667666942
2026-03-01 11:32:39.000000000,8.005959650177621
2026-03-01 11:45:27.000000000,11.409577503652123
2026-03-01 11:28:56.000000000,35.897134171013015
2026-03-01 11:08:29.000000000,23.18588943036189
2026-03-01 11:16:24.000000000,56.88475130301844
2026-03-01 11:52:12.000000000,29.71312847035809
2026-03-01 11:05:23.000000000,32.859491474472826
2026-03-01 11:56:22.000000000,25.93103664086048
2026-03-01 12:31:49.000000000,13.16082329559833
2026-03-01 12:37:49.000000000,47.611350656776246
2026-03-01 12:15:47.000000000,12.849796527262479
2026-03-01 12:08:46.000000000,10.537387879121173
2026-03-01 12:34:29.000000000,23.869172113281074
2026-03-01 12:42:28.000000000,15.558864683304197
2026-03-01 12:20:35.000000000,54.987668834207184
2026-03-01 12:55:10.000000000,7.997846012729689
2026-03-01 12:52:47.000000000,18.989799436632133
2026-03-01 12:48:45.000000000,10.093646857379124
2026-03-01 12:57:04.000000000,17.245375690166735
2026-03-01 12:10:59.000000000,17.625906197415592
2026-03-01 12:51:44.000000000,9.209021216448448
2026-03-01 12:11:25.000000000,10.722702058489956
2026-03-01 12:31:11.000000000,25.241030066467758
2026-03-01 12:21:47.000000000,42.28357993441846
2026-03-01 12:55:15.000000000,15.686258703401998
2026-03-01 12:38:50.000000000,31.29558919571419
2026-03-01 12:23:00.000000000,16.80269621823076
2026-03-01 12:51:11.000000000,20.071464171854256
2026-03-01 12:56:48.000000000,18.095571646613376
2026-03-01 13:36:56.000000000,11.494007258112884
2026-03-01 13:14:34.000000000,6.3707111622470585
2026-03-01 13:14:07.000000000,12.479203906991096
2026-03-01 13:13:42.000000000,22.240864345698228
2026-03-01 13:12:55.000000000,33.51287810923217
2026-03-01 13:18:37.000000000,8.45729190252342
2026-03-01 13:01:15.000000000,26.503017413126248
2026-03-01 13:18:06.000000000,6.662869676826879
2026-03-01 13:52:07.000000000,23.58352027141824
2026-03-01 13:14:32.000000000,49.07110466836629
2026-03-01 13:48:28.000000000,8.543655885924293
2026-03-01 13:38:45.000000000,22.919863536628217
2026-03-01 13:52:02.000000000,17.800848953622975
2026-03-01 14:56:50.000000000,24.30171355466305
2026-03-01 14:13:20.000000000,12.238283334014932
2026-03-01 14:38:00.000000000,22.860237754892037
2026-03-01 14:50:50.000000000,16.41453615130496
2026-03-01 14:02:58.000000000,8.730214546620576
2026-03-01 14:51:48.000000000,14.424881247951765
2026-03-01 14:37:44.000000000,25.81099336843223
2026-03-01 14:26:58.000000000,11.311991934552983
2026-03-01 14:12:51.000000000,13.940543769350743
2026-03-01 14:27:16.000000000,17.785870896251552
2026-03-01 14:34:04.000000000,9.9063518316826
2026-03-01 14:40:05.000000000,9.56831382604478
2026-03-01 14:40:07.000000000,13.634587494195461
2026-03-01 14:45:04.000000000,61.754387851898834
2026-03-01 14:38:49.000000000,26.11734369543951
2026-03-01 14:59:24.000000000,46.567550772242775
2026-03-01 14:07:00.000000000,10.34806911389136
2026-03-01 14:34:34.000000000,17.898912122588516
2026-03-01 15:33:57.000000000,36.46192456310697
2026-03-01 15:25:47.000000000,20.40993076926252
2026-03-01 15:34:17.000000000,9.35074934579799
2026-03-01 15:45:39.000000000,43.871324801741736
2026-03-01 15:34:32.000000000,19.61104930084024
2026-03-01 15:52:54.000000000,56.67710183418448
2026-03-01 15:01:01.000000000,18.659772323708047
2026-03-01 15:03:46.000000000,24.553593195093423
2026-03-01 15:28:00.000000000,13.152545025025912
2026-03-01 15:39:10.000000000,31.114342624014228
2026-03-01 15:44:15.000000000,15.054620695517439
2026-03-01 15:51:24.000000000,129.18349678785444
2026-03-01 15:07:36.000000000,11.524556762934722
2026-03-01 15:16:52.000000000,69.31042167134783
2026-03-01 15:00:12.000000000,16.615722249126716
2026-03-01 15:45:41.000000000,34.662206221374916
2026-03-01 15:14:48.000000000,54.75937911689859
2026-03-01 15:23:10.000000000,42.057115838824906
2026-03-01 16:16:55.000000000,33.95596885374881
2026-03-01 16:06:55.000000000,14.521133562464952
2026-03-01 16:44:10.000000000,34.548374464671184
2026-03-01 16:20:19.000000000,17.522800973147383
2026-03-01 16:28:17.000000000,23.601209522122677
2026-03-01 16:36:38.000000000,19.818363774407512
2026-03-01 16:14:31.000000000,13.20755962070183
2026-03-01 16:16:07.000000000,9.068646199441641
2026-03-01 16:10:38.000000000,18.324672378914073
2026-03-01 16:44:09.000000000,29.317491747080933
2026-03-01 16:55:11.000000000,12.340347224497856
2026-03-01 16:35:27.000000000,48.56691761360106
2026-03-01 16:56:43.000000000,8.299398555609015
2026-03-01 16:58:57.000000000,104.19678603279269
2026-03-01 17:22:39.000000000,11.126239921740208
2026-03-01 17:18:27.000000000,20.228199184732958
2026-03-01 17:59:00.000000000,14.344647019436396
2026-03-01 17:18:21.000000000,14.44518453834315
2026-03-01 17:09:30.000000000,25.42414890988823
2026-03-01 17:01:29.000000000,16.939646436437428
2026-03-01 17:37:04.000000000,51.56115610510259
2026-03-01 17:34:31.000000000,11.291987812818027
2026-03-01 17:54:51.000000000,50.93860941089195
2026-03-01 17:32:18.000000000,15.829241485182836
2026-03-01 17:45:45.000000000,20.667486346876483
2026-03-01 17:00:09.000000000,15.103373157871252
2026-03-01 17:43:07.000000000,11.803776143640476
2026-03-01 17:09:36.000000000,23.599553475978993
2026-03-01 17:01:43.000000000,38.639792427344815
2026-03-01 17:09:36.000000000,27.47681117526939
2026-03-01 17:55:50.000000000,7.767213775345695
2026-03-01 17:54:09.000000000,21.272601142985195
2026-03-01 17:02:30.000000000,7.486948289292949
2026-03-01 18:29:46.000000000,18.87852865732094
2026-03-01 18:18:35.000000000,8.004982216785455
2026-03-01 18:16:31.000000000,38.63355042306209
2026-03-01 18:19:42.000000000,41.38517159043209
2026-03-01 18:05:12.000000000,10.470793337681249
2026-03-01 18:12:29.000000000,15.053159376224524
2026-03-01 18:06:06.000000000,38.89438915805616
2026-03-01 18:12:21.000000000,33.10144722199277
2026-03-01 18:28:02.000000000,34.41291684496728
2026-03-01 18:50:24.000000000,20.333495517559722
2026-03-01 18:32:39.000000000,42.20853179063351
2026-03-01 18:04:30.000000000,29.19223872993516
2026-03-01 18:50:23.000000000,17.267708655502908
2026-03-01 18:25:02.000000000,31.02968347190248
2026-03-01 19:52:14.000000000,82.20219127617808
2026-03-01 19:52:01.000000000,9.801831621220735
2026-03-01 19:12:56.000000000,51.57293950670097
2026-03-01 19:25:02.000000000,82.0866651250214
2026-03-01 19:22:59.000000000,19.141709805840158
2026-03-01 19:11:22.000000000,38.459814762329536
2026-03-01 19:42:09.000000000,9.111362580112573
2026-03-01 19:52:01.000000000,89.44481956629144
2026-03-01 19:48:08.000000000,183.3938508552272
2026-03-01 19:17:53.000000000,13.033699268626135
2026-03-01 19:56:13.000000000,11.774378574535893
2026-03-01 19:24:48.000000000,14.08443690079049
2026-03-01 19:56:17.000000000,39.53666329887012
2026-03-01 19:35:53.000000000,25.709564503908037
2026-03-01 19:27:55.000000000,8.707695159709585
2026-03-01 19:01:31.000000000,10.098964728560157
2026-03-01 19:26:17.000000000,10.048818681966464
2026-03-01 19:30:46.000000000,26.261007901799037
2026-03-01 19:03:13.000000000,77.27216349091388
2026-03-01 19:29:48.000000000,6.313190366275757
2026-03-01 19:12:09.000000000,16.79746851766523
2026-03-01 19:02:57.000000000,16.751384391982075
2026-03-01 19:21:13.000000000,12.825814604187615
2026-03-01 19:52:38.000000000,11.709967127683461
2026-03-01 20:42:22.000000000,12.869096350330105
2026-03-01 20:54:15.000000000,19.40324471388444
2026-03-01 20:23:25.000000000,39.806526560752594
2026-03-01 20:03:25.000000000,23.218384549625558
2026-03-01 20:00:55.000000000,45.76975890216624
2026-03-01 20:02:39.000000000,29.030164479325066
2026-03-01 20:35:50.000000000,33.5451744871422
2026-03-01 20:33:12.000000000,15.241149308767381
2026-03-01 20:45:45.000000000,42.101438635745204
2026-03-01 20:56:58.000000000,10.615818797086428
2026-03-01 20:58:38.000000000,12.192044239787668
2026-03-01 20:06:21.000000000,9.973244761800078
2026-03-01 20:05:56.000000000,17.064184113106066
2026-03-01 20:11:59.000000000,21.120133346388904
2026-03-01 20:40:21.000000000,21.55628972312043
2026-03-01 20:02:31.000000000,22.652250974073468
2026-03-01 20:56:55.000000000,8.922407146417486
2026-03-01 21:24:24.000000000,38.008694959972445
2026-03-01 21:19:54.000000000,39.43363419683077
2026-03-01 21:19:54.000000000,7.257197351802756
2026-03-01 21:53:29.000000000,18.66896535000759
2026-03-01 21:12:06.000000000,13.087140289931035
2026-03-01 21:19:57.000000000,16.27054388083472
2026-03-01 21:44:00.000000000,42.846474132764676
2026-03-01 21:07:33.000000000,30.423582969487676
2026-03-01 21:55:20.000000000,37.45928102392114
2026-03-01 21:15:13.000000000,6.617488469855024
2026-03-01 21:35:49.000000000,99.92012408338405
2026-03-01 21:48:18.000000000,11.614706144779598
2026-03-01 21:15:03.000000000,31.4959345838032
2026-03-01 22:37:28.000000000,25.366204974031493
2026-03-01 22:44:50.000000000,8.70708154316624
2026-03-01 22:35:52.000000000,19.15998473031325
2026-03-01 22:24:04.000000000,8.832765444498474
2026-03-01 22:41:40.000000000,27.766553753946535
2026-03-01 22:07:16.000000000,8.343210036047314
2026-03-01 22:22:01.000000000,5.323792902501149
2026-03-01 23:33:44.000000000,54.34871715884405
2026-03-01 23:35:56.000000000,11.56911256639653
2026-03-01 23:26:11.000000000,21.20169622147434
2026-03-01 23:41:25.000000000,18.12856492977836
2026-03-01 23:33:23.000000000,55.6898854443232
2026-03-01 23:56:13.000000000,22.445836039666244
2026-03-01 23:51:14.000000000,10.379435661894352
2026-03-01 23:19:29.000000000,9.543259297448007
2026-03-01 23:19:05.000000000,36.7492992289584
2026-03-01 23:21:50.000000000,19.292860229272343
2026-03-01 23:56:34.000000000,19.443898390065726
2026-03-02 00:11:29.000000000,32.43874578902396
2026-03-02 00:34:18.000000000,36.30691465717502
2026-03-02 00:39:42.000000000,12.163886670855495
2026-03-02 00:15:29.000000000,20.809032173933428
2026-03-02 00:57:48.000000000,29.72925688694151
2026-03-02 00:32:34.000000000,9.402435363105303
2026-03-02 01:06:07.000000000,11.643399352401497
2026-03-02 01:39:04.000000000,9.286354069045595
2026-03-02 01:59:33.000000000,18.324486472465967
2026-03-02 02:57:56.000000000,25.817669023703843
2026-03-02 02:20:49.000000000,36.18192681469699
2026-03-02 02:31:46.000000000,12.923677242426166
2026-03-02 02:32:24.000000000,59.19729870217258
2026-03-02 03:06:18.000000000,13.01768820066064
2026-03-02 03:07:21.000000000,40.18239964878453
2026-03-02 03:15:58.000000000,12.419613491538897
2026-03-02 03:35:27.000000000,17.185929018893304
2026-03-02 03:39:41.000000000,24.62363266563434
2026-03-02 04:57:41.000000000,16.980914684165754
2026-03-02 04:45:05.000000000,64.31983985364037
2026-03-02 05:57:47.000000000,15.56682377885498
2026-03-02 05:50:43.000000000,16.905654302892348
2026-03-02 05:42:29.000000000,15.482680706561963
2026-03-02 05:25:34.000000000,9.079905216306756
2026-03-02 05:59:07.000000000,61.859257108360545
2026-03-02 05:14:45.000000000,5.374582404976842
2026-03-02 06:40:33.000000000,8.065090995355966
2026-03-02 06:44:22.000000000,29.797430084047345
2026-03-02 06:31:55.000000000,22.89443208094399
2026-03-02 06:10:41.000000000,84.7950758933598
2026-03-02 06:31:06.000000000,55.322032835198584
2026-03-02 06:02:41.000000000,80.67755948506573
2026-03-02 06:39:30.000000000,13.854263142895668
2026-03-02 06:23:28.000000000,20.326433667443272
2026-03-02 06:50:33.000000000,27.27757890039812
2026-03-02 06:34:06.000000000,20.553819332190937
2026-03-02 07:30:35.000000000,20.118980604797688
2026-03-02 07:58:12.000000000,9.515601172607798
2026-03-02 07:09:54.000000000,29.76658216424028
2026-03-02 07:39:11.000000000,21.02935736649274
2026-03-02 07:58:29.000000000,20.825302981230063
2026-03-02 07:45:00.000000000,44.46591006672642
2026-03-02 07:12:48.000000000,14.647525280276533
2026-03-02 07:11:47.000000000,23.607213789205293
2026-03-02 07:49:27.000000000,21.314833945890623
2026-03-02 07:51:12.000000000,15.513658817306004
2026-03-02 07:18:08.000000000,48.773218469714415
2026-03-02 07:34:16.000000000,14.439820430286394
2026-03-02 08:42:37.000000000,56.458544722797946
2026-03-02 08:18:04.000000000,14.134881694770623
2026-03-02 08:48:36.000000000,29.603792705650918
2026-03-02 08:07:19.000000000,15.621323602393106
2026-03-02 08:28:47.000000000,15.59198754019824
2026-03-02 08:49:49.000000000,7.1761986718410204
2026-03-02 08:06:26.000000000,20.98988351603811
2026-03-02 08:17:02.000000000,34.59954655012038
2026-03-02 08:17:38.000000000,11.532186690199739
2026-03-02 08:15:42.000000000,20.060190781465945
2026-03-02 08:52:26.000000000,27.167126744632807
2026-03-02 08:28:22.000000000,19.596815721263606
2026-03-02 08:59:15.000000000,9.381028312827896
2026-03-02 08:07:44.000000000,18.433005795570452
2026-03-02 08:44:52.000000000,51.173284607153846
2026-03-02 08:56:05.000000000,14.622567212955907
2026-03-02 08:15:13.000000000,30.47752999582285
2026-03-02 08:02:21.000000000,27.82535374846282
2026-03-02 08:05:37.000000000,42.478501472656625
2026-03-02 08:02:05.000000000,41.62691874503772
2026-03-02 09:17:22.000000000,12.962057102020351
2026-03-02 09:57:59.000000000,8.876483793631689
2026-03-02 09:48:41.000000000,12.8426977857504
2026-03-02 09:39:41.000000000,7.774516766719181
2026-03-02 09:33:19.000000000,15.98684408403236
2026-03-02 09:20:45.000000000,15.269507832005262
2026-03-02 09:41:35.000000000,11.454539577037345
2026-03-02 09:33:53.000000000,11.684282187018617
2026-03-02 09:22:41.000000000,9.387707039838245
2026-03-02 09:11:27.000000000,48.32174598279963
2026-03-02 09:53:23.000000000,20.281133813055266
2026-03-02 09:47:01.000000000,14.609907348558977
2026-03-02 09:10:35.000000000,43.76748464791776
2026-03-02 09:35:21.000000000,28.56802258574384
2026-03-02 09:45:10.000000000,14.524416576877135
2026-03-02 09:11:40.000000000,88.79753894700679
2026-03-02 09:49:57.000000000,11.011995590509025
2026-03-02 09:48:47.000000000,45.292410235307905
2026-03-02 09:35:11.000000000,14.45333002489771
2026-03-02 09:53:12.000000000,21.472283841756724
2026-03-02 09:15:43.000000000,13.624089245769758
2026-03-02 09:31:10.000000000,39.12719311987766
2026-03-02 10:21:36.000000000,9.571819933443095
2026-03-02 10:35:07.000000000,30.876947193493532
2026-03-02 10:23:00.000000000,30.33272085233602
2026-03-02 10:02:52.000000000,21.094702887635002
2026-03-02 10:56:26.000000000,12.362349000815547
2026-03-02 10:57:13.000000000,6.655738583842231
2026-03-02 10:05:41.000000000,26.213529764923877
2026-03-02 10:22:19.000000000,20.991598489834598
2026-03-02 10:38:40.000000000,10.637480340318394
2026-03-02 10:24:02.000000000,15.061260813711835
2026-03-02 10:30:14.000000000,51.115354250883584
2026-03-02 10:56:51.000000000,9.343939516220317
2026-03-02 10:24:17.000000000,19.53057467383659
2026-03-02 10:50:04.000000000,16.089523378337997
2026-03-02 10:07:53.000000000,18.782269191565874
2026-03-02 10:47:32.000000000,23.621434334900815
2026-03-02 10:05:01.000000000,24.83797424460006
2026-03-02 10:01:54.000000000,16.046399458541945
2026-03-02 10:23:26.000000000,33.06979588930406
2026-03-02 11:54:10.000000000,101.3972233977597
2026-03-02 11:24:47.000000000,21.79896444209543
2026-03-02 11:51:29.000000000,6.742715178562532
2026-03-02 11:09:59.000000000,31.019264304471317
2026-03-02 11:44:58.000000000,12.054729180456356
2026-03-02 11:39:50.000000000,6.483682761144053
2026-03-02 11:35:41.000000000,62.99506725644074
2026-03-02 11:17:14.000000000,14.074432521165066
2026-03-02 11:40:19.000000000,34.999059193977594
2026-03-02 12:17:37.000000000,13.310058039254605
2026-03-02 12:13:09.000000000,11.314503367950351
2026-03-02 12:11:20.000000000,30.087637960232016
2026-03-02 12:37:45.000000000,24.461413644962246
2026-03-02 12:41:54.000000000,30.42742324376806
2026-03-02 12:13:46.000000000,6.352458263830161
2026-03-02 12:51:28.000000000,95.21795441617448
2026-03-02 12:56:55.000000000,26.342452017877466
2026-03-02 12:55:33.000000000,22.941575762176853
2026-03-02 12:19:32.000000000,44.68077579393204
2026-03-02 12:26:57.000000000,15.320526761790521
2026-03-02 12:33:49.000000000,69.20401021184543
2026-03-02 12:05:59.000000000,22.904422193106186
2026-03-02 12:06:05.000000000,21.966925126608448
2026-03-02 13:21:02.000000000,21.030025341255726
2026-03-02 13:22:46.000000000,18.01375615123965
2026-03-02 13:45:47.000000000,34.74161768692674
2026-03-02 13:24:08.000000000,69.88226099608528
2026-03-02 13:17:22.000000000,13.971033052733668
2026-03-02 13:08:50.000000000,31.210353072732776
2026-03-02 13:50:46.000000000,22.965207209881026
2026-03-02 13:32:07.000000000,30.87032988857023
2026-03-02 13:20:13.000000000,32.130292146185376
2026-03-02 13:00:25.000000000,63.64095833128516
2026-03-02 13:29:28.000000000,16.614099756567292
2026-03-02 13:31:53.000000000,47.06599482943677
2026-03-02 14:02:29.000000000,23.025676154041612
2026-03-02 14:17:48.000000000,15.13526277437532
2026-03-02 14:56:50.000000000,31.49774779830162
2026-03-02 14:12:31.000000000,95.87042927257728
2026-03-02 14:37:08.000000000,8.896959543841893
2026-03-02 14:45:43.000000000,43.85308843753995
2026-03-02 14:54:22.000000000,28.292814895612484
2026-03-02 14:51:19.000000000,10.451542674194751
2026-03-02 15:38:15.000000000,10.667256071989637
2026-03-02 15:59:12.000000000,13.178477311001645
2026-03-02 15:36:25.000000000,11.419790117747157
2026-03-02 15:09:09.000000000,33.52876857548216
2026-03-02 15:18:19.000000000,12.803199816436443
2026-03-02 15:46:27.000000000,12.62733531602586
2026-03-02 15:24:14.000000000,14.890320422497792
2026-03-02 15:40:02.000000000,17.435273088490657
2026-03-02 15:39:17.000000000,14.098640206976222
2026-03-02 15:15:34.000000000,23.63814545196487
2026-03-02 15:12:50.000000000,8.766720294454146
2026-03-02 15:36:36.000000000,33.398466212812345
2026-03-02 15:05:11.000000000,39.081745966743576
2026-03-02 15:35:49.000000000,12.203605248105385
2026-03-02 15:30:36.000000000,10.227928834672758
2026-03-02 15:11:25.000000000,77.25239521523912
2026-03-02 16:05:28.000000000,11.712040347434161
2026-03-02 16:28:29.000000000,52.49382185909646
2026-03-02 16:12:01.000000000,25.753708310129284
2026-03-02 16:51:04.000000000,12.96327407452758
2026-03-02 16:43:34.000000000,36.97465060453275
2026-03-02 16:02:22.000000000,18.892068241046715
2026-03-02 16:44:25.000000000,25.574168452851158
2026-03-02 16:31:08.000000000,32.04979025235109
2026-03-02 16:49:09.000000000,59.54228084515223
2026-03-02 16:20:32.000000000,12.278316929504408
2026-03-02 16:17:59.000000000,14.824437027340029
2026-03-02 16:36:09.000000000,14.55940014514336
2026-03-02 16:39:27.000000000,32.65252457838199
2026-03-02 16:12:00.000000000,14.563253454988565
2026-03-02 16:16:22.000000000,33.19696253726052
2026-03-02 16:45:03.000000000,16.526882030922284
2026-03-02 16:11:37.000000000,14.540887610756027
2026-03-02 16:38:00.000000000,10.515794087996818
2026-03-02 16:16:30.000000000,68.17268488642235
2026-03-02 16:41:03.000000000,10.423580068542714
2026-03-02 17:06:37.000000000,16.99735572397504
2026-03-02 17:31:21.000000000,9.51494662509632
2026-03-02 17:25:33.000000000,27.07414912690993
2026-03-02 17:49:50.000000000,14.269660864907507
2026-03-02 17:03:35.000000000,18.656114745310358
2026-03-02 17:04:01.000000000,53.763642685859125
2026-03-02 17:48:16.000000000,13.097187739147106
2026-03-02 17:58:49.000000000,13.560653881477748
2026-03-02 17:15:04.000000000,53.81399473806417
2026-03-02 18:12:45.000000000,9.53160838866956
2026-03-02 18:09:49.000000000,32.0308003781282
2026-03-02 18:41:38.000000000,10.162990441168448
2026-03-02 18:29:25.000000000,13.246990057886041
2026-03-02 18:22:52.000000000,10.827073164400005
2026-03-02 18:36:31.000000000,50.71397867369281
2026-03-02 18:47:20.000000000,22.48308366538671
2026-03-02 18:40:48.000000000,12.427137494438306
2026-03-02 18:28:17.000000000,7.7612142191700135
2026-03-02 18:45:37.000000000,11.61659380971131
2026-03-02 18:48:34.000000000,8.524817487990164
2026-03-02 18:53:59.000000000,19.698058948237186
2026-03-02 18:00:23.000000000,48.90544280924561
2026-03-02 18:32:25.000000000,14.95515885754593
2026-03-02 18:51:47.000000000,20.039449715109797
2026-03-02 18:17:26.000000000,18.209052830940852
2026-03-02 19:02:25.000000000,61.766811483598545
2026-03-02 19:19:56.000000000,13.851164284588378
2026-03-02 19:27:18.000000000,104.7066159339014
2026-03-02 19:14:55.000000000,30.221467438063065
2026-03-02 19:09:54.000000000,24.799902868129312
2026-03-02 19:03:50.000000000,32.024372265761656
2026-03-02 19:29:34.000000000,25.613977870222573
2026-03-02 19:05:02.000000000,67.25687627340024
2026-03-02 19:10:58.000000000,55.42882647523043
2026-03-02 19:32:02.000000000,6.44423660072846
2026-03-02 20:48:24.000000000,20.069163372552477
2026-03-02 20:22:47.000000000,11.44905622717324
2026-03-02 20:30:57.000000000,10.208428340248249
2026-03-02 20:04:44.000000000,189.3747399530914
2026-03-02 20:53:52.000000000,38.80206357418786
2026-03-02 20:10:18.000000000,63.58031250583481
2026-03-02 20:09:30.000000000,31.438238556284983
2026-03-02 20:53:34.000000000,14.25019693645147
2026-03-02 20:16:58.000000000,51.99588596499672
2026-03-02 20:33:47.000000000,23.385282096512718
2026-03-02 20:50:09.000000000,17.931238451756794
2026-03-02 20:56:56.000000000,58.052069872842154
2026-03-02 20:11:53.000000000,18.193630412704092
2026-03-02 20:25:04.000000000,17.688609286281945
2026-03-02 20:00:15.000000000,5.9158850745745495
2026-03-02 20:55:30.000000000,74.21579195174807
2026-03-02 20:36:38.000000000,9.88908019521016
2026-03-02 20:34:24.000000000,20.45064055101763
2026-03-02 20:51:38.000000000,44.2244452781709
2026-03-02 20:12:21.000000000,66.14289186935683
2026-03-02 21:01:26.000000000,17.652413540461474
2026-03-02 21:12:09.000000000,23.969651540780415
2026-03-02 21:16:21.000000000,22.9159763265703
2026-03-02 21:04:49.000000000,18.68905884187432
2026-03-02 21:18:25.000000000,16.76214111590357
2026-03-02 21:31:49.000000000,22.636883937005745
2026-03-02 21:49:54.000000000,8.846875195887575
2026-03-02 21:23:59.000000000,40.78434495413613
2026-03-02 21:25:12.000000000,8.913127518679408
2026-03-02 21:00:21.000000000,10.35658909894691
2026-03-02 21:58:42.000000000,29.621128626922765
2026-03-02 21:14:36.000000000,38.132984509332736
2026-03-02 21:31:37.000000000,16.30531637289732
2026-03-02 22:16:10.000000000,18.14313559558393
2026-03-02 22:26:44.000000000,19.42372173471287
2026-03-02 22:46:14.000000000,37.650102402887825
2026-03-02 22:20:12.000000000,15.295607761282167
2026-03-02 22:03:27.000000000,14.759919586705331
2026-03-02 22:23:30.000000000,33.42032739824531
2026-03-02 22:06:47.000000000,8.779154230583439
2026-03-02 22:29:32.000000000,10.243683621424829
2026-03-02 22:33:18.000000000,14.088789162169983
2026-03-02 22:31:51.000000000,21.2042158227993
2026-03-02 22:12:55.000000000,8.971913525877225
2026-03-02 22:52:55.000000000,19.463017175017015
2026-03-02 22:03:55.000000000,40.2113068396215
2026-03-02 22:54:20.000000000,16.46481791234271
2026-03-02 22:22:06.000000000,232.89398275344558
2026-03-02 22:55:35.000000000,36.598896143028426
2026-03-02 22:15:17.000000000,31.22674870340602
2026-03-02 23:51:43.000000000,10.981107795702123
2026-03-02 23:16:00.000000000,75.76728688708165
2026-03-02 23:56:38.000000000,15.295024517766711
2026-03-02 23:17:36.000000000,15.090468257736212
2026-03-02 23:06:27.000000000,15.661568128061274
2026-03-02 23:35:15.000000000,24.46096953631511
2026-03-02 23:02:10.000000000,17.714101246075526
2026-03-02 23:28:16.000000000,20.618065097466218
2026-03-03 00:06:12.000000000,17.708266302465596
2026-03-03 00:51:32.000000000,15.433475770644463
2026-03-03 00:52:21.000000000,27.350938585067496
2026-03-03 00:31:45.000000000,8.602011204038634
2026-03-03 00:01:31.000000000,13.730486374083007
2026-03-03 00:29:37.000000000,5.581298441843758
2026-03-03 01:45:29.000000000,28.73274583326528
2026-03-03 01:02:35.000000000,16.694273566759897
2026-03-03 01:29:47.000000000,31.70385828786726
2026-03-03 01:47:37.000000000,17.09899497047867
2026-03-03 01:35:12.000000000,30.615980084812104
2026-03-03 01:27:57.000000000,14.851128937289522
2026-03-03 02:08:50.000000000,23.898351513422234
2026-03-03 02:33:35.000000000,51.835127421777166
2026-03-03 03:22:55.000000000,34.04112702002854
2026-03-03 03:00:12.000000000,29.304711621508503
2026-03-03 04:49:51.000000000,10.667246146896472
2026-03-03 04:20:27.000000000,65.69198305491403
2026-03-03 04:02:11.000000000,38.34820548884001
2026-03-03 05:28:17.000000000,41.05938710753063
2026-03-03 05:18:36.000000000,14.133110231522782
2026-03-03 05:21:56.000000000,26.1674031728489
2026-03-03 06:44:56.000000000,15.05460206237896
2026-03-03 06:26:42.000000000,8.98748822892379
2026-03-03 06:51:48.000000000,9.047190590926993
2026-03-03 06:27:41.000000000,16.436759381567967
2026-03-03 06:09:35.000000000,45.206664476987456
2026-03-03 06:39:03.000000000,18.638986494176244
2026-03-03 06:07:34.000000000,97.94356772668401
2026-03-03 06:13:48.000000000,27.193530796765764
2026-03-03 06:27:27.000000000,107.37199235241094
2026-03-03 06:44:35.000000000,9.153952850286396
2026-03-03 07:37:26.000000000,22.905597681716234
2026-03-03 07:06:49.000000000,13.640619042246414
2026-03-03 07:26:17.000000000,14.105445714260393
2026-03-03 07:40:50.000000000,24.28063936678478
2026-03-03 07:06:50.000000000,37.668171113436735
2026-03-03 07:12:19.000000000,10.64953293111062
2026-03-03 07:54:48.000000000,18.47422059813617
2026-03-03 07:36:20.000000000,44.281877419965475
2026-03-03 07:54:01.000000000,16.432901367178143
2026-03-03 07:35:10.000000000,7.941489845028043
2026-03-03 07:10:17.000000000,15.437314005554844
2026-03-03 07:53:56.000000000,69.4943206035758
2026-03-03 07:35:18.000000000,12.33480053295381
2026-03-03 07:34:57.000000000,27.923138527419944
2026-03-03 07:11:47.000000000,40.026741239635214
2026-03-03 07:08:40.000000000,22.63294032929154
2026-03-03 07:46:26.000000000,12.368739364139206
2026-03-03 07:03:52.000000000,23.156004538731494
2026-03-03 07:24:44.000000000,44.349894375812134
2026-03-03 07:46:14.000000000,30.048403596191566
2026-03-03 07:38:30.000000000,10.666583498966515
2026-03-03 08:36:10.000000000,16.521012387831874
2026-03-03 08:33:55.000000000,25.180631037944302
2026-03-03 08:32:31.000000000,6.853599055843428
2026-03-03 08:57:02.000000000,17.831869207062244
2026-03-03 08:40:14.000000000,6.1191094017031915
2026-03-03 08:40:15.000000000,33.040878085798845
2026-03-03 08:59:11.000000000,40.349448628535725
2026-03-03 08:37:57.000000000,38.060784922839055
2026-03-03 08:23:00.000000000,34.95207918405285
2026-03-03 08:09:51.000000000,21.498833905536802
2026-03-03 08:20:38.000000000,22.31649664598411
2026-03-03 08:17:34.000000000,23.052345201690173
2026-03-03 08:50:32.000000000,12.384063253702813
2026-03-03 08:34:21.000000000,6.192117798676107
2026-03-03 08:41:25.000000000,15.573712051120301
2026-03-03 08:20:41.000000000,12.375886368626155
2026-03-03 09:43:08.000000000,13.113351412892365
2026-03-03 09:49:38.000000000,10.506084362327854
2026-03-03 09:41:27.000000000,29.95611702278782
2026-03-03 09:51:50.000000000,17.99274050994028
2026-03-03 09:16:55.000000000,33.036451019990345
2026-03-03 09:07:34.000000000,23.49121731468845
2026-03-03 09:23:32.000000000,11.091820314588267
2026-03-03 09:52:27.000000000,30.915651878668797
2026-03-03 09:56:06.000000000,12.369695977337225
2026-03-03 09:54:43.000000000,21.205683653508597
2026-03-03 09:18:29.000000000,16.431568569510336
2026-03-03 09:39:35.000000000,12.503084607716714
2026-03-03 09:58:26.000000000,10.664428590461466
2026-03-03 09:23:01.000000000,18.473025185881813
2026-03-03 09:49:57.000000000,6.390042534673788
2026-03-03 09:12:29.000000000,15.896085407364234
2026-03-03 09:25:50.000000000,17.853077081002372
2026-03-03 09:48:08.000000000,36.0879692276551
2026-03-03 09:40:58.000000000,16.982284430515215
2026-03-03 09:39:33.000000000,18.108146186543
2026-03-03 10:36:20.000000000,13.18019544469448
2026-03-03 10:29:41.000000000,10.889393288542566
2026-03-03 10:49:19.000000000,30.351321147289127
2026-03-03 10:06:59.000000000,8.04126454770397
2026-03-03 10:30:42.000000000,28.625444837319417
2026-03-03 10:33:21.000000000,10.80710618258017
2026-03-03 10:26:54.000000000,7.779154128356878
2026-03-03 10:24:33.000000000,33.97340790698793
2026-03-03 10:20:00.000000000,17.796263944982428
2026-03-03 10:19:08.000000000,10.920154097151318
2026-03-03 10:48:42.000000000,15.905010036365534
2026-03-03 10:13:07.000000000,33.03594308616794
2026-03-03 10:59:49.000000000,12.476182281267063
2026-03-03 10:35:15.000000000,25.659211973948057
2026-03-03 10:41:36.000000000,12.336078966001741
2026-03-03 10:36:00.000000000,26.069052368856177
2026-03-03 10:49:30.000000000,12.779868055248079
2026-03-03 11:22:08.000000000,36.791460815500415
2026-03-03 11:24:19.000000000,41.59591029259887
2026-03-03 11:44:36.000000000,19.90452694313499
2026-03-03 11:49:09.000000000,22.236418306540198
2026-03-03 11:31:32.000000000,16.208082725459686
2026-03-03 11:53:08.000000000,33.42143100049794
2026-03-03 11:26:18.000000000,16.092571945767364
2026-03-03 11:03:37.000000000,54.3882632273082
2026-03-03 12:15:51.000000000,8.48905097813625
2026-03-03 12:23:01.000000000,7.978903701006824
2026-03-03 12:54:20.000000000,20.44652286578383
2026-03-03 12:20:13.000000000,38.17831016726863
2026-03-03 12:17:26.000000000,7.795059585141287
2026-03-03 12:32:51.000000000,175.60834546033198
2026-03-03 12:43:07.000000000,20.398000275273283
2026-03-03 12:58:01.000000000,30.13248983789373
2026-03-03 12:52:10.000000000,21.308660794222774
2026-03-03 12:40:20.000000000,12.778292864743959
2026-03-03 12:00:56.000000000,16.436333607545674
2026-03-03 12:39:39.000000000,8.276453037728654
2026-03-03 12:36:47.000000000,15.617953711408587
2026-03-03 13:53:49.000000000,40.104099811927156
2026-03-03 13:24:19.000000000,8.54690447059582
2026-03-03 13:32:44.000000000,68.51756344309626
2026-03-03 13:50:55.000000000,8.58950987924111
2026-03-03 13:27:42.000000000,16.27167458448333
2026-03-03 13:01:38.000000000,28.594572111996747
2026-03-03 13:18:54.000000000,6.28116436609645
2026-03-03 13:33:50.000000000,45.683821090034954
2026-03-03 13:34:11.000000000,16.094691394209676
2026-03-03 13:37:22.000000000,54.672994633710644
2026-03-03 13:27:38.000000000,9.695048738387715
2026-03-03 13:50:55.000000000,37.191460426285126
2026-03-03 13:10:08.000000000,19.22061511336262
2026-03-03 13:35:01.000000000,23.476132923309336
2026-03-03 13:04:31.000000000,29.187351757794776
2026-03-03 13:12:55.000000000,11.628592909465754
2026-03-03 13:43:02.000000000,17.81344563235443
2026-03-03 13:23:46.000000000,6.587946353661183
2026-03-03 14:33:35.000000000,21.1071389557544
2026-03-03 14:53:18.000000000,12.237822431800883
2026-03-03 14:34:55.000000000,8.388323729498586
2026-03-03 14:31:03.000000000,47.36031692750954
2026-03-03 14:07:42.000000000,31.1264818479621
2026-03-03 14:00:50.000000000,73.68689807114758
2026-03-03 14:00:16.000000000,8.641531380157577
2026-03-03 14:16:05.000000000,23.675606819718542
2026-03-03 14:01:40.000000000,7.970406090015176
2026-03-03 14:48:20.000000000,99.90927696175834
2026-03-03 14:03:50.000000000,15.703772190967053
2026-03-03 14:49:23.000000000,25.535879064910123
2026-03-03 14:17:02.000000000,13.904531084377522
2026-03-03 14:00:18.000000000,8.837288580287298
2026-03-03 14:53:06.000000000,27.825405331544715
2026-03-03 14:54:20.000000000,23.083907551646117
2026-03-03 14:36:28.000000000,6.456810687738372
2026-03-03 14:45:25.000000000,11.510042460830261
2026-03-03 14:05:12.000000000,13.99098853881822
2026-03-03 15:50:40.000000000,11.343913658737304
2026-03-03 15:36:22.000000000,7.754414051599809
2026-03-03 15:57:38.000000000,10.262135799463296
2026-03-03 15:11:57.000000000,39.985248292734006
2026-03-03 15:32:32.000000000,13.652152245695484
2026-03-03 15:37:35.000000000,14.74883229937694
2026-03-03 15:17:11.000000000,6.994960033988826
2026-03-03 15:42:49.000000000,23.682763988959383
2026-03-03 15:52:05.000000000,7.751475800708703
2026-03-03 15:21:42.000000000,72.63663546164189
2026-03-03 15:14:02.000000000,59.59199799772145
2026-03-03 15:08:43.000000000,15.602195506767682
2026-03-03 15:25:43.000000000,11.465119448524943
2026-03-03 15:53:06.000000000,18.247204840449673
2026-03-03 16:00:19.000000000,17.44156322888451
2026-03-03 16:23:03.000000000,15.340648104195056
2026-03-03 16:25:04.000000000,20.403456215882773
2026-03-03 16:30:43.000000000,6.46027043182101
2026-03-03 16:36:28.000000000,51.90464970307692
2026-03-03 16:09:29.000000000,39.25270365638957
2026-03-03 16:41:26.000000000,32.50142464507663
2026-03-03 16:43:16.000000000,9.358212058667112
2026-03-03 16:10:50.000000000,79.09697287135386
2026-03-03 16:28:07.000000000,8.541792440496126
2026-03-03 16:40:51.000000000,35.37473736003493
2026-03-03 16:25:18.000000000,21.30631780580823
2026-03-03 16:25:36.000000000,22.33393287780549
2026-03-03 16:22:16.000000000,16.821948980171484
2026-03-03 17:57:18.000000000,13.602811589909493
2026-03-03 17:57:01.000000000,50.77643460141454
2026-03-03 17:41:49.000000000,39.513988621668474
2026-03-03 17:03:31.000000000,31.141559760580503
2026-03-03 17:21:38.000000000,37.419667229705404
2026-03-03 17:16:48.000000000,19.37132718831478
2026-03-03 17:27:21.000000000,11.647724850144492
2026-03-03 17:05:11.000000000,19.932200355551203
2026-03-03 17:40:55.000000000,25.24734994579019
2026-03-03 17:31:44.000000000,51.984420721753835
2026-03-03 17:55:15.000000000,20.46062176041057
2026-03-03 17:47:20.000000000,16.64960119118035
2026-03-03 17:41:48.000000000,22.974137356743118
2026-03-03 17:37:00.000000000,11.183760709405137
2026-03-03 17:38:55.000000000,74.46263996730082
2026-03-03 18:40:09.000000000,35.914087280865
2026-03-03 18:16:24.000000000,37.01666869336727
2026-03-03 18:15:07.000000000,21.323611340671835
2026-03-03 18:03:21.000000000,19.78319113236843
2026-03-03 18:43:50.000000000,17.67299569367206
2026-03-03 18:13:18.000000000,6.843883574574092
2026-03-03 18:08:11.000000000,12.531291484051016
2026-03-03 18:55:38.000000000,48.33450591654805
2026-03-03 18:13:02.000000000,10.654631112788687
2026-03-03 18:23:08.000000000,62.484969275711364
2026-03-03 18:29:10.000000000,8.325135503256657
2026-03-03 18:08:45.000000000,25.142774088772562
2026-03-03 18:19:57.000000000,13.354468258305737
2026-03-03 18:08:08.000000000,25.861558376384895
2026-03-03 18:37:16.000000000,73.13898352921811
2026-03-03 18:10:58.000000000,16.915669043666398
2026-03-03 18:01:42.000000000,30.619616981132957
2026-03-03 18:14:05.000000000,15.039396414190733
2026-03-03 18:53:42.000000000,9.142956917687432
2026-03-03 19:04:16.000000000,7.176945585415065
2026-03-03 19:54:44.000000000,14.98103816229142
2026-03-03 19:53:24.000000000,25.745379315616127
2026-03-03 19:10:35.000000000,10.314504327011127
2026-03-03 19:40:41.000000000,80.38962180282407
2026-03-03 19:49:26.000000000,40.79662974118612
2026-03-03 19:36:29.000000000,35.930498102844
2026-03-03 19:16:04.000000000,45.248155454113814
2026-03-03 19:33:06.000000000,14.011932958428668
2026-03-03 19:23:00.000000000,18.604531532344996
2026-03-03 19:53:24.000000000,5.906747634125035
2026-03-03 19:27:16.000000000,6.440295091784093
2026-03-03 19:42:40.000000000,43.05585836945294
2026-03-03 19:40:44.000000000,34.76512917621981
2026-03-03 19:47:49.000000000,34.88801462806462
2026-03-03 19:39:59.000000000,19.0408651956505
2026-03-03 19:44:51.000000000,12.31158197708205
2026-03-03 19:19:12.000000000,14.911483493894737
2026-03-03 19:52:54.000000000,9.05839073077359
2026-03-03 20:40:03.000000000,89.99048192664148
2026-03-03 20:28:03.000000000,23.101643152532258
2026-03-03 20:01:38.000000000,38.15532254040622
2026-03-03 20:11:43.000000000,16.349994144951857
2026-03-03 20:27:27.000000000,17.595085316186108
2026-03-03 20:03:02.000000000,20.034802865512436
2026-03-03 20:16:01.000000000,10.879367986856886
2026-03-03 20:13:49.000000000,27.283386005193446
2026-03-03 20:30:23.000000000,13.531797680221635
2026-03-03 20:49:15.000000000,54.12048367450097
2026-03-03 20:13:39.000000000,18.650435569018622
2026-03-03 20:08:05.000000000,11.753350513315286
2026-03-03 20:13:54.000000000,17.329973479442653
2026-03-03 20:03:15.000000000,7.934107780130062
2026-03-03 20:32:00.000000000,33.97201818914343
2026-03-03 20:36:42.000000000,24.88004733480267
2026-03-03 20:17:19.000000000,68.85686881985548
2026-03-03 20:23:51.000000000,11.224660782946739
2026-03-03 21:40:29.000000000,30.235154989453005
2026-03-03 21:25:37.000000000,6.121827641637633
2026-03-03 21:45:55.000000000,8.390586149857935
2026-03-03 21:13:00.000000000,27.808321084359562
2026-03-03 21:52:40.000000000,77.25706051523214
2026-03-03 21:36:15.000000000,7.912122215093948
2026-03-03 21:53:11.000000000,19.283049946234932
2026-03-03 21:03:42.000000000,20.679971039651605
2026-03-03 21:23:54.000000000,13.016267927053283
2026-03-03 21:47:37.000000000,13.822128914952389
2026-03-03 21:21:13.000000000,29.53120233763162
2026-03-03 22:08:04.000000000,15.91455476318718
2026-03-03 22:22:18.000000000,22.858041036927776
2026-03-03 22:33:52.000000000,8.007976482832856
2026-03-03 22:11:53.000000000,43.411547952224986
2026-03-03 22:28:13.000000000,17.89755162296452
2026-03-03 22:59:29.000000000,26.020895036418164
2026-03-03 22:38:18.000000000,19.87670671310611
2026-03-03 22:09:16.000000000,20.212082007292487
2026-03-03 22:16:49.000000000,60.193381098168
2026-03-03 22:28:10.000000000,5.289899439962338
2026-03-03 22:55:01.000000000,6.237085509638025
2026-03-03 22:56:41.000000000,12.398610208871856
2026-03-03 22:13:03.000000000,10.258767266865172
2026-03-03 23:52:35.000000000,45.33113637235922
2026-03-03 23:57:28.000000000,25.97934319823168
2026-03-03 23:34:09.000000000,27.946532222271237
2026-03-03 23:24:45.000000000,42.6821993452985
2026-03-03 23:14:02.000000000,16.67755520480261
2026-03-03 23:33:31.000000000,28.750440471442392
2026-03-03 23:52:11.000000000,40.62412933916804
2026-03-03 23:21:10.000000000,25.534084665800492
2026-03-03 23:58:05.000000000,19.825744232053232
2026-03-03 23:34:01.000000000,10.74304491842703
2026-03-03 23:22:52.000000000,22.246145743658907
2026-03-03 23:27:19.000000000,34.39267096897304
2026-03-03 23:16:49.000000000,27.519125642290934
2026-03-03 23:41:38.000000000,38.479780509209796
2026-03-03 23:33:54.000000000,17.746617318352616
2026-03-04 00:27:54.000000000,20.645190457160293
2026-03-04 00:35:12.000000000,10.779164617224568
2026-03-04 00:38:57.000000000,29.167440285753727
2026-03-04 00:01:14.000000000,7.390600646355333
2026-03-04 00:06:18.000000000,13.213080179010968
2026-03-04 00:04:22.000000000,20.413998317168762
2026-03-04 00:23:10.000000000,23.507529716078555
2026-03-04 01:51:46.000000000,9.55890817029106
2026-03-04 01:19:06.000000000,12.976465653792575
2026-03-04 01:20:27.000000000,17.240542067792816
2026-03-04 01:37:41.000000000,16.4103093844159
2026-03-04 01:21:41.000000000,11.12398543557914
2026-03-04 02:39:17.000000000,18.63693631500604
2026-03-04 03:07:38.000000000,12.51096503630328
2026-03-04 03:44:27.000000000,21.204544142243147
2026-03-04 04:23:40.000000000,72.23257676716511
2026-03-04 04:29:22.000000000,12.406289490135151
2026-03-04 04:11:30.000000000,41.94554133206381
2026-03-04 05:12:45.000000000,15.932161469646612
2026-03-04 05:01:12.000000000,42.16388218944458
2026-03-04 05:55:00.000000000,102.69269606657434
2026-03-04 05:42:03.000000000,16.722017826466658
2026-03-04 05:57:46.000000000,15.939919682112674
2026-03-04 05:30:31.000000000,15.210757024988895
2026-03-04 05:14:22.000000000,12.527376715181918
2026-03-04 06:26:04.000000000,17.43240938888058
2026-03-04 06:04:54.000000000,15.654649556688005
2026-03-04 06:50:11.000000000,11.863100401192264
2026-03-04 06:09:44.000000000,83.1228578993496
2026-03-04 06:32:17.000000000,6.204654578680104
2026-03-04 06:06:55.000000000,39.61361209827299
2026-03-04 06:20:41.000000000,15.735229320043214
2026-03-04 06:28:27.000000000,6.269549144567157
2026-03-04 06:45:24.000000000,15.119874251310398
2026-03-04 06:37:17.000000000,15.775891281559066
2026-03-04 07:18:09.000000000,10.764838646350018
2026-03-04 07:51:49.000000000,40.73848743364414
2026-03-04 07:56:22.000000000,13.833366683138093
2026-03-04 07:49:22.000000000,18.48731080861613
2026-03-04 07:48:03.000000000,34.13950293662549
2026-03-04 07:18:40.000000000,10.71596842476284
2026-03-04 07:10:21.000000000,16.98779868958861
2026-03-04 07:06:20.000000000,58.95488749757881
2026-03-04 07:18:27.000000000,51.21569415779353
2026-03-04 07:35:27.000000000,40.378952794799574
2026-03-04 07:56:51.000000000,33.272567133429504
2026-03-04 07:21:51.000000000,16.801386099006926
2026-03-04 07:17:26.000000000,21.431472119448106
2026-03-04 07:15:47.000000000,8.496974508154675
2026-03-04 07:43:13.000000000,41.96541081949682
2026-03-04 07:42:52.000000000,21.49476697566597
2026-03-04 07:51:27.000000000,61.94418444215555
2026-03-04 07:25:45.000000000,86.56012472175958
2026-03-04 07:25:41.000000000,6.718353440158663
2026-03-04 07:45:11.000000000,29.81961554401033
2026-03-04 08:26:02.000000000,34.20438099428747
2026-03-04 08:30:27.000000000,32.72323946221946
2026-03-04 08:15:11.000000000,31.465638349561463
2026-03-04 08:06:46.000000000,10.714458082347893
2026-03-04 08:12:32.000000000,82.45154069197416
2026-03-04 08:33:50.000000000,16.49085291424878
2026-03-04 08:40:31.000000000,8.398987380120593
2026-03-04 08:30:22.000000000,30.47656471538891
2026-03-04 08:15:00.000000000,36.39835437082204
2026-03-04 08:05:48.000000000,14.505466985151918
2026-03-04 08:14:19.000000000,43.14236893212429
2026-03-04 08:51:55.000000000,24.82951357374265
2026-03-04 08:46:54.000000000,29.60635528791614
2026-03-04 08:00:07.000000000,50.942146857196
2026-03-04 08:50:50.000000000,10.686060114398757
2026-03-04 08:25:04.000000000,89.77417727360839
2026-03-04 08:58:03.000000000,78.69687347949628
2026-03-04 08:36:01.000000000,5.465711214534778
2026-03-04 08:17:31.000000000,8.781262955947422
2026-03-04 09:01:58.000000000,15.784370049425501
2026-03-04 09:13:55.000000000,24.18187499332495
2026-03-04 09:38:42.000000000,14.023554898322425
2026-03-04 09:40:10.000000000,72.60277920302674
2026-03-04 09:27:00.000000000,29.09221411900876
2026-03-04 09:30:49.000000000,19.848772385357954
2026-03-04 09:32:14.000000000,12.774884006955984
2026-03-04 09:49:36.000000000,12.328417607320793
2026-03-04 09:11:47.000000000,73.84431429906273
2026-03-04 09:49:30.000000000,14.429736479811478
2026-03-04 09:56:14.000000000,12.473415095124205
2026-03-04 09:09:17.000000000,11.978014810217873
2026-03-04 09:58:17.000000000,23.06065106603825
2026-03-04 10:02:26.000000000,9.086675663125678
2026-03-04 10:17:25.000000000,9.354239856368158
2026-03-04 10:19:01.000000000,14.772898626148276
2026-03-04 10:16:37.000000000,10.824032014589715
2026-03-04 10:58:27.000000000,10.569818539569109
2026-03-04 10:25:56.000000000,31.10213880020401
2026-03-04 10:39:20.000000000,7.055161785193621
2026-03-04 10:16:13.000000000,12.34573269313306
2026-03-04 10:00:59.000000000,127.96614910115834
2026-03-04 10:36:49.000000000,24.088136872373997
2026-03-04 10:12:36.000000000,49.89560966036179
2026-03-04 10:51:22.000000000,32.04155845040698
2026-03-04 10:02:32.000000000,10.486787986069622
2026-03-04 10:37:25.000000000,32.8868467077597
2026-03-04 11:17:08.000000000,17.65647080115082
2026-03-04 11:08:49.000000000,33.72018524994202
2026-03-04 11:57:33.000000000,20.914558117455634
2026-03-04 11:19:52.000000000,15.299033691646585
2026-03-04 11:59:20.000000000,10.493414408277847
2026-03-04 11:16:41.000000000,69.17218138536306
2026-03-04 11:59:12.000000000,22.204495908613797
2026-03-04 11:25:49.000000000,51.72321553893994
2026-03-04 11:03:00.000000000,50.286115374955365
2026-03-04 11:47:42.000000000,25.87324033116511
2026-03-04 11:48:49.000000000,9.510567048038942
2026-03-04 11:38:56.000000000,99.2066801276588
2026-03-04 12:16:51.000000000,24.367378157274864
2026-03-04 12:43:26.000000000,17.853346502157947
2026-03-04 12:15:55.000000000,53.69807621735524
2026-03-04 12:35:13.000000000,30.40467176719632
2026-03-04 12:04:41.000000000,15.588569373476178
2026-03-04 12:16:51.000000000,14.17791737988252
2026-03-04 12:57:10.000000000,42.04169861797631
2026-03-04 12:14:21.000000000,8.343818287205497
2026-03-04 12:20:33.000000000,13.016519955725329
2026-03-04 12:02:19.000000000,42.20266802450965
2026-03-04 12:41:40.000000000,18.54907651580495
2026-03-04 12:09:44.000000000,7.052705687998121
2026-03-04 13:30:34.000000000,99.02858875521646
2026-03-04 13:52:17.000000000,24.824218880167177
2026-03-04 13:48:55.000000000,20.046720666166607
2026-03-04 13:47:53.000000000,9.868150142857342
2026-03-04 13:50:18.000000000,32.130757558117075
2026-03-04 13:15:19.000000000,62.57872086529317
2026-03-04 13:12:34.000000000,37.66114630856801
2026-03-04 13:43:25.000000000,30.25748554745462
2026-03-04 13:42:41.000000000,22.961008826903527
2026-03-04 13:54:48.000000000,26.188638508032266
2026-03-04 13:28:08.000000000,27.031131591215267
2026-03-04 13:20:42.000000000,28.033093595856858
2026-03-04 14:00:03.000000000,14.83015687417606
2026-03-04 14:38:35.000000000,162.38485370525692
2026-03-04 14:48:55.000000000,31.96681635410478
2026-03-04 14:14:10.000000000,14.221113800747437
2026-03-04 14:51:09.000000000,13.526611650533665
2026-03-04 14:06:27.000000000,23.286513017206293
2026-03-04 14:07:50.000000000,20.814664870120605
2026-03-04 14:13:25.000000000,14.235795331766106
2026-03-04 14:22:12.000000000,18.94253993769934
2026-03-04 14:40:01.000000000,23.06484447460562
2026-03-04 14:45:15.000000000,19.591964872790133
2026-03-04 14:02:24.000000000,22.12795254280465
2026-03-04 14:30:46.000000000,41.989610170148666
2026-03-04 14:45:41.000000000,7.566706434107823
2026-03-04 14:23:48.000000000,49.28787162234256
2026-03-04 14:25:07.000000000,45.31840825691424
2026-03-04 14:51:52.000000000,16.88920418965515
2026-03-04 14:39:04.000000000,18.48255596305421
2026-03-04 14:57:27.000000000,11.982192425142227
2026-03-04 14:25:58.000000000,36.539506616902635
2026-03-04 14:05:49.000000000,44.40396604563398
2026-03-04 14:52:32.000000000,24.854001647988444
2026-03-04 15:56:32.000000000,40.44942397475996
2026-03-04 15:06:57.000000000,103.9613897761738
2026-03-04 15:01:59.000000000,44.34791794271435
2026-03-04 15:31:18.000000000,9.438104121458823
2026-03-04 15:30:50.000000000,15.10393987630447
2026-03-04 15:31:32.000000000,20.91302517051936
2026-03-04 15:41:28.000000000,15.625927024587332
2026-03-04 15:06:20.000000000,7.8186312127329725
2026-03-04 15:12:17.000000000,59.63287866456774
2026-03-04 15:54:34.000000000,10.248238946430568
2026-03-04 15:36:52.000000000,25.29801158209265
2026-03-04 15:09:11.000000000,18.09669698649165
2026-03-04 15:31:26.000000000,8.530731734222107
2026-03-04 15:13:02.000000000,18.907580505179936
2026-03-04 16:39:27.000000000,20.84162541788194
2026-03-04 16:33:02.000000000,6.738587232771534
2026-03-04 16:18:17.000000000,13.64838135340035
2026-03-04 16:45:09.000000000,32.88183124206159
2026-03-04 16:46:30.000000000,15.331435346278125
2026-03-04 16:50:38.000000000,8.230680500211307
2026-03-04 16:49:05.000000000,26.742450514786878
2026-03-04 16:41:07.000000000,19.73121525706649
2026-03-04 16:43:12.000000000,37.55751201622818
2026-03-04 16:57:01.000000000,6.463584771852504
2026-03-04 16:38:41.000000000,18.450846567303934
2026-03-04 16:51:04.000000000,81.3726628749265
2026-03-04 16:59:12.000000000,13.489407612984854
2026-03-04 16:32:26.000000000,22.705286013093087
2026-03-04 16:56:06.000000000,22.31940058873838
2026-03-04 16:24:18.000000000,16.50675881816431
2026-03-04 16:43:23.000000000,42.13628086844913
2026-03-04 16:51:01.000000000,31.24915259027922
2026-03-04 16:56:26.000000000,72.85282612323044
2026-03-04 16:31:53.000000000,15.155411003886492
2026-03-04 16:25:08.000000000,5.852259131117472
2026-03-04 16:07:37.000000000,87.49829399584972
2026-03-04 16:46:32.000000000,10.638859025264928
2026-03-04 16:25:37.000000000,54.30665613956136
2026-03-04 17:07:05.000000000,13.541063542901863
2026-03-04 17:33:36.000000000,9.048565954484753
2026-03-04 17:46:24.000000000,9.488612838915609
2026-03-04 17:47:25.000000000,19.95974093374625
2026-03-04 17:06:00.000000000,36.12512224985097
2026-03-04 17:41:47.000000000,11.257559457994956
2026-03-04 17:38:13.000000000,11.55281032939922
2026-03-04 17:19:19.000000000,51.43281522616293
2026-03-04 17:13:04.000000000,104.82859581319406
2026-03-04 17:26:27.000000000,9.817289604370039
2026-03-04 17:53:59.000000000,14.595482501010814
2026-03-04 17:09:15.000000000,12.415001105574756
2026-03-04 17:08:06.000000000,10.031926321705267
2026-03-04 17:00:47.000000000,26.843448284739164
2026-03-04 17:22:26.000000000,12.087588268825133
2026-03-04 17:22:10.000000000,34.22442474637923
2026-03-04 17:28:43.000000000,112.0609856121612
2026-03-04 17:10:57.000000000,12.09207684424862
2026-03-04 17:48:29.000000000,33.64836271966906
2026-03-04 18:26:04.000000000,11.553060040903627
2026-03-04 18:40:34.000000000,16.66216674619935
2026-03-04 18:32:24.000000000,12.232246613630084
2026-03-04 18:11:00.000000000,18.570230857069056
2026-03-04 18:49:25.000000000,83.91659869015604
2026-03-04 18:10:43.000000000,14.462803627355266
2026-03-04 18:43:14.000000000,29.146401479704412
2026-03-04 18:30:04.000000000,21.10237008378135
2026-03-04 18:18:47.000000000,146.92342051341487
2026-03-04 18:40:51.000000000,30.837506515442843
2026-03-04 18:48:45.000000000,8.548014044462906
2026-03-04 18:36:51.000000000,17.365331072523798
2026-03-04 18:42:25.000000000,22.36633081461048
2026-03-04 18:46:39.000000000,31.367296108160463
2026-03-04 18:06:16.000000000,8.935254369999361
2026-03-04 18:07:27.000000000,13.47395391288887
2026-03-04 18:32:20.000000000,10.574355559604985
2026-03-04 18:58:13.000000000,25.965904973540482
2026-03-04 18:52:40.000000000,25.830514512622734
2026-03-04 18:55:30.000000000,15.801717821757654
2026-03-04 18:03:37.000000000,11.445760066813106
2026-03-04 18:47:15.000000000,9.498678286790184
2026-03-04 18:39:31.000000000,27.75136645909413
2026-03-04 18:21:09.000000000,33.76692471243679
2026-03-04 18:25:44.000000000,28.567359842303325
2026-03-04 18:32:50.000000000,50.4811360523607
2026-03-04 18:23:01.000000000,76.02485406474631
2026-03-04 18:30:04.000000000,58.795055030918846
2026-03-04 19:55:50.000000000,10.326044103298692
2026-03-04 19:06:01.000000000,9.577865204154332
2026-03-04 19:23:52.000000000,17.979221994376953
2026-03-04 19:02:40.000000000,17.127989687611247
2026-03-04 19:16:52.000000000,30.799289382815356
2026-03-04 19:50:56.000000000,34.11112147416452
2026-03-04 19:59:15.000000000,13.27078646113705
2026-03-04 19:11:07.000000000,13.707458887677108
2026-03-04 19:29:37.000000000,23.057422782566995
2026-03-04 19:32:01.000000000,37.700740678826556
2026-03-04 19:39:56.000000000,40.95179744236684
2026-03-04 19:59:25.000000000,14.276766751582347
2026-03-04 19:16:50.000000000,43.229391633222455
2026-03-04 19:30:26.000000000,28.626635308217782
2026-03-04 19:08:00.000000000,33.39330487635074
2026-03-04 19:08:20.000000000,85.50441125079547
2026-03-04 19:49:59.000000000,8.449685363681814
2026-03-04 19:56:12.000000000,48.41771182745759
2026-03-04 19:13:01.000000000,24.824941629599056
2026-03-04 19:38:47.000000000,30.740954270153154
2026-03-04 19:48:38.000000000,133.05100732055453
2026-03-04 20:09:48.000000000,73.53299392497745
2026-03-04 20:32:34.000000000,12.998395840406147
2026-03-04 20:13:40.000000000,10.867753565634358
2026-03-04 20:45:25.000000000,26.294045015344548
2026-03-04 20:16:06.000000000,49.8949483582778
2026-03-04 20:42:33.000000000,42.60671957080823
2026-03-04 20:39:11.000000000,13.240527593599444
2026-03-04 20:27:38.000000000,7.816165310782592
2026-03-04 20:00:50.000000000,14.538699739029058
2026-03-04 20:39:06.000000000,8.422982914437398
2026-03-04 20:01:38.000000000,22.064562392404834
2026-03-04 20:04:14.000000000,32.40244711360072
2026-03-04 20:48:10.000000000,94.81121937412422
2026-03-04 20:12:01.000000000,10.076688466880789
2026-03-04 20:20:35.000000000,44.209096165767875
2026-03-04 20:42:09.000000000,24.716979496719794
2026-03-04 21:06:54.000000000,15.578494655036065
2026-03-04 21:51:45.000000000,105.88805708910495
2026-03-04 21:31:21.000000000,39.18783066216761
2026-03-04 21:02:57.000000000,18.73152908325453
2026-03-04 21:13:24.000000000,7.1442447768510515
2026-03-04 21:39:23.000000000,6.775391788095487
2026-03-04 21:08:29.000000000,50.02946314302564
2026-03-04 21:38:23.000000000,36.21503598062476
2026-03-04 21:32:46.000000000,22.73682456987314
2026-03-04 21:09:46.000000000,20.98803313944426
2026-03-04 21:18:43.000000000,32.72923978040188
2026-03-04 21:14:31.000000000,8.722977079294749
2026-03-04 21:00:23.000000000,68.25531389806399
2026-03-04 21:17:44.000000000,8.80662780212047
2026-03-04 21:55:46.000000000,17.72604552413592
2026-03-04 22:34:44.000000000,19.67153038890262
2026-03-04 22:42:11.000000000,9.783649907264012
2026-03-04 22:43:16.000000000,14.328201436754245
2026-03-04 22:16:10.000000000,9.859111994095725
2026-03-04 22:22:55.000000000,17.53447005054829
2026-03-04 22:59:14.000000000,17.685185802730597
2026-03-04 22:10:10.000000000,38.09216913368595
2026-03-04 22:07:24.000000000,215.7340811417074
2026-03-04 23:01:31.000000000,18.91277195120239
2026-03-04 23:42:33.000000000,27.414819948772152
2026-03-04 23:04:09.000000000,34.5010135045096
2026-03-04 23:44:00.000000000,7.894285491049635
2026-03-04 23:03:03.000000000,106.40608952436232
2026-03-04 23:30:40.000000000,20.39665780629886
2026-03-04 23:11:26.000000000,7.251863298278634
2026-03-04 23:13:17.000000000,36.76332890610679
2026-03-04 23:48:48.000000000,41.00713694632782
2026-03-05 00:45:12.000000000,7.984600939227462
2026-03-05 00:06:19.000000000,20.664135778509962
2026-03-05 00:57:24.000000000,14.066743253595181
2026-03-05 00:31:48.000000000,8.791620674559706
2026-03-05 01:02:26.000000000,10.743745448868383
2026-03-05 01:45:18.000000000,18.865579770380176
2026-03-05 01:16:42.000000000,8.826604858290814
2026-03-05 01:17:29.000000000,47.276744214893796
2026-03-05 01:50:10.000000000,18.914784442848248
2026-03-05 01:51:22.000000000,10.057665101903481
2026-03-05 02:53:14.000000000,15.923248635292177
2026-03-05 03:13:11.000000000,14.181105985353044
2026-03-05 04:39:09.000000000,14.877480203809279
2026-03-05 04:24:58.000000000,25.848044249489277
2026-03-05 04:27:18.000000000,13.014705579502793
2026-03-05 04:26:30.000000000,20.39967766714471
2026-03-05 05:32:42.000000000,18.977561882183114
2026-03-05 05:15:35.000000000,93.77961672718502
2026-03-05 05:32:15.000000000,8.507720583912207
2026-03-05 05:28:00.000000000,16.71415926321134
2026-03-05 05:08:54.000000000,8.241314795716185
2026-03-05 06:30:21.000000000,42.458706903380666
2026-03-05 06:26:24.000000000,23.64380494479979
2026-03-05 06:00:25.000000000,27.51142447621178
2026-03-05 06:31:27.000000000,9.844788863783911
2026-03-05 06:17:18.000000000,42.138599560482156
2026-03-05 06:55:49.000000000,12.344278268738993
2026-03-05 06:47:37.000000000,105.96873767344334
2026-03-05 06:28:28.000000000,15.414547009101092
2026-03-05 06:59:39.000000000,11.465678542967055
2026-03-05 07:03:21.000000000,41.46805244007533
2026-03-05 07:52:29.000000000,45.94348794890345
2026-03-05 07:29:01.000000000,32.042832130325
2026-03-05 07:22:40.000000000,44.36010472528111
2026-03-05 07:41:20.000000000,39.51997995507526
2026-03-05 07:14:04.000000000,157.82103004510236
2026-03-05 07:21:12.000000000,21.556583147381208
2026-03-05 07:56:26.000000000,19.683434338560538
2026-03-05 07:04:42.000000000,20.83731081446453
2026-03-05 07:01:14.000000000,26.71228205192113
2026-03-05 07:53:47.000000000,28.01583140661519
2026-03-05 07:42:33.000000000,11.330403965926475
2026-03-05 07:04:43.000000000,17.84618506748289
2026-03-05 07:00:14.000000000,12.116894219962933
2026-03-05 07:38:40.000000000,20.010487816036253
2026-03-05 08:33:57.000000000,7.6591655336268145
2026-03-05 08:57:13.000000000,19.386072574959336
2026-03-05 08:31:11.000000000,46.14349603131253
2026-03-05 08:50:32.000000000,25.753840028039363
2026-03-05 08:11:59.000000000,36.891068376469335
2026-03-05 08:10:06.000000000,20.667447361458283
2026-03-05 08:10:47.000000000,13.211115523144063
2026-03-05 08:14:30.000000000,48.05454530049157
2026-03-05 08:48:21.000000000,30.69564911990994
2026-03-05 08:26:18.000000000,12.683253523846554
2026-03-05 08:31:21.000000000,53.62679186783692
2026-03-05 08:34:34.000000000,53.06618771938752
2026-03-05 08:04:33.000000000,77.45607859957303
2026-03-05 08:35:46.000000000,8.819628220233389
2026-03-05 08:43:27.000000000,14.816570305861557
2026-03-05 08:51:53.000000000,11.02595287211535
2026-03-05 08:49:29.000000000,22.286508480407807
2026-03-05 08:45:09.000000000,48.80539717892359
2026-03-05 08:01:57.000000000,27.1212021692101
2026-03-05 08:50:51.000000000,12.205102349700708
2026-03-05 08:49:29.000000000,113.50588019196506
2026-03-05 08:33:01.000000000,7.640284162915601
2026-03-05 08:06:55.000000000,8.971653029987095
2026-03-05 08:19:54.000000000,15.42079004643136
2026-03-05 08:05:57.000000000,16.258920920742877
2026-03-05 08:10:46.000000000,23.825882605993804
2026-03-05 08:27:53.000000000,15.875231621195141
2026-03-05 09:06:04.000000000,59.47663487061949
2026-03-05 09:00:56.000000000,97.22119860966474
2026-03-05 09:20:19.000000000,11.535906107471968
2026-03-05 09:03:16.000000000,11.57939491356666
2026-03-05 09:22:08.000000000,15.733693051207128
2026-03-05 09:51:04.000000000,41.54939125310677
2026-03-05 09:08:55.000000000,11.344754561438807
2026-03-05 09:31:23.000000000,14.095144273301061
2026-03-05 09:58:39.000000000,14.888116333437509
2026-03-05 09:51:31.000000000,14.59933740395736
2026-03-05 09:35:48.000000000,14.03019125806653
2026-03-05 09:53:05.000000000,15.285498325243092
2026-03-05 09:50:59.000000000,21.228522244009177
2026-03-05 09:06:24.000000000,31.187540749661185
2026-03-05 09:52:02.000000000,46.190425885478014
2026-03-05 09:37:20.000000000,64.61351430857687
2026-03-05 09:51:45.000000000,18.355505837097727
2026-03-05 09:57:17.000000000,20.0225845964172
2026-03-05 09:24:20.000000000,101.39115570357367
2026-03-05 09:39:16.000000000,8.729175155720412
2026-03-05 09:58:09.000000000,68.44209286539598
2026-03-05 09:04:40.000000000,20.56271372921762
2026-03-05 10:25:28.000000000,17.285489268132455
2026-03-05 10:11:13.000000000,16.519795393493
2026-03-05 10:26:03.000000000,35.29212017459826
2026-03-05 10:24:40.000000000,8.611328255606752
2026-03-05 10:47:53.000000000,11.63628786518636
2026-03-05 10:22:54.000000000,17.009831075734226
2026-03-05 10:13:58.000000000,27.000191818058735
2026-03-05 10:12:37.000000000,73.03413888770923
2026-03-05 10:43:00.000000000,81.24124460453346
2026-03-05 10:42:21.000000000,145.02168805944783
2026-03-05 10:21:27.000000000,12.367391581727803
2026-03-05 10:51:37.000000000,88.44553859452901
2026-03-05 10:52:19.000000000,21.702316133842274
2026-03-05 10:13:17.000000000,22.208877770502994
2026-03-05 10:44:13.000000000,35.04717505278015
2026-03-05 10:20:28.000000000,22.042160739055152
2026-03-05 10:05:21.000000000,12.913311533574168
2026-03-05 10:09:47.000000000,16.821957301904533
2026-03-05 10:37:22.000000000,21.474422028352297
2026-03-05 10:03:59.000000000,31.623692363189676
2026-03-05 10:02:08.000000000,34.921587106822294
2026-03-05 10:00:28.000000000,12.510350195163594
2026-03-05 10:32:47.000000000,21.961216625456313
2026-03-05 10:34:20.000000000,11.678665089498603
2026-03-05 10:03:28.000000000,28.93093516322179
2026-03-05 10:48:15.000000000,90.11258562793488
2026-03-05 10:22:46.000000000,8.766515996123875
2026-03-05 11:43:19.000000000,15.690655103774912
2026-03-05 11:13:31.000000000,15.120591635346464
2026-03-05 11:12:05.000000000,14.377299137719977
2026-03-05 11:30:24.000000000,28.155044881831646
2026-03-05 11:06:38.000000000,15.547659182824418
2026-03-05 11:03:01.000000000,35.658767173916985
2026-03-05 11:26:29.000000000,21.25844114965213
2026-03-05 11:39:48.000000000,29.371465838804262
2026-03-05 11:55:07.000000000,47.104745383439955
2026-03-05 11:32:02.000000000,17.215064036636754
2026-03-05 11:43:43.000000000,18.310275844930302
2026-03-05 11:25:19.000000000,23.500583701412367
2026-03-05 11:45:44.000000000,19.983516793235204
2026-03-05 11:34:14.000000000,31.124818098602056
2026-03-05 11:24:37.000000000,9.115572642729374
2026-03-05 11:43:41.000000000,7.788949470744577
2026-03-05 11:42:22.000000000,11.477679658918277
2026-03-05 12:27:59.000000000,13.138120017870316
2026-03-05 12:31:03.000000000,7.210861693458509
2026-03-05 12:38:36.000000000,108.13469020959934
2026-03-05 12:39:19.000000000,15.229331194511103
2026-03-05 12:38:03.000000000,14.98863117982453
2026-03-05 12:11:26.000000000,8.629342751831322
2026-03-05 12:00:41.000000000,102.89412280259637
2026-03-05 12:13:20.000000000,16.89230020133379
2026-03-05 12:07:58.000000000,10.962474815946528
2026-03-05 12:30:40.000000000,16.8928205954591
2026-03-05 12:11:46.000000000,8.66509847828382
2026-03-05 12:32:04.000000000,24.74674563346194
2026-03-05 12:55:04.000000000,22.87649510390596
2026-03-05 12:18:36.000000000,66.80544450197314
2026-03-05 12:49:32.000000000,75.33387232086349
2026-03-05 12:12:14.000000000,48.554328796208885
2026-03-05 12:43:28.000000000,9.782608580795317
2026-03-05 12:44:53.000000000,13.262108584442371
2026-03-05 13:54:16.000000000,28.42642457037512
2026-03-05 13:29:09.000000000,35.79852033197566
2026-03-05 13:38:10.000000000,16.029920095770645
2026-03-05 13:59:03.000000000,32.20829486809577
2026-03-05 13:53:36.000000000,7.03876401131614
2026-03-05 13:21:50.000000000,15.993421617690597
2026-03-05 13:36:43.000000000,23.797078954217564
2026-03-05 13:16:28.000000000,10.188077718904568
2026-03-05 13:48:38.000000000,8.055081418070513
2026-03-05 13:48:14.000000000,40.89782509326396
2026-03-05 13:55:49.000000000,87.52763431143991
2026-03-05 13:13:22.000000000,13.338994871110206
2026-03-05 13:09:11.000000000,12.048891430207638
2026-03-05 13:01:53.000000000,10.236603974776857
2026-03-05 13:17:38.000000000,25.92770941877234
2026-03-05 14:36:49.000000000,15.256119908731359
2026-03-05 14:45:54.000000000,153.2460344989896
2026-03-05 14:57:29.000000000,20.816463227271324
2026-03-05 14:34:03.000000000,86.67490809413495
2026-03-05 14:57:02.000000000,13.119434944314806
2026-03-05 14:12:12.000000000,51.47572182008536
2026-03-05 14:08:29.000000000,8.004515380827744
2026-03-05 14:05:56.000000000,12.567028873710639
2026-03-05 14:03:40.000000000,44.472513636332394
2026-03-05 14:16:02.000000000,55.065868408689816
2026-03-05 15:58:36.000000000,113.10953250178224
2026-03-05 15:07:57.000000000,20.942159745155955
2026-03-05 15:12:08.000000000,35.725161245209165
2026-03-05 15:29:39.000000000,13.355312356045546
2026-03-05 15:56:16.000000000,12.055759061436412
2026-03-05 15:38:41.000000000,38.897442522419375
2026-03-05 15:22:24.000000000,67.82258997120505
2026-03-05 15:11:43.000000000,62.24344414439336
2026-03-05 15:58:04.000000000,7.683387427840709
2026-03-05 15:10:24.000000000,26.03199668570588
2026-03-05 15:00:41.000000000,15.251009437355425
2026-03-05 15:49:52.000000000,30.336586529641377
2026-03-05 15:26:51.000000000,17.17147479985933
2026-03-05 15:57:09.000000000,17.562411770005923
2026-03-05 15:11:19.000000000,25.032795061651704
2026-03-05 15:57:25.000000000,29.37953375955769
2026-03-05 15:49:39.000000000,12.074137480643074
2026-03-05 15:42:09.000000000,13.531781213178572
2026-03-05 15:00:19.000000000,13.330290436419045
2026-03-05 15:28:30.000000000,34.9420888903123
2026-03-05 15:18:52.000000000,104.71938075039363
2026-03-05 15:44:03.000000000,37.460642742259786
2026-03-05 15:12:49.000000000,30.224320826625203
2026-03-05 15:06:13.000000000,39.65291632532044
2026-03-05 15:45:51.000000000,21.229251747604625
2026-03-05 15:24:16.000000000,10.071299267090069
2026-03-05 15:21:07.000000000,37.00492784329562
2026-03-05 16:15:26.000000000,12.168596204498366
2026-03-05 16:46:29.000000000,7.62479386892534
2026-03-05 16:43:25.000000000,10.446636315381719
2026-03-05 16:35:20.000000000,49.82919609275815
2026-03-05 16:21:27.000000000,23.427780501077653
2026-03-05 16:55:01.000000000,55.44563867641681
2026-03-05 16:56:18.000000000,26.064614600935162
2026-03-05 16:51:54.000000000,28.440584048498067
2026-03-05 16:51:15.000000000,13.81852940545577
2026-03-05 16:21:13.000000000,62.966769462759984
2026-03-05 16:52:03.000000000,23.248010312610194
2026-03-05 16:51:56.000000000,37.19776792809515
2026-03-05 16:07:28.000000000,16.559767052728304
2026-03-05 16:10:13.000000000,12.587242388385599
2026-03-05 16:04:37.000000000,29.287201117497407
2026-03-05 16:27:59.000000000,23.697771483561628
2026-03-05 16:50:52.000000000,11.351144814553173
2026-03-05 16:36:35.000000000,13.587811695262571
2026-03-05 16:34:25.000000000,44.46259675240747
2026-03-05 17:09:33.000000000,14.717059828714094
2026-03-05 17:49:24.000000000,22.84538181091328
2026-03-05 17:04:48.000000000,11.521590948427663
2026-03-05 17:54:11.000000000,60.227444216007925
2026-03-05 17:50:00.000000000,31.90464188726389
2026-03-05 17:54:41.000000000,6.771231719257523
2026-03-05 17:48:43.000000000,8.230680500211307
2026-03-05 17:26:09.000000000,28.59659081941079
2026-03-05 17:45:25.000000000,13.077775748864468
2026-03-05 17:39:30.000000000,19.84410831272653
2026-03-05 17:13:21.000000000,60.03430655327862
2026-03-05 17:45:53.000000000,50.439649184916064
2026-03-05 17:44:40.000000000,25.212159726886632
2026-03-05 17:35:09.000000000,21.14908078943786
2026-03-05 17:55:35.000000000,13.334134953461517
2026-03-05 17:30:06.000000000,9.517472328431877
2026-03-05 17:21:24.000000000,23.66095371790052
2026-03-05 18:13:57.000000000,9.117724954771804
2026-03-05 18:51:06.000000000,11.898175427638183
2026-03-05 18:15:12.000000000,42.65695992873464
2026-03-05 18:03:04.000000000,109.53725970690081
2026-03-05 18:34:44.000000000,12.929709636462047
2026-03-05 18:31:05.000000000,23.75170927754136
2026-03-05 18:30:18.000000000,29.136360138600665
2026-03-05 18:18:10.000000000,32.04702680232818
2026-03-05 18:59:25.000000000,29.7768724244404
2026-03-05 18:28:52.000000000,27.64868853847217
2026-03-05 18:45:30.000000000,42.49154699997668
2026-03-05 18:25:43.000000000,25.01710863082313
2026-03-05 18:51:13.000000000,15.500929740594875
2026-03-05 18:14:01.000000000,55.52726211204354
2026-03-05 18:00:55.000000000,57.35979739112767
2026-03-05 18:45:03.000000000,18.032752638739936
2026-03-05 18:58:24.000000000,23.269846565969907
2026-03-05 18:58:32.000000000,31.99645236680361
2026-03-05 19:36:25.000000000,90.01332804178276
2026-03-05 19:34:28.000000000,15.302241651328588
2026-03-05 19:05:45.000000000,8.822092329002711
2026-03-05 19:42:07.000000000,28.928896469810965
2026-03-05 19:04:51.000000000,19.895228507397178
2026-03-05 19:37:01.000000000,12.187671388286896
2026-03-05 19:41:07.000000000,54.38325179866683
2026-03-05 19:15:23.000000000,14.50456460342279
2026-03-05 19:46:43.000000000,16.591730541043272
2026-03-05 19:12:56.000000000,19.41455414940701
2026-03-05 19:09:52.000000000,24.780374769365288
2026-03-05 19:18:37.000000000,44.12344775531942
2026-03-05 19:29:05.000000000,56.03929812793747
2026-03-05 19:29:31.000000000,15.040135274543465
2026-03-05 19:34:54.000000000,5.947914452933202
2026-03-05 19:46:50.000000000,32.73435459656771
2026-03-05 20:46:10.000000000,20.334547102687377
2026-03-05 20:32:19.000000000,16.949160329579474
2026-03-05 20:53:05.000000000,12.195695372064321
2026-03-05 20:02:38.000000000,6.996732056827663
2026-03-05 20:34:41.000000000,29.18213149832542
2026-03-05 20:25:25.000000000,73.87070571519406
2026-03-05 20:24:23.000000000,24.295816261458988
2026-03-05 20:59:16.000000000,14.358545059544534
2026-03-05 20:10:28.000000000,7.925124097256892
2026-03-05 20:09:52.000000000,214.61751566947564
2026-03-05 20:39:33.000000000,20.341405249225073
2026-03-05 20:19:34.000000000,37.18775815800102
2026-03-05 20:14:02.000000000,36.70897427754544
2026-03-05 20:34:10.000000000,37.91657292184791
2026-03-05 20:22:48.000000000,22.711098771012605
2026-03-05 20:48:39.000000000,9.488742953418337
2026-03-05 20:14:53.000000000,22.01086276319988
2026-03-05 20:10:36.000000000,39.97016247352815
2026-03-05 20:19:00.000000000,11.764503454933735
2026-03-05 20:16:44.000000000,77.1776904127408
2026-03-05 20:29:10.000000000,59.34651974935843
2026-03-05 20:27:31.000000000,21.110078762178563
2026-03-05 20:02:42.000000000,11.007992156277032
2026-03-05 20:52:23.000000000,39.03517052574974
2026-03-05 21:18:15.000000000,32.20552892926824
2026-03-05 21:26:25.000000000,138.31895981846162
2026-03-05 21:30:14.000000000,6.302324294785666
2026-03-05 21:33:11.000000000,26.719790298742947
2026-03-05 21:23:42.000000000,215.88317543836237
2026-03-05 21:18:05.000000000,34.574615193172264
2026-03-05 21:10:52.000000000,172.77199284970305
2026-03-05 21:27:46.000000000,89.69985611953497
2026-03-05 21:25:31.000000000,9.845244915302073
2026-03-05 21:30:52.000000000,5.272293552320176
2026-03-05 21:16:42.000000000,12.643932836489558
2026-03-05 21:47:36.000000000,6.770017341185541
2026-03-05 21:41:18.000000000,13.100137294240993
2026-03-05 21:57:11.000000000,25.662491214289677
2026-03-05 21:56:05.000000000,14.986603790805244
2026-03-05 21:43:54.000000000,117.67914543525181
2026-03-05 21:28:28.000000000,13.919882728466666
2026-03-05 21:10:27.000000000,16.656245806758992
2026-03-05 21:55:25.000000000,36.91746086268793
2026-03-05 21:26:49.000000000,9.96116934261424
2026-03-05 22:18:31.000000000,45.327009882507085
2026-03-05 22:06:57.000000000,19.458663170675006
2026-03-05 22:39:06.000000000,15.706021083170867
2026-03-05 22:33:13.000000000,16.010532766771686
2026-03-05 22:15:46.000000000,7.6255463800040335
2026-03-05 22:46:03.000000000,28.75900022112223
2026-03-05 22:18:33.000000000,21.139587537544074
2026-03-05 22:02:41.000000000,23.683644280315157
2026-03-05 22:30:30.000000000,26.40232006110431
2026-03-05 22:23:20.000000000,9.183800833396765
2026-03-05 22:31:41.000000000,11.570717477243292
2026-03-05 22:01:35.000000000,50.88895170592597
2026-03-05 22:56:32.000000000,21.27317866591093
2026-03-05 22:22:26.000000000,8.162647930846758
2026-03-05 22:23:02.000000000,6.342475047478772
2026-03-05 22:18:56.000000000,25.146202463124972
2026-03-05 22:01:50.000000000,12.324312594704061
2026-03-05 22:52:57.000000000,13.455768379581972
2026-03-05 22:23:46.000000000,63.42148413646103
2026-03-05 22:06:26.000000000,55.71378283226144
2026-03-05 22:13:13.000000000,42.79681541060983
2026-03-05 22:24:23.000000000,13.278422135038456
2026-03-05 22:45:09.000000000,24.192090841150733
2026-03-05 22:10:28.000000000,7.928216434581746
2026-03-05 22:26:52.000000000,58.30857869649646
2026-03-05 22:49:21.000000000,21.20691713731404
2026-03-05 22:35:07.000000000,16.756448393875303
2026-03-05 23:38:25.000000000,14.746991518836749
2026-03-05 23:04:32.000000000,13.173624916359795
2026-03-05 23:23:37.000000000,15.589306751569314
2026-03-05 23:59:29.000000000,18.43230750360908
2026-03-05 23:33:18.000000000,44.77367879247676
2026-03-05 23:27:24.000000000,12.21731817661943
2026-03-05 23:57:34.000000000,12.128233238648894
2026-03-05 23:37:44.000000000,14.06375090557184
2026-03-05 23:00:25.000000000,9.923012386442114
2026-03-05 23:55:20.000000000,35.00648958512804
2026-03-05 23:18:27.000000000,17.46748151221242
2026-03-05 23:48:46.000000000,12.851118696539311
2026-03-05 23:09:27.000000000,17.903668148942852
2026-03-05 23:54:35.000000000,17.76897529259826
2026-03-05 23:39:44.000000000,24.897795279043496
2026-03-05 23:09:58.000000000,94.71892488898656
2026-03-05 23:35:42.000000000,32.983823478619136
2026-03-05 23:26:52.000000000,18.24470145377964
2026-03-05 23:31:08.000000000,14.900576446296968
2026-03-05 23:17:17.000000000,18.171823361358804
2026-03-05 23:51:39.000000000,10.838337151372485
2026-03-05 23:51:16.000000000,22.024485633492
2026-03-05 23:29:10.000000000,36.41012244005758
2026-03-05 23:01:22.000000000,45.48987834173917
2026-03-05 23:41:22.000000000,23.366497519607318
2026-03-05 23:43:35.000000000,18.81923255975429
2026-03-05 23:34:35.000000000,6.882452435331723
2026-03-05 23:32:26.000000000,52.153837566111044
2026-03-05 23:22:25.000000000,9.177262160075793
2026-03-05 23:45:20.000000000,8.391154683498401
2026-03-05 23:18:59.000000000,10.872728693798786
2026-03-06 00:42:52.000000000,29.252588808721207
2026-03-06 00:15:40.000000000,9.808324933114474
2026-03-06 00:04:20.000000000,26.866332526338937
2026-03-06 00:35:19.000000000,25.346240536040426
2026-03-06 00:21:13.000000000,12.731595850013042
2026-03-06 00:45:13.000000000,23.508469952856743
2026-03-06 00:30:00.000000000,36.82952346057706
2026-03-06 01:50:46.000000000,8.0784839988002
2026-03-06 01:21:28.000000000,24.72024503380894
2026-03-06 01:24:38.000000000,10.331910884459115
2026-03-06 01:30:45.000000000,22.409731343877507
2026-03-06 01:06:14.000000000,7.798026873292968
2026-03-06 01:45:07.000000000,8.555457835677917
2026-03-06 01:00:27.000000000,11.614790159128589
2026-03-06 01:02:21.000000000,50.905623230658705
2026-03-06 02:20:24.000000000,22.3378949617945
2026-03-06 02:37:16.000000000,14.057533367439557
2026-03-06 02:11:23.000000000,12.795363891499044
2026-03-06 03:25:05.000000000,29.941009170956033
2026-03-06 03:36:21.000000000,53.26819236717415
2026-03-06 03:11:22.000000000,9.131387631383053
2026-03-06 03:45:32.000000000,9.499976143683819
2026-03-06 03:13:54.000000000,12.337585852700636
2026-03-06 04:11:01.000000000,9.380777576278598
2026-03-06 04:57:35.000000000,32.44374206010929
2026-03-06 04:16:42.000000000,53.5363790480941
2026-03-06 05:04:50.000000000,69.51975382638327
2026-03-06 05:43:13.000000000,50.29989021479597
2026-03-06 05:50:56.000000000,8.056866503681116
2026-03-06 05:07:37.000000000,47.77776125315414
2026-03-06 05:37:50.000000000,136.03341696074327
2026-03-06 05:25:41.000000000,8.308568572609882
2026-03-06 05:32:03.000000000,65.66080102355426
2026-03-06 05:27:47.000000000,19.909258871290866
2026-03-06 05:53:48.000000000,15.780174077503831
2026-03-06 05:26:14.000000000,7.887209436667882
2026-03-06 05:55:33.000000000,8.650121113219999
2026-03-06 06:19:18.000000000,16.83265306118943
2026-03-06 06:28:07.000000000,12.94974298229644
2026-03-06 06:04:24.000000000,17.763847682060458
2026-03-06 06:56:59.000000000,8.72790634990063
2026-03-06 06:25:56.000000000,8.520073306171138
2026-03-06 06:59:08.000000000,26.567481625583262
2026-03-06 06:27:54.000000000,44.36303187887272
2026-03-06 06:25:24.000000000,18.167720061419246
2026-03-06 06:55:43.000000000,56.38747462267247
2026-03-06 06:07:09.000000000,27.603276532438144
2026-03-06 06:23:40.000000000,42.12934653723988
2026-03-06 06:38:48.000000000,69.15407282146757
2026-03-06 06:08:41.000000000,45.04019593943814
2026-03-06 06:01:32.000000000,24.873053480683666
2026-03-06 07:26:12.000000000,33.54825352857072
2026-03-06 07:48:42.000000000,5.9340428299986945
2026-03-06 07:33:41.000000000,20.532411652789335
2026-03-06 07:05:28.000000000,140.7198304664943
2026-03-06 07:54:16.000000000,38.854804767339196
2026-03-06 07:42:56.000000000,8.703037396098823
2026-03-06 07:54:38.000000000,29.84465647427475
2026-03-06 07:07:15.000000000,18.49290899602605
2026-03-06 07:03:55.000000000,12.442622595762368
2026-03-06 07:48:43.000000000,5.896516233478057
2026-03-06 07:35:42.000000000,39.59827433766366
2026-03-06 07:56:49.000000000,97.10997811884363
2026-03-06 08:06:29.000000000,6.205369924977704
2026-03-06 08:29:20.000000000,22.650246519808938
2026-03-06 08:45:54.000000000,26.741336227332784
2026-03-06 08:17:05.000000000,11.105164765779474
2026-03-06 08:18:04.000000000,12.796081845567128
2026-03-06 08:31:24.000000000,8.530896250073035
2026-03-06 08:32:14.000000000,10.69169766371514
2026-03-06 08:22:18.000000000,23.684774240433544
2026-03-06 08:26:43.000000000,23.37877019869416
2026-03-06 08:17:16.000000000,5.84891052139835
2026-03-06 08:12:50.000000000,9.134829112283725
2026-03-06 08:41:05.000000000,143.073943562266
2026-03-06 08:07:07.000000000,17.027948568891212
2026-03-06 08:23:45.000000000,14.95758240621945
2026-03-06 08:24:46.000000000,24.727193639232926
2026-03-06 08:21:58.000000000,15.896085407364234
2026-03-06 08:05:47.000000000,8.729175155720412
2026-03-06 08:19:35.000000000,33.336907133628266
2026-03-06 09:04:21.000000000,10.652050322480443
2026-03-06 09:47:02.000000000,54.610872433538105
2026-03-06 09:21:04.000000000,8.959817432766545
2026-03-06 09:48:28.000000000,22.693773904535703
2026-03-06 09:21:50.000000000,30.018398293008513
2026-03-06 09:36:40.000000000,26.930071458727515
2026-03-06 09:34:15.000000000,16.419408215116732
2026-03-06 09:29:04.000000000,46.85976297302293
2026-03-06 09:08:31.000000000,57.66457805939288
2026-03-06 09:31:03.000000000,51.55957014964136
2026-03-06 09:16:24.000000000,24.20402905169488
2026-03-06 09:47:27.000000000,119.09817745861133
2026-03-06 09:36:18.000000000,19.17982935931661
2026-03-06 09:15:14.000000000,10.269736000258693
2026-03-06 09:27:58.000000000,21.95590430429876
2026-03-06 09:24:45.000000000,7.353569908071626
2026-03-06 09:28:23.000000000,7.3520893680013755
2026-03-06 09:12:42.000000000,13.113188809948037
2026-03-06 09:18:47.000000000,35.75538444791873
2026-03-06 09:09:12.000000000,6.66305190870093
2026-03-06 09:17:14.000000000,20.34883434888696
2026-03-06 09:15:27.000000000,20.030087206297377
2026-03-06 10:51:57.000000000,36.97551498397437
2026-03-06 10:33:27.000000000,31.229732275664702
2026-03-06 10:10:21.000000000,37.07186447331529
2026-03-06 10:19:30.000000000,16.635493617260778
2026-03-06 10:52:13.000000000,41.142153417364895
2026-03-06 10:05:24.000000000,56.513190061997875
2026-03-06 10:19:23.000000000,35.45834640854364
2026-03-06 10:26:45.000000000,35.35647305856978
2026-03-06 10:50:52.000000000,16.791138088520782
2026-03-06 10:59:33.000000000,34.96779759410277
2026-03-06 10:55:15.000000000,34.57297497282712
2026-03-06 10:23:51.000000000,15.9639526257807
2026-03-06 10:29:06.000000000,29.99834851183415
2026-03-06 10:24:38.000000000,20.44973346830157
2026-03-06 10:41:30.000000000,11.607928601074025
2026-03-06 10:41:49.000000000,32.488113412026685
2026-03-06 10:21:52.000000000,9.07502543858014
2026-03-06 11:43:25.000000000,8.65996299296285
2026-03-06 11:45:32.000000000,8.753262545933753
2026-03-06 11:05:57.000000000,14.769236707304081
2026-03-06 11:40:25.000000000,13.156876684928909
2026-03-06 11:33:55.000000000,11.519285426079177
2026-03-06 11:06:05.000000000,10.369187163190585
2026-03-06 11:21:48.000000000,11.765718632949683
2026-03-06 11:29:05.000000000,18.416501715660058
2026-03-06 11:34:48.000000000,14.186842497410005
2026-03-06 11:55:32.000000000,30.38222912155572
2026-03-06 11:11:11.000000000,13.709912609290456
2026-03-06 11:23:21.000000000,84.18151207122419
2026-03-06 11:51:58.000000000,71.42400230500171
2026-03-06 11:37:19.000000000,21.194515747022617
2026-03-06 11:38:24.000000000,22.107499744756606
2026-03-06 11:35:11.000000000,19.74722166652982
2026-03-06 11:04:00.000000000,36.97898229294743
2026-03-06 12:18:58.000000000,8.08219754080156
2026-03-06 12:58:48.000000000,42.873986255860075
2026-03-06 12:26:22.000000000,13.363981139429237
2026-03-06 12:01:10.000000000,16.528611181034684
2026-03-06 12:15:53.000000000,43.04314007597765
2026-03-06 12:36:19.000000000,11.688599074322248
2026-03-06 12:36:31.000000000,15.896510231334815
2026-03-06 13:02:35.000000000,33.41771473348012
2026-03-06 13:35:09.000000000,9.789317441542055
2026-03-06 13:17:38.000000000,22.238086399536538
2026-03-06 13:56:01.000000000,51.45617682873275
2026-03-06 13:41:20.000000000,28.041668609427493
2026-03-06 13:02:32.000000000,10.16254819814516
2026-03-06 13:41:54.000000000,63.97232916673612
2026-03-06 13:45:13.000000000,9.758017822362037
2026-03-06 13:41:26.000000000,15.91119765486057
2026-03-06 14:16:55.000000000,25.231048929083997
2026-03-06 14:48:37.000000000,213.5445581490379
2026-03-06 14:57:12.000000000,18.24392994061272
2026-03-06 14:48:29.000000000,29.80882780987093
2026-03-06 14:07:39.000000000,27.518574530821603
2026-03-06 14:46:55.000000000,9.600913247719046
2026-03-06 14:04:26.000000000,10.955425226548405
2026-03-06 14:31:27.000000000,32.636120938240694
2026-03-06 14:23:40.000000000,19.6318650970988
2026-03-06 14:25:05.000000000,19.35447106056497
2026-03-06 14:46:06.000000000,14.845025408232638
2026-03-06 14:50:51.000000000,28.533017930647055
2026-03-06 14:01:52.000000000,36.90576915100426
2026-03-06 14:22:01.000000000,15.793338093184907
2026-03-06 14:19:40.000000000,8.96923787406755
2026-03-06 14:56:25.000000000,9.77757552093743
2026-03-06 14:12:36.000000000,9.90879713042837
2026-03-06 14:11:22.000000000,7.907462187469039
2026-03-06 15:57:33.000000000,58.38261302353264
2026-03-06 15:07:23.000000000,44.55518767528538
2026-03-06 15:50:52.000000000,20.162581794656337
2026-03-06 15:29:15.000000000,14.295337481389241
2026-03-06 15:47:04.000000000,5.946067602203799
2026-03-06 15:04:32.000000000,56.37304318939573
2026-03-06 15:10:50.000000000,10.483326694518473
2026-03-06 15:44:28.000000000,77.38155199687634
2026-03-06 15:33:39.000000000,59.892157381755496
2026-03-06 15:54:24.000000000,169.7999546669062
2026-03-06 15:05:33.000000000,13.609738239165068
2026-03-06 15:58:24.000000000,15.976209930511363
2026-03-06 15:15:17.000000000,34.11141808929904
2026-03-06 15:58:01.000000000,9.788491476174974
2026-03-06 15:38:04.000000000,12.930322355278749
2026-03-06 15:56:39.000000000,50.7395026373555
2026-03-06 15:35:00.000000000,16.520235051894684
2026-03-06 16:16:58.000000000,8.070496873535177
2026-03-06 16:04:26.000000000,43.688431178455026
2026-03-06 16:35:46.000000000,131.35321555653118
2026-03-06 16:03:54.000000000,36.85485183785687
2026-03-06 16:11:42.000000000,13.075705848206958
2026-03-06 16:51:22.000000000,12.978228276283161
2026-03-06 16:12:20.000000000,61.28570329814306
2026-03-06 16:02:14.000000000,9.36942885184401
2026-03-06 16:10:23.000000000,20.144648992562786
2026-03-06 16:28:20.000000000,8.567701504159206
2026-03-06 16:06:24.000000000,10.0738380877419
2026-03-06 16:27:21.000000000,9.898120234144919
2026-03-06 16:48:34.000000000,21.27880497554314
2026-03-06 16:36:06.000000000,13.270291714786786
2026-03-06 16:22:23.000000000,35.589068009118776
2026-03-06 16:22:55.000000000,12.719142862940588
2026-03-06 16:14:11.000000000,14.721577469055331
2026-03-06 16:56:47.000000000,50.88246155291691
2026-03-06 17:27:11.000000000,118.9394323012255
2026-03-06 17:05:25.000000000,44.288785414652594
2026-03-06 17:59:44.000000000,29.19246292108908
2026-03-06 17:39:42.000000000,20.769527881945002
2026-03-06 17:26:08.000000000,12.107325071631623
2026-03-06 17:23:47.000000000,67.04881304409085
2026-03-06 17:38:53.000000000,14.068830968782743
2026-03-06 17:06:22.000000000,9.354236742901456
2026-03-06 17:16:24.000000000,17.927516424749786
2026-03-06 17:30:52.000000000,22.2402897119817
2026-03-06 17:02:03.000000000,21.637014345472075
2026-03-06 17:15:04.000000000,12.13040543319714
2026-03-06 17:47:54.000000000,7.595529862568161
2026-03-06 17:57:00.000000000,14.225406671218026
2026-03-06 17:37:37.000000000,13.657897113370888
2026-03-06 17:15:40.000000000,10.946348608697397
2026-03-06 17:37:20.000000000,33.287984470263495
2026-03-06 17:13:03.000000000,27.87540202126155
2026-03-06 17:54:27.000000000,9.994760635626955
2026-03-06 17:34:30.000000000,18.82487890245396
2026-03-06 17:29:52.000000000,7.75613875964148
2026-03-06 17:45:28.000000000,18.81598505023954
2026-03-06 17:06:24.000000000,15.44735954190772
2026-03-06 17:16:24.000000000,31.831728481568252
2026-03-06 18:20:05.000000000,26.543078280654246
2026-03-06 18:08:08.000000000,13.328964572855869
2026-03-06 18:33:45.000000000,22.337160233182324
2026-03-06 18:39:34.000000000,25.187918568312277
2026-03-06 18:53:50.000000000,38.09999127796266
2026-03-06 18:37:24.000000000,35.256631520443875
2026-03-06 18:38:55.000000000,27.877253615433418
2026-03-06 18:50:51.000000000,22.9983086804076
2026-03-06 18:40:41.000000000,10.018973444796192
2026-03-06 18:34:17.000000000,12.331268406934539
2026-03-06 18:45:56.000000000,31.675954963628815
2026-03-06 18:59:45.000000000,21.096810666066602
2026-03-06 18:19:32.000000000,34.568373526336075
2026-03-06 18:59:54.000000000,12.331157282090887
2026-03-06 18:11:24.000000000,164.2166594309032
2026-03-06 18:52:10.000000000,167.43562411882482
2026-03-06 18:14:45.000000000,15.203347772750513
2026-03-06 18:16:03.000000000,42.12284266544294
2026-03-06 18:38:52.000000000,30.68799908524851
2026-03-06 18:42:51.000000000,18.48006365669483
2026-03-06 18:01:42.000000000,15.036530476564563
2026-03-06 18:33:46.000000000,43.682654015376976
2026-03-06 18:42:14.000000000,11.468425480458313
2026-03-06 18:38:21.000000000,13.019245615016384
2026-03-06 18:36:52.000000000,15.315225442091352
2026-03-06 18:31:55.000000000,16.51081630705871
2026-03-06 19:18:26.000000000,11.671963587278825
2026-03-06 19:23:19.000000000,31.76052855121836
2026-03-06 19:50:10.000000000,18.318004601737965
2026-03-06 19:00:21.000000000,7.7470388487183595
2026-03-06 19:15:25.000000000,12.436783915085577
2026-03-06 19:54:45.000000000,38.77581790690364
2026-03-06 19:57:20.000000000,22.001864283378826
2026-03-06 19:16:45.000000000,13.585044129023274
2026-03-06 19:49:48.000000000,33.58468832615345
2026-03-06 19:39:38.000000000,47.2976903594342
2026-03-06 19:05:35.000000000,58.81394410062618
2026-03-06 19:35:13.000000000,19.265062909022998
2026-03-06 19:10:34.000000000,27.624287904720735
2026-03-06 19:16:41.000000000,82.70711978922303
2026-03-06 19:08:31.000000000,11.821156252735204
2026-03-06 19:03:27.000000000,31.30293722064227
2026-03-06 19:09:10.000000000,9.827414334294904
2026-03-06 19:41:34.000000000,17.304512519983216
2026-03-06 19:13:42.000000000,17.91092992790117
2026-03-06 20:26:42.000000000,9.804068957051957
2026-03-06 20:36:17.000000000,21.072353365026853
2026-03-06 20:55:30.000000000,7.990100690016898
2026-03-06 20:45:01.000000000,21.398680263478127
2026-03-06 20:59:51.000000000,22.433576908460825
2026-03-06 20:18:41.000000000,20.232409959888475
2026-03-06 20:55:06.000000000,12.645402368093231
2026-03-06 20:18:57.000000000,19.929112851129396
2026-03-06 20:33:52.000000000,28.097536207585367
2026-03-06 20:03:07.000000000,18.506828722908054
2026-03-06 20:00:17.000000000,45.67041897315627
2026-03-06 20:18:57.000000000,14.305377997314563
2026-03-06 20:21:36.000000000,22.58382953582699
2026-03-06 20:26:24.000000000,13.436084076694994
2026-03-06 20:26:58.000000000,11.608074771592907
2026-03-06 20:31:37.000000000,28.513029323380923
2026-03-06 20:03:27.000000000,14.866610285535696
2026-03-06 20:06:50.000000000,27.144028838567174
2026-03-06 20:59:12.000000000,37.49828677478403
2026-03-06 20:00:19.000000000,13.712854668892696
2026-03-06 20:04:28.000000000,26.998112077022355
2026-03-06 20:18:06.000000000,20.98759907042668
2026-03-06 20:04:19.000000000,13.098862283229636
2026-03-06 20:10:55.000000000,21.310799978620974
2026-03-06 21:15:18.000000000,16.677554642507328
2026-03-06 21:17:28.000000000,20.65865909012877
2026-03-06 21:22:43.000000000,15.210110955003362
2026-03-06 21:01:30.000000000,32.578314142334875
2026-03-06 21:37:42.000000000,19.393905046637133
2026-03-06 21:48:36.000000000,20.094066753656023
2026-03-06 21:56:02.000000000,10.495382320966298
2026-03-06 21:21:43.000000000,12.862574100372136
2026-03-06 21:39:35.000000000,22.173512883363493
2026-03-06 21:20:26.000000000,26.706016527005712
2026-03-06 21:06:02.000000000,8.688796139514478
2026-03-06 21:44:21.000000000,15.729759196446471
2026-03-06 21:22:54.000000000,42.833282798707415
2026-03-06 21:40:27.000000000,36.12288748924809
2026-03-06 21:57:35.000000000,13.913170255891744
2026-03-06 21:11:07.000000000,11.586652029579268
2026-03-06 21:35:56.000000000,10.048019265397501
2026-03-06 21:13:45.000000000,20.855651594489586
2026-03-06 21:38:51.000000000,31.178517163717203
2026-03-06 21:19:16.000000000,5.299725492279119
2026-03-06 21:49:48.000000000,40.81446761724527
2026-03-06 21:24:07.000000000,39.95701487325188
2026-03-06 22:49:44.000000000,37.33741834047208
2026-03-06 22:53:19.000000000,15.776228269063411
2026-03-06 22:22:21.000000000,20.777602024704898
2026-03-06 22:10:53.000000000,70.669574450112
2026-03-06 22:16:46.000000000,21.49917581985442
2026-03-06 22:50:36.000000000,15.819447037852894
2026-03-06 22:28:02.000000000,24.028507738700892
2026-03-06 22:32:01.000000000,76.18638544795593
2026-03-06 22:29:50.000000000,49.87175475810099
2026-03-06 22:06:19.000000000,17.31556099475979
2026-03-06 22:35:03.000000000,16.59233414252989
2026-03-06 22:29:33.000000000,26.42605551136302
2026-03-06 22:50:10.000000000,18.2841562739428
2026-03-06 22:53:44.000000000,58.203005540244476
2026-03-06 22:25:16.000000000,14.299539665687986
2026-03-06 22:40:34.000000000,13.8480455681613
2026-03-06 22:43:02.000000000,5.631414748749827
2026-03-06 22:46:09.000000000,23.342017633963657
2026-03-06 22:28:27.000000000,12.316027372982608
2026-03-06 22:13:24.000000000,23.66421610449414
2026-03-06 22:10:34.000000000,20.238176647073892
2026-03-06 22:23:13.000000000,11.82584614833926
2026-03-06 22:49:31.000000000,22.662421443795253
2026-03-06 22:18:53.000000000,37.21932869083991
2026-03-06 23:28:07.000000000,13.214389971799111
2026-03-06 23:53:48.000000000,6.039353390264285
2026-03-06 23:58:43.000000000,14.32293698449032
2026-03-06 23:49:46.000000000,12.387216113371899
2026-03-06 23:15:36.000000000,57.93043774143285
2026-03-06 23:21:54.000000000,11.349719452233328
2026-03-06 23:13:33.000000000,14.94358442110158
2026-03-06 23:14:02.000000000,23.227345546874904
2026-03-06 23:07:45.000000000,7.363474270396427
2026-03-06 23:52:30.000000000,9.29040252336332
2026-03-06 23:39:21.000000000,45.444688302916965
2026-03-06 23:11:35.000000000,240.06069234456095
2026-03-06 23:57:47.000000000,21.683023754525898
2026-03-06 23:17:08.000000000,51.9361419279076
2026-03-06 23:53:58.000000000,11.546039581612899
2026-03-06 23:32:04.000000000,17.67786939492215
2026-03-06 23:04:42.000000000,100.04608633651047
2026-03-07 00:09:46.000000000,33.10182612696226
2026-03-07 00:50:06.000000000,23.952158355408145
2026-03-07 00:13:39.000000000,21.623931861154922
2026-03-07 00:36:14.000000000,12.508011433537527
2026-03-07 00:29:28.000000000,8.754213595206403
2026-03-07 00:54:29.000000000,37.720559346899336
2026-03-07 00:14:23.000000000,24.52342363740096
2026-03-07 00:40:16.000000000,8.989891628913739
2026-03-07 00:47:34.000000000,20.78903705285149
2026-03-07 00:47:25.000000000,10.537074104089331
2026-03-07 00:57:23.000000000,12.220531134993044
2026-03-07 00:44:07.000000000,59.5728762741197
2026-03-07 00:09:18.000000000,20.959188113114074
2026-03-07 00:17:05.000000000,23.19268288212599
2026-03-07 00:55:26.000000000,34.388669240972824
2026-03-07 00:46:54.000000000,29.826667872537957
2026-03-07 00:34:50.000000000,31.701410414908178
2026-03-07 00:44:05.000000000,8.742715151666783
2026-03-07 00:37:51.000000000,16.79072830100071
2026-03-07 00:54:53.000000000,10.818566093618625
2026-03-07 00:04:34.000000000,29.643152852530648
2026-03-07 00:19:48.000000000,14.586594334042648
2026-03-07 00:00:08.000000000,21.304241878589753
2026-03-07 01:48:32.000000000,8.727101641799011
2026-03-07 01:02:39.000000000,30.20838004533763
2026-03-07 01:38:23.000000000,7.467970974137946
2026-03-07 01:54:39.000000000,16.63429232458782
2026-03-07 01:05:01.000000000,9.677054309052167
2026-03-07 01:46:49.000000000,11.809719992019136
2026-03-07 01:59:53.000000000,9.956705752006352
2026-03-07 01:40:34.000000000,19.336234439826622
2026-03-07 01:11:08.000000000,12.200237748542268
2026-03-07 01:03:08.000000000,10.304396955185483
2026-03-07 01:43:33.000000000,58.64109381613824
2026-03-07 01:29:13.000000000,30.253708892969346
2026-03-07 01:10:39.000000000,18.657677325937346
2026-03-07 01:13:14.000000000,9.7992113224928
2026-03-07 02:56:07.000000000,18.649468765263254
2026-03-07 02:18:04.000000000,20.050873781167198
2026-03-07 02:47:39.000000000,44.9207079263781
2026-03-07 02:17:02.000000000,34.23291519725244
2026-03-07 02:59:22.000000000,15.847312931668315
2026-03-07 02:50:15.000000000,49.88339935788612
2026-03-07 02:46:10.000000000,25.408203512411475
2026-03-07 02:08:15.000000000,12.219407787852731
2026-03-07 02:36:00.000000000,42.03480701019282
2026-03-07 02:53:45.000000000,25.700552796802043
2026-03-07 02:26:56.000000000,19.92072886993219
2026-03-07 02:43:32.000000000,16.087246297874348
2026-03-07 02:32:19.000000000,38.890338645690726
2026-03-07 02:47:58.000000000,103.30049236078493
2026-03-07 02:03:18.000000000,15.059581858341442
2026-03-07 02:26:47.000000000,36.88634551700932
2026-03-07 03:41:18.000000000,9.77199690725048
2026-03-07 03:08:34.000000000,42.21501677268534
2026-03-07 03:43:35.000000000,6.137341283454945
2026-03-07 03:43:46.000000000,30.24381779870169
2026-03-07 03:30:37.000000000,18.696129416558627
2026-03-07 03:27:51.000000000,29.578044796781086
2026-03-07 03:26:06.000000000,20.293908182151533
2026-03-07 03:17:04.000000000,23.814507839470114
2026-03-07 03:20:19.000000000,14.214421441766495
2026-03-07 03:00:19.000000000,24.717612234443337
2026-03-07 04:40:41.000000000,27.308785377345842
2026-03-07 04:21:18.000000000,18.382614728069367
2026-03-07 04:42:54.000000000,14.23473986981631
2026-03-07 04:25:26.000000000,27.956661864619296
2026-03-07 04:30:43.000000000,14.980989172193352
2026-03-07 05:48:09.000000000,62.8045502460489
2026-03-07 05:53:17.000000000,31.952200989275582
2026-03-07 05:34:39.000000000,53.43939293474858
2026-03-07 05:41:08.000000000,34.59178393039547
2026-03-07 05:44:35.000000000,16.60148046439081
2026-03-07 05:01:40.000000000,119.56806031149743
2026-03-07 06:19:02.000000000,10.22115317062893
2026-03-07 06:25:53.000000000,35.791845151851085
2026-03-07 06:58:40.000000000,19.891737618414673
2026-03-07 06:49:33.000000000,8.216288624861546
2026-03-07 06:36:44.000000000,16.024822902891223
2026-03-07 06:25:51.000000000,53.89682499518861
2026-03-07 06:05:42.000000000,17.722438252950393
2026-03-07 07:24:18.000000000,8.686983285832898
2026-03-07 07:37:16.000000000,9.876840907345812
2026-03-07 07:09:19.000000000,8.734602544190336
2026-03-07 07:41:24.000000000,9.391263332986384
2026-03-07 07:20:23.000000000,17.754757863940014
2026-03-07 07:04:57.000000000,28.13784376780358
2026-03-07 07:02:24.000000000,16.79487313099277
2026-03-07 07:52:47.000000000,7.801367328877943
2026-03-07 08:48:44.000000000,20.69078964023641
2026-03-07 08:12:04.000000000,62.19266810954107
2026-03-07 08:32:40.000000000,19.370394601001475
2026-03-07 08:32:11.000000000,15.350804201827385
2026-03-07 08:07:18.000000000,7.221920344592165
2026-03-07 08:28:16.000000000,32.050340520299855
2026-03-07 08:41:43.000000000,8.734602544190336
2026-03-07 08:50:06.000000000,14.331725199228439
2026-03-07 09:57:57.000000000,46.62379028789209
2026-03-07 09:15:59.000000000,11.549256157438366
2026-03-07 09:31:22.000000000,8.198170472930839
2026-03-07 09:38:35.000000000,53.8120759323917
2026-03-07 09:03:00.000000000,37.75329912088756
2026-03-07 09:32:22.000000000,28.68856626864018
2026-03-07 09:50:18.000000000,15.265463634295811
2026-03-07 09:58:13.000000000,8.762964851470683
2026-03-07 09:08:49.000000000,8.707037316670451
2026-03-07 09:37:13.000000000,30.388337818179778
2026-03-07 09:25:04.000000000,8.821429192001068
2026-03-07 09:39:12.000000000,27.07367291044565
2026-03-07 09:21:31.000000000,10.628629066574728
2026-03-07 10:32:54.000000000,13.634425746853106
2026-03-07 10:38:09.000000000,13.023976057958652
2026-03-07 10:33:11.000000000,8.811583117809414
2026-03-07 10:04:59.000000000,23.845721793522053
2026-03-07 10:40:01.000000000,12.569121078710776
2026-03-07 10:13:18.000000000,15.883705543168325
2026-03-07 10:01:19.000000000,23.670786889513533
2026-03-07 10:25:45.000000000,6.439316982330608
2026-03-07 10:44:05.000000000,15.031382472452236
2026-03-07 10:08:27.000000000,12.096096683183367
2026-03-07 10:55:31.000000000,26.238022171033055
2026-03-07 11:45:58.000000000,48.64521283396168
2026-03-07 11:09:53.000000000,15.389565533874599
2026-03-07 11:39:12.000000000,36.12086766907414
2026-03-07 11:06:20.000000000,8.003801883979818
2026-03-07 11:24:15.000000000,20.371714454685982
2026-03-07 11:15:29.000000000,31.594037297482462
2026-03-07 11:09:47.000000000,16.794256169141452
2026-03-07 11:50:15.000000000,31.33190064352401
2026-03-07 11:21:51.000000000,20.3073009408563
2026-03-07 11:32:51.000000000,13.486579849017302
2026-03-07 11:05:57.000000000,14.915152839709389
2026-03-07 11:52:23.000000000,7.639848795996861
2026-03-07 11:26:48.000000000,8.763613135488475
2026-03-07 11:25:01.000000000,15.419354230448109
2026-03-07 12:47:05.000000000,33.281799121749295
2026-03-07 12:27:26.000000000,18.663540918314514
2026-03-07 12:55:17.000000000,43.920336535921614
2026-03-07 12:55:50.000000000,10.546531044204402
2026-03-07 12:19:26.000000000,22.18516785855004
2026-03-07 12:44:47.000000000,17.271109779322977
2026-03-07 12:36:40.000000000,53.52008453950964
2026-03-07 12:10:02.000000000,47.3939255390231
2026-03-07 12:12:41.000000000,23.115672849160255
2026-03-07 12:03:28.000000000,41.006660540002976
2026-03-07 12:24:16.000000000,42.67749360880091
2026-03-07 12:29:50.000000000,15.151670501619765
2026-03-07 12:24:55.000000000,23.958004301733766
2026-03-07 12:36:33.000000000,23.802060077413792
2026-03-07 12:06:04.000000000,14.076869727985342
2026-03-07 12:14:40.000000000,44.429124722110245
2026-03-07 12:59:01.000000000,9.539583448601894
2026-03-07 12:43:57.000000000,58.628129239578904
2026-03-07 12:51:16.000000000,45.16369953948557
2026-03-07 12:25:44.000000000,7.803852706765239
2026-03-07 12:01:12.000000000,8.26687425614658
2026-03-07 12:01:37.000000000,12.266489257033658
2026-03-07 13:30:31.000000000,104.57381059272282
2026-03-07 13:05:28.000000000,18.474973841007174
2026-03-07 13:40:33.000000000,46.60612076541954
2026-03-07 13:49:01.000000000,25.421051167727132
2026-03-07 13:00:59.000000000,26.48949413221375
2026-03-07 13:46:30.000000000,11.550009400309369
2026-03-07 13:18:58.000000000,11.959472097914336
2026-03-07 13:05:09.000000000,20.470926131543834
2026-03-07 13:07:16.000000000,14.467607728128625
2026-03-07 13:40:32.000000000,61.28135021852125
2026-03-07 13:23:35.000000000,23.861602163631385
2026-03-07 13:51:24.000000000,11.292979369054798
2026-03-07 13:11:34.000000000,23.643191234952845
2026-03-07 13:23:14.000000000,33.10134955393391
2026-03-07 13:57:42.000000000,9.919868111108498
2026-03-07 13:13:33.000000000,29.47130863262999
2026-03-07 14:09:42.000000000,11.540281443112699
2026-03-07 14:06:43.000000000,21.454117756625834
2026-03-07 14:16:41.000000000,11.761377730610468
2026-03-07 14:40:56.000000000,9.893184863050704
2026-03-07 14:24:54.000000000,30.95129925218572
2026-03-07 14:35:23.000000000,17.65735262133472
2026-03-07 14:23:27.000000000,10.722908784225519
2026-03-07 14:42:40.000000000,32.26889679655962
2026-03-07 14:09:53.000000000,26.530522644642705
2026-03-07 14:23:06.000000000,13.556951306721576
2026-03-07 14:16:29.000000000,14.527757489175618
2026-03-07 14:35:33.000000000,23.51414368476223
2026-03-07 14:44:44.000000000,15.748292047607233
2026-03-07 14:28:41.000000000,30.169597009238366
2026-03-07 14:28:37.000000000,22.31149671807334
2026-03-07 14:45:36.000000000,16.897973985252694
2026-03-07 14:19:07.000000000,8.659896340618628
2026-03-07 14:50:10.000000000,35.70560398338401
2026-03-07 14:51:53.000000000,8.687179631454248
2026-03-07 14:04:17.000000000,23.171276511629724
2026-03-07 14:00:24.000000000,7.916763584673696
2026-03-07 14:18:34.000000000,6.24848086593366
2026-03-07 15:17:31.000000000,22.355620039828136
2026-03-07 15:15:53.000000000,10.821062677220128
2026-03-07 15:52:38.000000000,12.916839726475287
2026-03-07 15:39:28.000000000,14.594105735441
2026-03-07 15:30:56.000000000,18.292954902534053
2026-03-07 15:58:23.000000000,18.936307041327954
2026-03-07 15:47:25.000000000,38.18749599168087
2026-03-07 15:36:06.000000000,8.338449446805457
2026-03-07 16:40:00.000000000,34.550555220352294
2026-03-07 16:31:17.000000000,45.15849279896413
2026-03-07 16:22:09.000000000,27.68220114065506
2026-03-07 16:27:50.000000000,18.176327714691986
2026-03-07 16:45:43.000000000,17.52667078460472
2026-03-07 16:17:39.000000000,20.06118094861748
2026-03-07 16:26:24.000000000,7.969834658843325
2026-03-07 16:01:40.000000000,13.666735133900614
2026-03-07 16:54:51.000000000,8.518363025579688
2026-03-07 16:28:26.000000000,13.143390032878607
2026-03-07 16:15:57.000000000,20.982869250678593
2026-03-07 16:24:36.000000000,17.3569998828006
2026-03-07 16:55:09.000000000,39.517318212602206
2026-03-07 16:59:50.000000000,8.4279978597115
2026-03-07 16:31:59.000000000,42.11346851430241
2026-03-07 16:55:59.000000000,10.30154142437173
2026-03-07 16:56:51.000000000,10.594615154548121
2026-03-07 16:43:59.000000000,23.568929119917932
2026-03-07 17:16:01.000000000,7.842891451204707
2026-03-07 17:40:49.000000000,8.529861469119304
2026-03-07 17:40:06.000000000,49.41726407707426
2026-03-07 17:09:36.000000000,38.522691422203025
2026-03-07 17:13:01.000000000,7.401694524986859
2026-03-07 17:18:18.000000000,22.719660214280125
2026-03-07 17:00:04.000000000,14.977500069761229
2026-03-07 17:06:16.000000000,29.556629094320886
2026-03-07 17:37:34.000000000,26.256751141810625
2026-03-07 17:43:05.000000000,8.34765116853789
2026-03-07 17:08:20.000000000,18.362751825861874
2026-03-07 17:45:26.000000000,20.476296410253187
2026-03-07 17:11:59.000000000,17.710282888228548
2026-03-07 17:30:09.000000000,46.85804353649961
2026-03-07 17:50:33.000000000,18.269751763577656
2026-03-07 17:49:09.000000000,22.023282351172327
2026-03-07 17:18:18.000000000,13.02077749031241
2026-03-07 17:48:33.000000000,20.35552992031365
2026-03-07 17:02:02.000000000,18.07145166274542
2026-03-07 17:57:44.000000000,31.808466780793015
2026-03-07 17:58:32.000000000,56.640740840564284
2026-03-07 17:59:33.000000000,7.431425241998306
2026-03-07 17:08:50.000000000,55.320614402804
2026-03-07 18:27:55.000000000,35.82498157503159
2026-03-07 18:40:41.000000000,12.540148097722714
2026-03-07 18:12:04.000000000,18.179608941096014
2026-03-07 18:13:55.000000000,19.53764372495776
2026-03-07 18:43:28.000000000,10.15937097295809
2026-03-07 18:39:52.000000000,104.18949253315775
2026-03-07 18:45:34.000000000,40.671796658688415
2026-03-07 18:20:13.000000000,9.793054061474404
2026-03-07 18:45:12.000000000,9.671621867032382
2026-03-07 18:32:52.000000000,58.0195081916915
2026-03-07 18:24:32.000000000,17.299055108161227
2026-03-07 18:23:55.000000000,101.6490859054012
2026-03-07 18:16:40.000000000,37.96418399187053
2026-03-07 18:00:37.000000000,46.51087291321433
2026-03-07 18:36:04.000000000,19.935912004705223
2026-03-07 18:27:46.000000000,10.264875551394104
2026-03-07 18:45:58.000000000,23.675938327076707
2026-03-07 18:44:26.000000000,19.44786931398312
2026-03-07 18:42:27.000000000,26.975486800954354
2026-03-07 18:18:19.000000000,10.557566822919087
2026-03-07 18:00:42.000000000,26.34378824655385
2026-03-07 18:17:04.000000000,26.94180127905594
2026-03-07 19:20:36.000000000,40.7999640652304
2026-03-07 19:34:15.000000000,33.03820840501117
2026-03-07 19:23:57.000000000,8.022359345027116
2026-03-07 19:55:30.000000000,15.844838563809505
2026-03-07 19:22:32.000000000,12.662410122806982
2026-03-07 19:50:17.000000000,34.34601804876791
2026-03-07 19:00:35.000000000,49.213221449809154
2026-03-07 19:10:06.000000000,6.746848476090726
2026-03-07 19:09:56.000000000,40.4680886334211
2026-03-07 19:42:17.000000000,31.087027716548842
2026-03-07 19:47:37.000000000,14.201733385610286
2026-03-07 19:09:32.000000000,10.409068800405251
2026-03-07 19:44:53.000000000,7.749885890959838
2026-03-07 19:51:04.000000000,32.30513093502949
2026-03-07 19:46:32.000000000,54.623273151293056
2026-03-07 19:03:12.000000000,24.416402991003977
2026-03-07 20:56:03.000000000,55.90408253104055
2026-03-07 20:05:16.000000000,13.257925148780034
2026-03-07 20:35:17.000000000,20.664406672373932
2026-03-07 20:06:08.000000000,27.420255850454915
2026-03-07 20:03:18.000000000,17.92087529858083
2026-03-07 20:44:15.000000000,13.936962929916636
2026-03-07 20:41:53.000000000,34.93343384046906
2026-03-07 20:53:24.000000000,14.524001039494829
2026-03-07 20:23:33.000000000,15.803004078196565
2026-03-07 20:02:10.000000000,15.221824262105107
2026-03-07 20:47:50.000000000,11.540968291117634
2026-03-07 20:24:17.000000000,20.31007883420413
2026-03-07 20:17:55.000000000,43.58652899994584
2026-03-07 20:48:42.000000000,30.98850711074357
2026-03-07 20:19:06.000000000,14.220056560887967
2026-03-07 20:52:05.000000000,14.005692853165723
2026-03-07 21:54:35.000000000,13.052194870870066
2026-03-07 21:41:07.000000000,59.99680096211113
2026-03-07 21:21:24.000000000,41.03648609454179
2026-03-07 21:25:12.000000000,25.475008597037785
2026-03-07 21:18:34.000000000,32.6117675794112
2026-03-07 21:03:12.000000000,11.389034151733208
2026-03-07 21:43:42.000000000,44.29421023993294
2026-03-07 21:10:42.000000000,13.805538857829305
2026-03-07 21:56:52.000000000,24.80394001222471
2026-03-07 21:13:41.000000000,29.102446140711102
2026-03-07 21:18:54.000000000,6.269721668986978
2026-03-07 21:15:57.000000000,20.358707521692345
2026-03-07 21:22:45.000000000,10.355281426902803
2026-03-07 21:19:17.000000000,27.998244212654598
2026-03-07 21:51:38.000000000,8.496930165916014
2026-03-07 21:58:54.000000000,13.270210546214214
2026-03-07 21:30:26.000000000,17.747055346191512
2026-03-07 21:37:19.000000000,29.14002896547639
2026-03-07 21:03:47.000000000,25.115388187754807
2026-03-07 21:15:21.000000000,28.61573494817644
2026-03-07 21:40:46.000000000,28.226979800266697
2026-03-07 22:56:32.000000000,18.06589438823765
2026-03-07 22:36:14.000000000,27.60623227926447
2026-03-07 22:43:21.000000000,30.007698884710642
2026-03-07 22:56:04.000000000,17.157504417428395
2026-03-07 22:01:05.000000000,30.604103823113032
2026-03-07 22:27:54.000000000,32.0256486172448
2026-03-07 22:31:40.000000000,12.251352481619817
2026-03-07 22:57:07.000000000,10.60440477309266
2026-03-07 22:32:44.000000000,11.632929693137699
2026-03-07 22:16:12.000000000,7.6612272934546946
2026-03-07 22:37:52.000000000,7.671786936398059
2026-03-07 22:57:02.000000000,16.59642461204974
2026-03-07 22:45:54.000000000,25.061780423080116
2026-03-07 22:13:51.000000000,25.91805682932087
2026-03-07 22:52:40.000000000,10.696396098603934
2026-03-07 22:20:05.000000000,20.2013070814465
2026-03-07 22:28:39.000000000,10.64697186751091
2026-03-07 22:32:10.000000000,47.312420546490465
2026-03-07 22:23:46.000000000,10.126409945908721
2026-03-07 22:56:04.000000000,22.892583029219967
2026-03-07 22:57:10.000000000,13.995301099904573
2026-03-07 22:13:08.000000000,16.545842129854336
2026-03-07 23:20:45.000000000,11.066037591490188
2026-03-07 23:54:27.000000000,10.095897721182961
2026-03-07 23:36:38.000000000,18.446353048557608
2026-03-07 23:10:09.000000000,17.669037042890984
2026-03-07 23:34:26.000000000,18.12592283839719
2026-03-07 23:09:29.000000000,9.223262361436822
2026-03-07 23:00:46.000000000,52.87577259013098
2026-03-07 23:56:07.000000000,13.21393087088719
2026-03-07 23:58:20.000000000,8.428509850217512
2026-03-07 23:14:45.000000000,54.469482215254004
2026-03-07 23:10:38.000000000,10.798858095205093
2026-03-07 23:58:19.000000000,26.186110918992814
2026-03-07 23:43:52.000000000,18.652275556227693
2026-03-07 23:17:22.000000000,10.355377904780527
2026-03-07 23:02:55.000000000,10.192362104196478
2026-03-07 23:33:07.000000000,20.24420793034113
2026-03-07 23:28:25.000000000,53.79109541910365
2026-03-07 23:37:42.000000000,21.358885526993607
2026-03-07 23:13:41.000000000,30.14277023847374
2026-03-07 23:55:53.000000000,24.975740471524393
2026-03-07 23:10:49.000000000,15.209844665989667
2026-03-07 23:48:20.000000000,42.581519546329545
2026-03-07 23:05:28.000000000,7.151962110283165
2026-03-08 00:05:49.000000000,33.96891532965231
2026-03-08 00:53:51.000000000,17.54675648993526
2026-03-08 00:06:02.000000000,27.46260658211157
2026-03-08 00:06:10.000000000,14.95698388495995
2026-03-08 00:30:41.000000000,27.229339451662547
2026-03-08 00:17:29.000000000,11.952208011561527
2026-03-08 00:27:59.000000000,26.66071522204544
2026-03-08 00:06:56.000000000,16.84646827944395
2026-03-08 00:32:29.000000000,23.33565017295701
2026-03-08 00:09:45.000000000,15.01295441496421
2026-03-08 00:46:05.000000000,13.240013069236262
2026-03-08 00:45:17.000000000,8.344368482376245
2026-03-08 00:44:19.000000000,8.482639882084346
2026-03-08 00:20:02.000000000,84.10400546166363
2026-03-08 00:51:15.000000000,7.928679032552221
2026-03-08 00:42:43.000000000,47.49206903529685
2026-03-08 00:41:51.000000000,30.25828009135777
2026-03-08 00:46:56.000000000,21.115576951893622
2026-03-08 00:30:39.000000000,22.424152464057638
2026-03-08 00:38:55.000000000,29.94480857150956
2026-03-08 00:56:03.000000000,83.01951211812471
2026-03-08 00:23:17.000000000,21.591722505850704
2026-03-08 01:39:14.000000000,12.563867070229346
2026-03-08 01:51:33.000000000,23.069045298417702
2026-03-08 01:11:19.000000000,48.32849083806499
2026-03-08 01:11:05.000000000,10.894283797351244
2026-03-08 01:21:11.000000000,17.261179664102666
2026-03-08 01:22:54.000000000,24.39350949347273
2026-03-08 01:29:37.000000000,32.895747648893675
2026-03-08 01:13:16.000000000,54.82941344777883
2026-03-08 03:08:35.000000000,11.558814379234839
2026-03-08 03:47:33.000000000,16.435863400517132
2026-03-08 03:17:46.000000000,43.855354164554655
2026-03-08 03:06:34.000000000,58.59292181984938
2026-03-08 03:06:28.000000000,16.247346605028497
2026-03-08 03:33:22.000000000,22.56202753787178
2026-03-08 03:52:25.000000000,14.31195247342667
2026-03-08 03:19:26.000000000,20.10703435871116
2026-03-08 03:08:08.000000000,58.67885591028711
2026-03-08 03:11:30.000000000,23.595160956821438
2026-03-08 03:05:23.000000000,47.25285289443454
2026-03-08 03:41:19.000000000,42.14665385998708
2026-03-08 03:46:20.000000000,11.459125969962843
2026-03-08 03:09:26.000000000,89.93909551432236
2026-03-08 03:52:12.000000000,25.64756506533623
2026-03-08 03:33:22.000000000,64.60925966328088
2026-03-08 03:17:43.000000000,10.710409642264297
2026-03-08 04:02:39.000000000,20.949280376020834
2026-03-08 04:02:34.000000000,21.485277013086524
2026-03-08 04:03:49.000000000,57.49198495635302
2026-03-08 04:39:23.000000000,11.565417055162287
2026-03-08 04:19:02.000000000,45.32364943642404
2026-03-08 04:04:02.000000000,33.511866220547866
2026-03-08 04:10:32.000000000,16.521408684038327
2026-03-08 04:53:17.000000000,12.924923218688585
2026-03-08 04:00:13.000000000,68.12928951883819
2026-03-08 04:44:39.000000000,66.56906544286787
2026-03-08 05:52:51.000000000,31.574383212462738
2026-03-08 05:56:03.000000000,29.560785659043546
2026-03-08 05:50:16.000000000,10.542656908433129
2026-03-08 05:11:58.000000000,53.685667975693576
2026-03-08 05:06:04.000000000,53.581725145568136
2026-03-08 05:52:37.000000000,33.22277080500008
2026-03-08 06:53:43.000000000,32.733306888182014
2026-03-08 06:21:14.000000000,17.900460274241542
2026-03-08 06:32:58.000000000,12.945363646987852
2026-03-08 06:39:08.000000000,8.599269744493157
2026-03-08 06:50:13.000000000,25.390440436222836
2026-03-08 06:47:23.000000000,42.65413670569849
2026-03-08 06:56:53.000000000,14.060649256943332
2026-03-08 06:24:45.000000000,21.69088772039243
2026-03-08 06:31:39.000000000,100.85021587091836
2026-03-08 06:47:01.000000000,10.66175147767001
2026-03-08 06:04:51.000000000,70.37677044498051
2026-03-08 07:45:38.000000000,15.007919500630026
2026-03-08 07:01:14.000000000,15.139976516365419
2026-03-08 07:54:03.000000000,19.96604008066589
2026-03-08 07:48:28.000000000,10.719133566383677
2026-03-08 07:49:08.000000000,76.61069030773314
2026-03-08 07:05:23.000000000,10.281657421734982
2026-03-08 07:10:33.000000000,42.81754746439648
2026-03-08 07:50:40.000000000,12.574440436348517
2026-03-08 08:40:53.000000000,17.647263413495143
2026-03-08 08:23:10.000000000,16.101284173304013
2026-03-08 08:42:33.000000000,39.47368306831746
2026-03-08 08:01:08.000000000,7.943988899839484
2026-03-08 08:13:22.000000000,18.220235213310254
2026-03-08 08:49:47.000000000,39.69098392769908
2026-03-08 08:54:37.000000000,24.143948569144985
2026-03-08 08:07:39.000000000,14.336935228874223
2026-03-08 09:28:58.000000000,16.15239165366088
2026-03-08 09:13:06.000000000,15.760220006780168
2026-03-08 09:50:22.000000000,11.32059183850884
2026-03-08 09:13:35.000000000,19.599631747725542
2026-03-08 09:15:12.000000000,8.721104866323008
2026-03-08 09:58:04.000000000,19.409834928175524
2026-03-08 09:27:45.000000000,11.515690166528955
2026-03-08 09:51:01.000000000,25.725962106258905
2026-03-08 09:22:48.000000000,25.1214809909821
2026-03-08 09:41:44.000000000,18.19606281398976
2026-03-08 09:54:39.000000000,11.542643295065295
2026-03-08 09:14:47.000000000,36.20764353357364
2026-03-08 09:16:22.000000000,11.11621841182433
2026-03-08 09:44:16.000000000,13.131481028014587
2026-03-08 09:19:53.000000000,10.706280246654984
2026-03-08 09:53:29.000000000,8.483597553890293
2026-03-08 09:15:49.000000000,16.961550417078584
2026-03-08 09:12:16.000000000,14.96261785333242
2026-03-08 10:00:45.000000000,30.77774217176425
2026-03-08 10:40:06.000000000,15.045100475133895
2026-03-08 10:14:26.000000000,12.175881463655625
2026-03-08 10:05:26.000000000,9.562214125907738
2026-03-08 10:40:11.000000000,7.955929385442095
2026-03-08 10:12:18.000000000,66.03221821909764
2026-03-08 10:21:27.000000000,13.157332257475517
2026-03-08 10:00:12.000000000,7.172914268379454
2026-03-08 10:51:01.000000000,23.464937026033322
2026-03-08 10:58:22.000000000,72.60855375906574
2026-03-08 10:21:21.000000000,35.84003061174411
2026-03-08 10:23:32.000000000,18.779765222259815
2026-03-08 10:06:08.000000000,17.918921617055073
2026-03-08 10:55:13.000000000,12.86584553335005
2026-03-08 10:27:25.000000000,19.754764421487
2026-03-08 10:33:05.000000000,14.552565301113193
2026-03-08 10:13:44.000000000,27.764281858854876
2026-03-08 10:58:42.000000000,23.439452746922285
2026-03-08 11:06:25.000000000,15.337842155268898
2026-03-08 11:46:41.000000000,32.541362536540035
2026-03-08 11:04:19.000000000,13.491067635213758
2026-03-08 11:02:30.000000000,45.3057969691557
2026-03-08 11:09:23.000000000,8.460962446020368
2026-03-08 11:25:01.000000000,43.10934834829685
2026-03-08 11:02:14.000000000,11.617538899653226
2026-03-08 11:32:39.000000000,32.23736581563973
2026-03-08 11:03:54.000000000,44.60363344409496
2026-03-08 11:42:19.000000000,27.57036622632916
2026-03-08 11:14:58.000000000,12.795272060767564
2026-03-08 11:03:20.000000000,8.014826323684261
2026-03-08 11:25:26.000000000,17.85431903880108
2026-03-08 11:56:32.000000000,14.599098246807191
2026-03-08 11:53:34.000000000,8.016143187801916
2026-03-08 11:43:47.000000000,8.581093648337763
2026-03-08 11:53:13.000000000,8.528891403769551
2026-03-08 11:45:25.000000000,11.686281375687988
2026-03-08 11:16:26.000000000,31.75369363894411
2026-03-08 11:57:12.000000000,11.432197588075338
2026-03-08 12:15:20.000000000,8.750282384743176
2026-03-08 12:14:23.000000000,21.00425703020338
2026-03-08 12:08:55.000000000,29.015325358490845
2026-03-08 12:53:00.000000000,13.8383944157725
2026-03-08 12:42:08.000000000,22.706117308206007
2026-03-08 12:41:21.000000000,33.467435056282
2026-03-08 12:15:56.000000000,73.4758459973438
2026-03-08 12:15:52.000000000,45.43513716689874
2026-03-08 12:09:25.000000000,61.92950810288429
2026-03-08 12:05:50.000000000,30.82691990989646
2026-03-08 12:55:07.000000000,15.194587722316777
2026-03-08 12:31:40.000000000,14.07563277981249
2026-03-08 12:17:34.000000000,66.64812358168055
2026-03-08 12:08:07.000000000,41.48087161612587
2026-03-08 12:58:58.000000000,44.657614972883366
2026-03-08 12:36:16.000000000,21.12465611167133
2026-03-08 12:26:47.000000000,45.16965295817725
2026-03-08 12:10:28.000000000,13.129750071157165
2026-03-08 13:41:25.000000000,5.474444226176168
2026-03-08 13:49:03.000000000,11.516443409399958
2026-03-08 13:03:33.000000000,13.483647558320726
2026-03-08 13:37:17.000000000,32.37439701743902
2026-03-08 13:11:39.000000000,24.275889608329006
2026-03-08 13:49:14.000000000,32.81973940581619
2026-03-08 13:34:27.000000000,26.84235313668544
2026-03-08 13:23:28.000000000,22.615102632212054
2026-03-08 13:37:00.000000000,52.36389675656569
2026-03-08 13:39:30.000000000,10.307119308110895
2026-03-08 13:30:09.000000000,11.611066741347075
2026-03-08 13:54:17.000000000,80.96162030388588
2026-03-08 13:24:16.000000000,8.820650211770092
2026-03-08 13:32:20.000000000,27.033712337036274
2026-03-08 13:17:29.000000000,6.135914365223079
2026-03-08 13:59:03.000000000,9.919493360366616
2026-03-08 13:48:58.000000000,7.773300422788226
2026-03-08 13:37:22.000000000,29.059154820753502
2026-03-08 13:28:34.000000000,46.25999788874203
2026-03-08 13:14:23.000000000,17.741950383170444
2026-03-08 13:22:03.000000000,31.651502998812575
2026-03-08 13:45:40.000000000,19.82240795355953
2026-03-08 14:10:38.000000000,16.34675839278266
2026-03-08 14:01:15.000000000,59.42176131009921
2026-03-08 14:36:53.000000000,13.894934543840943
2026-03-08 14:12:19.000000000,23.952583834220395
2026-03-08 14:09:22.000000000,22.403603749424395
2026-03-08 14:11:54.000000000,29.094444128393647
2026-03-08 14:11:11.000000000,28.05983141246375
2026-03-08 14:13:09.000000000,28.240727348979593
2026-03-08 14:04:17.000000000,31.078810628030087
2026-03-08 14:20:50.000000000,13.9665358677251
2026-03-08 14:36:33.000000000,39.988102861387944
2026-03-08 14:04:58.000000000,28.620237030214355
2026-03-08 15:24:00.000000000,37.24450806923263
2026-03-08 15:03:44.000000000,7.7600102169349086
2026-03-08 15:23:30.000000000,27.98373350047897
2026-03-08 15:33:20.000000000,22.867687396826984
2026-03-08 15:17:24.000000000,30.210363488307188
2026-03-08 15:01:24.000000000,59.59588556136019
2026-03-08 15:23:37.000000000,11.972610302967215
2026-03-08 15:21:18.000000000,6.245775477253825
2026-03-08 15:08:00.000000000,11.835412720961518
2026-03-08 15:53:56.000000000,49.40124662941688
2026-03-08 15:31:12.000000000,19.22874858432762
2026-03-08 15:13:01.000000000,59.89529174120037
2026-03-08 15:42:11.000000000,56.16053805168252
2026-03-08 15:32:43.000000000,13.494862813002605
2026-03-08 15:35:03.000000000,13.850806855721796
2026-03-08 15:44:53.000000000,56.797780721874574
2026-03-08 16:01:24.000000000,16.877550678572987
2026-03-08 16:54:17.000000000,12.320019717715153
2026-03-08 16:53:28.000000000,192.51904489970107
2026-03-08 16:19:52.000000000,10.843936642887996
2026-03-08 16:48:17.000000000,36.22879715220676
2026-03-08 16:39:30.000000000,9.641774115558214
2026-03-08 16:37:44.000000000,31.7356162707656
2026-03-08 16:25:31.000000000,10.07672282307775
2026-03-08 16:20:32.000000000,28.912640047077776
2026-03-08 16:40:34.000000000,11.773415575946553
2026-03-08 16:46:13.000000000,48.23752012835644
2026-03-08 16:11:15.000000000,30.03684054259144
2026-03-08 16:48:58.000000000,109.00444217668716
2026-03-08 16:48:21.000000000,56.7223826360475
2026-03-08 17:14:50.000000000,8.611634801514402
2026-03-08 17:22:48.000000000,10.73588116300586
2026-03-08 17:57:52.000000000,15.867897063040273
2026-03-08 17:08:30.000000000,31.070454686744906
2026-03-08 17:47:14.000000000,18.640003882106658
2026-03-08 17:11:05.000000000,15.875129656047726
2026-03-08 17:25:35.000000000,5.466754139179244
2026-03-08 17:58:10.000000000,73.31557582268837
2026-03-08 17:49:10.000000000,33.070025712465835
2026-03-08 17:22:29.000000000,8.781497280688535
2026-03-08 17:03:56.000000000,27.47184035913931
2026-03-08 17:14:44.000000000,16.022631309739335
2026-03-08 17:54:28.000000000,17.89600769755541
2026-03-08 17:04:48.000000000,7.947429580411377
2026-03-08 17:18:09.000000000,44.77306480042042
2026-03-08 17:03:38.000000000,96.1682160228949
2026-03-08 17:40:21.000000000,62.93943456456067
2026-03-08 17:16:05.000000000,16.980511631386168
2026-03-08 17:03:21.000000000,11.432622874108581
2026-03-08 17:31:12.000000000,9.834730921729635
2026-03-08 17:44:28.000000000,6.342533276402606
2026-03-08 17:26:45.000000000,17.67148643659427
2026-03-08 18:11:01.000000000,16.19990869335666
2026-03-08 18:55:43.000000000,11.221307447753365
2026-03-08 18:56:02.000000000,24.348062547913305
2026-03-08 18:20:51.000000000,14.19553985757989
2026-03-08 18:15:31.000000000,71.246711823916
2026-03-08 18:15:23.000000000,25.46098784004224
2026-03-08 18:56:01.000000000,17.128927238509092
2026-03-08 18:23:37.000000000,22.49733599045874
2026-03-08 18:02:48.000000000,14.844061087257154
2026-03-08 18:33:18.000000000,34.649221756938324
2026-03-08 18:07:54.000000000,13.422702430877363
2026-03-08 18:16:15.000000000,18.812872830422393
2026-03-08 18:42:45.000000000,31.214655911429904
2026-03-08 19:01:39.000000000,15.093107159675009
2026-03-08 19:07:55.000000000,7.430238591598585
2026-03-08 19:26:49.000000000,19.48003858421303
2026-03-08 19:18:58.000000000,83.86317364445627
2026-03-08 19:53:31.000000000,14.286916019959898
2026-03-08 19:45:35.000000000,64.63735708309439
2026-03-08 19:50:12.000000000,63.424590704738954
2026-03-08 19:38:13.000000000,8.940671893521923
2026-03-08 19:27:04.000000000,25.589092408532736
2026-03-08 19:53:54.000000000,30.825833812579624
2026-03-08 19:49:07.000000000,20.92647493221121
2026-03-08 19:15:17.000000000,49.417450017642466
2026-03-08 19:55:54.000000000,27.410015195615124
2026-03-08 19:33:05.000000000,10.64612506195787
2026-03-08 20:08:17.000000000,22.562461365557755
2026-03-08 20:41:52.000000000,20.714369091412127
2026-03-08 20:16:25.000000000,18.764254588847187
2026-03-08 20:55:33.000000000,5.529983225824014
2026-03-08 20:16:55.000000000,14.37330172565787
2026-03-08 20:13:43.000000000,7.954387481076395
2026-03-08 20:19:50.000000000,22.251108256038545
2026-03-08 20:41:50.000000000,29.908830660242764
2026-03-08 20:57:55.000000000,66.03170552598247
2026-03-08 20:10:51.000000000,18.864340850668768
2026-03-08 20:08:37.000000000,25.65169412782507
2026-03-08 20:46:31.000000000,9.615136224383042
2026-03-08 20:55:38.000000000,10.253838691544393
2026-03-08 20:30:33.000000000,18.488574564589445
2026-03-08 20:20:14.000000000,20.637815574764275
2026-03-08 21:30:07.000000000,20.067073698069972
2026-03-08 21:14:41.000000000,40.31856889721828
2026-03-08 21:27:04.000000000,32.97460929847476
2026-03-08 21:51:20.000000000,15.581576286697283
2026-03-08 21:03:33.000000000,57.20536740781818
2026-03-08 21:17:54.000000000,34.4352721607525
2026-03-08 21:52:55.000000000,14.937165596855552
2026-03-08 21:16:23.000000000,16.0178150938682
2026-03-08 21:51:34.000000000,18.543073863275744
2026-03-08 21:57:20.000000000,7.271656031919725
2026-03-08 21:09:09.000000000,67.03174595046444
2026-03-08 22:24:12.000000000,46.203224986123544
2026-03-08 22:21:30.000000000,29.283303747303837
2026-03-08 22:08:28.000000000,22.569943930444175
2026-03-08 22:31:59.000000000,7.793372755829452
2026-03-08 22:14:57.000000000,37.961375209776676
2026-03-08 22:44:01.000000000,22.48773646278076
2026-03-08 22:47:50.000000000,18.696501418850556
2026-03-08 22:39:56.000000000,24.85363115751552
2026-03-08 22:19:22.000000000,20.22967080804395
2026-03-08 22:41:49.000000000,14.953720577020725
2026-03-08 22:02:49.000000000,23.196162820115394
2026-03-08 22:09:41.000000000,61.25512715642709
2026-03-08 22:01:14.000000000,12.436014755837185
2026-03-08 22:11:02.000000000,20.282887157709933
2026-03-08 22:26:12.000000000,21.699900359350664
2026-03-08 22:16:02.000000000,24.155478667128424
2026-03-08 23:07:48.000000000,11.730593982004052
2026-03-08 23:33:32.000000000,27.736289666508085
2026-03-08 23:49:40.000000000,17.59727563183355
2026-03-08 23:15:01.000000000,29.01776597860792
2026-03-08 23:20:57.000000000,12.951284180125068
2026-03-08 23:48:31.000000000,8.62474469283143
2026-03-08 23:43:02.000000000,50.00708691399992
2026-03-08 23:31:35.000000000,46.818117123054236
2026-03-08 23:01:55.000000000,24.204221899647642
2026-03-08 23:36:09.000000000,33.902029571749374
2026-03-08 23:53:46.000000000,27.79279152708101
2026-03-08 23:56:10.000000000,16.698087088131807
2026-03-08 23:51:19.000000000,15.775339363473273
2026-03-08 23:03:18.000000000,9.560976714051996
2026-03-08 23:50:24.000000000,7.926263489383557
2026-03-08 23:24:27.000000000,11.850024578150018
2026-03-09 00:50:41.000000000,38.58787593672221
2026-03-09 00:41:06.000000000,10.248521859538007
2026-03-09 00:33:14.000000000,25.240181862672113
2026-03-09 00:44:24.000000000,24.80946817969508
2026-03-09 00:03:30.000000000,63.74612782822257
2026-03-09 00:32:24.000000000,24.808873812996453
2026-03-09 00:13:31.000000000,21.13546788872303
2026-03-09 01:06:28.000000000,14.753945822938492
2026-03-09 01:11:15.000000000,40.01499605781903
2026-03-09 01:39:31.000000000,14.148395602717386
2026-03-09 02:43:04.000000000,25.923488872050434
2026-03-09 02:03:20.000000000,36.34863041142582
2026-03-09 02:34:50.000000000,19.209418168929712
2026-03-09 02:41:59.000000000,11.191440077184305
2026-03-09 02:09:32.000000000,48.75998427132433
2026-03-09 02:16:50.000000000,10.070441056104702
2026-03-09 04:32:42.000000000,25.21705879604461
2026-03-09 04:56:19.000000000,11.910893474925551
2026-03-09 04:37:22.000000000,21.009797531249546
2026-03-09 05:57:58.000000000,24.146926216829353
2026-03-09 05:53:43.000000000,24.72614762295808
2026-03-09 05:26:44.000000000,33.42029041957543
2026-03-09 05:45:00.000000000,71.2501565607797
2026-03-09 05:12:54.000000000,19.939556041891652
2026-03-09 05:28:19.000000000,9.250082143716678
2026-03-09 05:39:24.000000000,5.1857751949169835
2026-03-09 06:48:22.000000000,18.641821323459755
2026-03-09 06:46:10.000000000,29.203437531848195
2026-03-09 06:16:00.000000000,91.72788512908376
2026-03-09 06:01:06.000000000,12.941662769017718
2026-03-09 06:37:18.000000000,17.922958578899753
2026-03-09 06:43:02.000000000,102.70372861101255
2026-03-09 06:31:44.000000000,17.457876987089485
2026-03-09 06:25:46.000000000,18.145595172348166
2026-03-09 06:33:39.000000000,23.62999674668192
2026-03-09 06:47:20.000000000,18.976876202533784
2026-03-09 06:34:08.000000000,74.96494850304705
2026-03-09 06:35:46.000000000,20.22856961033574
2026-03-09 06:52:32.000000000,113.62546159456306
2026-03-09 06:20:50.000000000,38.11467353032556
2026-03-09 07:59:27.000000000,10.487091444614672
2026-03-09 07:33:33.000000000,14.950957937877028
2026-03-09 07:36:27.000000000,46.2745435037193
2026-03-09 07:14:51.000000000,63.925072548019166
2026-03-09 07:59:52.000000000,12.212604016775039
2026-03-09 07:44:02.000000000,48.495313045157125
2026-03-09 07:34:39.000000000,20.612992214476364
2026-03-09 07:30:46.000000000,13.257870645459517
2026-03-09 07:49:34.000000000,16.881294135508114
2026-03-09 07:13:26.000000000,22.619319716342126
2026-03-09 07:50:27.000000000,14.004031212963165
2026-03-09 07:51:29.000000000,20.765421109838243
2026-03-09 07:21:20.000000000,33.639933453284364
2026-03-09 07:12:05.000000000,21.956078967515833
2026-03-09 08:15:26.000000000,10.927319871900128
2026-03-09 08:44:01.000000000,20.559777914052024
2026-03-09 08:30:56.000000000,13.231344146157918
2026-03-09 08:51:18.000000000,42.69689805346674
2026-03-09 08:26:54.000000000,29.54085366148085
2026-03-09 08:41:52.000000000,37.24740000338512
2026-03-09 08:58:48.000000000,10.380330543973772
2026-03-09 08:17:13.000000000,43.166025546617654
2026-03-09 08:06:24.000000000,52.51887949579874
2026-03-09 08:25:42.000000000,7.947814803570601
2026-03-09 08:18:46.000000000,29.450830073676368
2026-03-09 08:40:00.000000000,59.26263282330816
2026-03-09 08:42:06.000000000,10.03119986170614
2026-03-09 08:58:50.000000000,17.855908177230628
2026-03-09 08:39:44.000000000,18.48168358726818
2026-03-09 08:06:35.000000000,12.384213515848531
2026-03-09 09:20:34.000000000,45.5111108665654
2026-03-09 09:53:50.000000000,18.740719810649505
2026-03-09 09:15:42.000000000,22.152980672994076
2026-03-09 09:29:35.000000000,12.349596484501028
2026-03-09 09:25:18.000000000,29.333049406769934
2026-03-09 09:44:37.000000000,9.521180441672907
2026-03-09 09:25:53.000000000,35.5502340359029
2026-03-09 09:14:59.000000000,5.94570362057353
2026-03-09 09:23:57.000000000,43.393536453636706
2026-03-09 09:15:08.000000000,16.131876629102532
2026-03-09 10:46:06.000000000,8.473596570734776
2026-03-09 10:08:23.000000000,16.041743014350377
2026-03-09 10:45:34.000000000,30.706400853525057
2026-03-09 10:37:57.000000000,11.218133707953477
2026-03-09 10:45:32.000000000,7.196207159911442
2026-03-09 10:34:21.000000000,21.38727059191986
2026-03-09 10:53:39.000000000,8.459121854453105
2026-03-09 10:41:37.000000000,11.097524101889533
2026-03-09 10:10:40.000000000,13.980349292642686
2026-03-09 10:55:10.000000000,30.940185241037323
2026-03-09 10:26:58.000000000,22.543652254034154
2026-03-09 10:03:30.000000000,7.668528420988553
2026-03-09 10:47:14.000000000,15.194678138389476
2026-03-09 11:07:26.000000000,23.3426890942601
2026-03-09 11:43:02.000000000,19.538005955718912
2026-03-09 11:28:57.000000000,41.38115257389389
2026-03-09 11:19:39.000000000,9.341171420127163
2026-03-09 11:25:12.000000000,7.848828840564557
2026-03-09 11:21:46.000000000,13.286224630860323
2026-03-09 11:00:27.000000000,9.901977389814745
2026-03-09 11:53:25.000000000,40.84878692912931
2026-03-09 11:29:31.000000000,11.637045989597942
2026-03-09 12:52:32.000000000,14.724769792460211
2026-03-09 12:49:49.000000000,6.9427706624961445
2026-03-09 12:32:09.000000000,9.69464884071396
2026-03-09 12:12:36.000000000,10.671030582541192
2026-03-09 12:40:52.000000000,15.03457161933634
2026-03-09 12:09:06.000000000,67.26052610441737
2026-03-09 12:48:04.000000000,59.34651867774734
2026-03-09 12:45:04.000000000,68.44174015202269
2026-03-09 12:13:52.000000000,17.813332988651766
2026-03-09 12:53:53.000000000,18.732864736071182
2026-03-09 12:34:27.000000000,18.436700799290218
2026-03-09 12:27:23.000000000,8.574099280420226
2026-03-09 13:19:56.000000000,15.13886453357585
2026-03-09 13:39:14.000000000,39.67731204358285
2026-03-09 13:45:42.000000000,15.221369736741993
2026-03-09 13:40:39.000000000,7.634478057667864
2026-03-09 13:20:41.000000000,17.47923561853447
2026-03-09 13:20:00.000000000,53.048133792190534
2026-03-09 13:21:51.000000000,16.1310838728206
2026-03-09 13:52:50.000000000,16.304043776822297
2026-03-09 13:07:58.000000000,16.197868221636124
2026-03-09 13:50:44.000000000,18.50403846585362
2026-03-09 13:34:56.000000000,11.661192755443375
2026-03-09 13:12:41.000000000,56.59593940818639
2026-03-09 14:38:00.000000000,33.887622299071296
2026-03-09 14:40:25.000000000,55.193866546741816
2026-03-09 14:12:27.000000000,33.60841498709446
2026-03-09 14:35:33.000000000,135.8262170264421
2026-03-09 14:15:09.000000000,14.026705384035294
2026-03-09 14:48:31.000000000,14.56479801179925
2026-03-09 14:00:17.000000000,13.218018225574518
2026-03-09 14:02:32.000000000,8.159442058820993
2026-03-09 14:02:56.000000000,16.930122766913207
2026-03-09 14:05:05.000000000,16.78524928765423
2026-03-09 14:58:22.000000000,19.119092830840504
2026-03-09 14:31:09.000000000,12.916743623950326
2026-03-09 14:02:05.000000000,12.631797790466239
2026-03-09 14:19:56.000000000,10.494277906256627
2026-03-09 15:08:54.000000000,24.668130044587844
2026-03-09 15:59:41.000000000,12.495086039459489
2026-03-09 15:22:12.000000000,8.64774466695748
2026-03-09 15:58:06.000000000,33.12984238441163
2026-03-09 15:29:59.000000000,8.561751047392715
2026-03-09 15:07:19.000000000,11.300413312310383
2026-03-09 16:37:27.000000000,31.73602513384508
2026-03-09 16:03:03.000000000,19.05379008880876
2026-03-09 16:19:34.000000000,25.847426020114472
2026-03-09 16:54:01.000000000,120.39674191699233
2026-03-09 16:45:21.000000000,17.28775070855761
2026-03-09 16:07:41.000000000,89.0955349355698
2026-03-09 16:52:17.000000000,10.898116551409691
2026-03-09 16:30:34.000000000,128.85316047045055
2026-03-09 16:51:11.000000000,37.27129892084739
2026-03-09 16:07:00.000000000,116.06204590020545
2026-03-09 16:22:26.000000000,9.06071300715776
2026-03-09 16:16:18.000000000,13.323148058925199
2026-03-09 16:30:11.000000000,69.23682140656831
2026-03-09 17:44:27.000000000,15.039541837695763
2026-03-09 17:59:58.000000000,13.843996100666482
2026-03-09 17:47:17.000000000,27.82420152564533
2026-03-09 17:38:26.000000000,21.705022443923358
2026-03-09 17:50:58.000000000,17.112737253594844
2026-03-09 17:56:31.000000000,32.21984434134168
2026-03-09 17:49:54.000000000,8.528971706319004
2026-03-09 17:22:54.000000000,14.688809066969519
2026-03-09 17:52:29.000000000,22.646588497502737
2026-03-09 17:27:43.000000000,54.31395934120088
2026-03-09 17:39:17.000000000,22.451019750892314
2026-03-09 17:25:57.000000000,121.94416984916917
2026-03-09 17:39:49.000000000,14.472121819783704
2026-03-09 17:08:15.000000000,15.414023630595082
2026-03-09 17:54:23.000000000,13.3799439041865
2026-03-09 17:47:34.000000000,12.450534506355217
2026-03-09 17:38:47.000000000,130.89842651302462
2026-03-09 17:37:06.000000000,76.92287623790729
2026-03-09 18:59:40.000000000,9.876509936343007
2026-03-09 18:48:06.000000000,16.43633126248711
2026-03-09 18:34:46.000000000,14.490725721626387
2026-03-09 18:31:40.000000000,64.3283400325537
2026-03-09 18:38:38.000000000,26.431881064913714
2026-03-09 18:46:15.000000000,64.17571178466787
2026-03-09 18:30:18.000000000,21.00273104955753
2026-03-09 18:31:01.000000000,23.226415941662886
2026-03-09 18:24:39.000000000,9.526903552108596
2026-03-09 18:29:01.000000000,54.069635553191986
2026-03-09 18:12:21.000000000,10.096829610951435
2026-03-09 18:33:15.000000000,22.706207139854573
2026-03-09 18:42:13.000000000,62.1741547967608
2026-03-09 18:58:06.000000000,24.5799498959989
2026-03-09 18:33:49.000000000,60.08871888894668
2026-03-09 18:22:20.000000000,9.224298631538097
2026-03-09 18:38:39.000000000,6.82994527667085
2026-03-09 18:10:00.000000000,7.039387403277341
2026-03-09 18:18:46.000000000,45.109226040825135
2026-03-09 18:15:52.000000000,6.601903991569868
2026-03-09 19:40:32.000000000,28.970418286112118
2026-03-09 19:48:08.000000000,6.181019805439321
2026-03-09 19:12:41.000000000,19.781610524164954
2026-03-09 19:33:22.000000000,46.84606130445442
2026-03-09 19:29:26.000000000,29.01734413734079
2026-03-09 19:35:45.000000000,11.373910661222698
2026-03-09 19:53:33.000000000,17.37056770422514
2026-03-09 19:31:36.000000000,43.34588499609892
2026-03-09 19:33:17.000000000,53.471709126333415
2026-03-09 20:23:34.000000000,23.724900475161107
2026-03-09 20:26:56.000000000,18.760668955524306
2026-03-09 20:54:38.000000000,9.55289034820779
2026-03-09 20:48:07.000000000,30.07051387379852
2026-03-09 20:31:51.000000000,12.171039236564997
2026-03-09 20:03:29.000000000,13.908049367760746
2026-03-09 20:17:00.000000000,26.455595441944592
2026-03-09 20:04:20.000000000,17.794481324951334
2026-03-09 20:13:01.000000000,10.626580380005171
2026-03-09 20:28:21.000000000,11.455820683346175
2026-03-09 20:32:44.000000000,23.529975685978542
2026-03-09 20:20:30.000000000,48.13720280958027
2026-03-09 20:37:04.000000000,25.504656140273163
2026-03-09 21:20:05.000000000,28.19273529855339
2026-03-09 21:06:34.000000000,17.74108406506826
2026-03-09 21:16:53.000000000,12.064571370445856
2026-03-09 21:14:49.000000000,15.256012889521731
2026-03-09 21:24:18.000000000,51.31738521276191
2026-03-09 21:03:45.000000000,90.95518483967004
2026-03-09 21:08:28.000000000,26.122587962185726
2026-03-09 21:32:29.000000000,20.633608362679606
2026-03-09 21:06:59.000000000,6.835931374355538
2026-03-09 21:43:36.000000000,10.760679060855573
2026-03-09 21:08:41.000000000,17.561409555353954
2026-03-09 21:54:08.000000000,8.931888241108105
2026-03-09 21:46:28.000000000,9.639621454633067
2026-03-09 21:06:32.000000000,47.49725153282385
2026-03-09 21:23:08.000000000,39.21355607227919
2026-03-09 21:10:43.000000000,28.39813920641414
2026-03-09 22:44:23.000000000,10.6521073397712
2026-03-09 22:05:36.000000000,12.935821453398045
2026-03-09 22:37:38.000000000,9.932413710404406
2026-03-09 22:51:59.000000000,6.487296105014165
2026-03-09 22:20:14.000000000,5.60227076286585
2026-03-09 22:43:00.000000000,10.475640539336498
2026-03-09 22:12:28.000000000,83.47690025307392
2026-03-09 22:50:04.000000000,16.093678364268854
2026-03-09 22:10:58.000000000,20.521367225877427
2026-03-09 22:49:14.000000000,12.970069270853323
2026-03-09 23:01:34.000000000,57.15330510732928
2026-03-09 23:53:36.000000000,17.491490859948197
2026-03-09 23:44:53.000000000,50.03260831323514
2026-03-09 23:43:06.000000000,7.508930983984908
2026-03-09 23:03:43.000000000,19.87728850445614
2026-03-09 23:01:10.000000000,14.095778094483261
2026-03-09 23:54:32.000000000,7.897755495204001
2026-03-09 23:30:28.000000000,6.772131136291493
2026-03-09 23:47:52.000000000,12.500430396330565
2026-03-09 23:23:32.000000000,59.83423001616643
2026-03-09 23:20:44.000000000,24.92498658723472
2026-03-09 23:35:11.000000000,5.940589883903135
2026-03-10 00:32:56.000000000,11.536850730788782
2026-03-10 00:46:49.000000000,29.20161850065336
2026-03-10 00:18:01.000000000,44.82641926580542
2026-03-10 00:41:24.000000000,17.625928670942002
2026-03-10 00:03:08.000000000,25.797289696832607
2026-03-10 00:34:31.000000000,9.43647862519424
2026-03-10 00:52:04.000000000,14.21358695834206
2026-03-10 01:35:56.000000000,28.462995813372768
2026-03-10 02:13:37.000000000,35.038204054638456
2026-03-10 02:59:25.000000000,8.95661633660269
2026-03-10 02:17:54.000000000,67.74701184208048
2026-03-10 02:10:12.000000000,13.29432062848988
2026-03-10 02:07:49.000000000,6.876963151726462
2026-03-10 03:54:07.000000000,60.14367618745339
2026-03-10 04:32:10.000000000,36.7541253329297
2026-03-10 04:55:44.000000000,16.48265382921392
2026-03-10 06:43:06.000000000,9.209610091634444
2026-03-10 06:05:33.000000000,7.775955845029479
2026-03-10 06:18:29.000000000,47.3755522469639
2026-03-10 06:57:06.000000000,69.5964019215658
2026-03-10 06:35:33.000000000,63.135265149342686
2026-03-10 06:13:13.000000000,23.7920899506711
2026-03-10 06:37:48.000000000,26.9941663447509
2026-03-10 07:33:36.000000000,24.206259709348195
2026-03-10 07:17:09.000000000,71.16608716412894
2026-03-10 07:17:17.000000000,11.607715631224622
2026-03-10 07:22:48.000000000,9.222895619514993
2026-03-10 07:01:12.000000000,8.514667413529496
2026-03-10 07:52:14.000000000,76.81063353177748
2026-03-10 07:55:27.000000000,15.355889054636013
2026-03-10 07:40:19.000000000,83.30207691741319
2026-03-10 07:21:44.000000000,33.83573877119147
2026-03-10 07:03:00.000000000,14.872587028136193
2026-03-10 07:45:39.000000000,18.509045166473314
2026-03-10 07:29:55.000000000,97.26055043557183
2026-03-10 07:18:55.000000000,28.938217762222514
2026-03-10 07:51:41.000000000,20.045967423295604
2026-03-10 07:34:46.000000000,13.604689026881921
2026-03-10 07:48:12.000000000,26.15979157812462
2026-03-10 07:48:33.000000000,71.92967282909639
2026-03-10 07:33:08.000000000,22.417996548733875
2026-03-10 07:54:38.000000000,49.26502285034908
2026-03-10 08:48:54.000000000,75.52297540427013
2026-03-10 08:03:42.000000000,51.33428257174005
2026-03-10 08:38:49.000000000,106.76615279154878
2026-03-10 08:32:51.000000000,17.55801547218769
2026-03-10 08:40:29.000000000,19.633138287875926
2026-03-10 08:42:35.000000000,7.777812546550117
2026-03-10 08:20:09.000000000,29.037150465764277
2026-03-10 08:01:59.000000000,52.12488447391156
2026-03-10 08:09:08.000000000,52.20473288997666
2026-03-10 08:05:54.000000000,21.91145306633741
2026-03-10 08:25:45.000000000,31.142226404383972
2026-03-10 08:56:52.000000000,73.04819684980805
2026-03-10 08:23:38.000000000,58.04718095084448
2026-03-10 08:38:35.000000000,22.076235658523085
2026-03-10 08:25:28.000000000,51.69239115352727
2026-03-10 08:31:02.000000000,12.91171467874063
2026-03-10 09:49:12.000000000,11.130372370621416
2026-03-10 09:42:13.000000000,56.751387540985434
2026-03-10 09:36:41.000000000,11.324755159471518
2026-03-10 09:57:26.000000000,7.4177808213624585
2026-03-10 09:29:13.000000000,11.074502250289163
2026-03-10 09:44:13.000000000,15.813968695426182
2026-03-10 09:56:06.000000000,9.570283235019918
2026-03-10 09:43:23.000000000,11.37636347726785
2026-03-10 09:43:34.000000000,38.99543403031091
2026-03-10 09:54:49.000000000,7.917272411553134
2026-03-10 09:12:51.000000000,119.68060014863914
2026-03-10 09:40:06.000000000,21.15253183521192
2026-03-10 09:16:50.000000000,15.837800649254184
2026-03-10 09:50:29.000000000,16.63851796896972
2026-03-10 09:39:21.000000000,18.804872101994246
2026-03-10 09:09:04.000000000,43.70205175469709
2026-03-10 10:07:44.000000000,10.800138669653224
2026-03-10 10:30:45.000000000,8.578915758341395
2026-03-10 10:59:58.000000000,8.72211913926092
2026-03-10 10:20:25.000000000,12.313412310419167
2026-03-10 10:42:10.000000000,26.230829239865567
2026-03-10 10:09:20.000000000,7.981787961317245
2026-03-10 10:40:43.000000000,15.067642129206915
2026-03-10 10:45:10.000000000,9.13165825022687
2026-03-10 10:42:23.000000000,27.874146073048877
2026-03-10 10:06:08.000000000,14.144234235833224
2026-03-10 10:32:04.000000000,80.79166748643729
2026-03-10 10:58:39.000000000,27.450747074667206
2026-03-10 10:29:11.000000000,22.170103650057044
2026-03-10 11:37:58.000000000,11.561150931274241
2026-03-10 11:07:57.000000000,72.9598577865836
2026-03-10 11:20:41.000000000,23.079469775514323
2026-03-10 11:05:19.000000000,12.147953340535288
2026-03-10 11:20:30.000000000,6.133261061322376
2026-03-10 11:41:29.000000000,30.996394185488693
2026-03-10 11:51:12.000000000,42.031155720573615
2026-03-10 11:11:38.000000000,12.214327033206535
2026-03-10 11:19:31.000000000,64.37568293302117
2026-03-10 11:05:56.000000000,20.08163914505006
2026-03-10 11:14:22.000000000,39.96873923827562
2026-03-10 11:56:32.000000000,34.786167739551814
2026-03-10 11:47:32.000000000,17.986735131836394
2026-03-10 11:11:22.000000000,12.196468441430474
2026-03-10 12:01:35.000000000,13.074077582849094
2026-03-10 12:36:12.000000000,28.830236832457178
2026-03-10 12:31:10.000000000,14.328303916828926
2026-03-10 12:01:40.000000000,19.26591545834511
2026-03-10 12:35:50.000000000,21.153240467770534
2026-03-10 12:00:35.000000000,8.72557624435303
2026-03-10 12:54:37.000000000,13.426536926000354
2026-03-10 12:31:59.000000000,10.966364347161775
2026-03-10 12:48:58.000000000,11.8078697088154
2026-03-10 12:22:38.000000000,15.913354754341432
2026-03-10 12:07:36.000000000,11.542216520222809
2026-03-10 13:26:25.000000000,24.024154486525852
2026-03-10 13:31:20.000000000,10.25382913420208
2026-03-10 13:22:12.000000000,13.11807729379489
2026-03-10 13:34:48.000000000,16.137804526206963
2026-03-10 13:27:41.000000000,33.60866990161558
2026-03-10 13:22:21.000000000,34.464245665188145
2026-03-10 13:40:44.000000000,29.326553170275012
2026-03-10 13:58:29.000000000,18.671974994114674
2026-03-10 13:39:50.000000000,10.262650117732335
2026-03-10 13:31:10.000000000,13.916270874491147
2026-03-10 13:04:16.000000000,24.75224296674909
2026-03-10 13:14:57.000000000,63.118689858348645
2026-03-10 13:18:27.000000000,24.07476245818089
2026-03-10 13:46:40.000000000,30.541794556743504
2026-03-10 14:43:28.000000000,15.522326132989654
2026-03-10 14:29:28.000000000,25.804116375768274
2026-03-10 14:42:00.000000000,22.450985756366826
2026-03-10 14:07:26.000000000,43.64137458504282
2026-03-10 14:10:56.000000000,14.211382588805959
2026-03-10 14:51:44.000000000,9.623667745704479
2026-03-10 14:30:22.000000000,12.667630879929817
2026-03-10 14:30:55.000000000,38.18601166298516
2026-03-10 14:16:04.000000000,46.486342846976314
2026-03-10 14:32:05.000000000,40.62536347827272
2026-03-10 14:07:53.000000000,25.360014382852814
2026-03-10 15:26:00.000000000,9.726274733765738
2026-03-10 15:38:47.000000000,21.208443137253095
2026-03-10 15:06:34.000000000,21.309756740870217
2026-03-10 15:48:23.000000000,171.88869481784394
2026-03-10 15:46:13.000000000,19.85140495969489
2026-03-10 15:00:22.000000000,15.58222935024024
2026-03-10 15:46:54.000000000,91.44206830687844
2026-03-10 15:00:39.000000000,21.052087050610307
2026-03-10 15:44:53.000000000,28.49798282851627
2026-03-10 15:18:27.000000000,53.72468907372579
2026-03-10 15:43:42.000000000,17.69002484809131
2026-03-10 15:04:20.000000000,21.846827095632282
2026-03-10 15:50:47.000000000,33.53189612608088
2026-03-10 15:08:43.000000000,12.070072673686258
2026-03-10 15:12:06.000000000,9.36407843813907
2026-03-10 15:45:22.000000000,14.176322408568288
2026-03-10 16:24:34.000000000,29.75507816104024
2026-03-10 16:21:43.000000000,8.524455576477663
2026-03-10 16:28:16.000000000,23.422066496444305
2026-03-10 16:39:31.000000000,15.714119034573741
2026-03-10 16:08:10.000000000,6.35709753923097
2026-03-10 16:31:19.000000000,23.46187100861966
2026-03-10 16:53:12.000000000,31.754122209194037
2026-03-10 16:47:51.000000000,16.407504108462973
2026-03-10 16:00:51.000000000,74.84913529378137
2026-03-10 16:00:13.000000000,8.15019403297278
2026-03-10 16:47:40.000000000,13.473810487964831
2026-03-10 16:13:12.000000000,65.40780937690383
2026-03-10 16:55:55.000000000,32.75256279514217
2026-03-10 16:23:55.000000000,6.191883203082445
2026-03-10 17:33:06.000000000,29.380058984920996
2026-03-10 17:58:48.000000000,13.365091515975754
2026-03-10 17:14:19.000000000,14.905438201348788
2026-03-10 17:33:31.000000000,7.179932136174279
2026-03-10 17:11:09.000000000,19.2049851732242
2026-03-10 17:43:08.000000000,23.87082019194059
2026-03-10 17:09:28.000000000,68.19822011954132
2026-03-10 17:46:06.000000000,12.258356211919564
2026-03-10 17:52:54.000000000,20.34348564668467
2026-03-10 17:46:58.000000000,14.810555947895928
2026-03-10 17:38:33.000000000,19.826930302319088
2026-03-10 17:29:13.000000000,23.810825538223817
2026-03-10 17:52:29.000000000,38.25159704369877
2026-03-10 17:58:59.000000000,12.129076003498383
2026-03-10 17:59:02.000000000,11.644836930461729
2026-03-10 17:12:56.000000000,21.716319572664318
2026-03-10 17:49:25.000000000,17.17436124496361
2026-03-10 18:01:38.000000000,9.973531028755891
2026-03-10 18:24:21.000000000,38.62691557395441
2026-03-10 18:58:22.000000000,70.08778283717486
2026-03-10 18:08:18.000000000,10.86186420402885
2026-03-10 18:53:14.000000000,49.298426470440475
2026-03-10 18:59:03.000000000,59.12236994932566
2026-03-10 18:05:39.000000000,48.35596898114519
2026-03-10 18:01:54.000000000,21.644290954693965
2026-03-10 18:38:24.000000000,32.24198355910133
2026-03-10 18:24:48.000000000,67.64461672624624
2026-03-10 18:30:24.000000000,72.3578490566626
2026-03-10 18:34:05.000000000,12.179507156803746
2026-03-10 18:32:27.000000000,12.456853737966965
2026-03-10 18:53:16.000000000,20.95482642498839
2026-03-10 18:33:39.000000000,42.789467757348675
2026-03-10 18:30:32.000000000,14.114928016866845
2026-03-10 18:42:30.000000000,49.4261174010007
2026-03-10 18:05:03.000000000,76.87653664381529
2026-03-10 18:06:55.000000000,35.30144101524763
2026-03-10 18:05:47.000000000,19.939497901289656
2026-03-10 18:45:46.000000000,22.628364949692575
2026-03-10 18:41:58.000000000,25.11164243906977
2026-03-10 18:18:16.000000000,11.068785105515103
2026-03-10 19:35:32.000000000,8.854518159424945
2026-03-10 19:09:25.000000000,11.230600487662066
2026-03-10 19:23:47.000000000,19.55368232793733
2026-03-10 19:34:47.000000000,18.803586469139784
2026-03-10 19:30:37.000000000,89.16194823503693
2026-03-10 19:41:57.000000000,8.541520780619123
2026-03-10 19:16:47.000000000,17.047164428704843
2026-03-10 19:22:42.000000000,17.639001839259464
2026-03-10 19:13:18.000000000,54.53255041069336
2026-03-10 19:49:34.000000000,101.67828295845206
2026-03-10 19:14:46.000000000,29.397735056861357
2026-03-10 19:52:44.000000000,18.599059710804767
2026-03-10 19:08:15.000000000,10.430695150917437
2026-03-10 19:25:01.000000000,33.07855101936019
2026-03-10 19:11:53.000000000,102.735540736218
2026-03-10 19:20:28.000000000,19.430234507544164
2026-03-10 19:10:36.000000000,23.156501841658397
2026-03-10 19:56:03.000000000,8.751661313154289
2026-03-10 19:21:50.000000000,34.5012525636529
2026-03-10 19:45:15.000000000,14.019642672026695
2026-03-10 19:12:50.000000000,32.167480179114214
2026-03-10 19:58:07.000000000,42.1617727621702
2026-03-10 19:15:25.000000000,8.489984162855079
2026-03-10 20:54:41.000000000,50.686427197452645
2026-03-10 20:32:58.000000000,50.33262953786278
2026-03-10 20:46:51.000000000,31.727055761445428
2026-03-10 20:48:58.000000000,23.058651272644486
2026-03-10 20:00:52.000000000,17.677240497079698
2026-03-10 20:13:13.000000000,19.14670538447253
2026-03-10 20:33:01.000000000,34.655769820938815
2026-03-10 20:41:03.000000000,20.074407918830605
2026-03-10 20:03:25.000000000,20.177857879937832
2026-03-10 20:13:45.000000000,15.81441202081982
2026-03-10 20:39:15.000000000,10.838193310117964
2026-03-10 20:42:04.000000000,47.822501242908885
2026-03-10 21:42:25.000000000,16.921902376723914
2026-03-10 21:00:44.000000000,29.774871429348064
2026-03-10 21:54:47.000000000,33.30297765762521
2026-03-10 21:33:06.000000000,59.39828013736109
2026-03-10 21:50:56.000000000,35.08824465859352
2026-03-10 21:06:41.000000000,35.6706589884828
2026-03-10 21:59:17.000000000,16.900877389076044
2026-03-10 21:22:02.000000000,55.54182847219648
2026-03-10 21:41:42.000000000,69.27311308303285
2026-03-10 21:59:42.000000000,35.71905598664627
2026-03-10 21:25:53.000000000,15.145972484503705
2026-03-10 21:19:06.000000000,9.161481082916847
2026-03-10 21:09:53.000000000,37.955123250286945
2026-03-10 21:25:03.000000000,14.840543326245838
2026-03-10 22:57:20.000000000,9.489158970150442
2026-03-10 22:46:23.000000000,9.070587069120466
2026-03-10 22:00:33.000000000,12.635869761544578
2026-03-10 22:09:47.000000000,13.18346343360508
2026-03-10 22:55:51.000000000,13.350139956294392
2026-03-10 22:03:50.000000000,119.45398628150208
2026-03-10 22:04:37.000000000,50.61376851073956
2026-03-10 22:21:17.000000000,56.005099978287284
2026-03-10 22:16:53.000000000,40.3278485526934
2026-03-10 22:17:57.000000000,43.688592355600846
2026-03-10 22:29:22.000000000,82.4089003633419
2026-03-10 23:43:01.000000000,17.711334387474533
2026-03-10 23:32:26.000000000,20.68415426099339
2026-03-10 23:46:48.000000000,11.530096550338413
2026-03-10 23:15:17.000000000,11.851783540185982
2026-03-10 23:28:54.000000000,20.589759947261765
2026-03-10 23:54:53.000000000,18.074813821654615
2026-03-10 23:31:53.000000000,61.886411984887665
2026-03-10 23:17:37.000000000,18.13529795782683
2026-03-10 23:53:09.000000000,21.860006940611406
2026-03-10 23:54:26.000000000,38.948600711175914
2026-03-10 23:38:30.000000000,25.40504926583034
2026-03-10 23:48:50.000000000,21.005500895224184
2026-03-10 23:09:49.000000000,40.308704677717316
2026-03-10 23:43:23.000000000,15.076009020224436
2026-03-10 23:03:07.000000000,11.52078645711105
2026-03-10 23:13:24.000000000,16.554323006692986
2026-03-10 23:49:14.000000000,46.707823540929745
2026-03-10 23:10:11.000000000,5.8512900625505635
2026-03-11 00:41:33.000000000,25.502554245673164
2026-03-11 00:23:20.000000000,29.96895457226615
2026-03-11 00:58:25.000000000,15.868021268490994
2026-03-11 00:10:53.000000000,30.128691569096212
2026-03-11 00:42:21.000000000,38.77876835220738
2026-03-11 00:03:20.000000000,10.394406268801928
2026-03-11 01:10:06.000000000,7.248750733467064
2026-03-11 01:36:47.000000000,59.845463092097354
2026-03-11 01:26:05.000000000,16.585864997770962
2026-03-11 01:35:19.000000000,31.971470894828688
2026-03-11 01:24:27.000000000,36.81119505431237
2026-03-11 02:01:34.000000000,10.127258072332713
2026-03-11 02:58:24.000000000,9.562784739802602
2026-03-11 02:50:39.000000000,16.13524838651931
2026-03-11 02:16:32.000000000,7.943142739957545
2026-03-11 02:58:55.000000000,16.984892787262055
2026-03-11 03:11:50.000000000,6.74862728000483
2026-03-11 03:16:25.000000000,21.249466224192638
2026-03-11 04:58:50.000000000,15.684293704373138
2026-03-11 04:26:07.000000000,16.80288042708895
2026-03-11 04:34:37.000000000,25.9258876371036
2026-03-11 04:23:06.000000000,8.5756471861226
2026-03-11 04:49:27.000000000,12.971399881247523
2026-03-11 05:19:21.000000000,48.943437634240475
2026-03-11 05:53:23.000000000,57.031804719921716
2026-03-11 05:52:39.000000000,64.79403000548409
2026-03-11 05:45:31.000000000,24.388792073368194
2026-03-11 06:00:50.000000000,12.356497594528573
2026-03-11 06:42:16.000000000,13.211819289924321
2026-03-11 06:01:44.000000000,9.534079414365351
2026-03-11 06:26:38.000000000,31.475802162044342
2026-03-11 06:20:17.000000000,24.153982097492204
2026-03-11 06:42:24.000000000,9.80285144057548
2026-03-11 07:57:30.000000000,7.891795515164318
2026-03-11 07:12:07.000000000,26.6074376158955
2026-03-11 07:58:29.000000000,11.60043495064214
2026-03-11 07:44:58.000000000,12.30335191286056
2026-03-11 07:07:28.000000000,29.55174050988005
2026-03-11 07:35:04.000000000,21.16921234448834
2026-03-11 07:53:57.000000000,26.830945275936287
2026-03-11 07:29:42.000000000,39.668215794979986
2026-03-11 07:03:49.000000000,36.942759413573036
2026-03-11 07:11:10.000000000,67.01774877382758
2026-03-11 07:45:45.000000000,16.621248473637465
2026-03-11 07:48:04.000000000,21.378983545751073
2026-03-11 07:51:11.000000000,19.222348065360418
2026-03-11 07:11:53.000000000,15.278046986939817
2026-03-11 07:21:38.000000000,34.87490203655028
2026-03-11 07:11:11.000000000,21.37316868453184
2026-03-11 07:31:02.000000000,116.35900348775273
2026-03-11 07:13:20.000000000,30.214471984385387
2026-03-11 08:11:53.000000000,79.96183886701004
2026-03-11 08:22:51.000000000,12.322265167648078
2026-03-11 08:36:44.000000000,17.69460939868021
2026-03-11 08:10:07.000000000,10.460514084006265
2026-03-11 08:36:53.000000000,102.81035034551135
2026-03-11 08:45:50.000000000,13.138597162704363
2026-03-11 08:06:24.000000000,24.93208172277702
2026-03-11 08:06:12.000000000,18.8057876636017
2026-03-11 08:55:31.000000000,22.16412518448194
2026-03-11 08:35:52.000000000,25.318980323769104
2026-03-11 08:00:35.000000000,41.130063664687526
2026-03-11 08:02:18.000000000,15.65369362674906
2026-03-11 08:48:34.000000000,100.79840799386116
2026-03-11 08:32:54.000000000,135.78989083874652
2026-03-11 08:06:53.000000000,126.06107378357841
2026-03-11 08:28:06.000000000,26.66048133075388
2026-03-11 08:26:22.000000000,14.172396129787119
2026-03-11 08:13:42.000000000,21.999848442616994
2026-03-11 08:59:38.000000000,8.077405219325783
2026-03-11 08:48:03.000000000,12.308892099260197
2026-03-11 08:26:53.000000000,90.06785758626069
2026-03-11 09:34:47.000000000,50.51729383673712
2026-03-11 09:19:36.000000000,11.079768864777398
2026-03-11 09:06:11.000000000,28.199293543926345
2026-03-11 09:49:47.000000000,66.90211272354964
2026-03-11 09:32:57.000000000,44.26923843132993
2026-03-11 09:06:31.000000000,18.48171083109427
2026-03-11 09:41:13.000000000,11.6626069390844
2026-03-11 09:33:36.000000000,19.27438395140514
2026-03-11 09:08:57.000000000,27.395835196111687
2026-03-11 09:29:36.000000000,21.582586298024868
2026-03-11 09:50:03.000000000,15.39634430571494
2026-03-11 09:02:33.000000000,19.08788584211074
2026-03-11 09:33:36.000000000,8.716795291524503
2026-03-11 09:23:38.000000000,39.57215966039839
2026-03-11 09:41:17.000000000,11.622882142160757
2026-03-11 09:42:23.000000000,75.30381499903395
2026-03-11 09:19:53.000000000,14.550450150103066
2026-03-11 09:07:51.000000000,29.407468722262568
2026-03-11 09:09:21.000000000,24.627182114698172
2026-03-11 09:13:16.000000000,22.324701133141133
2026-03-11 09:33:56.000000000,8.808476431321134
2026-03-11 09:42:18.000000000,16.486083641226376
2026-03-11 10:44:40.000000000,7.183397469818461
2026-03-11 10:18:56.000000000,38.66420844500714
2026-03-11 10:30:00.000000000,48.879732186841636
2026-03-11 10:11:09.000000000,16.27484156723635
2026-03-11 10:26:40.000000000,48.583679139738415
2026-03-11 10:23:57.000000000,9.275961339749474
2026-03-11 10:11:17.000000000,8.565443107541444
2026-03-11 10:24:52.000000000,18.87736861981999
2026-03-11 10:26:21.000000000,11.417496999049135
2026-03-11 10:16:58.000000000,13.939293488781262
2026-03-11 10:27:03.000000000,46.91567345863906
2026-03-11 10:04:23.000000000,30.93895220677128
2026-03-11 10:42:53.000000000,12.4852534025572
2026-03-11 10:34:45.000000000,18.6184809316024
2026-03-11 10:08:03.000000000,8.547901023559774
2026-03-11 10:42:45.000000000,14.994687938181569
2026-03-11 11:47:43.000000000,25.5881252107449
2026-03-11 11:10:29.000000000,13.056453931492628
2026-03-11 11:25:32.000000000,15.884883311525805
2026-03-11 11:56:16.000000000,29.10692586188613
2026-03-11 11:44:14.000000000,18.021852886711034
2026-03-11 11:06:52.000000000,27.420662610192082
2026-03-11 11:13:31.000000000,30.516348352324613
2026-03-11 11:39:09.000000000,7.246465204982846
2026-03-11 11:30:24.000000000,12.21423619260581
2026-03-11 11:51:55.000000000,88.65501718987755
2026-03-11 11:18:58.000000000,15.731692046576706
2026-03-11 11:10:25.000000000,83.1020917139902
2026-03-11 11:20:41.000000000,10.350180430973596
2026-03-11 11:51:03.000000000,10.295876943991917
2026-03-11 11:34:31.000000000,29.83229470105946
2026-03-11 11:57:37.000000000,6.674610861298313
2026-03-11 11:33:27.000000000,9.798651798446704
2026-03-11 11:47:39.000000000,20.4415418191872
2026-03-11 12:58:28.000000000,67.95597321991426
2026-03-11 12:48:25.000000000,33.563859827442776
2026-03-11 12:50:24.000000000,52.43238181311358
2026-03-11 12:17:10.000000000,11.675839720285175
2026-03-11 12:14:10.000000000,52.83058982442951
2026-03-11 12:57:15.000000000,51.16840155122071
2026-03-11 12:25:47.000000000,27.33514844157058
2026-03-11 12:15:06.000000000,20.304371973517878
2026-03-11 12:10:39.000000000,19.411958499776205
2026-03-11 12:13:15.000000000,114.29520408691596
2026-03-11 12:16:00.000000000,10.78459970601405
2026-03-11 12:37:46.000000000,171.13438906903318
2026-03-11 12:59:20.000000000,8.901426584571514
2026-03-11 12:20:17.000000000,8.976062398224938
2026-03-11 12:43:04.000000000,17.878075317215004
2026-03-11 12:59:20.000000000,11.982684659009314
2026-03-11 12:25:08.000000000,72.74972839305129
2026-03-11 12:34:09.000000000,10.774844937122742
2026-03-11 12:37:11.000000000,23.709935497345622
2026-03-11 12:40:38.000000000,17.072315469185725
2026-03-11 12:48:32.000000000,39.617598949969974
2026-03-11 12:17:56.000000000,19.280099183173753
2026-03-11 13:46:32.000000000,17.21401142898246
2026-03-11 13:41:48.000000000,12.9397355421874
2026-03-11 13:47:40.000000000,11.193597985973637
2026-03-11 13:14:19.000000000,8.062125907383043
2026-03-11 13:37:17.000000000,14.05658919568856
2026-03-11 13:38:43.000000000,18.537610695024775
2026-03-11 13:46:12.000000000,59.38619011101011
2026-03-11 13:59:11.000000000,28.14132398206447
2026-03-11 13:29:24.000000000,90.83963911241652
2026-03-11 13:11:19.000000000,34.906932184970934
2026-03-11 13:17:06.000000000,14.83015687417606
2026-03-11 13:03:12.000000000,21.000541117973636
2026-03-11 13:53:29.000000000,30.170317392534574
2026-03-11 13:07:15.000000000,24.879561912328825
2026-03-11 14:01:20.000000000,77.23870992030729
2026-03-11 14:49:55.000000000,5.594543281083254
2026-03-11 14:36:23.000000000,42.04192469055153
2026-03-11 14:48:04.000000000,17.913721491750056
2026-03-11 14:16:02.000000000,16.78433757940094
2026-03-11 14:52:17.000000000,132.43055038619994
2026-03-11 14:27:09.000000000,15.602012745449231
2026-03-11 14:52:24.000000000,20.52425694579605
2026-03-11 14:52:53.000000000,41.49045190218404
2026-03-11 14:59:53.000000000,247.58130696815383
2026-03-11 14:59:15.000000000,19.667949749924002
2026-03-11 14:42:20.000000000,14.904027790722031
2026-03-11 14:57:51.000000000,51.4920991413377
2026-03-11 14:52:19.000000000,30.728495642631334
2026-03-11 14:29:01.000000000,25.342193884408537
2026-03-11 14:36:33.000000000,97.63948003977279
2026-03-11 14:37:44.000000000,79.76187203704065
2026-03-11 15:38:49.000000000,31.209210250259684
2026-03-11 15:10:13.000000000,10.182888652637475
2026-03-11 15:20:51.000000000,6.93612645868924
2026-03-11 15:16:55.000000000,9.321756479243225
2026-03-11 15:18:21.000000000,8.547326052797231
2026-03-11 15:18:18.000000000,13.261581051204956
2026-03-11 16:09:42.000000000,10.571629654798905
2026-03-11 16:33:42.000000000,78.385016168853
2026-03-11 16:10:00.000000000,36.00273164463282
2026-03-11 16:35:43.000000000,52.111209874371
2026-03-11 16:56:06.000000000,13.87192553116989
2026-03-11 16:48:09.000000000,63.84682881623335
2026-03-11 16:11:31.000000000,12.610565065108696
2026-03-11 16:46:04.000000000,50.77122845785074
2026-03-11 16:44:28.000000000,9.077163318233287
2026-03-11 16:06:08.000000000,9.139119796566865
2026-03-11 16:36:04.000000000,27.75744661342883
2026-03-11 16:03:55.000000000,69.54766452097245
2026-03-11 16:38:36.000000000,18.2578487966027
2026-03-11 16:01:49.000000000,97.53114960008502
2026-03-11 17:19:57.000000000,14.093847501219393
2026-03-11 17:00:08.000000000,46.74260143896592
2026-03-11 17:28:21.000000000,42.42887122356102
2026-03-11 17:19:49.000000000,107.60031904789489
2026-03-11 17:29:46.000000000,19.897435978889302
2026-03-11 17:53:47.000000000,28.59617718017028
2026-03-11 17:09:49.000000000,20.29761788499699
2026-03-11 17:13:52.000000000,53.72346975454906
2026-03-11 17:39:28.000000000,18.274387039919063
2026-03-11 17:01:45.000000000,14.100161719619745
2026-03-11 17:32:14.000000000,48.897877631364466
2026-03-11 17:28:09.000000000,12.837916691794769
2026-03-11 17:32:59.000000000,21.053333455610563
2026-03-11 17:39:17.000000000,30.288333273538957
2026-03-11 17:49:39.000000000,13.810836182120282
2026-03-11 17:11:59.000000000,16.182848374334647
2026-03-11 17:30:58.000000000,54.98435351793735
2026-03-11 18:41:50.000000000,16.453570078183315
2026-03-11 18:12:23.000000000,10.186096857287906
2026-03-11 18:05:26.000000000,16.478873033653596
2026-03-11 18:15:39.000000000,22.603951380022757
2026-03-11 18:20:47.000000000,53.54809909041168
2026-03-11 18:07:45.000000000,31.17704080699231
2026-03-11 18:59:29.000000000,11.152030816766398
2026-03-11 18:12:31.000000000,11.293846943435945
2026-03-11 18:58:54.000000000,20.921166177684388
2026-03-11 18:30:13.000000000,91.45458168069345
2026-03-11 18:54:16.000000000,141.28455020159862
2026-03-11 18:10:49.000000000,15.169717610978605
2026-03-11 18:34:42.000000000,26.331503993661993
2026-03-11 18:02:13.000000000,15.727214784490279
2026-03-11 18:03:01.000000000,27.833975124998506
2026-03-11 19:14:18.000000000,21.905467272713274
2026-03-11 19:32:01.000000000,85.72472059287111
2026-03-11 19:35:29.000000000,58.14045395887154
2026-03-11 19:46:01.000000000,18.999537924522777
2026-03-11 19:15:11.000000000,17.742882967967507
2026-03-11 19:06:12.000000000,14.155508960017686
2026-03-11 19:17:04.000000000,9.856634955251963
2026-03-11 19:08:37.000000000,19.616198090756352
2026-03-11 19:13:26.000000000,44.7273329545029
2026-03-11 19:49:54.000000000,24.13839563169424
2026-03-11 19:23:35.000000000,25.376621384254474
2026-03-11 19:57:25.000000000,10.689298228646857
2026-03-11 19:52:49.000000000,9.82897609615461
2026-03-11 19:18:28.000000000,18.476835377615416
2026-03-11 19:00:00.000000000,26.79817219150383
2026-03-11 19:32:37.000000000,6.238266926795246
2026-03-11 19:11:00.000000000,110.49671245290473
2026-03-11 19:02:59.000000000,16.800301691953475
2026-03-11 19:19:13.000000000,50.97720918139715
2026-03-11 19:31:08.000000000,50.32502372138042
2026-03-11 19:05:26.000000000,13.108447507361516
2026-03-11 19:51:14.000000000,9.045446214765825
2026-03-11 19:03:11.000000000,28.992842334329815
2026-03-11 20:11:09.000000000,25.089368156601797
2026-03-11 20:15:15.000000000,34.13327588022926
2026-03-11 20:21:48.000000000,44.228250069121756
2026-03-11 20:00:26.000000000,65.80779275393702
2026-03-11 20:27:05.000000000,6.360560318151198
2026-03-11 20:49:39.000000000,25.631882431914356
2026-03-11 20:00:28.000000000,12.20807523626023
2026-03-11 20:01:42.000000000,36.44735207564164
2026-03-11 20:21:12.000000000,103.40759936283041
2026-03-11 20:38:13.000000000,24.589884797457643
2026-03-11 20:37:42.000000000,15.7102383586968
2026-03-11 20:03:39.000000000,14.862520553596774
2026-03-11 20:13:26.000000000,7.489573376147647
2026-03-11 20:26:29.000000000,11.481280875921566
2026-03-11 20:10:23.000000000,25.671231402271044
2026-03-11 20:15:56.000000000,16.619589986675948
2026-03-11 20:07:19.000000000,133.09390167553775
2026-03-11 20:43:53.000000000,53.63041386187793
2026-03-11 20:18:51.000000000,28.37308568004205
2026-03-11 20:06:19.000000000,16.35601037048964
2026-03-11 20:52:57.000000000,47.500613304376195
2026-03-11 21:49:01.000000000,20.343203666619758
2026-03-11 21:10:59.000000000,17.939389683175147
2026-03-11 21:06:24.000000000,17.044649320898994
2026-03-11 21:30:47.000000000,17.95125565483614
2026-03-11 21:31:54.000000000,65.16962460862146
2026-03-11 21:13:34.000000000,37.80725464406388
2026-03-11 21:04:19.000000000,56.43343008797697
2026-03-11 21:26:05.000000000,9.078694738778658
2026-03-11 21:03:56.000000000,32.75883096428194
2026-03-11 21:01:37.000000000,18.10830552649578
2026-03-11 21:26:56.000000000,18.49882515976332
2026-03-11 21:48:03.000000000,11.05094790149487
2026-03-11 21:02:20.000000000,19.087948333721094
2026-03-11 21:37:14.000000000,12.26220359350648
2026-03-11 21:22:36.000000000,13.07608779196845
2026-03-11 21:34:51.000000000,10.888699709946685
2026-03-11 21:03:48.000000000,79.56836053838973
2026-03-11 21:33:55.000000000,7.387163089498731
2026-03-11 22:22:22.000000000,16.73995759115035
2026-03-11 22:53:25.000000000,6.214716403318765
2026-03-11 22:55:30.000000000,20.267281390707506
2026-03-11 22:01:48.000000000,18.47182851704128
2026-03-11 22:45:37.000000000,8.648003383092263
2026-03-11 22:26:40.000000000,40.66942167395086
2026-03-11 22:03:04.000000000,63.50175824857261
2026-03-11 22:32:23.000000000,29.939127913184777
2026-03-11 22:48:13.000000000,17.052567790701744
2026-03-11 22:45:02.000000000,35.43511076586332
2026-03-11 23:55:18.000000000,8.739436525441615
2026-03-11 23:18:03.000000000,28.916441852278947
2026-03-11 23:21:27.000000000,11.527285745121072
2026-03-11 23:11:34.000000000,20.920316887187727
2026-03-11 23:29:53.000000000,15.877370680274943
2026-03-11 23:08:51.000000000,12.063213297730172
2026-03-11 23:24:09.000000000,34.45999001555249
2026-03-11 23:11:44.000000000,23.088635765759115
2026-03-11 23:02:13.000000000,7.441823667946851
2026-03-11 23:20:38.000000000,19.232947251402695
2026-03-11 23:39:04.000000000,10.620268623899152
2026-03-11 23:10:17.000000000,47.6166824372878
2026-03-11 23:19:30.000000000,15.952062130808459
2026-03-11 23:45:24.000000000,11.602770247878452
2026-03-11 23:51:03.000000000,12.477475079008068
2026-03-11 23:30:56.000000000,15.451657635118428
2026-03-11 23:16:24.000000000,7.245503112947693
2026-03-12 00:42:24.000000000,47.06084004932503
2026-03-12 00:21:04.000000000,17.981423480832653
2026-03-12 00:08:44.000000000,24.584688225993254
2026-03-12 00:04:33.000000000,15.266043708808475
2026-03-12 00:30:07.000000000,16.767352003269707
2026-03-12 00:07:16.000000000,51.726355059246785
2026-03-12 00:10:12.000000000,41.02136175213134
2026-03-12 00:13:58.000000000,11.089974241192888
2026-03-12 00:58:53.000000000,11.226070905581466
2026-03-12 00:12:43.000000000,34.128901333491
2026-03-12 00:01:35.000000000,6.0770581995956805
2026-03-12 00:42:49.000000000,17.737616331648585
2026-03-12 00:29:38.000000000,10.785933465397864
2026-03-12 00:00:36.000000000,40.25999754572711
2026-03-12 00:27:29.000000000,10.521924155097588
2026-03-12 00:25:12.000000000,16.66178369519683
2026-03-12 00:12:13.000000000,7.362407595698471
2026-03-12 00:15:12.000000000,8.790908089466683
2026-03-12 01:26:11.000000000,9.82867788854634
2026-03-12 01:09:03.000000000,13.408019141569731
2026-03-12 02:42:11.000000000,81.05312005132663
2026-03-12 02:42:33.000000000,20.73428862326107
2026-03-12 02:41:25.000000000,53.78648005886557
2026-03-12 03:14:57.000000000,12.26452216005603
2026-03-12 03:49:20.000000000,6.046788455736214
2026-03-12 03:03:25.000000000,14.760432307128662
2026-03-12 03:45:39.000000000,16.051033119472446
2026-03-12 03:28:42.000000000,53.01968328337471
2026-03-12 03:27:40.000000000,7.605100645112484
2026-03-12 03:48:32.000000000,30.782780858952098
2026-03-12 03:07:44.000000000,34.98905003840607
2026-03-12 03:58:16.000000000,7.213193923360178
2026-03-12 04:05:38.000000000,15.980428169281542
2026-03-12 04:37:21.000000000,7.033453475602222
2026-03-12 04:48:38.000000000,10.16141063412348
2026-03-12 04:07:42.000000000,26.498583807102943
2026-03-12 04:01:05.000000000,30.049669867827994
2026-03-12 04:28:18.000000000,59.197102308089235
2026-03-12 05:06:08.000000000,22.694679389047458
2026-03-12 05:43:24.000000000,43.14007134645267
2026-03-12 05:41:31.000000000,51.07471550762475
2026-03-12 05:18:13.000000000,27.298291189803805
2026-03-12 05:30:31.000000000,106.76648749531888
2026-03-12 05:42:11.000000000,17.293998140864304
2026-03-12 05:28:18.000000000,10.886404874466212
2026-03-12 06:44:12.000000000,7.297378806699166
2026-03-12 06:51:44.000000000,10.458050781851611
2026-03-12 06:48:06.000000000,5.295185115265111
2026-03-12 06:28:56.000000000,58.78227477252955
2026-03-12 06:29:38.000000000,13.140342005296722
2026-03-12 06:43:36.000000000,15.57901186105789
2026-03-12 06:48:58.000000000,11.053541168375668
2026-03-12 06:38:13.000000000,18.60559252698346
2026-03-12 06:07:24.000000000,5.119051815472796
2026-03-12 06:18:10.000000000,40.7765800457892
2026-03-12 06:07:57.000000000,16.88579762682039
2026-03-12 07:56:27.000000000,6.834906818615241
2026-03-12 07:12:36.000000000,8.764489811985163
2026-03-12 07:52:39.000000000,9.801492961679392
2026-03-12 07:58:22.000000000,35.92634210852725
2026-03-12 07:34:03.000000000,12.555218624163249
2026-03-12 07:16:44.000000000,20.149658350645762
2026-03-12 07:29:44.000000000,64.82463090125877
2026-03-12 07:10:09.000000000,35.37180530897299
2026-03-12 07:05:58.000000000,88.68575014824003
2026-03-12 07:37:02.000000000,34.22716006661519
2026-03-12 07:44:32.000000000,24.048322368829258
2026-03-12 07:27:07.000000000,34.6860984919899
2026-03-12 07:34:20.000000000,20.446440615103228
2026-03-12 07:14:15.000000000,68.42297199305061
2026-03-12 07:02:27.000000000,33.11616032455104
2026-03-12 07:19:15.000000000,50.70638557425762
2026-03-12 07:07:08.000000000,15.335449468643738
2026-03-12 07:20:41.000000000,14.211435928875133
2026-03-12 07:38:06.000000000,16.939430385385773
2026-03-12 07:12:36.000000000,112.93815097066587
2026-03-12 08:28:10.000000000,10.36896126813159
2026-03-12 08:44:14.000000000,8.939532044806295
2026-03-12 08:01:11.000000000,18.1490244296113
2026-03-12 08:52:56.000000000,48.61792716139728
2026-03-12 08:00:11.000000000,33.39076972477359
2026-03-12 08:30:03.000000000,27.1969775478939
2026-03-12 08:42:50.000000000,44.50621440850687
2026-03-12 08:09:56.000000000,42.191430697287366
2026-03-12 08:38:05.000000000,19.144204042397842
2026-03-12 08:30:57.000000000,12.177663133894349
2026-03-12 08:40:44.000000000,7.030500332117256
2026-03-12 08:02:42.000000000,21.053601702311774
2026-03-12 08:47:06.000000000,21.65582962865035
2026-03-12 08:44:41.000000000,34.84287467341967
2026-03-12 08:12:59.000000000,10.555213706928123
2026-03-12 08:01:52.000000000,30.138121082386302
2026-03-12 08:42:31.000000000,44.64283778090331
2026-03-12 08:37:28.000000000,20.799325891306815
2026-03-12 08:46:28.000000000,12.90776256556837
2026-03-12 08:28:14.000000000,16.049348197529337
2026-03-12 08:08:08.000000000,51.42263544663677
2026-03-12 08:41:41.000000000,26.360006605598155
2026-03-12 08:48:40.000000000,29.482317551875767
2026-03-12 09:34:48.000000000,28.314417360787953
2026-03-12 09:44:59.000000000,8.546377863976087
2026-03-12 09:48:15.000000000,15.192246055149226
2026-03-12 09:22:25.000000000,45.73048661352059
2026-03-12 09:25:42.000000000,26.359338543469036
2026-03-12 09:15:26.000000000,13.551928556009177
2026-03-12 09:06:29.000000000,10.350007735753163
2026-03-12 09:00:58.000000000,21.442777747909442
2026-03-12 09:48:41.000000000,29.006028334931216
2026-03-12 09:01:24.000000000,26.676460379303627
2026-03-12 09:14:46.000000000,37.950956289496055
2026-03-12 09:51:44.000000000,19.666802935430923
2026-03-12 09:07:44.000000000,7.043110507394192
2026-03-12 09:23:16.000000000,27.077691998831472
2026-03-12 09:37:31.000000000,20.696626803133153
2026-03-12 09:05:55.000000000,105.60866173087116
2026-03-12 09:16:11.000000000,38.14592164790176
2026-03-12 09:37:33.000000000,26.488740889342747
2026-03-12 09:43:12.000000000,16.23685331995305
2026-03-12 09:59:52.000000000,7.740513390154514
2026-03-12 09:28:04.000000000,10.793827220571401
2026-03-12 09:19:51.000000000,36.279050800269545
2026-03-12 09:41:16.000000000,6.462969426443125
2026-03-12 09:45:22.000000000,14.100927611951814
2026-03-12 09:06:22.000000000,13.27908577007206
2026-03-12 09:21:15.000000000,26.638431684916043
2026-03-12 10:06:38.000000000,68.76572454814145
2026-03-12 10:07:56.000000000,20.132865532868266
2026-03-12 10:33:44.000000000,49.46706978957595
2026-03-12 10:35:31.000000000,8.669068333561595
2026-03-12 10:51:08.000000000,21.388817815658804
2026-03-12 10:34:14.000000000,12.262675829542964
2026-03-12 10:06:36.000000000,26.512663614270544
2026-03-12 10:21:08.000000000,74.442316457531
2026-03-12 10:10:13.000000000,35.232920042622574
2026-03-12 10:34:17.000000000,17.75179124469496
2026-03-12 10:15:57.000000000,12.322459460374741
2026-03-12 10:55:05.000000000,30.671695288912623
2026-03-12 11:41:32.000000000,60.41592947040493
2026-03-12 11:58:19.000000000,17.02174416221704
2026-03-12 11:11:18.000000000,18.749969533826082
2026-03-12 11:40:32.000000000,6.753156557768821
2026-03-12 11:10:40.000000000,48.331052375675775
2026-03-12 11:06:51.000000000,7.979409668542907
2026-03-12 11:28:03.000000000,6.1318052140506545
2026-03-12 11:44:09.000000000,11.450266062903381
2026-03-12 11:41:12.000000000,29.105522679108095
2026-03-12 11:00:05.000000000,18.53175105771564
2026-03-12 11:36:11.000000000,19.448389143030848
2026-03-12 11:08:23.000000000,29.095538405155132
2026-03-12 11:36:44.000000000,16.070851160706265
2026-03-12 11:10:59.000000000,17.419539459744737
2026-03-12 11:43:02.000000000,11.033900270819414
2026-03-12 11:42:22.000000000,31.157196279693704
2026-03-12 11:39:35.000000000,25.52153860167934
2026-03-12 12:12:23.000000000,5.7589024445692285
2026-03-12 12:10:04.000000000,7.560283091139483
2026-03-12 12:53:12.000000000,22.280256952510552
2026-03-12 12:02:08.000000000,15.876761181926776
2026-03-12 12:52:01.000000000,70.3155776682614
2026-03-12 12:16:08.000000000,50.71723098506163
2026-03-12 12:46:28.000000000,16.626337587751312
2026-03-12 12:54:30.000000000,16.23180307212406
2026-03-12 12:55:25.000000000,33.58239337265438
2026-03-12 12:12:48.000000000,14.180064125156456
2026-03-12 12:05:39.000000000,79.90908913738261
2026-03-12 12:43:12.000000000,25.77710775748334
2026-03-12 12:14:56.000000000,10.562049877560673
2026-03-12 12:01:56.000000000,31.329343034237237
2026-03-12 12:05:47.000000000,106.93529907478732
2026-03-12 12:13:37.000000000,17.323090267477962
2026-03-12 13:02:28.000000000,143.6245727417938
2026-03-12 13:44:24.000000000,64.28900776415198
2026-03-12 13:40:00.000000000,21.020715328912253
2026-03-12 13:13:41.000000000,19.496212402458614
2026-03-12 13:08:32.000000000,31.869837488568574
2026-03-12 13:56:14.000000000,44.369140831375326
2026-03-12 13:09:43.000000000,71.79602974803778
2026-03-12 13:47:57.000000000,12.323018410519081
2026-03-12 13:49:34.000000000,13.157305560808368
2026-03-12 13:51:08.000000000,10.636037108873984
2026-03-12 13:32:56.000000000,10.52429119028811
2026-03-12 13:56:31.000000000,12.3273452085261
2026-03-12 13:03:19.000000000,9.883372624513571
2026-03-12 13:11:37.000000000,8.729928398591415
2026-03-12 13:41:50.000000000,30.063041499528627
2026-03-12 14:07:38.000000000,47.39103947014812
2026-03-12 14:16:27.000000000,5.464355242868314
2026-03-12 14:46:38.000000000,68.63898713205317
2026-03-12 14:59:46.000000000,28.098706357786142
2026-03-12 14:09:51.000000000,7.951111396951595
2026-03-12 14:00:55.000000000,108.80359169177044
2026-03-12 14:27:53.000000000,43.556033230604925
2026-03-12 14:18:34.000000000,15.615122898436779
2026-03-12 14:18:40.000000000,8.923813897864312
2026-03-12 14:47:15.000000000,6.4620572337406665
2026-03-12 14:20:40.000000000,13.40127286283003
2026-03-12 14:42:46.000000000,59.03148432994217
2026-03-12 14:12:24.000000000,7.124611625054663
2026-03-12 14:19:13.000000000,61.61872139683641
2026-03-12 14:42:53.000000000,6.915036868569135
2026-03-12 14:57:11.000000000,69.34298776058371
2026-03-12 14:43:17.000000000,12.98060067869725
2026-03-12 14:45:04.000000000,10.736531272113691
2026-03-12 14:43:39.000000000,8.482634055250712
2026-03-12 14:05:40.000000000,23.707092902666385
2026-03-12 14:49:00.000000000,20.631315542935106
2026-03-12 14:29:51.000000000,26.475989210148292
2026-03-12 14:01:30.000000000,12.523567605534543
2026-03-12 14:39:23.000000000,28.643744121224902
2026-03-12 14:31:07.000000000,26.36434656070666
2026-03-12 14:43:03.000000000,18.7585453224352
2026-03-12 14:08:13.000000000,32.20580737279549
2026-03-12 14:23:00.000000000,19.344144531319817
2026-03-12 15:41:23.000000000,19.949810599087208
2026-03-12 15:17:08.000000000,50.41231744149834
2026-03-12 15:44:36.000000000,9.615247407095463
2026-03-12 15:00:42.000000000,24.432544073498477
2026-03-12 15:20:14.000000000,28.581386508252656
2026-03-12 15:42:22.000000000,12.007448583462207
2026-03-12 15:08:22.000000000,17.964169248037734
2026-03-12 15:05:25.000000000,42.68010207236488
2026-03-12 15:49:14.000000000,11.123303270749055
2026-03-12 15:15:09.000000000,13.873419007167506
2026-03-12 15:29:11.000000000,14.590473402932503
2026-03-12 15:21:48.000000000,35.07554970189537
2026-03-12 15:34:01.000000000,9.193185180501056
2026-03-12 15:40:40.000000000,54.85459712407409
2026-03-12 16:07:40.000000000,19.961546487978374
2026-03-12 16:13:17.000000000,7.318552636611965
2026-03-12 16:28:48.000000000,45.75137697862111
2026-03-12 16:11:55.000000000,37.46159403295409
2026-03-12 16:50:02.000000000,19.919579611973784
2026-03-12 16:07:51.000000000,10.523471919936021
2026-03-12 16:53:10.000000000,7.388184763324525
2026-03-12 16:37:41.000000000,17.95649450763347
2026-03-12 16:06:11.000000000,10.796457478841962
2026-03-12 16:36:24.000000000,20.898387366372564
2026-03-12 16:53:54.000000000,12.186158496574667
2026-03-12 16:38:02.000000000,10.42753714367427
2026-03-12 16:55:40.000000000,20.89299813386864
2026-03-12 16:12:34.000000000,8.346428418267262
2026-03-12 16:41:02.000000000,8.857619535547613
2026-03-12 16:26:19.000000000,11.43232647439632
2026-03-12 16:18:43.000000000,17.33988342024308
2026-03-12 16:29:04.000000000,26.49297071714657
2026-03-12 16:52:43.000000000,14.77000213501592
2026-03-12 16:33:45.000000000,15.172556634618568
2026-03-12 16:08:23.000000000,34.92241746942823
2026-03-12 16:10:25.000000000,158.2344712050223
2026-03-12 16:24:53.000000000,15.59930466104229
2026-03-12 16:10:06.000000000,12.735207655399533
2026-03-12 16:19:22.000000000,32.222348386005926
2026-03-12 17:37:53.000000000,10.994337152957865
2026-03-12 17:33:22.000000000,56.057513925698984
2026-03-12 17:36:34.000000000,54.564998032667496
2026-03-12 17:32:01.000000000,143.2212501557447
2026-03-12 17:04:03.000000000,13.437532221389372
2026-03-12 17:40:29.000000000,55.13906703667629
2026-03-12 17:15:04.000000000,26.7511844823575
2026-03-12 17:36:15.000000000,31.24851070497931
2026-03-12 17:24:48.000000000,33.447002031296684
2026-03-12 17:04:35.000000000,19.305887734319
2026-03-12 17:15:54.000000000,29.159515770255048
2026-03-12 17:13:58.000000000,17.47527531824539
2026-03-12 17:48:27.000000000,21.870503982646767
2026-03-12 17:01:09.000000000,138.00414134097085
2026-03-12 17:41:32.000000000,12.700964870304121
2026-03-12 17:24:16.000000000,61.419476208900264
2026-03-12 17:39:06.000000000,25.783424856825896
2026-03-12 17:14:05.000000000,57.737158218333974
2026-03-12 17:36:45.000000000,13.727023428648963
2026-03-12 17:43:42.000000000,9.682387900787962
2026-03-12 17:10:48.000000000,51.054061645836796
2026-03-12 17:17:25.000000000,17.022086716015423
2026-03-12 17:39:17.000000000,29.966762209058558
2026-03-12 18:51:58.000000000,24.91642395446516
2026-03-12 18:40:26.000000000,28.686503375278793
2026-03-12 18:22:15.000000000,22.15806686107258
2026-03-12 18:02:32.000000000,26.125471327535482
2026-03-12 18:02:33.000000000,33.06530679414693
2026-03-12 18:09:04.000000000,10.88582753098034
2026-03-12 18:45:10.000000000,20.035780864256353
2026-03-12 18:32:53.000000000,9.091520197002009
2026-03-12 18:10:46.000000000,16.185810686820457
2026-03-12 18:58:00.000000000,15.354374802745323
2026-03-12 18:51:51.000000000,17.726059271349985
2026-03-12 18:49:19.000000000,39.81963409109545
2026-03-12 18:16:55.000000000,40.90751878685045
2026-03-12 18:35:59.000000000,9.210523580158782
2026-03-12 18:40:47.000000000,11.257640766997884
2026-03-12 18:33:52.000000000,8.90883058096985
2026-03-12 18:35:30.000000000,12.47146558030583
2026-03-12 18:16:35.000000000,22.869061912241726
2026-03-12 18:12:43.000000000,11.00385360675677
2026-03-12 18:01:56.000000000,23.889533676423184
2026-03-12 18:05:42.000000000,7.422375342406012
2026-03-12 18:08:48.000000000,12.742316133949164
2026-03-12 18:55:50.000000000,22.602771692167792
2026-03-12 19:32:12.000000000,14.951202877856009
2026-03-12 19:28:09.000000000,30.174782685504773
2026-03-12 19:16:52.000000000,32.540944877307034
2026-03-12 19:42:22.000000000,20.42412590614649
2026-03-12 19:49:25.000000000,35.45048286645625
2026-03-12 19:58:28.000000000,7.205100606481724
2026-03-12 19:03:27.000000000,27.32163798142163
2026-03-12 19:14:48.000000000,34.155181589278655
2026-03-12 19:12:00.000000000,24.739456401672385
2026-03-12 19:10:53.000000000,25.44991169435958
2026-03-12 19:47:07.000000000,37.022290506716914
2026-03-12 19:05:03.000000000,12.231357627101147
2026-03-12 19:57:21.000000000,11.534263856410993
2026-03-12 19:29:16.000000000,22.466690043096786
2026-03-12 19:42:16.000000000,28.111030070713888
2026-03-12 19:36:28.000000000,14.228183678657837
2026-03-12 19:52:21.000000000,12.204940153181102
2026-03-12 19:23:49.000000000,19.64537760028876
2026-03-12 19:18:29.000000000,9.534637954248934
2026-03-12 19:44:07.000000000,15.146371283981614
2026-03-12 19:00:18.000000000,64.05901270294603
2026-03-12 19:25:58.000000000,7.769624299546076
2026-03-12 19:39:02.000000000,129.03723064861558
2026-03-12 19:41:40.000000000,74.7002370316496
2026-03-12 19:58:47.000000000,59.88946390430239
2026-03-12 19:17:43.000000000,13.602138882308854
2026-03-12 19:39:24.000000000,17.77855013319255
2026-03-12 19:15:02.000000000,37.973004030811424
2026-03-12 20:10:26.000000000,14.195579022316936
2026-03-12 20:09:28.000000000,29.304150963239955
2026-03-12 20:15:24.000000000,7.52040011743471
2026-03-12 20:43:12.000000000,19.63899055568164
2026-03-12 20:28:10.000000000,34.57519581327781
2026-03-12 20:48:45.000000000,55.12245611028022
2026-03-12 20:39:25.000000000,17.703112366336992
2026-03-12 20:30:16.000000000,9.125438078424192
2026-03-12 20:55:45.000000000,9.75885127927509
2026-03-12 20:53:26.000000000,9.126250562635368
2026-03-12 20:32:35.000000000,8.00793652927177
2026-03-12 20:36:23.000000000,52.8251200138878
2026-03-12 20:06:21.000000000,15.48306665378138
2026-03-12 20:35:14.000000000,66.46989037166655
2026-03-12 20:44:40.000000000,42.40471114204321
2026-03-12 20:05:12.000000000,45.6198318659146
2026-03-12 20:45:38.000000000,68.5145402578783
2026-03-12 20:47:31.000000000,23.415853767468167
2026-03-12 20:31:41.000000000,10.641686132054037
2026-03-12 20:24:10.000000000,27.196652260520914
2026-03-12 21:56:06.000000000,17.03856956712271
2026-03-12 21:32:23.000000000,11.517056480895727
2026-03-12 21:48:55.000000000,33.30134314614594
2026-03-12 21:51:55.000000000,35.657973347688426
2026-03-12 21:24:48.000000000,8.674719517681714
2026-03-12 21:58:13.000000000,15.16684704842622
2026-03-12 21:55:22.000000000,13.111368537849277
2026-03-12 21:17:55.000000000,9.819536059130334
2026-03-12 21:34:17.000000000,23.1275455157715
2026-03-12 21:39:54.000000000,6.518463534365189
2026-03-12 21:12:30.000000000,23.695168917521062
2026-03-12 21:33:00.000000000,30.589828964194062
2026-03-12 21:14:38.000000000,17.03439085205238
2026-03-12 21:50:46.000000000,9.807156194934425
2026-03-12 21:58:41.000000000,12.401527231333196
2026-03-12 21:05:30.000000000,134.0308509272652
2026-03-12 21:56:50.000000000,15.065577494330558
2026-03-12 21:34:03.000000000,9.78718172696063
2026-03-12 21:19:25.000000000,56.92242164389152
2026-03-12 22:54:30.000000000,44.141865227475314
2026-03-12 22:09:46.000000000,12.495326550471336
2026-03-12 22:52:57.000000000,14.001114308899746
2026-03-12 22:56:56.000000000,39.58309159123335
2026-03-12 22:56:36.000000000,9.613375421634649
2026-03-12 22:35:55.000000000,42.98889320461414
2026-03-12 22:14:09.000000000,7.920772220175025
2026-03-12 22:22:35.000000000,46.73471744341998
2026-03-12 22:07:06.000000000,45.43633142226592
2026-03-12 22:23:01.000000000,17.583867686726286
2026-03-12 22:21:02.000000000,131.38781183690583
2026-03-12 22:05:40.000000000,65.96096207923284
2026-03-12 22:06:13.000000000,115.47655934680047
2026-03-12 22:18:23.000000000,9.770213542930415
2026-03-12 22:53:59.000000000,21.07644275996018
2026-03-12 22:36:04.000000000,21.09337566427618
2026-03-12 22:35:18.000000000,19.204986088689257
2026-03-12 22:37:51.000000000,17.396277697788207
2026-03-12 22:13:33.000000000,53.252629327496614
2026-03-12 22:44:14.000000000,20.394736708552873
2026-03-12 22:50:56.000000000,14.568664588253595
2026-03-12 23:44:18.000000000,21.125515331922408
2026-03-12 23:34:50.000000000,70.37393122877432
2026-03-12 23:24:04.000000000,12.560801657638502
2026-03-12 23:58:34.000000000,35.52188160526784
2026-03-12 23:42:34.000000000,17.558679458745516
2026-03-12 23:02:25.000000000,31.32515714400619
2026-03-12 23:04:55.000000000,6.230470683217646
2026-03-12 23:49:19.000000000,23.123575409772958
2026-03-12 23:28:39.000000000,19.23252170358888
2026-03-13 00:22:07.000000000,62.702723415554075
2026-03-13 00:17:10.000000000,23.137414546367097
2026-03-13 00:54:46.000000000,10.281404802708655
2026-03-13 00:16:50.000000000,12.602368169077348
2026-03-13 00:42:42.000000000,18.376007247389555
2026-03-13 00:51:56.000000000,12.063858784101129
2026-03-13 00:22:20.000000000,10.764866221502396
2026-03-13 00:38:17.000000000,7.10782317906799
2026-03-13 00:23:49.000000000,76.21332140859568
2026-03-13 00:22:25.000000000,35.42389688347177
2026-03-13 00:41:21.000000000,5.505775535969517
2026-03-13 01:16:13.000000000,14.288767043194069
2026-03-13 01:08:17.000000000,27.641585225839844
2026-03-13 01:49:09.000000000,12.269744607556378
2026-03-13 01:39:56.000000000,6.83400096389839
2026-03-13 01:34:41.000000000,38.82590816340564
2026-03-13 01:28:00.000000000,18.6466580452613
2026-03-13 02:42:12.000000000,40.54075979295221
2026-03-13 02:16:35.000000000,80.35789616137893
2026-03-13 02:14:24.000000000,39.5047505780041
2026-03-13 03:37:36.000000000,11.935375609461431
2026-03-13 03:43:12.000000000,17.836797793402933
2026-03-13 04:10:07.000000000,27.782362300384744
2026-03-13 04:39:20.000000000,45.13237127197829
2026-03-13 04:19:14.000000000,17.345100931167806
2026-03-13 04:28:50.000000000,49.47922014008232
2026-03-13 04:16:59.000000000,42.54148757180794
2026-03-13 04:43:18.000000000,95.04789186886696
2026-03-13 04:14:25.000000000,10.039164792841355
2026-03-13 05:34:10.000000000,117.57741312531363
2026-03-13 05:17:50.000000000,12.29148183049144
2026-03-13 05:19:57.000000000,55.23545331397357
2026-03-13 05:40:55.000000000,12.560836695029996
2026-03-13 05:32:09.000000000,44.900360374668864
2026-03-13 06:03:50.000000000,17.444732299051772
2026-03-13 06:46:55.000000000,8.980442391130007
2026-03-13 06:03:01.000000000,20.245869183182446
2026-03-13 06:50:56.000000000,74.64712076938794
2026-03-13 06:47:25.000000000,12.287609412741785
2026-03-13 07:56:30.000000000,35.96625104359436
2026-03-13 07:04:04.000000000,20.535229063400557
2026-03-13 07:39:58.000000000,12.322265167648078
2026-03-13 07:31:30.000000000,31.81597590323059
2026-03-13 07:42:03.000000000,33.871886681271704
2026-03-13 07:29:13.000000000,17.593014032806245
2026-03-13 07:15:38.000000000,27.376076610392584
2026-03-13 07:55:02.000000000,11.857709493918119
2026-03-13 07:01:16.000000000,95.80939088732424
2026-03-13 07:54:32.000000000,8.75474119872662
2026-03-13 07:13:45.000000000,21.256938667835996
2026-03-13 07:07:07.000000000,11.083113992903872
2026-03-13 07:00:03.000000000,19.302323751776957
2026-03-13 07:06:43.000000000,19.515801244367335
2026-03-13 07:25:05.000000000,12.00881470291113
2026-03-13 07:35:25.000000000,53.98380638465873
2026-03-13 08:11:50.000000000,28.20989159003362
2026-03-13 08:12:28.000000000,20.171852347205505
2026-03-13 08:35:07.000000000,26.924712934024516
2026-03-13 08:02:46.000000000,74.0701570050972
2026-03-13 08:44:24.000000000,58.504975766829745
2026-03-13 08:41:05.000000000,13.954133632824911
2026-03-13 08:03:37.000000000,17.33799882285784
2026-03-13 08:25:33.000000000,17.788903684477813
2026-03-13 08:18:27.000000000,9.556662056583585
2026-03-13 08:33:53.000000000,19.183898100066436
2026-03-13 08:28:36.000000000,16.837821588171035
2026-03-13 08:47:03.000000000,16.613728041790612
2026-03-13 08:51:00.000000000,78.04568924812355
2026-03-13 08:00:35.000000000,41.14461784338464
2026-03-13 08:20:38.000000000,8.96352584236161
2026-03-13 08:16:57.000000000,8.749938027209316
2026-03-13 08:32:00.000000000,23.285456960744902
2026-03-13 08:52:38.000000000,35.86973011773325
2026-03-13 08:00:57.000000000,15.524136667504628
2026-03-13 08:32:34.000000000,53.695531804897776
2026-03-13 08:26:29.000000000,18.521953895018683
2026-03-13 08:25:43.000000000,85.08920406950374
2026-03-13 08:03:48.000000000,34.794590813371066
2026-03-13 09:46:49.000000000,23.54520736215283
2026-03-13 09:33:31.000000000,9.297303673688033
2026-03-13 09:16:49.000000000,13.934668401420994
2026-03-13 09:00:34.000000000,7.251053512829022
2026-03-13 09:01:13.000000000,52.23491184332121
2026-03-13 09:54:33.000000000,14.90999745400236
2026-03-13 09:55:19.000000000,22.71485826497471
2026-03-13 09:41:33.000000000,8.806237673955808
2026-03-13 09:08:34.000000000,37.981849954810954
2026-03-13 09:27:51.000000000,19.140089435464272
2026-03-13 09:10:54.000000000,17.282621255841903
2026-03-13 09:06:29.000000000,11.494546586421212
2026-03-13 09:47:27.000000000,27.014783725827435
2026-03-13 10:53:00.000000000,37.114495038926826
2026-03-13 10:17:32.000000000,32.70341976166576
2026-03-13 10:26:52.000000000,8.47059375680515
2026-03-13 10:42:17.000000000,6.707918236360559
2026-03-13 10:56:31.000000000,8.9351309088317
2026-03-13 10:56:12.000000000,16.8219433165073
2026-03-13 10:25:53.000000000,11.517892155551616
2026-03-13 10:54:06.000000000,6.572502209113679
2026-03-13 10:40:58.000000000,10.700522840474877
2026-03-13 10:18:33.000000000,8.712983560582462
2026-03-13 11:44:09.000000000,16.087650036634557
2026-03-13 11:58:57.000000000,8.540450778836664
2026-03-13 11:41:21.000000000,26.218031283478467
2026-03-13 11:07:41.000000000,37.090716312082144
2026-03-13 11:35:26.000000000,65.35647628896692
2026-03-13 11:37:53.000000000,33.65734282709484
2026-03-13 11:41:00.000000000,13.463702031172703
2026-03-13 11:28:28.000000000,20.607893524197234
2026-03-13 11:16:11.000000000,9.916124319517902
2026-03-13 11:10:18.000000000,11.507735439417687
2026-03-13 11:46:03.000000000,15.795380761112702
2026-03-13 11:08:35.000000000,15.929737866653788
2026-03-13 11:50:26.000000000,24.481324429058237
2026-03-13 12:21:14.000000000,68.8518534700442
2026-03-13 12:37:22.000000000,13.034545057052735
2026-03-13 12:01:41.000000000,25.189837360654767
2026-03-13 12:20:17.000000000,105.43293904210078
2026-03-13 12:16:03.000000000,13.206702849283749
2026-03-13 12:17:40.000000000,5.968316706139722
2026-03-13 12:48:23.000000000,9.364536816428052
2026-03-13 12:10:15.000000000,14.570627207661534
2026-03-13 13:00:07.000000000,27.411410121465373
2026-03-13 13:32:19.000000000,11.325339971217328
2026-03-13 13:46:25.000000000,7.69737826064079
2026-03-13 13:31:51.000000000,16.809483385908326
2026-03-13 13:08:24.000000000,20.36759946197165
2026-03-13 13:02:56.000000000,18.04486961102514
2026-03-13 13:07:08.000000000,5.377351845747859
2026-03-13 13:05:03.000000000,33.63491627691761
2026-03-13 13:29:25.000000000,23.08661650532632
2026-03-13 13:24:52.000000000,31.606540467079018
2026-03-13 13:01:59.000000000,21.240177832450854
2026-03-13 14:11:27.000000000,20.30960378850333
2026-03-13 14:37:42.000000000,28.83258713618859
2026-03-13 14:07:15.000000000,47.31735153778292
2026-03-13 14:58:57.000000000,14.982564457476265
2026-03-13 14:15:56.000000000,6.200714871538674
2026-03-13 14:08:38.000000000,6.582168100086281
2026-03-13 14:37:22.000000000,17.871474954855497
2026-03-13 14:01:22.000000000,21.89057711588801
2026-03-13 14:51:44.000000000,71.10268032316148
2026-03-13 14:57:16.000000000,12.407845109849362
2026-03-13 14:33:11.000000000,19.495577585765187
2026-03-13 14:15:50.000000000,8.126229205499003
2026-03-13 14:59:29.000000000,341.996650963662
2026-03-13 14:10:42.000000000,49.03302987332455
2026-03-13 14:23:34.000000000,5.477094392240354
2026-03-13 14:16:51.000000000,12.158311604605519
2026-03-13 14:42:49.000000000,28.39711331386026
2026-03-13 14:02:43.000000000,8.75823870308037
2026-03-13 15:20:01.000000000,11.435245572244671
2026-03-13 15:21:23.000000000,6.243538390704236
2026-03-13 15:05:29.000000000,23.91747660882502
2026-03-13 15:46:32.000000000,10.76300977081415
2026-03-13 15:25:21.000000000,47.651903206006295
2026-03-13 15:20:08.000000000,31.59961042760758
2026-03-13 15:12:16.000000000,35.937217917227116
2026-03-13 15:04:38.000000000,15.45965165145928
2026-03-13 15:30:08.000000000,18.708791824970984
2026-03-13 15:13:07.000000000,9.808626837039283
2026-03-13 15:19:54.000000000,18.072855643467168
2026-03-13 15:18:28.000000000,28.509090596116607
2026-03-13 15:15:07.000000000,20.76576718862296
2026-03-13 15:54:15.000000000,18.446150800069642
2026-03-13 15:17:10.000000000,16.302732637991042
2026-03-13 15:42:22.000000000,39.82578309042274
2026-03-13 15:49:19.000000000,141.32128436129835
2026-03-13 15:44:43.000000000,15.915547090272723
2026-03-13 15:43:20.000000000,20.41221811191039
2026-03-13 15:00:45.000000000,156.04997155317722
2026-03-13 15:10:22.000000000,49.306960211371866
2026-03-13 15:54:11.000000000,23.491205517843895
2026-03-13 15:38:17.000000000,10.596599194172635
2026-03-13 16:38:18.000000000,28.384183512622226
2026-03-13 16:53:15.000000000,31.31344978980279
2026-03-13 16:22:14.000000000,19.517688277340305
2026-03-13 16:55:10.000000000,17.226410983382788
2026-03-13 16:38:37.000000000,147.48667456025277
2026-03-13 16:19:03.000000000,14.437611508641977
2026-03-13 16:11:04.000000000,32.58713017440777
2026-03-13 16:09:39.000000000,9.316695956917721
2026-03-13 16:27:53.000000000,11.95737522053941
2026-03-13 16:30:29.000000000,50.96425688511178
2026-03-13 16:38:54.000000000,8.222500084275183
2026-03-13 16:37:12.000000000,132.62230248097387
2026-03-13 16:03:40.000000000,14.671202319131712
2026-03-13 16:38:09.000000000,22.77837689029735
2026-03-13 16:47:39.000000000,10.670233460292259
2026-03-13 16:01:48.000000000,33.35349634868043
2026-03-13 17:40:03.000000000,18.218981139111836
2026-03-13 17:58:18.000000000,14.469970378418147
2026-03-13 17:04:52.000000000,135.299848178077
2026-03-13 17:25:26.000000000,42.42964354703353
2026-03-13 17:47:33.000000000,11.580526658490376
2026-03-13 17:40:17.000000000,34.40736250215679
2026-03-13 17:31:57.000000000,10.17754571772912
2026-03-13 17:30:02.000000000,29.870200950308135
2026-03-13 17:55:50.000000000,26.198531750801326
2026-03-13 17:13:59.000000000,16.797652818818765
2026-03-13 17:18:25.000000000,7.946909683658212
2026-03-13 17:37:15.000000000,14.316532960963952
2026-03-13 17:12:37.000000000,12.890195973830549
2026-03-13 17:05:40.000000000,8.409503084049435
2026-03-13 17:40:20.000000000,15.790359649828039
2026-03-13 17:15:02.000000000,11.85781274410301
2026-03-13 17:17:28.000000000,21.35223091205374
2026-03-13 17:59:42.000000000,40.412113524915064
2026-03-13 17:33:51.000000000,48.795099333560515
2026-03-13 17:03:47.000000000,10.3910459922152
2026-03-13 17:03:18.000000000,15.595837352069234
2026-03-13 17:07:01.000000000,23.732707178728308
2026-03-13 17:17:59.000000000,47.1322134894162
2026-03-13 17:22:42.000000000,12.112150171488839
2026-03-13 17:49:03.000000000,8.533789933382312
2026-03-13 17:20:15.000000000,26.773736977445928
2026-03-13 18:03:21.000000000,12.071754676387917
2026-03-13 18:41:34.000000000,15.263923934278788
2026-03-13 18:10:51.000000000,30.441746981915806
2026-03-13 18:05:18.000000000,8.3190637266237
2026-03-13 18:39:30.000000000,50.630327701024974
2026-03-13 18:01:03.000000000,10.191198335451794
2026-03-13 18:22:29.000000000,67.81212973907316
2026-03-13 18:27:08.000000000,15.730178114171213
2026-03-13 18:55:14.000000000,8.481821938236207
2026-03-13 18:28:57.000000000,29.62941178875986
2026-03-13 18:11:24.000000000,13.718425588392362
2026-03-13 18:24:26.000000000,36.92307968838074
2026-03-13 18:38:39.000000000,10.158514071558535
2026-03-13 18:24:54.000000000,41.45095725561246
2026-03-13 18:04:07.000000000,30.662214514436627
2026-03-13 18:59:19.000000000,29.767887254750065
2026-03-13 18:19:58.000000000,21.56957139305592
2026-03-13 18:08:19.000000000,8.894226835209416
2026-03-13 19:32:21.000000000,21.288758547751254
2026-03-13 19:12:00.000000000,5.976103082880619
2026-03-13 19:13:04.000000000,79.61625007289993
2026-03-13 19:24:18.000000000,69.38666471877096
2026-03-13 19:02:56.000000000,37.112718348985375
2026-03-13 19:56:02.000000000,6.561981143234333
2026-03-13 19:15:18.000000000,25.868669218247092
2026-03-13 19:07:56.000000000,15.716412836432017
2026-03-13 19:46:53.000000000,8.015552947118659
2026-03-13 19:58:44.000000000,5.956427404894887
2026-03-13 19:32:17.000000000,38.99664561343049
2026-03-13 19:00:09.000000000,21.69783894138207
2026-03-13 19:32:46.000000000,40.666949036564596
2026-03-13 19:30:42.000000000,50.06488492104123
2026-03-13 19:33:05.000000000,31.552029124655927
2026-03-13 19:18:35.000000000,32.727442837435056
2026-03-13 19:56:18.000000000,46.376566836707134
2026-03-13 19:00:20.000000000,27.978731914470423
2026-03-13 20:59:10.000000000,6.794763769591859
2026-03-13 20:11:55.000000000,11.62774915807976
2026-03-13 20:39:29.000000000,38.31814525436584
2026-03-13 20:54:22.000000000,14.252949148467028
2026-03-13 20:56:08.000000000,9.004615070684508
2026-03-13 20:30:07.000000000,39.76019031239312
2026-03-13 20:30:01.000000000,9.387565697608375
2026-03-13 20:45:04.000000000,39.047664365270194
2026-03-13 20:17:10.000000000,17.75800021686249
2026-03-13 20:25:09.000000000,14.455383357614815
2026-03-13 20:43:14.000000000,27.94091289163066
2026-03-13 20:34:51.000000000,31.217732073052872
2026-03-13 20:02:06.000000000,24.965221981419145
2026-03-13 20:32:18.000000000,9.334282378104973
2026-03-13 20:22:14.000000000,24.411723714737704
2026-03-13 20:19:50.000000000,8.734560683353276
2026-03-13 20:23:39.000000000,31.587498881099602
2026-03-13 20:24:50.000000000,11.767877383992474
2026-03-13 20:06:12.000000000,9.218869714931383
2026-03-13 20:26:54.000000000,18.97268275707366
2026-03-13 20:08:36.000000000,14.736853421919752
2026-03-13 20:30:37.000000000,25.425188213304192
2026-03-13 20:02:05.000000000,7.106152533072501
2026-03-13 20:25:31.000000000,19.797000799510986
2026-03-13 20:58:36.000000000,10.362570704863913
2026-03-13 20:21:01.000000000,7.246295419085646
2026-03-13 20:12:03.000000000,24.054644166066826
2026-03-13 21:45:42.000000000,11.408382977992725
2026-03-13 21:46:48.000000000,25.699407137997138
2026-03-13 21:03:05.000000000,52.63602153434193
2026-03-13 21:41:00.000000000,10.847446358019685
2026-03-13 21:58:11.000000000,36.228310229504736
2026-03-13 21:19:35.000000000,7.819231611168978
2026-03-13 21:05:47.000000000,37.856459549218286
2026-03-13 21:37:54.000000000,26.209227194567525
2026-03-13 21:07:40.000000000,44.71409673805127
2026-03-13 21:12:42.000000000,26.731979301011478
2026-03-13 21:40:16.000000000,7.30009042234561
2026-03-13 21:48:37.000000000,38.424073746029606
2026-03-13 21:07:23.000000000,15.901420429588873
2026-03-13 21:31:41.000000000,9.904889357563677
2026-03-13 21:43:58.000000000,16.857864925973974
2026-03-13 21:58:14.000000000,7.937964325201907
2026-03-13 21:13:30.000000000,19.940037862045106
2026-03-13 21:38:47.000000000,10.163696108760123
2026-03-13 21:07:20.000000000,108.94791800163372
2026-03-13 21:23:48.000000000,10.624621016983063
2026-03-13 21:41:37.000000000,8.748038092366516
2026-03-13 21:19:02.000000000,9.73173517220763
2026-03-13 22:23:00.000000000,24.327457529826766
2026-03-13 22:31:30.000000000,30.32837812239967
2026-03-13 22:08:37.000000000,72.76543531114494
2026-03-13 22:35:36.000000000,18.38709297695732
2026-03-13 22:38:07.000000000,31.042475474539557
2026-03-13 22:55:42.000000000,24.57704585390772
2026-03-13 22:07:14.000000000,12.470189865968992
2026-03-13 22:57:06.000000000,16.860953253552577
2026-03-13 22:17:15.000000000,9.690556983696121
2026-03-13 22:23:02.000000000,9.76456809699998
2026-03-13 22:44:41.000000000,10.942119877696273
2026-03-13 22:01:02.000000000,10.318474802194801
2026-03-13 22:48:12.000000000,10.762311175370815
2026-03-13 22:58:12.000000000,13.240997806730759
2026-03-13 22:04:47.000000000,45.98936762462851
2026-03-13 22:45:50.000000000,52.364390786298195
2026-03-13 22:43:45.000000000,29.101916566710678
2026-03-13 22:41:27.000000000,34.38442394073271
2026-03-13 22:28:44.000000000,27.855498829619314
2026-03-13 22:22:04.000000000,8.854278419513038
2026-03-13 22:36:50.000000000,11.290233379658682
2026-03-13 22:55:21.000000000,15.071037891620795
2026-03-13 22:20:28.000000000,40.780298111814666
2026-03-13 22:26:43.000000000,47.11564507701861
2026-03-13 22:54:06.000000000,38.74519248998351
2026-03-13 23:32:01.000000000,19.15494006676421
2026-03-13 23:34:38.000000000,20.137518059210098
2026-03-13 23:21:29.000000000,9.713480562593968
2026-03-13 23:00:17.000000000,13.223265227791838
2026-03-13 23:44:20.000000000,8.230071811061112
2026-03-13 23:02:56.000000000,19.491001226909894
2026-03-13 23:45:28.000000000,12.258898210722379
2026-03-13 23:34:22.000000000,24.96131913374147
2026-03-13 23:53:59.000000000,20.714203325453646
2026-03-13 23:07:08.000000000,39.077749616865624
2026-03-13 23:45:50.000000000,19.297125941410528
2026-03-13 23:09:40.000000000,10.281721406505428
2026-03-13 23:40:01.000000000,7.9963915621051385
2026-03-14 00:18:31.000000000,19.94989295774324
2026-03-14 00:35:55.000000000,42.85691864240855
2026-03-14 00:21:17.000000000,20.34844329900021
2026-03-14 00:25:54.000000000,25.523388259515688
2026-03-14 00:58:52.000000000,8.256678371956445
2026-03-14 00:45:38.000000000,9.300276455668998
2026-03-14 00:09:17.000000000,9.402461691052242
2026-03-14 00:20:40.000000000,14.056530507127372
2026-03-14 00:50:37.000000000,13.11379344059063
2026-03-14 00:21:17.000000000,60.91753041776469
2026-03-14 00:23:29.000000000,46.425830982262525
2026-03-14 00:25:19.000000000,25.925851109301334
2026-03-14 00:15:30.000000000,15.1633481262202
2026-03-14 00:13:49.000000000,81.08213757120971
2026-03-14 00:42:31.000000000,42.30549577878544
2026-03-14 00:07:07.000000000,19.510963130179956
2026-03-14 00:54:57.000000000,21.866458824372604
2026-03-14 00:43:25.000000000,10.537074104089331
2026-03-14 00:36:33.000000000,38.445431591860135
2026-03-14 00:25:59.000000000,19.568673365536757
2026-03-14 00:02:34.000000000,14.07008168600629
2026-03-14 00:49:22.000000000,19.38638635455926
2026-03-14 01:27:15.000000000,28.85002964328121
2026-03-14 01:41:55.000000000,21.70040447991999
2026-03-14 01:38:33.000000000,15.853829546816122
2026-03-14 01:06:49.000000000,13.780927151003109
2026-03-14 01:11:49.000000000,17.827482977274226
2026-03-14 01:40:57.000000000,15.084359592433858
2026-03-14 01:34:13.000000000,42.558466859525645
2026-03-14 01:04:27.000000000,21.591276095466334
2026-03-14 01:01:31.000000000,20.157000912656233
2026-03-14 01:19:24.000000000,37.160792867345556
2026-03-14 01:20:41.000000000,14.995814204374181
2026-03-14 01:16:14.000000000,21.92702454791745
2026-03-14 01:32:28.000000000,22.386432478512393
2026-03-14 01:33:41.000000000,18.187440648575134
2026-03-14 01:08:05.000000000,17.662192958988157
2026-03-14 01:38:47.000000000,27.060159798043276
2026-03-14 01:22:45.000000000,29.183497522344943
2026-03-14 01:48:16.000000000,28.96000313837691
2026-03-14 02:23:22.000000000,13.928169205029151
2026-03-14 02:12:04.000000000,11.390749336039125
2026-03-14 02:34:12.000000000,23.5050335180406
2026-03-14 02:32:32.000000000,47.287794704813976
2026-03-14 02:50:02.000000000,10.152869473667028
2026-03-14 02:05:53.000000000,14.57373404879506
2026-03-14 02:26:30.000000000,25.511893193143163
2026-03-14 02:25:18.000000000,17.796654776513243
2026-03-14 03:25:27.000000000,10.602101559744547
2026-03-14 03:10:24.000000000,31.27375051658504
2026-03-14 03:36:10.000000000,10.19129171466355
2026-03-14 03:38:44.000000000,28.496249192608676
2026-03-14 03:14:14.000000000,19.25847882650921
2026-03-14 03:51:23.000000000,26.61527646834205
2026-03-14 03:36:19.000000000,21.15595991240591
2026-03-14 03:44:48.000000000,14.023890297950961
2026-03-14 03:09:27.000000000,17.315342677857167
2026-03-14 03:11:14.000000000,8.33555886496705
2026-03-14 03:44:48.000000000,33.146767480971654
2026-03-14 03:13:08.000000000,12.266692851392808
2026-03-14 03:23:29.000000000,16.714509527165006
2026-03-14 03:46:00.000000000,18.080669601290374
2026-03-14 04:51:03.000000000,152.00702245047913
2026-03-14 04:04:44.000000000,15.265825061273095
2026-03-14 04:37:18.000000000,11.532909394838251
2026-03-14 04:24:42.000000000,92.5862497346019
2026-03-14 04:01:38.000000000,75.7740210421004
2026-03-14 05:51:08.000000000,36.976452311408636
2026-03-14 05:20:23.000000000,20.282020311142446
2026-03-14 05:08:10.000000000,9.078549299557833
2026-03-14 05:33:59.000000000,30.35267194660293
2026-03-14 05:10:23.000000000,9.012492419924012
2026-03-14 05:56:49.000000000,110.6065775202784
2026-03-14 05:40:03.000000000,11.606964786105085
2026-03-14 06:49:45.000000000,10.488683513868441
2026-03-14 06:01:56.000000000,18.215450364139986
2026-03-14 06:07:17.000000000,18.44547648555186
2026-03-14 06:13:45.000000000,5.42255588637248
2026-03-14 06:14:43.000000000,32.42773958995805
2026-03-14 07:11:57.000000000,20.45564015188876
2026-03-14 07:32:23.000000000,41.02402034814375
2026-03-14 07:52:27.000000000,20.954549470046384
2026-03-14 07:20:15.000000000,39.425029379857655
2026-03-14 07:25:54.000000000,9.255121903484484
2026-03-14 07:23:02.000000000,51.68655879946814
2026-03-14 07:31:20.000000000,17.801060336114062
2026-03-14 07:49:29.000000000,22.937914513674603
2026-03-14 07:59:32.000000000,44.975208179860005
2026-03-14 07:35:27.000000000,22.018554984016696
2026-03-14 07:16:21.000000000,67.00411929560599
2026-03-14 07:17:31.000000000,43.603601852371256
2026-03-14 07:12:24.000000000,14.215692557466463
2026-03-14 08:26:16.000000000,10.992133067588957
2026-03-14 08:32:35.000000000,13.005795087369508
2026-03-14 08:46:18.000000000,15.676033316402119
2026-03-14 08:23:29.000000000,12.322265167648078
2026-03-14 08:56:14.000000000,6.608469125776279
2026-03-14 08:33:49.000000000,53.11097623107382
2026-03-14 08:51:33.000000000,23.453929473658043
2026-03-14 08:58:53.000000000,6.882126936641061
2026-03-14 08:11:07.000000000,19.088088021406655
2026-03-14 08:21:29.000000000,16.958122262936364
2026-03-14 08:35:59.000000000,15.189464148656084
2026-03-14 08:34:26.000000000,20.44291495572233
2026-03-14 08:40:27.000000000,20.259600643374114
2026-03-14 09:41:26.000000000,33.637479415109276
2026-03-14 09:53:28.000000000,9.840119883329525
2026-03-14 09:51:08.000000000,16.350382173727724
2026-03-14 09:21:27.000000000,11.912255009942843
2026-03-14 09:50:16.000000000,16.593452795172972
2026-03-14 09:49:46.000000000,37.198547788493904
2026-03-14 09:36:48.000000000,27.506901619897313
2026-03-14 09:40:11.000000000,24.434800141339647
2026-03-14 09:27:07.000000000,15.222947581537932
2026-03-14 09:00:03.000000000,7.77842530321246
2026-03-14 09:35:57.000000000,54.68207886314225
2026-03-14 09:29:06.000000000,25.884172806690408
2026-03-14 09:26:43.000000000,21.311925757847664
2026-03-14 09:45:16.000000000,21.867717344126934
2026-03-14 09:39:34.000000000,30.04986405208523
2026-03-14 09:43:21.000000000,13.351193964718288
2026-03-14 09:12:29.000000000,12.74278910305168
2026-03-14 09:11:45.000000000,13.890753146827723
2026-03-14 09:13:13.000000000,10.925572976224219
2026-03-14 10:47:09.000000000,7.57683810249602
2026-03-14 10:01:45.000000000,11.525458515111337
2026-03-14 10:12:22.000000000,6.261513113089842
2026-03-14 10:17:12.000000000,14.20301567401455
2026-03-14 10:42:38.000000000,8.953007662806565
2026-03-14 10:54:53.000000000,17.394083110675982
2026-03-14 10:23:06.000000000,34.40126558906995
2026-03-14 10:08:26.000000000,14.607954381190549
2026-03-14 10:18:53.000000000,67.11745111854395
2026-03-14 10:24:56.000000000,7.9516869510786865
2026-03-14 10:20:49.000000000,8.21444426548857
2026-03-14 11:19:28.000000000,8.824696776270514
2026-03-14 11:31:35.000000000,57.97372715742927
2026-03-14 11:46:27.000000000,32.23930114572142
2026-03-14 11:33:23.000000000,10.249329462261969
2026-03-14 11:42:46.000000000,21.56855970023538
2026-03-14 11:49:51.000000000,15.191616966971393
2026-03-14 11:47:55.000000000,17.68933035377546
2026-03-14 11:33:29.000000000,7.687083889764572
2026-03-14 11:48:50.000000000,15.904430125340133
2026-03-14 11:55:52.000000000,16.950833744670735
2026-03-14 12:28:24.000000000,14.351024475708622
2026-03-14 12:16:04.000000000,14.183723747968125
2026-03-14 12:33:04.000000000,17.270147339845696
2026-03-14 12:06:57.000000000,35.49806395232207
2026-03-14 12:27:36.000000000,13.950211936264857
2026-03-14 12:00:54.000000000,30.95811406116776
2026-03-14 12:32:03.000000000,22.91822401381132
2026-03-14 12:38:24.000000000,23.08784139386777
2026-03-14 12:44:57.000000000,13.079129355047316
2026-03-14 12:31:45.000000000,45.70520672368162
2026-03-14 12:37:45.000000000,19.20687059592992
2026-03-14 12:55:08.000000000,6.954898702045292
2026-03-14 12:56:30.000000000,59.24055554895656
2026-03-14 12:21:29.000000000,12.486006645428203
2026-03-14 13:03:49.000000000,6.758927645305995
2026-03-14 13:20:10.000000000,22.946667031715595
2026-03-14 13:23:09.000000000,11.69324766051075
2026-03-14 13:38:40.000000000,7.944440804862456
2026-03-14 13:58:11.000000000,56.31555005268144
2026-03-14 13:28:38.000000000,8.205441965029166
2026-03-14 13:50:02.000000000,40.11185944805944
2026-03-14 13:52:53.000000000,14.021335922611936
2026-03-14 13:03:49.000000000,25.507523720498213
2026-03-14 13:57:15.000000000,26.20547597503056
2026-03-14 13:36:51.000000000,25.596166444799827
2026-03-14 13:34:30.000000000,19.60882708466111
2026-03-14 13:17:10.000000000,12.889349501990102
2026-03-14 13:05:26.000000000,101.23870445072087
2026-03-14 13:33:22.000000000,15.81761257943722
2026-03-14 13:30:59.000000000,47.85495231859068
2026-03-14 13:23:38.000000000,10.983190768402315
2026-03-14 13:52:07.000000000,63.21014833009534
2026-03-14 13:10:55.000000000,17.934128829819368
2026-03-14 13:38:35.000000000,49.430091340394306
2026-03-14 13:47:22.000000000,61.878621059858204
2026-03-14 13:00:37.000000000,9.495090000382493
2026-03-14 13:58:07.000000000,142.4759597838861
2026-03-14 13:21:05.000000000,12.089412793448853
2026-03-14 13:11:44.000000000,16.952704839938743
2026-03-14 13:17:12.000000000,41.717684757849476
2026-03-14 13:18:12.000000000,12.144063302422861
2026-03-14 14:25:17.000000000,21.637084152793488
2026-03-14 14:24:28.000000000,32.07110056613126
2026-03-14 14:43:13.000000000,21.48775765236081
2026-03-14 14:37:42.000000000,17.045520169270347
2026-03-14 14:42:23.000000000,68.34445326576977
2026-03-14 14:36:50.000000000,28.19334031361506
2026-03-14 14:08:09.000000000,9.138314066826013
2026-03-14 14:34:42.000000000,49.948559816404874
2026-03-14 14:48:56.000000000,26.697290375140803
2026-03-14 14:45:05.000000000,36.81783427158844
2026-03-14 14:45:56.000000000,27.333187932713894
2026-03-14 14:17:41.000000000,24.788089951658343
2026-03-14 14:59:33.000000000,29.67605192981537
2026-03-14 14:42:10.000000000,8.148647466070944
2026-03-14 14:18:33.000000000,9.12790730274577
2026-03-14 14:35:02.000000000,60.15689525796873
2026-03-14 14:28:59.000000000,13.105793192249164
2026-03-14 14:53:26.000000000,13.814012964199625
2026-03-14 14:26:53.000000000,13.298555060615811
2026-03-14 14:55:21.000000000,19.04008239241599
2026-03-14 14:24:31.000000000,10.854084111491208
2026-03-14 15:12:43.000000000,42.02237140185235
2026-03-14 15:22:52.000000000,8.675302988653746
2026-03-14 15:34:38.000000000,7.350175158532729
2026-03-14 15:40:25.000000000,22.836014236153478
2026-03-14 15:57:25.000000000,12.202304272956232
2026-03-14 15:06:27.000000000,15.600957737288002
2026-03-14 15:19:27.000000000,54.25922105442327
2026-03-14 15:40:21.000000000,13.796495725162117
2026-03-14 15:51:18.000000000,10.139547829509013
2026-03-14 15:19:34.000000000,16.4878322187847
2026-03-14 15:21:18.000000000,19.063688552435956
2026-03-14 15:28:04.000000000,34.15471160840024
2026-03-14 15:05:48.000000000,15.707217269182024
2026-03-14 15:03:32.000000000,16.64850473152902
2026-03-14 15:56:59.000000000,28.54007528572237
2026-03-14 15:28:00.000000000,32.48122829514338
2026-03-14 15:39:59.000000000,8.535514641423983
2026-03-14 16:47:03.000000000,13.229284305096199
2026-03-14 16:30:20.000000000,11.341513125790682
2026-03-14 16:10:35.000000000,20.194242406928023
2026-03-14 16:05:11.000000000,11.84709749158625
2026-03-14 16:52:12.000000000,29.241833544669348
2026-03-14 16:50:20.000000000,23.45180535529369
2026-03-14 16:26:15.000000000,26.819628863028722
2026-03-14 16:33:37.000000000,11.171382212168929
2026-03-14 16:38:29.000000000,27.443604024601616
2026-03-14 16:41:41.000000000,14.578862037786754
2026-03-14 16:01:37.000000000,26.65474605222194
2026-03-14 16:04:08.000000000,15.747370839470424
2026-03-14 16:02:59.000000000,28.599450191951092
2026-03-14 16:26:11.000000000,16.53002555449152
2026-03-14 16:22:16.000000000,10.824610931835247
2026-03-14 16:22:09.000000000,25.948641068210172
2026-03-14 16:13:32.000000000,26.340172265983227
2026-03-14 17:14:22.000000000,40.20223258896842
2026-03-14 17:16:57.000000000,9.243987875570994
2026-03-14 17:30:33.000000000,12.27513840639796
2026-03-14 17:43:04.000000000,7.750452227052848
2026-03-14 17:15:06.000000000,24.595797697527814
2026-03-14 17:32:09.000000000,13.20951382726107
2026-03-14 17:11:58.000000000,67.86884163357053
2026-03-14 17:07:51.000000000,18.79993925012985
2026-03-14 17:24:13.000000000,51.53002048132393
2026-03-14 17:39:44.000000000,18.30611964317902
2026-03-14 17:38:22.000000000,16.132672203341134
2026-03-14 17:38:29.000000000,38.96645108087282
2026-03-14 17:35:12.000000000,11.833023318777725
2026-03-14 17:03:20.000000000,26.47265150896207
2026-03-14 17:04:13.000000000,6.1461976450899165
2026-03-14 17:01:42.000000000,20.971271910104566
2026-03-14 17:10:59.000000000,18.218288688497726
2026-03-14 18:58:42.000000000,17.211788954743334
2026-03-14 18:18:22.000000000,24.512707537565323
2026-03-14 18:07:11.000000000,17.008782687052936
2026-03-14 18:34:50.000000000,40.267568969108055
2026-03-14 18:50:35.000000000,19.58160274165855
2026-03-14 18:37:37.000000000,11.516380941906018
2026-03-14 18:25:49.000000000,12.986157783280875
2026-03-14 18:58:53.000000000,62.28215967244895
2026-03-14 18:07:31.000000000,36.327411208260386
2026-03-14 18:43:03.000000000,11.372967976859988
2026-03-14 18:07:19.000000000,27.09213343029032
2026-03-14 19:36:57.000000000,46.025104665198526
2026-03-14 19:31:36.000000000,6.800179465088336
2026-03-14 19:38:29.000000000,22.711479318733367
2026-03-14 19:23:16.000000000,15.7299211407073
2026-03-14 19:47:37.000000000,23.886616047013113
2026-03-14 19:32:14.000000000,18.635489280286208
2026-03-14 19:07:39.000000000,48.10347072307682
2026-03-14 19:57:37.000000000,12.866640980725252
2026-03-14 19:13:19.000000000,23.571833830833064
2026-03-14 19:07:37.000000000,60.20821743295371
2026-03-14 19:51:52.000000000,8.851899372326233
2026-03-14 19:15:25.000000000,43.854401336703226
2026-03-14 19:38:37.000000000,37.45255638068083
2026-03-14 19:46:38.000000000,18.726335707717706
2026-03-14 19:52:55.000000000,23.302167605610087
2026-03-14 19:31:30.000000000,31.517625135293155
2026-03-14 19:22:08.000000000,8.178482216609318
2026-03-14 20:17:07.000000000,20.112575641167723
2026-03-14 20:48:16.000000000,9.785714043180674
2026-03-14 20:29:42.000000000,8.221102153604603
2026-03-14 20:32:23.000000000,22.049524585490026
2026-03-14 20:01:26.000000000,12.857768343014671
2026-03-14 20:38:38.000000000,26.039696325951684
2026-03-14 20:18:24.000000000,16.790178607664956
2026-03-14 20:35:51.000000000,29.931049942696426
2026-03-14 20:27:36.000000000,11.312316371583108
2026-03-14 20:15:48.000000000,10.677764330780638
2026-03-14 20:26:19.000000000,43.1399068781767
2026-03-14 20:05:32.000000000,35.77462660037632
2026-03-14 20:07:14.000000000,32.62322751655647
2026-03-14 20:14:40.000000000,37.058799387606555
2026-03-14 20:44:52.000000000,12.324822907344435
2026-03-14 20:59:13.000000000,22.927558143081452
2026-03-14 20:35:29.000000000,15.024191073081264
2026-03-14 20:14:45.000000000,13.225529449345165
2026-03-14 20:31:26.000000000,11.615314409190324
2026-03-14 20:50:30.000000000,20.99014140100793
2026-03-14 20:36:36.000000000,7.161397864497682
2026-03-14 20:56:34.000000000,43.633082405267025
2026-03-14 20:19:08.000000000,36.07755554035508
2026-03-14 20:52:03.000000000,25.600547106364644
2026-03-14 21:02:32.000000000,13.996758953052845
2026-03-14 21:51:47.000000000,35.18596758971407
2026-03-14 21:37:38.000000000,25.41809860251062
2026-03-14 21:52:01.000000000,44.05578739067938
2026-03-14 21:03:03.000000000,12.42546187353953
2026-03-14 21:21:23.000000000,5.281611146775603
2026-03-14 21:09:18.000000000,30.561485250493437
2026-03-14 21:58:22.000000000,30.644053943277726
2026-03-14 21:26:12.000000000,11.484158429136327
2026-03-14 21:56:29.000000000,55.87679310672928
2026-03-14 21:46:57.000000000,9.613578868135052
2026-03-14 21:32:09.000000000,25.30178743470737
2026-03-14 21:29:20.000000000,10.24925695625146
2026-03-14 21:49:32.000000000,26.85297644864159
2026-03-14 21:23:04.000000000,52.08434755435009
2026-03-14 21:42:35.000000000,28.114476182246772
2026-03-14 21:23:42.000000000,30.692578846994195
2026-03-14 21:18:38.000000000,17.41804790991871
2026-03-14 21:18:19.000000000,12.627858202886435
2026-03-14 21:08:51.000000000,18.575454956332354
2026-03-14 22:57:58.000000000,5.389031407771704
2026-03-14 22:19:06.000000000,18.590368626067704
2026-03-14 22:10:03.000000000,20.40011217018376
2026-03-14 22:41:53.000000000,41.76271900474457
2026-03-14 22:54:19.000000000,9.60254922820297
2026-03-14 22:28:28.000000000,12.567494439666076
2026-03-14 22:17:29.000000000,11.621295431452577
2026-03-14 22:25:47.000000000,15.706371770763315
2026-03-14 22:51:17.000000000,40.18808734846116
2026-03-14 22:18:59.000000000,15.961595422001915
2026-03-14 22:48:58.000000000,6.1426723089378115
2026-03-14 22:27:00.000000000,18.582245311967476
2026-03-14 22:26:30.000000000,16.121602417097765
2026-03-14 22:41:09.000000000,45.36772326526757
2026-03-14 22:31:56.000000000,26.24410855425376
2026-03-14 22:27:42.000000000,29.915056023405672
2026-03-14 22:38:35.000000000,7.8627753682439
2026-03-14 22:54:01.000000000,58.21379927544669
2026-03-14 22:04:10.000000000,53.21636488956349
2026-03-14 23:34:40.000000000,13.28872439929831
2026-03-14 23:22:43.000000000,19.310835303111585
2026-03-14 23:03:26.000000000,99.31223479114199
2026-03-14 23:01:29.000000000,116.18943568377742
2026-03-14 23:35:45.000000000,22.096141803998044
2026-03-14 23:37:45.000000000,18.71980461593197
2026-03-14 23:39:27.000000000,147.60700524839126
2026-03-14 23:08:29.000000000,20.801523105307062
2026-03-14 23:31:22.000000000,22.523677740817377
2026-03-14 23:30:17.000000000,61.21039055171838
2026-03-14 23:37:02.000000000,10.480592393923462
2026-03-14 23:06:44.000000000,22.439503394099063
2026-03-14 23:21:34.000000000,8.450685424758724
2026-03-14 23:00:21.000000000,14.054625374691247
2026-03-14 23:03:13.000000000,5.845634558380086
2026-03-14 23:42:23.000000000,26.50772523124903
2026-03-14 23:16:30.000000000,13.898239141303227
2026-03-14 23:37:13.000000000,15.592403875744846
2026-03-14 23:46:28.000000000,22.72833127034443
2026-03-14 23:49:22.000000000,8.1638640514808
2026-03-14 23:10:48.000000000,24.199150760822555
2026-03-15 00:00:39.000000000,15.03425233330064
2026-03-15 00:26:45.000000000,15.928814617721777
2026-03-15 00:42:40.000000000,29.93954346271653
2026-03-15 00:58:32.000000000,28.829064354643428
2026-03-15 00:14:57.000000000,34.8916554820206
2026-03-15 00:51:09.000000000,47.19137383856249
2026-03-15 00:40:03.000000000,36.268752813622555
2026-03-15 00:22:57.000000000,19.503104371804934
2026-03-15 00:51:13.000000000,11.550840898996315
2026-03-15 00:11:17.000000000,38.40253426214396
2026-03-15 00:34:31.000000000,7.196694174837118
2026-03-15 00:45:45.000000000,40.212900034365184
2026-03-15 00:40:14.000000000,23.664154178508287
2026-03-15 00:28:10.000000000,10.300561625474494
2026-03-15 01:26:27.000000000,27.845991939460827
2026-03-15 01:18:35.000000000,10.842251837617791
2026-03-15 01:45:35.000000000,12.791314583489255
2026-03-15 01:14:09.000000000,24.96085290056207
2026-03-15 01:00:08.000000000,9.132469811591168
2026-03-15 01:06:04.000000000,26.419995171715737
2026-03-15 01:15:49.000000000,48.37298585627594
2026-03-15 01:40:19.000000000,45.96901162240789
2026-03-15 01:52:19.000000000,14.296740086011338
2026-03-15 02:09:49.000000000,13.211758159349067
2026-03-15 02:46:46.000000000,28.662266316504994
2026-03-15 02:05:25.000000000,42.183857046540574
2026-03-15 02:11:09.000000000,7.984942843671337
2026-03-15 02:17:48.000000000,36.21087218727594
2026-03-15 02:05:25.000000000,28.571952554896924
2026-03-15 02:12:04.000000000,27.830311741759765
2026-03-15 02:14:11.000000000,22.06321335154203
2026-03-15 02:51:10.000000000,9.566184672261159
2026-03-15 02:41:42.000000000,8.107744335883128
2026-03-15 02:18:30.000000000,40.215661835050746
2026-03-15 02:56:14.000000000,16.34454911637718
2026-03-15 02:42:39.000000000,49.50870376292944
2026-03-15 02:54:43.000000000,9.915406738715513
2026-03-15 03:19:37.000000000,33.168692395148454
2026-03-15 03:20:27.000000000,9.433101545637253
2026-03-15 03:46:29.000000000,16.73156164175398
2026-03-15 03:16:07.000000000,8.73974605157857
2026-03-15 03:14:45.000000000,9.823329065681278
2026-03-15 03:23:32.000000000,25.08028926969861
2026-03-15 03:01:41.000000000,15.89944940455109
2026-03-15 04:37:21.000000000,45.23057452021284
2026-03-15 04:19:25.000000000,36.67030498100459
2026-03-15 05:11:00.000000000,72.08761054635751
2026-03-15 05:15:55.000000000,50.85139387656023
2026-03-15 06:04:49.000000000,27.296023339629347
2026-03-15 06:53:08.000000000,134.72056450355979
2026-03-15 06:28:38.000000000,36.86106447614185
2026-03-15 06:21:47.000000000,24.404202406964743
2026-03-15 06:11:52.000000000,10.274690977573924
2026-03-15 06:32:17.000000000,85.96072033511524
2026-03-15 06:42:53.000000000,26.00902890448342
2026-03-15 06:39:00.000000000,31.555978709700653
2026-03-15 06:32:58.000000000,13.295175047696409
2026-03-15 06:40:33.000000000,33.56404222309163
2026-03-15 07:42:50.000000000,22.866733277082435
2026-03-15 07:39:37.000000000,17.67159327221542
2026-03-15 07:55:40.000000000,8.42555365112355
2026-03-15 08:54:54.000000000,8.606208999279
2026-03-15 08:07:35.000000000,10.782966041794403
2026-03-15 08:39:03.000000000,28.796896683021426
2026-03-15 08:51:27.000000000,26.603015288495804
2026-03-15 08:22:54.000000000,21.8355529600331
2026-03-15 08:38:41.000000000,92.59990736122954
2026-03-15 08:16:44.000000000,16.312546151448167
2026-03-15 08:52:24.000000000,5.254273502842846
2026-03-15 08:08:49.000000000,23.450785961653512
2026-03-15 08:57:29.000000000,5.311862615834954
2026-03-15 08:59:31.000000000,12.200084369311366
2026-03-15 08:51:50.000000000,21.02715946662242
2026-03-15 08:32:34.000000000,48.999078685278924
2026-03-15 08:30:55.000000000,26.877670926613565
2026-03-15 09:55:59.000000000,6.563550499059989
2026-03-15 09:17:49.000000000,14.980972767203703
2026-03-15 09:29:22.000000000,10.928026025416882
2026-03-15 09:01:06.000000000,85.79793253140905
2026-03-15 09:47:41.000000000,15.130705835252048
2026-03-15 09:59:24.000000000,14.998954372151253
2026-03-15 09:20:43.000000000,18.516469168670383
2026-03-15 09:32:02.000000000,18.24761845036065
2026-03-15 09:03:01.000000000,14.31882670201189
2026-03-15 09:49:08.000000000,18.65045835625782
2026-03-15 09:46:57.000000000,11.063061870374801
2026-03-15 09:46:27.000000000,14.086689892784742
2026-03-15 09:10:45.000000000,19.85215236129402
2026-03-15 09:17:47.000000000,57.55504597038777
2026-03-15 09:54:40.000000000,22.503268012774786
2026-03-15 10:29:40.000000000,11.42083571401296
2026-03-15 10:31:01.000000000,12.814577759708985
2026-03-15 10:58:28.000000000,8.723350261960908
2026-03-15 10:34:16.000000000,30.37399061382698
2026-03-15 10:41:43.000000000,12.816965921216495
2026-03-15 10:50:46.000000000,15.239671072998512
2026-03-15 10:50:07.000000000,10.566313503214388
2026-03-15 10:55:07.000000000,10.876804298513582
2026-03-15 10:00:44.000000000,5.1470852255619075
2026-03-15 10:38:03.000000000,16.43008388981559
2026-03-15 10:53:08.000000000,38.15944945250314
2026-03-15 10:46:03.000000000,23.186980561278588
2026-03-15 10:32:26.000000000,24.825221415220447
2026-03-15 10:38:18.000000000,10.011142253583529
2026-03-15 10:22:13.000000000,20.306061240187628
2026-03-15 11:55:48.000000000,10.716519509574416
2026-03-15 11:04:46.000000000,18.020168444629224
2026-03-15 11:26:13.000000000,73.39427298681592
2026-03-15 11:49:01.000000000,17.819121487092833
2026-03-15 11:10:06.000000000,19.715291252404793
2026-03-15 11:54:34.000000000,50.06281675778961
2026-03-15 11:11:55.000000000,50.04173367697944
2026-03-15 11:52:49.000000000,17.848112635178648
2026-03-15 11:18:47.000000000,23.370228520068625
2026-03-15 11:17:05.000000000,11.938657458756538
2026-03-15 12:03:25.000000000,9.499143925407699
2026-03-15 12:06:36.000000000,9.900486614576563
2026-03-15 12:33:27.000000000,7.931139991457255
2026-03-15 12:56:18.000000000,18.133949611994893
2026-03-15 12:03:33.000000000,33.54223479774813
2026-03-15 12:04:26.000000000,8.79259850558567
2026-03-15 12:57:18.000000000,33.8712198368759
2026-03-15 12:07:59.000000000,36.872099071813686
2026-03-15 12:49:58.000000000,14.459139698504691
2026-03-15 12:52:13.000000000,11.31949769564816
2026-03-15 12:54:37.000000000,10.233732858541154
2026-03-15 12:41:57.000000000,38.85112976120332
2026-03-15 12:26:52.000000000,14.78296860465339
2026-03-15 12:11:05.000000000,20.13925235731074
2026-03-15 12:07:17.000000000,31.24258088665623
2026-03-15 12:18:29.000000000,21.67984790080781
2026-03-15 12:59:28.000000000,20.865750939256102
2026-03-15 12:40:33.000000000,32.47733681047019
2026-03-15 13:35:40.000000000,8.654886548565141
2026-03-15 13:23:12.000000000,68.94095099293315
2026-03-15 13:45:59.000000000,152.66817385152737
2026-03-15 13:07:21.000000000,13.98664517525347
2026-03-15 13:00:04.000000000,63.66485991125153
2026-03-15 13:15:44.000000000,31.61137243196496
2026-03-15 13:09:29.000000000,11.611066741347075
2026-03-15 13:07:33.000000000,21.532661918181812
2026-03-15 13:23:57.000000000,24.864960149034324
2026-03-15 13:33:16.000000000,14.971733979877913
2026-03-15 13:50:06.000000000,12.480181751668699
2026-03-15 13:04:25.000000000,101.08944409046266
2026-03-15 13:03:15.000000000,11.530396446982023
2026-03-15 13:42:52.000000000,47.91040595257203
2026-03-15 13:33:18.000000000,41.123895864202204
2026-03-15 13:58:05.000000000,51.24527963640452
2026-03-15 13:33:30.000000000,6.333198919497955
2026-03-15 13:48:53.000000000,30.058835842916288
2026-03-15 13:29:00.000000000,18.361320077215122
2026-03-15 14:01:54.000000000,7.758970332392407
2026-03-15 14:05:36.000000000,38.11897041258696
2026-03-15 14:38:11.000000000,12.915346762790868
2026-03-15 14:28:27.000000000,26.009737783218817
2026-03-15 14:00:43.000000000,10.754833066711809
2026-03-15 14:36:24.000000000,10.888964724565575
2026-03-15 14:23:44.000000000,8.264903223449148
2026-03-15 14:23:26.000000000,11.539291269534958
2026-03-15 14:47:11.000000000,22.176778926244175
2026-03-15 14:34:23.000000000,31.236404190804837
2026-03-15 14:58:46.000000000,13.980962827436834
2026-03-15 14:29:46.000000000,13.380009646754969
2026-03-15 14:58:28.000000000,41.40328903830373
2026-03-15 14:03:00.000000000,8.791679749473388
2026-03-15 14:43:14.000000000,73.06752027238959
2026-03-15 15:06:50.000000000,12.419827547001477
2026-03-15 15:51:41.000000000,50.626618170843685
2026-03-15 15:53:40.000000000,16.890140927831013
2026-03-15 15:38:41.000000000,30.582219776377926
2026-03-15 15:19:21.000000000,8.99014308644069
2026-03-15 15:43:22.000000000,24.07209359315742
2026-03-15 15:22:27.000000000,10.344336392347081
2026-03-15 15:48:57.000000000,43.08894032951028
2026-03-15 15:20:33.000000000,15.921202148398008
2026-03-15 15:37:23.000000000,41.435621179915806
2026-03-15 15:57:16.000000000,17.771603615951964
2026-03-15 15:08:54.000000000,16.806010160076355
2026-03-15 15:08:22.000000000,29.66305821595
2026-03-15 15:26:21.000000000,47.23125235757738
2026-03-15 15:06:11.000000000,14.99865184208425
2026-03-15 15:48:24.000000000,19.827701840493777
2026-03-15 15:44:22.000000000,12.436732486608685
2026-03-15 16:29:58.000000000,22.895173549124358
2026-03-15 16:10:38.000000000,9.700015439868809
2026-03-15 16:22:40.000000000,10.163006976515323
2026-03-15 16:15:38.000000000,17.914400326487176
2026-03-15 16:01:07.000000000,10.242122831338971
2026-03-15 16:53:48.000000000,48.37748177909106
2026-03-15 16:06:13.000000000,15.900266804377454
2026-03-15 16:50:26.000000000,11.48698415744131
2026-03-15 16:40:45.000000000,26.338871554230288
2026-03-15 16:42:17.000000000,107.22643640818141
2026-03-15 16:08:55.000000000,27.443368858376196
2026-03-15 16:50:01.000000000,64.33350308403544
2026-03-15 16:34:30.000000000,8.182568336554514
2026-03-15 16:15:14.000000000,89.15873175903131
2026-03-15 16:26:46.000000000,21.236276046269566
2026-03-15 16:53:39.000000000,21.995933768946816
2026-03-15 16:25:04.000000000,93.40576946065943
2026-03-15 17:53:03.000000000,48.08777094350611
2026-03-15 17:40:24.000000000,16.943164264569713
2026-03-15 17:36:57.000000000,10.804518731420094
2026-03-15 17:06:34.000000000,73.5704625252137
2026-03-15 17:29:22.000000000,16.446350964306976
2026-03-15 17:04:19.000000000,316.47873994718776
2026-03-15 17:46:22.000000000,9.971793352860923
2026-03-15 17:53:54.000000000,15.247504502911058
2026-03-15 17:52:22.000000000,14.206940898319898
2026-03-15 17:04:29.000000000,27.924920293036497
2026-03-15 17:31:37.000000000,24.043686622433942
2026-03-15 17:51:28.000000000,14.429424228504656
2026-03-15 17:49:22.000000000,13.404701016972247
2026-03-15 17:18:24.000000000,83.22065554405373
2026-03-15 17:22:52.000000000,21.06413376591871
2026-03-15 17:12:32.000000000,9.596124199477632
2026-03-15 18:09:51.000000000,7.164926882334677
2026-03-15 18:25:07.000000000,34.15397755302649
2026-03-15 18:37:05.000000000,10.977772228101482
2026-03-15 18:59:26.000000000,34.19001451686388
2026-03-15 18:04:57.000000000,24.89743766435945
2026-03-15 18:19:47.000000000,21.759527706112195
2026-03-15 18:19:21.000000000,7.029901728893528
2026-03-15 18:46:36.000000000,5.873700308821607
2026-03-15 18:32:30.000000000,8.873320102242795
2026-03-15 18:29:02.000000000,6.644970617195641
2026-03-15 18:37:56.000000000,17.64412188982266
2026-03-15 18:11:36.000000000,21.061749209581308
2026-03-15 18:56:25.000000000,27.990116916803057
2026-03-15 18:26:33.000000000,28.377513861552384
2026-03-15 18:16:34.000000000,18.15097865173068
2026-03-15 18:00:30.000000000,30.63859052042703
2026-03-15 18:58:10.000000000,57.71208162311383
2026-03-15 18:49:59.000000000,19.609784136077728
2026-03-15 18:21:07.000000000,17.038137238831503
2026-03-15 18:15:54.000000000,12.286003986005241
2026-03-15 18:14:21.000000000,38.352823311429404
2026-03-15 18:48:06.000000000,17.642201430050843
2026-03-15 18:32:15.000000000,23.047264007109618
2026-03-15 18:34:35.000000000,10.246515236989454
2026-03-15 19:02:02.000000000,8.941790381169882
2026-03-15 19:58:03.000000000,7.108486077594652
2026-03-15 19:39:01.000000000,71.44042439821881
2026-03-15 19:47:04.000000000,18.879468105084868
2026-03-15 19:52:03.000000000,11.108729868293947
2026-03-15 19:01:33.000000000,18.557621286748674
2026-03-15 19:12:30.000000000,61.10509564786639
2026-03-15 19:48:56.000000000,22.935510140788963
2026-03-15 19:25:05.000000000,20.348105676882113
2026-03-15 19:01:06.000000000,79.80362713054933
2026-03-15 19:24:43.000000000,25.15087450208827
2026-03-15 19:22:53.000000000,6.423962699052659
2026-03-15 19:53:22.000000000,15.442532587769179
2026-03-15 19:06:19.000000000,7.665943603590075
2026-03-15 19:52:04.000000000,47.16149384777805
2026-03-15 19:50:10.000000000,20.32834487666374
2026-03-15 19:22:56.000000000,15.495272985594726
2026-03-15 19:00:28.000000000,24.03362399897912
2026-03-15 19:53:56.000000000,25.778133935849688
2026-03-15 20:33:52.000000000,12.395817963647517
2026-03-15 20:09:08.000000000,19.282270539402248
2026-03-15 20:09:21.000000000,65.38972588724221
2026-03-15 20:19:27.000000000,36.11476275262466
2026-03-15 20:14:28.000000000,42.352698620994786
2026-03-15 20:51:09.000000000,17.62859541306356
2026-03-15 20:48:02.000000000,20.986368657962686
2026-03-15 20:39:59.000000000,8.688796139514478
2026-03-15 20:56:56.000000000,8.968107135501322
2026-03-15 20:54:30.000000000,44.20138011959485
2026-03-15 20:17:35.000000000,11.651029651236426
2026-03-15 20:18:15.000000000,9.414306013801863
2026-03-15 20:42:54.000000000,45.82719059555253
2026-03-15 20:07:10.000000000,29.65094788301373
2026-03-15 20:26:09.000000000,8.713332787363028
2026-03-15 20:02:34.000000000,13.74275407255524
2026-03-15 20:53:11.000000000,36.36636536536322
2026-03-15 21:36:11.000000000,9.886092770991283
2026-03-15 21:59:20.000000000,20.278200397615787
2026-03-15 21:11:46.000000000,62.2170266968224
2026-03-15 21:20:25.000000000,9.245561364712765
2026-03-15 21:22:54.000000000,8.67848422223087
2026-03-15 21:12:11.000000000,7.864874984786614
2026-03-15 21:26:57.000000000,9.028642774438893
2026-03-15 21:12:18.000000000,7.992223814747271
2026-03-15 21:32:23.000000000,10.130564830071663
2026-03-15 21:31:16.000000000,11.146040787313868
2026-03-15 21:12:20.000000000,18.566949605188235
2026-03-15 22:49:39.000000000,25.76931491485658
2026-03-15 22:30:38.000000000,10.664368511837788
2026-03-15 22:36:22.000000000,10.680928996525557
2026-03-15 22:49:24.000000000,20.239321562630867
2026-03-15 22:25:50.000000000,56.435956658889296
2026-03-15 22:09:19.000000000,9.690356661154853
2026-03-15 22:06:49.000000000,44.437281035590296
2026-03-15 22:04:54.000000000,28.793294014440896
2026-03-15 22:19:11.000000000,8.925206456278554
2026-03-15 22:15:48.000000000,16.520200429389742
2026-03-15 22:44:50.000000000,33.365043230992114
2026-03-15 22:46:25.000000000,13.127519440020533
2026-03-15 22:41:23.000000000,22.9699359487915
2026-03-15 23:29:35.000000000,6.148549640647923
2026-03-15 23:50:05.000000000,11.676330192371134
2026-03-15 23:59:55.000000000,14.139044543276267
2026-03-15 23:05:12.000000000,6.033333115780196
2026-03-15 23:44:47.000000000,15.811383694365036
2026-03-15 23:56:43.000000000,15.636442936161938
2026-03-15 23:49:37.000000000,20.102973758880218
2026-03-15 23:23:34.000000000,10.744848226062434
2026-03-15 23:32:45.000000000,11.956061625404692
2026-03-15 23:33:36.000000000,31.73193775211064
2026-03-15 23:04:04.000000000,25.613849589082125
2026-03-15 23:35:53.000000000,29.56161230110495
2026-03-15 23:00:46.000000000,84.4741403236686
2026-03-15 23:16:04.000000000,14.253940602367614
2026-03-15 23:21:56.000000000,8.405742297276237
2026-03-16 00:54:17.000000000,50.36619762689102
2026-03-16 00:02:40.000000000,26.57390650074509
2026-03-16 00:25:26.000000000,11.396703499896812
2026-03-16 00:20:12.000000000,17.345821360741454
2026-03-16 00:24:48.000000000,31.063869560437002
2026-03-16 00:55:47.000000000,85.060188577431
2026-03-16 00:28:25.000000000,31.14815487240464
2026-03-16 00:40:27.000000000,13.618811723344654
2026-03-16 01:03:11.000000000,28.88079511567267
2026-03-16 01:20:04.000000000,7.6107798873413355
2026-03-16 01:06:18.000000000,10.289010048649693
2026-03-16 02:17:56.000000000,15.225359891683818
2026-03-16 02:50:27.000000000,22.747450036782187
2026-03-16 02:11:42.000000000,13.172644949297455
2026-03-16 02:25:12.000000000,29.34994892296075
2026-03-16 02:27:29.000000000,10.36741064103277
2026-03-16 03:32:10.000000000,8.559181440576651
2026-03-16 03:00:39.000000000,12.668994272200212
2026-03-16 03:36:59.000000000,54.546693803763866
2026-03-16 03:08:11.000000000,38.98713771870477
2026-03-16 04:15:44.000000000,80.31600420691362
2026-03-16 05:35:03.000000000,55.279985246953345
2026-03-16 05:58:00.000000000,32.474043082733274
2026-03-16 05:07:48.000000000,103.14146569334305
2026-03-16 05:00:45.000000000,17.637262661745364
2026-03-16 05:22:22.000000000,76.73150835686427
2026-03-16 05:47:08.000000000,18.38048738731187
2026-03-16 05:02:17.000000000,53.79893818994591
2026-03-16 05:52:53.000000000,8.895573354331008
2026-03-16 06:59:19.000000000,10.820425253457724
2026-03-16 06:00:10.000000000,19.772591221986247
2026-03-16 06:58:53.000000000,19.7158597010522
2026-03-16 06:27:24.000000000,14.97867638822329
2026-03-16 06:02:02.000000000,16.575833426503
2026-03-16 06:16:11.000000000,22.99127719445829
2026-03-16 06:46:53.000000000,101.70759992629019
2026-03-16 06:37:02.000000000,32.87118071940613
2026-03-16 06:26:49.000000000,61.267860866574466
2026-03-16 07:15:10.000000000,47.02611314120939
2026-03-16 07:13:07.000000000,7.9376032543433634
2026-03-16 07:53:32.000000000,19.641868831688658
2026-03-16 07:09:23.000000000,9.774723897030873
2026-03-16 07:21:27.000000000,17.582121618328515
2026-03-16 07:05:43.000000000,6.240601898446643
2026-03-16 07:54:22.000000000,45.07205632711374
2026-03-16 07:19:16.000000000,17.330422789560803
2026-03-16 07:25:36.000000000,16.157577162239892
2026-03-16 07:32:55.000000000,29.214484035068793
2026-03-16 07:34:50.000000000,256.23991667552707
2026-03-16 07:14:38.000000000,15.14427620317867
2026-03-16 07:55:40.000000000,48.888988415951566
2026-03-16 07:08:09.000000000,8.000638175745962
2026-03-16 07:53:53.000000000,25.67691540844421
2026-03-16 07:49:54.000000000,40.58042662057817
2026-03-16 07:23:15.000000000,14.307659454471025
2026-03-16 07:56:14.000000000,17.062251936202642
2026-03-16 07:27:29.000000000,8.938348265265692
2026-03-16 07:50:44.000000000,15.784471356142147
2026-03-16 08:44:57.000000000,12.743727194162505
2026-03-16 08:56:55.000000000,21.908471553626185
2026-03-16 08:02:56.000000000,59.7312619456417
2026-03-16 08:06:10.000000000,23.413432024655148
2026-03-16 08:45:01.000000000,11.482761250299102
2026-03-16 08:42:25.000000000,21.196251962678318
2026-03-16 08:19:35.000000000,16.118940568653414
2026-03-16 08:03:27.000000000,6.454246783972722
2026-03-16 08:56:24.000000000,12.551404398435679
2026-03-16 08:11:42.000000000,39.697746628851746
2026-03-16 08:38:38.000000000,23.7777937956673
2026-03-16 08:42:10.000000000,21.151630649106608
2026-03-16 08:10:06.000000000,16.2825291504172
2026-03-16 08:00:42.000000000,20.66004397037908
2026-03-16 08:49:37.000000000,6.607110395242501
2026-03-16 08:37:01.000000000,9.825816191895276
2026-03-16 08:04:10.000000000,14.96237867777472
2026-03-16 08:35:59.000000000,59.10662179778676
2026-03-16 08:06:43.000000000,37.88694456430596
2026-03-16 08:42:15.000000000,15.775019870060746
2026-03-16 08:56:39.000000000,24.18033939347193
2026-03-16 08:29:49.000000000,8.625283974532984
2026-03-16 09:26:53.000000000,32.70074390941774
2026-03-16 09:42:38.000000000,27.88378344192574
2026-03-16 09:10:12.000000000,80.87700925362562
2026-03-16 09:49:45.000000000,6.4559899775517
2026-03-16 09:52:42.000000000,24.06951544492805
2026-03-16 09:52:59.000000000,14.302122743169251
2026-03-16 09:33:40.000000000,20.25916533201803
2026-03-16 09:03:46.000000000,12.101503653893126
2026-03-16 09:33:38.000000000,6.197003534713603
2026-03-16 09:17:25.000000000,27.228705722579473
2026-03-16 09:02:16.000000000,10.191174299750884
2026-03-16 09:24:07.000000000,51.14977105846834
2026-03-16 09:45:03.000000000,28.783760540628485
2026-03-16 09:39:48.000000000,8.736149197098435
2026-03-16 09:30:00.000000000,22.090297395945427
2026-03-16 09:00:38.000000000,8.774690771835614
2026-03-16 09:51:45.000000000,16.811129227823276
2026-03-16 09:52:22.000000000,34.55360251147486
2026-03-16 09:13:30.000000000,18.41142584566122
2026-03-16 09:18:41.000000000,23.207357825052128
2026-03-16 10:38:03.000000000,23.11546028706895
2026-03-16 10:37:24.000000000,30.16981214810806
2026-03-16 10:59:07.000000000,15.609825158853486
2026-03-16 10:21:13.000000000,9.058754470268765
2026-03-16 10:10:36.000000000,41.82825000958355
2026-03-16 10:23:33.000000000,7.818471922615322
2026-03-16 10:55:59.000000000,16.721331838216617
2026-03-16 10:57:41.000000000,42.85967663629188
2026-03-16 10:00:28.000000000,10.72707265273558
2026-03-16 10:18:28.000000000,10.97039509436164
2026-03-16 10:11:39.000000000,30.78786114523519
2026-03-16 10:21:08.000000000,36.88252035533153
2026-03-16 10:21:13.000000000,23.577632099413794
2026-03-16 10:58:48.000000000,69.47708876882331
2026-03-16 10:56:44.000000000,15.930593162973445
2026-03-16 10:43:51.000000000,10.49426228426736
2026-03-16 10:07:54.000000000,24.496330303285415
2026-03-16 10:12:08.000000000,21.057397916017077
2026-03-16 11:29:21.000000000,12.238342691104425
2026-03-16 11:40:58.000000000,13.767336097232846
2026-03-16 11:21:35.000000000,8.058289259592025
2026-03-16 11:18:58.000000000,35.07283453894028
2026-03-16 11:37:34.000000000,9.918127773449845
2026-03-16 11:56:39.000000000,16.52983698328559
2026-03-16 11:32:46.000000000,21.06751514268447
2026-03-16 11:46:55.000000000,29.56184832052053
2026-03-16 11:25:33.000000000,48.39123368505682
2026-03-16 11:00:28.000000000,13.99425095825615
2026-03-16 12:57:04.000000000,31.85801482201432
2026-03-16 12:12:20.000000000,10.25370105258221
2026-03-16 12:42:24.000000000,7.6174418894746685
2026-03-16 12:35:18.000000000,27.612704686208236
2026-03-16 12:37:32.000000000,40.17002594996843
2026-03-16 12:43:43.000000000,15.890859201539715
2026-03-16 12:03:04.000000000,20.690644544096145
2026-03-16 12:35:51.000000000,20.83915402602372
2026-03-16 12:16:38.000000000,109.94151482668764
2026-03-16 12:51:41.000000000,6.165887835047389
2026-03-16 12:19:42.000000000,11.523152433786679
2026-03-16 12:19:36.000000000,10.074643496596174
2026-03-16 12:16:55.000000000,22.979459188732836
2026-03-16 12:40:44.000000000,19.823195190590532
2026-03-16 12:53:41.000000000,9.779458649734154
2026-03-16 12:17:28.000000000,47.60336931561377
2026-03-16 12:58:19.000000000,6.262286635257347
2026-03-16 12:11:33.000000000,90.52245868250553
2026-03-16 12:46:03.000000000,6.188433174216843
2026-03-16 13:41:34.000000000,16.927837157459802
2026-03-16 13:25:02.000000000,18.457630092990104
2026-03-16 13:54:37.000000000,22.657220896670005
2026-03-16 13:37:28.000000000,79.70154525793934
2026-03-16 13:50:02.000000000,12.357625062657128
2026-03-16 13:03:47.000000000,14.865455013680565
2026-03-16 13:25:16.000000000,11.09115597416137
2026-03-16 13:23:36.000000000,17.927236075901646
2026-03-16 13:05:24.000000000,11.467010093665282
2026-03-16 13:09:52.000000000,11.63713281645326
2026-03-16 14:53:25.000000000,19.103664101566302
2026-03-16 14:02:43.000000000,8.649645993157508
2026-03-16 14:01:10.000000000,54.508556871803755
2026-03-16 14:59:04.000000000,21.71373593849365
2026-03-16 14:22:06.000000000,20.366112193896843
2026-03-16 14:33:27.000000000,16.065154483832835
2026-03-16 14:49:13.000000000,47.09809258466962
2026-03-16 14:15:51.000000000,104.82778547461098
2026-03-16 14:06:35.000000000,7.005056411420315
2026-03-16 14:07:08.000000000,26.45728522383573
2026-03-16 14:02:39.000000000,11.66731133170715
2026-03-16 14:51:12.000000000,22.038018592938275
2026-03-16 14:37:25.000000000,14.258780503315565
2026-03-16 15:26:05.000000000,18.612559927634823
2026-03-16 15:40:43.000000000,19.17657595944402
2026-03-16 15:01:30.000000000,7.381052943230806
2026-03-16 15:09:34.000000000,17.69144794615888
2026-03-16 15:07:59.000000000,12.035892707836018
2026-03-16 15:40:19.000000000,47.35343828028335
2026-03-16 15:33:47.000000000,21.061965219489075
2026-03-16 15:59:01.000000000,9.169151240200739
2026-03-16 15:08:05.000000000,11.242466045887094
2026-03-16 15:13:54.000000000,17.05425109125641
2026-03-16 15:08:10.000000000,48.77723670830386
2026-03-16 15:59:45.000000000,67.55845888387417
2026-03-16 16:16:23.000000000,20.032855807509005
2026-03-16 16:51:33.000000000,11.46746897345945
2026-03-16 16:45:06.000000000,17.748485965095327
2026-03-16 16:07:13.000000000,20.644570711524867
2026-03-16 16:54:44.000000000,8.362514846243778
2026-03-16 16:37:28.000000000,23.315600943341657
2026-03-16 16:50:10.000000000,10.145025203201358
2026-03-16 16:51:27.000000000,12.600351233820037
2026-03-16 16:31:46.000000000,192.10445397390922
2026-03-16 16:34:59.000000000,33.04805987793158
2026-03-16 16:04:19.000000000,23.248489016168662
2026-03-16 16:02:19.000000000,16.141632834307345
2026-03-16 16:25:53.000000000,23.3846865883051
2026-03-16 16:22:34.000000000,12.228072624148439
2026-03-16 16:41:27.000000000,54.96638605567125
2026-03-16 16:57:09.000000000,6.81374153020854
2026-03-16 16:18:53.000000000,8.458622039814898
2026-03-16 17:41:33.000000000,26.81646151164127
2026-03-16 17:26:16.000000000,20.017142272702984
2026-03-16 17:26:37.000000000,34.66249170394395
2026-03-16 17:29:40.000000000,7.129663860575448
2026-03-16 17:26:36.000000000,14.979089643267935
2026-03-16 17:15:49.000000000,15.907366161393785
2026-03-16 17:10:08.000000000,18.277072694526474
2026-03-16 17:19:00.000000000,78.67140929692228
2026-03-16 17:19:37.000000000,27.72354178249412
2026-03-16 17:06:29.000000000,16.94066482124954
2026-03-16 17:05:41.000000000,24.7470387192981
2026-03-16 17:55:18.000000000,32.29384744695654
2026-03-16 17:15:44.000000000,18.006451056030066
2026-03-16 17:57:35.000000000,15.536895207492229
2026-03-16 17:06:09.000000000,10.091942135307596
2026-03-16 17:46:06.000000000,23.631606737054973
2026-03-16 17:12:57.000000000,47.91219937991359
2026-03-16 17:20:22.000000000,24.843270545667846
2026-03-16 17:36:53.000000000,18.133683136264537
2026-03-16 17:22:25.000000000,16.09182142271147
2026-03-16 17:02:37.000000000,16.526195895373448
2026-03-16 17:17:03.000000000,12.234159999208432
2026-03-16 17:47:52.000000000,11.474800594932391
2026-03-16 17:07:22.000000000,22.211332258554204
2026-03-16 17:16:45.000000000,8.519718658417283
2026-03-16 17:35:48.000000000,15.384197863078489
2026-03-16 17:05:53.000000000,23.13811350803305
2026-03-16 17:38:47.000000000,9.195376555533402
2026-03-16 17:55:54.000000000,26.889392372773735
2026-03-16 17:33:42.000000000,62.66718553120182
2026-03-16 18:06:11.000000000,30.362912401742467
2026-03-16 18:32:50.000000000,18.401504112997987
2026-03-16 18:30:25.000000000,11.493728361345404
2026-03-16 18:26:33.000000000,41.25891447410648
2026-03-16 18:20:18.000000000,6.6596395635383745
2026-03-16 18:28:43.000000000,7.030600057220017
2026-03-16 18:55:39.000000000,6.05669547008075
2026-03-16 18:02:31.000000000,15.020798711255592
2026-03-16 18:08:42.000000000,23.137844988963884
2026-03-16 18:44:20.000000000,13.64558800194012
2026-03-16 18:17:50.000000000,15.152930422202044
2026-03-16 18:08:34.000000000,29.298776418774448
2026-03-16 18:26:43.000000000,18.282979402462168
2026-03-16 18:56:33.000000000,50.45497912940206
2026-03-16 18:53:35.000000000,40.45924104271688
2026-03-16 18:59:59.000000000,9.273812440368063
2026-03-16 18:46:28.000000000,12.782915212543458
2026-03-16 18:55:43.000000000,16.391594473186395
2026-03-16 18:19:20.000000000,13.454891992418114
2026-03-16 19:39:54.000000000,7.84039560516273
2026-03-16 19:25:25.000000000,56.77893364290501
2026-03-16 19:45:54.000000000,19.06626938910203
2026-03-16 19:11:26.000000000,20.419632888606085
2026-03-16 19:27:51.000000000,7.872924943747711
2026-03-16 19:23:18.000000000,30.02256271190404
2026-03-16 19:12:55.000000000,25.73902976357267
2026-03-16 19:30:16.000000000,14.222377645961101
2026-03-16 19:17:38.000000000,17.592037331558732
2026-03-16 19:45:18.000000000,20.707020750733857
2026-03-16 19:15:04.000000000,12.77166059054975
2026-03-16 19:32:55.000000000,24.68816376258164
2026-03-16 20:24:20.000000000,8.507883363277047
2026-03-16 20:30:43.000000000,33.126805336904056
2026-03-16 20:52:13.000000000,17.282574180492308
2026-03-16 20:43:38.000000000,7.90672199597718
2026-03-16 20:09:08.000000000,53.54255052436568
2026-03-16 20:40:07.000000000,6.366411666948596
2026-03-16 21:10:22.000000000,13.3089547313926
2026-03-16 21:24:12.000000000,81.72338953066094
2026-03-16 21:19:32.000000000,41.44038329975938
2026-03-16 21:02:40.000000000,20.566262638689214
2026-03-16 21:32:31.000000000,16.99356143856958
2026-03-16 21:35:45.000000000,9.13595762666206
2026-03-16 21:29:41.000000000,37.50333593080386
2026-03-16 21:13:13.000000000,7.124077447746332
2026-03-16 21:12:26.000000000,6.3888560775981516
2026-03-16 21:23:54.000000000,13.783008333440549
2026-03-16 21:56:29.000000000,22.95792243750011
2026-03-16 21:10:11.000000000,41.752891820820814
2026-03-16 22:45:43.000000000,12.016093269442534
2026-03-16 22:49:44.000000000,47.9617406053256
2026-03-16 22:12:57.000000000,46.25261549386147
2026-03-16 22:12:49.000000000,14.467278757876725
2026-03-16 22:05:45.000000000,11.877533062104156
2026-03-16 22:04:58.000000000,24.485258783322962
2026-03-16 22:49:47.000000000,48.40650467016715
2026-03-16 22:15:59.000000000,8.87992581989876
2026-03-16 22:15:16.000000000,31.588185043662154
2026-03-16 22:55:12.000000000,24.78758683698206
2026-03-16 22:28:04.000000000,11.94571634274383
2026-03-16 22:23:09.000000000,6.478677217176457
2026-03-16 22:52:34.000000000,35.36416737236396
2026-03-16 22:08:25.000000000,13.989172575490118
2026-03-16 22:06:50.000000000,11.06300939285209
2026-03-16 23:15:10.000000000,13.086553212074355
2026-03-16 23:37:06.000000000,6.48901851882537
2026-03-16 23:00:28.000000000,8.557258211151265
2026-03-16 23:09:06.000000000,27.20405630114358
2026-03-16 23:12:45.000000000,7.623160118779269
2026-03-16 23:47:45.000000000,6.532587006696706
2026-03-16 23:08:09.000000000,120.07535774330196
2026-03-16 23:47:30.000000000,18.700281499142434
2026-03-16 23:09:59.000000000,13.112404487534754
2026-03-16 23:32:53.000000000,34.21022134964622
2026-03-16 23:46:14.000000000,12.990025369984192
2026-03-16 23:28:47.000000000,23.94297812884305
2026-03-16 23:11:45.000000000,61.48188741369045
2026-03-16 23:07:30.000000000,13.876237479604091
2026-03-16 23:25:25.000000000,6.703043233407975
2026-03-16 23:03:31.000000000,109.47835374319317
2026-03-16 23:03:56.000000000,26.428412321855994
2026-03-16 23:55:38.000000000,38.91813665679677
2026-03-16 23:54:22.000000000,7.169860020895978
2026-03-16 23:55:39.000000000,73.48018590240687
2026-03-16 23:04:17.000000000,23.94239222404129
2026-03-16 23:32:14.000000000,7.002502498929474
2026-03-17 00:12:53.000000000,19.509258885269382
2026-03-17 00:57:34.000000000,24.5034145582409
2026-03-17 00:28:35.000000000,41.524931003568064
2026-03-17 00:17:28.000000000,26.02547257018265
2026-03-17 00:00:22.000000000,41.0449780703207
2026-03-17 00:10:27.000000000,45.98190495654533
2026-03-17 00:48:39.000000000,7.038044885601242
2026-03-17 00:48:41.000000000,17.011787214054888
2026-03-17 00:45:58.000000000,17.798887567216173
2026-03-17 01:12:39.000000000,14.356203465934122
2026-03-17 02:36:30.000000000,42.16513226430402
2026-03-17 02:37:51.000000000,69.55243369826302
2026-03-17 02:44:17.000000000,20.53203539071621
2026-03-17 02:15:13.000000000,13.80990177996059
2026-03-17 02:17:17.000000000,8.513552362557537
2026-03-17 02:16:50.000000000,15.102323384340615
2026-03-17 03:15:41.000000000,21.879008424123477
2026-03-17 03:12:50.000000000,49.078905321418034
2026-03-17 03:36:06.000000000,8.449724440264156
2026-03-17 04:53:52.000000000,43.935875033082276
2026-03-17 04:09:45.000000000,68.89821719710937
2026-03-17 04:22:34.000000000,26.617738998436934
2026-03-17 04:37:39.000000000,85.59479132836726
2026-03-17 04:00:06.000000000,26.74541695878015
2026-03-17 05:30:50.000000000,21.1374163712046
2026-03-17 05:41:55.000000000,7.726539494820414
2026-03-17 05:40:23.000000000,23.78551848057868
2026-03-17 05:02:05.000000000,27.017979616288606
2026-03-17 05:11:51.000000000,9.551632561717188
2026-03-17 05:04:40.000000000,100.60460973445315
2026-03-17 06:06:21.000000000,20.653322952378307
2026-03-17 06:06:13.000000000,12.534494155339445
2026-03-17 06:53:21.000000000,96.10009614941642
2026-03-17 06:42:19.000000000,15.10769697787435
2026-03-17 06:46:54.000000000,18.046147223771637
2026-03-17 06:01:37.000000000,9.629622222721713
2026-03-17 06:33:12.000000000,16.472113615927803
2026-03-17 06:00:18.000000000,38.973961919292485
2026-03-17 07:49:39.000000000,19.051222705797816
2026-03-17 07:22:28.000000000,37.530034699796076
2026-03-17 07:55:37.000000000,19.425514309264763
2026-03-17 07:46:57.000000000,84.37596376475462
2026-03-17 07:06:16.000000000,10.226073230422442
2026-03-17 07:34:48.000000000,20.139229726230027
2026-03-17 07:30:11.000000000,13.563140086131954
2026-03-17 07:11:50.000000000,51.605600657325894
2026-03-17 07:52:20.000000000,94.85654533560351
2026-03-17 07:58:59.000000000,10.64371114613293
2026-03-17 07:29:02.000000000,17.969887766322078
2026-03-17 07:56:32.000000000,26.106572871067858
2026-03-17 07:39:30.000000000,22.471001811177388
2026-03-17 07:19:40.000000000,55.94255461487409
2026-03-17 07:35:49.000000000,43.30475187346543
2026-03-17 07:00:43.000000000,22.598985217254214
2026-03-17 07:06:17.000000000,9.337660262912387
2026-03-17 07:18:25.000000000,111.29164708210936
2026-03-17 08:31:51.000000000,16.661894118292064
2026-03-17 08:27:33.000000000,7.277032428341741
2026-03-17 08:39:26.000000000,50.712674289160425
2026-03-17 08:01:50.000000000,15.069024095128068
2026-03-17 08:52:53.000000000,33.94039990643324
2026-03-17 08:22:29.000000000,49.66896705693955
2026-03-17 08:09:15.000000000,31.677688941885147
2026-03-17 08:25:27.000000000,21.46151550751647
2026-03-17 08:56:44.000000000,36.25855906870848
2026-03-17 08:25:47.000000000,17.393675943997778
2026-03-17 08:07:14.000000000,16.341558190785552
2026-03-17 08:06:26.000000000,28.93665418947109
2026-03-17 08:06:09.000000000,38.41498084478645
2026-03-17 09:15:06.000000000,6.954101753571238
2026-03-17 09:16:18.000000000,11.305014038486627
2026-03-17 09:36:24.000000000,31.194117028168947
2026-03-17 09:09:44.000000000,28.02097793703704
2026-03-17 09:23:07.000000000,48.37190112349071
2026-03-17 09:38:39.000000000,23.23085936624501
2026-03-17 09:31:05.000000000,54.62262191361523
2026-03-17 09:05:03.000000000,18.3215065984789
2026-03-17 09:29:18.000000000,18.513216199996986
2026-03-17 09:31:37.000000000,30.947516781167707
2026-03-17 09:37:17.000000000,20.471286489200217
2026-03-17 09:02:10.000000000,14.397216205187943
2026-03-17 09:44:50.000000000,24.026124517833754
2026-03-17 09:22:21.000000000,8.464350421464195
2026-03-17 09:50:46.000000000,26.956729599948222
2026-03-17 09:44:01.000000000,37.77933629366763
2026-03-17 09:16:32.000000000,120.13395303705597
2026-03-17 09:16:40.000000000,10.187742732234623
2026-03-17 09:17:50.000000000,11.493449657673194
2026-03-17 09:40:03.000000000,12.307654045367391
2026-03-17 09:36:13.000000000,9.784550382987637
2026-03-17 10:48:23.000000000,8.025796901529452
2026-03-17 10:45:43.000000000,11.126236712040457
2026-03-17 10:14:04.000000000,14.738445064447088
2026-03-17 10:02:14.000000000,28.87798451227258
2026-03-17 10:10:04.000000000,17.240184597532643
2026-03-17 10:10:29.000000000,7.4953046897665745
2026-03-17 10:03:30.000000000,11.614586187789026
2026-03-17 10:54:45.000000000,76.782605762146
2026-03-17 10:05:52.000000000,37.196916399949515
2026-03-17 10:47:03.000000000,39.97853055582907
2026-03-17 10:00:48.000000000,6.982339467619582
2026-03-17 10:59:25.000000000,9.924129821162968
2026-03-17 10:01:50.000000000,7.727609649921228
2026-03-17 10:24:30.000000000,25.85705160452473
2026-03-17 10:27:54.000000000,33.62100621205603
2026-03-17 10:57:55.000000000,13.039655855438532
2026-03-17 10:33:06.000000000,81.45286903547365
2026-03-17 10:00:37.000000000,30.41780563507207
2026-03-17 10:36:59.000000000,15.088369301031571
2026-03-17 11:31:04.000000000,5.338064227568948
2026-03-17 11:05:00.000000000,12.88495308490296
2026-03-17 11:31:40.000000000,15.905763279236536
2026-03-17 11:08:32.000000000,8.63993455229002
2026-03-17 11:50:33.000000000,20.780434849440038
2026-03-17 11:13:08.000000000,5.5591263618372375
2026-03-17 11:02:11.000000000,7.741995978038208
2026-03-17 11:51:00.000000000,28.647590950732905
2026-03-17 11:26:32.000000000,26.990088066284766
2026-03-17 11:38:06.000000000,15.14178029887279
2026-03-17 11:32:15.000000000,7.998129271175034
2026-03-17 11:18:24.000000000,13.141939188703573
2026-03-17 12:45:33.000000000,28.59889536702473
2026-03-17 12:46:27.000000000,14.34596509360517
2026-03-17 12:06:02.000000000,30.733259487495094
2026-03-17 12:52:32.000000000,19.083237990587094
2026-03-17 12:54:39.000000000,74.23616077151148
2026-03-17 12:34:08.000000000,12.925773093550024
2026-03-17 12:03:28.000000000,195.30827535506978
2026-03-17 12:49:27.000000000,17.252555285329155
2026-03-17 12:08:01.000000000,13.200510382017871
2026-03-17 12:19:43.000000000,14.978297855932489
2026-03-17 12:22:10.000000000,11.698621178335895
2026-03-17 12:34:02.000000000,21.11800281967714
2026-03-17 12:30:54.000000000,45.59488488394421
2026-03-17 12:38:54.000000000,12.369225725784819
2026-03-17 12:07:21.000000000,59.12442846380791
2026-03-17 13:39:16.000000000,39.99024441584611
2026-03-17 13:00:41.000000000,6.270692541790099
2026-03-17 13:35:17.000000000,8.699285238804285
2026-03-17 13:40:45.000000000,16.182407641675553
2026-03-17 13:14:26.000000000,54.763517254038256
2026-03-17 13:08:18.000000000,8.787394468425651
2026-03-17 13:18:14.000000000,104.25222980806605
2026-03-17 13:16:09.000000000,11.50229008821245
2026-03-17 13:49:14.000000000,19.778469061280756
2026-03-17 13:26:32.000000000,12.498228006142186
2026-03-17 13:37:13.000000000,29.723714409733436
2026-03-17 13:06:23.000000000,50.78125644796869
2026-03-17 14:07:49.000000000,46.16814690950831
2026-03-17 14:58:58.000000000,49.74019324294183
2026-03-17 14:48:53.000000000,12.420809618870226
2026-03-17 14:42:05.000000000,13.54981946545803
2026-03-17 14:57:48.000000000,25.80948184711465
2026-03-17 14:32:49.000000000,6.062112058176387
2026-03-17 14:36:55.000000000,14.314670356370408
2026-03-17 14:45:33.000000000,7.84223689886296
2026-03-17 14:24:33.000000000,12.374673451633909
2026-03-17 14:52:44.000000000,29.54622810131586
2026-03-17 14:58:05.000000000,12.053953718802308
2026-03-17 14:19:20.000000000,15.748210738604305
2026-03-17 14:27:51.000000000,22.229791203374738
2026-03-17 14:16:53.000000000,13.112907730931028
2026-03-17 14:59:08.000000000,10.37098455171201
2026-03-17 14:01:44.000000000,8.349908637771009
2026-03-17 14:34:04.000000000,27.46932450845372
2026-03-17 14:38:13.000000000,33.940209336819834
2026-03-17 15:43:26.000000000,12.370285859156253
2026-03-17 15:21:58.000000000,9.566676881068053
2026-03-17 15:41:16.000000000,9.63950341914894
2026-03-17 15:00:54.000000000,9.302628425105125
2026-03-17 15:56:47.000000000,18.833948501363082
2026-03-17 15:38:53.000000000,11.220289736401217
2026-03-17 15:09:32.000000000,28.26390721928022
2026-03-17 15:13:21.000000000,20.31919186640385
2026-03-17 15:32:29.000000000,12.701432541190165
2026-03-17 15:25:33.000000000,20.823771249040174
2026-03-17 15:55:03.000000000,20.02311098373244
2026-03-17 15:41:21.000000000,22.361661849682935
2026-03-17 15:30:57.000000000,17.691541561744152
2026-03-17 15:04:49.000000000,15.31276727456064
2026-03-17 15:34:16.000000000,18.48699284651908
2026-03-17 15:25:57.000000000,9.588001122597843
2026-03-17 15:58:47.000000000,28.338531851928074
2026-03-17 16:41:35.000000000,13.431669253851378
2026-03-17 16:46:01.000000000,16.682871581872487
2026-03-17 16:06:00.000000000,99.24787530168052
2026-03-17 16:36:56.000000000,53.91971351804229
2026-03-17 16:40:49.000000000,23.11464417783652
2026-03-17 16:35:08.000000000,9.38743269011449
2026-03-17 16:53:43.000000000,15.894134147554055
2026-03-17 16:55:00.000000000,8.132127010191143
2026-03-17 16:50:54.000000000,20.88515461991335
2026-03-17 16:24:58.000000000,15.50854799883637
2026-03-17 16:52:36.000000000,12.025959392111016
2026-03-17 16:47:57.000000000,15.94149190681879
2026-03-17 16:54:37.000000000,43.46297275476385
2026-03-17 16:49:06.000000000,13.127621028584397
2026-03-17 16:05:30.000000000,16.26042236372565
2026-03-17 17:01:03.000000000,13.152287819064567
2026-03-17 17:33:43.000000000,43.57842841403886
2026-03-17 17:27:56.000000000,16.314938805541377
2026-03-17 17:09:58.000000000,61.95033359941667
2026-03-17 17:27:19.000000000,28.154888770028947
2026-03-17 17:04:17.000000000,29.14020832772375
2026-03-17 17:49:26.000000000,8.291893520597043
2026-03-17 17:34:15.000000000,14.868288888414126
2026-03-17 17:20:18.000000000,9.077753888982805
2026-03-17 17:30:56.000000000,16.684419762655814
2026-03-17 17:55:37.000000000,22.9912302002844
2026-03-17 17:31:29.000000000,42.74017709722016
2026-03-17 17:08:18.000000000,21.7244758677747
2026-03-17 17:35:19.000000000,56.629550285808826
2026-03-17 17:52:02.000000000,45.02032185331578
2026-03-17 18:20:09.000000000,11.699976526991545
2026-03-17 18:38:27.000000000,49.63158046055706
2026-03-17 18:17:59.000000000,46.38788419883076
2026-03-17 18:12:49.000000000,9.75478386893596
2026-03-17 18:20:35.000000000,18.57584052498372
2026-03-17 18:44:40.000000000,18.23570745989962
2026-03-17 18:13:14.000000000,11.679162466104252
2026-03-17 18:06:18.000000000,17.423765669366293
2026-03-17 18:15:38.000000000,8.102288569118471
2026-03-17 18:17:08.000000000,11.53376093682443
2026-03-17 18:10:28.000000000,16.955891301260916
2026-03-17 18:21:31.000000000,12.4088088926278
2026-03-17 18:05:48.000000000,23.861132142860157
2026-03-17 18:49:45.000000000,27.116408961935697
2026-03-17 18:03:03.000000000,13.3953664292704
2026-03-17 18:53:43.000000000,11.17913498147414
2026-03-17 18:27:28.000000000,106.38562017522675
2026-03-17 18:56:22.000000000,18.673859717333237
2026-03-17 18:07:24.000000000,55.03368514982784
2026-03-17 18:45:20.000000000,7.486310088155279
2026-03-17 19:42:09.000000000,12.989915398089101
2026-03-17 19:55:23.000000000,12.692880469343297
2026-03-17 19:28:15.000000000,32.0023625796446
2026-03-17 19:10:35.000000000,21.50803339144365
2026-03-17 19:18:24.000000000,8.041854964232572
2026-03-17 19:52:25.000000000,6.340371961477621
2026-03-17 19:35:26.000000000,33.74011901849041
2026-03-17 19:36:06.000000000,19.687884484340366
2026-03-17 19:52:12.000000000,12.165655005645513
2026-03-17 19:58:37.000000000,15.352451471210273
2026-03-17 19:29:16.000000000,8.616888581031084
2026-03-17 19:44:38.000000000,10.29628093394563
2026-03-17 20:49:56.000000000,7.239210787138074
2026-03-17 20:31:55.000000000,26.503885175207333
2026-03-17 20:46:40.000000000,7.443136330870462
2026-03-17 20:03:04.000000000,21.61135241306309
2026-03-17 20:27:39.000000000,24.40786543093972
2026-03-17 20:00:32.000000000,15.948884383592967
2026-03-17 20:42:22.000000000,337.6516009571036
2026-03-17 20:26:50.000000000,90.98828560895419
2026-03-17 20:21:27.000000000,38.36041639579025
2026-03-17 20:10:29.000000000,21.28091239198059
2026-03-17 21:59:25.000000000,13.85516492141489
2026-03-17 21:26:15.000000000,12.20248260573609
2026-03-17 21:27:42.000000000,8.720303122245092
2026-03-17 21:44:49.000000000,9.08592079008273
2026-03-17 21:23:44.000000000,23.823482571338726
2026-03-17 21:20:06.000000000,11.537215397751448
2026-03-17 21:43:05.000000000,14.089125214005831
2026-03-17 21:51:08.000000000,74.05285840219102
2026-03-17 21:04:27.000000000,6.136222205301007
2026-03-17 21:02:21.000000000,25.46496874627756
2026-03-17 21:07:50.000000000,29.05319850451889
2026-03-17 22:43:41.000000000,10.228051937403793
2026-03-17 22:03:36.000000000,30.896606567565758
2026-03-17 22:13:27.000000000,25.20811062641917
2026-03-17 22:40:28.000000000,14.329349506075333
2026-03-17 22:39:50.000000000,16.892224938770397
2026-03-17 22:35:31.000000000,153.16556037278752
2026-03-17 22:25:19.000000000,36.94852366583301
2026-03-17 22:29:28.000000000,9.648632405104888
2026-03-17 22:24:54.000000000,25.503805046741387
2026-03-17 22:31:05.000000000,12.470189865968992
2026-03-17 22:46:26.000000000,8.7252174860577
2026-03-17 22:28:29.000000000,19.30639667266718
2026-03-17 23:49:20.000000000,24.85824227006898
2026-03-17 23:31:11.000000000,24.396341832303822
2026-03-17 23:11:22.000000000,44.41645636359908
2026-03-17 23:43:28.000000000,12.666071994961603
2026-03-17 23:36:58.000000000,32.03775257939684
2026-03-17 23:55:21.000000000,11.646339054436067
2026-03-17 23:32:43.000000000,22.122374407705845
2026-03-17 23:37:51.000000000,23.95827136605075
2026-03-17 23:35:09.000000000,47.14726956862907
2026-03-17 23:44:05.000000000,18.62791341007048
2026-03-17 23:17:18.000000000,31.974862226923133
2026-03-17 23:06:03.000000000,25.564647691448894
2026-03-17 23:51:32.000000000,5.158997586412537
2026-03-18 00:30:13.000000000,148.43026124250838
2026-03-18 00:23:31.000000000,9.504440895157115
2026-03-18 00:42:50.000000000,34.393776138581835
2026-03-18 00:40:30.000000000,99.60836739038176
2026-03-18 00:21:39.000000000,19.117730193241265
2026-03-18 00:08:45.000000000,6.584248172923188
2026-03-18 00:02:28.000000000,34.330182667943625
2026-03-18 01:27:32.000000000,8.834248684004105
2026-03-18 01:57:10.000000000,16.019703369532994
2026-03-18 01:40:05.000000000,30.72476890519173
2026-03-18 02:40:34.000000000,15.763487938385923
2026-03-18 02:04:09.000000000,23.26123838313829
2026-03-18 03:18:36.000000000,31.523065127709785
2026-03-18 03:30:46.000000000,13.072480557617101
2026-03-18 03:34:59.000000000,21.42629210020399
2026-03-18 04:59:47.000000000,10.927966930678487
2026-03-18 05:40:29.000000000,41.97409288330666
2026-03-18 05:44:05.000000000,61.26173079068806
2026-03-18 05:55:21.000000000,8.732129930240115
2026-03-18 05:47:03.000000000,15.198890141012134
2026-03-18 05:54:11.000000000,10.917531862005651
2026-03-18 05:24:03.000000000,11.726091300686926
2026-03-18 05:15:41.000000000,89.34567240929262
2026-03-18 06:22:20.000000000,8.786595696962603
2026-03-18 06:47:13.000000000,16.363043782772436
2026-03-18 06:14:22.000000000,11.736792172184765
2026-03-18 06:08:46.000000000,27.048076330440786
2026-03-18 06:42:21.000000000,11.19926084628135
2026-03-18 06:27:15.000000000,28.644832264513894
2026-03-18 06:45:42.000000000,49.783392105077596
2026-03-18 06:21:20.000000000,10.680595348301287
2026-03-18 06:17:16.000000000,82.17807312626819
2026-03-18 06:38:39.000000000,18.673254117046792
2026-03-18 06:59:52.000000000,6.696516067757539
2026-03-18 06:37:27.000000000,43.55019997421756
2026-03-18 06:29:32.000000000,20.456366503892625
2026-03-18 06:31:10.000000000,98.79282443197536
2026-03-18 06:53:04.000000000,11.397022645518108
2026-03-18 06:54:16.000000000,21.91992542118351
2026-03-18 06:28:21.000000000,27.68804935220392
2026-03-18 07:20:57.000000000,7.752435895749873
2026-03-18 07:57:51.000000000,20.0101725982013
2026-03-18 07:29:57.000000000,99.23708007613996
2026-03-18 07:50:57.000000000,15.93266420876873
2026-03-18 07:18:53.000000000,17.93162707747724
2026-03-18 07:51:03.000000000,18.184896026379555
2026-03-18 07:43:44.000000000,9.659506067472304
2026-03-18 07:27:32.000000000,37.87372689574628
2026-03-18 07:06:18.000000000,95.90926315781883
2026-03-18 07:57:46.000000000,11.495028090075342
2026-03-18 07:59:47.000000000,39.175521717006866
2026-03-18 07:49:26.000000000,29.705477825343007
2026-03-18 07:16:51.000000000,11.642344966472196
2026-03-18 07:36:12.000000000,32.723593512637684
2026-03-18 07:11:19.000000000,22.026343524897133
2026-03-18 07:32:10.000000000,35.95914392779356
2026-03-18 07:59:30.000000000,104.43693505010589
2026-03-18 07:54:29.000000000,8.85186582007545
2026-03-18 07:03:20.000000000,55.748883473118354
2026-03-18 08:36:30.000000000,31.37841185889518
2026-03-18 08:14:33.000000000,40.07046848793469
2026-03-18 08:55:57.000000000,18.325470947424254
2026-03-18 08:32:37.000000000,13.399961362311437
2026-03-18 08:10:29.000000000,26.214926473836282
2026-03-18 08:09:07.000000000,20.35634309142172
2026-03-18 08:36:43.000000000,27.213291228629796
2026-03-18 08:34:14.000000000,33.433240684768954
2026-03-18 08:41:59.000000000,17.65980711220709
2026-03-18 08:08:22.000000000,36.612817058751354
2026-03-18 08:23:05.000000000,24.52084321592209
2026-03-18 08:28:03.000000000,30.964378013513333
2026-03-18 08:05:08.000000000,13.175483683561517
2026-03-18 08:08:01.000000000,56.916393287293644
2026-03-18 08:23:30.000000000,16.72150994354951
2026-03-18 08:49:29.000000000,45.93762384805056
2026-03-18 09:09:03.000000000,30.437832135347467
2026-03-18 09:02:14.000000000,29.047497242228992
2026-03-18 09:32:57.000000000,23.07123532128855
2026-03-18 09:06:53.000000000,9.345478731500204
2026-03-18 09:49:54.000000000,14.913890681715822
2026-03-18 09:50:00.000000000,12.285334638851348
2026-03-18 09:37:44.000000000,14.19291179568562
2026-03-18 09:48:18.000000000,10.667887844981903
2026-03-18 09:56:36.000000000,52.05785346078749
2026-03-18 09:43:28.000000000,22.11279294874715
2026-03-18 09:35:27.000000000,20.25763550888494
2026-03-18 09:25:06.000000000,34.166149557751524
2026-03-18 09:58:40.000000000,63.32875633537971
2026-03-18 09:47:59.000000000,13.319048119070427
2026-03-18 09:38:45.000000000,104.46259522694088
2026-03-18 09:28:21.000000000,13.109697960001087
2026-03-18 09:18:31.000000000,15.851034588223763
2026-03-18 09:09:27.000000000,29.426439817832197
2026-03-18 09:06:51.000000000,7.622925544426021
2026-03-18 09:03:57.000000000,40.39230322522766
2026-03-18 09:44:39.000000000,11.563214209218566
2026-03-18 10:21:13.000000000,18.519082886214182
2026-03-18 10:18:16.000000000,30.20667369628192
2026-03-18 10:55:04.000000000,69.04693235108448
2026-03-18 10:53:17.000000000,9.605000900637949
2026-03-18 10:09:29.000000000,8.628985687735668
2026-03-18 10:50:58.000000000,21.29563468831067
2026-03-18 10:35:29.000000000,13.372313593916747
2026-03-18 10:10:43.000000000,13.685812677505433
2026-03-18 10:41:42.000000000,27.908251694022418
2026-03-18 10:14:02.000000000,34.51757218172822
2026-03-18 10:38:58.000000000,52.53620545997063
2026-03-18 10:14:39.000000000,32.461121619177796
2026-03-18 10:09:21.000000000,23.67681246022282
2026-03-18 10:14:17.000000000,32.4823582998184
2026-03-18 10:42:08.000000000,10.638482201485287
2026-03-18 10:25:59.000000000,8.391318579941483
2026-03-18 10:39:46.000000000,25.999843225123634
2026-03-18 10:30:51.000000000,8.604995860793471
2026-03-18 10:52:03.000000000,130.96527273020726
2026-03-18 11:45:14.000000000,111.76082376072385
2026-03-18 11:34:32.000000000,59.47499843240833
2026-03-18 11:01:19.000000000,22.789664855512875
2026-03-18 11:55:33.000000000,64.38829535856925
2026-03-18 11:21:39.000000000,27.08589106487127
2026-03-18 11:26:10.000000000,17.644134414615717
2026-03-18 11:55:03.000000000,26.815897072340807
2026-03-18 11:35:03.000000000,36.91727879742728
2026-03-18 11:04:19.000000000,7.659918776497817
2026-03-18 12:03:47.000000000,31.326067087519505
2026-03-18 12:53:06.000000000,18.491899673016714
2026-03-18 12:15:14.000000000,48.6495003069564
2026-03-18 12:36:58.000000000,13.586310342984248
2026-03-18 12:55:39.000000000,14.978297855932489
2026-03-18 12:44:28.000000000,7.39105136365066
2026-03-18 12:47:09.000000000,22.81856551077006
2026-03-18 12:34:53.000000000,50.05706469731115
2026-03-18 12:47:32.000000000,19.705934273068582
2026-03-18 12:54:38.000000000,26.1349462321163
2026-03-18 12:46:35.000000000,9.197458903142229
2026-03-18 12:02:42.000000000,13.96638268942569
2026-03-18 12:51:23.000000000,12.550138101729868
2026-03-18 12:20:21.000000000,35.4711786878159
2026-03-18 12:01:47.000000000,19.575566630865527
2026-03-18 12:02:43.000000000,22.602769093959857
2026-03-18 12:34:54.000000000,43.012213637910904
2026-03-18 12:52:41.000000000,13.269582362601648
2026-03-18 13:56:34.000000000,17.75266148571378
2026-03-18 13:47:41.000000000,55.80651907483611
2026-03-18 13:32:40.000000000,45.43598615715819
2026-03-18 13:42:39.000000000,6.591208696727041
2026-03-18 13:12:44.000000000,33.85381389252237
2026-03-18 13:03:36.000000000,59.17384160965284
2026-03-18 13:05:18.000000000,16.748854215399376
2026-03-18 13:31:02.000000000,26.223020058992113
2026-03-18 13:54:20.000000000,21.187846588816406
2026-03-18 13:45:48.000000000,13.096490036733888
2026-03-18 13:07:30.000000000,11.679732699385303
2026-03-18 13:00:14.000000000,29.470458520156633
2026-03-18 13:00:00.000000000,125.05360907483207
2026-03-18 13:21:24.000000000,76.10411186428757
2026-03-18 13:34:01.000000000,14.327444926593923
2026-03-18 14:47:45.000000000,26.392855640012325
2026-03-18 14:21:16.000000000,62.554671840398036
2026-03-18 14:29:03.000000000,74.272709927494
2026-03-18 14:36:36.000000000,10.721452936953796
2026-03-18 14:22:39.000000000,7.693288287005471
2026-03-18 14:23:08.000000000,19.987355001626423
2026-03-18 14:29:39.000000000,18.47322808187211
2026-03-18 14:35:18.000000000,18.686005948077977
2026-03-18 14:59:33.000000000,47.90199482095344
2026-03-18 14:41:47.000000000,9.601968433971246
2026-03-18 14:45:08.000000000,15.161463976094637
2026-03-18 14:06:00.000000000,15.005244589358812
2026-03-18 15:49:45.000000000,17.851224303059357
2026-03-18 15:33:45.000000000,24.4679318927166
2026-03-18 15:40:55.000000000,15.50417593641007
2026-03-18 15:04:14.000000000,45.16547340110241
2026-03-18 15:53:05.000000000,19.82910733189255
2026-03-18 15:23:54.000000000,25.89693355568254
2026-03-18 15:30:47.000000000,18.616422067880794
2026-03-18 15:55:51.000000000,40.92670879055942
2026-03-18 15:41:01.000000000,13.109021095316736
2026-03-18 15:36:47.000000000,32.026425339830816
2026-03-18 15:41:20.000000000,25.621846164012442
2026-03-18 15:12:03.000000000,179.53843943510208
2026-03-18 15:11:19.000000000,15.730484383132007
2026-03-18 15:01:19.000000000,65.34312345356624
2026-03-18 15:41:29.000000000,48.57478856824841
2026-03-18 16:42:42.000000000,10.83927099306507
2026-03-18 16:36:15.000000000,28.627223217930215
2026-03-18 16:41:27.000000000,14.935855696984037
2026-03-18 16:29:30.000000000,9.577320885884943
2026-03-18 16:07:19.000000000,31.819606260278388
2026-03-18 16:42:38.000000000,26.925234250528142
2026-03-18 16:29:12.000000000,40.571453987277366
2026-03-18 16:11:04.000000000,11.630610081222125
2026-03-18 16:18:06.000000000,13.583039812490272
2026-03-18 16:11:09.000000000,6.88728784165966
2026-03-18 16:59:47.000000000,22.55876484320778
2026-03-18 16:44:21.000000000,13.767128999087378
2026-03-18 16:10:02.000000000,22.018742095044363
2026-03-18 16:43:33.000000000,16.13751003089718
2026-03-18 16:20:57.000000000,13.857986228332033
2026-03-18 16:30:14.000000000,19.09666016369716
2026-03-18 17:42:41.000000000,12.911821642110736
2026-03-18 17:55:17.000000000,13.351359827510022
2026-03-18 17:43:29.000000000,20.354270553109625
2026-03-18 17:51:50.000000000,95.49837156180517
2026-03-18 17:42:22.000000000,9.283924796306255
2026-03-18 17:36:26.000000000,15.256571696805624
2026-03-18 17:28:07.000000000,7.765636450823132
2026-03-18 17:14:46.000000000,9.755357502619564
2026-03-18 17:39:33.000000000,92.53089577524972
2026-03-18 17:43:00.000000000,75.1284060298486
2026-03-18 17:36:52.000000000,10.89697218962922
2026-03-18 17:36:19.000000000,8.170752362576021
2026-03-18 17:31:22.000000000,11.477632819192747
2026-03-18 17:45:39.000000000,66.2273773236751
2026-03-18 17:44:18.000000000,25.563401136292295
2026-03-18 17:03:27.000000000,17.018110814445755
2026-03-18 17:37:10.000000000,11.064354681502776
2026-03-18 17:09:16.000000000,82.05410033219346
2026-03-18 17:23:36.000000000,22.683428724514382
2026-03-18 17:53:15.000000000,12.675901838801334
2026-03-18 17:30:50.000000000,35.56849598569178
2026-03-18 17:16:55.000000000,27.271982365479317
2026-03-18 17:49:58.000000000,17.4650002278475
2026-03-18 17:19:07.000000000,13.33801463329207
2026-03-18 17:00:24.000000000,58.938461491160595
2026-03-18 18:54:23.000000000,6.76582342294749
2026-03-18 18:27:22.000000000,81.41592480869303
2026-03-18 18:49:54.000000000,29.178081346103273
2026-03-18 18:05:55.000000000,8.849448754214526
2026-03-18 18:28:26.000000000,11.743190494141201
2026-03-18 18:51:45.000000000,19.555347848480576
2026-03-18 18:48:49.000000000,15.04465886101151
2026-03-18 18:08:41.000000000,79.80425299554379
2026-03-18 18:43:16.000000000,16.585460599407902
2026-03-18 18:10:06.000000000,17.53991379911724
2026-03-18 18:33:28.000000000,48.82566094528098
2026-03-18 18:22:38.000000000,18.232246654857803
2026-03-18 18:37:11.000000000,19.75245930002429
2026-03-18 18:26:32.000000000,42.185169392670254
2026-03-18 18:38:09.000000000,15.546486022503457
2026-03-18 18:11:03.000000000,40.60892366106011
2026-03-18 18:02:37.000000000,8.50101927068271
2026-03-18 18:20:34.000000000,21.76275925486716
2026-03-18 18:32:07.000000000,62.5647854819931
2026-03-18 18:25:58.000000000,23.75006249056703
2026-03-18 18:31:16.000000000,44.80758610781502
2026-03-18 18:30:15.000000000,12.888126961927895
2026-03-18 19:44:46.000000000,24.6922735763832
2026-03-18 19:41:15.000000000,10.48175426746075
2026-03-18 19:08:51.000000000,13.266289238668584
2026-03-18 19:54:23.000000000,55.02220398389927
2026-03-18 19:55:50.000000000,13.903790997117499
2026-03-18 19:34:25.000000000,23.464758916175352
2026-03-18 19:30:27.000000000,16.969614596852004
2026-03-18 19:59:10.000000000,10.830007181558797
2026-03-18 19:59:00.000000000,34.68137711515701
2026-03-18 19:13:48.000000000,70.98638300479324
2026-03-18 19:37:06.000000000,18.543204091617007
2026-03-18 19:41:46.000000000,40.06156081839598
2026-03-18 19:00:08.000000000,19.019702282278416
2026-03-18 19:30:35.000000000,16.002569606161558
2026-03-18 19:15:49.000000000,10.650764649029806
2026-03-18 19:41:39.000000000,47.65829905989703
2026-03-18 19:36:01.000000000,41.68744009717739
2026-03-18 19:52:51.000000000,48.35383891786251
2026-03-18 19:26:18.000000000,31.23320035869271
2026-03-18 19:44:20.000000000,10.939872385119608
2026-03-18 19:26:08.000000000,20.88053257005919
2026-03-18 20:29:12.000000000,23.654215287568242
2026-03-18 20:07:24.000000000,19.238966924096815
2026-03-18 20:32:37.000000000,71.31247503149203
2026-03-18 20:42:24.000000000,61.08809398058408
2026-03-18 20:41:21.000000000,10.82778068650293
2026-03-18 20:07:24.000000000,7.62273449610298
2026-03-18 20:49:12.000000000,45.91922096357345
2026-03-18 20:31:43.000000000,23.96377364645202
2026-03-18 20:28:12.000000000,10.84371135725298
2026-03-18 20:33:00.000000000,17.01595354622719
2026-03-18 20:58:00.000000000,69.06717909917137
2026-03-18 20:23:43.000000000,194.5467133195704
2026-03-18 20:59:42.000000000,43.96670863480633
2026-03-18 20:43:31.000000000,6.200841746485555
2026-03-18 20:56:25.000000000,27.256772902764737
2026-03-18 20:46:36.000000000,25.79905850595544
2026-03-18 21:34:57.000000000,7.577911964194815
2026-03-18 21:16:47.000000000,14.11827306882182
2026-03-18 21:50:32.000000000,10.046275997121496
2026-03-18 21:22:52.000000000,9.781395146363062
2026-03-18 21:16:07.000000000,12.17595425107943
2026-03-18 21:51:17.000000000,11.488550044099545
2026-03-18 21:02:58.000000000,15.18985944332377
2026-03-18 21:20:37.000000000,33.00316222943191
2026-03-18 21:56:39.000000000,25.403238380203828
2026-03-18 21:44:32.000000000,113.29860303639488
2026-03-18 21:21:17.000000000,7.217480470677631
2026-03-18 21:07:31.000000000,12.327264413989848
2026-03-18 21:22:56.000000000,11.977177848426443
2026-03-18 21:19:45.000000000,46.60522071873743
2026-03-18 21:10:20.000000000,11.728976369172058
2026-03-18 21:42:06.000000000,14.35033409264367
2026-03-18 22:11:31.000000000,12.52221036183565
2026-03-18 22:38:32.000000000,8.908502396324103
2026-03-18 22:05:20.000000000,182.81776887096967
2026-03-18 22:50:46.000000000,18.8728821904449
2026-03-18 22:32:08.000000000,30.187480878580356
2026-03-18 22:00:58.000000000,16.689638206414998
2026-03-18 22:52:46.000000000,16.643208520980927
2026-03-18 22:12:45.000000000,12.155124330102966
2026-03-18 22:37:19.000000000,9.616456433691924
2026-03-18 22:03:29.000000000,67.43636389519779
2026-03-18 22:05:00.000000000,20.351253614428554
2026-03-18 22:29:04.000000000,7.974437412970368
2026-03-18 22:37:06.000000000,43.95205236901305
2026-03-18 22:10:54.000000000,12.472043593196457
2026-03-18 22:31:58.000000000,14.958093706845846
2026-03-18 22:42:49.000000000,11.693663186707413
2026-03-18 22:44:47.000000000,88.06796706757211
2026-03-18 22:33:37.000000000,62.39121844804068
2026-03-18 23:19:43.000000000,24.68607456930224
2026-03-18 23:43:59.000000000,29.7321307968226
2026-03-18 23:51:54.000000000,6.303302393833046
2026-03-18 23:15:21.000000000,64.24684609179074
2026-03-18 23:13:56.000000000,22.30995063261908
2026-03-18 23:09:03.000000000,13.240857282308378
2026-03-18 23:58:17.000000000,28.85226821819838
2026-03-18 23:29:04.000000000,13.980539281175458
2026-03-18 23:38:40.000000000,21.318433412166407
2026-03-18 23:55:22.000000000,8.670671663366589
2026-03-18 23:01:49.000000000,18.448002394144584
2026-03-18 23:04:12.000000000,16.117452117264232
2026-03-18 23:05:01.000000000,20.407752785643552
2026-03-19 00:50:04.000000000,13.033081145434526
2026-03-19 00:22:09.000000000,38.48602943400603
2026-03-19 00:59:08.000000000,38.04128356178516
2026-03-19 00:07:15.000000000,27.761654398958562
2026-03-19 00:22:12.000000000,26.585824744009656
2026-03-19 00:16:25.000000000,19.567038892516386
2026-03-19 00:23:34.000000000,38.01827603057472
2026-03-19 00:27:14.000000000,9.862686572184534
2026-03-19 00:37:34.000000000,35.484770547477034
2026-03-19 00:32:06.000000000,28.096800008854768
2026-03-19 00:51:55.000000000,20.5034807330745
2026-03-19 01:22:25.000000000,43.673540837468714
2026-03-19 01:25:13.000000000,30.353193655769797
2026-03-19 01:55:27.000000000,14.437674776174157
2026-03-19 01:56:45.000000000,14.889382032958407
2026-03-19 01:27:01.000000000,22.94496472793092
2026-03-19 01:13:19.000000000,8.989891628913739
2026-03-19 01:31:51.000000000,12.211870721733389
2026-03-19 01:17:17.000000000,10.7515338663249
2026-03-19 01:47:10.000000000,16.611370509373998
2026-03-19 01:17:14.000000000,21.024826314588626
2026-03-19 01:07:08.000000000,15.042803702195163
2026-03-19 02:03:57.000000000,15.975410395627042
2026-03-19 02:47:10.000000000,17.82378204652773
2026-03-19 02:53:08.000000000,63.89192302509778
2026-03-19 03:33:00.000000000,63.7524415949834
2026-03-19 03:52:07.000000000,31.771185892420643
2026-03-19 04:48:13.000000000,63.975817442574
2026-03-19 05:53:22.000000000,11.510747367278725
2026-03-19 05:50:29.000000000,15.249505901289261
2026-03-19 05:06:12.000000000,56.49827828878727
2026-03-19 05:58:17.000000000,89.21848608854506
2026-03-19 05:34:15.000000000,15.223368057540657
2026-03-19 05:55:53.000000000,11.675759987196335
2026-03-19 05:58:33.000000000,65.88325224346663
2026-03-19 05:27:58.000000000,12.864596636661592
2026-03-19 05:22:58.000000000,10.69799245001082
2026-03-19 05:32:30.000000000,10.446898325004248
2026-03-19 05:55:58.000000000,40.456839972615704
2026-03-19 05:05:58.000000000,57.388365335318625
2026-03-19 06:16:18.000000000,16.8742280411693
2026-03-19 06:41:32.000000000,12.486014532019984
2026-03-19 06:12:34.000000000,9.534195470975254
2026-03-19 06:59:46.000000000,12.05711249793096
2026-03-19 06:50:13.000000000,18.85788269490976
2026-03-19 06:05:43.000000000,15.613355186349525
2026-03-19 06:43:35.000000000,30.812971648291224
2026-03-19 06:30:53.000000000,12.236055499515702
2026-03-19 07:12:54.000000000,13.19011281728933
2026-03-19 07:58:46.000000000,95.57230261139686
2026-03-19 07:17:07.000000000,51.055869784390644
2026-03-19 07:30:31.000000000,7.901216781459146
2026-03-19 07:20:14.000000000,14.19135846056667
2026-03-19 07:33:28.000000000,55.92948663652477
2026-03-19 07:04:53.000000000,12.199731958085122
2026-03-19 07:38:23.000000000,35.09551679097631
2026-03-19 07:50:31.000000000,8.768286311683365
2026-03-19 07:49:38.000000000,44.577152076993286
2026-03-19 07:48:31.000000000,27.919056290137252
2026-03-19 07:27:22.000000000,20.075763457546394
2026-03-19 07:44:38.000000000,56.176344219376226
2026-03-19 07:41:12.000000000,24.742745601552276
2026-03-19 07:36:22.000000000,14.401339284120949
2026-03-19 07:05:04.000000000,14.998469667184201
2026-03-19 07:00:43.000000000,9.82225602387712
2026-03-19 08:39:30.000000000,15.738545382854777
2026-03-19 08:16:10.000000000,16.69694529673019
2026-03-19 08:12:14.000000000,19.00822950484736
2026-03-19 08:26:12.000000000,11.309382440096822
2026-03-19 08:38:07.000000000,38.950052651512706
2026-03-19 08:03:56.000000000,13.684627874946669
2026-03-19 08:19:27.000000000,15.35285119793155
2026-03-19 08:07:41.000000000,19.52458315052399
2026-03-19 08:28:54.000000000,15.201631218213777
2026-03-19 08:14:57.000000000,18.67329835997767
2026-03-19 08:07:20.000000000,18.036289381722437
2026-03-19 08:00:34.000000000,16.551058338871446
2026-03-19 08:22:21.000000000,84.22026084866657
2026-03-19 08:38:47.000000000,36.93470019015999
2026-03-19 08:25:55.000000000,5.3100249002956375
2026-03-19 08:45:54.000000000,24.28345687158259
2026-03-19 08:58:22.000000000,12.209989415835448
2026-03-19 08:01:30.000000000,15.20845577861693
2026-03-19 08:55:16.000000000,7.657449896001992
2026-03-19 08:40:18.000000000,16.849657110157253
2026-03-19 09:59:33.000000000,27.3470623406249
2026-03-19 09:24:51.000000000,11.985340999220096
2026-03-19 09:01:28.000000000,15.316294506298307
2026-03-19 09:28:10.000000000,16.620135724759173
2026-03-19 09:46:39.000000000,11.806507747194102
2026-03-19 09:18:40.000000000,8.70842366427907
2026-03-19 09:24:01.000000000,10.092372392568926
2026-03-19 09:25:01.000000000,6.153153889195885
2026-03-19 09:28:50.000000000,14.103090260226224
2026-03-19 09:09:59.000000000,34.82906451546818
2026-03-19 09:42:23.000000000,15.579819451823182
2026-03-19 09:48:38.000000000,35.72088596206343
2026-03-19 09:16:10.000000000,10.106286275954746
2026-03-19 09:02:49.000000000,8.716795291524503
2026-03-19 09:11:29.000000000,15.006717857240808
2026-03-19 09:12:03.000000000,74.70921014466347
2026-03-19 09:08:54.000000000,128.8687495104881
2026-03-19 09:32:42.000000000,26.42760040573612
2026-03-19 10:51:05.000000000,9.069687990040531
2026-03-19 10:07:46.000000000,11.491348326614254
2026-03-19 10:21:49.000000000,14.97077576488819
2026-03-19 10:40:12.000000000,27.959622228740045
2026-03-19 10:04:58.000000000,34.7980212191806
2026-03-19 10:25:14.000000000,12.510510424289935
2026-03-19 10:25:25.000000000,23.674874969470427
2026-03-19 10:30:36.000000000,18.553421171644366
2026-03-19 10:53:40.000000000,32.106213811447994
2026-03-19 10:23:49.000000000,87.50969874705413
2026-03-19 11:41:06.000000000,38.295961107255394
2026-03-19 11:28:42.000000000,17.58729900234642
2026-03-19 11:49:08.000000000,39.00193185369321
2026-03-19 11:23:30.000000000,37.28914917344322
2026-03-19 11:13:27.000000000,64.19818516044049
2026-03-19 11:44:20.000000000,75.58918353538735
2026-03-19 11:08:59.000000000,10.11738994345112
2026-03-19 11:16:48.000000000,22.744609197441214
2026-03-19 11:50:26.000000000,14.551614736314288
2026-03-19 11:56:04.000000000,12.284204089672942
2026-03-19 11:07:46.000000000,25.927362815581915
2026-03-19 11:02:09.000000000,14.345602389016333
2026-03-19 11:42:41.000000000,19.41893576471882
2026-03-19 11:21:29.000000000,20.860788456730685
2026-03-19 11:44:42.000000000,17.214097340646386
2026-03-19 11:22:09.000000000,9.991260161199373
2026-03-19 11:47:41.000000000,10.48832089884483
2026-03-19 12:44:45.000000000,15.870806791781334
2026-03-19 12:34:53.000000000,40.97021592750208
2026-03-19 12:16:14.000000000,19.560551329221592
2026-03-19 12:46:03.000000000,22.132036476536054
2026-03-19 12:01:48.000000000,9.491276998925754
2026-03-19 12:45:56.000000000,10.644184459083137
2026-03-19 12:16:35.000000000,15.105960989769303
2026-03-19 12:01:31.000000000,10.998596698713085
2026-03-19 12:55:36.000000000,101.61913323672715
2026-03-19 12:43:33.000000000,26.761077228276008
2026-03-19 12:03:53.000000000,10.553732641998696
2026-03-19 12:44:32.000000000,25.24105181320859
2026-03-19 12:35:48.000000000,17.80042791448895
2026-03-19 12:10:54.000000000,13.344733093330715
2026-03-19 12:59:48.000000000,15.964705868651702
2026-03-19 12:22:35.000000000,50.85996817306844
2026-03-19 13:14:32.000000000,7.340681580817896
2026-03-19 13:51:02.000000000,23.256451777195778
2026-03-19 13:09:45.000000000,26.489785136718684
2026-03-19 13:06:59.000000000,37.23679259057898
2026-03-19 13:44:44.000000000,29.0208740618809
2026-03-19 13:15:09.000000000,22.68307848889533
2026-03-19 13:49:49.000000000,59.00252673623406
2026-03-19 13:51:23.000000000,14.82127307569317
2026-03-19 13:59:06.000000000,8.21782596616658
2026-03-19 13:34:32.000000000,25.488527080978308
2026-03-19 13:58:57.000000000,41.4873638942736
2026-03-19 13:55:00.000000000,8.805974469128655
2026-03-19 13:03:58.000000000,17.341282764019507
2026-03-19 13:37:51.000000000,39.98959839394162
2026-03-19 13:03:04.000000000,19.119748230843683
2026-03-19 13:43:48.000000000,34.65376426494099
2026-03-19 14:00:05.000000000,17.385496234205227
2026-03-19 14:16:38.000000000,70.76283951041115
2026-03-19 14:45:30.000000000,38.25391621034932
2026-03-19 14:18:11.000000000,19.48846762823652
2026-03-19 14:49:41.000000000,41.44023229989502
2026-03-19 14:40:46.000000000,130.19697735058264
2026-03-19 14:30:04.000000000,99.15604541469484
2026-03-19 14:46:29.000000000,20.118614411512638
2026-03-19 14:18:29.000000000,8.729928398591415
2026-03-19 14:32:41.000000000,33.07653931673109
2026-03-19 14:15:06.000000000,7.96253971891746
2026-03-19 14:00:41.000000000,110.39853137601693
2026-03-19 14:51:14.000000000,22.362651286794097
2026-03-19 14:32:41.000000000,11.82036777228534
2026-03-19 14:43:57.000000000,159.52329001559818
2026-03-19 14:16:03.000000000,8.826555726928067
2026-03-19 14:04:52.000000000,25.56653557152925
2026-03-19 14:33:44.000000000,74.86793100050329
2026-03-19 15:37:43.000000000,13.249324013547763
2026-03-19 15:09:54.000000000,17.09699467917898
2026-03-19 15:43:24.000000000,19.212891996395417
2026-03-19 15:29:48.000000000,37.11960146127215
2026-03-19 15:07:33.000000000,34.266078302270614
2026-03-19 15:26:25.000000000,25.508717941861118
2026-03-19 15:41:17.000000000,18.512334961754313
2026-03-19 15:56:23.000000000,66.62045871938342
2026-03-19 15:44:41.000000000,6.395428133535506
2026-03-19 15:52:08.000000000,9.0812936114419
2026-03-19 15:52:16.000000000,9.28265708580432
2026-03-19 15:20:51.000000000,8.533350554789017
2026-03-19 15:00:13.000000000,15.60260620024253
2026-03-19 15:05:01.000000000,6.635760389191299
2026-03-19 15:10:59.000000000,52.52844326545448
2026-03-19 15:01:21.000000000,48.35654594650617
2026-03-19 15:08:44.000000000,45.99410691317305
2026-03-19 15:04:43.000000000,18.741987342455637
2026-03-19 15:04:26.000000000,20.244311728821355
2026-03-19 15:55:52.000000000,8.167036832474771
2026-03-19 16:13:55.000000000,24.826567494944047
2026-03-19 16:21:08.000000000,57.06539962050944
2026-03-19 16:54:41.000000000,10.677831559395656
2026-03-19 16:46:03.000000000,247.34633293283272
2026-03-19 16:17:45.000000000,9.709996664656126
2026-03-19 16:51:19.000000000,13.409851226546879
2026-03-19 16:50:58.000000000,39.2034462102604
2026-03-19 16:55:58.000000000,21.328878872334013
2026-03-19 16:39:37.000000000,11.230290384741282
2026-03-19 16:18:30.000000000,18.037370245786047
2026-03-19 16:39:37.000000000,17.70581938511679
2026-03-19 16:26:57.000000000,13.229489346807842
2026-03-19 16:44:45.000000000,14.768591447106498
2026-03-19 16:00:30.000000000,8.580408878928262
2026-03-19 16:12:16.000000000,45.84755321950407
2026-03-19 16:56:54.000000000,36.70192792296019
2026-03-19 16:56:47.000000000,55.85796351432745
2026-03-19 16:19:57.000000000,23.36730881054536
2026-03-19 16:04:08.000000000,20.296006066714057
2026-03-19 17:30:04.000000000,27.756178375238242
2026-03-19 17:02:52.000000000,10.574079840438804
2026-03-19 17:47:45.000000000,134.3826106526488
2026-03-19 17:53:02.000000000,19.888511349888002
2026-03-19 17:03:44.000000000,33.88676946139898
2026-03-19 17:57:24.000000000,33.53837881787117
2026-03-19 17:31:13.000000000,51.32753340810667
2026-03-19 17:39:29.000000000,45.18149356732261
2026-03-19 17:14:03.000000000,27.985921942467808
2026-03-19 17:43:06.000000000,31.16861027200508
2026-03-19 17:59:34.000000000,19.723532299344196
2026-03-19 17:24:34.000000000,45.45852709304543
2026-03-19 17:08:19.000000000,12.71790845655308
2026-03-19 17:06:54.000000000,16.841292072994392
2026-03-19 17:50:59.000000000,22.52701682025678
2026-03-19 17:47:55.000000000,51.330945655261736
2026-03-19 17:42:07.000000000,29.769842120016133
2026-03-19 18:55:17.000000000,11.053754885164635
2026-03-19 18:26:38.000000000,15.19074200747991
2026-03-19 18:04:04.000000000,8.790324544951199
2026-03-19 18:23:26.000000000,9.318040638833493
2026-03-19 18:50:56.000000000,21.863784254131087
2026-03-19 18:12:34.000000000,21.568522894676207
2026-03-19 18:51:34.000000000,13.451449730827443
2026-03-19 18:41:33.000000000,134.340404386487
2026-03-19 18:32:31.000000000,8.736824827192693
2026-03-19 18:14:18.000000000,31.805263066825347
2026-03-19 18:40:11.000000000,39.74783007408605
2026-03-19 18:44:34.000000000,8.594174503430773
2026-03-19 18:36:28.000000000,20.79927295536015
2026-03-19 18:04:06.000000000,67.71465827783513
2026-03-19 18:22:45.000000000,36.52984574986035
2026-03-19 18:34:38.000000000,24.02711002885402
2026-03-19 18:26:02.000000000,9.211055351266605
2026-03-19 18:13:35.000000000,16.801557421558655
2026-03-19 19:28:31.000000000,76.66978713524085
2026-03-19 19:59:47.000000000,6.532123192907749
2026-03-19 19:29:52.000000000,9.173704144899222
2026-03-19 19:20:43.000000000,62.1012186208657
2026-03-19 19:10:15.000000000,17.600989195192824
2026-03-19 19:21:54.000000000,20.53162675467857
2026-03-19 19:11:45.000000000,20.190346337519706
2026-03-19 19:28:34.000000000,28.730594947506916
2026-03-19 19:52:44.000000000,54.86512895185201
2026-03-19 19:46:33.000000000,20.18532243694809
2026-03-19 19:17:37.000000000,20.33787422741089
2026-03-19 19:30:50.000000000,7.503474285425165
2026-03-19 20:17:43.000000000,12.996036277302633
2026-03-19 20:45:39.000000000,6.443263384286534
2026-03-19 20:47:33.000000000,33.71853045825587
2026-03-19 20:10:27.000000000,23.22542601982713
2026-03-19 20:55:40.000000000,14.937165596855552
2026-03-19 20:49:59.000000000,21.56808794473915
2026-03-19 20:35:31.000000000,27.864311604753798
2026-03-19 20:47:57.000000000,24.31061805748951
2026-03-19 20:03:39.000000000,9.645933910079675
2026-03-19 20:41:12.000000000,42.39589942217987
2026-03-19 20:44:59.000000000,172.5113809681145
2026-03-19 20:08:41.000000000,22.265233643889882
2026-03-19 20:08:40.000000000,48.89430198013845
2026-03-19 20:46:43.000000000,34.66931337161051
2026-03-19 20:14:31.000000000,15.998634350634637
2026-03-19 20:06:42.000000000,18.595340885438105
2026-03-19 20:27:31.000000000,25.97581078157017
2026-03-19 20:25:25.000000000,33.78004555600964
2026-03-19 20:35:26.000000000,35.77242749612859
2026-03-19 20:20:54.000000000,23.805891286592093
2026-03-19 21:29:04.000000000,9.82224122646881
2026-03-19 21:19:11.000000000,7.998168978490287
2026-03-19 21:22:08.000000000,38.445085555921764
2026-03-19 21:08:51.000000000,7.015761999069181
2026-03-19 21:40:54.000000000,110.34923063168212
2026-03-19 21:41:41.000000000,22.433576908460825
2026-03-19 21:27:41.000000000,45.860691671258536
2026-03-19 21:05:18.000000000,68.21786266634611
2026-03-19 21:49:25.000000000,18.11975842348774
2026-03-19 21:41:44.000000000,65.32457002759136
2026-03-19 21:08:02.000000000,30.780800061332066
2026-03-19 21:56:56.000000000,15.052630398209338
2026-03-19 22:13:46.000000000,48.97872565286416
2026-03-19 22:30:13.000000000,10.728945720823347
2026-03-19 22:11:18.000000000,16.8320720828336
2026-03-19 22:26:53.000000000,10.05854124791585
2026-03-19 22:25:53.000000000,11.563044693135469
2026-03-19 22:36:34.000000000,83.31255048620686
2026-03-19 22:27:11.000000000,26.29946109262369
2026-03-19 22:44:50.000000000,70.54293775114337
2026-03-19 22:33:36.000000000,30.059965243992217
2026-03-19 22:32:18.000000000,110.83044829658076
2026-03-19 22:03:44.000000000,29.577532403083822
2026-03-19 22:22:44.000000000,13.51536413074794
2026-03-19 22:27:44.000000000,41.082464149898186
2026-03-19 23:49:02.000000000,7.13697163204889
2026-03-19 23:28:06.000000000,12.615102756920074
2026-03-19 23:55:14.000000000,34.64339255316384
2026-03-19 23:27:28.000000000,6.195253476178102
2026-03-19 23:04:17.000000000,146.3414253528818
2026-03-19 23:14:11.000000000,6.596595818401817
2026-03-19 23:22:08.000000000,48.566332632785944
2026-03-19 23:22:45.000000000,34.980846565744685
2026-03-19 23:32:25.000000000,36.81886163077269
2026-03-19 23:22:00.000000000,6.16442519158402
2026-03-19 23:01:50.000000000,23.331538734342775
2026-03-19 23:22:41.000000000,8.655139940906245
2026-03-20 00:14:07.000000000,15.605632364381663
2026-03-20 00:46:32.000000000,10.94519253663731
2026-03-20 00:49:52.000000000,22.597970807265433
2026-03-20 00:09:38.000000000,17.987540638090508
2026-03-20 00:43:05.000000000,28.120349286830944
2026-03-20 00:37:56.000000000,20.504239610266
2026-03-20 00:37:53.000000000,16.89389490700103
2026-03-20 01:36:21.000000000,18.5478328569439
2026-03-20 01:49:11.000000000,9.457003095204938
2026-03-20 01:05:07.000000000,38.129421138361934
2026-03-20 01:55:49.000000000,12.636218828197318
2026-03-20 01:37:11.000000000,120.74690376734952
2026-03-20 01:34:51.000000000,12.006773345110464
2026-03-20 01:59:14.000000000,10.758598538585227
2026-03-20 01:04:36.000000000,10.744765018151604
2026-03-20 02:11:17.000000000,6.545169715620291
2026-03-20 02:51:57.000000000,6.67177829629775
2026-03-20 02:47:51.000000000,64.68212718596212
2026-03-20 02:03:29.000000000,44.13531384681022
2026-03-20 02:51:47.000000000,34.51201911748649
2026-03-20 03:34:59.000000000,16.91549424120617
2026-03-20 03:13:32.000000000,11.247442477403027
2026-03-20 03:59:34.000000000,45.206230681585744
2026-03-20 03:23:01.000000000,33.24796428348605
2026-03-20 04:28:39.000000000,35.04622263398562
2026-03-20 04:25:00.000000000,35.59975485333452
2026-03-20 04:46:26.000000000,41.582932374793465
2026-03-20 04:19:20.000000000,56.60110929241994
2026-03-20 04:19:52.000000000,24.17341073890401
2026-03-20 05:41:40.000000000,11.005357438044179
2026-03-20 05:19:43.000000000,31.623962053178197
2026-03-20 05:18:27.000000000,6.346079128020326
2026-03-20 05:44:50.000000000,25.25075990885023
2026-03-20 05:21:47.000000000,62.9837459355993
2026-03-20 06:57:15.000000000,25.22366115219771
2026-03-20 06:24:38.000000000,7.954010634984701
2026-03-20 06:09:09.000000000,16.580574498899402
2026-03-20 06:44:33.000000000,16.859645581264612
2026-03-20 06:24:52.000000000,11.984745156733007
2026-03-20 07:53:11.000000000,94.19094921993273
2026-03-20 07:58:26.000000000,47.747807505580894
2026-03-20 07:44:24.000000000,57.16849200150857
2026-03-20 07:45:17.000000000,31.740779961259754
2026-03-20 07:52:46.000000000,20.07342621275727
2026-03-20 07:26:05.000000000,8.703004808122362
2026-03-20 07:13:30.000000000,20.39392911185937
2026-03-20 07:02:46.000000000,21.55735359473558
2026-03-20 07:27:18.000000000,18.951817699676475
2026-03-20 07:11:41.000000000,58.19879633806435
2026-03-20 07:15:48.000000000,28.196576937118586
2026-03-20 07:58:27.000000000,23.59293029428057
2026-03-20 07:41:25.000000000,19.875912455682965
2026-03-20 07:54:43.000000000,27.02561468244944
2026-03-20 07:03:39.000000000,23.162514388373747
2026-03-20 07:13:10.000000000,7.981808799911938
2026-03-20 07:15:41.000000000,8.600524395044314
2026-03-20 07:56:26.000000000,16.028036667025393
2026-03-20 07:50:40.000000000,9.01553199053298
2026-03-20 08:22:24.000000000,35.630166641003946
2026-03-20 08:38:54.000000000,17.078656823712784
2026-03-20 08:38:30.000000000,100.41198792144762
2026-03-20 08:26:06.000000000,25.5390705829445
2026-03-20 08:18:02.000000000,20.47719075116102
2026-03-20 08:22:14.000000000,6.798395277445572
2026-03-20 08:02:57.000000000,22.863305122940215
2026-03-20 08:26:43.000000000,8.816924290041857
2026-03-20 08:40:17.000000000,99.1668296869326
2026-03-20 08:00:51.000000000,35.42149450454146
2026-03-20 08:05:06.000000000,18.369696881961346
2026-03-20 08:20:46.000000000,7.727641483295291
2026-03-20 08:04:16.000000000,8.231639932470454
2026-03-20 08:27:29.000000000,13.12165421752319
2026-03-20 08:21:06.000000000,28.187914097652996
2026-03-20 08:41:47.000000000,41.55088547486132
2026-03-20 08:45:05.000000000,179.59421750251073
2026-03-20 08:18:29.000000000,28.446586055289266
2026-03-20 08:08:27.000000000,15.394090410226672
2026-03-20 09:55:24.000000000,9.995802431870132
2026-03-20 09:11:32.000000000,34.35233581559962
2026-03-20 09:11:15.000000000,25.407918060660226
2026-03-20 09:19:41.000000000,15.160710733223635
2026-03-20 09:20:39.000000000,21.638884004884815
2026-03-20 09:54:10.000000000,40.71192748415607
2026-03-20 09:20:36.000000000,26.293275618145877
2026-03-20 09:17:00.000000000,65.73893548953762
2026-03-20 09:17:18.000000000,25.693052198787232
2026-03-20 09:10:09.000000000,33.64664202265294
2026-03-20 09:11:49.000000000,19.772772935899866
2026-03-20 09:59:50.000000000,14.241588919751889
2026-03-20 09:02:31.000000000,9.636136694624385
2026-03-20 09:22:25.000000000,13.739505465797968
2026-03-20 09:17:44.000000000,30.853506633265013
2026-03-20 09:40:18.000000000,9.688689639357548
2026-03-20 09:44:36.000000000,7.019678587782752
2026-03-20 09:40:30.000000000,29.786963245423348
2026-03-20 10:49:49.000000000,36.53318522556734
2026-03-20 10:20:09.000000000,20.612100279838035
2026-03-20 10:32:18.000000000,25.64557569250345
2026-03-20 10:41:47.000000000,70.867742297034
2026-03-20 10:00:24.000000000,90.9777378828233
2026-03-20 10:57:25.000000000,11.289011320510294
2026-03-20 10:54:45.000000000,12.528103015841353
2026-03-20 10:48:19.000000000,19.980074716261576
2026-03-20 10:02:00.000000000,20.554015439178844
2026-03-20 10:10:30.000000000,11.575023743673192
2026-03-20 10:30:01.000000000,18.51156824570575
2026-03-20 10:52:10.000000000,19.520141270017923
2026-03-20 10:02:38.000000000,19.417305488244903
2026-03-20 10:46:39.000000000,30.13660773099384
2026-03-20 10:26:34.000000000,20.610843129517587
2026-03-20 10:49:35.000000000,8.003326689930837
2026-03-20 10:04:22.000000000,25.90643123893515
2026-03-20 10:33:44.000000000,9.09507827887348
2026-03-20 11:25:58.000000000,33.3469903010606
2026-03-20 11:54:57.000000000,21.949905037881983
2026-03-20 11:31:26.000000000,15.250965907794802
2026-03-20 11:25:43.000000000,6.686978231526469
2026-03-20 11:13:18.000000000,17.03554079463904
2026-03-20 11:53:10.000000000,103.15567296408761
2026-03-20 11:16:47.000000000,107.69154400886917
2026-03-20 11:13:50.000000000,11.564440329119666
2026-03-20 11:42:38.000000000,21.94681491700298
2026-03-20 11:12:56.000000000,40.64859793331551
2026-03-20 11:28:48.000000000,22.39002148025993
2026-03-20 11:50:52.000000000,19.574624101745947
2026-03-20 11:19:50.000000000,35.47564898270234
2026-03-20 11:05:07.000000000,19.126447280000036
2026-03-20 11:05:35.000000000,30.669231981264677
2026-03-20 11:35:51.000000000,29.188760184198312
2026-03-20 11:27:09.000000000,13.045797628942731
2026-03-20 11:41:55.000000000,6.645277732048658
2026-03-20 11:32:58.000000000,11.58552864496744
2026-03-20 11:57:59.000000000,18.371302498194932
2026-03-20 12:26:04.000000000,11.333890854461526
2026-03-20 12:41:45.000000000,5.362017192349445
2026-03-20 12:25:36.000000000,93.48930908386316
2026-03-20 12:11:06.000000000,9.656481603608462
2026-03-20 12:07:57.000000000,23.596238985557523
2026-03-20 12:35:49.000000000,31.179760770641995
2026-03-20 12:57:42.000000000,90.34190549841794
2026-03-20 12:48:57.000000000,38.38819322651084
2026-03-20 12:05:43.000000000,25.40279725719133
2026-03-20 12:56:02.000000000,8.643369403200493
2026-03-20 13:15:48.000000000,36.895051706388834
2026-03-20 13:04:16.000000000,32.83201007321891
2026-03-20 13:20:42.000000000,38.783004071536894
2026-03-20 13:27:16.000000000,14.357589780114335
2026-03-20 13:26:39.000000000,16.871295031409005
2026-03-20 13:53:46.000000000,94.45844224012832
2026-03-20 13:59:43.000000000,23.736968890603322
2026-03-20 13:35:55.000000000,29.24872066737572
2026-03-20 13:47:04.000000000,21.1413832108237
2026-03-20 13:12:38.000000000,22.259273240285978
2026-03-20 13:36:12.000000000,12.278730173993807
2026-03-20 13:56:41.000000000,24.138517187937794
2026-03-20 13:01:37.000000000,12.878947303665502
2026-03-20 13:09:38.000000000,11.217203243887727
2026-03-20 13:29:24.000000000,40.96842270672786
2026-03-20 13:42:50.000000000,25.471833987546997
2026-03-20 13:00:11.000000000,10.713490164644128
2026-03-20 14:01:41.000000000,12.531202607581037
2026-03-20 14:39:49.000000000,26.327055580562373
2026-03-20 14:17:22.000000000,8.586260456951921
2026-03-20 14:52:01.000000000,11.912676984184998
2026-03-20 14:42:46.000000000,35.99666159063321
2026-03-20 14:55:21.000000000,18.083142230544443
2026-03-20 14:30:32.000000000,37.941563181335866
2026-03-20 14:35:55.000000000,11.458644601646187
2026-03-20 14:43:13.000000000,62.999971715231254
2026-03-20 14:00:08.000000000,19.53407141722023
2026-03-20 14:36:47.000000000,69.16204667449323
2026-03-20 14:37:09.000000000,52.89321824447719
2026-03-20 14:56:46.000000000,31.590498702858746
2026-03-20 14:16:12.000000000,37.5997950833356
2026-03-20 14:14:18.000000000,35.28939773535471
2026-03-20 14:13:31.000000000,14.669412670518287
2026-03-20 14:50:40.000000000,45.63562332427416
2026-03-20 15:32:20.000000000,79.1310262728054
2026-03-20 15:40:39.000000000,12.482024712115736
2026-03-20 15:36:15.000000000,20.05956970325689
2026-03-20 15:51:58.000000000,24.819946179330444
2026-03-20 15:02:04.000000000,8.06652269911598
2026-03-20 15:01:17.000000000,27.7822362852168
2026-03-20 15:30:09.000000000,11.888737298391607
2026-03-20 15:41:45.000000000,28.761327224069447
2026-03-20 15:37:37.000000000,15.684464466219872
2026-03-20 15:24:17.000000000,248.74521223285464
2026-03-20 15:51:07.000000000,17.929530002870983
2026-03-20 15:20:43.000000000,70.69892963828978
2026-03-20 15:35:26.000000000,16.13047585004883
2026-03-20 15:34:44.000000000,69.75918731303636
2026-03-20 16:52:14.000000000,71.56456335970519
2026-03-20 16:15:31.000000000,30.765314114521708
2026-03-20 16:42:24.000000000,6.635760389191299
2026-03-20 16:29:59.000000000,15.723378252972726
2026-03-20 16:12:11.000000000,101.80878383353199
2026-03-20 16:32:45.000000000,21.88160527125888
2026-03-20 16:42:18.000000000,50.35338663339252
2026-03-20 16:58:18.000000000,8.604867925594865
2026-03-20 16:49:30.000000000,9.159204512332947
2026-03-20 16:22:14.000000000,13.95870863013102
2026-03-20 16:16:20.000000000,16.27924769469725
2026-03-20 16:24:19.000000000,12.498583452765326
2026-03-20 16:53:24.000000000,5.44677815941511
2026-03-20 16:40:28.000000000,18.850033481727692
2026-03-20 16:45:02.000000000,10.257739429755382
2026-03-20 16:21:21.000000000,58.67320607584693
2026-03-20 17:44:50.000000000,41.50057387091385
2026-03-20 17:02:21.000000000,15.705236566615486
2026-03-20 17:05:26.000000000,12.632367866396986
2026-03-20 17:31:16.000000000,14.25610318965354
2026-03-20 17:48:50.000000000,29.687556035684537
2026-03-20 17:48:23.000000000,76.5734878608033
2026-03-20 17:20:37.000000000,12.987221417763099
2026-03-20 17:39:28.000000000,22.14932365166109
2026-03-20 17:50:45.000000000,21.122756117683494
2026-03-20 17:03:42.000000000,8.345481036881935
2026-03-20 17:36:39.000000000,13.624057312168224
2026-03-20 17:20:31.000000000,10.425776869616085
2026-03-20 17:08:37.000000000,14.213909666327183
2026-03-20 17:23:07.000000000,7.593894464862438
2026-03-20 17:56:35.000000000,16.997668004851246
2026-03-20 17:51:03.000000000,12.938712890079154
2026-03-20 17:56:30.000000000,10.466689499703524
2026-03-20 17:23:43.000000000,7.4801152822955315
2026-03-20 18:24:08.000000000,24.842010374626973
2026-03-20 18:35:09.000000000,22.98259725345773
2026-03-20 18:05:37.000000000,12.179743830182499
2026-03-20 18:07:03.000000000,23.898173701400488
2026-03-20 18:13:52.000000000,9.945162529614278
2026-03-20 18:49:17.000000000,9.78091830336582
2026-03-20 18:08:42.000000000,12.00705974992007
2026-03-20 18:36:20.000000000,29.486188890773377
2026-03-20 18:54:26.000000000,16.677442194555795
2026-03-20 18:22:49.000000000,9.551727978956976
2026-03-20 18:27:43.000000000,24.52779560726476
2026-03-20 18:49:18.000000000,15.588557553363612
2026-03-20 18:30:32.000000000,15.983622336535928
2026-03-20 18:29:41.000000000,17.72830146568961
2026-03-20 18:31:20.000000000,21.867187325097472
2026-03-20 18:55:06.000000000,10.375320419169814
2026-03-20 18:10:18.000000000,7.21706952778776
2026-03-20 19:23:45.000000000,17.8149811528173
2026-03-20 19:18:42.000000000,18.10619843591715
2026-03-20 19:25:54.000000000,42.088730167379275
2026-03-20 19:44:35.000000000,23.7811770575841
2026-03-20 19:10:42.000000000,21.007515060477743
2026-03-20 19:16:51.000000000,37.13293559092955
2026-03-20 19:13:35.000000000,25.270931977062627
2026-03-20 19:17:12.000000000,20.489130974107166
2026-03-20 19:27:25.000000000,72.32394637166935
2026-03-20 19:52:54.000000000,18.690893396286246
2026-03-20 19:31:15.000000000,15.78012211325171
2026-03-20 19:27:54.000000000,20.28181260129199
2026-03-20 19:56:45.000000000,5.97016580166144
2026-03-20 19:00:10.000000000,74.97769909611576
2026-03-20 19:22:11.000000000,6.742762238203085
2026-03-20 19:32:15.000000000,12.017756025543488
2026-03-20 19:23:09.000000000,19.44041130596084
2026-03-20 20:07:06.000000000,19.960031291922206
2026-03-20 20:29:52.000000000,36.54006508091927
2026-03-20 20:35:32.000000000,29.651084645886943
2026-03-20 20:39:01.000000000,6.151954762937905
2026-03-20 20:46:10.000000000,8.530089233172932
2026-03-20 20:51:28.000000000,7.529928022005596
2026-03-20 20:16:39.000000000,42.04623015515673
2026-03-20 20:56:00.000000000,10.366784728875787
2026-03-20 20:25:26.000000000,14.147834899689062
2026-03-20 20:45:59.000000000,26.948101472549524
2026-03-20 20:57:33.000000000,14.535461385975188
2026-03-20 20:02:55.000000000,35.905470918919065
2026-03-20 20:40:35.000000000,11.595987074444855
2026-03-20 20:15:51.000000000,13.782551762319802
2026-03-20 20:31:22.000000000,17.843164124045014
2026-03-20 20:43:44.000000000,16.85116794225685
2026-03-20 20:42:54.000000000,20.2873325927556
2026-03-20 20:16:26.000000000,49.624516558713154
2026-03-20 20:08:35.000000000,8.450015938994166
2026-03-20 20:22:02.000000000,19.435108804080876
2026-03-20 20:44:19.000000000,28.584574460707607
2026-03-20 21:20:38.000000000,29.341702874966987
2026-03-20 21:42:51.000000000,15.447387251486784
2026-03-20 21:03:00.000000000,36.25175090593095
2026-03-20 21:24:55.000000000,13.500565076782062
2026-03-20 21:47:37.000000000,5.449765972441992
2026-03-20 21:00:19.000000000,5.541411842938624
2026-03-20 21:36:23.000000000,18.019703759820214
2026-03-20 21:53:18.000000000,43.833599414826615
2026-03-20 21:32:09.000000000,13.323806053756885
2026-03-20 21:52:30.000000000,20.207266288458744
2026-03-20 21:07:50.000000000,26.128415062816273
2026-03-20 21:57:25.000000000,15.50297999287918
2026-03-20 21:54:01.000000000,95.26338000632148
2026-03-20 21:59:43.000000000,185.2020016182321
2026-03-20 21:14:09.000000000,39.583260674690436
2026-03-20 21:39:30.000000000,28.111652399063715
2026-03-20 21:12:32.000000000,27.63780366077167
2026-03-20 21:24:59.000000000,7.20698355700397
2026-03-20 21:29:30.000000000,11.53823937732316
2026-03-20 21:29:48.000000000,17.0938502238806
2026-03-20 21:36:54.000000000,33.240579375700136
2026-03-20 21:01:30.000000000,9.807156194934425
2026-03-20 21:19:05.000000000,43.091113893248625
2026-03-20 21:21:15.000000000,31.39988924783634
2026-03-20 21:42:18.000000000,30.321746121853632
2026-03-20 22:43:35.000000000,17.184105440981526
2026-03-20 22:56:02.000000000,51.148984657266176
2026-03-20 22:49:13.000000000,16.654794215379187
2026-03-20 22:30:45.000000000,23.134799534963616
2026-03-20 22:02:58.000000000,8.155999563587908
2026-03-20 22:22:44.000000000,40.12893628748829
2026-03-20 22:29:04.000000000,64.09231922448798
2026-03-20 22:12:16.000000000,45.117389987878525
2026-03-20 22:17:25.000000000,13.94273971907267
2026-03-20 22:26:38.000000000,57.94719673412529
2026-03-20 22:28:01.000000000,9.617140319642607
2026-03-20 22:28:34.000000000,17.61895889112341
2026-03-20 22:27:24.000000000,55.4174081414752
2026-03-20 23:35:47.000000000,42.945323426880854
2026-03-20 23:43:23.000000000,51.30293603957946
2026-03-20 23:43:06.000000000,50.264842716635236
2026-03-20 23:30:21.000000000,11.386269702265015
2026-03-20 23:07:24.000000000,58.63100807240404
2026-03-20 23:14:40.000000000,15.102774511814415
2026-03-20 23:40:24.000000000,31.218939869509935
2026-03-20 23:25:52.000000000,15.262297996370386
2026-03-20 23:49:52.000000000,25.394536585149527
2026-03-20 23:57:12.000000000,66.97583772647609
2026-03-20 23:20:45.000000000,9.49260690459323
2026-03-20 23:18:12.000000000,24.10696640041977
2026-03-20 23:58:36.000000000,18.728401977853103
2026-03-20 23:52:23.000000000,51.55145392014378
2026-03-20 23:54:12.000000000,30.318892462541154
2026-03-20 23:47:08.000000000,48.39260653883014
2026-03-20 23:45:03.000000000,48.57184754804945
2026-03-20 23:08:24.000000000,14.693841587555132
2026-03-20 23:24:00.000000000,31.525944322506376
2026-03-20 23:31:10.000000000,41.9618611337292
2026-03-21 00:39:12.000000000,22.161913651218104
2026-03-21 00:42:03.000000000,27.49974093561229
2026-03-21 00:39:24.000000000,14.432165191483461
2026-03-21 00:40:51.000000000,14.100292717020258
2026-03-21 00:53:51.000000000,39.70175217893501
2026-03-21 00:53:43.000000000,39.83708366753697
2026-03-21 00:40:15.000000000,25.559677030169894
2026-03-21 00:48:38.000000000,26.143957153368458
2026-03-21 00:59:17.000000000,10.651645363103425
2026-03-21 00:01:57.000000000,14.994351440055901
2026-03-21 01:13:27.000000000,35.26609131816005
2026-03-21 01:52:17.000000000,16.097497030820897
2026-03-21 01:29:23.000000000,13.268842406850318
2026-03-21 01:49:08.000000000,23.46899651481006
2026-03-21 01:39:43.000000000,52.51671661649478
2026-03-21 01:01:59.000000000,52.36732287571386
2026-03-21 01:47:58.000000000,7.642720106971545
2026-03-21 01:35:40.000000000,19.418293682141847
2026-03-21 01:02:34.000000000,10.7261227799845
2026-03-21 01:00:16.000000000,21.131663785030646
2026-03-21 01:55:01.000000000,12.42968108630193
2026-03-21 02:12:36.000000000,11.861144493352635
2026-03-21 02:22:15.000000000,6.912331150991015
2026-03-21 02:36:29.000000000,13.38656330543266
2026-03-21 02:16:05.000000000,13.323077720211472
2026-03-21 02:09:43.000000000,8.626370324817538
2026-03-21 02:24:36.000000000,19.363296385869514
2026-03-21 02:08:57.000000000,9.842533284207542
2026-03-21 02:16:09.000000000,8.616748988362497
2026-03-21 02:28:44.000000000,14.807649446162403
2026-03-21 03:07:16.000000000,27.007550053190812
2026-03-21 03:15:23.000000000,48.610039327886234
2026-03-21 03:10:17.000000000,17.718918516529136
2026-03-21 03:47:06.000000000,7.01076699065021
2026-03-21 03:23:38.000000000,19.175301474420984
2026-03-21 04:06:05.000000000,29.51916913624737
2026-03-21 04:26:15.000000000,73.85538328027694
2026-03-21 04:33:17.000000000,45.84052422725091
2026-03-21 04:29:18.000000000,27.4427865985908
2026-03-21 04:14:46.000000000,44.870499016827395
2026-03-21 04:44:20.000000000,28.868069314973322
2026-03-21 04:10:42.000000000,25.504064513505114
2026-03-21 05:24:12.000000000,18.370895241237545
2026-03-21 05:15:06.000000000,66.09000220517606
2026-03-21 05:52:53.000000000,11.582785180935002
2026-03-21 05:00:42.000000000,68.3598863700818
2026-03-21 05:07:41.000000000,28.426386058358563
2026-03-21 06:25:06.000000000,23.973662085281546
2026-03-21 06:28:40.000000000,24.29922353837444
2026-03-21 06:11:57.000000000,16.07016357895297
2026-03-21 06:45:32.000000000,70.09999624589848
2026-03-21 06:15:21.000000000,13.085080729084979
2026-03-21 06:30:43.000000000,12.50618591697991
2026-03-21 06:21:52.000000000,17.763823172633252
2026-03-21 06:51:10.000000000,26.168098527934394
2026-03-21 06:34:01.000000000,23.171910184516165
2026-03-21 06:08:00.000000000,20.78679122802141
2026-03-21 06:01:55.000000000,55.43010180121394
2026-03-21 06:08:48.000000000,10.066756382773528
2026-03-21 06:01:53.000000000,8.786595696962603
2026-03-21 06:56:04.000000000,29.658305074144216
2026-03-21 07:21:25.000000000,25.301021009996838
2026-03-21 07:14:18.000000000,11.446694596944658
2026-03-21 07:55:45.000000000,14.843016329813075
2026-03-21 07:36:21.000000000,36.620196812799676
2026-03-21 07:00:09.000000000,10.078359947493066
2026-03-21 07:36:43.000000000,24.146411445003686
2026-03-21 07:09:00.000000000,13.244974387840465
2026-03-21 07:03:45.000000000,32.518392893277316
2026-03-21 07:17:02.000000000,16.703541882785963
2026-03-21 07:10:35.000000000,27.741950709287245
2026-03-21 08:28:05.000000000,6.044514292298769
2026-03-21 08:20:25.000000000,9.717505567505485
2026-03-21 08:44:17.000000000,15.151280448353653
2026-03-21 08:56:44.000000000,12.923249393001164
2026-03-21 08:44:17.000000000,162.95851722946804
2026-03-21 08:51:15.000000000,12.49752283157101
2026-03-21 09:49:11.000000000,26.259016771106484
2026-03-21 09:33:04.000000000,11.914579390946527
2026-03-21 09:26:32.000000000,7.420649184549555
2026-03-21 09:44:13.000000000,8.519668460821013
2026-03-21 09:49:27.000000000,21.122153087657935
2026-03-21 09:57:48.000000000,12.008975841489775
2026-03-21 09:31:40.000000000,11.540004547420638
2026-03-21 09:36:55.000000000,112.66752344479472
2026-03-21 09:09:04.000000000,10.582457083495408
2026-03-21 09:55:38.000000000,9.866622190496622
2026-03-21 09:59:44.000000000,127.58928662312485
2026-03-21 09:31:11.000000000,11.606740927076752
2026-03-21 09:25:50.000000000,22.887424958228493
2026-03-21 10:36:39.000000000,13.252092075746068
2026-03-21 10:30:48.000000000,40.40661861049326
2026-03-21 10:20:23.000000000,21.614576917768066
2026-03-21 10:09:13.000000000,34.614431760525314
2026-03-21 10:02:18.000000000,25.724831740445175
2026-03-21 10:52:16.000000000,8.834314290251905
2026-03-21 10:00:33.000000000,12.870712988680792
2026-03-21 10:14:55.000000000,30.21450206388686
2026-03-21 10:52:12.000000000,38.53474134998996
2026-03-21 10:38:01.000000000,14.277072195371764
2026-03-21 10:52:21.000000000,22.084732460196143
2026-03-21 10:35:21.000000000,8.768163010511723
2026-03-21 10:27:06.000000000,16.79950983157796
2026-03-21 10:10:53.000000000,18.533866841144686
2026-03-21 10:24:01.000000000,98.54432045320306
2026-03-21 11:01:17.000000000,8.76243338046139
2026-03-21 11:12:04.000000000,47.61825701223877
2026-03-21 11:10:21.000000000,13.048044818926817
2026-03-21 11:50:00.000000000,8.49922192627212
2026-03-21 11:15:16.000000000,18.487243270020983
2026-03-21 11:13:05.000000000,15.974187746602185
2026-03-21 11:28:49.000000000,11.474977252733234
2026-03-21 11:33:11.000000000,12.503176046921702
2026-03-21 11:34:34.000000000,10.372164351221745
2026-03-21 11:11:32.000000000,7.261027995182278
2026-03-21 11:51:17.000000000,22.028961922290353
2026-03-21 11:12:34.000000000,12.289692981426724
2026-03-21 11:20:22.000000000,7.86134718494543
2026-03-21 12:18:54.000000000,13.386358718308196
2026-03-21 12:52:41.000000000,36.37563362605764
2026-03-21 12:24:07.000000000,14.538537627767514
2026-03-21 12:11:40.000000000,8.61433977862682
2026-03-21 12:26:44.000000000,15.020266371375984
2026-03-21 12:12:28.000000000,7.20209328046491
2026-03-21 12:03:09.000000000,27.51989501759736
2026-03-21 12:48:19.000000000,21.146975651301464
2026-03-21 12:06:50.000000000,60.2200172592077
2026-03-21 12:05:34.000000000,28.007765039170554
2026-03-21 12:30:45.000000000,55.72728121992839
2026-03-21 12:23:59.000000000,5.826492200823374
2026-03-21 12:51:24.000000000,28.1213601500593
2026-03-21 12:08:42.000000000,11.619675980850026
2026-03-21 12:50:15.000000000,40.67917778021347
2026-03-21 12:48:44.000000000,7.433412431009531
2026-03-21 12:22:17.000000000,16.514532654159698
2026-03-21 13:22:24.000000000,14.50991218796505
2026-03-21 13:56:55.000000000,12.395159737817945
2026-03-21 13:32:14.000000000,7.7851947397394
2026-03-21 13:18:36.000000000,30.605465396201986
2026-03-21 13:46:14.000000000,34.44282633746974
2026-03-21 13:04:08.000000000,47.840387351210744
2026-03-21 13:47:27.000000000,9.61889426598079
2026-03-21 13:06:17.000000000,10.723199960961923
2026-03-21 13:25:31.000000000,51.00598548433711
2026-03-21 13:56:57.000000000,15.780306447685957
2026-03-21 13:30:31.000000000,21.569112457446618
2026-03-21 13:17:28.000000000,18.192728539988494
2026-03-21 13:05:34.000000000,22.51328725588187
2026-03-21 13:23:37.000000000,10.001326824361874
2026-03-21 13:08:20.000000000,61.31006194500746
2026-03-21 13:54:29.000000000,23.591374093246955
2026-03-21 13:45:43.000000000,71.87688583347837
2026-03-21 13:34:02.000000000,20.243041367146358
2026-03-21 13:18:48.000000000,21.984523550406646
2026-03-21 13:36:35.000000000,15.319941659442156
2026-03-21 13:47:08.000000000,19.57044605329711
2026-03-21 13:51:53.000000000,93.0607089547288
2026-03-21 13:50:13.000000000,7.9279059296890955
2026-03-21 13:05:46.000000000,20.723084727372704
2026-03-21 13:35:00.000000000,48.277658127411755
2026-03-21 14:02:52.000000000,31.720384751678488
2026-03-21 14:31:57.000000000,17.902291131225955
2026-03-21 14:36:32.000000000,41.18587034751243
2026-03-21 14:03:51.000000000,32.48565694241779
2026-03-21 14:02:35.000000000,58.041403256028886
2026-03-21 14:32:50.000000000,21.105894148998896
2026-03-21 14:32:21.000000000,17.06036954453986
2026-03-21 14:12:40.000000000,14.389782284483253
2026-03-21 14:32:12.000000000,19.071761405781682
2026-03-21 14:33:41.000000000,25.497492930956337
2026-03-21 14:42:52.000000000,28.213631353904447
2026-03-21 14:48:23.000000000,16.70323438499322
2026-03-21 14:18:17.000000000,19.250465158245234
2026-03-21 14:44:02.000000000,12.960734141870821
2026-03-21 14:20:26.000000000,20.641079693859936
2026-03-21 14:06:58.000000000,27.99020153591039
2026-03-21 14:46:45.000000000,46.02018923336882
2026-03-21 14:03:15.000000000,59.45011937395365
2026-03-21 14:49:14.000000000,27.295819593825968
2026-03-21 14:05:55.000000000,18.500567098531956
2026-03-21 14:13:57.000000000,120.5917735240496
2026-03-21 14:33:03.000000000,10.517159048491383
2026-03-21 14:17:19.000000000,73.82268046614273
2026-03-21 15:32:06.000000000,9.459969523785025
2026-03-21 15:06:46.000000000,11.885138100711712
2026-03-21 15:23:00.000000000,18.379194075817246
2026-03-21 15:17:07.000000000,44.46180707992118
2026-03-21 15:41:01.000000000,13.10248101509442
2026-03-21 15:32:55.000000000,51.35207383156551
2026-03-21 15:01:40.000000000,8.157160496986563
2026-03-21 15:39:52.000000000,10.701216841468309
2026-03-21 15:13:38.000000000,39.53985788730212
2026-03-21 15:47:53.000000000,7.5038233547290805
2026-03-21 15:12:06.000000000,25.06971561519269
2026-03-21 15:26:39.000000000,30.57872220662145
2026-03-21 15:06:32.000000000,23.998558506487655
2026-03-21 15:01:40.000000000,21.65862283621181
2026-03-21 15:25:19.000000000,26.416520767114875
2026-03-21 15:40:31.000000000,21.492958501472625
2026-03-21 15:34:23.000000000,24.330139053952905
2026-03-21 15:23:28.000000000,9.268851961387531
2026-03-21 15:39:05.000000000,15.909442584136885
2026-03-21 15:15:57.000000000,49.17039291331795
2026-03-21 15:07:46.000000000,78.4930908818319
2026-03-21 16:47:18.000000000,215.84812618704856
2026-03-21 16:25:39.000000000,12.85625738010726
2026-03-21 16:00:13.000000000,27.649191358263938
2026-03-21 16:45:53.000000000,9.466331065831845
2026-03-21 16:20:02.000000000,54.421279257923615
2026-03-21 16:15:46.000000000,9.173131630061736
2026-03-21 16:13:10.000000000,29.66169073252775
2026-03-21 16:30:32.000000000,16.2150388690466
2026-03-21 16:05:25.000000000,22.42972271462591
2026-03-21 16:50:23.000000000,12.408473543006453
2026-03-21 16:16:12.000000000,39.950014763795295
2026-03-21 16:31:56.000000000,114.96524694141199
2026-03-21 16:57:23.000000000,112.50495915918226
2026-03-21 16:09:29.000000000,28.393150245403138
2026-03-21 16:43:21.000000000,15.268824225934358
2026-03-21 16:38:54.000000000,37.79578870637413
2026-03-21 16:38:39.000000000,13.62914857428421
2026-03-21 16:39:07.000000000,53.896365025768816
2026-03-21 16:11:28.000000000,10.451670573782636
2026-03-21 16:38:38.000000000,24.747130025808016
2026-03-21 17:18:11.000000000,40.436359035765534
2026-03-21 17:56:32.000000000,36.858790889207675
2026-03-21 17:47:16.000000000,24.316334237377557
2026-03-21 17:04:06.000000000,23.469946292925105
2026-03-21 17:02:32.000000000,52.524372676973506
2026-03-21 17:32:39.000000000,41.80428600679323
2026-03-21 17:12:57.000000000,24.300893645511938
2026-03-21 17:10:34.000000000,91.19754210369001
2026-03-21 17:49:21.000000000,30.828466800162563
2026-03-21 17:41:56.000000000,21.98425343202541
2026-03-21 17:30:13.000000000,48.45187617997279
2026-03-21 17:54:33.000000000,9.256990448959177
2026-03-21 17:44:26.000000000,15.078548471248055
2026-03-21 17:40:54.000000000,21.912323908173683
2026-03-21 17:19:42.000000000,10.95072937583681
2026-03-21 17:27:04.000000000,20.083131495529205
2026-03-21 17:58:02.000000000,10.385095585923668
2026-03-21 17:04:10.000000000,20.86722552994157
2026-03-21 17:25:41.000000000,32.82780808909271
2026-03-21 17:30:30.000000000,11.128747143351989
2026-03-21 17:56:25.000000000,14.710859177656248
2026-03-21 18:41:04.000000000,18.899068999039923
2026-03-21 18:56:37.000000000,10.033550642561737
2026-03-21 18:45:08.000000000,18.48486176552848
2026-03-21 18:34:29.000000000,38.58884382034613
2026-03-21 18:52:29.000000000,6.605287117300992
2026-03-21 18:27:53.000000000,15.521027287626637
2026-03-21 18:24:11.000000000,19.893790709176464
2026-03-21 18:24:04.000000000,20.718796783785557
2026-03-21 18:53:18.000000000,21.12600847561943
2026-03-21 18:58:57.000000000,10.985238559364793
2026-03-21 18:48:47.000000000,31.754148075332203
2026-03-21 18:41:23.000000000,19.297161290213225
2026-03-21 18:58:01.000000000,18.710614873170986
2026-03-21 18:30:01.000000000,13.259021403219121
2026-03-21 18:52:12.000000000,13.586832787059194
2026-03-21 18:28:58.000000000,8.154774505504681
2026-03-21 18:36:21.000000000,39.475196487194594
2026-03-21 19:42:01.000000000,17.44316415814043
2026-03-21 19:24:31.000000000,10.665493481526603
2026-03-21 19:11:16.000000000,16.15923943729111
2026-03-21 19:05:40.000000000,24.223050173743992
2026-03-21 19:40:04.000000000,47.165116222594804
2026-03-21 19:58:51.000000000,16.534838857743278
2026-03-21 19:28:34.000000000,30.123600011054794
2026-03-21 19:22:59.000000000,60.08350307401132
2026-03-21 19:09:28.000000000,11.54238436776856
2026-03-21 19:46:07.000000000,12.158127053376731
2026-03-21 19:56:27.000000000,38.70214882180706
2026-03-21 19:59:07.000000000,11.370722075875594
2026-03-21 19:17:04.000000000,39.26205210765149
2026-03-21 20:55:48.000000000,6.169206002030546
2026-03-21 20:24:13.000000000,12.825307802559168
2026-03-21 20:04:38.000000000,39.58496900140171
2026-03-21 20:57:14.000000000,15.123698757058285
2026-03-21 20:17:34.000000000,11.752940785411939
2026-03-21 20:50:55.000000000,8.715001833863154
2026-03-21 20:23:15.000000000,21.300907586236647
2026-03-21 20:14:20.000000000,43.479263088229835
2026-03-21 20:02:43.000000000,7.408676248447823
2026-03-21 20:19:30.000000000,8.320068401622668
2026-03-21 20:13:36.000000000,18.773968340592344
2026-03-21 20:42:56.000000000,18.712120636743133
2026-03-21 20:05:26.000000000,12.27033562073425
2026-03-21 20:22:08.000000000,28.639311819919932
2026-03-21 20:18:39.000000000,15.444807439488077
2026-03-21 20:57:45.000000000,17.38163636712963
2026-03-21 20:14:56.000000000,16.783569308720875
2026-03-21 20:19:16.000000000,13.575538232754583
2026-03-21 20:30:45.000000000,9.094705679035503
2026-03-21 20:50:31.000000000,22.403237281858527
2026-03-21 20:36:17.000000000,15.683846913521792
2026-03-21 20:20:51.000000000,13.985301294552881
2026-03-21 20:06:26.000000000,14.054748860613884
2026-03-21 20:35:52.000000000,18.316759663995963
2026-03-21 20:43:00.000000000,15.760540524551166
2026-03-21 21:24:38.000000000,17.787104807271653
2026-03-21 21:29:40.000000000,9.333836370135469
2026-03-21 21:55:48.000000000,32.014871901317136
2026-03-21 21:30:49.000000000,14.90045839893621
2026-03-21 21:34:17.000000000,17.968356977322266
2026-03-21 21:07:15.000000000,25.370482623487415
2026-03-21 21:09:30.000000000,37.26196355375896
2026-03-21 21:28:13.000000000,22.173512883363493
2026-03-21 21:44:10.000000000,21.287659556611324
2026-03-21 21:52:03.000000000,60.154116692371275
2026-03-21 21:45:04.000000000,5.922162497692725
2026-03-21 21:54:58.000000000,9.33836157063027
2026-03-21 21:50:08.000000000,29.95523460794553
2026-03-21 21:09:03.000000000,18.550207765486338
2026-03-21 21:30:45.000000000,27.872077503367144
2026-03-21 21:37:10.000000000,15.356327386988722
2026-03-21 21:44:11.000000000,15.882029738241853
2026-03-21 22:40:05.000000000,44.361596853240115
2026-03-21 22:58:51.000000000,8.58239238646911
2026-03-21 22:33:57.000000000,32.51915917482343
2026-03-21 22:07:58.000000000,18.592730096330428
2026-03-21 22:21:56.000000000,35.1101108921236
2026-03-21 22:51:27.000000000,20.96715588494814
2026-03-21 22:20:19.000000000,24.029493300873195
2026-03-21 22:55:57.000000000,10.51290794569486
2026-03-21 22:51:30.000000000,7.863079207073314
2026-03-21 22:02:35.000000000,17.22442748108878
2026-03-21 22:36:54.000000000,17.804484068649483
2026-03-21 22:55:41.000000000,40.65314571474805
2026-03-21 22:13:04.000000000,26.588459805947966
2026-03-21 22:27:27.000000000,22.965589714126846
2026-03-21 22:30:20.000000000,29.434795539073164
2026-03-21 22:25:48.000000000,18.111620341249324
2026-03-21 22:49:00.000000000,37.606370591189346
2026-03-21 22:42:54.000000000,9.992587488437938
2026-03-21 22:14:36.000000000,31.617655121492827
2026-03-21 23:51:18.000000000,18.245872296029088
2026-03-21 23:20:18.000000000,24.029942849864007
2026-03-21 23:22:22.000000000,35.24251702992487
2026-03-21 23:54:34.000000000,42.997882333537596
2026-03-21 23:16:31.000000000,45.26470059463952
2026-03-21 23:57:37.000000000,77.6555046615972
2026-03-21 23:23:31.000000000,31.497039461618538
2026-03-21 23:13:48.000000000,34.99224001881674
2026-03-21 23:06:51.000000000,44.8599229172644
2026-03-21 23:20:03.000000000,21.80441493508511
2026-03-21 23:56:25.000000000,8.589308841509654
2026-03-21 23:03:47.000000000,23.83685537572472
2026-03-21 23:39:15.000000000,12.595314540050559
2026-03-21 23:38:36.000000000,19.38375995134906
2026-03-21 23:20:08.000000000,8.135289603082473
2026-03-21 23:10:40.000000000,30.654703849201443
2026-03-21 23:53:26.000000000,39.57781770893699
2026-03-21 23:05:00.000000000,21.590727633982876
2026-03-21 23:53:51.000000000,62.06049298186196
2026-03-21 23:27:02.000000000,71.22322427456174
2026-03-21 23:50:49.000000000,52.45980770221484
2026-03-22 00:46:49.000000000,18.326183912579957
2026-03-22 00:06:22.000000000,39.526130181710805
2026-03-22 00:21:43.000000000,10.318915657976765
2026-03-22 00:18:15.000000000,31.617531699775977
2026-03-22 00:24:39.000000000,23.376423718260632
2026-03-22 00:42:38.000000000,9.998365634795835
2026-03-22 00:30:04.000000000,78.69042722923918
2026-03-22 00:07:02.000000000,38.899375095318604
2026-03-22 00:41:54.000000000,39.527414114408835
2026-03-22 00:10:33.000000000,25.62777362462592
2026-03-22 00:46:17.000000000,9.703223494781772
2026-03-22 00:07:37.000000000,12.739316646589286
2026-03-22 00:14:02.000000000,57.13363662802724
2026-03-22 00:00:51.000000000,26.303012939513128
2026-03-22 00:33:53.000000000,29.598796507430887
2026-03-22 00:48:28.000000000,49.269317380924626
2026-03-22 00:08:24.000000000,48.89344136590195
2026-03-22 00:08:23.000000000,19.208857003223784
2026-03-22 00:10:05.000000000,11.815760887936099
2026-03-22 00:10:04.000000000,7.987568500159248
2026-03-22 00:55:09.000000000,18.070038382245823
2026-03-22 01:27:34.000000000,12.32248985802796
2026-03-22 01:39:48.000000000,5.609195728156975
2026-03-22 01:28:53.000000000,10.833409636234224
2026-03-22 01:17:32.000000000,27.02669203742788
2026-03-22 01:59:49.000000000,62.91410200970141
2026-03-22 01:03:46.000000000,7.166457149744931
2026-03-22 01:00:51.000000000,15.600080504286321
2026-03-22 01:17:00.000000000,24.606113309519206
2026-03-22 01:28:37.000000000,14.157869446803861
2026-03-22 01:18:30.000000000,8.606269061246282
2026-03-22 01:49:31.000000000,44.50083644493483
2026-03-22 01:30:02.000000000,20.143530525944115
2026-03-22 01:23:41.000000000,43.510055230853574
2026-03-22 01:40:05.000000000,9.757142137093883
2026-03-22 02:26:35.000000000,18.01825354985375
2026-03-22 02:24:42.000000000,10.632433132434395
2026-03-22 02:47:25.000000000,61.56911056050224
2026-03-22 02:31:42.000000000,39.812383136382046
2026-03-22 02:17:08.000000000,28.479167881672836
2026-03-22 02:50:29.000000000,115.4308950196679
2026-03-22 02:00:10.000000000,6.036990862288095
2026-03-22 02:35:10.000000000,22.920887258058123
2026-03-22 02:16:03.000000000,101.64528543513502
2026-03-22 02:40:14.000000000,33.91115870553279
2026-03-22 02:46:48.000000000,31.320452838446425
2026-03-22 02:12:17.000000000,5.5797028099681105
2026-03-22 02:53:19.000000000,18.920176427507126
2026-03-22 02:55:22.000000000,20.46175223688387
2026-03-22 03:35:08.000000000,18.19311416769687
2026-03-22 03:46:41.000000000,27.662442863744758
2026-03-22 03:07:16.000000000,40.80533703731999
2026-03-22 03:06:14.000000000,43.162123308428974
2026-03-22 03:07:40.000000000,12.237320930772817
2026-03-22 03:13:14.000000000,15.780685002574097
2026-03-22 03:28:02.000000000,29.007524008065452
2026-03-22 03:03:05.000000000,19.942114611858475
2026-03-22 03:11:29.000000000,29.313618658439633
2026-03-22 04:45:08.000000000,61.85423581702358
2026-03-22 04:50:55.000000000,11.724098684938465
2026-03-22 04:20:37.000000000,16.60207957503688
2026-03-22 04:05:34.000000000,43.873121815535676
2026-03-22 04:09:35.000000000,45.23707796605419
2026-03-22 04:45:10.000000000,43.48498723136339
2026-03-22 05:54:00.000000000,25.698235926507525
2026-03-22 05:08:00.000000000,28.889765551265178
2026-03-22 05:38:53.000000000,7.948273467516601
2026-03-22 05:16:46.000000000,15.681756179248495
2026-03-22 05:34:22.000000000,23.025693185735083
2026-03-22 05:10:34.000000000,48.058493065783296
2026-03-22 06:04:10.000000000,26.770645530485474
2026-03-22 06:36:04.000000000,29.779628673298696
2026-03-22 07:34:59.000000000,6.525625320302951
2026-03-22 07:31:15.000000000,7.989731972495532
2026-03-22 07:55:17.000000000,20.051528713032894
2026-03-22 07:12:19.000000000,90.06197398912623
2026-03-22 07:51:57.000000000,6.525653075933842
2026-03-22 07:22:31.000000000,40.70766652330996
2026-03-22 08:42:17.000000000,23.059931645545877
2026-03-22 08:42:12.000000000,12.215867455941284
2026-03-22 08:34:11.000000000,98.54766551709369
2026-03-22 08:02:05.000000000,11.598068443746328
2026-03-22 08:18:23.000000000,25.472828043552564
2026-03-22 08:49:25.000000000,10.016973051175244
2026-03-22 09:23:23.000000000,12.557711351751914
2026-03-22 09:54:37.000000000,10.778807290053354
2026-03-22 09:42:46.000000000,13.014574919175386
2026-03-22 09:51:01.000000000,16.277264171524067
2026-03-22 09:22:42.000000000,11.492831448178869
2026-03-22 09:05:02.000000000,14.59703699269946
2026-03-22 09:39:36.000000000,11.648588752320808
2026-03-22 09:06:56.000000000,12.980888062430267
2026-03-22 09:36:57.000000000,35.40107477942758
2026-03-22 10:01:10.000000000,24.7985096695067
2026-03-22 10:21:52.000000000,17.66183974579267
2026-03-22 10:14:28.000000000,26.34003748778235
2026-03-22 10:41:15.000000000,22.35533368750698
2026-03-22 10:24:15.000000000,13.570782592293792
2026-03-22 10:38:30.000000000,22.035141327458582
2026-03-22 10:12:36.000000000,8.794660551690013
2026-03-22 10:37:50.000000000,8.980401400568022
2026-03-22 10:46:49.000000000,5.929979634756377
2026-03-22 11:44:02.000000000,40.67877186946911
2026-03-22 11:04:29.000000000,8.041972062951954
2026-03-22 11:11:54.000000000,20.798323025380466
2026-03-22 11:48:21.000000000,9.577867432242416
2026-03-22 11:45:12.000000000,13.808757261667672
2026-03-22 11:58:30.000000000,25.30949308343609
2026-03-22 11:35:24.000000000,12.528255215962414
2026-03-22 11:57:32.000000000,13.980670125578095
2026-03-22 11:29:55.000000000,72.31972003015726
2026-03-22 11:50:17.000000000,7.409262559934027
2026-03-22 11:10:21.000000000,15.657449965209699
2026-03-22 11:51:12.000000000,8.401370293414322
2026-03-22 11:18:59.000000000,12.369895374114481
2026-03-22 11:55:39.000000000,14.745082535888018
2026-03-22 11:44:37.000000000,15.962264841721886
2026-03-22 11:17:11.000000000,7.558108364128819
2026-03-22 12:08:55.000000000,26.341761729600055
2026-03-22 12:41:28.000000000,72.90458802623296
2026-03-22 12:56:17.000000000,13.105324405736274
2026-03-22 12:09:36.000000000,25.91446126145413
2026-03-22 12:20:32.000000000,23.829925949691965
2026-03-22 12:33:50.000000000,109.1111186139484
2026-03-22 12:27:41.000000000,56.83552923438131
2026-03-22 12:35:33.000000000,32.92477225011184
2026-03-22 12:51:27.000000000,12.217796849545412
2026-03-22 12:27:11.000000000,16.69310885579205
2026-03-22 12:21:04.000000000,21.38800535442549
2026-03-22 12:00:32.000000000,14.870892129135667
2026-03-22 12:03:42.000000000,47.77828684420155
2026-03-22 12:41:20.000000000,17.899729416371773
2026-03-22 12:46:11.000000000,33.74479965965425
2026-03-22 12:00:38.000000000,43.61067374549535
2026-03-22 12:04:36.000000000,29.976271804210047
2026-03-22 13:20:50.000000000,10.440391067242434
2026-03-22 13:34:00.000000000,28.66449717419604
2026-03-22 13:24:20.000000000,25.22449131025002
2026-03-22 13:56:18.000000000,42.622519942884935
2026-03-22 13:19:12.000000000,12.386506880598017
2026-03-22 13:45:02.000000000,11.278555123592474
2026-03-22 13:33:12.000000000,14.963596410379118
2026-03-22 13:39:04.000000000,14.143137626815271
2026-03-22 13:48:47.000000000,8.90464153261463
2026-03-22 13:59:24.000000000,33.1926051869349
2026-03-22 13:07:33.000000000,45.74914088977923
2026-03-22 14:25:33.000000000,12.555775422002922
2026-03-22 14:12:40.000000000,16.816885651016033
2026-03-22 14:29:26.000000000,14.727215274338837
2026-03-22 14:20:05.000000000,7.893059713087828
2026-03-22 14:32:16.000000000,52.703947832087984
2026-03-22 14:04:08.000000000,21.221722626525043
2026-03-22 14:20:56.000000000,86.23250653510529
2026-03-22 14:04:23.000000000,15.362182361525573
2026-03-22 14:57:27.000000000,58.36510977891492
2026-03-22 14:07:50.000000000,18.720611208070007
2026-03-22 14:28:41.000000000,22.447797695077686
2026-03-22 14:18:35.000000000,23.934696372170738
2026-03-22 14:36:17.000000000,16.70581112633257
2026-03-22 15:33:58.000000000,20.23972349621176
2026-03-22 15:24:41.000000000,18.64077784430673
2026-03-22 15:49:04.000000000,26.29975616931363
2026-03-22 15:38:32.000000000,12.2342807356081
2026-03-22 15:41:13.000000000,47.18836477263656
2026-03-22 15:27:45.000000000,11.701630260189674
2026-03-22 15:01:48.000000000,10.760860807114936
2026-03-22 15:14:05.000000000,14.807074321427852
2026-03-22 15:04:20.000000000,20.832879609781976
2026-03-22 15:06:38.000000000,23.86056048231732
2026-03-22 15:49:52.000000000,69.99536836643985
2026-03-22 15:17:47.000000000,36.321080453182
2026-03-22 15:26:23.000000000,12.616427127071692
2026-03-22 16:52:09.000000000,11.023715481341108
2026-03-22 16:48:28.000000000,16.359571443757513
2026-03-22 16:51:56.000000000,8.230558815259808
2026-03-22 16:00:04.000000000,30.041932787225793
2026-03-22 16:06:13.000000000,111.13752865985155
2026-03-22 16:29:58.000000000,14.386429918905087
2026-03-22 16:06:30.000000000,31.46562580549909
2026-03-22 16:56:13.000000000,24.071001312733287
2026-03-22 16:51:33.000000000,12.334119348769121
2026-03-22 16:52:19.000000000,17.177681012167447
2026-03-22 16:48:20.000000000,35.91678220582557
2026-03-22 16:00:03.000000000,12.314566692899952
2026-03-22 16:53:42.000000000,7.923791435204464
2026-03-22 16:04:57.000000000,72.36730569595986
2026-03-22 16:57:33.000000000,25.195427562343884
2026-03-22 16:27:53.000000000,17.063512675111625
2026-03-22 16:54:42.000000000,16.978243349078774
2026-03-22 16:20:37.000000000,25.781556656596898
2026-03-22 17:41:41.000000000,24.071912576489268
2026-03-22 17:51:56.000000000,40.22640948160607
2026-03-22 17:56:41.000000000,15.124889064289718
2026-03-22 17:35:23.000000000,52.538829736502436
2026-03-22 17:47:34.000000000,20.239683211164756
2026-03-22 17:18:50.000000000,7.561039096528855
2026-03-22 17:04:11.000000000,19.307954473835743
2026-03-22 17:48:58.000000000,29.64208607211531
2026-03-22 17:34:40.000000000,29.752877571818313
2026-03-22 17:10:10.000000000,21.468000730006107
2026-03-22 17:59:06.000000000,10.954948749685132
2026-03-22 17:05:10.000000000,22.55619858304573
2026-03-22 17:32:41.000000000,17.750303603051645
2026-03-22 18:14:16.000000000,16.405912983637307
2026-03-22 18:13:46.000000000,8.656342395836864
2026-03-22 18:35:04.000000000,16.682253009588027
2026-03-22 18:34:58.000000000,26.1987164403437
2026-03-22 18:08:02.000000000,29.03659920727827
2026-03-22 18:59:12.000000000,12.90047822873429
2026-03-22 18:46:45.000000000,11.550469774222242
2026-03-22 18:12:00.000000000,21.643221412913626
2026-03-22 18:36:54.000000000,10.351955796583203
2026-03-22 18:27:50.000000000,48.17968709363057
2026-03-22 18:33:59.000000000,14.971733979877913
2026-03-22 18:08:20.000000000,20.591222675498724
2026-03-22 18:48:25.000000000,26.52452977251055
2026-03-22 18:11:35.000000000,27.07742402802355
2026-03-22 19:58:33.000000000,29.65042139867501
2026-03-22 19:58:29.000000000,7.485119371553884
2026-03-22 19:03:04.000000000,17.60569927995841
2026-03-22 19:43:28.000000000,26.12770624192119
2026-03-22 19:33:50.000000000,43.33883892693506
2026-03-22 19:50:50.000000000,50.38446167231264
2026-03-22 19:40:22.000000000,17.087701610883723
2026-03-22 19:35:09.000000000,27.748408721528975
2026-03-22 19:59:40.000000000,12.680979733194615
2026-03-22 19:28:01.000000000,52.37677910085536
2026-03-22 19:57:51.000000000,24.270527828246582
2026-03-22 20:33:06.000000000,18.17866508837055
2026-03-22 20:21:17.000000000,15.926586484388663
2026-03-22 20:05:13.000000000,19.677499407706872
2026-03-22 20:03:30.000000000,19.956949860788257
2026-03-22 20:58:29.000000000,49.815682271048985
2026-03-22 20:58:26.000000000,10.135239356743874
2026-03-22 20:43:36.000000000,17.770318297965964
2026-03-22 20:44:05.000000000,11.352097763727185
2026-03-22 20:52:52.000000000,33.33123597380525
2026-03-22 20:30:56.000000000,11.789895072545677
2026-03-22 20:05:54.000000000,14.575268705381351
2026-03-22 20:43:34.000000000,25.09107537525444
2026-03-22 20:58:15.000000000,18.683055923313056
2026-03-22 20:49:19.000000000,13.126720775617796
2026-03-22 20:39:50.000000000,9.828787669148062
2026-03-22 20:08:05.000000000,14.3052233728104
2026-03-22 20:36:48.000000000,10.630972185861426
2026-03-22 21:21:27.000000000,12.95321011829157
2026-03-22 21:43:54.000000000,19.195657256190167
2026-03-22 21:18:14.000000000,6.089239800911436
2026-03-22 21:50:58.000000000,28.398060690319756
2026-03-22 21:32:20.000000000,15.261427923495251
2026-03-22 21:41:20.000000000,30.679535230563115
2026-03-22 21:09:37.000000000,31.927000323543446
2026-03-22 21:33:51.000000000,38.195881723502424
2026-03-22 21:49:43.000000000,33.955205334591675
2026-03-22 21:01:38.000000000,24.1314769465834
2026-03-22 21:56:21.000000000,11.184939884584471
2026-03-22 21:50:26.000000000,13.26031418899321
2026-03-22 21:03:06.000000000,14.23177437371519
2026-03-22 21:30:09.000000000,6.533150605640563
2026-03-22 21:04:01.000000000,15.154849603543784
2026-03-22 21:08:01.000000000,50.31639406455934
2026-03-22 22:05:51.000000000,7.703657245564193
2026-03-22 22:10:49.000000000,17.80368722500234
2026-03-22 22:03:22.000000000,43.35322273690489
2026-03-22 22:46:23.000000000,91.25654854433127
2026-03-22 22:08:21.000000000,107.2784928163564
2026-03-22 22:02:33.000000000,15.522760859356593
2026-03-22 22:08:15.000000000,31.566592121652036
2026-03-22 22:40:15.000000000,21.97923620962945
2026-03-22 22:17:10.000000000,47.73610202144943
2026-03-22 22:27:26.000000000,46.47577016997489
2026-03-22 22:42:00.000000000,42.56342464884795
2026-03-22 22:24:51.000000000,26.098194641300488
2026-03-22 22:11:04.000000000,13.134544070098732
2026-03-22 22:04:39.000000000,29.332921117336532
2026-03-22 23:58:47.000000000,22.6656673407085
2026-03-22 23:26:57.000000000,6.109883893394738
2026-03-22 23:28:42.000000000,7.543477541811028
2026-03-22 23:04:48.000000000,12.410609493101955
2026-03-22 23:49:06.000000000,14.967904416813674
2026-03-22 23:57:09.000000000,15.682136999686561
2026-03-22 23:26:26.000000000,10.182416092718341
2026-03-22 23:45:49.000000000,14.614309149705432
2026-03-22 23:46:55.000000000,68.22338201963146
2026-03-22 23:09:18.000000000,36.23955204699067
2026-03-23 00:45:26.000000000,26.958162507921497
2026-03-23 00:55:18.000000000,34.27526430542674
2026-03-23 00:16:01.000000000,7.073571314488895
2026-03-23 00:05:54.000000000,27.25569120492129
2026-03-23 00:14:32.000000000,17.461988666463398
2026-03-23 00:05:33.000000000,25.57359677351601
2026-03-23 00:46:44.000000000,9.610076810278043
2026-03-23 01:45:17.000000000,21.58242190670414
2026-03-23 01:14:08.000000000,19.361827566562372
2026-03-23 01:12:35.000000000,21.898807651293623
2026-03-23 01:29:10.000000000,22.539806503872185
2026-03-23 01:40:10.000000000,76.64793581515502
2026-03-23 01:50:43.000000000,6.282821015951405
2026-03-23 01:40:09.000000000,58.86081518835308
2026-03-23 02:06:11.000000000,49.25143892304397
2026-03-23 03:51:42.000000000,63.04550986111577
2026-03-23 03:42:41.000000000,54.462689133960524
2026-03-23 03:34:00.000000000,25.623087496825733
2026-03-23 03:29:08.000000000,37.83856243063688
2026-03-23 03:08:30.000000000,28.77034298502157
2026-03-23 03:18:30.000000000,71.98220499070769
2026-03-23 03:22:05.000000000,8.49806792264097
2026-03-23 03:10:31.000000000,8.354979112576707
2026-03-23 04:42:33.000000000,14.934015858759537
2026-03-23 04:17:34.000000000,20.12971886333865
2026-03-23 04:28:18.000000000,12.41281365097955
2026-03-23 04:10:12.000000000,49.8961893737611
2026-03-23 04:52:42.000000000,110.12884309124402
2026-03-23 05:17:09.000000000,84.80782544541029
2026-03-23 05:59:20.000000000,44.362364472744446
2026-03-23 05:02:21.000000000,102.72398750171035
2026-03-23 05:56:43.000000000,8.957734705930616
2026-03-23 05:14:52.000000000,9.893913848581617
2026-03-23 05:36:40.000000000,24.393032590613107
2026-03-23 05:52:01.000000000,30.253964110144825
2026-03-23 05:40:42.000000000,8.8259058581833
2026-03-23 05:06:45.000000000,17.381148964906764
2026-03-23 05:56:27.000000000,37.05045255322837
2026-03-23 06:20:55.000000000,7.938566603168268
2026-03-23 06:55:07.000000000,20.42007101937978
2026-03-23 06:06:41.000000000,8.90532339622359
2026-03-23 06:43:49.000000000,12.99731656643729
2026-03-23 06:52:24.000000000,30.469411047551368
2026-03-23 06:32:35.000000000,26.080338012223383
2026-03-23 06:52:03.000000000,98.97596038555743
2026-03-23 06:40:50.000000000,9.807610740504067
2026-03-23 06:33:04.000000000,14.003191601603596
2026-03-23 07:10:38.000000000,93.94992149420703
2026-03-23 07:19:00.000000000,23.473682188474097
2026-03-23 07:40:00.000000000,89.53110143159275
2026-03-23 07:28:47.000000000,10.65573174442156
2026-03-23 07:43:48.000000000,24.506946747769316
2026-03-23 07:39:25.000000000,122.83292350234079
2026-03-23 07:48:33.000000000,13.241549667987787
2026-03-23 07:28:57.000000000,25.101442658839353
2026-03-23 07:07:53.000000000,12.256046191891318
2026-03-23 07:32:57.000000000,21.85122199598111
2026-03-23 07:21:19.000000000,48.79077531532965
2026-03-23 07:46:53.000000000,24.83908529845565
2026-03-23 07:36:00.000000000,15.285235050872211
2026-03-23 07:46:21.000000000,14.12835933159604
2026-03-23 07:05:23.000000000,12.031741923730086
2026-03-23 08:26:34.000000000,16.897246945786513
2026-03-23 08:30:00.000000000,37.10295825337399
2026-03-23 08:51:19.000000000,22.396038673040103
2026-03-23 08:55:07.000000000,12.936530358988236
2026-03-23 08:50:47.000000000,17.67006967236966
2026-03-23 08:34:56.000000000,51.13489871299473
2026-03-23 08:05:39.000000000,20.460440129555614
2026-03-23 08:50:15.000000000,11.416649535223465
2026-03-23 08:17:00.000000000,13.204474574722475
2026-03-23 08:22:38.000000000,6.2176806433613505
2026-03-23 08:46:37.000000000,20.199724219407575
2026-03-23 08:31:28.000000000,10.707218435278369
2026-03-23 08:55:10.000000000,10.730014020675068
2026-03-23 08:07:53.000000000,68.35645257005721
2026-03-23 08:52:24.000000000,16.157463167849453
2026-03-23 08:34:14.000000000,109.04090200534911
2026-03-23 08:29:03.000000000,22.971668167214112
2026-03-23 08:48:18.000000000,15.110940028095175
2026-03-23 09:00:03.000000000,28.84575755403096
2026-03-23 09:09:17.000000000,26.69310895687501
2026-03-23 09:56:34.000000000,6.078000486736341
2026-03-23 09:19:54.000000000,35.49354339419179
2026-03-23 09:20:00.000000000,15.740946418707741
2026-03-23 09:52:14.000000000,9.296572834177178
2026-03-23 09:17:56.000000000,16.51182307839085
2026-03-23 09:02:08.000000000,21.177932778366806
2026-03-23 09:49:19.000000000,11.80222063798661
2026-03-23 09:58:28.000000000,36.97083282775567
2026-03-23 09:02:48.000000000,14.450253254952804
2026-03-23 09:17:10.000000000,7.090096609696354
2026-03-23 09:45:45.000000000,8.209144379668738
2026-03-23 09:53:06.000000000,7.951764870864753
2026-03-23 09:03:52.000000000,29.43301110694163
2026-03-23 09:42:57.000000000,27.572435287351173
2026-03-23 09:15:20.000000000,32.008137366601424
2026-03-23 09:56:54.000000000,8.016510578513332
2026-03-23 09:34:03.000000000,11.45085852549195
2026-03-23 10:10:24.000000000,43.579227890630364
2026-03-23 10:08:01.000000000,12.375611358387467
2026-03-23 10:44:19.000000000,14.092661601258854
2026-03-23 10:16:48.000000000,13.0578290273328
2026-03-23 10:59:11.000000000,10.68984255975948
2026-03-23 10:02:49.000000000,22.112873083248505
2026-03-23 10:04:16.000000000,32.814254986241494
2026-03-23 10:56:24.000000000,34.82650612352973
2026-03-23 10:03:49.000000000,44.93520449453545
2026-03-23 11:22:37.000000000,27.57353812959092
2026-03-23 11:10:28.000000000,14.586005290716194
2026-03-23 11:06:13.000000000,5.757641185673862
2026-03-23 11:17:23.000000000,20.21244188895006
2026-03-23 11:55:54.000000000,13.204418415578685
2026-03-23 11:38:15.000000000,67.46088295177539
2026-03-23 11:07:37.000000000,17.65858763683663
2026-03-23 11:12:31.000000000,86.27119702949098
2026-03-23 11:50:46.000000000,33.040287976494675
2026-03-23 12:57:43.000000000,22.403301690301245
2026-03-23 12:58:35.000000000,18.65017345802589
2026-03-23 12:18:59.000000000,12.397238289318889
2026-03-23 12:24:58.000000000,30.885385047997094
2026-03-23 12:18:46.000000000,22.38750846150664
2026-03-23 12:39:02.000000000,16.214178352767277
2026-03-23 12:59:09.000000000,5.422687676623463
2026-03-23 12:53:54.000000000,12.161549213899296
2026-03-23 12:02:22.000000000,29.395348315520273
2026-03-23 12:21:27.000000000,26.19010368232275
2026-03-23 12:24:30.000000000,35.92322535259154
2026-03-23 12:11:03.000000000,14.210794068366585
2026-03-23 13:47:03.000000000,73.80818846457937
2026-03-23 13:35:18.000000000,24.124096584398615
2026-03-23 13:48:13.000000000,8.507575273347912
2026-03-23 13:16:32.000000000,91.05517688439585
2026-03-23 13:17:34.000000000,31.669176550785924
2026-03-23 13:37:05.000000000,80.82258769656242
2026-03-23 13:10:28.000000000,12.160428169397289
2026-03-23 13:34:48.000000000,15.96790297899961
2026-03-23 13:10:00.000000000,28.26952444193652
2026-03-23 13:55:57.000000000,22.28005235447297
2026-03-23 13:57:31.000000000,9.55674196949721
2026-03-23 13:17:54.000000000,5.3801182188538625
2026-03-23 13:53:15.000000000,61.913476464379436
2026-03-23 13:43:35.000000000,17.166652881946057
2026-03-23 14:19:16.000000000,12.500063839519495
2026-03-23 14:25:46.000000000,17.0063409209376
2026-03-23 14:55:52.000000000,6.864355831036854
2026-03-23 14:44:21.000000000,12.685989790182585
2026-03-23 14:35:44.000000000,37.465195575188915
2026-03-23 14:24:18.000000000,81.32147085988073
2026-03-23 14:45:03.000000000,53.67614181436686
2026-03-23 14:56:31.000000000,18.182433714003615
2026-03-23 14:07:46.000000000,12.505188490262544
2026-03-23 14:06:09.000000000,104.15472044386065
2026-03-23 14:21:07.000000000,7.78377721948295
2026-03-23 14:49:15.000000000,13.352350905663464
2026-03-23 14:48:43.000000000,34.28651159280276
2026-03-23 14:21:00.000000000,70.8822628302217
2026-03-23 14:40:08.000000000,13.81392655610029
2026-03-23 14:57:33.000000000,22.79966232110869
2026-03-23 14:19:35.000000000,12.042904512923059
2026-03-23 14:16:02.000000000,18.544798508548723
2026-03-23 14:03:23.000000000,9.774767832178632
2026-03-23 15:10:21.000000000,18.173908492313018
2026-03-23 15:12:46.000000000,12.46804117877805
2026-03-23 15:26:10.000000000,17.212822522630322
2026-03-23 15:27:22.000000000,35.434289242837515
2026-03-23 15:07:36.000000000,11.188755485107677
2026-03-23 15:13:03.000000000,7.058323339195188
2026-03-23 15:18:35.000000000,95.79917877851338
2026-03-23 15:14:36.000000000,21.073255132024677
2026-03-23 15:14:00.000000000,141.30807309526173
2026-03-23 15:31:06.000000000,15.493690804337238
2026-03-23 15:44:01.000000000,29.123652661879238
2026-03-23 15:53:55.000000000,18.38949082118461
2026-03-23 15:51:34.000000000,7.499110927866761
2026-03-23 15:50:49.000000000,8.236329981671647
2026-03-23 15:26:53.000000000,7.63974190158979
2026-03-23 15:29:43.000000000,10.900582399919665
2026-03-23 16:01:58.000000000,35.50586721558085
2026-03-23 16:41:26.000000000,9.639181630631427
2026-03-23 16:44:16.000000000,36.721970302899436
2026-03-23 16:47:10.000000000,20.1660016354885
2026-03-23 16:44:39.000000000,49.524682217402315
2026-03-23 16:25:13.000000000,7.681143386551458
2026-03-23 16:04:03.000000000,24.45254612974107
2026-03-23 16:40:24.000000000,6.858507227380431
2026-03-23 16:58:49.000000000,6.976025226772785
2026-03-23 16:03:12.000000000,20.589290294388242
2026-03-23 16:11:35.000000000,7.763552130771821
2026-03-23 16:39:35.000000000,8.497319803790832
2026-03-23 16:23:05.000000000,36.68805893551979
2026-03-23 16:04:14.000000000,29.858194743134874
2026-03-23 16:11:12.000000000,30.277511221378155
2026-03-23 16:00:18.000000000,15.89847521603575
2026-03-23 17:31:24.000000000,17.93376828630651
2026-03-23 17:36:48.000000000,15.447032955973338
2026-03-23 17:45:25.000000000,16.61863960435193
2026-03-23 17:14:45.000000000,45.35395012525362
2026-03-23 17:02:03.000000000,10.758198697757432
2026-03-23 17:09:07.000000000,10.877189399399079
2026-03-23 17:22:18.000000000,34.395030585167916
2026-03-23 17:46:32.000000000,24.422355336256864
2026-03-23 17:47:40.000000000,5.469382277246564
2026-03-23 17:12:01.000000000,10.60715208642134
2026-03-23 17:24:15.000000000,27.0422083586138
2026-03-23 17:47:44.000000000,20.95146227943265
2026-03-23 17:40:00.000000000,15.248783845677746
2026-03-23 17:15:24.000000000,50.94467017172597
2026-03-23 18:53:19.000000000,5.955480932823115
2026-03-23 18:12:08.000000000,10.735789874295463
2026-03-23 18:42:59.000000000,42.59826605353037
2026-03-23 18:44:52.000000000,23.60538497821609
2026-03-23 18:35:38.000000000,16.034390950737357
2026-03-23 18:30:50.000000000,8.713537538121072
2026-03-23 18:18:58.000000000,18.24670950063648
2026-03-23 18:06:40.000000000,12.58449772475587
2026-03-23 18:04:16.000000000,45.86004329041685
2026-03-23 18:16:21.000000000,13.087887738093018
2026-03-23 18:50:53.000000000,26.33147441304213
2026-03-23 18:44:29.000000000,14.313752989599925
2026-03-23 18:33:54.000000000,13.99451804943764
2026-03-23 18:14:08.000000000,18.727504271819445
2026-03-23 18:45:13.000000000,54.012657450955565
2026-03-23 18:14:38.000000000,8.59103764144242
2026-03-23 18:05:51.000000000,15.677010520813212
2026-03-23 18:34:18.000000000,20.652083401399548
2026-03-23 18:26:04.000000000,15.354298835693386
2026-03-23 19:32:56.000000000,10.599124249088426
2026-03-23 19:25:40.000000000,11.944682383479396
2026-03-23 19:56:33.000000000,45.397539312160156
2026-03-23 19:06:46.000000000,13.197703248640119
2026-03-23 19:02:53.000000000,14.126927349747083
2026-03-23 19:35:11.000000000,26.887492142173446
2026-03-23 19:05:24.000000000,27.80050998829913
2026-03-23 19:47:52.000000000,22.87234941853575
2026-03-23 19:07:43.000000000,13.446951970127758
2026-03-23 19:56:31.000000000,23.857556877687596
2026-03-23 19:36:06.000000000,11.440353581267798
2026-03-23 19:57:58.000000000,19.128942969498922
2026-03-23 19:07:31.000000000,25.64933604654549
2026-03-23 19:11:41.000000000,22.748042397204124
2026-03-23 20:57:25.000000000,34.01886638018161
2026-03-23 20:32:50.000000000,60.30810028899588
2026-03-23 20:43:03.000000000,23.4347024318703
2026-03-23 20:17:19.000000000,25.702197582071673
2026-03-23 20:46:32.000000000,16.315006317577115
2026-03-23 20:43:01.000000000,12.8274160838779
2026-03-23 20:10:50.000000000,29.282653281856124
2026-03-23 20:07:57.000000000,16.690028392436773
2026-03-23 20:25:59.000000000,10.583527482711988
2026-03-23 20:56:05.000000000,16.533809005700945
2026-03-23 20:39:16.000000000,18.845343666203803
2026-03-23 20:15:21.000000000,6.976564727722944
2026-03-23 20:51:46.000000000,13.963561292458577
2026-03-23 20:21:59.000000000,20.28492150648131
2026-03-23 20:09:18.000000000,13.948209142615086
2026-03-23 20:05:21.000000000,7.410071262493866
2026-03-23 20:17:52.000000000,47.75373822206497
2026-03-23 20:45:02.000000000,65.33976704606289
2026-03-23 20:02:06.000000000,89.4530394970553
2026-03-23 21:12:56.000000000,15.951761332568335
2026-03-23 21:01:03.000000000,7.411386511845332
2026-03-23 21:27:00.000000000,28.790492879102626
2026-03-23 21:55:16.000000000,11.755410971078009
2026-03-23 21:42:03.000000000,25.89228061712186
2026-03-23 21:45:05.000000000,178.60346153496852
2026-03-23 21:02:10.000000000,19.474457543742297
2026-03-23 22:12:35.000000000,11.811712745274733
2026-03-23 22:05:16.000000000,10.869172158478353
2026-03-23 22:12:27.000000000,13.662886346511492
2026-03-23 22:33:15.000000000,8.748473455333569
2026-03-23 22:53:00.000000000,8.878621718925903
2026-03-23 22:31:34.000000000,7.9603310883695695
2026-03-23 22:26:33.000000000,32.535277328551466
2026-03-23 23:25:23.000000000,12.026925518982909
2026-03-23 23:03:29.000000000,110.62066183301096
2026-03-23 23:45:05.000000000,18.140610879354107
2026-03-23 23:06:48.000000000,12.947142274536306
2026-03-23 23:58:13.000000000,61.19511828768777
2026-03-24 00:36:26.000000000,34.76972907663337
2026-03-24 00:23:18.000000000,7.727602254040026
2026-03-24 00:12:48.000000000,15.102138379414427
2026-03-24 00:47:38.000000000,72.78622624947705
2026-03-24 00:56:44.000000000,23.277777439855484
2026-03-24 00:18:32.000000000,47.003124726407734
2026-03-24 01:23:27.000000000,7.71427796229626
2026-03-24 01:22:47.000000000,59.3499536517158
2026-03-24 01:08:20.000000000,97.47906724707588
2026-03-24 01:09:21.000000000,96.759417363149
2026-03-24 01:10:03.000000000,8.017080225493487
2026-03-24 02:06:54.000000000,13.532335035464655
2026-03-24 02:42:55.000000000,31.9870501176169
2026-03-24 02:46:03.000000000,8.669195608021763
2026-03-24 03:42:15.000000000,10.660469436177653
2026-03-24 03:43:13.000000000,67.04057557193255
2026-03-24 04:54:38.000000000,6.659586154476442
2026-03-24 04:54:20.000000000,8.013065190290705
2026-03-24 04:02:22.000000000,16.912411259728252
2026-03-24 04:09:09.000000000,50.033581054249375
2026-03-24 05:42:02.000000000,22.12938116141416
2026-03-24 05:02:44.000000000,58.66250447537667
2026-03-24 05:32:32.000000000,138.92886722527717
2026-03-24 05:55:37.000000000,23.230263515303594
2026-03-24 05:59:18.000000000,8.789330325296904
2026-03-24 05:58:30.000000000,7.653395981424233
2026-03-24 05:16:15.000000000,75.07760964202146
2026-03-24 06:44:54.000000000,9.657999330580667
2026-03-24 06:35:00.000000000,15.223033301605682
2026-03-24 06:07:16.000000000,11.60917876201736
2026-03-24 06:16:09.000000000,14.013198295446296
2026-03-24 06:48:03.000000000,22.78627667048229
2026-03-24 06:34:14.000000000,8.715285407233498
2026-03-24 06:33:20.000000000,23.463140976399366
2026-03-24 06:50:22.000000000,11.173329689016665
2026-03-24 07:54:30.000000000,32.240056697112145
2026-03-24 07:30:54.000000000,38.08179078727345
2026-03-24 07:45:26.000000000,26.026075908690064
2026-03-24 07:55:50.000000000,12.143424481904704
2026-03-24 07:55:51.000000000,21.77665136085038
2026-03-24 07:36:10.000000000,36.76627909333883
2026-03-24 07:49:09.000000000,10.080344837657169
2026-03-24 07:29:38.000000000,14.118831149531818
2026-03-24 07:56:56.000000000,174.5240576311754
2026-03-24 07:37:09.000000000,25.946292300659508
2026-03-24 07:22:26.000000000,31.786698033661647
2026-03-24 07:53:45.000000000,11.791316430056293
2026-03-24 08:22:29.000000000,39.03526959391314
2026-03-24 08:29:47.000000000,6.832011221451095
2026-03-24 08:17:45.000000000,8.673966097147881
2026-03-24 08:24:13.000000000,18.431530508848738
2026-03-24 08:50:58.000000000,81.04801116813506
2026-03-24 08:12:58.000000000,20.351996213939216
2026-03-24 08:16:35.000000000,44.338123607530974
2026-03-24 08:49:06.000000000,37.73669915914712
2026-03-24 08:55:25.000000000,32.41888336559087
2026-03-24 08:08:55.000000000,29.224611101719834
2026-03-24 08:21:35.000000000,26.70837433608584
2026-03-24 08:42:34.000000000,14.107647486867235
2026-03-24 08:05:45.000000000,7.715442795867917
2026-03-24 08:14:55.000000000,28.58527412806188
2026-03-24 08:20:55.000000000,7.793515930180023
2026-03-24 08:38:21.000000000,26.981081892709845
2026-03-24 08:54:16.000000000,26.312436484575066
2026-03-24 08:39:02.000000000,24.62761178604588
2026-03-24 08:14:44.000000000,10.544307786307161
2026-03-24 08:14:28.000000000,5.874359474942354
2026-03-24 08:00:25.000000000,11.23632039488122
2026-03-24 08:54:22.000000000,37.32171965793782
2026-03-24 08:56:49.000000000,14.958395900692281
2026-03-24 08:09:45.000000000,11.464683144056554
2026-03-24 08:56:24.000000000,10.341190376787631
2026-03-24 09:17:52.000000000,12.93317979599402
2026-03-24 09:10:58.000000000,27.153593819586312
2026-03-24 09:32:18.000000000,9.077210334197696
2026-03-24 09:52:46.000000000,21.21520881429444
2026-03-24 09:54:41.000000000,15.134490815463934
2026-03-24 09:38:37.000000000,9.731495894848354
2026-03-24 09:37:55.000000000,93.60690715649658
2026-03-24 09:09:29.000000000,14.87113199918324
2026-03-24 09:38:33.000000000,13.393669462782803
2026-03-24 09:45:25.000000000,8.748092727991503
2026-03-24 09:43:52.000000000,10.055419855088827
2026-03-24 09:59:05.000000000,41.0211701451293
2026-03-24 09:26:44.000000000,45.534946547764854
2026-03-24 09:46:47.000000000,40.96029390931389
2026-03-24 09:05:10.000000000,27.464436710276797
2026-03-24 09:05:48.000000000,8.732391422586742
2026-03-24 09:33:38.000000000,25.377163584758662
2026-03-24 09:00:28.000000000,59.851270293500846
2026-03-24 09:23:52.000000000,5.999461772446973
2026-03-24 10:55:05.000000000,23.367863763838592
2026-03-24 10:23:44.000000000,34.0406451858623
2026-03-24 10:12:20.000000000,34.099484508488906
2026-03-24 10:01:08.000000000,8.75559289075056
2026-03-24 10:03:10.000000000,69.0894322339793
2026-03-24 10:28:53.000000000,13.969798614700604
2026-03-24 10:07:34.000000000,13.55778807873578
2026-03-24 10:16:05.000000000,8.72093439162512
2026-03-24 10:07:03.000000000,28.1364068655457
2026-03-24 10:08:25.000000000,16.403923921550163
2026-03-24 10:48:26.000000000,6.655201174251203
2026-03-24 10:58:24.000000000,14.393347434409629
2026-03-24 10:40:57.000000000,20.34251169802769
2026-03-24 11:12:19.000000000,23.04001463326876
2026-03-24 11:50:15.000000000,18.6477834449866
2026-03-24 11:08:26.000000000,12.814646484675373
2026-03-24 11:58:11.000000000,9.0670045065571
2026-03-24 11:20:12.000000000,30.445863426874883
2026-03-24 11:55:51.000000000,20.657093960435656
2026-03-24 11:06:03.000000000,39.347608407000656
2026-03-24 11:54:17.000000000,22.256061421561796
2026-03-24 11:17:25.000000000,18.295765953621135
2026-03-24 12:59:30.000000000,68.09171521365586
2026-03-24 12:13:57.000000000,44.392407882734695
2026-03-24 12:01:54.000000000,90.5418773683059
2026-03-24 12:04:24.000000000,11.533827672022944
2026-03-24 12:17:58.000000000,23.961783663515376
2026-03-24 12:42:30.000000000,25.17816059670821
2026-03-24 12:53:20.000000000,11.629246401054372
2026-03-24 13:37:03.000000000,26.867940586178708
2026-03-24 13:18:17.000000000,13.281084941856486
2026-03-24 13:38:21.000000000,28.261213157456353
2026-03-24 13:26:45.000000000,24.82254650394923
2026-03-24 13:29:51.000000000,44.104608939911174
2026-03-24 13:35:59.000000000,78.32510103695665
2026-03-24 13:22:25.000000000,21.87166110213548
2026-03-24 13:22:22.000000000,16.59212837578885
2026-03-24 13:45:25.000000000,176.57691293137376
2026-03-24 13:50:20.000000000,8.46544481811628
2026-03-24 13:41:10.000000000,28.733694865898773
2026-03-24 13:11:30.000000000,12.236293907214996
2026-03-24 13:17:11.000000000,33.55210923882029
2026-03-24 14:15:25.000000000,29.993429778630656
2026-03-24 14:53:13.000000000,26.157669374971594
2026-03-24 14:43:11.000000000,83.39915068769847
2026-03-24 14:57:06.000000000,11.231626981228402
2026-03-24 14:23:05.000000000,15.413656505410774
2026-03-24 14:46:22.000000000,8.512444879946772
2026-03-24 14:08:40.000000000,14.270996439305813
2026-03-24 14:10:20.000000000,23.028499499704267
2026-03-24 14:34:31.000000000,50.8898523681014
2026-03-24 15:53:29.000000000,11.932210415515241
2026-03-24 15:36:08.000000000,26.320588471923358
2026-03-24 15:09:55.000000000,65.35427188008894
2026-03-24 15:40:15.000000000,35.40972011240507
2026-03-24 15:08:42.000000000,21.20243673261671
2026-03-24 15:40:46.000000000,17.41686589820882
2026-03-24 15:16:15.000000000,38.583296330251265
2026-03-24 15:29:25.000000000,7.103679401337013
2026-03-24 15:10:28.000000000,23.70255279717711
2026-03-24 15:45:30.000000000,11.039555096331974
2026-03-24 15:09:52.000000000,9.107038818655631
2026-03-24 15:36:14.000000000,12.837946597171959
2026-03-24 15:28:18.000000000,14.09287272389009
2026-03-24 15:31:18.000000000,45.753153747669195
2026-03-24 15:27:32.000000000,29.941866463053046
2026-03-24 15:09:48.000000000,37.00525283773303
2026-03-24 15:58:15.000000000,40.87715607079033
2026-03-24 16:39:01.000000000,28.0143860907182
2026-03-24 16:45:52.000000000,23.73412153546518
2026-03-24 16:07:08.000000000,8.523122542020824
2026-03-24 16:18:26.000000000,14.524160785766606
2026-03-24 16:52:12.000000000,24.589195648493654
2026-03-24 16:07:56.000000000,19.096638924131547
2026-03-24 16:55:06.000000000,43.64561550256801
2026-03-24 16:04:19.000000000,12.88564276219947
2026-03-24 16:10:34.000000000,46.18091519527317
2026-03-24 16:19:30.000000000,25.05287997349482
2026-03-24 16:16:02.000000000,41.940165404379215
2026-03-24 16:48:58.000000000,26.790226498236642
2026-03-24 16:31:28.000000000,26.246958654357616
2026-03-24 17:39:58.000000000,15.412214748865528
2026-03-24 17:44:28.000000000,22.339682902173042
2026-03-24 17:25:52.000000000,33.706213550261715
2026-03-24 17:49:54.000000000,30.63888629150302
2026-03-24 17:13:53.000000000,33.50482946352382
2026-03-24 17:48:15.000000000,8.094031658385076
2026-03-24 17:20:07.000000000,8.36344989570406
2026-03-24 17:27:00.000000000,63.672497788976194
2026-03-24 17:04:11.000000000,71.21818354064771
2026-03-24 17:05:15.000000000,18.93827697487545
2026-03-24 17:39:14.000000000,21.436251605683385
2026-03-24 17:32:51.000000000,16.247966798316426
2026-03-24 17:22:39.000000000,43.92205939015918
2026-03-24 17:46:47.000000000,59.82443419710928
2026-03-24 17:34:50.000000000,26.105746288986197
2026-03-24 17:50:25.000000000,29.606237357623808
2026-03-24 17:09:54.000000000,14.605056440344104
2026-03-24 17:00:43.000000000,22.945925304828933
2026-03-24 17:18:41.000000000,9.218353408999914
2026-03-24 18:32:46.000000000,49.884201406334434
2026-03-24 18:46:12.000000000,9.962641755570731
2026-03-24 18:42:09.000000000,18.21870066401453
2026-03-24 18:02:14.000000000,18.785393540658053
2026-03-24 18:47:00.000000000,20.39050650805839
2026-03-24 18:30:10.000000000,31.133150875064
2026-03-24 18:01:53.000000000,23.220341944720943
2026-03-24 18:32:02.000000000,7.200951627590642
2026-03-24 18:19:00.000000000,9.311962782009774
2026-03-24 18:10:43.000000000,45.99731063990614
2026-03-24 18:56:43.000000000,28.460663050966957
2026-03-24 18:10:36.000000000,8.913914596240799
2026-03-24 18:08:24.000000000,13.082593479150814
2026-03-24 18:26:00.000000000,15.135662761062642
2026-03-24 18:02:51.000000000,147.2848358247737
2026-03-24 18:47:50.000000000,16.54985229748415
2026-03-24 18:02:04.000000000,10.827689336976857
2026-03-24 19:29:45.000000000,15.61882046278917
2026-03-24 19:50:03.000000000,15.151312987059187
2026-03-24 19:57:10.000000000,6.841829915423435
2026-03-24 19:07:17.000000000,23.049286039720815
2026-03-24 19:06:40.000000000,23.600553084363508
2026-03-24 19:01:36.000000000,12.503340598239165
2026-03-24 19:13:15.000000000,41.296903535398705
2026-03-24 19:32:54.000000000,39.84136707452876
2026-03-24 19:03:35.000000000,37.08844889250216
2026-03-24 19:55:29.000000000,10.438881017594905
2026-03-24 19:21:32.000000000,26.275803055474157
2026-03-24 20:48:54.000000000,7.217480470677631
2026-03-24 20:53:06.000000000,40.592531136119156
2026-03-24 20:04:00.000000000,29.49272677265656
2026-03-24 20:50:57.000000000,6.12995027732941
2026-03-24 20:23:49.000000000,8.916133958390809
2026-03-24 20:54:51.000000000,54.33247686708722
2026-03-24 20:45:01.000000000,17.79156924094722
2026-03-24 20:44:55.000000000,33.40040329761329
2026-03-24 20:36:45.000000000,21.99122449740532
2026-03-24 20:07:03.000000000,49.134696827147735
2026-03-24 20:50:10.000000000,51.09322084794445
2026-03-24 20:21:51.000000000,35.25154891966123
2026-03-24 20:56:01.000000000,20.974106561513853
2026-03-24 20:41:56.000000000,12.023767933057702
2026-03-24 20:09:01.000000000,13.454975337799011
2026-03-24 21:24:35.000000000,20.956819734673566
2026-03-24 21:14:38.000000000,44.148312876439306
2026-03-24 21:36:33.000000000,23.999750654256612
2026-03-24 21:12:42.000000000,56.26725705870906
2026-03-24 21:45:37.000000000,7.10706423035062
2026-03-24 21:58:41.000000000,11.530971528940698
2026-03-24 21:32:39.000000000,72.22771331673299
2026-03-24 21:44:22.000000000,15.084376150354116
2026-03-24 21:00:24.000000000,11.925335503642446
2026-03-24 21:54:01.000000000,37.62614133227885
2026-03-24 21:58:52.000000000,53.19652503144667
2026-03-24 21:41:30.000000000,31.47376141496349
2026-03-24 21:21:00.000000000,62.30748318453966
2026-03-24 21:50:35.000000000,12.298811983451689
2026-03-24 21:27:29.000000000,11.413307428100904
2026-03-24 22:46:41.000000000,14.98180472645161
2026-03-24 22:20:48.000000000,167.10813118741743
2026-03-24 22:09:58.000000000,10.724815388193399
2026-03-24 22:40:09.000000000,22.429512639780164
2026-03-24 22:51:05.000000000,35.45258531649595
2026-03-24 22:06:31.000000000,10.6602885476795
2026-03-24 22:09:49.000000000,54.575014006090576
2026-03-24 22:10:19.000000000,10.63333541914316
2026-03-24 22:14:00.000000000,9.601453391806912
2026-03-24 22:27:03.000000000,94.00884406543673
2026-03-24 22:15:02.000000000,18.481132190096666
2026-03-24 22:16:58.000000000,9.236940792720233
2026-03-24 22:56:49.000000000,13.970169085174547
2026-03-24 22:23:35.000000000,21.408841408020837
2026-03-24 22:02:10.000000000,7.172079748158513
2026-03-24 23:49:00.000000000,8.610350200301523
2026-03-24 23:15:35.000000000,5.967829857669797
2026-03-24 23:38:53.000000000,8.891169692643976
2026-03-24 23:50:59.000000000,10.61251697218832
2026-03-24 23:08:30.000000000,28.677532430274237
2026-03-24 23:42:52.000000000,18.135358653611515
2026-03-24 23:56:19.000000000,7.037143497400602
2026-03-24 23:06:05.000000000,107.68883651293393
2026-03-24 23:59:05.000000000,7.922444648479043
2026-03-24 23:25:52.000000000,8.985692340558913
2026-03-24 23:23:24.000000000,17.176024958460253
2026-03-24 23:10:23.000000000,84.51781376010673
2026-03-25 00:13:39.000000000,29.24639783180873
2026-03-25 00:49:44.000000000,18.37428519633805
2026-03-25 00:56:58.000000000,21.970063565209863
2026-03-25 00:40:44.000000000,21.271097990351738
2026-03-25 00:05:52.000000000,12.494446974256649
2026-03-25 00:20:04.000000000,26.349029997372988
2026-03-25 00:10:33.000000000,10.805892351643367
2026-03-25 00:00:22.000000000,15.445379885264787
2026-03-25 00:44:03.000000000,7.544279932357144
2026-03-25 01:06:11.000000000,22.11177047689328
2026-03-25 01:42:00.000000000,7.205780935954006
2026-03-25 01:13:11.000000000,14.297169457041537
2026-03-25 01:43:57.000000000,75.92201740174593
2026-03-25 02:16:12.000000000,100.30836232031349
2026-03-25 02:01:05.000000000,29.69448022722345
2026-03-25 02:13:15.000000000,16.1822362552333
2026-03-25 02:59:34.000000000,52.102914630983406
2026-03-25 02:34:41.000000000,41.64432961912567
2026-03-25 03:21:47.000000000,39.26973005815202
2026-03-25 03:15:11.000000000,15.108400869191076
2026-03-25 03:11:34.000000000,68.97593626259402
2026-03-25 03:03:31.000000000,45.58226851440049
2026-03-25 04:46:16.000000000,17.238380870113172
2026-03-25 04:20:10.000000000,53.94173019531537
2026-03-25 04:39:35.000000000,8.092135800218326
2026-03-25 04:53:05.000000000,30.025057251105316
2026-03-25 04:33:35.000000000,22.968333345417637
2026-03-25 04:27:27.000000000,10.071892039998222
2026-03-25 05:38:55.000000000,20.19852061995625
2026-03-25 05:55:54.000000000,41.40527377738707
2026-03-25 05:59:19.000000000,22.695693424935143
2026-03-25 06:47:09.000000000,29.658933862702543
2026-03-25 06:59:17.000000000,107.65350156523057
2026-03-25 06:59:28.000000000,8.001904687399387
2026-03-25 06:24:41.000000000,16.0329727551288
2026-03-25 06:23:33.000000000,18.795146591306754
2026-03-25 06:24:56.000000000,56.75759063363739
2026-03-25 06:04:09.000000000,76.16153231745967
2026-03-25 06:55:27.000000000,13.259087442327038
2026-03-25 06:45:45.000000000,64.34502663693733
2026-03-25 06:43:53.000000000,26.492339386368435
2026-03-25 06:52:31.000000000,19.14209540367438
2026-03-25 06:01:33.000000000,12.613343528685482
2026-03-25 07:53:00.000000000,12.277167945911923
2026-03-25 07:19:13.000000000,11.635391313321486
2026-03-25 07:45:08.000000000,22.07702915630803
2026-03-25 07:48:49.000000000,24.615231921849976
2026-03-25 07:53:40.000000000,64.6831935382791
2026-03-25 07:00:09.000000000,10.401842404318149
2026-03-25 07:35:07.000000000,21.681822478272853
2026-03-25 07:17:12.000000000,8.61486641222363
2026-03-25 07:27:37.000000000,14.36645360101519
2026-03-25 07:46:10.000000000,9.600746522772466
2026-03-25 07:46:09.000000000,140.66343998545744
2026-03-25 07:54:03.000000000,46.438273630913706
2026-03-25 07:00:41.000000000,9.87604487814127
2026-03-25 07:29:10.000000000,7.1867537390401255
2026-03-25 07:53:50.000000000,31.472761822991508
2026-03-25 08:24:42.000000000,21.335870123266602
2026-03-25 08:47:34.000000000,22.978912427560637
2026-03-25 08:30:20.000000000,15.402005635479604
2026-03-25 08:56:33.000000000,11.553961161316845
2026-03-25 08:40:10.000000000,21.41572981858681
2026-03-25 08:12:58.000000000,14.148452618571039
2026-03-25 08:58:05.000000000,10.425622912405853
2026-03-25 08:14:37.000000000,15.366849347088316
2026-03-25 08:03:11.000000000,12.115595963067337
2026-03-25 08:18:18.000000000,16.02674961033255
2026-03-25 08:25:54.000000000,6.312512765069133
2026-03-25 08:56:31.000000000,8.440268075375108
2026-03-25 08:33:37.000000000,23.333407431858802
2026-03-25 08:07:36.000000000,22.374138321759734
2026-03-25 08:05:33.000000000,30.791872427769164
2026-03-25 08:00:40.000000000,12.204223542699678
2026-03-25 08:29:21.000000000,26.457987533357084
2026-03-25 08:14:18.000000000,9.517800920809695
2026-03-25 08:09:00.000000000,19.53943058498348
2026-03-25 08:23:28.000000000,26.451091337200126
2026-03-25 08:53:20.000000000,11.908756334749043
2026-03-25 09:32:46.000000000,9.819991344488121
2026-03-25 09:58:55.000000000,28.813671965277873
2026-03-25 09:59:17.000000000,10.095977264694831
2026-03-25 09:59:04.000000000,14.345475979566917
2026-03-25 09:32:50.000000000,117.42416725656402
2026-03-25 09:15:31.000000000,16.762740315109543
2026-03-25 09:58:12.000000000,24.29916184396058
2026-03-25 09:52:44.000000000,8.53279615599147
2026-03-25 09:10:26.000000000,36.89966023149627
2026-03-25 09:28:05.000000000,27.322684628363398
2026-03-25 09:31:36.000000000,24.646125116868486
2026-03-25 09:19:04.000000000,54.668604404377334
2026-03-25 09:29:54.000000000,22.6623233251132
2026-03-25 09:06:01.000000000,59.76119605864465
2026-03-25 09:50:25.000000000,65.37288080707094
2026-03-25 09:18:27.000000000,30.30837440016193
2026-03-25 09:49:14.000000000,27.564350021715228
2026-03-25 10:50:57.000000000,34.492234035496416
2026-03-25 10:59:34.000000000,14.361870970827846
2026-03-25 10:39:21.000000000,35.36479292461961
2026-03-25 10:46:36.000000000,19.513460942007498
2026-03-25 10:14:06.000000000,19.90179795231038
2026-03-25 10:24:44.000000000,10.991660790206632
2026-03-25 10:45:16.000000000,7.265450961988456
2026-03-25 10:55:45.000000000,30.44092415574119
2026-03-25 10:33:13.000000000,30.95863186647998
2026-03-25 10:31:59.000000000,49.45053631416643
2026-03-25 10:56:32.000000000,111.25034726988359
2026-03-25 10:49:48.000000000,14.452313768413463
2026-03-25 10:14:57.000000000,7.707607863329697
2026-03-25 10:13:20.000000000,30.786920643142572
2026-03-25 11:58:21.000000000,28.422048057781197
2026-03-25 11:30:24.000000000,18.762650479838324
2026-03-25 11:35:30.000000000,18.509491727533256
2026-03-25 11:05:08.000000000,16.766782030732905
2026-03-25 11:39:02.000000000,58.45814997277918
2026-03-25 11:36:16.000000000,8.518344531057062
2026-03-25 11:49:41.000000000,16.261415200305322
2026-03-25 11:20:35.000000000,16.19198862412966
2026-03-25 11:13:01.000000000,47.20646434493997
2026-03-25 11:40:49.000000000,119.21609370833136
2026-03-25 11:50:23.000000000,161.04089486963156
2026-03-25 12:22:35.000000000,44.23336143387026
2026-03-25 12:04:17.000000000,39.503177221314324
2026-03-25 12:23:57.000000000,43.70104928905453
2026-03-25 12:22:15.000000000,57.71095193905828
2026-03-25 12:15:57.000000000,31.35082341285428
2026-03-25 12:57:13.000000000,35.93937249028231
2026-03-25 12:51:14.000000000,11.828362695244687
2026-03-25 12:45:04.000000000,7.771322283752737
2026-03-25 12:58:50.000000000,7.952450644498168
2026-03-25 12:18:10.000000000,8.203399006454845
2026-03-25 12:52:30.000000000,24.4496217934483
2026-03-25 12:26:46.000000000,26.45651371987425
2026-03-25 12:08:15.000000000,44.119572335785165
2026-03-25 12:46:16.000000000,250.85364952568702
2026-03-25 12:48:43.000000000,22.372854181323227
2026-03-25 12:43:43.000000000,21.263545451865692
2026-03-25 12:31:20.000000000,28.49873191198631
2026-03-25 13:29:30.000000000,11.864279393856636
2026-03-25 13:15:11.000000000,11.496494201839823
2026-03-25 13:17:49.000000000,52.6772517430852
2026-03-25 13:11:05.000000000,78.92670500832807
2026-03-25 13:13:35.000000000,8.658822650747977
2026-03-25 13:36:28.000000000,8.718429955051795
2026-03-25 13:19:44.000000000,86.515211638939
2026-03-25 13:50:31.000000000,43.565280388978486
2026-03-25 13:48:57.000000000,18.837095954827888
2026-03-25 13:40:11.000000000,53.47290784250348
2026-03-25 13:07:27.000000000,15.037847369986112
2026-03-25 13:46:23.000000000,18.474973841007174
2026-03-25 13:01:36.000000000,15.099774140296903
2026-03-25 13:19:06.000000000,20.412284873857253
2026-03-25 14:53:59.000000000,13.910919847397011
2026-03-25 14:46:03.000000000,58.7179224697147
2026-03-25 14:36:48.000000000,35.45166427175109
2026-03-25 14:38:31.000000000,26.551816088657603
2026-03-25 14:57:52.000000000,8.590077394138394
2026-03-25 14:54:30.000000000,16.7953923186686
2026-03-25 14:37:50.000000000,62.158482009103764
2026-03-25 14:09:05.000000000,19.330722679855253
2026-03-25 14:23:46.000000000,9.68340952571301
2026-03-25 14:11:58.000000000,21.42675445125298
2026-03-25 14:09:32.000000000,8.763799403344613
2026-03-25 14:01:46.000000000,56.41930966639709
2026-03-25 14:01:32.000000000,7.494301501549153
2026-03-25 15:54:52.000000000,8.584067220704373
2026-03-25 15:26:15.000000000,21.811218851322778
2026-03-25 15:55:10.000000000,67.35429082815362
2026-03-25 15:26:48.000000000,35.06623625477471
2026-03-25 15:17:23.000000000,26.171290432657827
2026-03-25 15:09:51.000000000,14.29681134461626
2026-03-25 15:17:20.000000000,67.06254460489453
2026-03-25 15:24:21.000000000,14.05888734500832
2026-03-25 15:50:56.000000000,9.916043397974258
2026-03-25 15:37:11.000000000,28.517100171831206
2026-03-25 15:02:41.000000000,53.82327240907117
2026-03-25 15:20:38.000000000,25.15451960468787
2026-03-25 15:04:48.000000000,7.288329227859504
2026-03-25 15:24:38.000000000,16.962693085247924
2026-03-25 16:29:07.000000000,19.310845764554276
2026-03-25 16:46:25.000000000,19.14828568102362
2026-03-25 16:20:08.000000000,10.865745939884173
2026-03-25 16:42:10.000000000,54.827670696722585
2026-03-25 16:07:00.000000000,125.35254840950773
2026-03-25 16:49:04.000000000,16.670844785781213
2026-03-25 16:08:05.000000000,38.29054961589087
2026-03-25 16:34:23.000000000,40.71371214774192
2026-03-25 16:08:28.000000000,22.480721088606337
2026-03-25 16:52:33.000000000,22.82404705024018
2026-03-25 16:02:18.000000000,32.06144447555953
2026-03-25 16:45:07.000000000,335.6102847446884
2026-03-25 16:12:38.000000000,55.64348199125688
2026-03-25 16:16:24.000000000,41.07106493454068
2026-03-25 16:04:46.000000000,53.91887358246557
2026-03-25 16:30:31.000000000,9.305061402035582
2026-03-25 16:09:38.000000000,25.564074804018468
2026-03-25 17:28:47.000000000,25.881256338810935
2026-03-25 17:32:27.000000000,54.13957934140192
2026-03-25 17:37:31.000000000,8.275574737715575
2026-03-25 17:32:19.000000000,13.634994248928889
2026-03-25 17:44:01.000000000,15.65431278592053
2026-03-25 17:10:22.000000000,10.873708735184188
2026-03-25 17:30:42.000000000,11.425398921587918
2026-03-25 17:28:51.000000000,19.985903636682686
2026-03-25 17:06:16.000000000,23.636250134757987
2026-03-25 17:59:06.000000000,28.961654800778142
2026-03-25 17:26:30.000000000,123.79311577454976
2026-03-25 17:18:12.000000000,8.568910435388634
2026-03-25 17:03:29.000000000,11.54611319560536
2026-03-25 17:58:03.000000000,31.059217539117448
2026-03-25 17:19:09.000000000,23.395236354116488
2026-03-25 17:58:11.000000000,11.275828489196668
2026-03-25 17:45:09.000000000,8.584067220704373
2026-03-25 18:43:36.000000000,17.64054607105242
2026-03-25 18:23:29.000000000,36.650117458886
2026-03-25 18:52:45.000000000,28.283650951921757
2026-03-25 18:09:41.000000000,38.60508898668318
2026-03-25 18:21:50.000000000,98.28903979038857
2026-03-25 18:39:33.000000000,19.17405001666188
2026-03-25 18:26:42.000000000,65.90186501789529
2026-03-25 18:22:40.000000000,10.17092020456748
2026-03-25 18:45:36.000000000,46.76850583204916
2026-03-25 18:11:18.000000000,97.25705843734848
2026-03-25 18:47:10.000000000,10.217693639760304
2026-03-25 18:06:40.000000000,5.574982404034456
2026-03-25 18:28:19.000000000,18.94395882074235
2026-03-25 18:52:56.000000000,15.873573250729935
2026-03-25 18:59:07.000000000,21.254563080312057
2026-03-25 18:12:53.000000000,13.710840500161732
2026-03-25 19:12:28.000000000,14.299836805804288
2026-03-25 19:32:21.000000000,26.01288598986512
2026-03-25 19:38:22.000000000,6.001310066909556
2026-03-25 19:50:41.000000000,13.491225560009282
2026-03-25 19:06:22.000000000,14.345874658185407
2026-03-25 19:16:31.000000000,30.851427070104407
2026-03-25 19:13:48.000000000,7.332024024366835
2026-03-25 19:11:20.000000000,26.26274108569348
2026-03-25 19:11:37.000000000,15.094760733091444
2026-03-25 19:11:03.000000000,7.0631970399201425
2026-03-25 19:36:15.000000000,11.109856218843342
2026-03-25 19:44:12.000000000,10.516022769812356
2026-03-25 19:38:37.000000000,35.10599302853143
2026-03-25 19:16:44.000000000,28.450091820867048
2026-03-25 19:20:05.000000000,13.500315151185868
2026-03-25 19:25:12.000000000,10.46330653996501
2026-03-25 20:23:27.000000000,72.29688448874401
2026-03-25 20:02:25.000000000,72.72363631815301
2026-03-25 20:36:14.000000000,24.865227487885793
2026-03-25 20:26:15.000000000,7.8720305950788045
2026-03-25 20:35:22.000000000,12.426133520952087
2026-03-25 20:02:31.000000000,30.848050470950774
2026-03-25 20:22:16.000000000,12.267508583004922
2026-03-25 20:41:40.000000000,59.097381048843076
2026-03-25 20:32:22.000000000,40.81527759971411
2026-03-25 20:01:46.000000000,6.276235822996641
2026-03-25 20:44:15.000000000,6.802198897567711
2026-03-25 20:20:56.000000000,39.149433068627474
2026-03-25 20:16:12.000000000,12.354159794708211
2026-03-25 20:05:18.000000000,10.879475306996106
2026-03-25 21:50:39.000000000,70.26294871465144
2026-03-25 21:33:32.000000000,29.082066557117614
2026-03-25 21:12:59.000000000,98.16000339966085
2026-03-25 21:04:13.000000000,15.72386613937549
2026-03-25 21:34:00.000000000,17.692566631520283
2026-03-25 21:16:08.000000000,12.419298976877627
2026-03-25 21:14:05.000000000,12.157795418379372
2026-03-25 21:26:21.000000000,29.510728555076447
2026-03-25 21:05:50.000000000,29.861196733117247
2026-03-25 21:34:26.000000000,54.590582829714926
2026-03-25 22:45:03.000000000,30.339128022748326
2026-03-25 22:43:47.000000000,27.950694821726962
2026-03-25 22:39:57.000000000,15.020934151750978
2026-03-25 22:06:01.000000000,44.48909659896065
2026-03-25 22:16:13.000000000,12.807429925957313
2026-03-25 22:03:23.000000000,8.980228323144273
2026-03-25 22:52:10.000000000,66.37990212577748
2026-03-25 22:56:39.000000000,22.95575366169085
2026-03-25 22:23:52.000000000,18.058496419635727
2026-03-25 22:25:03.000000000,15.177807182173016
2026-03-25 22:55:17.000000000,15.134142790065958
2026-03-25 22:35:52.000000000,13.268244691855683
2026-03-25 22:45:18.000000000,29.26113932503027
2026-03-25 22:42:58.000000000,22.656491158721447
2026-03-25 22:05:21.000000000,30.747545678282084
2026-03-25 22:18:55.000000000,18.43154354670546
2026-03-25 22:44:36.000000000,6.21988939854826
2026-03-25 23:05:23.000000000,64.14256622874343
2026-03-25 23:21:58.000000000,8.067674894099916
2026-03-25 23:29:55.000000000,12.883193550678602
2026-03-25 23:40:56.000000000,31.775815536572097
2026-03-25 23:27:38.000000000,10.532775029237813
2026-03-26 00:21:06.000000000,14.538309155298817
2026-03-26 00:57:21.000000000,19.00355957275974
2026-03-26 00:56:42.000000000,5.439816962520203
2026-03-26 00:22:58.000000000,21.484912116073495
2026-03-26 00:20:51.000000000,5.181639745209354
2026-03-26 00:15:08.000000000,30.759123409624983
2026-03-26 00:53:41.000000000,18.10811394325386
2026-03-26 00:52:42.000000000,8.313058610755512
2026-03-26 00:07:58.000000000,10.818575933333518
2026-03-26 00:16:13.000000000,5.13821267699643
2026-03-26 01:01:33.000000000,11.577556884518236
2026-03-26 01:40:10.000000000,29.56429798369039
2026-03-26 01:33:39.000000000,28.46078665806796
2026-03-26 01:06:04.000000000,14.360514455664127
2026-03-26 01:27:17.000000000,20.007834408323166
2026-03-26 01:39:54.000000000,49.35038922520487
2026-03-26 01:07:31.000000000,40.60154603381558
2026-03-26 01:58:58.000000000,133.07532206823117
2026-03-26 02:50:49.000000000,21.703935305328923
2026-03-26 02:51:29.000000000,24.819530638143267
2026-03-26 02:54:55.000000000,53.179965040966714
2026-03-26 03:58:32.000000000,46.67431286968767
2026-03-26 03:32:50.000000000,9.036080670147815
2026-03-26 03:07:22.000000000,11.55178929828341
2026-03-26 03:48:50.000000000,13.232468754972285
2026-03-26 04:37:48.000000000,49.04014474510367
2026-03-26 04:41:23.000000000,12.820326665742916
2026-03-26 04:07:50.000000000,33.805482340934276
2026-03-26 05:28:46.000000000,18.618691528997388
2026-03-26 05:19:31.000000000,11.395584680967085
2026-03-26 05:12:28.000000000,127.27030605878434
2026-03-26 05:19:45.000000000,17.174661023571563
2026-03-26 05:10:04.000000000,33.42670845636702
2026-03-26 06:43:00.000000000,10.429608787221424
2026-03-26 06:08:42.000000000,7.629930099997626
2026-03-26 06:52:30.000000000,95.63999989281349
2026-03-26 06:46:23.000000000,5.425732129334589
2026-03-26 06:43:19.000000000,14.297630774955383
2026-03-26 06:08:35.000000000,7.112061600551353
2026-03-26 06:38:04.000000000,12.64890339981176
2026-03-26 06:35:32.000000000,26.265473438290442
2026-03-26 06:34:17.000000000,29.88136146726639
2026-03-26 07:09:24.000000000,20.69947089930388
2026-03-26 07:14:22.000000000,18.885807385316106
2026-03-26 07:33:55.000000000,34.520508632756034
2026-03-26 07:20:10.000000000,12.19254457173173
2026-03-26 07:25:37.000000000,18.3966377617353
2026-03-26 07:43:30.000000000,15.209559557093781
2026-03-26 07:04:58.000000000,19.48616343957214
2026-03-26 07:33:46.000000000,6.243292774610102
2026-03-26 07:21:27.000000000,34.71649298476746
2026-03-26 07:31:25.000000000,73.0243292210602
2026-03-26 07:31:00.000000000,62.88153277968735
2026-03-26 07:53:30.000000000,28.393030914305918
2026-03-26 07:30:44.000000000,70.21003949821676
2026-03-26 07:12:25.000000000,31.6156321675505
2026-03-26 07:57:33.000000000,26.7172202862901
2026-03-26 07:59:51.000000000,105.32842941662702
2026-03-26 07:50:47.000000000,41.87810876868773
2026-03-26 07:23:58.000000000,27.73268190457206
2026-03-26 07:21:24.000000000,18.75051257386861
2026-03-26 07:33:44.000000000,12.30164284449681
2026-03-26 08:30:01.000000000,38.22212079856013
2026-03-26 08:15:28.000000000,9.757792432189989
2026-03-26 08:49:25.000000000,27.36096302871875
2026-03-26 08:26:29.000000000,12.643573486795457
2026-03-26 08:27:04.000000000,30.902207103299105
2026-03-26 08:45:27.000000000,5.433899666493192
2026-03-26 08:36:16.000000000,12.356473663996537
2026-03-26 08:02:36.000000000,25.18429404671765
2026-03-26 08:21:27.000000000,140.3357491727518
2026-03-26 08:03:32.000000000,23.728223499876385
2026-03-26 08:44:46.000000000,24.346343138788377
2026-03-26 08:43:30.000000000,34.5745279946264
2026-03-26 08:32:52.000000000,12.256560190936057
2026-03-26 08:41:03.000000000,8.403283584241704
2026-03-26 08:16:30.000000000,16.98997130029671
2026-03-26 08:40:33.000000000,12.494088763301056
2026-03-26 08:29:49.000000000,31.442505914525352
2026-03-26 08:46:54.000000000,27.78556856890159
2026-03-26 08:28:38.000000000,26.782850226951737
2026-03-26 08:27:02.000000000,13.396592004891453
2026-03-26 08:07:36.000000000,17.79786248871175
2026-03-26 08:14:19.000000000,10.698679452950675
2026-03-26 08:42:41.000000000,6.154683610939656
2026-03-26 08:10:14.000000000,34.4320429850706
2026-03-26 08:40:47.000000000,22.105347411818553
2026-03-26 09:01:54.000000000,82.62339860868182
2026-03-26 09:12:38.000000000,69.32395905475035
2026-03-26 09:53:55.000000000,15.222433543825497
2026-03-26 09:31:26.000000000,17.38771447512724
2026-03-26 09:11:02.000000000,16.89004555284098
2026-03-26 09:23:22.000000000,13.74846881118589
2026-03-26 09:23:03.000000000,58.661795576605925
2026-03-26 09:28:42.000000000,14.376826414384603
2026-03-26 09:09:16.000000000,100.10201790719552
2026-03-26 09:23:06.000000000,8.263615620633905
2026-03-26 09:47:43.000000000,10.90777423295541
2026-03-26 09:07:25.000000000,26.665046846174725
2026-03-26 09:16:19.000000000,36.2523523236175
2026-03-26 09:42:11.000000000,8.692883348057094
2026-03-26 09:06:23.000000000,12.066238886595873
2026-03-26 09:39:30.000000000,15.935846704688192
2026-03-26 09:10:34.000000000,11.829669594466338
2026-03-26 09:16:05.000000000,8.116053663942433
2026-03-26 10:57:36.000000000,35.77921205433647
2026-03-26 10:01:16.000000000,31.469032068554853
2026-03-26 10:50:55.000000000,130.3230181334851
2026-03-26 10:57:51.000000000,11.571350545146633
2026-03-26 10:14:57.000000000,18.32898134727446
2026-03-26 10:21:35.000000000,23.53760394969156
2026-03-26 10:56:48.000000000,40.86729468104004
2026-03-26 10:33:28.000000000,76.62901311296503
2026-03-26 10:15:24.000000000,34.94343028236783
2026-03-26 10:18:34.000000000,31.10887411199905
2026-03-26 10:22:59.000000000,99.31393506707151
2026-03-26 10:09:15.000000000,8.46012133203693
2026-03-26 10:04:11.000000000,9.554672132326155
2026-03-26 10:00:14.000000000,18.377866863828455
2026-03-26 11:40:40.000000000,22.192390316127224
2026-03-26 11:49:10.000000000,7.89185872128018
2026-03-26 11:32:10.000000000,16.78255697448714
2026-03-26 11:32:37.000000000,86.10133737632367
2026-03-26 11:52:19.000000000,17.14520280356136
2026-03-26 11:19:20.000000000,12.281895780796726
2026-03-26 11:32:56.000000000,122.61550927901929
2026-03-26 11:21:28.000000000,10.294824177124882
2026-03-26 11:21:51.000000000,12.50829027538557
2026-03-26 11:13:34.000000000,6.142715849463127
2026-03-26 11:53:53.000000000,11.354048884778287
2026-03-26 12:07:02.000000000,38.6875236545925
2026-03-26 12:01:09.000000000,13.06028006960442
2026-03-26 12:08:18.000000000,8.55002813989211
2026-03-26 12:56:31.000000000,59.00600369868632
2026-03-26 12:11:20.000000000,8.058865302636944
2026-03-26 12:30:39.000000000,28.681161229609348
2026-03-26 12:01:17.000000000,12.12815356461023
2026-03-26 12:12:03.000000000,70.81804709245301
2026-03-26 12:58:29.000000000,47.11438988824535
2026-03-26 12:08:06.000000000,10.486045791608994
2026-03-26 13:34:03.000000000,73.65852419866751
2026-03-26 13:06:09.000000000,19.49546916901211
2026-03-26 13:37:30.000000000,27.071382443762378
2026-03-26 13:28:39.000000000,51.54188106433485
2026-03-26 13:40:35.000000000,21.52406418854244
2026-03-26 13:27:16.000000000,46.23130943239837
2026-03-26 13:50:52.000000000,18.71610059925464
2026-03-26 13:03:23.000000000,8.956503212238431
2026-03-26 13:10:32.000000000,95.17114490615808
2026-03-26 13:46:30.000000000,17.256621988681673
2026-03-26 13:47:41.000000000,15.970941325033026
2026-03-26 13:14:23.000000000,23.55642468413611
2026-03-26 13:50:03.000000000,9.558114896771897
2026-03-26 13:47:06.000000000,180.69129060436921
2026-03-26 13:53:46.000000000,63.85674706769147
2026-03-26 14:35:38.000000000,13.596297204063202
2026-03-26 14:17:11.000000000,11.977263415621264
2026-03-26 14:04:43.000000000,32.09664815621285
2026-03-26 14:30:55.000000000,25.608718167524028
2026-03-26 14:34:30.000000000,35.73158154593572
2026-03-26 14:24:05.000000000,28.197232979306616
2026-03-26 14:18:19.000000000,19.013832957448965
2026-03-26 14:30:51.000000000,34.8551504190028
2026-03-26 14:58:05.000000000,89.92179916496698
2026-03-26 14:12:25.000000000,79.40931006864686
2026-03-26 14:56:23.000000000,18.82457507768771
2026-03-26 14:34:57.000000000,11.486798455284084
2026-03-26 14:10:11.000000000,17.980693809409967
2026-03-26 15:08:52.000000000,11.485687472530715
2026-03-26 15:56:06.000000000,12.148384137898942
2026-03-26 15:19:34.000000000,28.056353808531306
2026-03-26 15:28:51.000000000,12.519593324648477
2026-03-26 15:51:05.000000000,26.18235262131249
2026-03-26 15:58:43.000000000,36.51364579983998
2026-03-26 15:48:01.000000000,19.338316616525614
2026-03-26 15:17:40.000000000,8.085795152279587
2026-03-26 15:52:43.000000000,8.523152481766497
2026-03-26 15:46:43.000000000,14.871205062797962
2026-03-26 15:42:25.000000000,10.14812112661403
2026-03-26 15:53:13.000000000,13.577984366967787
2026-03-26 15:01:09.000000000,13.165979368582168
2026-03-26 15:49:18.000000000,34.51918848505479
2026-03-26 15:42:38.000000000,85.86306732570205
2026-03-26 15:48:02.000000000,46.087922910606956
2026-03-26 15:53:04.000000000,215.3048880196569
2026-03-26 15:01:56.000000000,41.796499709843644
2026-03-26 16:08:38.000000000,15.41514627418351
2026-03-26 16:39:29.000000000,14.553654482130684
2026-03-26 16:17:37.000000000,21.42247180334465
2026-03-26 16:45:24.000000000,106.44743794290652
2026-03-26 16:22:23.000000000,12.610473160932136
2026-03-26 16:11:50.000000000,17.75909353172656
2026-03-26 16:55:03.000000000,24.82358424433319
2026-03-26 16:28:35.000000000,23.917996254149195
2026-03-26 16:37:48.000000000,32.734712586939224
2026-03-26 16:12:29.000000000,22.67991235524018
2026-03-26 16:38:41.000000000,8.579496977496026
2026-03-26 16:45:33.000000000,98.81155980422957
2026-03-26 16:44:14.000000000,22.673037946925334
2026-03-26 16:03:00.000000000,100.42500299070149
2026-03-26 16:52:57.000000000,17.50529217966559
2026-03-26 16:24:37.000000000,10.55007408312893
2026-03-26 16:00:10.000000000,171.62813753631073
2026-03-26 17:20:15.000000000,28.18332115626808
2026-03-26 17:15:23.000000000,26.971258321998054
2026-03-26 17:52:41.000000000,13.034842300887266
2026-03-26 17:50:47.000000000,10.6677089165498
2026-03-26 17:32:23.000000000,17.24305445695645
2026-03-26 17:48:07.000000000,44.22339433047957
2026-03-26 17:08:19.000000000,28.977404629321704
2026-03-26 17:26:39.000000000,12.444636172648453
2026-03-26 17:48:17.000000000,15.629645411181064
2026-03-26 17:22:04.000000000,78.40775201915562
2026-03-26 17:41:27.000000000,17.34649980749455
2026-03-26 17:53:26.000000000,33.767704760857896
2026-03-26 17:08:44.000000000,15.243395233735896
2026-03-26 17:27:31.000000000,10.375828686732586
2026-03-26 17:10:48.000000000,7.962513621791455
2026-03-26 17:36:37.000000000,13.842353813496231
2026-03-26 17:27:46.000000000,47.784662721466596
2026-03-26 17:55:32.000000000,8.92802967298898
2026-03-26 17:19:48.000000000,8.452180920605985
2026-03-26 18:16:08.000000000,22.392020346384797
2026-03-26 18:07:28.000000000,8.651968147982812
2026-03-26 18:50:03.000000000,24.16792016361789
2026-03-26 18:31:01.000000000,13.50282686383011
2026-03-26 18:06:20.000000000,28.07397319426825
2026-03-26 18:34:44.000000000,15.42659083952068
2026-03-26 18:41:13.000000000,21.098006079620223
2026-03-26 18:39:42.000000000,21.733658421552928
2026-03-26 18:46:19.000000000,67.63019239677044
2026-03-26 18:48:36.000000000,10.356087565747695
2026-03-26 18:23:59.000000000,21.277615715215102
2026-03-26 18:46:55.000000000,13.85690290306131
2026-03-26 18:42:14.000000000,25.476519397756128
2026-03-26 18:17:11.000000000,28.119826951700936
2026-03-26 19:42:53.000000000,8.705721971524023
2026-03-26 19:35:55.000000000,14.807790930759452
2026-03-26 19:45:55.000000000,29.757203786206965
2026-03-26 19:06:03.000000000,39.16589317308782
2026-03-26 19:11:57.000000000,8.740800967294584
2026-03-26 19:00:18.000000000,10.299962361055837
2026-03-26 19:45:06.000000000,55.13606522822275
2026-03-26 19:44:22.000000000,14.235382458884025
2026-03-26 19:42:35.000000000,51.47679132561259
2026-03-26 19:10:31.000000000,11.590362278406163
2026-03-26 19:41:27.000000000,120.69071086086915
2026-03-26 19:37:23.000000000,55.28850557585127
2026-03-26 19:20:13.000000000,15.882495650107398
2026-03-26 19:00:38.000000000,13.756127753410272
2026-03-26 19:33:01.000000000,45.158779814766355
2026-03-26 19:58:40.000000000,15.213498510439978
2026-03-26 19:29:49.000000000,50.015458459791425
2026-03-26 19:33:26.000000000,9.917041654495089
2026-03-26 20:06:37.000000000,11.984929218015274
2026-03-26 20:38:32.000000000,18.484098571751932
2026-03-26 20:31:51.000000000,35.548285103855726
2026-03-26 20:05:54.000000000,22.618338254653736
2026-03-26 20:02:42.000000000,9.995678363724549
2026-03-26 20:20:07.000000000,15.039195759783725
2026-03-26 20:19:46.000000000,9.560906848918345
2026-03-26 20:03:40.000000000,40.945984923494564
2026-03-26 20:38:43.000000000,101.99946346782862
2026-03-26 20:32:03.000000000,7.985417885323519
2026-03-26 21:16:20.000000000,66.36427779636722
2026-03-26 21:24:44.000000000,45.6605099741641
2026-03-26 21:20:58.000000000,9.284811347736486
2026-03-26 21:58:08.000000000,12.225507350600404
2026-03-26 21:28:33.000000000,26.71834833712754
2026-03-26 21:17:41.000000000,26.310527723437794
2026-03-26 21:00:45.000000000,63.50073330865842
2026-03-26 21:45:18.000000000,51.834429539790094
2026-03-26 21:49:58.000000000,66.19473422831369
2026-03-26 21:34:44.000000000,28.19633368997083
2026-03-26 21:33:10.000000000,34.59560173784537
2026-03-26 21:41:17.000000000,38.65466766105525
2026-03-26 21:16:54.000000000,29.606206912872146
2026-03-26 21:51:08.000000000,24.355872455520842
2026-03-26 21:49:38.000000000,25.687238490494025
2026-03-26 22:02:07.000000000,64.22262696373878
2026-03-26 22:26:03.000000000,8.694449116532242
2026-03-26 22:53:19.000000000,6.682872925066289
2026-03-26 22:21:17.000000000,28.497827824363743
2026-03-26 22:24:47.000000000,30.927588282257595
2026-03-26 22:09:08.000000000,25.628813524871248
2026-03-26 22:13:54.000000000,6.732959772544702
2026-03-26 22:58:45.000000000,24.924381860066436
2026-03-26 22:00:57.000000000,22.963993115290855
2026-03-26 22:44:22.000000000,62.975059110165034
2026-03-26 22:34:17.000000000,28.466014174245714
2026-03-26 22:09:18.000000000,15.83615570959436
2026-03-26 22:58:00.000000000,18.518105761305804
2026-03-26 22:26:16.000000000,17.46376225901091
2026-03-26 22:02:56.000000000,90.76548699762994
2026-03-26 22:38:20.000000000,10.736064163195781
2026-03-26 22:21:00.000000000,39.664916125864906
2026-03-26 22:57:51.000000000,32.01840359177777
2026-03-26 22:56:57.000000000,10.688055653216008
2026-03-26 22:27:24.000000000,14.383506681452236
2026-03-26 23:29:32.000000000,22.256169847796944
2026-03-26 23:07:51.000000000,31.54185090580357
2026-03-26 23:14:33.000000000,46.73312419637304
2026-03-26 23:29:15.000000000,19.330270020040324
2026-03-26 23:08:33.000000000,29.206010308423224
2026-03-26 23:04:47.000000000,12.951284180125068
2026-03-26 23:20:19.000000000,25.22679941310916
2026-03-26 23:49:13.000000000,19.560363070458276
2026-03-26 23:19:26.000000000,38.50417117827366
2026-03-26 23:11:52.000000000,27.653627378277395
2026-03-26 23:21:36.000000000,30.548300288295092
2026-03-26 23:14:24.000000000,39.46186693094693
2026-03-26 23:57:16.000000000,13.308151243834216
2026-03-27 00:40:55.000000000,27.381088694213567
2026-03-27 00:31:54.000000000,43.39651425287986
2026-03-27 00:45:59.000000000,160.0035310845156
2026-03-27 00:39:48.000000000,15.38691869264436
2026-03-27 00:42:35.000000000,5.905403879336968
2026-03-27 00:40:48.000000000,12.227764631500033
2026-03-27 00:12:51.000000000,32.292493316549304
2026-03-27 00:26:15.000000000,13.565803261371475
2026-03-27 00:40:32.000000000,111.20191696249981
2026-03-27 01:35:51.000000000,37.99538279246162
2026-03-27 01:35:05.000000000,35.00076355898118
2026-03-27 01:32:21.000000000,90.36876915199159
2026-03-27 01:42:36.000000000,15.078191683542045
2026-03-27 01:30:27.000000000,8.745577957876684
2026-03-27 01:31:47.000000000,9.443366726663003
2026-03-27 01:02:37.000000000,14.966112788569491
2026-03-27 02:48:09.000000000,11.867083786034017
2026-03-27 02:16:21.000000000,29.428235508338144
2026-03-27 02:35:01.000000000,9.951415607022659
2026-03-27 02:50:59.000000000,27.141171635021035
2026-03-27 02:17:06.000000000,19.938025269006513
2026-03-27 02:56:54.000000000,30.835061340462776
2026-03-27 02:36:33.000000000,5.393944371392701
2026-03-27 03:43:31.000000000,9.070260593857817
2026-03-27 03:36:25.000000000,62.22901046795408
2026-03-27 03:58:45.000000000,35.827619158964445
2026-03-27 03:25:36.000000000,60.47525859853049
2026-03-27 03:14:47.000000000,26.187731288212536
2026-03-27 04:31:41.000000000,50.483282679377766
2026-03-27 04:09:49.000000000,42.448794739975256
2026-03-27 04:31:31.000000000,37.54839921973394
2026-03-27 04:41:23.000000000,23.896075332896793
2026-03-27 04:46:19.000000000,36.28316437138274
2026-03-27 04:19:19.000000000,50.19072285424925
2026-03-27 04:22:09.000000000,67.7392046461912
2026-03-27 05:25:11.000000000,40.04502378728775
2026-03-27 05:23:37.000000000,69.33402089118346
2026-03-27 05:46:34.000000000,26.767805710377832
2026-03-27 05:03:22.000000000,16.0115945704799
2026-03-27 05:34:59.000000000,13.079598135701131
2026-03-27 05:56:00.000000000,21.332950790755376
2026-03-27 05:12:43.000000000,71.16514711669504
2026-03-27 06:35:38.000000000,66.14327728386827
2026-03-27 06:58:00.000000000,38.36412236755185
2026-03-27 06:43:19.000000000,94.8694700630683
2026-03-27 06:05:36.000000000,22.070043646013552
2026-03-27 06:01:00.000000000,66.99515558899418
2026-03-27 06:10:08.000000000,66.95650302818333
2026-03-27 06:03:19.000000000,46.897995783890735
2026-03-27 07:03:55.000000000,23.268667419724228
2026-03-27 07:17:48.000000000,55.85038140095135
2026-03-27 07:51:47.000000000,35.644251755220395
2026-03-27 07:24:30.000000000,12.955835530153356
2026-03-27 07:45:18.000000000,12.951665253411852
2026-03-27 07:42:58.000000000,25.49949696286397
2026-03-27 07:17:29.000000000,9.390890675928846
2026-03-27 07:11:22.000000000,16.434912501284337
2026-03-27 07:27:54.000000000,8.523824035117078
2026-03-27 07:37:38.000000000,8.886973872830495
2026-03-27 07:10:18.000000000,6.394595197578418
2026-03-27 07:55:28.000000000,21.140203172722316
2026-03-27 07:09:03.000000000,59.740100600072815
2026-03-27 07:34:37.000000000,27.33413806390943
2026-03-27 07:29:17.000000000,18.030267278536986
2026-03-27 07:57:13.000000000,12.956057679891117
2026-03-27 07:32:46.000000000,19.383467317566105
2026-03-27 07:37:32.000000000,36.07968424393694
2026-03-27 08:06:10.000000000,14.093703567026719
2026-03-27 08:02:47.000000000,12.528088383495152
2026-03-27 08:25:46.000000000,122.0468463209389
2026-03-27 08:48:54.000000000,32.07079645046944
2026-03-27 08:52:27.000000000,19.95757955432235
2026-03-27 08:55:09.000000000,9.644579080043515
2026-03-27 08:12:03.000000000,26.070451014432408
2026-03-27 08:21:41.000000000,10.542676775782601
2026-03-27 08:41:54.000000000,13.211115523144063
2026-03-27 08:36:39.000000000,22.201512035373526
2026-03-27 08:26:32.000000000,17.482931589581273
2026-03-27 08:09:47.000000000,20.291561674720878
2026-03-27 08:18:09.000000000,8.8442873978956
2026-03-27 08:54:02.000000000,55.432638746715746
2026-03-27 08:26:07.000000000,10.689185044578567
2026-03-27 08:42:22.000000000,8.077405219325783
2026-03-27 08:55:20.000000000,11.999389305321369
2026-03-27 08:12:37.000000000,30.545231588744333
2026-03-27 08:59:19.000000000,17.652846686626333
2026-03-27 08:39:48.000000000,22.130794731167036
2026-03-27 09:20:34.000000000,17.051510472858062
2026-03-27 09:19:31.000000000,44.6498392791166
2026-03-27 09:17:14.000000000,150.07662467505372
2026-03-27 09:59:19.000000000,7.589758847691352
2026-03-27 09:42:43.000000000,42.25350068454155
2026-03-27 09:20:27.000000000,29.501643194606572
2026-03-27 09:29:33.000000000,38.03280459311302
2026-03-27 09:23:14.000000000,48.697521996898566
2026-03-27 09:23:33.000000000,30.212497219502158
2026-03-27 09:41:35.000000000,22.18356226276978
2026-03-27 09:51:07.000000000,66.47895820618503
2026-03-27 09:43:46.000000000,22.074916745763705
2026-03-27 09:55:35.000000000,8.799619488742067
2026-03-27 09:17:15.000000000,22.96956817481229
2026-03-27 09:52:34.000000000,44.56180264821189
2026-03-27 10:31:11.000000000,22.621169399982726
2026-03-27 10:35:37.000000000,6.755829112579125
2026-03-27 10:39:49.000000000,15.034644337364565
2026-03-27 10:33:20.000000000,25.305175156021217
2026-03-27 10:05:22.000000000,32.02774185450051
2026-03-27 10:13:56.000000000,7.8151926271807675
2026-03-27 10:47:08.000000000,34.747498565700084
2026-03-27 10:33:39.000000000,8.011644486099316
2026-03-27 10:11:04.000000000,27.92950195996147
2026-03-27 10:01:20.000000000,73.68477386152288
2026-03-27 11:25:46.000000000,14.447584284713415
2026-03-27 11:15:34.000000000,43.60218910278405
2026-03-27 11:20:35.000000000,10.721452936953796
2026-03-27 11:55:15.000000000,16.448305168703637
2026-03-27 11:53:44.000000000,26.1561987295634
2026-03-27 11:21:11.000000000,45.95783952931335
2026-03-27 11:49:02.000000000,22.515079007019896
2026-03-27 11:58:36.000000000,15.181950474571588
2026-03-27 11:43:09.000000000,23.914811260931323
2026-03-27 11:27:12.000000000,33.988226762362295
2026-03-27 11:32:47.000000000,21.05254171200965
2026-03-27 11:10:49.000000000,22.529804825793825
2026-03-27 11:23:27.000000000,13.086844170492071
2026-03-27 11:06:59.000000000,23.18714218840705
2026-03-27 12:23:13.000000000,36.46290943772035
2026-03-27 12:25:17.000000000,56.70115179925389
2026-03-27 12:44:47.000000000,37.75358813875738
2026-03-27 12:35:13.000000000,19.440847911917842
2026-03-27 12:54:51.000000000,18.25518413696349
2026-03-27 12:19:33.000000000,18.47841563798817
2026-03-27 12:02:47.000000000,36.11664135998837
2026-03-27 12:05:02.000000000,64.72625337579319
2026-03-27 12:15:47.000000000,22.552832999146013
2026-03-27 12:05:15.000000000,33.03568973631613
2026-03-27 12:25:41.000000000,14.311267281442092
2026-03-27 12:27:04.000000000,35.54140374675963
2026-03-27 13:42:12.000000000,15.92243190776002
2026-03-27 13:05:50.000000000,46.62959487345326
2026-03-27 13:07:02.000000000,16.589963262136266
2026-03-27 13:24:13.000000000,23.037808346472833
2026-03-27 13:14:07.000000000,20.671452746483354
2026-03-27 13:11:39.000000000,29.0085091084425
2026-03-27 13:22:14.000000000,10.75438074545047
2026-03-27 13:56:21.000000000,37.401471889959254
2026-03-27 13:57:50.000000000,70.03147858763981
2026-03-27 13:27:49.000000000,10.721701062554345
2026-03-27 13:51:40.000000000,10.970642694964436
2026-03-27 13:53:42.000000000,28.71739168864926
2026-03-27 13:36:53.000000000,65.22116714033015
2026-03-27 13:46:18.000000000,39.96032156943194
2026-03-27 13:11:23.000000000,22.66698633519569
2026-03-27 13:25:17.000000000,26.089637500813126
2026-03-27 13:04:20.000000000,28.700114789427115
2026-03-27 13:13:54.000000000,25.72801198026295
2026-03-27 13:37:14.000000000,33.87240400760364
2026-03-27 14:16:41.000000000,9.612853599979287
2026-03-27 14:37:48.000000000,23.1717554989693
2026-03-27 14:32:23.000000000,10.103948374054484
2026-03-27 14:37:38.000000000,18.00557297265483
2026-03-27 14:20:20.000000000,18.120490579925836
2026-03-27 14:42:52.000000000,16.452446980628366
2026-03-27 14:21:07.000000000,19.36255841459391
2026-03-27 14:42:00.000000000,28.36628522884137
2026-03-27 14:30:13.000000000,45.09200909231554
2026-03-27 14:44:12.000000000,9.691361528433227
2026-03-27 14:43:36.000000000,71.58064288222494
2026-03-27 14:56:46.000000000,26.958049225202217
2026-03-27 14:43:07.000000000,15.570844991123089
2026-03-27 14:09:49.000000000,35.71504433694817
2026-03-27 14:10:37.000000000,16.58081691285939
2026-03-27 14:50:29.000000000,10.712108254580372
2026-03-27 15:54:51.000000000,18.111630345202048
2026-03-27 15:34:45.000000000,17.109053193869876
2026-03-27 15:46:25.000000000,13.717609348335028
2026-03-27 15:24:14.000000000,19.836098938329144
2026-03-27 15:17:50.000000000,26.406603723311676
2026-03-27 15:15:09.000000000,32.94880051077068
2026-03-27 15:01:41.000000000,22.46553235538481
2026-03-27 15:22:49.000000000,130.66830111139035
2026-03-27 15:54:22.000000000,98.09029877536365
2026-03-27 15:48:59.000000000,18.049137536986823
2026-03-27 15:16:36.000000000,31.533191068929774
2026-03-27 15:45:25.000000000,16.19595684749995
2026-03-27 15:56:06.000000000,17.20475460703026
2026-03-27 15:30:04.000000000,8.75255468948085
2026-03-27 15:32:56.000000000,15.283046007658367
2026-03-27 15:50:55.000000000,59.817415919204855
2026-03-27 16:40:01.000000000,22.910638652126604
2026-03-27 16:53:14.000000000,41.448129389183464
2026-03-27 16:00:24.000000000,17.806485814749113
2026-03-27 16:27:24.000000000,32.39036363536227
2026-03-27 16:56:38.000000000,49.995909210345495
2026-03-27 16:31:17.000000000,63.17153361029334
2026-03-27 16:05:09.000000000,55.96823176678877
2026-03-27 16:20:23.000000000,30.690106437865822
2026-03-27 16:05:49.000000000,11.105360010613046
2026-03-27 16:57:26.000000000,85.2309136894152
2026-03-27 16:49:41.000000000,44.156735337804086
2026-03-27 16:16:19.000000000,8.815125009641413
2026-03-27 16:06:16.000000000,41.338083408941465
2026-03-27 16:09:27.000000000,11.84710355581629
2026-03-27 16:40:56.000000000,20.085247367230316
2026-03-27 16:00:13.000000000,36.03995220847711
2026-03-27 16:53:35.000000000,14.139960219320162
2026-03-27 16:57:53.000000000,20.68183085282225
2026-03-27 16:12:04.000000000,69.71407973683283
2026-03-27 16:38:49.000000000,24.98196282222131
2026-03-27 16:31:52.000000000,10.16997719311186
2026-03-27 16:04:52.000000000,100.35827482077428
2026-03-27 17:00:44.000000000,31.626570621763353
2026-03-27 17:14:29.000000000,24.634369508120038
2026-03-27 17:12:00.000000000,7.364279218306423
2026-03-27 17:35:26.000000000,144.1152330987867
2026-03-27 17:59:58.000000000,11.874504360065188
2026-03-27 17:56:57.000000000,36.39373601368559
2026-03-27 17:24:34.000000000,21.286027672606558
2026-03-27 17:52:40.000000000,21.36991416671806
2026-03-27 17:59:12.000000000,27.982511664140592
2026-03-27 17:24:38.000000000,6.733043769345541
2026-03-27 17:00:58.000000000,24.465592688865794
2026-03-27 17:04:28.000000000,14.196497560008595
2026-03-27 17:17:41.000000000,9.34552324833116
2026-03-27 17:26:29.000000000,10.794651074206095
2026-03-27 17:16:31.000000000,27.863907099070993
2026-03-27 17:27:25.000000000,10.66558255482873
2026-03-27 17:19:09.000000000,9.369375898600508
2026-03-27 17:59:10.000000000,23.4942062060482
2026-03-27 18:47:56.000000000,68.49644594525387
2026-03-27 18:17:22.000000000,34.27722201822483
2026-03-27 18:09:46.000000000,19.003040282165717
2026-03-27 18:34:00.000000000,10.393422537446382
2026-03-27 18:30:19.000000000,6.588361285291446
2026-03-27 18:18:29.000000000,9.681784290421884
2026-03-27 18:29:44.000000000,9.188798130935455
2026-03-27 18:34:48.000000000,6.486968037801524
2026-03-27 18:08:49.000000000,18.792204916711135
2026-03-27 18:37:25.000000000,19.077788151739107
2026-03-27 18:08:54.000000000,16.352626385810925
2026-03-27 18:35:26.000000000,12.848745838789936
2026-03-27 18:05:20.000000000,40.53822233102562
2026-03-27 18:38:06.000000000,9.77186726224906
2026-03-27 18:53:27.000000000,20.736860299983835
2026-03-27 18:44:07.000000000,12.193289517485102
2026-03-27 18:42:23.000000000,20.19495319332829
2026-03-27 18:37:02.000000000,43.838210760174796
2026-03-27 18:56:55.000000000,13.54284630797761
2026-03-27 18:29:14.000000000,9.960194944259511
2026-03-27 18:54:26.000000000,11.069575612358983
2026-03-27 18:02:46.000000000,28.00479109429565
2026-03-27 18:05:46.000000000,11.143897092343732
2026-03-27 18:55:21.000000000,10.668677811427123
2026-03-27 18:50:46.000000000,29.748847442707774
2026-03-27 18:18:52.000000000,15.678560882101063
2026-03-27 18:25:02.000000000,23.638697678414914
2026-03-27 18:52:53.000000000,16.50770933034423
2026-03-27 18:41:05.000000000,9.851633570346566
2026-03-27 18:20:30.000000000,13.558692139760597
2026-03-27 18:10:27.000000000,25.73431630294217
2026-03-27 18:51:12.000000000,8.93801822328775
2026-03-27 18:58:46.000000000,12.713964752584827
2026-03-27 18:20:02.000000000,26.91305248239448
2026-03-27 18:11:52.000000000,43.69468354668431
2026-03-27 19:34:58.000000000,6.26949937418514
2026-03-27 19:22:20.000000000,39.068056401864
2026-03-27 19:36:25.000000000,14.579745479495173
2026-03-27 19:18:18.000000000,18.86954515163742
2026-03-27 19:43:23.000000000,20.180283188268298
2026-03-27 19:14:31.000000000,11.751102376886559
2026-03-27 19:15:54.000000000,63.511807040454656
2026-03-27 19:16:20.000000000,8.667163227416848
2026-03-27 19:01:49.000000000,68.19062158558107
2026-03-27 19:35:19.000000000,10.733712678045805
2026-03-27 19:32:17.000000000,6.522078547872534
2026-03-27 19:28:41.000000000,12.894640843772335
2026-03-27 19:52:56.000000000,18.057362231408877
2026-03-27 19:03:51.000000000,5.374590560402882
2026-03-27 19:54:44.000000000,7.500975413127355
2026-03-27 19:08:27.000000000,12.496202573631209
2026-03-27 19:07:11.000000000,8.824490477028043
2026-03-27 19:03:39.000000000,6.927761485586967
2026-03-27 19:33:56.000000000,30.14198869468603
2026-03-27 19:49:55.000000000,8.133749961176429
2026-03-27 20:48:40.000000000,49.08410552201172
2026-03-27 20:27:21.000000000,16.533658089763318
2026-03-27 20:05:52.000000000,30.338151497241565
2026-03-27 20:11:16.000000000,19.475878727199476
2026-03-27 20:10:31.000000000,19.891613439502155
2026-03-27 20:23:36.000000000,38.12261678789481
2026-03-27 20:28:30.000000000,10.684533203157944
2026-03-27 20:44:09.000000000,40.22839203518362
2026-03-27 20:13:58.000000000,12.254208670547134
2026-03-27 20:46:24.000000000,51.860921216506966
2026-03-27 20:14:30.000000000,23.948752654640156
2026-03-27 20:15:44.000000000,15.837351477287017
2026-03-27 20:45:25.000000000,19.374059309486505
2026-03-27 20:47:01.000000000,15.674722792795121
2026-03-27 20:22:05.000000000,8.976399411734354
2026-03-27 20:23:13.000000000,14.295669953166644
2026-03-27 20:47:45.000000000,9.238342261252047
2026-03-27 20:57:31.000000000,19.460597765028812
2026-03-27 20:43:46.000000000,10.723182703967042
2026-03-27 20:17:39.000000000,8.739758079465252
2026-03-27 20:15:46.000000000,24.883933197731384
2026-03-27 20:47:39.000000000,19.981753288719943
2026-03-27 20:45:30.000000000,14.355581437978488
2026-03-27 20:10:05.000000000,20.709391384307978
2026-03-27 20:47:05.000000000,40.02690479177403
2026-03-27 21:26:05.000000000,11.27369012636469
2026-03-27 21:30:52.000000000,27.52888628470487
2026-03-27 21:31:42.000000000,12.916793210374315
2026-03-27 21:56:34.000000000,14.129800062977607
2026-03-27 21:49:33.000000000,41.27225269566753
2026-03-27 21:58:14.000000000,67.75823454029486
2026-03-27 21:35:58.000000000,23.96902331561946
2026-03-27 21:11:11.000000000,18.14757768973269
2026-03-27 21:37:17.000000000,22.879751907556212
2026-03-27 21:28:48.000000000,48.649360838714195
2026-03-27 21:14:35.000000000,24.882898828343407
2026-03-27 21:23:38.000000000,18.868270623459985
2026-03-27 21:17:53.000000000,9.996669993034857
2026-03-27 21:13:44.000000000,6.585769162783316
2026-03-27 21:27:54.000000000,55.74688767629793
2026-03-27 21:26:54.000000000,23.79302572048725
2026-03-27 21:34:10.000000000,12.23693794246149
2026-03-27 21:15:07.000000000,18.41658742119762
2026-03-27 21:48:50.000000000,153.90160502326296
2026-03-27 21:51:23.000000000,85.9604666445777
2026-03-27 21:57:48.000000000,13.036492071729185
2026-03-27 21:08:22.000000000,12.628514611661183
2026-03-27 21:12:24.000000000,13.068170425275552
2026-03-27 21:53:27.000000000,13.15364249874096
2026-03-27 21:10:55.000000000,25.377145486286715
2026-03-27 21:17:10.000000000,33.17894051059262
2026-03-27 21:57:35.000000000,23.98863273768889
2026-03-27 21:56:31.000000000,153.04654271651464
2026-03-27 22:54:59.000000000,12.088647687236653
2026-03-27 22:00:48.000000000,7.632148879878572
2026-03-27 22:29:13.000000000,26.19667739924597
2026-03-27 22:27:09.000000000,9.04016703731228
2026-03-27 22:56:11.000000000,235.29055291691785
2026-03-27 22:03:44.000000000,13.99577200245125
2026-03-27 22:13:21.000000000,13.31450797250288
2026-03-27 22:34:36.000000000,21.382296707506395
2026-03-27 22:42:16.000000000,26.0193446060469
2026-03-27 22:15:43.000000000,34.21731631662347
2026-03-27 22:16:12.000000000,34.54006874656802
2026-03-27 22:51:57.000000000,24.133096632831688
2026-03-27 22:58:04.000000000,23.84529555737969
2026-03-27 22:29:24.000000000,15.933544749439541
2026-03-27 22:08:42.000000000,22.762515193546925
2026-03-27 22:38:51.000000000,40.48068776405874
2026-03-27 23:46:12.000000000,47.43561716553022
2026-03-27 23:01:57.000000000,29.529646745165635
2026-03-27 23:55:52.000000000,12.061850771372924
2026-03-27 23:52:31.000000000,22.524521852690047
2026-03-27 23:18:08.000000000,13.201975532177757
2026-03-27 23:42:57.000000000,9.747225476360518
2026-03-27 23:21:12.000000000,24.354005403770344
2026-03-27 23:16:31.000000000,13.763426029160193
2026-03-27 23:03:02.000000000,22.673673935509466
2026-03-27 23:18:25.000000000,10.065385194791817
2026-03-27 23:13:50.000000000,37.119794983537844
2026-03-27 23:54:47.000000000,17.86730407789384
2026-03-27 23:37:58.000000000,32.66233615489325
2026-03-27 23:21:49.000000000,9.167945811057967
2026-03-27 23:39:24.000000000,13.804839982382365
2026-03-27 23:05:28.000000000,26.29151435318897
2026-03-27 23:51:34.000000000,7.678939078978715
2026-03-27 23:01:00.000000000,29.607248530887055
2026-03-27 23:15:25.000000000,16.649676339465877
2026-03-27 23:16:53.000000000,8.98857134050384
2026-03-27 23:01:21.000000000,16.107352695697973
2026-03-27 23:46:18.000000000,23.23716583147823
2026-03-27 23:50:18.000000000,10.779459168843267
2026-03-27 23:29:17.000000000,27.040499733658873
2026-03-28 00:37:58.000000000,35.28496958494018
2026-03-28 00:03:19.000000000,17.561039690646435
2026-03-28 00:10:43.000000000,14.220829043293325
2026-03-28 00:57:25.000000000,14.323763265474257
2026-03-28 00:23:01.000000000,42.70334479615681
2026-03-28 00:55:39.000000000,18.314014236645797
2026-03-28 00:28:39.000000000,6.235327929136407
2026-03-28 00:16:31.000000000,39.89304236896585
2026-03-28 00:15:38.000000000,8.043243865910547
2026-03-28 00:36:14.000000000,13.98420811619171
2026-03-28 00:07:39.000000000,29.84197762763656
2026-03-28 00:37:44.000000000,16.68463354273109
2026-03-28 00:51:07.000000000,31.71501690646687
2026-03-28 01:38:35.000000000,13.504874689762016
2026-03-28 01:55:54.000000000,15.75810461955505
2026-03-28 01:47:07.000000000,17.47529108376028
2026-03-28 01:15:04.000000000,8.759660324410437
2026-03-28 01:30:21.000000000,17.88513041384048
2026-03-28 01:29:52.000000000,14.952903838164135
2026-03-28 01:59:11.000000000,12.53613542612845
2026-03-28 02:04:19.000000000,19.266093861426608
2026-03-28 02:06:28.000000000,11.840344334904229
2026-03-28 02:11:07.000000000,13.553341418628902
2026-03-28 02:12:16.000000000,19.28459001627452
2026-03-28 02:27:50.000000000,21.203164900328122
2026-03-28 02:05:40.000000000,25.34220615589193
2026-03-28 02:01:24.000000000,9.516385635257471
2026-03-28 03:48:18.000000000,15.449828848696107
2026-03-28 03:30:27.000000000,9.407028371230775
2026-03-28 03:53:48.000000000,24.62740319370317
2026-03-28 03:25:59.000000000,17.47626924772916
2026-03-28 03:08:52.000000000,21.447029567682186
2026-03-28 03:03:22.000000000,21.85451330307862
2026-03-28 03:13:40.000000000,13.780096394637095
2026-03-28 03:12:03.000000000,59.97363617821334
2026-03-28 03:56:52.000000000,20.874303116265587
2026-03-28 03:57:03.000000000,14.008473929490458
2026-03-28 03:06:10.000000000,28.48788798124946
2026-03-28 04:14:27.000000000,76.4789593957556
2026-03-28 04:30:48.000000000,7.688353086125305
2026-03-28 04:25:30.000000000,14.863739372514924
2026-03-28 04:01:00.000000000,101.58175174498314
2026-03-28 04:52:56.000000000,9.375920729508003
2026-03-28 05:48:41.000000000,8.510171992607743
2026-03-28 06:20:16.000000000,68.48002579736536
2026-03-28 06:26:15.000000000,24.85561112302444
2026-03-28 06:53:07.000000000,11.737934786014865
2026-03-28 06:34:13.000000000,56.53529716044818
2026-03-28 06:32:11.000000000,28.130800796951213
2026-03-28 07:43:44.000000000,8.708452424502934
2026-03-28 07:34:50.000000000,16.810739420129234
2026-03-28 07:55:34.000000000,15.191117154638844
2026-03-28 07:50:42.000000000,19.4568450276905
2026-03-28 07:25:29.000000000,15.389805023220465
2026-03-28 07:50:52.000000000,35.72696875646477
2026-03-28 07:01:24.000000000,15.191963900741577
2026-03-28 07:55:57.000000000,75.6138600179477
2026-03-28 07:52:20.000000000,65.28054521865627
2026-03-28 07:53:16.000000000,7.884789304358508
2026-03-28 07:38:27.000000000,56.98472452281485
2026-03-28 07:12:46.000000000,27.079351461444176
2026-03-28 07:44:14.000000000,36.929680048422846
2026-03-28 07:29:33.000000000,61.67865542154817
2026-03-28 08:53:57.000000000,14.058622683844872
2026-03-28 08:51:02.000000000,14.316758348134941
2026-03-28 08:02:09.000000000,14.909325479880675
2026-03-28 08:30:22.000000000,21.206841955730813
2026-03-28 08:35:02.000000000,7.08966295604078
2026-03-28 08:32:36.000000000,17.593550550170598
2026-03-28 08:42:28.000000000,16.617992869775414
2026-03-28 08:50:29.000000000,34.214545376778005
2026-03-28 08:50:49.000000000,11.699846327248162
2026-03-28 09:40:06.000000000,124.691523696699
2026-03-28 09:40:03.000000000,6.270711284150988
2026-03-28 09:30:27.000000000,24.72174766314262
2026-03-28 09:03:48.000000000,15.23983135899603
2026-03-28 09:02:43.000000000,26.956561440544778
2026-03-28 09:33:14.000000000,39.102290415864765
2026-03-28 09:35:13.000000000,13.1539041033333
2026-03-28 09:43:34.000000000,13.115673009676462
2026-03-28 09:37:13.000000000,19.026546918240783
2026-03-28 09:57:50.000000000,35.049397640064825
2026-03-28 09:19:23.000000000,12.40487575936248
2026-03-28 09:26:09.000000000,12.370148117036806
2026-03-28 09:50:28.000000000,12.374767158590004
2026-03-28 09:30:23.000000000,6.363660549773663
2026-03-28 10:40:51.000000000,9.074210149997851
2026-03-28 10:00:07.000000000,15.124698361264763
2026-03-28 10:03:56.000000000,59.689185507499445
2026-03-28 10:19:25.000000000,6.854634964090267
2026-03-28 10:41:50.000000000,18.186792309527682
2026-03-28 10:05:27.000000000,7.941443279900492
2026-03-28 10:01:46.000000000,11.556140972932623
2026-03-28 10:54:50.000000000,9.867148365487875
2026-03-28 10:35:15.000000000,12.984785822509352
2026-03-28 10:32:16.000000000,21.14622240843046
2026-03-28 10:48:19.000000000,7.761778029561072
2026-03-28 11:14:51.000000000,15.04242556386268
2026-03-28 11:08:41.000000000,16.137769977075713
2026-03-28 11:10:20.000000000,114.41708837732351
2026-03-28 11:57:42.000000000,13.094280594578189
2026-03-28 11:59:47.000000000,31.426094906627586
2026-03-28 11:51:42.000000000,15.19856351265673
2026-03-28 11:49:34.000000000,19.489299532166953
2026-03-28 11:27:53.000000000,43.7524485247745
2026-03-28 11:41:56.000000000,33.46695106774458
2026-03-28 11:07:32.000000000,40.64083651131072
2026-03-28 11:25:29.000000000,9.680049382964478
2026-03-28 11:24:25.000000000,18.822530763547213
2026-03-28 11:54:09.000000000,11.624593157508908
2026-03-28 12:41:21.000000000,25.99104602511831
2026-03-28 12:30:03.000000000,32.99656794927706
2026-03-28 12:32:22.000000000,24.269936764463875
2026-03-28 12:28:14.000000000,64.26690714542553
2026-03-28 12:18:04.000000000,17.08599694784447
2026-03-28 12:17:37.000000000,17.18035674719373
2026-03-28 12:58:44.000000000,9.610756958869159
2026-03-28 12:47:36.000000000,11.572103788017635
2026-03-28 12:26:39.000000000,15.680378870236916
2026-03-28 12:53:53.000000000,12.346713090701922
2026-03-28 12:46:42.000000000,52.75376450293379
2026-03-28 12:33:49.000000000,26.311480427439506
2026-03-28 13:52:11.000000000,10.696564332634583
2026-03-28 13:14:13.000000000,25.22844310274546
2026-03-28 13:28:41.000000000,20.185085275003978
2026-03-28 13:46:08.000000000,7.056825956079418
2026-03-28 13:46:49.000000000,72.37725239383471
2026-03-28 13:22:55.000000000,33.78858440469518
2026-03-28 13:53:41.000000000,37.94513366048324
2026-03-28 13:08:45.000000000,106.97616008542042
2026-03-28 13:18:00.000000000,41.91154354470684
2026-03-28 13:00:39.000000000,13.361400759866187
2026-03-28 13:17:39.000000000,43.77150423578291
2026-03-28 13:35:03.000000000,12.299693793668098
2026-03-28 13:55:56.000000000,30.88325183322328
2026-03-28 13:20:44.000000000,8.000603755424274
2026-03-28 13:35:35.000000000,34.07566821633523
2026-03-28 14:25:17.000000000,44.866168034103964
2026-03-28 14:00:07.000000000,21.38346859364295
2026-03-28 14:33:05.000000000,19.85222848119265
2026-03-28 14:10:27.000000000,17.937751476557644
2026-03-28 14:13:13.000000000,73.67477567508975
2026-03-28 14:14:12.000000000,49.7461981589845
2026-03-28 14:43:24.000000000,8.94186774610369
2026-03-28 14:54:01.000000000,64.23843821772101
2026-03-28 14:09:32.000000000,13.008928480620433
2026-03-28 14:21:21.000000000,30.819702358953254
2026-03-28 14:21:26.000000000,16.375139496592407
2026-03-28 14:52:46.000000000,10.008467342312315
2026-03-28 14:29:38.000000000,28.503122529799512
2026-03-28 14:48:07.000000000,57.54803510520056
2026-03-28 14:28:20.000000000,7.5010112191483245
2026-03-28 14:03:49.000000000,6.133261061322376
2026-03-28 14:49:01.000000000,19.23809534175226
2026-03-28 14:52:38.000000000,11.884913906306803
2026-03-28 14:15:58.000000000,23.11238542605966
2026-03-28 14:06:06.000000000,28.720216437409444
2026-03-28 14:21:34.000000000,16.842832717798704
2026-03-28 14:39:21.000000000,37.13281849550075
2026-03-28 14:33:08.000000000,21.47735741519568
2026-03-28 14:45:19.000000000,20.064620988619637
2026-03-28 15:34:06.000000000,25.655089524081514
2026-03-28 15:06:56.000000000,14.305223935139054
2026-03-28 15:23:11.000000000,25.262310825043716
2026-03-28 15:05:51.000000000,13.6828155716497
2026-03-28 15:00:06.000000000,51.84645672003595
2026-03-28 15:25:44.000000000,13.027622636814666
2026-03-28 15:22:17.000000000,13.022784274856294
2026-03-28 15:13:30.000000000,35.19307382954828
2026-03-28 15:35:12.000000000,31.18680296662895
2026-03-28 15:49:53.000000000,15.883031926984787
2026-03-28 15:52:40.000000000,16.141338960762017
2026-03-28 15:15:40.000000000,34.233306071345034
2026-03-28 15:09:06.000000000,27.5440799351161
2026-03-28 15:28:14.000000000,30.934207385632718
2026-03-28 15:45:07.000000000,15.826463579788543
2026-03-28 15:57:45.000000000,16.325481610919443
2026-03-28 15:49:36.000000000,25.21158708007567
2026-03-28 15:27:52.000000000,18.562130731029033
2026-03-28 15:50:35.000000000,60.30376533936466
2026-03-28 15:08:22.000000000,10.128412733467185
2026-03-28 15:06:40.000000000,9.637847584251197
2026-03-28 16:24:42.000000000,16.417239993673135
2026-03-28 16:23:20.000000000,17.363168436018032
2026-03-28 16:25:06.000000000,32.80852474751894
2026-03-28 16:36:26.000000000,8.481966399067066
2026-03-28 16:44:25.000000000,43.06912202533808
2026-03-28 16:12:30.000000000,17.520051977765927
2026-03-28 16:41:48.000000000,12.205642093783869
2026-03-28 16:58:53.000000000,5.392719290308624
2026-03-28 16:58:25.000000000,7.789653476270572
2026-03-28 16:17:11.000000000,9.648560208957388
2026-03-28 16:35:13.000000000,33.607058204678076
2026-03-28 16:45:10.000000000,14.675595774641293
2026-03-28 16:09:12.000000000,12.882515945905283
2026-03-28 16:01:37.000000000,102.17995197405929
2026-03-28 16:50:21.000000000,13.59650552672259
2026-03-28 16:48:05.000000000,7.835268938152151
2026-03-28 16:32:00.000000000,18.5586023042201
2026-03-28 16:48:19.000000000,12.187350040990193
2026-03-28 16:07:13.000000000,28.97345878620835
2026-03-28 16:27:03.000000000,15.782303042078746
2026-03-28 17:32:47.000000000,28.867339684428558
2026-03-28 17:59:09.000000000,18.615917676928593
2026-03-28 17:46:14.000000000,18.54917270753975
2026-03-28 17:06:08.000000000,10.662247600806705
2026-03-28 17:44:15.000000000,36.563802131421205
2026-03-28 17:42:42.000000000,27.638291796568048
2026-03-28 17:11:05.000000000,19.939849628875407
2026-03-28 17:19:15.000000000,14.51735308571134
2026-03-28 17:00:57.000000000,11.383358687769887
2026-03-28 17:15:18.000000000,10.400282471010913
2026-03-28 17:43:20.000000000,16.420817413922993
2026-03-28 17:48:46.000000000,24.45236713727953
2026-03-28 17:44:16.000000000,13.019716774819505
2026-03-28 17:02:58.000000000,16.83244356383786
2026-03-28 17:46:40.000000000,17.36939394047008
2026-03-28 17:46:17.000000000,30.122038393441002
2026-03-28 17:52:42.000000000,11.677970813484805
2026-03-28 17:13:09.000000000,14.061464930392168
2026-03-28 17:46:48.000000000,18.06102807603175
2026-03-28 17:35:22.000000000,27.924409814915297
2026-03-28 17:50:57.000000000,22.83211899068535
2026-03-28 17:22:41.000000000,11.012486071946615
2026-03-28 17:04:31.000000000,143.98791426652608
2026-03-28 18:21:01.000000000,17.955504861013985
2026-03-28 18:00:51.000000000,6.851895455304812
2026-03-28 18:58:22.000000000,54.32898070491243
2026-03-28 18:24:57.000000000,10.29640786024213
2026-03-28 18:33:24.000000000,30.26142611944889
2026-03-28 18:48:51.000000000,40.28354310112312
2026-03-28 18:17:55.000000000,17.66944212673717
2026-03-28 18:32:09.000000000,79.47947606216478
2026-03-28 18:40:30.000000000,13.437532221389372
2026-03-28 18:49:46.000000000,34.1973138862609
2026-03-28 18:45:51.000000000,49.042582633597824
2026-03-28 18:25:28.000000000,20.07071711140255
2026-03-28 18:07:35.000000000,15.806348810738646
2026-03-28 18:41:04.000000000,10.816117290823925
2026-03-28 18:24:44.000000000,17.613922775455038
2026-03-28 18:40:39.000000000,6.743662784261321
2026-03-28 18:02:33.000000000,175.33537357912923
2026-03-28 18:32:33.000000000,11.888137198590353
2026-03-28 18:22:11.000000000,26.98225991317574
2026-03-28 19:36:03.000000000,66.89154472419087
2026-03-28 19:59:01.000000000,8.955411853342154
2026-03-28 19:48:42.000000000,12.648584690332024
2026-03-28 19:41:57.000000000,13.087673857666436
2026-03-28 19:41:43.000000000,12.159020336808876
2026-03-28 19:34:56.000000000,8.846474114283836
2026-03-28 19:43:41.000000000,23.73785917734561
2026-03-28 19:03:50.000000000,17.628535263583952
2026-03-28 19:20:25.000000000,11.474131132609532
2026-03-28 19:43:31.000000000,10.58178838058209
2026-03-28 19:39:26.000000000,10.656839668981585
2026-03-28 19:55:44.000000000,21.701915329649573
2026-03-28 19:40:02.000000000,31.245227882064224
2026-03-28 19:08:15.000000000,30.572399974110116
2026-03-28 19:00:33.000000000,41.70655295443576
2026-03-28 19:18:19.000000000,15.11572386430592
2026-03-28 19:44:10.000000000,5.4995062853797485
2026-03-28 20:51:16.000000000,21.179335768854504
2026-03-28 20:06:42.000000000,18.81050099146522
2026-03-28 20:41:13.000000000,35.678525378638945
2026-03-28 20:59:11.000000000,26.603055960877676
2026-03-28 20:55:34.000000000,15.46154615619735
2026-03-28 20:01:18.000000000,13.791612282197349
2026-03-28 20:29:38.000000000,24.86520563395815
2026-03-28 20:50:33.000000000,41.24212830862361
2026-03-28 20:13:23.000000000,48.51614117445857
2026-03-28 20:47:54.000000000,25.936592133666057
2026-03-28 20:20:55.000000000,8.703504298583967
2026-03-28 20:17:11.000000000,8.648056607327915
2026-03-28 20:55:35.000000000,17.638359466683802
2026-03-28 20:09:21.000000000,30.612309924445157
2026-03-28 20:19:17.000000000,23.279636610729572
2026-03-28 20:23:23.000000000,11.361791070325848
2026-03-28 20:05:54.000000000,17.625734531373404
2026-03-28 21:43:43.000000000,17.10353690212772
2026-03-28 21:08:21.000000000,21.257114596880843
2026-03-28 21:02:00.000000000,17.36686704533318
2026-03-28 21:58:32.000000000,10.78460921433825
2026-03-28 21:46:47.000000000,19.422233047901315
2026-03-28 21:04:14.000000000,24.82910636729039
2026-03-28 21:15:17.000000000,38.35452939014064
2026-03-28 21:02:30.000000000,39.406766769820315
2026-03-28 21:28:04.000000000,8.705329395274521
2026-03-28 21:53:57.000000000,39.23465131190458
2026-03-28 21:56:24.000000000,25.57945161088554
2026-03-28 21:39:32.000000000,47.06856908048018
2026-03-28 21:20:51.000000000,9.130511141549913
2026-03-28 21:36:14.000000000,33.24875186517977
2026-03-28 21:54:54.000000000,30.946563266112204
2026-03-28 21:14:12.000000000,8.918481853110245
2026-03-28 21:14:48.000000000,15.155572986193137
2026-03-28 21:03:06.000000000,11.782313697239692
2026-03-28 21:04:51.000000000,46.243136702691885
2026-03-28 21:13:10.000000000,13.010514486472712
2026-03-28 21:13:59.000000000,12.238228227136986
2026-03-28 21:06:09.000000000,15.370122719556198
2026-03-28 21:37:05.000000000,90.03678073525496
2026-03-28 21:41:47.000000000,13.885284904458505
2026-03-28 22:45:38.000000000,18.325355610219976
2026-03-28 22:39:18.000000000,16.524641202675767
2026-03-28 22:17:35.000000000,18.67172187267505
2026-03-28 22:57:38.000000000,30.15367849717952
2026-03-28 22:12:10.000000000,12.69170247547608
2026-03-28 22:57:10.000000000,14.063645565573447
2026-03-28 22:13:50.000000000,27.372671885141806
2026-03-28 22:04:31.000000000,43.42661845326659
2026-03-28 22:01:12.000000000,18.657258349707465
2026-03-28 22:34:36.000000000,48.76240418123985
2026-03-28 22:14:15.000000000,16.38417860954716
2026-03-28 22:29:07.000000000,10.371946391613823
2026-03-28 22:34:36.000000000,72.3921448775252
2026-03-28 22:19:14.000000000,23.672191525847275
2026-03-28 22:20:40.000000000,33.5565085264779
2026-03-28 22:39:09.000000000,18.009778216790693
2026-03-28 22:02:03.000000000,15.242263859134797
2026-03-28 22:12:36.000000000,8.72210671420943
2026-03-28 22:58:18.000000000,25.329104928508407
2026-03-28 22:38:22.000000000,37.26795563102853
2026-03-28 22:38:41.000000000,13.063215160860128
2026-03-28 22:43:55.000000000,19.724594817375763
2026-03-28 22:25:14.000000000,15.862240469906695
2026-03-28 22:49:20.000000000,11.563044693135469
2026-03-28 22:40:44.000000000,11.504156436009714
2026-03-28 22:43:58.000000000,12.647974903897438
2026-03-28 23:51:29.000000000,11.69244211753541
2026-03-28 23:41:57.000000000,23.876219086955274
2026-03-28 23:28:40.000000000,21.324372655728872
2026-03-28 23:58:06.000000000,61.98355264534991
2026-03-28 23:22:05.000000000,17.22668189476615
2026-03-28 23:35:19.000000000,15.996847834228102
2026-03-28 23:05:38.000000000,7.388395919464698
2026-03-28 23:09:09.000000000,40.04834704761388
2026-03-28 23:09:34.000000000,39.85563459649757
2026-03-28 23:09:28.000000000,30.87334433599524
2026-03-28 23:13:59.000000000,20.746941960165703
2026-03-28 23:07:38.000000000,6.024080067878475
2026-03-28 23:53:35.000000000,21.155071027773122
2026-03-28 23:25:59.000000000,45.25304111138944
2026-03-28 23:01:18.000000000,36.22780210405897
2026-03-28 23:40:00.000000000,31.59006319659564
2026-03-28 23:40:45.000000000,48.306280473018035
2026-03-28 23:35:23.000000000,14.313757613483034
2026-03-28 23:00:32.000000000,53.99918727018643
2026-03-28 23:31:44.000000000,8.984986277041333
2026-03-28 23:55:51.000000000,6.9528487386277
2026-03-28 23:39:48.000000000,13.09224203377569
2026-03-28 23:04:59.000000000,5.148462428634642
2026-03-28 23:00:40.000000000,18.537767879050158
2026-03-29 00:22:06.000000000,13.69861904443501
2026-03-29 00:12:46.000000000,28.960458940671423
2026-03-29 00:27:36.000000000,13.92133417414057
2026-03-29 00:39:08.000000000,7.140838972074031
2026-03-29 00:11:02.000000000,8.098143680856666
2026-03-29 00:29:40.000000000,29.256520543140933
2026-03-29 00:26:23.000000000,28.87513837727288
2026-03-29 00:52:23.000000000,13.76301112689257
2026-03-29 00:08:41.000000000,15.915803060270555
2026-03-29 00:09:30.000000000,24.575820615783687
2026-03-29 00:02:43.000000000,8.006553691649579
2026-03-29 00:00:58.000000000,35.87492676867584
2026-03-29 00:45:27.000000000,25.210135939336727
2026-03-29 00:03:17.000000000,10.223350400338237
2026-03-29 00:22:06.000000000,10.784098950625864
2026-03-29 00:37:15.000000000,12.738678928409078
2026-03-29 00:17:07.000000000,99.26999863654423
2026-03-29 00:58:59.000000000,11.547431316291346
2026-03-29 00:19:45.000000000,14.194399853730054
2026-03-29 00:11:02.000000000,36.012429316934
2026-03-29 00:37:38.000000000,49.384169114198684
2026-03-29 00:34:27.000000000,19.153626638548815
2026-03-29 00:44:23.000000000,40.56677171629924
2026-03-29 00:39:52.000000000,49.18898573254973
2026-03-29 01:19:21.000000000,10.976586374350461
2026-03-29 01:05:12.000000000,25.847000964316226
2026-03-29 01:57:32.000000000,6.01623194797055
2026-03-29 01:03:36.000000000,25.72694248378546
2026-03-29 01:04:46.000000000,166.27696791006582
2026-03-29 01:20:42.000000000,11.523887770459975
2026-03-29 01:34:53.000000000,47.002493287454975
2026-03-29 01:05:02.000000000,6.622041115164797
2026-03-29 01:31:50.000000000,25.418862935713875
2026-03-29 01:57:05.000000000,16.805372556935893
2026-03-29 01:29:47.000000000,10.999111759814296
2026-03-29 01:37:27.000000000,12.596867092610578
2026-03-29 01:11:59.000000000,24.81929342616718
2026-03-29 01:52:10.000000000,14.959025699102792
2026-03-29 01:11:50.000000000,7.624783580375936
2026-03-29 02:39:20.000000000,26.63963901822949
2026-03-29 02:49:01.000000000,17.27031308157904
2026-03-29 02:14:14.000000000,18.49219452005891
2026-03-29 02:00:28.000000000,33.2293514415329
2026-03-29 02:13:19.000000000,18.890797398791587
2026-03-29 02:22:41.000000000,13.194466888758667
2026-03-29 02:53:35.000000000,16.768178248027088
2026-03-29 02:53:36.000000000,29.749269183258868
2026-03-29 02:25:22.000000000,46.14222156633522
2026-03-29 02:25:33.000000000,17.183393934037507
2026-03-29 03:08:30.000000000,46.57319528494265
2026-03-29 03:19:27.000000000,8.750864678313667
2026-03-29 03:59:31.000000000,27.900449526702932
2026-03-29 03:05:25.000000000,8.04450888007861
2026-03-29 03:16:32.000000000,31.02942393131471
2026-03-29 03:42:26.000000000,32.629975738508755
2026-03-29 03:41:05.000000000,12.071268437145607
2026-03-29 03:01:13.000000000,10.745145906332947
2026-03-29 03:54:02.000000000,99.89300277971647
2026-03-29 04:14:37.000000000,19.8660583594576
2026-03-29 04:31:45.000000000,34.59406250012099
2026-03-29 04:31:22.000000000,28.584608495617932
2026-03-29 04:25:32.000000000,13.220594190786436
2026-03-29 04:20:47.000000000,20.55342872921577
2026-03-29 04:33:08.000000000,21.52342054246184
2026-03-29 04:48:50.000000000,15.922388861018288
2026-03-29 04:08:36.000000000,21.529810947392846
2026-03-29 04:07:14.000000000,50.68918039633859
2026-03-29 04:35:45.000000000,46.27720121017016
2026-03-29 04:58:24.000000000,23.70523421050416
2026-03-29 04:31:48.000000000,13.06588608638225
2026-03-29 04:16:56.000000000,17.953047049155053
2026-03-29 04:40:14.000000000,35.43124799160538
2026-03-29 05:29:19.000000000,6.491927911315679
2026-03-29 05:03:16.000000000,130.02596316124587
2026-03-29 05:58:30.000000000,36.935409659743726
2026-03-29 05:20:26.000000000,26.98208726889394
2026-03-29 06:20:51.000000000,28.91098353410051
2026-03-29 06:51:54.000000000,53.05514669525701
2026-03-29 06:31:22.000000000,15.66618172038847
2026-03-29 06:56:02.000000000,20.12535008230079
2026-03-29 06:27:33.000000000,12.124353799719378
2026-03-29 06:34:20.000000000,17.699555228657108
2026-03-29 06:03:08.000000000,37.80411096516048
2026-03-29 07:27:32.000000000,21.124587861565683
2026-03-29 07:04:31.000000000,40.468735277212055
2026-03-29 07:25:41.000000000,15.08314907595165
2026-03-29 07:10:24.000000000,10.682291925458452
2026-03-29 07:57:39.000000000,34.167746682118796
2026-03-29 08:45:21.000000000,30.527088838325483
2026-03-29 08:01:05.000000000,36.958727780087116
2026-03-29 08:37:21.000000000,14.980972767203703
2026-03-29 08:23:17.000000000,9.967900473188411
2026-03-29 08:42:58.000000000,14.018764277875896
2026-03-29 08:45:23.000000000,22.71039452926351
2026-03-29 08:04:50.000000000,22.52737916508995
2026-03-29 08:39:10.000000000,214.23195303611266
2026-03-29 09:56:42.000000000,10.824405937395149
2026-03-29 09:52:18.000000000,16.133767341512478
2026-03-29 09:48:23.000000000,24.8115834964051
2026-03-29 09:40:18.000000000,12.209462175993664
2026-03-29 09:44:22.000000000,6.760370700415183
2026-03-29 09:01:52.000000000,5.846968510230778
2026-03-29 09:58:25.000000000,14.875088721310284
2026-03-29 09:49:16.000000000,10.612563386046727
2026-03-29 09:53:34.000000000,22.373610028204034
2026-03-29 09:24:01.000000000,7.30094439138966
2026-03-29 10:07:55.000000000,9.712902504387506
2026-03-29 10:08:19.000000000,23.3772539129402
2026-03-29 10:55:01.000000000,102.3330509988271
2026-03-29 10:49:37.000000000,8.02763634607418
2026-03-29 10:47:42.000000000,31.285812105402407
2026-03-29 10:25:52.000000000,11.460320151889343
2026-03-29 10:53:47.000000000,21.24844657099114
2026-03-29 10:56:05.000000000,8.688427354465512
2026-03-29 10:21:57.000000000,9.917686746818434
2026-03-29 10:10:15.000000000,9.141539893075583
2026-03-29 10:32:54.000000000,15.830683619399847
2026-03-29 10:49:44.000000000,11.631603940022961
2026-03-29 10:25:54.000000000,13.353669055824936
2026-03-29 10:50:19.000000000,20.61052208536588
2026-03-29 10:16:18.000000000,26.40956037758059
2026-03-29 10:43:15.000000000,8.791803102763856
2026-03-29 11:38:40.000000000,25.757225316447673
2026-03-29 11:02:59.000000000,28.205730349584073
2026-03-29 11:05:24.000000000,14.717027673836679
2026-03-29 11:28:49.000000000,24.579046034753286
2026-03-29 11:10:29.000000000,25.735996330538903
2026-03-29 11:59:05.000000000,14.613702372400855
2026-03-29 11:58:21.000000000,31.266841825144905
2026-03-29 11:15:14.000000000,22.044802310317138
2026-03-29 11:57:21.000000000,17.831665220490812
2026-03-29 11:14:39.000000000,31.134507437747903
2026-03-29 11:37:23.000000000,44.42402021041748
2026-03-29 11:17:48.000000000,12.934054818235982
2026-03-29 11:47:39.000000000,61.178720901841224
2026-03-29 11:20:04.000000000,7.996395759929256
2026-03-29 12:49:15.000000000,27.6388949197341
2026-03-29 12:27:54.000000000,11.698643196271112
2026-03-29 12:43:31.000000000,13.575129492085445
2026-03-29 12:23:08.000000000,11.685662860024731
2026-03-29 12:37:39.000000000,32.90140359170558
2026-03-29 12:31:54.000000000,27.078909021591134
2026-03-29 12:01:39.000000000,58.89872449550638
2026-03-29 12:33:17.000000000,32.375386449808154
2026-03-29 12:27:51.000000000,81.01351750812154
2026-03-29 12:25:29.000000000,18.729450788183193
2026-03-29 12:23:53.000000000,11.059651949266247
2026-03-29 12:35:20.000000000,8.770023505728068
2026-03-29 12:42:05.000000000,6.069248324837864
2026-03-29 12:18:50.000000000,11.973201187834244
2026-03-29 13:04:23.000000000,30.379443741183092
2026-03-29 13:46:28.000000000,12.303247371065918
2026-03-29 13:40:26.000000000,7.824745342032893
2026-03-29 13:10:58.000000000,10.831928028439448
2026-03-29 13:04:04.000000000,70.47385616556952
2026-03-29 13:59:44.000000000,15.080144052828157
2026-03-29 13:03:27.000000000,12.189292036733391
2026-03-29 13:52:17.000000000,28.225805057949245
2026-03-29 13:31:23.000000000,11.427869498146972
2026-03-29 13:39:04.000000000,10.708176792919557
2026-03-29 13:36:21.000000000,11.482951360034681
2026-03-29 13:44:10.000000000,26.55624139187404
2026-03-29 13:29:00.000000000,7.767822188991124
2026-03-29 13:49:55.000000000,24.04329608764768
2026-03-29 13:55:43.000000000,36.16594264627692
2026-03-29 13:00:30.000000000,29.556626068313786
2026-03-29 14:03:39.000000000,39.40028884498687
2026-03-29 14:02:22.000000000,59.40795243948164
2026-03-29 14:35:04.000000000,21.047630060816577
2026-03-29 14:08:44.000000000,12.437247952495644
2026-03-29 14:54:56.000000000,13.99246071854839
2026-03-29 14:48:43.000000000,35.475935851794226
2026-03-29 14:41:54.000000000,8.115343779975282
2026-03-29 14:30:33.000000000,8.226314271390581
2026-03-29 14:45:55.000000000,15.096833360371622
2026-03-29 14:57:32.000000000,19.373016485782156
2026-03-29 14:19:01.000000000,113.00237349413314
2026-03-29 14:33:56.000000000,82.0888023007102
2026-03-29 14:35:20.000000000,39.670927009953026
2026-03-29 14:33:49.000000000,44.50827013561848
2026-03-29 14:52:16.000000000,19.718602762759282
2026-03-29 15:48:40.000000000,14.215617325888353
2026-03-29 15:00:13.000000000,16.683951843994446
2026-03-29 15:00:12.000000000,7.869110046509648
2026-03-29 15:36:00.000000000,24.737351400293406
2026-03-29 15:25:59.000000000,10.724890976666506
2026-03-29 15:16:10.000000000,18.24739670928356
2026-03-29 15:11:41.000000000,7.7088628456305
2026-03-29 15:52:06.000000000,11.145216520386171
2026-03-29 15:46:16.000000000,27.863703455912677
2026-03-29 15:24:23.000000000,8.786647992836723
2026-03-29 15:24:16.000000000,24.98359825613728
2026-03-29 15:29:27.000000000,67.1115803214734
2026-03-29 15:37:38.000000000,16.82239772675614
2026-03-29 15:57:22.000000000,21.183152963246098
2026-03-29 16:15:56.000000000,21.98748257324305
2026-03-29 16:05:38.000000000,8.615798662238689
2026-03-29 16:52:42.000000000,36.663149266849175
2026-03-29 16:37:41.000000000,6.240824093577711
2026-03-29 16:26:17.000000000,20.103940340037163
2026-03-29 16:28:51.000000000,22.335001084965775
2026-03-29 16:05:18.000000000,10.712759138493261
2026-03-29 16:44:29.000000000,59.24032770473111
2026-03-29 16:53:17.000000000,49.460408148350204
2026-03-29 16:43:24.000000000,8.448752008226666
2026-03-29 16:36:10.000000000,26.933316016334633
2026-03-29 17:13:40.000000000,35.35097795608541
2026-03-29 17:29:57.000000000,13.389878438431428
2026-03-29 17:23:21.000000000,31.05793576778544
2026-03-29 17:43:00.000000000,14.340168631777804
2026-03-29 17:08:54.000000000,9.593998160617133
2026-03-29 17:15:17.000000000,25.64650892492245
2026-03-29 17:14:32.000000000,56.763681237754426
2026-03-29 17:09:27.000000000,10.221893099073995
2026-03-29 17:47:10.000000000,32.7954534707922
2026-03-29 17:35:55.000000000,15.624130289553865
2026-03-29 17:10:03.000000000,24.397749386193418
2026-03-29 17:30:40.000000000,40.14838256205495
2026-03-29 17:54:35.000000000,40.39722696997105
2026-03-29 17:51:23.000000000,15.233489742663432
2026-03-29 17:46:05.000000000,11.651820441894847
2026-03-29 17:30:05.000000000,50.303396368246176
2026-03-29 17:46:00.000000000,15.170570818684117
2026-03-29 17:47:29.000000000,17.62573899287285
2026-03-29 17:52:08.000000000,10.38753034852739
2026-03-29 17:17:44.000000000,13.397028232864423
2026-03-29 18:36:57.000000000,23.27697028489894
2026-03-29 18:26:52.000000000,42.83424684344478
2026-03-29 18:44:22.000000000,16.98438861149694
2026-03-29 18:40:51.000000000,21.28716132045886
2026-03-29 18:36:29.000000000,9.802536952079642
2026-03-29 18:10:33.000000000,28.159525311977816
2026-03-29 18:54:45.000000000,17.422671912255833
2026-03-29 18:10:13.000000000,63.266345068033566
2026-03-29 18:02:16.000000000,13.135529558228598
2026-03-29 18:55:32.000000000,18.723467245543727
2026-03-29 18:34:11.000000000,10.715725038165225
2026-03-29 18:43:56.000000000,21.556792411094463
2026-03-29 18:01:50.000000000,27.53255241691712
2026-03-29 18:13:22.000000000,10.5640968134357
2026-03-29 18:54:49.000000000,5.463024057673555
2026-03-29 18:59:31.000000000,19.507270668594906
2026-03-29 18:12:48.000000000,31.830887947914114
2026-03-29 18:48:33.000000000,33.38207990598948
2026-03-29 18:59:23.000000000,19.469292333418284
2026-03-29 19:54:07.000000000,17.100487600232672
2026-03-29 19:18:11.000000000,29.780725246775148
2026-03-29 19:11:37.000000000,8.61939215121396
2026-03-29 19:30:30.000000000,35.5590203468856
2026-03-29 19:30:45.000000000,17.826884146690652
2026-03-29 19:29:02.000000000,7.783521152578799
2026-03-29 19:19:05.000000000,11.445029879537634
2026-03-29 19:25:17.000000000,24.985683250675674
2026-03-29 19:37:37.000000000,23.96202722789172
2026-03-29 19:35:58.000000000,25.496135486552976
2026-03-29 19:10:41.000000000,28.22453988933329
2026-03-29 19:17:49.000000000,48.611183058289164
2026-03-29 19:53:15.000000000,7.88571780559845
2026-03-29 19:34:39.000000000,7.856695646339808
2026-03-29 19:42:21.000000000,15.979630149694364
2026-03-29 19:42:31.000000000,21.235784331182437
2026-03-29 19:18:04.000000000,16.623277591392725
2026-03-29 19:18:46.000000000,32.5276237226822
2026-03-29 19:41:16.000000000,6.940970899175724
2026-03-29 20:46:54.000000000,23.085031822819527
2026-03-29 20:26:18.000000000,11.674787114069225
2026-03-29 20:11:23.000000000,9.611845145068061
2026-03-29 20:56:02.000000000,43.3230163713761
2026-03-29 20:24:54.000000000,25.001754332515663
2026-03-29 20:21:16.000000000,20.071526583093565
2026-03-29 20:04:08.000000000,20.181273624788272
2026-03-29 20:26:03.000000000,9.568591497735785
2026-03-29 20:47:00.000000000,30.167462560309076
2026-03-29 20:03:20.000000000,15.174114757693975
2026-03-29 20:21:54.000000000,16.115646365791786
2026-03-29 20:37:38.000000000,17.920739210598697
2026-03-29 20:01:53.000000000,25.349367802500105
2026-03-29 21:43:46.000000000,12.227992209708226
2026-03-29 21:23:23.000000000,12.287777976444007
2026-03-29 21:02:11.000000000,28.440626676284477
2026-03-29 21:22:08.000000000,58.5551562623735
2026-03-29 21:32:58.000000000,31.992406423385
2026-03-29 21:34:42.000000000,14.637549073028955
2026-03-29 21:34:29.000000000,27.23702708870265
2026-03-29 21:41:15.000000000,52.174266639127886
2026-03-29 21:28:47.000000000,26.687451980335418
2026-03-29 21:13:28.000000000,46.283078196315955
2026-03-29 21:14:42.000000000,12.167275644210296
2026-03-29 21:42:48.000000000,10.646823044772882
2026-03-29 21:52:39.000000000,20.276473276577352
2026-03-29 21:38:54.000000000,50.59853305157357
2026-03-29 21:40:13.000000000,28.105097654186384
2026-03-29 22:44:11.000000000,8.43730681466061
2026-03-29 22:29:32.000000000,14.929237403427516
2026-03-29 22:43:08.000000000,20.02027591556649
2026-03-29 22:34:04.000000000,20.936635939162606
2026-03-29 22:07:49.000000000,36.174883353812035
2026-03-29 22:18:18.000000000,16.750306564726714
2026-03-29 22:23:01.000000000,29.269289076994557
2026-03-29 22:38:54.000000000,6.114978051536359
2026-03-29 22:33:39.000000000,12.33834198915368
2026-03-29 22:29:07.000000000,18.25740890736677
2026-03-29 22:21:54.000000000,23.793740008957027
2026-03-29 22:10:41.000000000,25.37721665451346
2026-03-29 22:35:32.000000000,21.919308885511175
2026-03-29 22:21:21.000000000,23.854997361787888
2026-03-29 23:42:20.000000000,10.611109376764382
2026-03-29 23:50:07.000000000,15.69833511430371
2026-03-29 23:03:40.000000000,29.807347278801892
2026-03-29 23:47:31.000000000,68.05051160062143
2026-03-29 23:29:00.000000000,18.538755205986806
2026-03-29 23:07:53.000000000,13.974419168937814
2026-03-29 23:53:29.000000000,15.022089630750381
2026-03-29 23:09:10.000000000,36.518511865885365
2026-03-29 23:33:06.000000000,18.300887824256968
2026-03-29 23:10:07.000000000,13.803535334906144
2026-03-29 23:20:12.000000000,7.238597389330701
2026-03-29 23:03:35.000000000,65.18770561567203
2026-03-29 23:22:58.000000000,53.097010441398496
2026-03-29 23:52:36.000000000,7.04480984148915
2026-03-29 23:05:56.000000000,10.835094401625744
2026-03-30 00:15:20.000000000,19.5795051972694
2026-03-30 00:20:32.000000000,18.062695191354475
2026-03-30 00:54:22.000000000,39.62862958964089
2026-03-30 00:07:32.000000000,35.87928271334067
2026-03-30 00:28:08.000000000,8.715008389538381
2026-03-30 00:20:59.000000000,19.802031428863984
2026-03-30 00:19:01.000000000,15.76663347940189
2026-03-30 01:33:36.000000000,8.157760940400486
2026-03-30 01:44:25.000000000,6.010685859356937
2026-03-30 01:37:00.000000000,5.799956616123951
2026-03-30 01:02:40.000000000,39.44921694825313
2026-03-30 02:37:00.000000000,17.499663271480635
2026-03-30 02:47:37.000000000,43.29646148507531
2026-03-30 02:14:21.000000000,58.438970579177294
2026-03-30 02:54:51.000000000,31.463935727729584
2026-03-30 03:38:29.000000000,17.450941100497424
2026-03-30 03:49:49.000000000,59.078415713925565
2026-03-30 03:23:24.000000000,36.13329638574034
2026-03-30 04:18:33.000000000,28.886596583898772
2026-03-30 04:40:46.000000000,8.743403072831995
2026-03-30 05:30:25.000000000,34.784907684986294
2026-03-30 05:21:43.000000000,18.29318894397783
2026-03-30 05:33:03.000000000,12.795166571074471
2026-03-30 05:59:27.000000000,23.27233471931017
2026-03-30 05:01:52.000000000,9.094157003946737
2026-03-30 05:49:16.000000000,64.7587991968055
2026-03-30 05:13:23.000000000,8.656268607425103
2026-03-30 05:06:20.000000000,40.141523247233025
2026-03-30 05:28:22.000000000,134.79035803160798
2026-03-30 06:19:12.000000000,29.31347143860436
2026-03-30 06:59:13.000000000,62.60313434091567
2026-03-30 06:31:53.000000000,34.45060945653832
2026-03-30 06:28:11.000000000,10.20474891732211
2026-03-30 06:44:57.000000000,9.946939640201203
2026-03-30 06:19:27.000000000,16.03852382975313
2026-03-30 06:16:41.000000000,73.92903973438197
2026-03-30 06:38:08.000000000,12.521813570755041
2026-03-30 06:18:30.000000000,47.53262566552122
2026-03-30 06:35:02.000000000,24.336771738824986
2026-03-30 06:26:03.000000000,57.806832885790094
2026-03-30 07:40:39.000000000,20.018563589696043
2026-03-30 07:52:17.000000000,11.4818635977498
2026-03-30 07:46:30.000000000,48.14304805280531
2026-03-30 07:02:42.000000000,33.16703016636782
2026-03-30 07:18:20.000000000,28.558977744115154
2026-03-30 07:32:58.000000000,14.463123268842622
2026-03-30 07:03:18.000000000,18.32067833885712
2026-03-30 07:02:27.000000000,22.90109367169415
2026-03-30 07:48:28.000000000,29.62954094080573
2026-03-30 07:13:27.000000000,104.266187521612
2026-03-30 07:42:46.000000000,16.81141683440987
2026-03-30 07:03:48.000000000,27.78708893281445
2026-03-30 07:40:24.000000000,47.728367112321884
2026-03-30 07:57:25.000000000,31.626177873105206
2026-03-30 07:37:55.000000000,15.271019537253832
2026-03-30 08:44:14.000000000,11.575414118858223
2026-03-30 08:48:54.000000000,21.848152792742994
2026-03-30 08:30:41.000000000,11.419532425242233
2026-03-30 08:48:32.000000000,12.804511249596928
2026-03-30 08:54:03.000000000,40.497988463962166
2026-03-30 08:20:20.000000000,14.088282512288156
2026-03-30 08:04:05.000000000,46.920580690287075
2026-03-30 08:11:47.000000000,15.848055212923423
2026-03-30 08:06:31.000000000,21.095379979572666
2026-03-30 08:17:03.000000000,26.11069702333196
2026-03-30 08:22:40.000000000,40.41500360651111
2026-03-30 08:39:09.000000000,30.377285993363422
2026-03-30 08:28:00.000000000,36.660215299677894
2026-03-30 08:12:58.000000000,23.463947127434743
2026-03-30 08:01:49.000000000,42.187604941037854
2026-03-30 08:03:50.000000000,11.602318803639115
2026-03-30 08:51:30.000000000,26.47222665957011
2026-03-30 08:27:42.000000000,12.599113140005938
2026-03-30 08:54:03.000000000,8.94077383852643
2026-03-30 08:27:30.000000000,18.60653242473768
2026-03-30 08:51:56.000000000,21.452119623298472
2026-03-30 09:06:04.000000000,10.018361282324408
2026-03-30 09:35:10.000000000,11.78931694863928
2026-03-30 09:42:45.000000000,8.814210263944938
2026-03-30 09:44:40.000000000,32.528499029161594
2026-03-30 09:42:32.000000000,19.134567322692618
2026-03-30 09:42:59.000000000,47.96142291258847
2026-03-30 09:41:37.000000000,16.740141954341066
2026-03-30 09:39:36.000000000,51.3961860191466
2026-03-30 09:39:31.000000000,9.955230910105735
2026-03-30 09:50:46.000000000,23.75928707107171
2026-03-30 09:29:48.000000000,24.011729518980058
2026-03-30 09:01:36.000000000,6.096811253283113
2026-03-30 09:46:05.000000000,31.593687808062967
2026-03-30 09:01:23.000000000,10.250047669747042
2026-03-30 09:33:41.000000000,15.63000528230409
2026-03-30 10:21:58.000000000,10.750389907443049
2026-03-30 10:13:47.000000000,22.538078657408427
2026-03-30 10:57:34.000000000,14.516388797136727
2026-03-30 10:14:20.000000000,8.150418496021208
2026-03-30 10:12:41.000000000,29.710346605958804
2026-03-30 10:34:56.000000000,47.231901421427395
2026-03-30 10:37:19.000000000,49.31405720039639
2026-03-30 10:52:36.000000000,26.577852776780546
2026-03-30 10:49:40.000000000,52.730795735474786
2026-03-30 10:49:20.000000000,33.60813808483076
2026-03-30 10:59:16.000000000,42.36983601528033
2026-03-30 10:53:51.000000000,40.192324773653084
2026-03-30 10:25:10.000000000,84.36049981784848
2026-03-30 10:50:28.000000000,14.025460738162328
2026-03-30 10:22:56.000000000,23.400382143118684
2026-03-30 10:30:34.000000000,16.668947733866055
2026-03-30 11:45:38.000000000,29.071208279554885
2026-03-30 11:48:05.000000000,20.112964947601775
2026-03-30 11:41:49.000000000,15.614862706323168
2026-03-30 11:04:50.000000000,49.06149227923509
2026-03-30 11:16:56.000000000,33.85784221139884
2026-03-30 11:26:33.000000000,9.22900590782361
2026-03-30 11:25:37.000000000,52.71882136313335
2026-03-30 11:16:29.000000000,40.498512221251026
2026-03-30 11:48:36.000000000,62.87007111246751
2026-03-30 11:24:12.000000000,49.336115396931845
2026-03-30 11:43:09.000000000,15.907432184539134
2026-03-30 11:51:41.000000000,80.6502203650013
2026-03-30 11:41:18.000000000,11.603517910563916
2026-03-30 11:31:06.000000000,30.923968140033217
2026-03-30 11:13:58.000000000,64.52285409583894
2026-03-30 11:53:40.000000000,9.6484018431843
2026-03-30 12:05:25.000000000,15.856313318102451
2026-03-30 12:54:54.000000000,11.534398663001909
2026-03-30 12:34:04.000000000,16.46285057181336
2026-03-30 12:33:11.000000000,6.4371633382311675
2026-03-30 12:21:14.000000000,17.692446537995085
2026-03-30 12:08:48.000000000,17.76203868910459
2026-03-30 12:22:11.000000000,53.52136938289328
2026-03-30 12:41:33.000000000,7.265395398461403
2026-03-30 12:57:50.000000000,16.988181644068472
2026-03-30 12:45:24.000000000,25.036563409707973
2026-03-30 12:00:48.000000000,37.1733953979569
2026-03-30 12:54:21.000000000,29.281104101204825
2026-03-30 12:14:08.000000000,9.81432259108879
2026-03-30 12:09:10.000000000,13.232156706911052
2026-03-30 13:47:18.000000000,96.10422041939792
2026-03-30 13:59:53.000000000,22.82944131590323
2026-03-30 13:59:12.000000000,15.931091835475682
2026-03-30 13:04:39.000000000,18.381644474427883
2026-03-30 13:59:39.000000000,44.632280941391734
2026-03-30 13:58:24.000000000,22.109540923734333
2026-03-30 13:02:55.000000000,30.994467383643148
2026-03-30 13:05:39.000000000,10.735894922931049
2026-03-30 13:24:07.000000000,16.151663928231464
2026-03-30 13:17:16.000000000,23.23202834890103
2026-03-30 13:13:20.000000000,86.13552387278854
2026-03-30 13:17:39.000000000,10.841095344104549
2026-03-30 14:32:40.000000000,18.334539570763877
2026-03-30 14:27:06.000000000,15.116477100239544
2026-03-30 14:35:48.000000000,13.076667372895269
2026-03-30 14:47:27.000000000,56.527362896109146
2026-03-30 14:31:09.000000000,11.444069251764018
2026-03-30 14:25:38.000000000,13.824329189589106
2026-03-30 14:40:26.000000000,26.41237700681051
2026-03-30 14:40:49.000000000,19.299050396960983
2026-03-30 14:34:11.000000000,17.534316568055324
2026-03-30 14:44:05.000000000,16.088877646703263
2026-03-30 15:32:06.000000000,8.465376215418809
2026-03-30 15:12:42.000000000,6.366529318890134
2026-03-30 15:31:21.000000000,39.48747468951303
2026-03-30 15:57:25.000000000,15.060048721246966
2026-03-30 15:09:57.000000000,28.156881653494928
2026-03-30 15:41:10.000000000,10.15283778247504
2026-03-30 15:01:13.000000000,29.69877322122176
2026-03-30 15:49:34.000000000,26.218981820616936
2026-03-30 15:43:43.000000000,7.960657579042198
2026-03-30 15:19:04.000000000,20.769268814454488
2026-03-30 15:51:16.000000000,83.23288361291053
2026-03-30 15:54:57.000000000,9.228751845965306
2026-03-30 15:49:36.000000000,17.99207000952366
2026-03-30 15:58:35.000000000,13.604458509860551
2026-03-30 16:16:23.000000000,23.111301232329602
2026-03-30 16:52:35.000000000,23.53907059845835
2026-03-30 16:57:12.000000000,17.745642490343062
2026-03-30 16:04:05.000000000,9.21864998366191
2026-03-30 16:28:02.000000000,28.654284462655852
2026-03-30 16:49:39.000000000,17.336184201821155
2026-03-30 16:16:54.000000000,10.460639234061672
2026-03-30 16:28:19.000000000,6.82557294700288
2026-03-30 16:14:35.000000000,10.026647645540287
2026-03-30 16:01:24.000000000,15.671477013118087
2026-03-30 16:38:30.000000000,26.109566956714865
2026-03-30 16:02:51.000000000,75.40601216974886
2026-03-30 16:50:07.000000000,7.9989861048334605
2026-03-30 16:15:01.000000000,20.70395689530868
2026-03-30 16:26:41.000000000,23.21199175623963
2026-03-30 17:09:08.000000000,20.846747960883867
2026-03-30 17:00:24.000000000,18.046406829401224
2026-03-30 17:07:34.000000000,14.088515803107853
2026-03-30 17:36:36.000000000,7.455167515415535
2026-03-30 17:49:49.000000000,9.962581433304484
2026-03-30 17:24:45.000000000,33.33267311874082
2026-03-30 17:26:56.000000000,59.209102414181864
2026-03-30 17:32:29.000000000,14.612686841384454
2026-03-30 17:55:38.000000000,11.279882572035005
2026-03-30 17:49:51.000000000,9.333202292951523
2026-03-30 17:13:36.000000000,38.76663823418664
2026-03-30 17:51:18.000000000,22.16201623003769
2026-03-30 17:54:27.000000000,7.922950630227543
2026-03-30 17:14:21.000000000,12.577101470486843
2026-03-30 17:07:32.000000000,38.85275148472187
2026-03-30 17:08:08.000000000,47.37123191086532
2026-03-30 18:25:58.000000000,20.07515048015582
2026-03-30 18:24:15.000000000,19.040360537911706
2026-03-30 18:42:29.000000000,56.08510041617933
2026-03-30 18:29:36.000000000,25.601212580693065
2026-03-30 18:31:52.000000000,21.77573324287179
2026-03-30 18:15:12.000000000,13.745648527847214
2026-03-30 18:06:57.000000000,34.053193624384775
2026-03-30 18:54:29.000000000,31.964731561030845
2026-03-30 18:17:26.000000000,16.41444316236358
2026-03-30 18:03:03.000000000,25.220184422775713
2026-03-30 18:31:30.000000000,38.669754106791466
2026-03-30 18:42:12.000000000,21.79340410526142
2026-03-30 18:12:31.000000000,48.90865696458383
2026-03-30 18:41:21.000000000,8.48286261692595
2026-03-30 18:33:10.000000000,14.773056420144165
2026-03-30 18:51:30.000000000,15.724592805689053
2026-03-30 18:37:54.000000000,14.473120750606332
2026-03-30 18:22:39.000000000,80.40590324733893
2026-03-30 18:34:31.000000000,42.880796024433195
2026-03-30 18:12:44.000000000,6.7767635845547325
2026-03-30 19:23:25.000000000,32.695814607168906
2026-03-30 19:39:04.000000000,7.564229024226235
2026-03-30 19:52:40.000000000,12.269867440455354
2026-03-30 19:02:21.000000000,23.65154272793096
2026-03-30 19:20:06.000000000,6.2295208053059365
2026-03-30 19:33:37.000000000,26.572320834291457
2026-03-30 19:20:13.000000000,52.40630326699539
2026-03-30 19:10:19.000000000,15.86652222369578
2026-03-30 19:36:52.000000000,15.87453839730738
2026-03-30 19:41:54.000000000,23.18804471746435
2026-03-30 19:51:39.000000000,11.646525322067323
2026-03-30 19:55:45.000000000,20.997506447574448
2026-03-30 19:32:53.000000000,13.09668007161556
2026-03-30 19:24:45.000000000,45.78608204224136
2026-03-30 19:30:29.000000000,7.659715806918551
2026-03-30 19:17:57.000000000,25.631926051222578
2026-03-30 20:15:12.000000000,7.661899739314115
2026-03-30 20:47:12.000000000,27.1210765347062
2026-03-30 20:34:37.000000000,54.774619958956464
2026-03-30 20:49:22.000000000,9.76194171380997
2026-03-30 20:53:04.000000000,12.906208732138541
2026-03-30 20:54:32.000000000,8.881478685859284
2026-03-30 20:04:11.000000000,54.28287914773901
2026-03-30 20:46:22.000000000,13.614783735487286
2026-03-30 20:44:51.000000000,21.82350348170903
2026-03-30 20:49:01.000000000,11.78029999709602
2026-03-30 20:55:33.000000000,20.026211883672616
2026-03-30 20:35:46.000000000,9.510770227331717
2026-03-30 20:39:01.000000000,8.979055781442177
2026-03-30 20:07:24.000000000,6.23108358735543
2026-03-30 20:20:28.000000000,9.190254145909496
2026-03-30 21:36:33.000000000,20.218492447112755
2026-03-30 21:08:13.000000000,11.899906637567407
2026-03-30 21:42:09.000000000,15.018016317231087
2026-03-30 21:32:18.000000000,19.08672774421274
2026-03-30 21:29:08.000000000,17.559197307670246
2026-03-30 21:06:47.000000000,17.433215904744962
2026-03-30 21:35:27.000000000,47.17211048034298
2026-03-30 21:02:41.000000000,30.11123597513014
2026-03-30 21:52:41.000000000,14.279919808090288
2026-03-30 21:21:40.000000000,15.303269491218472
2026-03-30 22:49:09.000000000,47.57638989787325
2026-03-30 22:23:39.000000000,20.108508207751715
2026-03-30 22:03:18.000000000,162.23370787889607
2026-03-30 22:37:00.000000000,7.181566636442593
2026-03-30 22:49:29.000000000,19.45373950465654
2026-03-30 22:59:04.000000000,45.96524228789917
2026-03-30 22:36:56.000000000,29.30470589737699
2026-03-30 22:54:01.000000000,30.868895477342733
2026-03-30 22:14:40.000000000,19.36783632002753
2026-03-30 22:25:02.000000000,8.22703634835108
2026-03-30 22:55:22.000000000,27.717847953822755
2026-03-30 23:10:12.000000000,48.80477285526228
2026-03-30 23:54:05.000000000,10.972054665651633
2026-03-30 23:04:37.000000000,15.75938449105277
2026-03-30 23:05:23.000000000,99.74275461156243
2026-03-30 23:30:08.000000000,28.67433138406399
2026-03-30 23:01:01.000000000,33.795085918238094
2026-03-30 23:34:11.000000000,39.528892790169664
2026-03-30 23:03:41.000000000,11.489789946438856
2026-03-30 23:33:02.000000000,28.617321807839748
2026-03-30 23:01:59.000000000,54.4592850855821
2026-03-30 23:46:33.000000000,8.124540248316302
2026-03-31 00:04:51.000000000,44.77535036969148
2026-03-31 00:51:52.000000000,22.807332663590387
2026-03-31 00:39:27.000000000,26.28756302917522
2026-03-31 00:41:41.000000000,17.444504676497
2026-03-31 00:05:19.000000000,55.97892540814426
2026-03-31 00:02:37.000000000,27.49009058830313
2026-03-31 00:06:42.000000000,8.683629721766494
2026-03-31 00:58:42.000000000,79.33938785351519
2026-03-31 01:40:03.000000000,16.691641033159215
2026-03-31 01:30:23.000000000,17.65269514167006
2026-03-31 01:07:04.000000000,71.75959192658127
2026-03-31 01:08:37.000000000,27.99470664451302
2026-03-31 02:46:52.000000000,12.344269194559752
2026-03-31 02:47:56.000000000,23.37514109799168
2026-03-31 03:24:25.000000000,26.616404947523208
2026-03-31 03:49:56.000000000,17.285787054086825
2026-03-31 05:40:08.000000000,11.621448441133344
2026-03-31 05:06:03.000000000,15.083779843139304
2026-03-31 05:13:35.000000000,8.592802019741972
2026-03-31 05:02:59.000000000,8.782338512373652
2026-03-31 05:00:19.000000000,104.21166102559954
2026-03-31 05:22:44.000000000,57.7778139921065
2026-03-31 05:44:08.000000000,23.263769791582625
2026-03-31 05:57:10.000000000,24.568402458939637
2026-03-31 05:25:02.000000000,26.585412551531604
2026-03-31 06:52:23.000000000,8.464274054343356
2026-03-31 06:54:10.000000000,8.035755637843463
2026-03-31 06:37:33.000000000,28.432671611874454
2026-03-31 06:23:57.000000000,26.988728196193385
2026-03-31 06:36:01.000000000,28.834312048819953
2026-03-31 06:49:50.000000000,8.137230591986288
2026-03-31 06:00:20.000000000,15.946416143298844
2026-03-31 06:18:19.000000000,51.381058291596794
2026-03-31 06:56:21.000000000,6.606154498836392
2026-03-31 06:17:37.000000000,31.902782438714716
2026-03-31 06:42:54.000000000,7.965713533280911
2026-03-31 06:37:17.000000000,17.62864662895495
2026-03-31 06:12:28.000000000,35.54223338255004
2026-03-31 06:58:32.000000000,49.38733370669498
2026-03-31 07:50:22.000000000,8.075673084309484
2026-03-31 07:05:22.000000000,17.634456542743415
2026-03-31 07:17:26.000000000,17.593550550170598
2026-03-31 07:23:23.000000000,17.031026904319226
2026-03-31 07:28:55.000000000,143.013382703641
2026-03-31 07:05:49.000000000,18.404694186965
2026-03-31 07:18:27.000000000,40.43688010508141
2026-03-31 07:40:21.000000000,10.575482593950342
2026-03-31 07:28:15.000000000,9.32219316083401
2026-03-31 07:34:07.000000000,42.87479132760315
2026-03-31 07:27:14.000000000,17.830445582603822
2026-03-31 07:51:00.000000000,18.975005305471527
2026-03-31 07:15:21.000000000,15.327285629591978
2026-03-31 07:53:37.000000000,37.18715433788116
2026-03-31 07:45:28.000000000,16.262256670061394
2026-03-31 07:01:22.000000000,17.144536652597846
2026-03-31 07:44:56.000000000,10.858296195346487
2026-03-31 07:14:51.000000000,25.677394413449004
2026-03-31 07:44:56.000000000,12.86960770097524
2026-03-31 07:47:47.000000000,10.735532950144565
2026-03-31 07:14:52.000000000,10.777199213186027
2026-03-31 08:38:52.000000000,19.487867684482715
2026-03-31 08:05:50.000000000,7.745285878106623
2026-03-31 08:21:18.000000000,6.978045067141184
2026-03-31 08:29:10.000000000,22.12910762368633
2026-03-31 08:17:58.000000000,25.036143043292228
2026-03-31 08:44:19.000000000,44.54680081310768
2026-03-31 08:21:23.000000000,50.261638369980034
2026-03-31 08:52:32.000000000,18.477491532355998
2026-03-31 08:26:31.000000000,9.874600964134647
2026-03-31 08:58:57.000000000,17.67923911065501
2026-03-31 08:07:02.000000000,13.292154668253072
2026-03-31 08:59:32.000000000,33.13435235031509
2026-03-31 08:35:50.000000000,7.639797096813036
2026-03-31 08:11:45.000000000,33.29567770854822
2026-03-31 08:54:23.000000000,7.494552697928308
2026-03-31 08:00:53.000000000,10.937339310802768
2026-03-31 08:34:33.000000000,12.85445753984639
2026-03-31 08:07:38.000000000,10.493997413076364
2026-03-31 08:06:27.000000000,9.279814625860553
2026-03-31 09:01:27.000000000,8.509313051251558
2026-03-31 09:16:37.000000000,6.508932743597751
2026-03-31 09:57:31.000000000,74.313958142112
2026-03-31 09:10:48.000000000,17.70647703602496
2026-03-31 09:53:56.000000000,6.235864823398935
2026-03-31 09:04:55.000000000,12.846621613393701
2026-03-31 09:59:31.000000000,8.018205426424556
2026-03-31 09:32:22.000000000,26.68703077751491
2026-03-31 09:42:10.000000000,25.322679104621116
2026-03-31 09:00:37.000000000,14.243062566678
2026-03-31 09:07:51.000000000,29.829359193121963
2026-03-31 09:06:35.000000000,39.2261315504007
2026-03-31 09:58:59.000000000,40.0901252275367
2026-03-31 09:59:31.000000000,51.33535752888141
2026-03-31 09:57:22.000000000,25.768218835306318
2026-03-31 09:57:31.000000000,12.471738732175245
2026-03-31 09:47:55.000000000,36.61625237711518
2026-03-31 09:59:47.000000000,7.076119949443246
2026-03-31 09:33:26.000000000,7.795560937291818
2026-03-31 09:15:27.000000000,10.130672242495118
2026-03-31 09:02:17.000000000,15.176684754448054
2026-03-31 09:12:30.000000000,21.089154333612143
2026-03-31 09:32:58.000000000,19.282803790886604
2026-03-31 09:52:22.000000000,54.44490116335754
2026-03-31 10:24:21.000000000,59.740100600072815
2026-03-31 10:56:12.000000000,41.58147166894288
2026-03-31 10:19:30.000000000,13.689420775515883
2026-03-31 10:19:55.000000000,34.77264196535236
2026-03-31 10:09:04.000000000,9.145139322287953
2026-03-31 10:47:12.000000000,14.843016329813075
2026-03-31 10:15:46.000000000,15.955285200265461
2026-03-31 10:57:16.000000000,21.417780704084777
2026-03-31 10:02:37.000000000,8.651533365218066
2026-03-31 10:29:09.000000000,9.214096475683238
2026-03-31 11:11:25.000000000,34.75889448683301
2026-03-31 11:17:08.000000000,19.491673584563042
2026-03-31 11:22:05.000000000,31.86249914481154
2026-03-31 11:40:34.000000000,78.80502569569671
2026-03-31 11:47:37.000000000,12.101003306303964
2026-03-31 11:23:57.000000000,20.021494915552466
2026-03-31 11:07:34.000000000,10.671728325735375
2026-03-31 12:59:47.000000000,21.796643911335998
2026-03-31 12:10:39.000000000,6.163056277769221
2026-03-31 12:01:36.000000000,29.208942310219143
2026-03-31 12:28:24.000000000,21.1538132446594
2026-03-31 12:37:42.000000000,12.999100868469432
2026-03-31 12:46:10.000000000,25.656348703270254
2026-03-31 12:01:11.000000000,15.433535836760539
2026-03-31 12:26:37.000000000,66.4570932784293
2026-03-31 12:00:41.000000000,8.793869841665266
2026-03-31 12:57:28.000000000,43.52984549167443
2026-03-31 12:44:17.000000000,14.857873627346846
2026-03-31 12:44:56.000000000,44.60776568309345
2026-03-31 12:28:19.000000000,7.37588128726706
2026-03-31 12:07:40.000000000,24.66039937117611
2026-03-31 12:58:07.000000000,7.224481352162892
2026-03-31 12:10:19.000000000,7.148196489427553
2026-03-31 12:31:03.000000000,58.195838095424634
2026-03-31 13:24:35.000000000,51.59988903766355
2026-03-31 13:36:59.000000000,10.12132279267105
2026-03-31 13:28:45.000000000,59.48086830184097
2026-03-31 13:32:03.000000000,41.67785536718059
2026-03-31 13:25:15.000000000,15.222767676215835
2026-03-31 13:58:00.000000000,6.452196493037154
2026-03-31 13:46:56.000000000,47.38886146435932
2026-03-31 13:50:02.000000000,19.822854412255804
2026-03-31 13:52:16.000000000,63.99411427628666
2026-03-31 14:55:43.000000000,18.393450526790296
2026-03-31 14:24:55.000000000,7.095231549756009
2026-03-31 14:42:39.000000000,13.475952711832152
2026-03-31 14:10:54.000000000,7.173878592388367
2026-03-31 14:57:37.000000000,6.87574018467089
2026-03-31 14:14:26.000000000,83.48691641448016
2026-03-31 14:59:44.000000000,15.89179065637799
2026-03-31 14:25:06.000000000,26.218055575368652
2026-03-31 14:07:22.000000000,10.642214804498302
2026-03-31 14:33:51.000000000,35.41598438314531
2026-03-31 14:19:16.000000000,15.134517242668315
2026-03-31 14:44:58.000000000,20.505595687159293
2026-03-31 14:17:00.000000000,33.1541789189899
2026-03-31 14:44:21.000000000,105.9889158561568
2026-03-31 14:36:47.000000000,35.36398732553017
2026-03-31 14:15:35.000000000,22.46901203488553
2026-03-31 14:45:12.000000000,16.342104186693692
2026-03-31 14:37:11.000000000,16.546358810637543
2026-03-31 14:31:13.000000000,41.80031089618397
2026-03-31 15:56:52.000000000,11.26766806352468
2026-03-31 15:38:57.000000000,32.663144335951216
2026-03-31 15:33:51.000000000,10.35008767645282
2026-03-31 15:16:10.000000000,50.510443396888384
2026-03-31 15:13:33.000000000,39.04136492621027
2026-03-31 15:41:15.000000000,24.832898229155266
2026-03-31 15:46:24.000000000,24.296641452442383
2026-03-31 15:37:03.000000000,15.726572527503452
2026-03-31 15:57:51.000000000,29.28686487823703
2026-03-31 15:13:20.000000000,11.677127468253898
2026-03-31 15:07:15.000000000,125.10687737799705
2026-03-31 15:51:18.000000000,8.7844643998238
2026-03-31 15:03:21.000000000,10.852488026925249
2026-03-31 16:59:43.000000000,24.335208014425152
2026-03-31 16:38:44.000000000,16.60754013479431
2026-03-31 16:39:45.000000000,11.617936918618435
2026-03-31 16:10:35.000000000,17.980716775004193
2026-03-31 16:41:12.000000000,21.765049907285622
2026-03-31 16:34:40.000000000,10.926422071309043
2026-03-31 16:22:40.000000000,36.51930404237741
2026-03-31 16:35:47.000000000,7.788239580208675
2026-03-31 16:40:45.000000000,35.5199729281996
2026-03-31 16:52:06.000000000,18.7526541038075
2026-03-31 16:06:35.000000000,19.106111955330753
2026-03-31 16:30:57.000000000,15.071105302749066
2026-03-31 16:22:55.000000000,18.838826826238556
2026-03-31 17:54:09.000000000,29.591837851495427
2026-03-31 17:55:41.000000000,14.714824593430556
2026-03-31 17:42:58.000000000,12.32124631819522
2026-03-31 17:48:00.000000000,25.431970595318745
2026-03-31 17:40:00.000000000,39.761272888912586
2026-03-31 17:35:37.000000000,29.73124022206589
2026-03-31 17:36:42.000000000,16.235859446389014
2026-03-31 17:28:30.000000000,11.307074102303156
2026-03-31 17:42:31.000000000,20.553236983921845
2026-03-31 17:15:55.000000000,9.161703384630757
2026-03-31 18:21:50.000000000,13.229528112818029
2026-03-31 18:18:25.000000000,10.657762929777912
2026-03-31 18:14:10.000000000,23.44703403891672
2026-03-31 18:04:56.000000000,13.06711917066803
2026-03-31 18:24:55.000000000,37.943400486474886
2026-03-31 18:55:11.000000000,12.97523671717127
2026-03-31 18:12:16.000000000,14.601514065284563
2026-03-31 18:48:45.000000000,17.965956133602962
2026-03-31 18:30:21.000000000,164.22287862198337
2026-03-31 18:52:28.000000000,30.553128949096667
2026-03-31 18:53:25.000000000,38.50371772230383
2026-03-31 18:24:54.000000000,14.874741358377316
2026-03-31 18:25:26.000000000,21.69454900034971
2026-03-31 18:50:01.000000000,13.08562202291608
2026-03-31 18:34:22.000000000,37.492727009580754
2026-03-31 18:13:47.000000000,49.94006855068427
2026-03-31 18:00:21.000000000,14.631235320255369
2026-03-31 18:44:10.000000000,21.411016613506867
2026-03-31 18:35:32.000000000,56.40532693012382
2026-03-31 19:05:14.000000000,200.3280144064866
2026-03-31 19:30:41.000000000,20.1755985556811
2026-03-31 19:28:08.000000000,19.61829757776577
2026-03-31 19:12:46.000000000,36.12724108879083
2026-03-31 19:29:54.000000000,22.755264516670948
2026-03-31 19:57:52.000000000,22.89129704985556
2026-03-31 19:00:12.000000000,13.853448624933284
2026-03-31 19:01:37.000000000,16.64574196980922
2026-03-31 19:31:03.000000000,34.90509101911994
2026-03-31 20:18:18.000000000,11.596575280138879
2026-03-31 20:25:25.000000000,10.244934027315676
2026-03-31 20:40:46.000000000,31.931270093232406
2026-03-31 20:02:13.000000000,27.198389560159164
2026-03-31 20:59:56.000000000,25.541858514711024
2026-03-31 20:57:01.000000000,6.160605882368243
2026-03-31 20:14:25.000000000,17.83498823419464
2026-03-31 20:02:26.000000000,20.410986842255454
2026-03-31 20:02:15.000000000,23.357863829409347
2026-03-31 20:41:22.000000000,18.289015514135595
2026-03-31 20:27:29.000000000,15.340045947766406
2026-03-31 20:50:51.000000000,26.41186643846012
2026-03-31 20:27:23.000000000,59.55406016966416
2026-03-31 20:43:24.000000000,27.982975328912776
2026-03-31 20:44:52.000000000,17.990946114496733
2026-03-31 20:15:52.000000000,11.181725307173858
2026-03-31 20:04:28.000000000,46.53868781613183
2026-03-31 21:12:45.000000000,9.082031858757333
2026-03-31 21:21:50.000000000,7.174881351877618
2026-03-31 21:50:40.000000000,28.246369737901265
2026-03-31 21:24:25.000000000,16.262987910023476
2026-03-31 21:18:24.000000000,46.74892446205396
2026-03-31 21:21:37.000000000,32.17225059976028
2026-03-31 21:53:10.000000000,12.062120433581848
2026-03-31 21:00:48.000000000,42.884727502548245
2026-03-31 21:20:41.000000000,59.701326510239134
2026-03-31 21:57:15.000000000,7.099258696976091
2026-03-31 21:17:17.000000000,9.582850976181449
2026-03-31 21:55:04.000000000,48.924535442717875
2026-03-31 21:22:07.000000000,35.56336259070207
2026-03-31 21:33:39.000000000,78.14638186711791
2026-03-31 21:12:36.000000000,44.19241299450777
2026-03-31 21:19:42.000000000,20.960211593177114
2026-03-31 21:16:27.000000000,16.011864364610993
2026-03-31 21:55:44.000000000,19.19380504071756
2026-03-31 21:46:49.000000000,17.714174270812677
2026-03-31 21:03:15.000000000,24.8045587521793
2026-03-31 21:26:12.000000000,8.18043395466202
2026-03-31 22:24:59.000000000,27.37951333841917
2026-03-31 22:34:40.000000000,24.180963797291735
2026-03-31 22:24:20.000000000,39.73509055496743
2026-03-31 22:39:16.000000000,24.971888444557894
2026-03-31 22:03:05.000000000,47.36117883855677
2026-03-31 22:30:10.000000000,39.57424704022698
2026-03-31 22:32:44.000000000,7.918062854564234
2026-03-31 22:16:05.000000000,139.697761891326
2026-03-31 22:23:37.000000000,12.27826324635429
2026-03-31 22:36:49.000000000,22.075342409033652
2026-03-31 23:00:43.000000000,31.350654985052856
2026-03-31 23:36:07.000000000,17.90175503362682
2026-03-31 23:06:20.000000000,22.8322121274919
2026-03-31 23:59:45.000000000,39.80518826463168
2026-03-31 23:19:23.000000000,79.27353965788498
2026-03-31 23:32:45.000000000,113.47920803884699
2026-03-31 23:08:39.000000000,29.5351513513764
2026-03-31 23:09:09.000000000,20.1862786014698
2026-03-31 23:39:46.000000000,30.73738652453682
2026-03-31 23:45:44.000000000,13.006462084741312
