pickup_datetime,base_passenger_fare
2026-03-01 00:45:49.000000000,47.80666279520231
2026-03-01 00:36:44.000000000,17.974780210225692
2026-03-01 00:38:05.000000000,10.675255970863637
2026-03-01 00:01:04.000000000,7.02555709633812
2026-03-01 00:43:49.000000000,81.6892530345862
2026-03-01 00:05:03.000000000,15.644998299049155
2026-03-01 00:34:55.000000000,12.60041830626175
2026-03-01 00:27:54.000000000,77.07930394020464
2026-03-01 00:18:28.000000000,12.233289328591786
2026-03-01 00:56:18.000000000,28.252718758596906
2026-03-01 00:02:02.000000000,17.274371216012135
2026-03-01 00:49:18.000000000,16.66730552000707
2026-03-01 00:59:53.000000000,13.776643059671146
2026-03-01 00:31:00.000000000,15.000132548392946
2026-03-01 00:00:08.000000000,85.05392864536225
2026-03-01 00:32:09.000000000,66.56505571161028
2026-03-01 00:29:25.000000000,8.369892400366764
2026-03-01 00:27:22.000000000,29.438947474065063
2026-03-01 00:13:06.000000000,39.668478995166474
2026-03-01 00:57:29.000000000,14.019240239053095
2026-03-01 00:45:18.000000000,5.799595887184606
2026-03-01 00:29:53.000000000,20.3713625779973
2026-03-01 00:26:03.000000000,17.6387633514063
2026-03-01 00:13:54.000000000,22.838813624875282
2026-03-01 00:01:03.000000000,52.31296261474918
2026-03-01 00:50:17.000000000,11.147689744249869
2026-03-01 00:35:16.000000000,81.80573323658976
2026-03-01 00:06:20.000000000,88.05385685504288
2026-03-01 00:33:38.000000000,71.77522195146344
2026-03-01 00:51:47.000000000,66.92222909992171
2026-03-01 00:55:48.000000000,10.619877366068154
2026-03-01 00:12:48.000000000,44.48783786497491
2026-03-01 01:10:22.000000000,10.038967032426664
2026-03-01 01:24:02.000000000,172.73125299533643
2026-03-01 01:10:52.000000000,28.733440312084806
2026-03-01 01:18:13.000000000,15.05556411122918
2026-03-01 01:15:10.000000000,20.553633624976957
2026-03-01 01:10:33.000000000,40.887708932955086
2026-03-01 01:10:27.000000000,9.377181215931062
2026-03-01 01:01:07.000000000,36.44147592557642
2026-03-01 01:45:39.000000000,27.06904566931225
2026-03-01 01:15:41.000000000,9.474829879375767
2026-03-01 01:50:39.000000000,17.67236299753341
2026-03-01 01:29:43.000000000,17.119948006287395
2026-03-01 01:25:54.000000000,9.081443659112006
2026-03-01 01:16:19.000000000,23.404675868529505
2026-03-01 01:30:24.000000000,46.343025473961994
2026-03-01 01:32:22.000000000,27.298802197346358
2026-03-01 01:01:10.000000000,26.22607990762076
2026-03-01 01:13:37.000000000,14.999036065643425
2026-03-01 01:04:12.000000000,15.061716216669481
2026-03-01 01:35:44.000000000,13.086406702670995
2026-03-01 01:48:21.000000000,5.739638004557265
2026-03-01 01:58:14.000000000,26.702009270220227
2026-03-01 01:40:21.000000000,49.23855078101498
2026-03-01 02:21:34.000000000,89.76838218601739
2026-03-01 02:39:24.000000000,64.56150077114896
2026-03-01 02:01:29.000000000,41.13298037981918
2026-03-01 02:07:02.000000000,25.041057722806933
2026-03-01 02:29:12.000000000,37.12896552802328
2026-03-01 02:19:23.000000000,51.418874651864954
2026-03-01 02:11:38.000000000,25.32873187603248
2026-03-01 02:39:50.000000000,12.517319155439987
2026-03-01 02:05:26.000000000,8.857765419002527
2026-03-01 02:13:51.000000000,12.672761372212548
2026-03-01 02:06:47.000000000,15.641809329023612
2026-03-01 02:32:26.000000000,14.447839179819118
2026-03-01 02:34:29.000000000,20.858036550283746
2026-03-01 02:09:44.000000000,29.757197649513426
2026-03-01 02:31:48.000000000,36.838588272499415
2026-03-01 03:20:59.000000000,48.62194823471717
2026-03-01 03:53:53.000000000,17.580487945436776
2026-03-01 03:23:31.000000000,17.024510639028065
2026-03-01 03:06:48.000000000,8.987267138645896
2026-03-01 03:05:16.000000000,19.31721545619045
2026-03-01 03:17:19.000000000,27.762262285244283
2026-03-01 03:28:15.000000000,19.451621985506154
2026-03-01 03:12:04.000000000,72.54725566599357
2026-03-01 03:34:27.000000000,8.240844838188924
2026-03-01 03:44:14.000000000,87.18878361152018
2026-03-01 03:46:42.000000000,20.11691826688359
2026-03-01 03:07:58.000000000,15.400605858912758
2026-03-01 03:00:15.000000000,17.771615010988366
2026-03-01 03:13:54.000000000,30.373770451143006
2026-03-01 03:16:06.000000000,21.505369673621015
2026-03-01 03:33:03.000000000,55.392075468110185
2026-03-01 04:57:36.000000000,33.18634176220505
2026-03-01 04:18:34.000000000,54.99781179531413
2026-03-01 04:08:18.000000000,26.982691995416047
2026-03-01 04:40:15.000000000,39.017243077886214
2026-03-01 04:42:06.000000000,40.30442459286642
2026-03-01 04:53:26.000000000,18.46141833167381
2026-03-01 04:02:57.000000000,40.11323973575531
2026-03-01 04:01:43.000000000,44.618408455589595
2026-03-01 04:49:48.000000000,40.571274506114364
2026-03-01 05:11:13.000000000,50.32884469124462
2026-03-01 05:10:11.000000000,61.13273025600648
2026-03-01 06:04:53.000000000,15.965102840950712
2026-03-01 06:28:36.000000000,28.844485811250504
2026-03-01 06:00:06.000000000,16.381279052569088
2026-03-01 06:03:12.000000000,10.22110885209772
2026-03-01 06:13:49.000000000,24.972057985000355
2026-03-01 06:00:55.000000000,22.5860001161629
2026-03-01 06:43:00.000000000,12.193441774166683
2026-03-01 06:53:59.000000000,63.48151932819452
2026-03-01 07:38:51.000000000,20.01544305272673
2026-03-01 07:31:13.000000000,13.902578090772375
2026-03-01 07:49:02.000000000,6.925352665854082
2026-03-01 07:52:43.000000000,20.33676112332559
2026-03-01 07:15:31.000000000,13.452762031638956
2026-03-01 07:46:07.000000000,21.45813949381596
2026-03-01 07:44:34.000000000,15.85029740739249
2026-03-01 08:44:41.000000000,9.681367677321882
2026-03-01 08:31:09.000000000,46.92521759798658
2026-03-01 08:30:48.000000000,8.188009079169886
2026-03-01 08:59:18.000000000,12.124000450888067
2026-03-01 08:14:47.000000000,40.95429587452191
2026-03-01 08:00:19.000000000,51.550686390388925
2026-03-01 08:32:58.000000000,8.783021362247585
2026-03-01 08:06:14.000000000,18.547602690353518
2026-03-01 08:13:35.000000000,25.384656287073465
2026-03-01 08:46:29.000000000,13.390515016362286
2026-03-01 08:04:10.000000000,8.998719527939985
2026-03-01 08:27:56.000000000,7.829111384059776
2026-03-01 09:31:05.000000000,41.01705369221695
2026-03-01 09:43:24.000000000,17.155148156592833
2026-03-01 09:51:47.000000000,38.456274269719835
2026-03-01 09:46:40.000000000,39.89154430306973
2026-03-01 09:52:13.000000000,19.04481758726084
2026-03-01 09:19:13.000000000,13.294023260851752
2026-03-01 09:50:36.000000000,11.180960502248366
2026-03-01 09:04:37.000000000,7.928281931147112
2026-03-01 09:09:29.000000000,45.93903844076744
2026-03-01 10:00:46.000000000,8.576098169298314
2026-03-01 10:15:22.000000000,12.238031383303843
2026-03-01 10:26:25.000000000,12.526002246933588
2026-03-01 10:27:16.000000000,17.263066649104367
2026-03-01 10:12:50.000000000,66.63428880082459
2026-03-01 10:33:55.000000000,43.84769397737789
2026-03-01 10:02:31.000000000,11.464542504098993
2026-03-01 10:39:04.000000000,20.484731933941067
2026-03-01 10:35:27.000000000,36.64179106850594
2026-03-01 10:16:11.000000000,67.98966582929943
2026-03-01 10:55:11.000000000,6.913941152158103
2026-03-01 10:44:01.000000000,20.67845861905527
2026-03-01 10:06:03.000000000,26.392226943594963
2026-03-01 10:51:02.000000000,36.35060129165172
2026-03-01 10:53:07.000000000,33.573312375454506
2026-03-01 10:22:49.000000000,46.96659808362815
2026-03-01 10:54:40.000000000,11.521086607530226
2026-03-01 10:13:02.000000000,79.9682678210216
2026-03-01 10:33:29.000000000,33.91217418770612
2026-03-01 10:43:59.000000000,34.08079828028888
2026-03-01 11:43:33.000000000,25.282146974069637
2026-03-01 11:33:57.000000000,19.39230717157646
2026-03-01 11:12:51.000000000,13.376891100088825
2026-03-01 11:48:46.000000000,20.23081211801757
2026-03-01 11:51:17.000000000,32.28343887881062
2026-03-01 11:13:35.000000000,27.071169731653665
2026-03-01 11:08:13.000000000,15.926080034771028
2026-03-01 11:32:39.000000000,8.255635277142572
2026-03-01 11:45:27.000000000,11.351180385317138
2026-03-01 11:28:56.000000000,36.33910496381662
2026-03-01 11:08:29.000000000,22.84538053938923
2026-03-01 11:16:24.000000000,67.54930027783628
2026-03-01 11:52:12.000000000,29.3634614448243
2026-03-01 11:05:23.000000000,33.4585037567172
2026-03-01 11:56:22.000000000,26.82479206576725
2026-03-01 12:31:49.000000000,13.117627372103412
2026-03-01 12:37:49.000000000,46.050138288712
2026-03-01 12:15:47.000000000,13.114980249813454
2026-03-01 12:08:46.000000000,11.024055729734881
2026-03-01 12:34:29.000000000,24.778842417103807
2026-03-01 12:42:28.000000000,15.339901580334603
2026-03-01 12:20:35.000000000,59.40416103257923
2026-03-01 12:55:10.000000000,7.555308696230045
2026-03-01 12:52:47.000000000,19.329661881352738
2026-03-01 12:48:45.000000000,10.174482234832729
2026-03-01 12:57:04.000000000,17.156135293852426
2026-03-01 12:10:59.000000000,17.56625861121756
2026-03-01 12:51:44.000000000,10.017570740673017
2026-03-01 12:11:25.000000000,10.97722663044621
2026-03-01 12:31:11.000000000,25.41632742780376
2026-03-01 12:21:47.000000000,38.45271633080259
2026-03-01 12:55:15.000000000,15.930758767940707
2026-03-01 12:38:50.000000000,31.524781307766805
2026-03-01 12:23:00.000000000,16.60381890653859
2026-03-01 12:51:11.000000000,20.58752740310707
2026-03-01 12:56:48.000000000,18.326498973461323
2026-03-01 13:36:56.000000000,11.559883053622338
2026-03-01 13:14:34.000000000,6.1701759940979075
2026-03-01 13:14:07.000000000,10.717606787375315
2026-03-01 13:13:42.000000000,22.46361549981949
2026-03-01 13:12:55.000000000,34.66577549194053
2026-03-01 13:18:37.000000000,8.065081220455712
2026-03-01 13:01:15.000000000,26.776761869828807
2026-03-01 13:18:06.000000000,6.677503381206468
2026-03-01 13:52:07.000000000,23.053903804768716
2026-03-01 13:14:32.000000000,48.088804211263415
2026-03-01 13:48:28.000000000,8.672603868644154
2026-03-01 13:38:45.000000000,23.41879053675976
2026-03-01 13:52:02.000000000,18.11945562697962
2026-03-01 14:56:50.000000000,23.799402300571877
2026-03-01 14:13:20.000000000,12.427721243407705
2026-03-01 14:38:00.000000000,23.160033189234976
2026-03-01 14:50:50.000000000,16.332941953236297
2026-03-01 14:02:58.000000000,8.705666012486803
2026-03-01 14:51:48.000000000,14.638318841803036
2026-03-01 14:37:44.000000000,26.74847382184978
2026-03-01 14:26:58.000000000,11.357731649877396
2026-03-01 14:12:51.000000000,13.786877358757438
2026-03-01 14:27:16.000000000,20.678760097062938
2026-03-01 14:34:04.000000000,9.781317447872139
2026-03-01 14:40:05.000000000,9.435144422077515
2026-03-01 14:40:07.000000000,13.618739288029944
2026-03-01 14:45:04.000000000,60.93671697151531
2026-03-01 14:38:49.000000000,26.36975370596013
2026-03-01 14:59:24.000000000,47.01949099768992
2026-03-01 14:07:00.000000000,10.28318324556224
2026-03-01 14:34:34.000000000,18.315636660686156
2026-03-01 15:33:57.000000000,39.45442409975822
2026-03-01 15:25:47.000000000,20.548452388296592
2026-03-01 15:34:17.000000000,9.317875623066266
2026-03-01 15:45:39.000000000,44.96080415627377
2026-03-01 15:34:32.000000000,20.212643361354317
2026-03-01 15:52:54.000000000,55.32647319251637
2026-03-01 15:01:01.000000000,18.989850628404863
2026-03-01 15:03:46.000000000,24.165622175566323
2026-03-01 15:28:00.000000000,13.186415086689054
2026-03-01 15:39:10.000000000,35.266905285739405
2026-03-01 15:44:15.000000000,15.08478289819694
2026-03-01 15:51:24.000000000,129.3385387298037
2026-03-01 15:07:36.000000000,11.791014323987616
2026-03-01 15:16:52.000000000,65.76902268970126
2026-03-01 15:00:12.000000000,16.473324777514485
2026-03-01 15:45:41.000000000,34.287943802837695
2026-03-01 15:14:48.000000000,54.42879897177472
2026-03-01 15:23:10.000000000,40.68476386151859
2026-03-01 16:16:55.000000000,33.84421220553095
2026-03-01 16:06:55.000000000,14.88080327509518
2026-03-01 16:44:10.000000000,32.24447463969174
2026-03-01 16:20:19.000000000,17.165868023718144
2026-03-01 16:28:17.000000000,23.27595015956366
2026-03-01 16:36:38.000000000,20.252516325744896
2026-03-01 16:14:31.000000000,12.958605314341423
2026-03-01 16:16:07.000000000,9.340000232778076
2026-03-01 16:10:38.000000000,18.64821986336776
2026-03-01 16:44:09.000000000,29.346261018390027
2026-03-01 16:55:11.000000000,12.683372801020324
2026-03-01 16:35:27.000000000,48.47089373672616
2026-03-01 16:56:43.000000000,8.515191222376325
2026-03-01 16:58:57.000000000,102.2073044514336
2026-03-01 17:22:39.000000000,11.213983219029233
2026-03-01 17:18:27.000000000,20.35400290917767
2026-03-01 17:59:00.000000000,14.503921768715111
2026-03-01 17:18:21.000000000,15.044369593688875
2026-03-01 17:09:30.000000000,25.80660093495153
2026-03-01 17:01:29.000000000,17.480293420562045
2026-03-01 17:37:04.000000000,53.326943672161676
2026-03-01 17:34:31.000000000,10.721444373561603
2026-03-01 17:54:51.000000000,50.688212859519055
2026-03-01 17:32:18.000000000,15.875278533365572
2026-03-01 17:45:45.000000000,20.02809923783463
2026-03-01 17:00:09.000000000,15.37429570270278
2026-03-01 17:43:07.000000000,12.008598190573528
2026-03-01 17:09:36.000000000,23.41880090760363
2026-03-01 17:01:43.000000000,37.463039145330505
2026-03-01 17:09:36.000000000,27.055635546496763
2026-03-01 17:55:50.000000000,7.71157025171268
2026-03-01 17:54:09.000000000,21.159543538770414
2026-03-01 17:02:30.000000000,7.562691216464192
2026-03-01 18:29:46.000000000,19.44766148675658
2026-03-01 18:18:35.000000000,8.361468743037102
2026-03-01 18:16:31.000000000,38.736725537641476
2026-03-01 18:19:42.000000000,43.01434458629809
2026-03-01 18:05:12.000000000,10.753604144338633
2026-03-01 18:12:29.000000000,15.571215089264681
2026-03-01 18:06:06.000000000,39.36178394697512
2026-03-01 18:12:21.000000000,32.99550341197029
2026-03-01 18:28:02.000000000,33.932106615501695
2026-03-01 18:50:24.000000000,20.932101699391875
2026-03-01 18:32:39.000000000,42.20726016206196
2026-03-01 18:04:30.000000000,29.29211446135373
2026-03-01 18:50:23.000000000,16.919296131201403
2026-03-01 18:25:02.000000000,30.816035993824723
2026-03-01 19:52:14.000000000,79.23553559133587
2026-03-01 19:52:01.000000000,10.430378351062584
2026-03-01 19:12:56.000000000,50.00828710202012
2026-03-01 19:25:02.000000000,82.92421206166401
2026-03-01 19:22:59.000000000,19.227341906501255
2026-03-01 19:11:22.000000000,38.94743178838371
2026-03-01 19:42:09.000000000,9.515442949724912
2026-03-01 19:52:01.000000000,91.49314094087909
2026-03-01 19:48:08.000000000,185.2144026033392
2026-03-01 19:17:53.000000000,12.91571820991584
2026-03-01 19:56:13.000000000,12.344535179245527
2026-03-01 19:24:48.000000000,14.19655421699539
2026-03-01 19:56:17.000000000,40.02569954158593
2026-03-01 19:35:53.000000000,26.06747600156125
2026-03-01 19:27:55.000000000,8.897742192961166
2026-03-01 19:01:31.000000000,9.8981017131682
2026-03-01 19:26:17.000000000,10.116911957762616
2026-03-01 19:30:46.000000000,27.147718715038575
2026-03-01 19:03:13.000000000,76.55969905948942
2026-03-01 19:29:48.000000000,6.526689745818868
2026-03-01 19:12:09.000000000,16.524836534290042
2026-03-01 19:02:57.000000000,16.793118940820012
2026-03-01 19:21:13.000000000,13.117169449314618
2026-03-01 19:52:38.000000000,11.443868215053609
2026-03-01 20:42:22.000000000,13.492524324182748
2026-03-01 20:54:15.000000000,17.382327388294105
2026-03-01 20:23:25.000000000,38.361031227672086
2026-03-01 20:03:25.000000000,23.140261012612967
2026-03-01 20:00:55.000000000,46.262259190061094
2026-03-01 20:02:39.000000000,29.777735250687503
2026-03-01 20:35:50.000000000,33.086498912940115
2026-03-01 20:33:12.000000000,15.431665580554382
2026-03-01 20:45:45.000000000,42.359703343684004
2026-03-01 20:56:58.000000000,10.613916937413384
2026-03-01 20:58:38.000000000,12.523521901605834
2026-03-01 20:06:21.000000000,10.33590277736985
2026-03-01 20:05:56.000000000,17.36951877698713
2026-03-01 20:11:59.000000000,21.49332708696274
2026-03-01 20:40:21.000000000,21.655605415965343
2026-03-01 20:02:31.000000000,23.182472210282068
2026-03-01 20:56:55.000000000,8.534290932724646
2026-03-01 21:24:24.000000000,38.49805764231399
2026-03-01 21:19:54.000000000,36.94657294853809
2026-03-01 21:19:54.000000000,7.528085434399661
2026-03-01 21:53:29.000000000,19.02036989127914
2026-03-01 21:12:06.000000000,13.417278084846801
2026-03-01 21:19:57.000000000,16.763040971666868
2026-03-01 21:44:00.000000000,42.7335151946277
2026-03-01 21:07:33.000000000,30.4503206817278
2026-03-01 21:55:20.000000000,46.742977517744954
2026-03-01 21:15:13.000000000,7.041440307970327
2026-03-01 21:35:49.000000000,98.60074685133473
2026-03-01 21:48:18.000000000,11.662168176240845
2026-03-01 21:15:03.000000000,31.00296799067702
2026-03-01 22:37:28.000000000,24.58197907158866
2026-03-01 22:44:50.000000000,9.035521800999467
2026-03-01 22:35:52.000000000,8.189976093795734
2026-03-01 22:24:04.000000000,9.011598390385947
2026-03-01 22:41:40.000000000,27.152703397877215
2026-03-01 22:07:16.000000000,7.6130149941971235
2026-03-01 22:22:01.000000000,5.402727137646726
2026-03-01 23:33:44.000000000,54.734245757405624
2026-03-01 23:35:56.000000000,11.835819814310883
2026-03-01 23:26:11.000000000,21.230297166589605
2026-03-01 23:41:25.000000000,18.41638749079885
2026-03-01 23:33:23.000000000,56.35641226125786
2026-03-01 23:56:13.000000000,22.40754148248767
2026-03-01 23:51:14.000000000,9.677444503978059
2026-03-01 23:19:29.000000000,9.760653812707622
2026-03-01 23:19:05.000000000,38.097746618174206
2026-03-01 23:21:50.000000000,19.452799658626247
2026-03-01 23:56:34.000000000,19.45877959074277
2026-03-02 00:11:29.000000000,31.0936962497091
2026-03-02 00:34:18.000000000,37.646271913832
2026-03-02 00:39:42.000000000,12.417430664657351
2026-03-02 00:15:29.000000000,20.935088593203094
2026-03-02 00:57:48.000000000,29.022775392913804
2026-03-02 00:32:34.000000000,9.097418612042722
2026-03-02 01:06:07.000000000,12.099125868752393
2026-03-02 01:39:04.000000000,1.371523185369738
2026-03-02 01:59:33.000000000,18.393650402007136
2026-03-02 02:57:56.000000000,25.96078852176431
2026-03-02 02:20:49.000000000,37.13793237470677
2026-03-02 02:31:46.000000000,12.90618517563866
2026-03-02 02:32:24.000000000,62.926890645144034
2026-03-02 03:06:18.000000000,13.204796217948596
2026-03-02 03:07:21.000000000,40.32675606815554
2026-03-02 03:15:58.000000000,12.647271426794225
2026-03-02 03:35:27.000000000,17.065369927945902
2026-03-02 03:39:41.000000000,24.572469963672926
2026-03-02 04:57:41.000000000,17.24171110947633
2026-03-02 04:45:05.000000000,65.00205808992492
2026-03-02 05:57:47.000000000,15.73744862070439
2026-03-02 05:50:43.000000000,17.139745636477727
2026-03-02 05:42:29.000000000,15.853139996995408
2026-03-02 05:25:34.000000000,8.750720642197352
2026-03-02 05:59:07.000000000,60.81130158587454
2026-03-02 05:14:45.000000000,5.359840365056628
2026-03-02 06:40:33.000000000,8.696758336494591
2026-03-02 06:44:22.000000000,32.5057744210565
2026-03-02 06:31:55.000000000,23.247253569375555
2026-03-02 06:10:41.000000000,81.05373454666791
2026-03-02 06:31:06.000000000,55.04293590049601
2026-03-02 06:02:41.000000000,90.91859892940836
2026-03-02 06:39:30.000000000,14.076595439759538
2026-03-02 06:23:28.000000000,20.61639832828533
2026-03-02 06:50:33.000000000,27.627491174816324
2026-03-02 06:34:06.000000000,20.918583197608275
2026-03-02 07:30:35.000000000,19.914764748118877
2026-03-02 07:58:12.000000000,9.446790423121426
2026-03-02 07:09:54.000000000,29.696134598639187
2026-03-02 07:39:11.000000000,21.45457244233521
2026-03-02 07:58:29.000000000,20.807720172064844
2026-03-02 07:45:00.000000000,45.03469012659084
2026-03-02 07:12:48.000000000,14.775938846749957
2026-03-02 07:11:47.000000000,24.628097701187418
2026-03-02 07:49:27.000000000,21.683010661936823
2026-03-02 07:51:12.000000000,15.600429959078967
2026-03-02 07:18:08.000000000,49.18543218204888
2026-03-02 07:34:16.000000000,14.172541655712577
2026-03-02 08:42:37.000000000,57.24359933031329
2026-03-02 08:18:04.000000000,14.247683576190314
2026-03-02 08:48:36.000000000,29.631338412209356
2026-03-02 08:07:19.000000000,15.89974635765133
2026-03-02 08:28:47.000000000,16.24278959395268
2026-03-02 08:49:49.000000000,7.2048429745453975
2026-03-02 08:06:26.000000000,21.02986259423395
2026-03-02 08:17:02.000000000,35.74122931465359
2026-03-02 08:17:38.000000000,11.825275392493998
2026-03-02 08:15:42.000000000,20.25708896410495
2026-03-02 08:52:26.000000000,27.026075509619492
2026-03-02 08:28:22.000000000,19.80025987745498
2026-03-02 08:59:15.000000000,9.511907780038054
2026-03-02 08:07:44.000000000,18.499097351734623
2026-03-02 08:44:52.000000000,51.66224922770232
2026-03-02 08:56:05.000000000,15.199098815461861
2026-03-02 08:15:13.000000000,31.399904086841214
2026-03-02 08:02:21.000000000,27.961293808780265
2026-03-02 08:05:37.000000000,42.009778275458686
2026-03-02 08:02:05.000000000,40.96474102613925
2026-03-02 09:17:22.000000000,12.93856313718685
2026-03-02 09:57:59.000000000,8.444396758279812
2026-03-02 09:48:41.000000000,12.842310948873461
2026-03-02 09:39:41.000000000,7.848270964809292
2026-03-02 09:33:19.000000000,16.13266277053323
2026-03-02 09:20:45.000000000,15.574263061015989
2026-03-02 09:41:35.000000000,11.608420609881064
2026-03-02 09:33:53.000000000,11.546811634526227
2026-03-02 09:22:41.000000000,9.362206866567407
2026-03-02 09:11:27.000000000,47.631100102527974
2026-03-02 09:53:23.000000000,20.399905899774676
2026-03-02 09:47:01.000000000,14.675038312740172
2026-03-02 09:10:35.000000000,43.8136973369374
2026-03-02 09:35:21.000000000,28.41014837539252
2026-03-02 09:45:10.000000000,14.282940907904843
2026-03-02 09:11:40.000000000,82.95678856570451
2026-03-02 09:49:57.000000000,11.439891851399311
2026-03-02 09:48:47.000000000,44.54144243876017
2026-03-02 09:35:11.000000000,14.773507478703388
2026-03-02 09:53:12.000000000,21.64829116502892
2026-03-02 09:15:43.000000000,13.282469713976768
2026-03-02 09:31:10.000000000,38.775995756724676
2026-03-02 10:21:36.000000000,9.745078989695896
2026-03-02 10:35:07.000000000,30.612963257932936
2026-03-02 10:23:00.000000000,31.02283564366643
2026-03-02 10:02:52.000000000,20.642685558416034
2026-03-02 10:56:26.000000000,12.929210873193108
2026-03-02 10:57:13.000000000,6.907111555234899
2026-03-02 10:05:41.000000000,26.67267859397799
2026-03-02 10:22:19.000000000,20.1317877976003
2026-03-02 10:38:40.000000000,9.937172474371677
2026-03-02 10:24:02.000000000,14.993239142431149
2026-03-02 10:30:14.000000000,55.07228429920108
2026-03-02 10:56:51.000000000,9.455230118528657
2026-03-02 10:24:17.000000000,19.732508602390315
2026-03-02 10:50:04.000000000,15.942637728329563
2026-03-02 10:07:53.000000000,18.891271061656024
2026-03-02 10:47:32.000000000,23.295901296570403
2026-03-02 10:05:01.000000000,26.056694107514712
2026-03-02 10:01:54.000000000,16.154994091041004
2026-03-02 10:23:26.000000000,32.93754548138885
2026-03-02 11:54:10.000000000,103.57601814396988
2026-03-02 11:24:47.000000000,21.298743355303106
2026-03-02 11:51:29.000000000,6.974167640908667
2026-03-02 11:09:59.000000000,31.280827885409114
2026-03-02 11:44:58.000000000,11.274383270806156
2026-03-02 11:39:50.000000000,5.667729123293394
2026-03-02 11:35:41.000000000,62.463852431213994
2026-03-02 11:17:14.000000000,14.200809704566295
2026-03-02 11:40:19.000000000,34.1463413404671
2026-03-02 12:17:37.000000000,12.930492871676993
2026-03-02 12:13:09.000000000,11.274568899912811
2026-03-02 12:11:20.000000000,29.488032618188388
2026-03-02 12:37:45.000000000,24.2146383464078
2026-03-02 12:41:54.000000000,30.469520414841714
2026-03-02 12:13:46.000000000,6.03457736972813
2026-03-02 12:51:28.000000000,95.44223348250532
2026-03-02 12:56:55.000000000,26.22453719210024
2026-03-02 12:55:33.000000000,22.821659568946902
2026-03-02 12:19:32.000000000,44.42416518604501
2026-03-02 12:26:57.000000000,15.447616800050593
2026-03-02 12:33:49.000000000,69.62563529239969
2026-03-02 12:05:59.000000000,23.355609816537164
2026-03-02 12:06:05.000000000,22.29269744808224
2026-03-02 13:21:02.000000000,21.055083672285637
2026-03-02 13:22:46.000000000,18.451796368354376
2026-03-02 13:45:47.000000000,38.91627858232386
2026-03-02 13:24:08.000000000,69.28734206393024
2026-03-02 13:17:22.000000000,14.114789242343994
2026-03-02 13:08:50.000000000,31.30915442424354
2026-03-02 13:50:46.000000000,22.20000263655716
2026-03-02 13:32:07.000000000,31.51038581740695
2026-03-02 13:20:13.000000000,31.859193482486813
2026-03-02 13:00:25.000000000,62.22286498488743
2026-03-02 13:29:28.000000000,16.476560356413792
2026-03-02 13:31:53.000000000,47.26990928897218
2026-03-02 14:02:29.000000000,23.290413819287405
2026-03-02 14:17:48.000000000,15.38818769147842
2026-03-02 14:56:50.000000000,29.378524165762922
2026-03-02 14:12:31.000000000,94.65985300685637
2026-03-02 14:37:08.000000000,8.940662291031853
2026-03-02 14:45:43.000000000,43.37207014983931
2026-03-02 14:54:22.000000000,28.539427875285224
2026-03-02 14:51:19.000000000,10.43673187504429
2026-03-02 15:38:15.000000000,10.339033665001535
2026-03-02 15:59:12.000000000,12.42601553082064
2026-03-02 15:36:25.000000000,10.769333592338299
2026-03-02 15:09:09.000000000,32.39565186752167
2026-03-02 15:18:19.000000000,12.854873690626162
2026-03-02 15:46:27.000000000,12.778541964404345
2026-03-02 15:24:14.000000000,13.56124797054491
2026-03-02 15:40:02.000000000,16.75190274261754
2026-03-02 15:39:17.000000000,13.54802801584018
2026-03-02 15:15:34.000000000,23.427632674776486
2026-03-02 15:12:50.000000000,8.528511648043335
2026-03-02 15:36:36.000000000,33.07080328898304
2026-03-02 15:05:11.000000000,38.15817334917384
2026-03-02 15:35:49.000000000,12.160750697534814
2026-03-02 15:30:36.000000000,9.449879602204469
2026-03-02 15:11:25.000000000,77.86782417286608
2026-03-02 16:05:28.000000000,10.644002487442624
2026-03-02 16:28:29.000000000,51.96531653655625
2026-03-02 16:12:01.000000000,25.792368754547827
2026-03-02 16:51:04.000000000,12.603358427236172
2026-03-02 16:43:34.000000000,37.382098904881545
2026-03-02 16:02:22.000000000,18.224225695976973
2026-03-02 16:44:25.000000000,23.75964261966738
2026-03-02 16:31:08.000000000,33.49507349499095
2026-03-02 16:49:09.000000000,57.013610047833836
2026-03-02 16:20:32.000000000,11.966547207654155
2026-03-02 16:17:59.000000000,14.352164286757388
2026-03-02 16:36:09.000000000,13.435082633798844
2026-03-02 16:39:27.000000000,32.35655269621415
2026-03-02 16:12:00.000000000,14.615291104583848
2026-03-02 16:16:22.000000000,32.64450583766604
2026-03-02 16:45:03.000000000,16.197216460791008
2026-03-02 16:11:37.000000000,14.142191218126888
2026-03-02 16:38:00.000000000,10.238155022393563
2026-03-02 16:16:30.000000000,68.96760538650088
2026-03-02 16:41:03.000000000,10.959247975887154
2026-03-02 17:06:37.000000000,16.942668214051096
2026-03-02 17:31:21.000000000,9.232833473683444
2026-03-02 17:25:33.000000000,26.48032731942924
2026-03-02 17:49:50.000000000,14.60260138552095
2026-03-02 17:03:35.000000000,17.69594124731253
2026-03-02 17:04:01.000000000,53.572559882991484
2026-03-02 17:48:16.000000000,13.157181876711553
2026-03-02 17:58:49.000000000,13.270289408428342
2026-03-02 17:15:04.000000000,52.99912807229873
2026-03-02 18:12:45.000000000,9.383725908111783
2026-03-02 18:09:49.000000000,31.458899258673195
2026-03-02 18:41:38.000000000,9.700467888252122
2026-03-02 18:29:25.000000000,13.085133546592827
2026-03-02 18:22:52.000000000,10.447063877324029
2026-03-02 18:36:31.000000000,49.08337470696055
2026-03-02 18:47:20.000000000,22.05566812011531
2026-03-02 18:40:48.000000000,5.2517337307959275
2026-03-02 18:28:17.000000000,7.695356309864775
2026-03-02 18:45:37.000000000,11.478796848885505
2026-03-02 18:48:34.000000000,8.213388783843351
2026-03-02 18:53:59.000000000,19.594540219690614
2026-03-02 18:00:23.000000000,47.21700388461812
2026-03-02 18:32:25.000000000,14.983752228431792
2026-03-02 18:51:47.000000000,20.267814234538395
2026-03-02 18:17:26.000000000,17.58676967019723
2026-03-02 19:02:25.000000000,61.91959962281193
2026-03-02 19:19:56.000000000,13.86976470667596
2026-03-02 19:27:18.000000000,111.91877393914007
2026-03-02 19:14:55.000000000,30.437137066884492
2026-03-02 19:09:54.000000000,23.998992669851557
2026-03-02 19:03:50.000000000,31.96279888604163
2026-03-02 19:29:34.000000000,23.413238070830907
2026-03-02 19:05:02.000000000,69.34614992611604
2026-03-02 19:10:58.000000000,59.13968286400735
2026-03-02 19:32:02.000000000,6.914814469189609
2026-03-02 20:48:24.000000000,20.15309902258412
2026-03-02 20:22:47.000000000,11.600286683910896
2026-03-02 20:30:57.000000000,10.216122848090938
2026-03-02 20:04:44.000000000,177.31331226119045
2026-03-02 20:53:52.000000000,38.970824286747394
2026-03-02 20:10:18.000000000,63.00855161319252
2026-03-02 20:09:30.000000000,29.84951824534978
2026-03-02 20:53:34.000000000,14.875603269696997
2026-03-02 20:16:58.000000000,52.1070664089039
2026-03-02 20:33:47.000000000,31.344238702271905
2026-03-02 20:50:09.000000000,17.431709901279717
2026-03-02 20:56:56.000000000,57.53280964573723
2026-03-02 20:11:53.000000000,17.207589155703
2026-03-02 20:25:04.000000000,18.02888335434478
2026-03-02 20:00:15.000000000,5.999998973591935
2026-03-02 20:55:30.000000000,73.95971012479292
2026-03-02 20:36:38.000000000,9.891913232971289
2026-03-02 20:34:24.000000000,20.526162335473952
2026-03-02 20:51:38.000000000,44.30539247509853
2026-03-02 20:12:21.000000000,62.583973012757085
2026-03-02 21:01:26.000000000,16.779372372470203
2026-03-02 21:12:09.000000000,22.644173913587437
2026-03-02 21:16:21.000000000,23.802828479563654
2026-03-02 21:04:49.000000000,19.47156491496653
2026-03-02 21:18:25.000000000,16.5058324416248
2026-03-02 21:31:49.000000000,22.90891184615632
2026-03-02 21:49:54.000000000,8.380751920936062
2026-03-02 21:23:59.000000000,40.45785331548307
2026-03-02 21:25:12.000000000,8.883810969010996
2026-03-02 21:00:21.000000000,10.487521044334391
2026-03-02 21:58:42.000000000,28.277119636700046
2026-03-02 21:14:36.000000000,40.81998687750852
2026-03-02 21:31:37.000000000,16.5894486879316
2026-03-02 22:16:10.000000000,18.245299092982048
2026-03-02 22:26:44.000000000,19.63191115954942
2026-03-02 22:46:14.000000000,48.71333664031771
2026-03-02 22:20:12.000000000,15.63473021106619
2026-03-02 22:03:27.000000000,14.159726563724684
2026-03-02 22:23:30.000000000,33.1429957707043
2026-03-02 22:06:47.000000000,8.924333525890061
2026-03-02 22:29:32.000000000,10.213002748380442
2026-03-02 22:33:18.000000000,14.310050757156757
2026-03-02 22:31:51.000000000,21.47499748924426
2026-03-02 22:12:55.000000000,9.157787040567884
2026-03-02 22:52:55.000000000,19.47794336395227
2026-03-02 22:03:55.000000000,38.512781329513615
2026-03-02 22:54:20.000000000,17.464086774317234
2026-03-02 22:22:06.000000000,221.89957199655532
2026-03-02 22:55:35.000000000,37.545467804800175
2026-03-02 22:15:17.000000000,31.561981610898716
2026-03-02 23:51:43.000000000,10.303267932502758
2026-03-02 23:16:00.000000000,73.28388711217085
2026-03-02 23:56:38.000000000,15.282639034161042
2026-03-02 23:17:36.000000000,15.299818205200632
2026-03-02 23:06:27.000000000,15.474168377318579
2026-03-02 23:35:15.000000000,24.671923805341148
2026-03-02 23:02:10.000000000,17.867521560036305
2026-03-02 23:28:16.000000000,21.614855151946358
2026-03-03 00:06:12.000000000,18.297884334957022
2026-03-03 00:51:32.000000000,16.240637382496054
2026-03-03 00:52:21.000000000,28.064527056033338
2026-03-03 00:31:45.000000000,9.073473792332544
2026-03-03 00:01:31.000000000,13.633634311290708
2026-03-03 00:29:37.000000000,4.9582247322330355
2026-03-03 01:45:29.000000000,28.98751570120577
2026-03-03 01:02:35.000000000,17.250140555168457
2026-03-03 01:29:47.000000000,31.078636919879916
2026-03-03 01:47:37.000000000,17.798039878002182
2026-03-03 01:35:12.000000000,30.64237890851087
2026-03-03 01:27:57.000000000,15.269329677431825
2026-03-03 02:08:50.000000000,24.56663174976985
2026-03-03 02:33:35.000000000,56.19092610780441
2026-03-03 03:22:55.000000000,38.58172152154926
2026-03-03 03:00:12.000000000,29.520475327063078
2026-03-03 04:49:51.000000000,11.127106616980216
2026-03-03 04:20:27.000000000,71.01129625760514
2026-03-03 04:02:11.000000000,38.53023730748989
2026-03-03 05:28:17.000000000,45.829491521461726
2026-03-03 05:18:36.000000000,14.89496875922534
2026-03-03 05:21:56.000000000,26.97564164455525
2026-03-03 06:44:56.000000000,15.760888658484363
2026-03-03 06:26:42.000000000,8.981917123781868
2026-03-03 06:51:48.000000000,9.328205897677131
2026-03-03 06:27:41.000000000,16.09867796559897
2026-03-03 06:09:35.000000000,46.614471580117254
2026-03-03 06:39:03.000000000,19.611212701550738
2026-03-03 06:07:34.000000000,99.09571630482435
2026-03-03 06:13:48.000000000,27.912272468723884
2026-03-03 06:27:27.000000000,104.28980903235423
2026-03-03 06:44:35.000000000,9.827192454815657
2026-03-03 07:37:26.000000000,23.283667628441382
2026-03-03 07:06:49.000000000,13.96995868466915
2026-03-03 07:26:17.000000000,14.515086668083699
2026-03-03 07:40:50.000000000,24.958828425616485
2026-03-03 07:06:50.000000000,37.16144630209772
2026-03-03 07:12:19.000000000,11.052713966571483
2026-03-03 07:54:48.000000000,19.112301136349
2026-03-03 07:36:20.000000000,44.77283023740778
2026-03-03 07:54:01.000000000,17.461598980298916
2026-03-03 07:35:10.000000000,8.91180405124422
2026-03-03 07:10:17.000000000,14.31461590271943
2026-03-03 07:53:56.000000000,69.06907534496548
2026-03-03 07:35:18.000000000,12.729889810469777
2026-03-03 07:34:57.000000000,28.266430784439876
2026-03-03 07:11:47.000000000,40.65823669398186
2026-03-03 07:08:40.000000000,23.38897106936012
2026-03-03 07:46:26.000000000,13.14822690073399
2026-03-03 07:03:52.000000000,23.7467673695698
2026-03-03 07:24:44.000000000,44.18496786447149
2026-03-03 07:46:14.000000000,30.73087136550568
2026-03-03 07:38:30.000000000,11.539423383247128
2026-03-03 08:36:10.000000000,17.186407778169528
2026-03-03 08:33:55.000000000,26.751693184959596
2026-03-03 08:32:31.000000000,7.364677338891881
2026-03-03 08:57:02.000000000,18.82686062884059
2026-03-03 08:40:14.000000000,6.502791316054808
2026-03-03 08:40:15.000000000,33.42479780545288
2026-03-03 08:59:11.000000000,41.16149675704785
2026-03-03 08:37:57.000000000,38.39285072465239
2026-03-03 08:23:00.000000000,35.53244577651888
2026-03-03 08:09:51.000000000,20.548594656011744
2026-03-03 08:20:38.000000000,22.992893110792053
2026-03-03 08:17:34.000000000,23.551032738307033
2026-03-03 08:50:32.000000000,13.061241580042802
2026-03-03 08:34:21.000000000,5.05703655888717
2026-03-03 08:41:25.000000000,16.44745513550386
2026-03-03 08:20:41.000000000,13.222408514338364
2026-03-03 09:43:08.000000000,13.741415156110987
2026-03-03 09:49:38.000000000,11.131219684287876
2026-03-03 09:41:27.000000000,30.599012807598886
2026-03-03 09:51:50.000000000,18.63119529952115
2026-03-03 09:16:55.000000000,33.52557408599247
2026-03-03 09:07:34.000000000,23.50301557540137
2026-03-03 09:23:32.000000000,12.081062057300864
2026-03-03 09:52:27.000000000,31.125757566616667
2026-03-03 09:56:06.000000000,13.065212889727098
2026-03-03 09:54:43.000000000,21.254823143771763
2026-03-03 09:18:29.000000000,17.033680762750038
2026-03-03 09:39:35.000000000,12.728373438992215
2026-03-03 09:58:26.000000000,11.57119725936583
2026-03-03 09:23:01.000000000,18.49748852850846
2026-03-03 09:49:57.000000000,7.217228178467814
2026-03-03 09:12:29.000000000,16.584599318978253
2026-03-03 09:25:50.000000000,18.498888680811383
2026-03-03 09:48:08.000000000,36.41252435266789
2026-03-03 09:40:58.000000000,17.691933575950504
2026-03-03 09:39:33.000000000,19.169570884802784
2026-03-03 10:36:20.000000000,13.772228327983823
2026-03-03 10:29:41.000000000,9.929159355568034
2026-03-03 10:49:19.000000000,30.933705127203627
2026-03-03 10:06:59.000000000,8.371999591394347
2026-03-03 10:30:42.000000000,28.672052701944676
2026-03-03 10:33:21.000000000,11.670758701847292
2026-03-03 10:26:54.000000000,8.596726880532863
2026-03-03 10:24:33.000000000,34.95645903951511
2026-03-03 10:20:00.000000000,18.260143203211083
2026-03-03 10:19:08.000000000,11.452458445758074
2026-03-03 10:48:42.000000000,16.61082252725622
2026-03-03 10:13:07.000000000,30.763602036878854
2026-03-03 10:59:49.000000000,13.241804756954
2026-03-03 10:35:15.000000000,26.18765880382419
2026-03-03 10:41:36.000000000,12.79039925558167
2026-03-03 10:36:00.000000000,26.68700587204351
2026-03-03 10:49:30.000000000,14.359001141876155
2026-03-03 11:22:08.000000000,37.483549944486704
2026-03-03 11:24:19.000000000,43.24299599386816
2026-03-03 11:44:36.000000000,20.37927849503954
2026-03-03 11:49:09.000000000,22.54514043200317
2026-03-03 11:31:32.000000000,16.32248856820318
2026-03-03 11:53:08.000000000,34.02600417123982
2026-03-03 11:26:18.000000000,16.13459405933807
2026-03-03 11:03:37.000000000,54.55518665205214
2026-03-03 12:15:51.000000000,9.088133168085351
2026-03-03 12:23:01.000000000,8.40436030510662
2026-03-03 12:54:20.000000000,21.367878856604154
2026-03-03 12:20:13.000000000,42.61085690846951
2026-03-03 12:17:26.000000000,8.017156568910858
2026-03-03 12:32:51.000000000,173.70447462211501
2026-03-03 12:43:07.000000000,21.016235791277392
2026-03-03 12:58:01.000000000,30.394025996881087
2026-03-03 12:52:10.000000000,22.158332532964288
2026-03-03 12:40:20.000000000,12.10602497389189
2026-03-03 12:00:56.000000000,17.077279323682006
2026-03-03 12:39:39.000000000,8.85404660194767
2026-03-03 12:36:47.000000000,16.33963968092003
2026-03-03 13:53:49.000000000,40.829424722956
2026-03-03 13:24:19.000000000,9.322864301213459
2026-03-03 13:32:44.000000000,68.26339214759052
2026-03-03 13:50:55.000000000,9.16139381535954
2026-03-03 13:27:42.000000000,17.059617857635985
2026-03-03 13:01:38.000000000,29.05789547518683
2026-03-03 13:18:54.000000000,7.0580485774305375
2026-03-03 13:33:50.000000000,45.93824208806193
2026-03-03 13:34:11.000000000,16.887610408530726
2026-03-03 13:37:22.000000000,54.29001023750423
2026-03-03 13:27:38.000000000,9.959016896758229
2026-03-03 13:50:55.000000000,37.61545871799788
2026-03-03 13:10:08.000000000,19.88856334163496
2026-03-03 13:35:01.000000000,23.392662943849235
2026-03-03 13:04:31.000000000,29.543598152844208
2026-03-03 13:12:55.000000000,12.078185624171018
2026-03-03 13:43:02.000000000,18.92909171638933
2026-03-03 13:23:46.000000000,7.255337647362844
2026-03-03 14:33:35.000000000,21.91946283757898
2026-03-03 14:53:18.000000000,12.65193097193763
2026-03-03 14:34:55.000000000,10.074873598798675
2026-03-03 14:31:03.000000000,46.08789313825122
2026-03-03 14:07:42.000000000,32.19361236595038
2026-03-03 14:00:50.000000000,72.8546154443837
2026-03-03 14:00:16.000000000,9.411836011597677
2026-03-03 14:16:05.000000000,24.41120445819175
2026-03-03 14:01:40.000000000,8.494056290938259
2026-03-03 14:48:20.000000000,98.74449033150925
2026-03-03 14:03:50.000000000,16.348022671602635
2026-03-03 14:49:23.000000000,24.974072963118807
2026-03-03 14:17:02.000000000,14.448069732846585
2026-03-03 14:00:18.000000000,9.522243115126406
2026-03-03 14:53:06.000000000,27.026165352441502
2026-03-03 14:54:20.000000000,23.730587851255176
2026-03-03 14:36:28.000000000,7.034954216977099
2026-03-03 14:45:25.000000000,12.142693553226026
2026-03-03 14:05:12.000000000,14.287803175258267
2026-03-03 15:50:40.000000000,11.041392345688159
2026-03-03 15:36:22.000000000,7.927168994892278
2026-03-03 15:57:38.000000000,10.205386895599487
2026-03-03 15:11:57.000000000,40.2770431035047
2026-03-03 15:32:32.000000000,14.368355924670452
2026-03-03 15:37:35.000000000,14.849488626670231
2026-03-03 15:17:11.000000000,7.099225319917985
2026-03-03 15:42:49.000000000,23.249345508964492
2026-03-03 15:52:05.000000000,7.962389368735363
2026-03-03 15:21:42.000000000,72.70697107895775
2026-03-03 15:14:02.000000000,57.59059383350616
2026-03-03 15:08:43.000000000,16.314195094210493
2026-03-03 15:25:43.000000000,12.086068776224474
2026-03-03 15:53:06.000000000,18.443607835182807
2026-03-03 16:00:19.000000000,17.52944010671807
2026-03-03 16:23:03.000000000,16.261574232174898
2026-03-03 16:25:04.000000000,20.003209893088176
2026-03-03 16:30:43.000000000,6.801019307944231
2026-03-03 16:36:28.000000000,52.12968213932341
2026-03-03 16:09:29.000000000,40.53611988330281
2026-03-03 16:41:26.000000000,32.85629676467273
2026-03-03 16:43:16.000000000,9.194006326648191
2026-03-03 16:10:50.000000000,76.72392302673065
2026-03-03 16:28:07.000000000,8.211976875803076
2026-03-03 16:40:51.000000000,35.02983407485595
2026-03-03 16:25:18.000000000,21.58822599020287
2026-03-03 16:25:36.000000000,22.87986560938032
2026-03-03 16:22:16.000000000,16.992191823145582
2026-03-03 17:57:18.000000000,14.365186132118618
2026-03-03 17:57:01.000000000,50.3379185123694
2026-03-03 17:41:49.000000000,39.30163865618757
2026-03-03 17:03:31.000000000,32.22598376314617
2026-03-03 17:21:38.000000000,37.617845011595755
2026-03-03 17:16:48.000000000,20.32154263284316
2026-03-03 17:27:21.000000000,11.74554740808423
2026-03-03 17:05:11.000000000,19.621925252895487
2026-03-03 17:40:55.000000000,25.004829388967384
2026-03-03 17:31:44.000000000,53.80460374636223
2026-03-03 17:55:15.000000000,19.919025591583285
2026-03-03 17:47:20.000000000,17.07861465431476
2026-03-03 17:41:48.000000000,23.354533180810076
2026-03-03 17:37:00.000000000,11.17529007215479
2026-03-03 17:38:55.000000000,76.47526937118121
2026-03-03 18:40:09.000000000,35.65246042443941
2026-03-03 18:16:24.000000000,36.02495604417455
2026-03-03 18:15:07.000000000,22.570292228456797
2026-03-03 18:03:21.000000000,20.7062465325979
2026-03-03 18:43:50.000000000,17.961998894453973
2026-03-03 18:13:18.000000000,7.452607891842713
2026-03-03 18:08:11.000000000,12.462544688206963
2026-03-03 18:55:38.000000000,46.97199554749843
2026-03-03 18:13:02.000000000,10.863670577436494
2026-03-03 18:23:08.000000000,62.55254165182508
2026-03-03 18:29:10.000000000,9.160033311070123
2026-03-03 18:08:45.000000000,25.763433119266242
2026-03-03 18:19:57.000000000,13.50779506041218
2026-03-03 18:08:08.000000000,25.57854233523185
2026-03-03 18:37:16.000000000,71.79909049337843
2026-03-03 18:10:58.000000000,17.23202019137145
2026-03-03 18:01:42.000000000,31.857508219041577
2026-03-03 18:14:05.000000000,15.291823743589198
2026-03-03 18:53:42.000000000,9.505745790826877
2026-03-03 19:04:16.000000000,7.428543997837928
2026-03-03 19:54:44.000000000,15.70426087471001
2026-03-03 19:53:24.000000000,26.530497423078412
2026-03-03 19:10:35.000000000,10.789931385863289
2026-03-03 19:40:41.000000000,80.95719301301418
2026-03-03 19:49:26.000000000,40.967097877931664
2026-03-03 19:36:29.000000000,36.645922254580384
2026-03-03 19:16:04.000000000,45.255264753883054
2026-03-03 19:33:06.000000000,14.585166092761769
2026-03-03 19:23:00.000000000,18.933114962253526
2026-03-03 19:53:24.000000000,6.325817939985904
2026-03-03 19:27:16.000000000,7.033463311911434
2026-03-03 19:42:40.000000000,43.64407899413437
2026-03-03 19:40:44.000000000,35.23598978143327
2026-03-03 19:47:49.000000000,35.07555786501571
2026-03-03 19:39:59.000000000,19.867661284309467
2026-03-03 19:44:51.000000000,12.743991292386957
2026-03-03 19:19:12.000000000,15.701030494174477
2026-03-03 19:52:54.000000000,9.013197565921478
2026-03-03 20:40:03.000000000,91.22842052555629
2026-03-03 20:28:03.000000000,23.11378702048121
2026-03-03 20:01:38.000000000,38.8557020392025
2026-03-03 20:11:43.000000000,16.358497276081277
2026-03-03 20:27:27.000000000,18.393903722204893
2026-03-03 20:03:02.000000000,20.543662521715426
2026-03-03 20:16:01.000000000,11.254147529678427
2026-03-03 20:13:49.000000000,27.862414823549063
2026-03-03 20:30:23.000000000,13.986478817488956
2026-03-03 20:49:15.000000000,54.44406486043542
2026-03-03 20:13:39.000000000,19.649203865669847
2026-03-03 20:08:05.000000000,12.426021271021282
2026-03-03 20:13:54.000000000,17.876680621173005
2026-03-03 20:03:15.000000000,8.60009299820778
2026-03-03 20:32:00.000000000,34.97171330191685
2026-03-03 20:36:42.000000000,25.5340736350272
2026-03-03 20:17:19.000000000,68.43745768047374
2026-03-03 20:23:51.000000000,11.620103438210265
2026-03-03 21:40:29.000000000,30.45031292031111
2026-03-03 21:25:37.000000000,6.320218597033205
2026-03-03 21:45:55.000000000,9.07568277173197
2026-03-03 21:13:00.000000000,29.304188590401
2026-03-03 21:52:40.000000000,75.48356370170006
2026-03-03 21:36:15.000000000,8.653468489296921
2026-03-03 21:53:11.000000000,19.64883839828346
2026-03-03 21:03:42.000000000,19.55578078150476
2026-03-03 21:23:54.000000000,13.63020800754173
2026-03-03 21:47:37.000000000,14.197640646330706
2026-03-03 21:21:13.000000000,29.23143038060253
2026-03-03 22:08:04.000000000,16.185245670164836
2026-03-03 22:22:18.000000000,23.422211462322558
2026-03-03 22:33:52.000000000,8.628259000788423
2026-03-03 22:11:53.000000000,44.435331538417465
2026-03-03 22:28:13.000000000,18.530663406250532
2026-03-03 22:59:29.000000000,25.661363244837176
2026-03-03 22:38:18.000000000,21.093802838107504
2026-03-03 22:09:16.000000000,20.32024298836504
2026-03-03 22:16:49.000000000,56.644801296256546
2026-03-03 22:28:10.000000000,5.595430030408253
2026-03-03 22:55:01.000000000,7.081986864002958
2026-03-03 22:56:41.000000000,13.030884575755076
2026-03-03 22:13:03.000000000,10.7630296797412
2026-03-03 23:52:35.000000000,45.74045841461386
2026-03-03 23:57:28.000000000,25.851730287617936
2026-03-03 23:34:09.000000000,27.31079843770721
2026-03-03 23:24:45.000000000,43.14423305300107
2026-03-03 23:14:02.000000000,17.24149409468877
2026-03-03 23:33:31.000000000,29.559567391425606
2026-03-03 23:52:11.000000000,41.40380488330302
2026-03-03 23:21:10.000000000,26.48856773159746
2026-03-03 23:58:05.000000000,20.147080295787955
2026-03-03 23:34:01.000000000,11.633972006233114
2026-03-03 23:22:52.000000000,22.11664716075843
2026-03-03 23:27:19.000000000,34.852032838498616
2026-03-03 23:16:49.000000000,27.27559228879281
2026-03-03 23:41:38.000000000,37.25749330217307
2026-03-03 23:33:54.000000000,18.288210061457296
2026-03-04 00:27:54.000000000,21.565716615870127
2026-03-04 00:35:12.000000000,11.781399134477741
2026-03-04 00:38:57.000000000,30.202497935760274
2026-03-04 00:01:14.000000000,7.857279118219208
2026-03-04 00:06:18.000000000,14.733757897861137
2026-03-04 00:04:22.000000000,21.75098442455386
2026-03-04 00:23:10.000000000,25.58908278363764
2026-03-04 01:51:46.000000000,10.695808989802492
2026-03-04 01:19:06.000000000,13.802167936128663
2026-03-04 01:20:27.000000000,18.614614143848467
2026-03-04 01:37:41.000000000,17.316043986131042
2026-03-04 01:21:41.000000000,12.873433221355219
2026-03-04 02:39:17.000000000,19.504443151054087
2026-03-04 03:07:38.000000000,13.315080999987757
2026-03-04 03:44:27.000000000,20.894119020457065
2026-03-04 04:23:40.000000000,68.95288611266484
2026-03-04 04:29:22.000000000,13.679852559163669
2026-03-04 04:11:30.000000000,40.83167605019347
2026-03-04 05:12:45.000000000,17.0455451829395
2026-03-04 05:01:12.000000000,44.35851151256015
2026-03-04 05:55:00.000000000,105.11086265406537
2026-03-04 05:42:03.000000000,17.83184843172894
2026-03-04 05:57:46.000000000,17.061948530914822
2026-03-04 05:30:31.000000000,16.55883842766638
2026-03-04 05:14:22.000000000,13.32743430627703
2026-03-04 06:26:04.000000000,18.527012110727764
2026-03-04 06:04:54.000000000,16.820262393990603
2026-03-04 06:50:11.000000000,11.67992752247949
2026-03-04 06:09:44.000000000,87.59894996822759
2026-03-04 06:32:17.000000000,7.4543643137597195
2026-03-04 06:06:55.000000000,40.991624000705066
2026-03-04 06:20:41.000000000,16.903223943318874
2026-03-04 06:28:27.000000000,6.74814828965441
2026-03-04 06:45:24.000000000,16.299573808998055
2026-03-04 06:37:17.000000000,17.088855261061475
2026-03-04 07:18:09.000000000,11.79273953709903
2026-03-04 07:51:49.000000000,42.29122628855217
2026-03-04 07:56:22.000000000,14.698079573049062
2026-03-04 07:49:22.000000000,19.744931775824103
2026-03-04 07:48:03.000000000,36.589711108792265
2026-03-04 07:18:40.000000000,11.122933780329737
2026-03-04 07:10:21.000000000,17.894996408414546
2026-03-04 07:06:20.000000000,59.66305586000345
2026-03-04 07:18:27.000000000,52.90221000310647
2026-03-04 07:35:27.000000000,41.15350747924979
2026-03-04 07:56:51.000000000,33.50894598196058
2026-03-04 07:21:51.000000000,18.033294067508276
2026-03-04 07:17:26.000000000,22.399408019374636
2026-03-04 07:15:47.000000000,9.870340544177205
2026-03-04 07:43:13.000000000,43.72675402555149
2026-03-04 07:42:52.000000000,22.306077893719266
2026-03-04 07:51:27.000000000,62.57754841967935
2026-03-04 07:25:45.000000000,86.50438611376696
2026-03-04 07:25:41.000000000,7.838827101414128
2026-03-04 07:45:11.000000000,30.87395716168201
2026-03-04 08:26:02.000000000,35.221044269643706
2026-03-04 08:30:27.000000000,33.866775169969706
2026-03-04 08:15:11.000000000,32.13211098533905
2026-03-04 08:06:46.000000000,12.253151034222137
2026-03-04 08:12:32.000000000,83.21869456747648
2026-03-04 08:33:50.000000000,16.827999310027113
2026-03-04 08:40:31.000000000,9.703052191865323
2026-03-04 08:30:22.000000000,31.850002419468442
2026-03-04 08:15:00.000000000,36.12659043034687
2026-03-04 08:05:48.000000000,15.907938319319458
2026-03-04 08:14:19.000000000,44.21973899487622
2026-03-04 08:51:55.000000000,26.078379243477247
2026-03-04 08:46:54.000000000,30.486847899447458
2026-03-04 08:00:07.000000000,51.689057050161175
2026-03-04 08:50:50.000000000,11.675381628156652
2026-03-04 08:25:04.000000000,90.44572771618516
2026-03-04 08:58:03.000000000,79.20079749179517
2026-03-04 08:36:01.000000000,2.331322936970296
2026-03-04 08:17:31.000000000,9.929159325339372
2026-03-04 09:01:58.000000000,16.939909030438212
2026-03-04 09:13:55.000000000,25.49673909243778
2026-03-04 09:38:42.000000000,15.444134675995537
2026-03-04 09:40:10.000000000,72.55192932589112
2026-03-04 09:27:00.000000000,29.414771297471834
2026-03-04 09:30:49.000000000,21.14934153352763
2026-03-04 09:32:14.000000000,13.82440839738285
2026-03-04 09:49:36.000000000,13.506647663376365
2026-03-04 09:11:47.000000000,78.50054571511959
2026-03-04 09:49:30.000000000,15.508552289241981
2026-03-04 09:56:14.000000000,13.351476284565711
2026-03-04 09:09:17.000000000,13.10052585453151
2026-03-04 09:58:17.000000000,23.93134774146586
2026-03-04 10:02:26.000000000,9.855120448090785
2026-03-04 10:17:25.000000000,9.785509010905312
2026-03-04 10:19:01.000000000,16.081677452075148
2026-03-04 10:16:37.000000000,12.255155885897276
2026-03-04 10:58:27.000000000,11.676521975000801
2026-03-04 10:25:56.000000000,32.34687877688034
2026-03-04 10:39:20.000000000,8.022784924474598
2026-03-04 10:16:13.000000000,13.211667842190776
2026-03-04 10:00:59.000000000,130.339682443296
2026-03-04 10:36:49.000000000,24.72278620601136
2026-03-04 10:12:36.000000000,51.74520566775745
2026-03-04 10:51:22.000000000,32.966976976780565
2026-03-04 10:02:32.000000000,11.607365266825012
2026-03-04 10:37:25.000000000,34.292044194500235
2026-03-04 11:17:08.000000000,18.64986873913818
2026-03-04 11:08:49.000000000,34.55450416126751
2026-03-04 11:57:33.000000000,22.46503391065549
2026-03-04 11:19:52.000000000,16.49330053287156
2026-03-04 11:59:20.000000000,11.618503864964241
2026-03-04 11:16:41.000000000,69.2497866577519
2026-03-04 11:59:12.000000000,23.11378614249274
2026-03-04 11:25:49.000000000,51.57297941142086
2026-03-04 11:03:00.000000000,51.62173147397862
2026-03-04 11:47:42.000000000,27.59576620578331
2026-03-04 11:48:49.000000000,10.535574434535947
2026-03-04 11:38:56.000000000,99.54175462534904
2026-03-04 12:16:51.000000000,25.469052361272016
2026-03-04 12:43:26.000000000,18.818535455328377
2026-03-04 12:15:55.000000000,55.26766068095351
2026-03-04 12:35:13.000000000,31.51373807830628
2026-03-04 12:04:41.000000000,16.932665722666993
2026-03-04 12:16:51.000000000,15.218175551337334
2026-03-04 12:57:10.000000000,41.58381351821759
2026-03-04 12:14:21.000000000,9.467651142831116
2026-03-04 12:20:33.000000000,13.78918720570701
2026-03-04 12:02:19.000000000,43.06343403285053
2026-03-04 12:41:40.000000000,19.673513759851883
2026-03-04 12:09:44.000000000,8.064317558966653
2026-03-04 13:30:34.000000000,101.36270670698131
2026-03-04 13:52:17.000000000,26.31524714446739
2026-03-04 13:48:55.000000000,20.866011115740243
2026-03-04 13:47:53.000000000,11.233726731013883
2026-03-04 13:50:18.000000000,32.73034580835648
2026-03-04 13:15:19.000000000,62.73171463881974
2026-03-04 13:12:34.000000000,38.68184370937827
2026-03-04 13:43:25.000000000,30.987504532432116
2026-03-04 13:42:41.000000000,24.08308727979951
2026-03-04 13:54:48.000000000,26.445185790343302
2026-03-04 13:28:08.000000000,27.035324489062972
2026-03-04 13:20:42.000000000,29.115918889856932
2026-03-04 14:00:03.000000000,15.691373304739281
2026-03-04 14:38:35.000000000,161.3193833834359
2026-03-04 14:48:55.000000000,33.908555869470426
2026-03-04 14:14:10.000000000,15.58160462007187
2026-03-04 14:51:09.000000000,14.229717264759108
2026-03-04 14:06:27.000000000,25.340307106440594
2026-03-04 14:07:50.000000000,21.641506048647553
2026-03-04 14:13:25.000000000,15.369654997159252
2026-03-04 14:22:12.000000000,20.295107042778934
2026-03-04 14:40:01.000000000,24.014822919178396
2026-03-04 14:45:15.000000000,17.96259911958815
2026-03-04 14:02:24.000000000,23.209579407300186
2026-03-04 14:30:46.000000000,47.03735683199122
2026-03-04 14:45:41.000000000,9.065588626260547
2026-03-04 14:23:48.000000000,43.79200413177023
2026-03-04 14:25:07.000000000,45.82623723357445
2026-03-04 14:51:52.000000000,17.876938167375403
2026-03-04 14:39:04.000000000,18.97286755838674
2026-03-04 14:57:27.000000000,12.736806957538088
2026-03-04 14:25:58.000000000,38.124453019608815
2026-03-04 14:05:49.000000000,44.836473431433724
2026-03-04 14:52:32.000000000,25.02903398900982
2026-03-04 15:56:32.000000000,40.78667451926345
2026-03-04 15:06:57.000000000,98.20465385835828
2026-03-04 15:01:59.000000000,44.19847301085189
2026-03-04 15:31:18.000000000,10.339688891396866
2026-03-04 15:30:50.000000000,15.43768999294045
2026-03-04 15:31:32.000000000,21.88211504931488
2026-03-04 15:41:28.000000000,15.906746883366177
2026-03-04 15:06:20.000000000,8.700574584033733
2026-03-04 15:12:17.000000000,57.91973601165645
2026-03-04 15:54:34.000000000,10.56060611926203
2026-03-04 15:36:52.000000000,25.910746468228258
2026-03-04 15:09:11.000000000,18.9126206400159
2026-03-04 15:31:26.000000000,9.313499711884232
2026-03-04 15:13:02.000000000,19.29249103964342
2026-03-04 16:39:27.000000000,21.449717912628177
2026-03-04 16:33:02.000000000,7.0453769514902875
2026-03-04 16:18:17.000000000,13.469909537615523
2026-03-04 16:45:09.000000000,34.374709001040365
2026-03-04 16:46:30.000000000,16.14762239397943
2026-03-04 16:50:38.000000000,8.7102135533629
2026-03-04 16:49:05.000000000,26.989401128044094
2026-03-04 16:41:07.000000000,20.88310304349245
2026-03-04 16:43:12.000000000,36.71076837964454
2026-03-04 16:57:01.000000000,7.486197450546897
2026-03-04 16:38:41.000000000,19.119631792909548
2026-03-04 16:51:04.000000000,79.31931890277137
2026-03-04 16:59:12.000000000,14.227249315933973
2026-03-04 16:32:26.000000000,22.653904078251347
2026-03-04 16:56:06.000000000,23.149362725735482
2026-03-04 16:24:18.000000000,16.36796022702483
2026-03-04 16:43:23.000000000,41.211587504775984
2026-03-04 16:51:01.000000000,32.12033567954673
2026-03-04 16:56:26.000000000,69.65732454767853
2026-03-04 16:31:53.000000000,16.113398476149026
2026-03-04 16:25:08.000000000,5.30047381526358
2026-03-04 16:07:37.000000000,88.54493011981438
2026-03-04 16:46:32.000000000,11.77732853099729
2026-03-04 16:25:37.000000000,54.39910242539177
2026-03-04 17:07:05.000000000,13.994500541639523
2026-03-04 17:33:36.000000000,9.744333790862585
2026-03-04 17:46:24.000000000,10.047376165069151
2026-03-04 17:47:25.000000000,21.547509335416155
2026-03-04 17:06:00.000000000,36.008271337094484
2026-03-04 17:41:47.000000000,11.984555637213612
2026-03-04 17:38:13.000000000,11.056298815372976
2026-03-04 17:19:19.000000000,50.19841281262695
2026-03-04 17:13:04.000000000,106.02311835076611
2026-03-04 17:26:27.000000000,10.518789156875188
2026-03-04 17:53:59.000000000,15.387262964461916
2026-03-04 17:09:15.000000000,13.123532955724171
2026-03-04 17:08:06.000000000,10.796789616130782
2026-03-04 17:00:47.000000000,28.395249178832163
2026-03-04 17:22:26.000000000,12.329238210130963
2026-03-04 17:22:10.000000000,34.844819270211865
2026-03-04 17:28:43.000000000,110.93955441680518
2026-03-04 17:10:57.000000000,12.701558369710101
2026-03-04 17:48:29.000000000,34.519216939472585
2026-03-04 18:26:04.000000000,12.191374835279428
2026-03-04 18:40:34.000000000,16.836685259779387
2026-03-04 18:32:24.000000000,13.70466599219141
2026-03-04 18:11:00.000000000,19.598062533205923
2026-03-04 18:49:25.000000000,79.04989951154712
2026-03-04 18:10:43.000000000,15.138199199075101
2026-03-04 18:43:14.000000000,30.58953504255342
2026-03-04 18:30:04.000000000,21.72225238312119
2026-03-04 18:18:47.000000000,143.59912186633505
2026-03-04 18:40:51.000000000,29.460285207614074
2026-03-04 18:48:45.000000000,8.431445937345055
2026-03-04 18:36:51.000000000,17.767623899213095
2026-03-04 18:42:25.000000000,22.4702773044835
2026-03-04 18:46:39.000000000,31.64752567352951
2026-03-04 18:06:16.000000000,9.421514138666396
2026-03-04 18:07:27.000000000,14.120417685111539
2026-03-04 18:32:20.000000000,11.291339706780532
2026-03-04 18:58:13.000000000,26.606422162562648
2026-03-04 18:52:40.000000000,27.58606111898061
2026-03-04 18:55:30.000000000,16.693498622839858
2026-03-04 18:03:37.000000000,11.512917259840144
2026-03-04 18:47:15.000000000,9.786938861729173
2026-03-04 18:39:31.000000000,28.507303003399645
2026-03-04 18:21:09.000000000,34.6927864948001
2026-03-04 18:25:44.000000000,29.208650132070918
2026-03-04 18:32:50.000000000,50.72088336108379
2026-03-04 18:23:01.000000000,75.51551863946975
2026-03-04 18:30:04.000000000,58.40938735093265
2026-03-04 19:55:50.000000000,11.33876927159199
2026-03-04 19:06:01.000000000,10.676317272093433
2026-03-04 19:23:52.000000000,19.279125523859523
2026-03-04 19:02:40.000000000,17.877420211453757
2026-03-04 19:16:52.000000000,30.759425567436654
2026-03-04 19:50:56.000000000,33.77257201562738
2026-03-04 19:59:15.000000000,13.79580602151846
2026-03-04 19:11:07.000000000,15.478682857254034
2026-03-04 19:29:37.000000000,23.66611132414386
2026-03-04 19:32:01.000000000,43.26403996279772
2026-03-04 19:39:56.000000000,41.546630040343366
2026-03-04 19:59:25.000000000,15.16184741750792
2026-03-04 19:16:50.000000000,45.447326300774286
2026-03-04 19:30:26.000000000,36.88461967733475
2026-03-04 19:08:00.000000000,33.605719402229305
2026-03-04 19:08:20.000000000,90.87080782266518
2026-03-04 19:49:59.000000000,9.039035797541159
2026-03-04 19:56:12.000000000,49.826760595655664
2026-03-04 19:13:01.000000000,26.01291139184062
2026-03-04 19:38:47.000000000,31.396520765280517
2026-03-04 19:48:38.000000000,129.32140712593397
2026-03-04 20:09:48.000000000,74.9506708475791
2026-03-04 20:32:34.000000000,14.126047535939852
2026-03-04 20:13:40.000000000,12.03042333975388
2026-03-04 20:45:25.000000000,25.687080508793013
2026-03-04 20:16:06.000000000,50.27618812933455
2026-03-04 20:42:33.000000000,43.31330220486037
2026-03-04 20:39:11.000000000,14.251995839212517
2026-03-04 20:27:38.000000000,8.84593126237851
2026-03-04 20:00:50.000000000,15.706359641024182
2026-03-04 20:39:06.000000000,8.909008634383428
2026-03-04 20:01:38.000000000,23.236483310960747
2026-03-04 20:04:14.000000000,33.34516832257401
2026-03-04 20:48:10.000000000,97.40645992734432
2026-03-04 20:12:01.000000000,10.752043142185496
2026-03-04 20:20:35.000000000,46.32933966710648
2026-03-04 20:42:09.000000000,25.876891747375385
2026-03-04 21:06:54.000000000,16.38312033327206
2026-03-04 21:51:45.000000000,113.20674937526935
2026-03-04 21:31:21.000000000,40.35258678724076
2026-03-04 21:02:57.000000000,19.354643310082064
2026-03-04 21:13:24.000000000,8.3438724439362
2026-03-04 21:39:23.000000000,7.9873946399547355
2026-03-04 21:08:29.000000000,50.44249029080158
2026-03-04 21:38:23.000000000,47.53302922271566
2026-03-04 21:32:46.000000000,24.252610526812067
2026-03-04 21:09:46.000000000,22.563971160526446
2026-03-04 21:18:43.000000000,33.122332876999295
2026-03-04 21:14:31.000000000,9.698886978578612
2026-03-04 21:00:23.000000000,70.27340059052447
2026-03-04 21:17:44.000000000,10.026454592002244
2026-03-04 21:55:46.000000000,18.649050284409224
2026-03-04 22:34:44.000000000,20.80751271647056
2026-03-04 22:42:11.000000000,10.84116029349939
2026-03-04 22:43:16.000000000,15.864317416425136
2026-03-04 22:16:10.000000000,10.507278077609405
2026-03-04 22:22:55.000000000,18.520954356329582
2026-03-04 22:59:14.000000000,18.78874468418768
2026-03-04 22:10:10.000000000,38.86386486311357
2026-03-04 22:07:24.000000000,207.34182449725333
2026-03-04 23:01:31.000000000,19.83616446055307
2026-03-04 23:42:33.000000000,28.02950349554778
2026-03-04 23:04:09.000000000,35.251376090653224
2026-03-04 23:44:00.000000000,9.196813559332808
2026-03-04 23:03:03.000000000,104.81548416469798
2026-03-04 23:30:40.000000000,21.820284420521247
2026-03-04 23:11:26.000000000,8.3682063906294
2026-03-04 23:13:17.000000000,37.793667377317405
2026-03-04 23:48:48.000000000,41.28849821995208
2026-03-05 00:45:12.000000000,9.684300300811211
2026-03-05 00:06:19.000000000,22.62309426925951
2026-03-05 00:57:24.000000000,15.024539761567619
2026-03-05 00:31:48.000000000,10.34155309344799
2026-03-05 01:02:26.000000000,12.620553687637264
2026-03-05 01:45:18.000000000,20.702215393295464
2026-03-05 01:16:42.000000000,5.4202521993883
2026-03-05 01:17:29.000000000,46.73835067797962
2026-03-05 01:50:10.000000000,20.027523344897944
2026-03-05 01:51:22.000000000,11.606292330760185
2026-03-05 02:53:14.000000000,17.663267986514107
2026-03-05 03:13:11.000000000,15.872151746103063
2026-03-05 04:39:09.000000000,16.673563666841133
2026-03-05 04:24:58.000000000,26.907887385789184
2026-03-05 04:27:18.000000000,14.593769440624877
2026-03-05 04:26:30.000000000,22.080304912435967
2026-03-05 05:32:42.000000000,20.135468694730804
2026-03-05 05:15:35.000000000,93.47815555917806
2026-03-05 05:32:15.000000000,10.48081869033147
2026-03-05 05:28:00.000000000,18.15929002714061
2026-03-05 05:08:54.000000000,9.970598295678178
2026-03-05 06:30:21.000000000,44.05557612782789
2026-03-05 06:26:24.000000000,25.518227444406097
2026-03-05 06:00:25.000000000,28.05725061781879
2026-03-05 06:31:27.000000000,11.458279494348345
2026-03-05 06:17:18.000000000,44.79022791621673
2026-03-05 06:55:49.000000000,13.639105896092767
2026-03-05 06:47:37.000000000,107.14214844589165
2026-03-05 06:28:28.000000000,17.35038493691276
2026-03-05 06:59:39.000000000,13.158532546160197
2026-03-05 07:03:21.000000000,43.39802645010159
2026-03-05 07:52:29.000000000,48.00723841635285
2026-03-05 07:29:01.000000000,33.45260903801216
2026-03-05 07:22:40.000000000,43.27511959164597
2026-03-05 07:41:20.000000000,41.06990939542738
2026-03-05 07:14:04.000000000,158.3843697140548
2026-03-05 07:21:12.000000000,22.133789923514275
2026-03-05 07:56:26.000000000,21.391414212206648
2026-03-05 07:04:42.000000000,22.798158005654578
2026-03-05 07:01:14.000000000,28.883605049352955
2026-03-05 07:53:47.000000000,29.751927358719666
2026-03-05 07:42:33.000000000,13.30780223572423
2026-03-05 07:04:43.000000000,19.716744574278447
2026-03-05 07:00:14.000000000,13.689007585495256
2026-03-05 07:38:40.000000000,21.614540876072905
2026-03-05 08:33:57.000000000,9.349317141874215
2026-03-05 08:57:13.000000000,21.559239918259703
2026-03-05 08:31:11.000000000,46.94877904185314
2026-03-05 08:50:32.000000000,27.44507063331383
2026-03-05 08:11:59.000000000,38.196832744967786
2026-03-05 08:10:06.000000000,22.2986482252964
2026-03-05 08:10:47.000000000,15.097962383935252
2026-03-05 08:14:30.000000000,52.426351824394864
2026-03-05 08:48:21.000000000,32.139796971370075
2026-03-05 08:26:18.000000000,15.425422174470304
2026-03-05 08:31:21.000000000,56.447338936933406
2026-03-05 08:34:34.000000000,53.472567991965526
2026-03-05 08:04:33.000000000,76.4746300073895
2026-03-05 08:35:46.000000000,10.986445242976869
2026-03-05 08:43:27.000000000,16.181259530725388
2026-03-05 08:51:53.000000000,12.823120005525466
2026-03-05 08:49:29.000000000,24.124103720941154
2026-03-05 08:45:09.000000000,49.95155273924236
2026-03-05 08:01:57.000000000,28.3165215758446
2026-03-05 08:50:51.000000000,13.802191406880835
2026-03-05 08:49:29.000000000,115.73429692095064
2026-03-05 08:33:01.000000000,8.873576137385307
2026-03-05 08:06:55.000000000,10.636865160516555
2026-03-05 08:19:54.000000000,17.895732742763716
2026-03-05 08:05:57.000000000,5.842042255529209
2026-03-05 08:10:46.000000000,25.365823498519344
2026-03-05 08:27:53.000000000,17.524476278089203
2026-03-05 09:06:04.000000000,62.075140314348246
2026-03-05 09:00:56.000000000,98.15473997513817
2026-03-05 09:20:19.000000000,13.128981264092198
2026-03-05 09:03:16.000000000,12.6506906235758
2026-03-05 09:22:08.000000000,17.64724731394827
2026-03-05 09:51:04.000000000,42.75923995598582
2026-03-05 09:08:55.000000000,13.218236933184562
2026-03-05 09:31:23.000000000,14.683584837383936
2026-03-05 09:58:39.000000000,16.128520949576274
2026-03-05 09:51:31.000000000,15.827705052560477
2026-03-05 09:35:48.000000000,14.984019030672714
2026-03-05 09:53:05.000000000,16.275356123213314
2026-03-05 09:50:59.000000000,22.27608876032426
2026-03-05 09:06:24.000000000,33.51104704163493
2026-03-05 09:52:02.000000000,47.34670015291658
2026-03-05 09:37:20.000000000,65.7774184386587
2026-03-05 09:51:45.000000000,20.633999182507548
2026-03-05 09:57:17.000000000,21.229002275061127
2026-03-05 09:24:20.000000000,99.76442027730972
2026-03-05 09:39:16.000000000,10.402929056114937
2026-03-05 09:58:09.000000000,69.28705746267754
2026-03-05 09:04:40.000000000,22.56342886043844
2026-03-05 10:25:28.000000000,18.71682307347837
2026-03-05 10:11:13.000000000,17.914531335296168
2026-03-05 10:26:03.000000000,36.26315858540197
2026-03-05 10:24:40.000000000,10.089702295660205
2026-03-05 10:47:53.000000000,13.347867182771049
2026-03-05 10:22:54.000000000,18.746665451358105
2026-03-05 10:13:58.000000000,25.61287214551898
2026-03-05 10:12:37.000000000,74.45705349359721
2026-03-05 10:43:00.000000000,81.64227796935008
2026-03-05 10:42:21.000000000,145.5036794097479
2026-03-05 10:21:27.000000000,13.899175330824741
2026-03-05 10:51:37.000000000,86.69172055195678
2026-03-05 10:52:19.000000000,18.11736263679386
2026-03-05 10:13:17.000000000,23.13217962187686
2026-03-05 10:44:13.000000000,36.34295016435209
2026-03-05 10:20:28.000000000,23.663789378452012
2026-03-05 10:05:21.000000000,13.914461839828219
2026-03-05 10:09:47.000000000,18.39190833647587
2026-03-05 10:37:22.000000000,23.64395185705492
2026-03-05 10:03:59.000000000,34.236190547071324
2026-03-05 10:02:08.000000000,35.87598471892873
2026-03-05 10:00:28.000000000,13.962282281460547
2026-03-05 10:32:47.000000000,23.60590146417478
2026-03-05 10:34:20.000000000,13.467015848460955
2026-03-05 10:03:28.000000000,30.926894230888795
2026-03-05 10:48:15.000000000,90.56678611980284
2026-03-05 10:22:46.000000000,10.485326759052553
2026-03-05 11:43:19.000000000,17.426514629758813
2026-03-05 11:13:31.000000000,16.91059775977996
2026-03-05 11:12:05.000000000,15.744551187964527
2026-03-05 11:30:24.000000000,30.013847206569192
2026-03-05 11:06:38.000000000,17.04145888817413
2026-03-05 11:03:01.000000000,37.134047325142554
2026-03-05 11:26:29.000000000,23.244133783055883
2026-03-05 11:39:48.000000000,31.39265201977405
2026-03-05 11:55:07.000000000,49.03627039366467
2026-03-05 11:32:02.000000000,19.41720762110018
2026-03-05 11:43:43.000000000,20.087760195467393
2026-03-05 11:25:19.000000000,25.248594478875116
2026-03-05 11:45:44.000000000,20.315663265410677
2026-03-05 11:34:14.000000000,32.540397110981836
2026-03-05 11:24:37.000000000,10.820488290447274
2026-03-05 11:43:41.000000000,9.418203287198589
2026-03-05 11:42:22.000000000,12.414506372136183
2026-03-05 12:27:59.000000000,14.99441904147792
2026-03-05 12:31:03.000000000,8.597053922059628
2026-03-05 12:38:36.000000000,107.20833922182503
2026-03-05 12:39:19.000000000,16.924294178855643
2026-03-05 12:38:03.000000000,16.08654649134525
2026-03-05 12:11:26.000000000,10.845515017506914
2026-03-05 12:00:41.000000000,104.56021863531264
2026-03-05 12:13:20.000000000,18.565897152835266
2026-03-05 12:07:58.000000000,12.563579883931823
2026-03-05 12:30:40.000000000,18.455194854593312
2026-03-05 12:11:46.000000000,10.46006786420665
2026-03-05 12:32:04.000000000,26.589989736093525
2026-03-05 12:55:04.000000000,23.977039258383073
2026-03-05 12:18:36.000000000,65.76964821476635
2026-03-05 12:49:32.000000000,87.94126825039761
2026-03-05 12:12:14.000000000,51.37430110180055
2026-03-05 12:43:28.000000000,11.410396577023262
2026-03-05 12:44:53.000000000,14.995326878113344
2026-03-05 13:54:16.000000000,29.636878643934377
2026-03-05 13:29:09.000000000,37.43383876401019
2026-03-05 13:38:10.000000000,18.31104701860276
2026-03-05 13:59:03.000000000,33.512859722991365
2026-03-05 13:53:36.000000000,8.30316752453989
2026-03-05 13:21:50.000000000,17.62135907299263
2026-03-05 13:36:43.000000000,25.472320854726295
2026-03-05 13:16:28.000000000,11.332726768885324
2026-03-05 13:48:38.000000000,9.861901576275423
2026-03-05 13:48:14.000000000,41.76579444891129
2026-03-05 13:55:49.000000000,89.5891022950923
2026-03-05 13:13:22.000000000,15.136639346006035
2026-03-05 13:09:11.000000000,13.894365720011402
2026-03-05 13:01:53.000000000,11.780523128481876
2026-03-05 13:17:38.000000000,27.634665857986686
2026-03-05 14:36:49.000000000,17.009033416715052
2026-03-05 14:45:54.000000000,156.96669591887778
2026-03-05 14:57:29.000000000,21.64098236888808
2026-03-05 14:34:03.000000000,87.60493220156073
2026-03-05 14:57:02.000000000,14.065653981320517
2026-03-05 14:12:12.000000000,49.537083088733525
2026-03-05 14:08:29.000000000,9.243131593744298
2026-03-05 14:05:56.000000000,13.818881407136443
2026-03-05 14:03:40.000000000,44.94939037516669
2026-03-05 14:16:02.000000000,58.50632899777583
2026-03-05 15:58:36.000000000,111.55411252207756
2026-03-05 15:07:57.000000000,22.091105344914826
2026-03-05 15:12:08.000000000,37.41899333615142
2026-03-05 15:29:39.000000000,14.309000150814443
2026-03-05 15:56:16.000000000,13.522918525084767
2026-03-05 15:38:41.000000000,39.204680500724145
2026-03-05 15:22:24.000000000,72.14349646334931
2026-03-05 15:11:43.000000000,67.0432649209524
2026-03-05 15:58:04.000000000,9.121826733378152
2026-03-05 15:10:24.000000000,26.523591661712526
2026-03-05 15:00:41.000000000,16.188100103286494
2026-03-05 15:49:52.000000000,30.494484005554146
2026-03-05 15:26:51.000000000,18.20172068614912
2026-03-05 15:57:09.000000000,18.33115918022879
2026-03-05 15:11:19.000000000,25.9789873490441
2026-03-05 15:57:25.000000000,30.080051247886153
2026-03-05 15:49:39.000000000,13.552575929065734
2026-03-05 15:42:09.000000000,14.358614416453547
2026-03-05 15:00:19.000000000,14.897283271934617
2026-03-05 15:28:30.000000000,36.26276482704406
2026-03-05 15:18:52.000000000,100.95733452002882
2026-03-05 15:44:03.000000000,39.79919913409877
2026-03-05 15:12:49.000000000,31.303899723146845
2026-03-05 15:06:13.000000000,41.53779150591138
2026-03-05 15:45:51.000000000,22.67172400630241
2026-03-05 15:24:16.000000000,12.27545485809592
2026-03-05 15:21:07.000000000,38.452769239467194
2026-03-05 16:15:26.000000000,13.050487678190551
2026-03-05 16:46:29.000000000,9.14059470574355
2026-03-05 16:43:25.000000000,11.634382313452337
2026-03-05 16:35:20.000000000,51.03965763911781
2026-03-05 16:21:27.000000000,24.645253517709744
2026-03-05 16:55:01.000000000,56.23878633957755
2026-03-05 16:56:18.000000000,27.339301532191193
2026-03-05 16:51:54.000000000,29.576779085699318
2026-03-05 16:51:15.000000000,15.653450064753338
2026-03-05 16:21:13.000000000,64.40046381677264
2026-03-05 16:52:03.000000000,24.3161318619142
2026-03-05 16:51:56.000000000,38.7504649781328
2026-03-05 16:07:28.000000000,17.555418937380484
2026-03-05 16:10:13.000000000,13.680152068471115
2026-03-05 16:04:37.000000000,29.8248768195952
2026-03-05 16:27:59.000000000,24.790801137603033
2026-03-05 16:50:52.000000000,12.951763886044217
2026-03-05 16:36:35.000000000,14.605259882126324
2026-03-05 16:34:25.000000000,45.24642925043762
2026-03-05 17:09:33.000000000,15.907372147811719
2026-03-05 17:49:24.000000000,24.400573692185684
2026-03-05 17:04:48.000000000,12.89444150244808
2026-03-05 17:54:11.000000000,59.50425467409607
2026-03-05 17:50:00.000000000,33.13167596813645
2026-03-05 17:54:41.000000000,7.798883546358874
2026-03-05 17:48:43.000000000,9.329992460521188
2026-03-05 17:26:09.000000000,28.42547553537412
2026-03-05 17:45:25.000000000,13.100832767883047
2026-03-05 17:39:30.000000000,21.37163171955094
2026-03-05 17:13:21.000000000,60.74704958021452
2026-03-05 17:45:53.000000000,52.152622897778215
2026-03-05 17:44:40.000000000,26.9927985031087
2026-03-05 17:35:09.000000000,22.44782395409659
2026-03-05 17:55:35.000000000,14.116993347080038
2026-03-05 17:30:06.000000000,10.196439646612019
2026-03-05 17:21:24.000000000,25.07131004514113
2026-03-05 18:13:57.000000000,10.66308283863996
2026-03-05 18:51:06.000000000,13.11463287132998
2026-03-05 18:15:12.000000000,44.87841483675807
2026-03-05 18:03:04.000000000,110.29589284816609
2026-03-05 18:34:44.000000000,14.225974012898222
2026-03-05 18:31:05.000000000,23.169367425850076
2026-03-05 18:30:18.000000000,29.608626728015206
2026-03-05 18:18:10.000000000,34.704740763980304
2026-03-05 18:59:25.000000000,30.866308835389862
2026-03-05 18:28:52.000000000,28.49609922635655
2026-03-05 18:45:30.000000000,43.84555357648791
2026-03-05 18:25:43.000000000,26.45201885107753
2026-03-05 18:51:13.000000000,17.247643347441837
2026-03-05 18:14:01.000000000,57.62053124323002
2026-03-05 18:00:55.000000000,58.38552883163209
2026-03-05 18:45:03.000000000,19.44924742113497
2026-03-05 18:58:24.000000000,24.42783048170909
2026-03-05 18:58:32.000000000,33.44223804563437
2026-03-05 19:36:25.000000000,91.86842313143723
2026-03-05 19:34:28.000000000,16.920823997789874
2026-03-05 19:05:45.000000000,10.016326963381303
2026-03-05 19:42:07.000000000,30.528347989444708
2026-03-05 19:04:51.000000000,21.400479639884605
2026-03-05 19:37:01.000000000,13.592878144873884
2026-03-05 19:41:07.000000000,53.4124408928128
2026-03-05 19:15:23.000000000,15.597211842589838
2026-03-05 19:46:43.000000000,18.41028408285081
2026-03-05 19:12:56.000000000,20.684024217121586
2026-03-05 19:09:52.000000000,26.525485352942855
2026-03-05 19:18:37.000000000,46.95916251431768
2026-03-05 19:29:05.000000000,58.37409616087855
2026-03-05 19:29:31.000000000,16.55434342816013
2026-03-05 19:34:54.000000000,7.508480527337551
2026-03-05 19:46:50.000000000,34.3976364828562
2026-03-05 20:46:10.000000000,19.988424522020352
2026-03-05 20:32:19.000000000,17.98169496167616
2026-03-05 20:53:05.000000000,14.077476557263788
2026-03-05 20:02:38.000000000,8.568073941022162
2026-03-05 20:34:41.000000000,30.745121274666705
2026-03-05 20:25:25.000000000,73.82613572043513
2026-03-05 20:24:23.000000000,22.51724034489002
2026-03-05 20:59:16.000000000,15.977687952440627
2026-03-05 20:10:28.000000000,9.656214407632858
2026-03-05 20:09:52.000000000,212.4719153610667
2026-03-05 20:39:33.000000000,22.14011689165576
2026-03-05 20:19:34.000000000,38.64893945986457
2026-03-05 20:14:02.000000000,37.54391655265871
2026-03-05 20:34:10.000000000,39.397111784462226
2026-03-05 20:22:48.000000000,24.562996057246007
2026-03-05 20:48:39.000000000,10.905665423441116
2026-03-05 20:14:53.000000000,23.71704305150146
2026-03-05 20:10:36.000000000,40.91553376715566
2026-03-05 20:19:00.000000000,13.429294807390965
2026-03-05 20:16:44.000000000,78.0929121091111
2026-03-05 20:29:10.000000000,58.663465974455846
2026-03-05 20:27:31.000000000,22.72495162441645
2026-03-05 20:02:42.000000000,12.712857520307658
2026-03-05 20:52:23.000000000,41.1961963961193
2026-03-05 21:18:15.000000000,33.156942026716884
2026-03-05 21:26:25.000000000,133.84369712152696
2026-03-05 21:30:14.000000000,7.447837320096855
2026-03-05 21:33:11.000000000,29.153828254602725
2026-03-05 21:23:42.000000000,198.7255356810024
2026-03-05 21:18:05.000000000,35.82647991103673
2026-03-05 21:10:52.000000000,166.235047388943
2026-03-05 21:27:46.000000000,90.07383630558382
2026-03-05 21:25:31.000000000,11.326020334069627
2026-03-05 21:30:52.000000000,6.344231049635263
2026-03-05 21:16:42.000000000,14.6236344209169
2026-03-05 21:47:36.000000000,8.521027269315638
2026-03-05 21:41:18.000000000,12.732939000481615
2026-03-05 21:57:11.000000000,26.597283299831513
2026-03-05 21:56:05.000000000,16.75185037855742
2026-03-05 21:43:54.000000000,113.92414317594984
2026-03-05 21:28:28.000000000,15.542000960819218
2026-03-05 21:10:27.000000000,17.943922155204525
2026-03-05 21:55:25.000000000,38.37713122491402
2026-03-05 21:26:49.000000000,11.49987561952805
2026-03-05 22:18:31.000000000,46.76478390124696
2026-03-05 22:06:57.000000000,21.227333268336363
2026-03-05 22:39:06.000000000,17.40711759702608
2026-03-05 22:33:13.000000000,17.774728136849962
2026-03-05 22:15:46.000000000,9.172744692477805
2026-03-05 22:46:03.000000000,30.38006307055422
2026-03-05 22:18:33.000000000,22.099313125920176
2026-03-05 22:02:41.000000000,25.873115810068015
2026-03-05 22:30:30.000000000,27.932060779097075
2026-03-05 22:23:20.000000000,10.553652437260752
2026-03-05 22:31:41.000000000,13.31162234327588
2026-03-05 22:01:35.000000000,51.84432019406119
2026-03-05 22:56:32.000000000,23.30787437658992
2026-03-05 22:22:26.000000000,9.837276996284684
2026-03-05 22:23:02.000000000,8.215907333765509
2026-03-05 22:18:56.000000000,26.812550950508832
2026-03-05 22:01:50.000000000,14.184823616716727
2026-03-05 22:52:57.000000000,15.6737262729122
2026-03-05 22:23:46.000000000,63.936761508491436
2026-03-05 22:06:26.000000000,58.19162045412807
2026-03-05 22:13:13.000000000,45.18122026932593
2026-03-05 22:24:23.000000000,15.073873453118706
2026-03-05 22:45:09.000000000,25.913455896302533
2026-03-05 22:10:28.000000000,9.595078329710335
2026-03-05 22:26:52.000000000,59.58799493011226
2026-03-05 22:49:21.000000000,23.092721617087722
2026-03-05 22:35:07.000000000,18.525748782560367
2026-03-05 23:38:25.000000000,16.4631685601025
2026-03-05 23:04:32.000000000,14.77390378044107
2026-03-05 23:23:37.000000000,17.05918907095015
2026-03-05 23:59:29.000000000,19.841174213621855
2026-03-05 23:33:18.000000000,45.11009096257042
2026-03-05 23:27:24.000000000,14.673211325437913
2026-03-05 23:57:34.000000000,13.608788505380941
2026-03-05 23:37:44.000000000,15.652077887180466
2026-03-05 23:00:25.000000000,11.556453470533976
2026-03-05 23:55:20.000000000,35.9546101387754
2026-03-05 23:18:27.000000000,19.68467511568529
2026-03-05 23:48:46.000000000,14.404642727685486
2026-03-05 23:09:27.000000000,19.729123106340158
2026-03-05 23:54:35.000000000,19.21395864716919
2026-03-05 23:39:44.000000000,26.623833544901306
2026-03-05 23:09:58.000000000,100.32577158780538
2026-03-05 23:35:42.000000000,33.59452109719462
2026-03-05 23:26:52.000000000,19.760313082032454
2026-03-05 23:31:08.000000000,16.303248802592464
2026-03-05 23:17:17.000000000,19.508136093805692
2026-03-05 23:51:39.000000000,12.449293946796745
2026-03-05 23:51:16.000000000,23.05805208879997
2026-03-05 23:29:10.000000000,38.14312025054028
2026-03-05 23:01:22.000000000,46.932392543303436
2026-03-05 23:41:22.000000000,25.977099296966564
2026-03-05 23:43:35.000000000,20.487288750221175
2026-03-05 23:34:35.000000000,8.168359694948679
2026-03-05 23:32:26.000000000,53.19940422198265
2026-03-05 23:22:25.000000000,10.714194246846128
2026-03-05 23:45:20.000000000,9.90845273553416
2026-03-05 23:18:59.000000000,12.774381910214766
2026-03-06 00:42:52.000000000,30.10976943091944
2026-03-06 00:15:40.000000000,12.682799328626627
2026-03-06 00:04:20.000000000,27.947333278078414
2026-03-06 00:35:19.000000000,26.935259593139225
2026-03-06 00:21:13.000000000,14.071731976808485
2026-03-06 00:45:13.000000000,24.880538592367287
2026-03-06 00:30:00.000000000,38.833763278887965
2026-03-06 01:50:46.000000000,10.011297093095516
2026-03-06 01:21:28.000000000,27.62900401069231
2026-03-06 01:24:38.000000000,12.33864235358116
2026-03-06 01:30:45.000000000,24.40058969298077
2026-03-06 01:06:14.000000000,9.752798181841376
2026-03-06 01:45:07.000000000,10.331304364523419
2026-03-06 01:00:27.000000000,13.531678186841358
2026-03-06 01:02:21.000000000,53.72064792145351
2026-03-06 02:20:24.000000000,24.53582761352811
2026-03-06 02:37:16.000000000,15.92857003515015
2026-03-06 02:11:23.000000000,15.172514477657648
2026-03-06 03:25:05.000000000,32.48576061223864
2026-03-06 03:36:21.000000000,54.762152981016406
2026-03-06 03:11:22.000000000,11.346975247397454
2026-03-06 03:45:32.000000000,11.310665542894304
2026-03-06 03:13:54.000000000,14.278204330458403
2026-03-06 04:11:01.000000000,11.428777747014328
2026-03-06 04:57:35.000000000,34.32979912905615
2026-03-06 04:16:42.000000000,55.23865683504817
2026-03-06 05:04:50.000000000,66.71605207935175
2026-03-06 05:43:13.000000000,52.45108000625612
2026-03-06 05:50:56.000000000,10.409842449776141
2026-03-06 05:07:37.000000000,49.89270095758966
2026-03-06 05:37:50.000000000,137.1700453109476
2026-03-06 05:25:41.000000000,10.673160353736812
2026-03-06 05:32:03.000000000,63.254917940650856
2026-03-06 05:27:47.000000000,22.859113112444373
2026-03-06 05:53:48.000000000,18.11522484971039
2026-03-06 05:26:14.000000000,9.83179461299945
2026-03-06 05:55:33.000000000,10.6545806074248
2026-03-06 06:19:18.000000000,18.367009572041557
2026-03-06 06:28:07.000000000,14.86837265635054
2026-03-06 06:04:24.000000000,19.78357832808169
2026-03-06 06:56:59.000000000,10.992861393232593
2026-03-06 06:25:56.000000000,10.470488092178718
2026-03-06 06:59:08.000000000,28.906802167408284
2026-03-06 06:27:54.000000000,46.70907967280986
2026-03-06 06:25:24.000000000,20.905421397312278
2026-03-06 06:55:43.000000000,57.61174393130388
2026-03-06 06:07:09.000000000,30.080910597649837
2026-03-06 06:23:40.000000000,44.78959748850182
2026-03-06 06:38:48.000000000,72.41541147270077
2026-03-06 06:08:41.000000000,46.506132637802736
2026-03-06 06:01:32.000000000,26.908044727242476
2026-03-06 07:26:12.000000000,35.54160646549047
2026-03-06 07:48:42.000000000,7.984524452519815
2026-03-06 07:33:41.000000000,21.386754892837693
2026-03-06 07:05:28.000000000,140.65645393131578
2026-03-06 07:54:16.000000000,40.84987185449241
2026-03-06 07:42:56.000000000,11.253566850217537
2026-03-06 07:54:38.000000000,31.154835344471945
2026-03-06 07:07:15.000000000,20.82086262679469
2026-03-06 07:03:55.000000000,14.913292675898655
2026-03-06 07:48:43.000000000,8.051200458779716
2026-03-06 07:35:42.000000000,41.415540998259054
2026-03-06 07:56:49.000000000,95.26755584593225
2026-03-06 08:06:29.000000000,8.379553979289659
2026-03-06 08:29:20.000000000,24.81752773674968
2026-03-06 08:45:54.000000000,28.57799835231246
2026-03-06 08:17:05.000000000,13.381772497235053
2026-03-06 08:18:04.000000000,13.988305187509637
2026-03-06 08:31:24.000000000,10.567374194506383
2026-03-06 08:32:14.000000000,13.038739505607937
2026-03-06 08:22:18.000000000,25.55950753437057
2026-03-06 08:26:43.000000000,25.840230993857926
2026-03-06 08:17:16.000000000,7.936917411527195
2026-03-06 08:12:50.000000000,11.488108408307257
2026-03-06 08:41:05.000000000,142.45385758548963
2026-03-06 08:07:07.000000000,19.54325769578894
2026-03-06 08:23:45.000000000,17.065017406905394
2026-03-06 08:24:46.000000000,26.193494817283703
2026-03-06 08:21:58.000000000,17.880047147794116
2026-03-06 08:05:47.000000000,11.010095066026244
2026-03-06 08:19:35.000000000,6.0659080829680265
2026-03-06 09:04:21.000000000,11.925606026091486
2026-03-06 09:47:02.000000000,57.22324550654059
2026-03-06 09:21:04.000000000,10.670380310828994
2026-03-06 09:48:28.000000000,24.922636903556633
2026-03-06 09:21:50.000000000,31.066984858697158
2026-03-06 09:36:40.000000000,28.30584009135067
2026-03-06 09:34:15.000000000,18.360881368505527
2026-03-06 09:29:04.000000000,49.377108492399984
2026-03-06 09:08:31.000000000,59.7031753947218
2026-03-06 09:31:03.000000000,53.47537957352113
2026-03-06 09:16:24.000000000,26.814803349714087
2026-03-06 09:47:27.000000000,120.03298033291462
2026-03-06 09:36:18.000000000,18.998222231161403
2026-03-06 09:15:14.000000000,12.265967858928848
2026-03-06 09:27:58.000000000,24.489840881179294
2026-03-06 09:24:45.000000000,9.534916877817665
2026-03-06 09:28:23.000000000,9.736548401459524
2026-03-06 09:12:42.000000000,15.197858835051054
2026-03-06 09:18:47.000000000,37.6238413132057
2026-03-06 09:09:12.000000000,9.265003093753585
2026-03-06 09:17:14.000000000,22.369774103077724
2026-03-06 09:15:27.000000000,22.142352210682883
2026-03-06 10:51:57.000000000,38.70850090411004
2026-03-06 10:33:27.000000000,30.1514915128764
2026-03-06 10:10:21.000000000,37.6839088017337
2026-03-06 10:19:30.000000000,18.627213758954202
2026-03-06 10:52:13.000000000,43.14411036366365
2026-03-06 10:05:24.000000000,57.15727874816215
2026-03-06 10:19:23.000000000,41.75787577872966
2026-03-06 10:26:45.000000000,36.763359258801565
2026-03-06 10:50:52.000000000,18.883951968502412
2026-03-06 10:59:33.000000000,37.11115933674284
2026-03-06 10:55:15.000000000,36.34361348461392
2026-03-06 10:23:51.000000000,18.004663690340067
2026-03-06 10:29:06.000000000,32.15722281348218
2026-03-06 10:24:38.000000000,22.765371485308393
2026-03-06 10:41:30.000000000,13.73316186515651
2026-03-06 10:41:49.000000000,34.59937105413175
2026-03-06 10:21:52.000000000,11.350692032712809
2026-03-06 11:43:25.000000000,10.59005275132507
2026-03-06 11:45:32.000000000,9.113191362312556
2026-03-06 11:05:57.000000000,16.911215498258052
2026-03-06 11:40:25.000000000,15.349603025676243
2026-03-06 11:33:55.000000000,13.422800071029664
2026-03-06 11:06:05.000000000,12.458666102868632
2026-03-06 11:21:48.000000000,13.582052055444786
2026-03-06 11:29:05.000000000,20.843861511789587
2026-03-06 11:34:48.000000000,15.579655460012033
2026-03-06 11:55:32.000000000,32.38672679634369
2026-03-06 11:11:11.000000000,15.90759518646708
2026-03-06 11:23:21.000000000,89.85751394858696
2026-03-06 11:51:58.000000000,71.46759300905806
2026-03-06 11:37:19.000000000,23.45394321614513
2026-03-06 11:38:24.000000000,24.091855483966057
2026-03-06 11:35:11.000000000,22.181738185032412
2026-03-06 11:04:00.000000000,38.651649124555874
2026-03-06 12:18:58.000000000,10.692459185755286
2026-03-06 12:58:48.000000000,42.80144582645095
2026-03-06 12:26:22.000000000,15.330821291980323
2026-03-06 12:01:10.000000000,17.493082674018503
2026-03-06 12:15:53.000000000,45.42524972097538
2026-03-06 12:36:19.000000000,13.22530421990236
2026-03-06 12:36:31.000000000,18.04500121987975
2026-03-06 13:02:35.000000000,35.27706899781837
2026-03-06 13:35:09.000000000,11.914309730588526
2026-03-06 13:17:38.000000000,24.177084917193568
2026-03-06 13:56:01.000000000,53.82462700192013
2026-03-06 13:41:20.000000000,29.76903724056901
2026-03-06 13:02:32.000000000,12.049949705562534
2026-03-06 13:41:54.000000000,65.58015959799185
2026-03-06 13:45:13.000000000,11.767299663051945
2026-03-06 13:41:26.000000000,17.619423167139516
2026-03-06 14:16:55.000000000,26.21267541600592
2026-03-06 14:48:37.000000000,223.38517884661206
2026-03-06 14:57:12.000000000,19.510259316528543
2026-03-06 14:48:29.000000000,31.532997261094675
2026-03-06 14:07:39.000000000,29.9156362895212
2026-03-06 14:46:55.000000000,11.4899587639807
2026-03-06 14:04:26.000000000,13.057689621982865
2026-03-06 14:31:27.000000000,34.35060983397443
2026-03-06 14:23:40.000000000,21.73405321461148
2026-03-06 14:25:05.000000000,21.40765131126324
2026-03-06 14:46:06.000000000,16.812253888401532
2026-03-06 14:50:51.000000000,30.685644974021937
2026-03-06 14:01:52.000000000,38.61001009092628
2026-03-06 14:22:01.000000000,17.949280018774303
2026-03-06 14:19:40.000000000,10.973350019745522
2026-03-06 14:56:25.000000000,9.44234363405089
2026-03-06 14:12:36.000000000,12.047517925977848
2026-03-06 14:11:22.000000000,10.226726642682772
2026-03-06 15:57:33.000000000,60.59988635202579
2026-03-06 15:07:23.000000000,44.03615359342526
2026-03-06 15:50:52.000000000,21.96582916889849
2026-03-06 15:29:15.000000000,16.973759502048853
2026-03-06 15:47:04.000000000,7.6787517122747255
2026-03-06 15:04:32.000000000,61.880550406626476
2026-03-06 15:10:50.000000000,12.277017668220966
2026-03-06 15:44:28.000000000,87.7038497389616
2026-03-06 15:33:39.000000000,59.689509887985054
2026-03-06 15:54:24.000000000,170.1399437983114
2026-03-06 15:05:33.000000000,15.173792334265235
2026-03-06 15:58:24.000000000,17.819913210728366
2026-03-06 15:15:17.000000000,34.2810801994814
2026-03-06 15:58:01.000000000,12.00209272647216
2026-03-06 15:38:04.000000000,14.253117095378448
2026-03-06 15:56:39.000000000,51.965018095647665
2026-03-06 15:35:00.000000000,17.975777686736905
2026-03-06 16:16:58.000000000,9.512826225135017
2026-03-06 16:04:26.000000000,44.93157889883509
2026-03-06 16:35:46.000000000,130.09857243720572
2026-03-06 16:03:54.000000000,38.86855533084541
2026-03-06 16:11:42.000000000,14.599805673585708
2026-03-06 16:51:22.000000000,14.352354976029405
2026-03-06 16:12:20.000000000,62.42897561665676
2026-03-06 16:02:14.000000000,11.129376220267643
2026-03-06 16:10:23.000000000,21.74727202459047
2026-03-06 16:28:20.000000000,10.111096912581656
2026-03-06 16:06:24.000000000,11.956440898184391
2026-03-06 16:27:21.000000000,10.91277969462336
2026-03-06 16:48:34.000000000,22.66453342300724
2026-03-06 16:36:06.000000000,14.438849025544775
2026-03-06 16:22:23.000000000,35.77822182063837
2026-03-06 16:22:55.000000000,14.563103941505586
2026-03-06 16:14:11.000000000,16.311213862792435
2026-03-06 16:56:47.000000000,52.56353089628316
2026-03-06 17:27:11.000000000,120.18714744358115
2026-03-06 17:05:25.000000000,45.074681237623274
2026-03-06 17:59:44.000000000,30.941928665917988
2026-03-06 17:39:42.000000000,22.17356549660824
2026-03-06 17:26:08.000000000,13.740525124175514
2026-03-06 17:23:47.000000000,68.03039576485132
2026-03-06 17:38:53.000000000,15.950503275282069
2026-03-06 17:06:22.000000000,10.960769515606396
2026-03-06 17:16:24.000000000,19.88503924586173
2026-03-06 17:30:52.000000000,24.180355631807064
2026-03-06 17:02:03.000000000,23.22326725493272
2026-03-06 17:15:04.000000000,14.021664508547465
2026-03-06 17:47:54.000000000,8.904483310134678
2026-03-06 17:57:00.000000000,16.367912900453007
2026-03-06 17:37:37.000000000,15.018981286124058
2026-03-06 17:15:40.000000000,12.393516672379993
2026-03-06 17:37:20.000000000,34.65792486699804
2026-03-06 17:13:03.000000000,29.177601489947524
2026-03-06 17:54:27.000000000,11.453884764717424
2026-03-06 17:34:30.000000000,21.10768838245107
2026-03-06 17:29:52.000000000,9.35305624034646
2026-03-06 17:45:28.000000000,20.624413898966655
2026-03-06 17:06:24.000000000,17.029627144324134
2026-03-06 17:16:24.000000000,31.855909629608323
2026-03-06 18:20:05.000000000,28.590705696562512
2026-03-06 18:08:08.000000000,15.310211193470193
2026-03-06 18:33:45.000000000,24.15711074961079
2026-03-06 18:39:34.000000000,27.134810388220803
2026-03-06 18:53:50.000000000,40.49761448852203
2026-03-06 18:37:24.000000000,36.3217314512449
2026-03-06 18:38:55.000000000,29.66402010328196
2026-03-06 18:50:51.000000000,24.293572454111562
2026-03-06 18:40:41.000000000,11.724017571462179
2026-03-06 18:34:17.000000000,14.008773536617758
2026-03-06 18:45:56.000000000,34.40817438618115
2026-03-06 18:59:45.000000000,22.77658254579396
2026-03-06 18:19:32.000000000,36.04559573134461
2026-03-06 18:59:54.000000000,14.096197452804741
2026-03-06 18:11:24.000000000,160.69528752514623
2026-03-06 18:52:10.000000000,160.7009820690154
2026-03-06 18:14:45.000000000,16.924995737300375
2026-03-06 18:16:03.000000000,43.29954313433725
2026-03-06 18:38:52.000000000,32.58939674670707
2026-03-06 18:42:51.000000000,19.14643899470767
2026-03-06 18:01:42.000000000,16.62848794567739
2026-03-06 18:33:46.000000000,45.0884666294099
2026-03-06 18:42:14.000000000,13.414761197964046
2026-03-06 18:38:21.000000000,14.4568520449639
2026-03-06 18:36:52.000000000,17.503454350904743
2026-03-06 18:31:55.000000000,17.888610988793985
2026-03-06 19:18:26.000000000,3.2858066415128677
2026-03-06 19:23:19.000000000,32.97582224041139
2026-03-06 19:50:10.000000000,20.22143386835812
2026-03-06 19:00:21.000000000,9.599157346852556
2026-03-06 19:15:25.000000000,14.519433545051411
2026-03-06 19:54:45.000000000,40.8072133558288
2026-03-06 19:57:20.000000000,24.24895092322514
2026-03-06 19:16:45.000000000,14.92100970422801
2026-03-06 19:49:48.000000000,35.26785566676009
2026-03-06 19:39:38.000000000,49.91832478085838
2026-03-06 19:05:35.000000000,59.32374294631466
2026-03-06 19:35:13.000000000,21.335475541935015
2026-03-06 19:10:34.000000000,30.209266367077053
2026-03-06 19:16:41.000000000,85.59889070823928
2026-03-06 19:08:31.000000000,13.299105248320918
2026-03-06 19:03:27.000000000,32.510419101930815
2026-03-06 19:09:10.000000000,11.868096974556403
2026-03-06 19:41:34.000000000,19.721245450227205
2026-03-06 19:13:42.000000000,20.120251948496712
2026-03-06 20:26:42.000000000,11.95042960224328
2026-03-06 20:36:17.000000000,23.051861172787426
2026-03-06 20:55:30.000000000,10.326350504015716
2026-03-06 20:45:01.000000000,23.121064471702176
2026-03-06 20:59:51.000000000,24.65047993071634
2026-03-06 20:18:41.000000000,22.564131357571693
2026-03-06 20:55:06.000000000,15.367933506788736
2026-03-06 20:18:57.000000000,21.9963781780562
2026-03-06 20:33:52.000000000,26.849185416928282
2026-03-06 20:03:07.000000000,20.759871346759798
2026-03-06 20:00:17.000000000,55.31655617832449
2026-03-06 20:18:57.000000000,16.49597288804066
2026-03-06 20:21:36.000000000,25.062403974937876
2026-03-06 20:26:24.000000000,15.938046543938201
2026-03-06 20:26:58.000000000,13.47275190996409
2026-03-06 20:31:37.000000000,30.06375804811012
2026-03-06 20:03:27.000000000,17.124262757890914
2026-03-06 20:06:50.000000000,29.143057577873495
2026-03-06 20:59:12.000000000,41.25201712540686
2026-03-06 20:00:19.000000000,16.44343331518496
2026-03-06 20:04:28.000000000,28.359769088242032
2026-03-06 20:18:06.000000000,23.255168596712995
2026-03-06 20:04:19.000000000,15.060405656168777
2026-03-06 20:10:55.000000000,23.835542621473255
2026-03-06 21:15:18.000000000,19.075237098457844
2026-03-06 21:17:28.000000000,23.184934798766673
2026-03-06 21:22:43.000000000,17.07779118499813
2026-03-06 21:01:30.000000000,34.60177125341952
2026-03-06 21:37:42.000000000,21.530191512398215
2026-03-06 21:48:36.000000000,22.191393910283463
2026-03-06 21:56:02.000000000,12.878682447935057
2026-03-06 21:21:43.000000000,13.241829404570675
2026-03-06 21:39:35.000000000,24.530920572879285
2026-03-06 21:20:26.000000000,28.295554844285164
2026-03-06 21:06:02.000000000,10.9883810989931
2026-03-06 21:44:21.000000000,16.408853635569226
2026-03-06 21:22:54.000000000,45.24103801703981
2026-03-06 21:40:27.000000000,37.8841998113509
2026-03-06 21:57:35.000000000,15.966059349483467
2026-03-06 21:11:07.000000000,13.698198139301835
2026-03-06 21:35:56.000000000,11.55111064532704
2026-03-06 21:13:45.000000000,22.862894596823725
2026-03-06 21:38:51.000000000,34.176937174980786
2026-03-06 21:19:16.000000000,7.292609496690496
2026-03-06 21:49:48.000000000,43.12500732472505
2026-03-06 21:24:07.000000000,41.616215763696225
2026-03-06 22:49:44.000000000,40.203389546126466
2026-03-06 22:53:19.000000000,17.486233915524352
2026-03-06 22:22:21.000000000,23.201825294739074
2026-03-06 22:10:53.000000000,76.66777332503699
2026-03-06 22:16:46.000000000,23.13996885380229
2026-03-06 22:50:36.000000000,16.5410673317356
2026-03-06 22:28:02.000000000,25.93861659442958
2026-03-06 22:32:01.000000000,79.6149497639232
2026-03-06 22:29:50.000000000,51.93735621622311
2026-03-06 22:06:19.000000000,18.51766333867181
2026-03-06 22:35:03.000000000,18.87355153130103
2026-03-06 22:29:33.000000000,28.882871339651178
2026-03-06 22:50:10.000000000,20.487177638842073
2026-03-06 22:53:44.000000000,59.20589792667917
2026-03-06 22:25:16.000000000,16.670446003327136
2026-03-06 22:40:34.000000000,15.779686182966008
2026-03-06 22:43:02.000000000,5.681844005873459
2026-03-06 22:46:09.000000000,25.81956869965987
2026-03-06 22:28:27.000000000,14.32441242110641
2026-03-06 22:13:24.000000000,25.99659961747786
2026-03-06 22:10:34.000000000,22.561363061086073
2026-03-06 22:23:13.000000000,14.049123148454184
2026-03-06 22:49:31.000000000,24.96054468293313
2026-03-06 22:18:53.000000000,39.15000165769235
2026-03-06 23:28:07.000000000,14.508212744243114
2026-03-06 23:53:48.000000000,7.5781456752797505
2026-03-06 23:58:43.000000000,15.921994275027606
2026-03-06 23:49:46.000000000,14.533808308947501
2026-03-06 23:15:36.000000000,58.1710552073175
2026-03-06 23:21:54.000000000,13.330572132102906
2026-03-06 23:13:33.000000000,16.48147555574728
2026-03-06 23:14:02.000000000,25.207367402159772
2026-03-06 23:07:45.000000000,9.40127168742817
2026-03-06 23:52:30.000000000,11.282774007071644
2026-03-06 23:39:21.000000000,47.43146573234013
2026-03-06 23:11:35.000000000,248.40127227843956
2026-03-06 23:57:47.000000000,23.323158922928112
2026-03-06 23:17:08.000000000,51.05702179761086
2026-03-06 23:53:58.000000000,13.623541378582805
2026-03-06 23:32:04.000000000,19.895688777196387
2026-03-06 23:04:42.000000000,98.5194103224064
2026-03-07 00:09:46.000000000,34.813457207393434
2026-03-07 00:50:06.000000000,26.62138250144009
2026-03-07 00:13:39.000000000,23.881226814844986
2026-03-07 00:36:14.000000000,15.184530234580224
2026-03-07 00:29:28.000000000,11.580679505752778
2026-03-07 00:54:29.000000000,50.951017884110975
2026-03-07 00:14:23.000000000,25.747259552422747
2026-03-07 00:40:16.000000000,11.718357948065021
2026-03-07 00:47:34.000000000,23.53925607591629
2026-03-07 00:47:25.000000000,13.431351379784326
2026-03-07 00:57:23.000000000,14.55094894276372
2026-03-07 00:44:07.000000000,63.667544373671774
2026-03-07 00:09:18.000000000,23.346800466925487
2026-03-07 00:17:05.000000000,26.054596074813368
2026-03-07 00:55:26.000000000,36.91924678713639
2026-03-07 00:46:54.000000000,32.434148046806875
2026-03-07 00:34:50.000000000,34.97084353079543
2026-03-07 00:44:05.000000000,11.519400935414124
2026-03-07 00:37:51.000000000,19.513752476841336
2026-03-07 00:54:53.000000000,13.323138958927016
2026-03-07 00:04:34.000000000,32.24269113883327
2026-03-07 00:19:48.000000000,17.283427661834942
2026-03-07 00:00:08.000000000,23.95761220656163
2026-03-07 01:48:32.000000000,11.584476154923378
2026-03-07 01:02:39.000000000,32.02288326164133
2026-03-07 01:38:23.000000000,10.108939845640668
2026-03-07 01:54:39.000000000,19.824010365792628
2026-03-07 01:05:01.000000000,11.790838558043609
2026-03-07 01:46:49.000000000,14.56548913482744
2026-03-07 01:59:53.000000000,12.25913172758234
2026-03-07 01:40:34.000000000,21.829743413961655
2026-03-07 01:11:08.000000000,14.735129198842499
2026-03-07 01:03:08.000000000,12.920035078367752
2026-03-07 01:43:33.000000000,60.22952448647489
2026-03-07 01:29:13.000000000,28.434072042941406
2026-03-07 01:10:39.000000000,21.406753760026387
2026-03-07 01:13:14.000000000,12.424308463295189
2026-03-07 02:56:07.000000000,21.756628999410612
2026-03-07 02:18:04.000000000,21.7861927482986
2026-03-07 02:47:39.000000000,48.204934768654866
2026-03-07 02:17:02.000000000,36.401907004536596
2026-03-07 02:59:22.000000000,18.422297657295335
2026-03-07 02:50:15.000000000,47.61935147152212
2026-03-07 02:46:10.000000000,28.0940171181247
2026-03-07 02:08:15.000000000,14.354948475490973
2026-03-07 02:36:00.000000000,44.0227924910285
2026-03-07 02:53:45.000000000,28.307832402498622
2026-03-07 02:26:56.000000000,21.916192238908092
2026-03-07 02:43:32.000000000,18.817952659652217
2026-03-07 02:32:19.000000000,41.103121258350214
2026-03-07 02:47:58.000000000,111.9320511711823
2026-03-07 02:03:18.000000000,17.46878951088226
2026-03-07 02:26:47.000000000,34.66475330707957
2026-03-07 03:41:18.000000000,12.116522283031069
2026-03-07 03:08:34.000000000,43.7003814333471
2026-03-07 03:43:35.000000000,8.597544415517392
2026-03-07 03:43:46.000000000,33.0511694928915
2026-03-07 03:30:37.000000000,21.595242650755846
2026-03-07 03:27:51.000000000,30.882767769557315
2026-03-07 03:26:06.000000000,23.481002428687116
2026-03-07 03:17:04.000000000,26.903472696602996
2026-03-07 03:20:19.000000000,17.10316123934417
2026-03-07 03:00:19.000000000,26.647792926953816
2026-03-07 04:40:41.000000000,29.36286147329604
2026-03-07 04:21:18.000000000,20.999820871402992
2026-03-07 04:42:54.000000000,16.700049933932817
2026-03-07 04:25:26.000000000,30.78926756381092
2026-03-07 04:30:43.000000000,17.682753123489533
2026-03-07 05:48:09.000000000,66.27818196631631
2026-03-07 05:53:17.000000000,33.3417323210754
2026-03-07 05:34:39.000000000,55.46068868735947
2026-03-07 05:41:08.000000000,37.35791760664112
2026-03-07 05:44:35.000000000,18.735220337663232
2026-03-07 05:01:40.000000000,121.17452776715278
2026-03-07 06:19:02.000000000,12.029764598987894
2026-03-07 06:25:53.000000000,42.299674319169604
2026-03-07 06:58:40.000000000,23.328018594355463
2026-03-07 06:49:33.000000000,10.979644162822913
2026-03-07 06:36:44.000000000,18.72564696135697
2026-03-07 06:25:51.000000000,54.57057176075448
2026-03-07 06:05:42.000000000,20.323481968130185
2026-03-07 07:24:18.000000000,11.818301379621019
2026-03-07 07:37:16.000000000,12.420647453878292
2026-03-07 07:09:19.000000000,11.573108467278379
2026-03-07 07:41:24.000000000,11.83239550374045
2026-03-07 07:20:23.000000000,20.23119011529001
2026-03-07 07:04:57.000000000,30.643803252386203
2026-03-07 07:02:24.000000000,19.07078379100863
2026-03-07 07:52:47.000000000,10.4865704085507
2026-03-07 08:48:44.000000000,23.17998903120009
2026-03-07 08:12:04.000000000,62.43090480044291
2026-03-07 08:32:40.000000000,22.04760022804268
2026-03-07 08:32:11.000000000,17.36257126079607
2026-03-07 08:07:18.000000000,10.129221177902684
2026-03-07 08:28:16.000000000,33.77160654646415
2026-03-07 08:41:43.000000000,11.367120141525836
2026-03-07 08:50:06.000000000,16.789287361617028
2026-03-07 09:57:57.000000000,50.0455709605316
2026-03-07 09:15:59.000000000,14.30776115760719
2026-03-07 09:31:22.000000000,10.891249678349295
2026-03-07 09:38:35.000000000,57.37616210311111
2026-03-07 09:03:00.000000000,40.98923242475597
2026-03-07 09:32:22.000000000,34.94408189887219
2026-03-07 09:50:18.000000000,16.66024422048157
2026-03-07 09:58:13.000000000,11.575421548574399
2026-03-07 09:08:49.000000000,11.191104707912702
2026-03-07 09:37:13.000000000,33.43743980015773
2026-03-07 09:25:04.000000000,11.347133969995335
2026-03-07 09:39:12.000000000,29.535412087875
2026-03-07 09:21:31.000000000,13.13284786642821
2026-03-07 10:32:54.000000000,15.706467313732754
2026-03-07 10:38:09.000000000,15.7232341124317
2026-03-07 10:33:11.000000000,10.939215477233045
2026-03-07 10:04:59.000000000,26.121530785887582
2026-03-07 10:40:01.000000000,15.370547000146521
2026-03-07 10:13:18.000000000,18.47618730224788
2026-03-07 10:01:19.000000000,26.754853447364503
2026-03-07 10:25:45.000000000,8.826834250184929
2026-03-07 10:44:05.000000000,17.33747212286541
2026-03-07 10:08:27.000000000,14.339183854611266
2026-03-07 10:55:31.000000000,28.984293361040656
2026-03-07 11:45:58.000000000,51.496377967165294
2026-03-07 11:09:53.000000000,15.683721444242364
2026-03-07 11:39:12.000000000,37.48253552516294
2026-03-07 11:06:20.000000000,10.829995094671888
2026-03-07 11:24:15.000000000,21.48375232047029
2026-03-07 11:15:29.000000000,33.312838901663966
2026-03-07 11:09:47.000000000,19.323480342640284
2026-03-07 11:50:15.000000000,33.67834114706989
2026-03-07 11:21:51.000000000,22.052010600806188
2026-03-07 11:32:51.000000000,16.333729485744115
2026-03-07 11:05:57.000000000,17.637427301111217
2026-03-07 11:52:23.000000000,10.053023538839275
2026-03-07 11:26:48.000000000,11.996048401295539
2026-03-07 11:25:01.000000000,17.82236020946771
2026-03-07 12:47:05.000000000,36.730829019123746
2026-03-07 12:27:26.000000000,20.124471688109683
2026-03-07 12:55:17.000000000,43.70421655484722
2026-03-07 12:55:50.000000000,13.160981338472292
2026-03-07 12:19:26.000000000,24.752608773766962
2026-03-07 12:44:47.000000000,19.689276230239475
2026-03-07 12:36:40.000000000,59.42606897979447
2026-03-07 12:10:02.000000000,53.361503957935575
2026-03-07 12:12:41.000000000,25.807465633639165
2026-03-07 12:03:28.000000000,43.07451259717967
2026-03-07 12:24:16.000000000,45.18454500506126
2026-03-07 12:29:50.000000000,17.498225920690427
2026-03-07 12:24:55.000000000,26.62184673395257
2026-03-07 12:36:33.000000000,26.37274381823841
2026-03-07 12:06:04.000000000,17.04411251378804
2026-03-07 12:14:40.000000000,46.7746019829634
2026-03-07 12:59:01.000000000,13.166250731617572
2026-03-07 12:43:57.000000000,62.16885750953005
2026-03-07 12:51:16.000000000,48.545830971474416
2026-03-07 12:25:44.000000000,10.252158920116653
2026-03-07 12:01:12.000000000,10.933710731194187
2026-03-07 12:01:37.000000000,15.36330370083204
2026-03-07 13:30:31.000000000,101.74486694464932
2026-03-07 13:05:28.000000000,21.103558365141176
2026-03-07 13:40:33.000000000,48.61234706934968
2026-03-07 13:49:01.000000000,27.992545459739365
2026-03-07 13:00:59.000000000,29.531519448963618
2026-03-07 13:46:30.000000000,14.102758043563627
2026-03-07 13:18:58.000000000,14.587660721651412
2026-03-07 13:05:09.000000000,23.536062085672338
2026-03-07 13:07:16.000000000,17.162821056593412
2026-03-07 13:40:32.000000000,63.988739575866845
2026-03-07 13:23:35.000000000,36.49905927823426
2026-03-07 13:51:24.000000000,13.91863191576841
2026-03-07 13:11:34.000000000,26.182200028812378
2026-03-07 13:23:14.000000000,34.73469008495474
2026-03-07 13:57:42.000000000,12.53572465347091
2026-03-07 13:13:33.000000000,31.885933614141972
2026-03-07 14:09:42.000000000,14.414468738539854
2026-03-07 14:06:43.000000000,24.134802661414437
2026-03-07 14:16:41.000000000,14.500486635417003
2026-03-07 14:40:56.000000000,12.429172767734718
2026-03-07 14:24:54.000000000,33.596823721210775
2026-03-07 14:35:23.000000000,20.43575855225176
2026-03-07 14:23:27.000000000,12.918843402694433
2026-03-07 14:42:40.000000000,33.748362202217145
2026-03-07 14:09:53.000000000,29.4289512798931
2026-03-07 14:23:06.000000000,15.299016808130313
2026-03-07 14:16:29.000000000,16.624254791381215
2026-03-07 14:35:33.000000000,25.363254714048313
2026-03-07 14:44:44.000000000,18.59483135326671
2026-03-07 14:28:41.000000000,32.95030938548332
2026-03-07 14:28:37.000000000,24.714461282192904
2026-03-07 14:45:36.000000000,19.905687945439233
2026-03-07 14:19:07.000000000,10.317505719822783
2026-03-07 14:50:10.000000000,37.11717496916525
2026-03-07 14:51:53.000000000,12.230152409303392
2026-03-07 14:04:17.000000000,25.823551076920428
2026-03-07 14:00:24.000000000,10.517253998016272
2026-03-07 14:18:34.000000000,8.943770876977423
2026-03-07 15:17:31.000000000,24.418574389756085
2026-03-07 15:15:53.000000000,13.363954236712255
2026-03-07 15:52:38.000000000,14.759882955328779
2026-03-07 15:39:28.000000000,16.952927053761094
2026-03-07 15:30:56.000000000,19.880983289518355
2026-03-07 15:58:23.000000000,20.62772464684548
2026-03-07 15:47:25.000000000,38.739901998028635
2026-03-07 15:36:06.000000000,10.462060762273888
2026-03-07 16:40:00.000000000,35.89603979994468
2026-03-07 16:31:17.000000000,47.365898722223854
2026-03-07 16:22:09.000000000,29.37056944609272
2026-03-07 16:27:50.000000000,20.079389165860718
2026-03-07 16:45:43.000000000,19.73899903669712
2026-03-07 16:17:39.000000000,21.768488728411626
2026-03-07 16:26:24.000000000,9.842767743522618
2026-03-07 16:01:40.000000000,16.376244047682587
2026-03-07 16:54:51.000000000,10.749832580636363
2026-03-07 16:28:26.000000000,14.915309071989048
2026-03-07 16:15:57.000000000,23.089378633110037
2026-03-07 16:24:36.000000000,19.372410690857368
2026-03-07 16:55:09.000000000,41.620300819404214
2026-03-07 16:59:50.000000000,10.585182061173791
2026-03-07 16:31:59.000000000,43.159203966388496
2026-03-07 16:55:59.000000000,12.483440726149114
2026-03-07 16:56:51.000000000,13.003777425579491
2026-03-07 16:43:59.000000000,26.21115892587085
2026-03-07 17:16:01.000000000,10.29915719456479
2026-03-07 17:40:49.000000000,10.611628756649141
2026-03-07 17:40:06.000000000,50.80731876000415
2026-03-07 17:09:36.000000000,41.41266953957575
2026-03-07 17:13:01.000000000,9.506595905346877
2026-03-07 17:18:18.000000000,24.762140731312524
2026-03-07 17:00:04.000000000,17.431910890107808
2026-03-07 17:06:16.000000000,31.487100243089568
2026-03-07 17:37:34.000000000,28.638022013371423
2026-03-07 17:43:05.000000000,11.015680167623776
2026-03-07 17:08:20.000000000,20.28085041187892
2026-03-07 17:45:26.000000000,21.443871569073988
2026-03-07 17:11:59.000000000,20.332982865676918
2026-03-07 17:30:09.000000000,49.42284239033878
2026-03-07 17:50:33.000000000,20.809542657308018
2026-03-07 17:49:09.000000000,24.102619565541424
2026-03-07 17:18:18.000000000,14.97652617848278
2026-03-07 17:48:33.000000000,22.806245078621348
2026-03-07 17:02:02.000000000,20.092140567112487
2026-03-07 17:57:44.000000000,33.862121234875126
2026-03-07 17:58:32.000000000,58.36894607065118
2026-03-07 17:59:33.000000000,9.405305462761406
2026-03-07 17:08:50.000000000,59.239065747764144
2026-03-07 18:27:55.000000000,34.20333594371261
2026-03-07 18:40:41.000000000,14.845859958011802
2026-03-07 18:12:04.000000000,20.111689389816913
2026-03-07 18:13:55.000000000,21.62926750568031
2026-03-07 18:43:28.000000000,12.459445502477559
2026-03-07 18:39:52.000000000,102.41680861579704
2026-03-07 18:45:34.000000000,42.75426026686344
2026-03-07 18:20:13.000000000,11.921690748949944
2026-03-07 18:45:12.000000000,12.359529558549378
2026-03-07 18:32:52.000000000,60.661861332916146
2026-03-07 18:24:32.000000000,19.013542003512544
2026-03-07 18:23:55.000000000,102.79261448108564
2026-03-07 18:16:40.000000000,40.32925947317079
2026-03-07 18:00:37.000000000,53.384175685186015
2026-03-07 18:36:04.000000000,21.9590007953902
2026-03-07 18:27:46.000000000,12.338670548016433
2026-03-07 18:45:58.000000000,26.22666288792465
2026-03-07 18:44:26.000000000,21.830130096084684
2026-03-07 18:42:27.000000000,5.158508387902164
2026-03-07 18:18:19.000000000,12.438313173340166
2026-03-07 18:00:42.000000000,28.5824009404496
2026-03-07 18:17:04.000000000,28.510041489635807
2026-03-07 19:20:36.000000000,43.46827686553866
2026-03-07 19:34:15.000000000,36.052330995601864
2026-03-07 19:23:57.000000000,10.656295914622069
2026-03-07 19:55:30.000000000,18.166917564510662
2026-03-07 19:22:32.000000000,15.17235362607474
2026-03-07 19:50:17.000000000,36.99403075175565
2026-03-07 19:00:35.000000000,52.05204555038996
2026-03-07 19:10:06.000000000,8.110279236253618
2026-03-07 19:09:56.000000000,41.23364283481865
2026-03-07 19:42:17.000000000,33.96189055761678
2026-03-07 19:47:37.000000000,17.136972307001432
2026-03-07 19:09:32.000000000,12.529784385341463
2026-03-07 19:44:53.000000000,4.613578480270555
2026-03-07 19:51:04.000000000,34.0787800431626
2026-03-07 19:46:32.000000000,53.84837175484776
2026-03-07 19:03:12.000000000,27.69364571935031
2026-03-07 20:56:03.000000000,62.67979347889226
2026-03-07 20:05:16.000000000,15.98807886170148
2026-03-07 20:35:17.000000000,23.142117024191226
2026-03-07 20:06:08.000000000,28.82143809349312
2026-03-07 20:03:18.000000000,20.573328729498535
2026-03-07 20:44:15.000000000,16.833740452939075
2026-03-07 20:41:53.000000000,36.502384937642304
2026-03-07 20:53:24.000000000,16.693346366888232
2026-03-07 20:23:33.000000000,18.01089444375102
2026-03-07 20:02:10.000000000,15.882936613748607
2026-03-07 20:47:50.000000000,14.357262575819474
2026-03-07 20:24:17.000000000,22.979610717508553
2026-03-07 20:17:55.000000000,46.57859243106208
2026-03-07 20:48:42.000000000,33.73116411380798
2026-03-07 20:19:06.000000000,16.95573817398806
2026-03-07 20:52:05.000000000,16.438778314973675
2026-03-07 21:54:35.000000000,16.060737935094313
2026-03-07 21:41:07.000000000,62.578888649304986
2026-03-07 21:21:24.000000000,43.264744541073476
2026-03-07 21:25:12.000000000,29.10407296059964
2026-03-07 21:18:34.000000000,34.18576480977167
2026-03-07 21:03:12.000000000,14.15739766612962
2026-03-07 21:43:42.000000000,47.41478305585905
2026-03-07 21:10:42.000000000,16.93292911315901
2026-03-07 21:56:52.000000000,27.237337036213685
2026-03-07 21:13:41.000000000,31.524811884460643
2026-03-07 21:18:54.000000000,7.754010396181287
2026-03-07 21:15:57.000000000,23.056525897071626
2026-03-07 21:22:45.000000000,12.892267178773194
2026-03-07 21:19:17.000000000,30.66755560226601
2026-03-07 21:51:38.000000000,11.221778112115382
2026-03-07 21:58:54.000000000,15.867477255722164
2026-03-07 21:30:26.000000000,17.505385681825484
2026-03-07 21:37:19.000000000,31.968636559762476
2026-03-07 21:03:47.000000000,27.56062333000448
2026-03-07 21:15:21.000000000,30.873818138803482
2026-03-07 21:40:46.000000000,31.004717575482037
2026-03-07 22:56:32.000000000,21.024150444614026
2026-03-07 22:36:14.000000000,30.34013761134231
2026-03-07 22:43:21.000000000,32.63607883092504
2026-03-07 22:56:04.000000000,19.883700691914587
2026-03-07 22:01:05.000000000,31.782892766115392
2026-03-07 22:27:54.000000000,33.22212516878615
2026-03-07 22:31:40.000000000,14.656297653740745
2026-03-07 22:57:07.000000000,13.51811485355602
2026-03-07 22:32:44.000000000,14.099792607132562
2026-03-07 22:16:12.000000000,10.388634360987036
2026-03-07 22:37:52.000000000,10.13359002372856
2026-03-07 22:57:02.000000000,19.25675149748196
2026-03-07 22:45:54.000000000,27.953427599813917
2026-03-07 22:13:51.000000000,28.03186205026439
2026-03-07 22:52:40.000000000,13.668522821844364
2026-03-07 22:20:05.000000000,22.936496735532177
2026-03-07 22:28:39.000000000,13.141532249391092
2026-03-07 22:32:10.000000000,49.87160365277544
2026-03-07 22:23:46.000000000,13.131085911626895
2026-03-07 22:56:04.000000000,25.275378001178513
2026-03-07 22:57:10.000000000,16.53719377846783
2026-03-07 22:13:08.000000000,19.11109093103484
2026-03-07 23:20:45.000000000,13.917476914139561
2026-03-07 23:54:27.000000000,12.180515618292924
2026-03-07 23:36:38.000000000,19.440483441233507
2026-03-07 23:10:09.000000000,20.217893274801906
2026-03-07 23:34:26.000000000,20.724152337610963
2026-03-07 23:09:29.000000000,11.78056236943035
2026-03-07 23:00:46.000000000,55.59575943725991
2026-03-07 23:56:07.000000000,15.708704426317928
2026-03-07 23:58:20.000000000,10.645329977995662
2026-03-07 23:14:45.000000000,57.41729234263036
2026-03-07 23:10:38.000000000,13.441959261360394
2026-03-07 23:58:19.000000000,29.131672629530865
2026-03-07 23:43:52.000000000,20.469554460875372
2026-03-07 23:17:22.000000000,12.856373097998835
2026-03-07 23:02:55.000000000,12.88441491382139
2026-03-07 23:33:07.000000000,22.804574042184544
2026-03-07 23:28:25.000000000,58.70866499890065
2026-03-07 23:37:42.000000000,23.63206669951944
2026-03-07 23:13:41.000000000,32.69286598753067
2026-03-07 23:55:53.000000000,24.071054374394766
2026-03-07 23:10:49.000000000,17.918008676852363
2026-03-07 23:48:20.000000000,41.81339786025493
2026-03-07 23:05:28.000000000,9.698589751244883
2026-03-08 00:05:49.000000000,37.08851788092344
2026-03-08 00:53:51.000000000,21.00529922966162
2026-03-08 00:06:02.000000000,30.879919462517318
2026-03-08 00:06:10.000000000,18.1586734173361
2026-03-08 00:30:41.000000000,29.978748323407974
2026-03-08 00:17:29.000000000,15.722748941437606
2026-03-08 00:27:59.000000000,25.17219355118826
2026-03-08 00:06:56.000000000,20.088243734730344
2026-03-08 00:32:29.000000000,26.20400279004365
2026-03-08 00:09:45.000000000,17.96505592110309
2026-03-08 00:46:05.000000000,16.12689010721224
2026-03-08 00:45:17.000000000,9.517520903023733
2026-03-08 00:44:19.000000000,11.07439282327471
2026-03-08 00:20:02.000000000,87.4102884098566
2026-03-08 00:51:15.000000000,10.982895561493793
2026-03-08 00:42:43.000000000,50.78839656988376
2026-03-08 00:41:51.000000000,34.19072303051644
2026-03-08 00:46:56.000000000,24.297221137419182
2026-03-08 00:30:39.000000000,24.62940066945122
2026-03-08 00:38:55.000000000,33.23620366074957
2026-03-08 00:56:03.000000000,85.99338310359485
2026-03-08 00:23:17.000000000,25.639018765241662
2026-03-08 01:39:14.000000000,15.884581572554263
2026-03-08 01:51:33.000000000,26.38699733968838
2026-03-08 01:11:19.000000000,51.119452916276494
2026-03-08 01:11:05.000000000,13.848736531099357
2026-03-08 01:21:11.000000000,20.1429509741106
2026-03-08 01:22:54.000000000,25.43168777067419
2026-03-08 01:29:37.000000000,35.9319213956966
2026-03-08 01:13:16.000000000,56.14909355150356
2026-03-08 03:08:35.000000000,12.16252915787907
2026-03-08 03:47:33.000000000,19.70411570833512
2026-03-08 03:17:46.000000000,46.68125409879643
2026-03-08 03:06:34.000000000,60.359242970068536
2026-03-08 03:06:28.000000000,18.058022081290364
2026-03-08 03:33:22.000000000,25.194880845095724
2026-03-08 03:52:25.000000000,16.007251236893033
2026-03-08 03:19:26.000000000,22.849972766923848
2026-03-08 03:08:08.000000000,62.08872655985216
2026-03-08 03:11:30.000000000,26.742425975530207
2026-03-08 03:05:23.000000000,50.57668488933612
2026-03-08 03:41:19.000000000,44.654365295731026
2026-03-08 03:46:20.000000000,14.005456027768703
2026-03-08 03:09:26.000000000,93.72058159184631
2026-03-08 03:52:12.000000000,29.09797357388182
2026-03-08 03:33:22.000000000,66.26139507848583
2026-03-08 03:17:43.000000000,13.806933481242147
2026-03-08 04:02:39.000000000,23.767582308739765
2026-03-08 04:02:34.000000000,24.982402575232037
2026-03-08 04:03:49.000000000,59.452035104349406
2026-03-08 04:39:23.000000000,14.85192093489058
2026-03-08 04:19:02.000000000,49.84665742915836
2026-03-08 04:04:02.000000000,36.60957118682661
2026-03-08 04:10:32.000000000,19.547931134790307
2026-03-08 04:53:17.000000000,16.26755592352377
2026-03-08 04:00:13.000000000,72.79002975500042
2026-03-08 04:44:39.000000000,67.76308693753523
2026-03-08 05:52:51.000000000,43.459509639651436
2026-03-08 05:56:03.000000000,31.139282615306282
2026-03-08 05:50:16.000000000,13.379522161855354
2026-03-08 05:11:58.000000000,56.9848677807522
2026-03-08 05:06:04.000000000,57.2466277921786
2026-03-08 05:52:37.000000000,35.88629920802678
2026-03-08 06:53:43.000000000,38.59544473066827
2026-03-08 06:21:14.000000000,20.925064468102153
2026-03-08 06:32:58.000000000,16.3009638267834
2026-03-08 06:39:08.000000000,11.629025396983321
2026-03-08 06:50:13.000000000,28.881644308144917
2026-03-08 06:47:23.000000000,43.391253832747275
2026-03-08 06:56:53.000000000,17.741230822384846
2026-03-08 06:24:45.000000000,24.75171314854595
2026-03-08 06:31:39.000000000,104.495231219617
2026-03-08 06:47:01.000000000,13.989707120682395
2026-03-08 06:04:51.000000000,71.2304061811552
2026-03-08 07:45:38.000000000,18.279201494073643
2026-03-08 07:01:14.000000000,18.51282342400081
2026-03-08 07:54:03.000000000,23.585800180443776
2026-03-08 07:48:28.000000000,13.646480986142466
2026-03-08 07:49:08.000000000,80.15761100869149
2026-03-08 07:05:23.000000000,13.15389673532196
2026-03-08 07:10:33.000000000,45.71747113375634
2026-03-08 07:50:40.000000000,15.639864944791208
2026-03-08 08:40:53.000000000,20.76118294692237
2026-03-08 08:23:10.000000000,19.921783686421737
2026-03-08 08:42:33.000000000,41.18567983103339
2026-03-08 08:01:08.000000000,11.155177573595237
2026-03-08 08:13:22.000000000,21.59506095554137
2026-03-08 08:49:47.000000000,41.38373326302572
2026-03-08 08:54:37.000000000,27.434158899632337
2026-03-08 08:07:39.000000000,16.996018589050806
2026-03-08 09:28:58.000000000,19.35190671511192
2026-03-08 09:13:06.000000000,18.931294751531464
2026-03-08 09:50:22.000000000,14.641162740786692
2026-03-08 09:13:35.000000000,22.489699523907415
2026-03-08 09:15:12.000000000,12.06367425569771
2026-03-08 09:58:04.000000000,22.63073849063034
2026-03-08 09:27:45.000000000,14.764990475769165
2026-03-08 09:51:01.000000000,29.052457662529495
2026-03-08 09:22:48.000000000,28.5322087329289
2026-03-08 09:41:44.000000000,21.48008852340762
2026-03-08 09:54:39.000000000,14.478230190595312
2026-03-08 09:14:47.000000000,39.42210693473955
2026-03-08 09:16:22.000000000,14.231165355059064
2026-03-08 09:44:16.000000000,16.33970796526141
2026-03-08 09:19:53.000000000,14.083027302173212
2026-03-08 09:53:29.000000000,11.794735634453497
2026-03-08 09:15:49.000000000,20.131320837819022
2026-03-08 09:12:16.000000000,18.235847155947052
2026-03-08 10:00:45.000000000,32.82128589568978
2026-03-08 10:40:06.000000000,17.98351118014578
2026-03-08 10:14:26.000000000,14.82355523336455
2026-03-08 10:05:26.000000000,12.559688631384281
2026-03-08 10:40:11.000000000,11.266274978882416
2026-03-08 10:12:18.000000000,69.39346152148482
2026-03-08 10:21:27.000000000,16.438829467807167
2026-03-08 10:00:12.000000000,10.260096558557736
2026-03-08 10:51:01.000000000,25.867356284564217
2026-03-08 10:58:22.000000000,76.08283735198056
2026-03-08 10:21:21.000000000,39.63619963358096
2026-03-08 10:23:32.000000000,22.505683217995145
2026-03-08 10:06:08.000000000,21.069001727792287
2026-03-08 10:55:13.000000000,16.11042174538932
2026-03-08 10:27:25.000000000,22.799975424982964
2026-03-08 10:33:05.000000000,17.45945633140009
2026-03-08 10:13:44.000000000,31.00102232453862
2026-03-08 10:58:42.000000000,27.268939065014184
2026-03-08 11:06:25.000000000,18.297713539460258
2026-03-08 11:46:41.000000000,35.620838562752574
2026-03-08 11:04:19.000000000,16.169480621718925
2026-03-08 11:02:30.000000000,49.448168938822285
2026-03-08 11:09:23.000000000,11.983723967150476
2026-03-08 11:25:01.000000000,46.349526434202375
2026-03-08 11:02:14.000000000,14.699663631411694
2026-03-08 11:32:39.000000000,34.058136470864234
2026-03-08 11:03:54.000000000,48.09315303751698
2026-03-08 11:42:19.000000000,30.891055083311496
2026-03-08 11:14:58.000000000,15.866234233955261
2026-03-08 11:03:20.000000000,11.32514247987505
2026-03-08 11:25:26.000000000,21.200722437230002
2026-03-08 11:56:32.000000000,9.564586498826632
2026-03-08 11:53:34.000000000,11.007381443094586
2026-03-08 11:43:47.000000000,12.517148789271848
2026-03-08 11:53:13.000000000,11.617838264127892
2026-03-08 11:45:25.000000000,14.694840779566322
2026-03-08 11:16:26.000000000,35.09177807587567
2026-03-08 11:57:12.000000000,14.477709054588471
2026-03-08 12:15:20.000000000,12.034223502090123
2026-03-08 12:14:23.000000000,24.052746908795225
2026-03-08 12:08:55.000000000,31.261283710565
2026-03-08 12:53:00.000000000,16.339943117140436
2026-03-08 12:42:08.000000000,25.209060396907457
2026-03-08 12:41:21.000000000,35.55661173064903
2026-03-08 12:15:56.000000000,73.46489990827588
2026-03-08 12:15:52.000000000,48.26789263958518
2026-03-08 12:09:25.000000000,60.89923679792318
2026-03-08 12:05:50.000000000,32.96645292251594
2026-03-08 12:55:07.000000000,18.371284411185737
2026-03-08 12:31:40.000000000,17.418332741035123
2026-03-08 12:17:34.000000000,70.2710110634918
2026-03-08 12:08:07.000000000,44.66335140864314
2026-03-08 12:58:58.000000000,47.127110556604975
2026-03-08 12:36:16.000000000,23.82250618758005
2026-03-08 12:26:47.000000000,47.35735459305996
2026-03-08 12:10:28.000000000,16.53228415670958
2026-03-08 13:41:25.000000000,6.944639816463206
2026-03-08 13:49:03.000000000,14.413682601225341
2026-03-08 13:03:33.000000000,16.7321857500458
2026-03-08 13:37:17.000000000,35.45860893355762
2026-03-08 13:11:39.000000000,27.6915618444757
2026-03-08 13:49:14.000000000,36.80881073260439
2026-03-08 13:34:27.000000000,30.632905424614936
2026-03-08 13:23:28.000000000,25.313845654035397
2026-03-08 13:37:00.000000000,59.89095049328537
2026-03-08 13:39:30.000000000,13.403967871709055
2026-03-08 13:30:09.000000000,14.514129408535302
2026-03-08 13:54:17.000000000,83.6818822575706
2026-03-08 13:24:16.000000000,11.816625665166795
2026-03-08 13:32:20.000000000,30.1704219743763
2026-03-08 13:17:29.000000000,8.990060675538098
2026-03-08 13:59:03.000000000,12.83529579694283
2026-03-08 13:48:58.000000000,11.412683381230037
2026-03-08 13:37:22.000000000,31.101658973132086
2026-03-08 13:28:34.000000000,48.52151705414941
2026-03-08 13:14:23.000000000,20.794830624605822
2026-03-08 13:22:03.000000000,34.815131350093296
2026-03-08 13:45:40.000000000,22.97782508063155
2026-03-08 14:10:38.000000000,20.144601841393094
2026-03-08 14:01:15.000000000,58.42558886986389
2026-03-08 14:36:53.000000000,16.654186248717604
2026-03-08 14:12:19.000000000,28.66987385391752
2026-03-08 14:09:22.000000000,24.6930225591896
2026-03-08 14:11:54.000000000,31.943637771653588
2026-03-08 14:11:11.000000000,32.86447587872409
2026-03-08 14:13:09.000000000,31.714824613940582
2026-03-08 14:04:17.000000000,33.07916689619192
2026-03-08 14:20:50.000000000,16.91953817045549
2026-03-08 14:36:33.000000000,41.567927776684286
2026-03-08 14:04:58.000000000,32.6811004262764
2026-03-08 15:24:00.000000000,41.556233741869846
2026-03-08 15:03:44.000000000,10.426944586137333
2026-03-08 15:23:30.000000000,31.154050561273667
2026-03-08 15:33:20.000000000,26.15409087310349
2026-03-08 15:17:24.000000000,33.24078025327526
2026-03-08 15:01:24.000000000,60.970508634480105
2026-03-08 15:23:37.000000000,13.547924261104525
2026-03-08 15:21:18.000000000,9.320972209833188
2026-03-08 15:08:00.000000000,14.56974235771668
2026-03-08 15:53:56.000000000,52.71370067973252
2026-03-08 15:31:12.000000000,21.574350342678326
2026-03-08 15:13:01.000000000,60.92295109162288
2026-03-08 15:42:11.000000000,57.79438569400227
2026-03-08 15:32:43.000000000,16.79676467723002
2026-03-08 15:35:03.000000000,16.659075166407852
2026-03-08 15:44:53.000000000,58.589238122268235
2026-03-08 16:01:24.000000000,20.16619907591151
2026-03-08 16:54:17.000000000,5.408418313073226
2026-03-08 16:53:28.000000000,191.54806019614165
2026-03-08 16:19:52.000000000,13.75455742935304
2026-03-08 16:48:17.000000000,38.89675166688425
2026-03-08 16:39:30.000000000,12.868095888450826
2026-03-08 16:37:44.000000000,34.33730624909513
2026-03-08 16:25:31.000000000,13.114359556715135
2026-03-08 16:20:32.000000000,33.095531673499394
2026-03-08 16:40:34.000000000,14.950212792868577
2026-03-08 16:46:13.000000000,52.36700371353598
2026-03-08 16:11:15.000000000,33.19548525659503
2026-03-08 16:48:58.000000000,111.92691389233072
2026-03-08 16:48:21.000000000,60.93255335233455
2026-03-08 17:14:50.000000000,11.387486731943287
2026-03-08 17:22:48.000000000,13.963562414381395
2026-03-08 17:57:52.000000000,19.08496192978593
2026-03-08 17:08:30.000000000,33.01306435765582
2026-03-08 17:47:14.000000000,21.981066970835993
2026-03-08 17:11:05.000000000,18.817662663001283
2026-03-08 17:25:35.000000000,8.633960308609533
2026-03-08 17:58:10.000000000,90.42876971288328
2026-03-08 17:49:10.000000000,35.87595149341873
2026-03-08 17:22:29.000000000,12.09448782941683
2026-03-08 17:03:56.000000000,29.526171755501327
2026-03-08 17:14:44.000000000,18.805528858052142
2026-03-08 17:54:28.000000000,21.20621304649966
2026-03-08 17:04:48.000000000,11.25641302413978
2026-03-08 17:18:09.000000000,48.84941040285988
2026-03-08 17:03:38.000000000,106.30166845549024
2026-03-08 17:40:21.000000000,65.86000494770595
2026-03-08 17:16:05.000000000,19.80493874821558
2026-03-08 17:03:21.000000000,14.045211217534609
2026-03-08 17:31:12.000000000,13.108441703822455
2026-03-08 17:44:28.000000000,9.5720584861604
2026-03-08 17:26:45.000000000,20.676380302859254
2026-03-08 18:11:01.000000000,19.4390266989513
2026-03-08 18:55:43.000000000,14.347159024833706
2026-03-08 18:56:02.000000000,27.762257669185235
2026-03-08 18:20:51.000000000,17.44339224387512
2026-03-08 18:15:31.000000000,73.45080505569217
2026-03-08 18:15:23.000000000,28.58908498651712
2026-03-08 18:56:01.000000000,20.953574938442014
2026-03-08 18:23:37.000000000,30.95038419383005
2026-03-08 18:02:48.000000000,16.124366025533515
2026-03-08 18:33:18.000000000,37.632848269502105
2026-03-08 18:07:54.000000000,16.921780941456625
2026-03-08 18:16:15.000000000,21.015806852913855
2026-03-08 18:42:45.000000000,31.08314655245346
2026-03-08 19:01:39.000000000,18.399217559995517
2026-03-08 19:07:55.000000000,10.384366025071538
2026-03-08 19:26:49.000000000,22.648300453265744
2026-03-08 19:18:58.000000000,86.73966945467986
2026-03-08 19:53:31.000000000,17.896356503156102
2026-03-08 19:45:35.000000000,66.98383276806598
2026-03-08 19:50:12.000000000,63.725723957586034
2026-03-08 19:38:13.000000000,12.13896944179716
2026-03-08 19:27:04.000000000,29.024989679384536
2026-03-08 19:53:54.000000000,34.03789665580623
2026-03-08 19:49:07.000000000,5.1104663851174505
2026-03-08 19:15:17.000000000,52.166956488882285
2026-03-08 19:55:54.000000000,31.071254351453245
2026-03-08 19:33:05.000000000,14.14223577643636
2026-03-08 20:08:17.000000000,25.877957836029214
2026-03-08 20:41:52.000000000,24.085119779674667
2026-03-08 20:16:25.000000000,4.981399864250261
2026-03-08 20:55:33.000000000,4.338444263647131
2026-03-08 20:16:55.000000000,17.77121795539834
2026-03-08 20:13:43.000000000,11.026293996104808
2026-03-08 20:19:50.000000000,25.705695458902767
2026-03-08 20:41:50.000000000,32.30214948133965
2026-03-08 20:57:55.000000000,63.83687118345694
2026-03-08 20:10:51.000000000,22.670550990965086
2026-03-08 20:08:37.000000000,28.966508264144533
2026-03-08 20:46:31.000000000,12.836527629178041
2026-03-08 20:55:38.000000000,13.517285603958284
2026-03-08 20:30:33.000000000,21.85357224562257
2026-03-08 20:20:14.000000000,23.351528666309207
2026-03-08 21:30:07.000000000,23.6406381676392
2026-03-08 21:14:41.000000000,44.30989355856843
2026-03-08 21:27:04.000000000,34.05386596741017
2026-03-08 21:51:20.000000000,20.99087392605878
2026-03-08 21:03:33.000000000,59.02633405291265
2026-03-08 21:17:54.000000000,38.116135155112026
2026-03-08 21:52:55.000000000,18.01122903655127
2026-03-08 21:16:23.000000000,19.256051916812826
2026-03-08 21:51:34.000000000,21.96219241380651
2026-03-08 21:57:20.000000000,10.221717735938912
2026-03-08 21:09:09.000000000,70.9437154232328
2026-03-08 22:24:12.000000000,45.5496122957928
2026-03-08 22:21:30.000000000,32.9464891243818
2026-03-08 22:08:28.000000000,25.804869072469653
2026-03-08 22:31:59.000000000,10.66653637005539
2026-03-08 22:14:57.000000000,40.521744065268656
2026-03-08 22:44:01.000000000,25.611305472608525
2026-03-08 22:47:50.000000000,21.100981565468604
2026-03-08 22:39:56.000000000,28.09576237227945
2026-03-08 22:19:22.000000000,23.655368654236806
2026-03-08 22:41:49.000000000,18.140782110017764
2026-03-08 22:02:49.000000000,25.377504318777458
2026-03-08 22:09:41.000000000,65.20536594541991
2026-03-08 22:01:14.000000000,15.789307254004706
2026-03-08 22:11:02.000000000,23.540618235245237
2026-03-08 22:26:12.000000000,25.163637478609658
2026-03-08 22:16:02.000000000,27.41477188977819
2026-03-08 23:07:48.000000000,15.129363010975085
2026-03-08 23:33:32.000000000,31.406209754037018
2026-03-08 23:49:40.000000000,19.587407656208246
2026-03-08 23:15:01.000000000,32.38042780100724
2026-03-08 23:20:57.000000000,15.921121403236446
2026-03-08 23:48:31.000000000,11.68539624707177
2026-03-08 23:43:02.000000000,53.599881486945065
2026-03-08 23:31:35.000000000,49.63607102802866
2026-03-08 23:01:55.000000000,27.613771686068223
2026-03-08 23:36:09.000000000,36.77426454839866
2026-03-08 23:53:46.000000000,30.849196940711504
2026-03-08 23:56:10.000000000,19.34929263246767
2026-03-08 23:51:19.000000000,12.03177760261725
2026-03-08 23:03:18.000000000,12.78107834839483
2026-03-08 23:50:24.000000000,9.726824895755405
2026-03-08 23:24:27.000000000,15.19655436733416
2026-03-09 00:50:41.000000000,41.74385100803289
2026-03-09 00:41:06.000000000,13.302708337772332
2026-03-09 00:33:14.000000000,28.521344760468942
2026-03-09 00:44:24.000000000,28.01005659465959
2026-03-09 00:03:30.000000000,65.55492723429214
2026-03-09 00:32:24.000000000,27.992598021095436
2026-03-09 00:13:31.000000000,24.208971643421645
2026-03-09 01:06:28.000000000,17.326627084112964
2026-03-09 01:11:15.000000000,42.70921920221819
2026-03-09 01:39:31.000000000,17.304784532928025
2026-03-09 02:43:04.000000000,29.166255815017006
2026-03-09 02:03:20.000000000,39.75475414475341
2026-03-09 02:34:50.000000000,23.274655285118147
2026-03-09 02:41:59.000000000,13.820361537497416
2026-03-09 02:09:32.000000000,52.671221911470965
2026-03-09 02:16:50.000000000,12.725308030274338
2026-03-09 04:32:42.000000000,28.186476284805995
2026-03-09 04:56:19.000000000,14.723473083965297
2026-03-09 04:37:22.000000000,24.12421528038713
2026-03-09 05:57:58.000000000,28.533113609172762
2026-03-09 05:53:43.000000000,28.292212577319095
2026-03-09 05:26:44.000000000,36.69674832440205
2026-03-09 05:45:00.000000000,72.1248050497013
2026-03-09 05:12:54.000000000,23.19752691799965
2026-03-09 05:28:19.000000000,12.461889770886739
2026-03-09 05:39:24.000000000,7.785489182654595
2026-03-09 06:48:22.000000000,22.08883035967872
2026-03-09 06:46:10.000000000,32.24575821615618
2026-03-09 06:16:00.000000000,95.55261484208147
2026-03-09 06:01:06.000000000,15.531033777874972
2026-03-09 06:37:18.000000000,21.344610219784403
2026-03-09 06:43:02.000000000,103.7484811821326
2026-03-09 06:31:44.000000000,20.565345119559122
2026-03-09 06:25:46.000000000,20.894999122846137
2026-03-09 06:33:39.000000000,27.18207020455652
2026-03-09 06:47:20.000000000,21.96059698079485
2026-03-09 06:34:08.000000000,78.52734233621612
2026-03-09 06:35:46.000000000,23.37857767144477
2026-03-09 06:52:32.000000000,117.82173844377225
2026-03-09 06:20:50.000000000,41.73169252812653
2026-03-09 07:59:27.000000000,13.46975389004689
2026-03-09 07:33:33.000000000,18.315779342595558
2026-03-09 07:36:27.000000000,49.71667647993515
2026-03-09 07:14:51.000000000,70.7543059839198
2026-03-09 07:59:52.000000000,15.114661411909251
2026-03-09 07:44:02.000000000,50.457356044896926
2026-03-09 07:34:39.000000000,24.196658417723842
2026-03-09 07:30:46.000000000,16.706540321098355
2026-03-09 07:49:34.000000000,19.425838456860784
2026-03-09 07:13:26.000000000,26.257738595460754
2026-03-09 07:50:27.000000000,17.569044807657747
2026-03-09 07:51:29.000000000,24.992098685982764
2026-03-09 07:21:20.000000000,36.46444913530927
2026-03-09 07:12:05.000000000,24.97662591702421
2026-03-09 08:15:26.000000000,13.251775710298626
2026-03-09 08:44:01.000000000,23.841587294167375
2026-03-09 08:30:56.000000000,16.08937899404899
2026-03-09 08:51:18.000000000,45.55314476152882
2026-03-09 08:26:54.000000000,32.770732749030486
2026-03-09 08:41:52.000000000,41.18823039613372
2026-03-09 08:58:48.000000000,13.66266552453265
2026-03-09 08:17:13.000000000,46.02999406139912
2026-03-09 08:06:24.000000000,54.12551960062675
2026-03-09 08:25:42.000000000,10.913220764928331
2026-03-09 08:18:46.000000000,32.45578013374657
2026-03-09 08:40:00.000000000,60.989110957403675
2026-03-09 08:42:06.000000000,13.268639970964822
2026-03-09 08:58:50.000000000,21.05491966718847
2026-03-09 08:39:44.000000000,20.39562305653082
2026-03-09 08:06:35.000000000,15.416010843708078
2026-03-09 09:20:34.000000000,46.985664109287704
2026-03-09 09:53:50.000000000,22.520844851149132
2026-03-09 09:15:42.000000000,25.397601703924447
2026-03-09 09:29:35.000000000,15.59870996541075
2026-03-09 09:25:18.000000000,32.000333644897715
2026-03-09 09:44:37.000000000,12.71705480046734
2026-03-09 09:25:53.000000000,38.37380491919585
2026-03-09 09:14:59.000000000,8.85604738809368
2026-03-09 09:23:57.000000000,44.94750226169236
2026-03-09 09:15:08.000000000,19.127563402781416
2026-03-09 10:46:06.000000000,11.691102230387642
2026-03-09 10:08:23.000000000,19.240860934297547
2026-03-09 10:45:34.000000000,33.69345406310365
2026-03-09 10:37:57.000000000,14.14409383635426
2026-03-09 10:45:32.000000000,10.18563667632875
2026-03-09 10:34:21.000000000,23.588154041860644
2026-03-09 10:53:39.000000000,11.586441663321752
2026-03-09 10:41:37.000000000,14.20083336726377
2026-03-09 10:10:40.000000000,16.861023998031992
2026-03-09 10:55:10.000000000,34.06519745773782
2026-03-09 10:26:58.000000000,25.593446793968273
2026-03-09 10:03:30.000000000,10.594044188102007
2026-03-09 10:47:14.000000000,18.206124989941788
2026-03-09 11:07:26.000000000,22.791882289484658
2026-03-09 11:43:02.000000000,19.907007740392086
2026-03-09 11:28:57.000000000,43.12115220222087
2026-03-09 11:19:39.000000000,12.171026492599292
2026-03-09 11:25:12.000000000,10.841805439515076
2026-03-09 11:21:46.000000000,16.401482498365933
2026-03-09 11:00:27.000000000,12.94719797737895
2026-03-09 11:53:25.000000000,41.67426982143379
2026-03-09 11:29:31.000000000,14.913452877881427
2026-03-09 12:52:32.000000000,18.29052149027729
2026-03-09 12:49:49.000000000,9.935472918982827
2026-03-09 12:32:09.000000000,12.55555453315793
2026-03-09 12:12:36.000000000,12.965107259359831
2026-03-09 12:40:52.000000000,18.18400118714685
2026-03-09 12:09:06.000000000,71.84504395838505
2026-03-09 12:48:04.000000000,72.14609408649746
2026-03-09 12:45:04.000000000,72.01542777213312
2026-03-09 12:13:52.000000000,21.02870914030812
2026-03-09 12:53:53.000000000,22.246264238344214
2026-03-09 12:34:27.000000000,21.246806103357276
2026-03-09 12:27:23.000000000,11.603875774345562
2026-03-09 13:19:56.000000000,18.443506944044334
2026-03-09 13:39:14.000000000,42.355184478594545
2026-03-09 13:45:42.000000000,18.458244677836323
2026-03-09 13:40:39.000000000,10.438098123488315
2026-03-09 13:20:41.000000000,20.16794169191053
2026-03-09 13:20:00.000000000,58.699926827467046
2026-03-09 13:21:51.000000000,19.765682938167203
2026-03-09 13:52:50.000000000,18.540581710549585
2026-03-09 13:07:58.000000000,19.42122488199653
2026-03-09 13:50:44.000000000,21.848316595306454
2026-03-09 13:34:56.000000000,15.012196936402516
2026-03-09 13:12:41.000000000,58.29537792120115
2026-03-09 14:38:00.000000000,36.300499738546385
2026-03-09 14:40:25.000000000,58.73151819555069
2026-03-09 14:12:27.000000000,36.34701003600732
2026-03-09 14:35:33.000000000,138.08013182473672
2026-03-09 14:15:09.000000000,17.306335279404355
2026-03-09 14:48:31.000000000,17.532676161069467
2026-03-09 14:00:17.000000000,16.011936124234456
2026-03-09 14:02:32.000000000,11.231411335057718
2026-03-09 14:02:56.000000000,19.307489499976636
2026-03-09 14:05:05.000000000,19.756813591899185
2026-03-09 14:58:22.000000000,21.778388368269628
2026-03-09 14:31:09.000000000,15.739768890784413
2026-03-09 14:02:05.000000000,15.66094349075036
2026-03-09 14:19:56.000000000,13.881915553516341
2026-03-09 15:08:54.000000000,26.57715835739807
2026-03-09 15:59:41.000000000,13.642340974856454
2026-03-09 15:22:12.000000000,11.37094272491227
2026-03-09 15:58:06.000000000,35.28277720599882
2026-03-09 15:29:59.000000000,11.20228103467303
2026-03-09 15:07:19.000000000,14.068184103480748
2026-03-09 16:37:27.000000000,34.47882778901513
2026-03-09 16:03:03.000000000,21.114571321395523
2026-03-09 16:19:34.000000000,29.078093084778725
2026-03-09 16:54:01.000000000,130.47071664766855
2026-03-09 16:45:21.000000000,19.436531025239855
2026-03-09 16:07:41.000000000,89.36792492862087
2026-03-09 16:52:17.000000000,13.398423414680634
2026-03-09 16:30:34.000000000,129.16691436568735
2026-03-09 16:51:11.000000000,39.74745412660709
2026-03-09 16:07:00.000000000,116.80734501435865
2026-03-09 16:22:26.000000000,11.911376901627719
2026-03-09 16:16:18.000000000,15.626932378473628
2026-03-09 16:30:11.000000000,75.85671012882693
2026-03-09 17:44:27.000000000,17.624758594720912
2026-03-09 17:59:58.000000000,16.58309412000265
2026-03-09 17:47:17.000000000,30.559672215911686
2026-03-09 17:38:26.000000000,24.26624007422748
2026-03-09 17:50:58.000000000,19.540702979416704
2026-03-09 17:56:31.000000000,34.72272698284578
2026-03-09 17:49:54.000000000,11.122387730298703
2026-03-09 17:22:54.000000000,17.960812667894142
2026-03-09 17:52:29.000000000,25.08733480665321
2026-03-09 17:27:43.000000000,56.54131610920306
2026-03-09 17:39:17.000000000,23.89951262845374
2026-03-09 17:25:57.000000000,123.01826739391531
2026-03-09 17:39:49.000000000,16.029327582780166
2026-03-09 17:08:15.000000000,18.18824454175797
2026-03-09 17:54:23.000000000,16.341906614810764
2026-03-09 17:47:34.000000000,15.168249211083682
2026-03-09 17:38:47.000000000,133.51580211822235
2026-03-09 17:37:06.000000000,79.45130913327814
2026-03-09 18:59:40.000000000,12.251666331304605
2026-03-09 18:48:06.000000000,18.328802999510717
2026-03-09 18:34:46.000000000,16.150248828758144
2026-03-09 18:31:40.000000000,66.44516669396643
2026-03-09 18:38:38.000000000,29.29354855810112
2026-03-09 18:46:15.000000000,66.20684900890926
2026-03-09 18:30:18.000000000,23.54907363374355
2026-03-09 18:31:01.000000000,25.52714852504424
2026-03-09 18:24:39.000000000,12.107824389351384
2026-03-09 18:29:01.000000000,56.69930996660372
2026-03-09 18:12:21.000000000,12.921613663405008
2026-03-09 18:33:15.000000000,26.19724050510754
2026-03-09 18:42:13.000000000,64.45056692618898
2026-03-09 18:58:06.000000000,27.449687862456816
2026-03-09 18:33:49.000000000,63.555020241418106
2026-03-09 18:22:20.000000000,12.009003065620435
2026-03-09 18:38:39.000000000,9.647791683684956
2026-03-09 18:10:00.000000000,9.699659147997275
2026-03-09 18:18:46.000000000,47.749738307335825
2026-03-09 18:15:52.000000000,8.908495980026233
2026-03-09 19:40:32.000000000,30.39576955230046
2026-03-09 19:48:08.000000000,9.713033451048647
2026-03-09 19:12:41.000000000,2.5954265884513754
2026-03-09 19:33:22.000000000,53.381206812949735
2026-03-09 19:29:26.000000000,31.857951280206077
2026-03-09 19:35:45.000000000,14.224654025984387
2026-03-09 19:53:33.000000000,19.708230853001368
2026-03-09 19:31:36.000000000,47.24287935682971
2026-03-09 19:33:17.000000000,55.74728024780581
2026-03-09 20:23:34.000000000,27.00538737108457
2026-03-09 20:26:56.000000000,23.585530436612895
2026-03-09 20:54:38.000000000,12.65985492175797
2026-03-09 20:48:07.000000000,32.004475432605716
2026-03-09 20:31:51.000000000,15.418391745153226
2026-03-09 20:03:29.000000000,17.024583008263324
2026-03-09 20:17:00.000000000,29.412759255824508
2026-03-09 20:04:20.000000000,20.8761387726765
2026-03-09 20:13:01.000000000,13.373551234727469
2026-03-09 20:28:21.000000000,14.567621121601533
2026-03-09 20:32:44.000000000,27.727530064649653
2026-03-09 20:20:30.000000000,51.59618914429093
2026-03-09 20:37:04.000000000,28.68963991975001
2026-03-09 21:20:05.000000000,30.557338990289555
2026-03-09 21:06:34.000000000,20.79856253895232
2026-03-09 21:16:53.000000000,15.033266619989883
2026-03-09 21:14:49.000000000,17.94950817768004
2026-03-09 21:24:18.000000000,54.05826922165806
2026-03-09 21:03:45.000000000,93.25907994444763
2026-03-09 21:08:28.000000000,29.550955615028567
2026-03-09 21:32:29.000000000,23.71949818645284
2026-03-09 21:06:59.000000000,9.257759970412128
2026-03-09 21:43:36.000000000,13.611049764801935
2026-03-09 21:08:41.000000000,20.634295872788723
2026-03-09 21:54:08.000000000,12.139553364178356
2026-03-09 21:46:28.000000000,12.65441201169027
2026-03-09 21:06:32.000000000,51.23003220930635
2026-03-09 21:23:08.000000000,41.93594173585997
2026-03-09 21:10:43.000000000,31.794076850031747
2026-03-09 22:44:23.000000000,13.904258536087875
2026-03-09 22:05:36.000000000,15.80445991731147
2026-03-09 22:37:38.000000000,12.733639725258294
2026-03-09 22:51:59.000000000,9.818978941341586
2026-03-09 22:20:14.000000000,8.567837457487075
2026-03-09 22:43:00.000000000,13.69219379974835
2026-03-09 22:12:28.000000000,84.6980360958962
2026-03-09 22:50:04.000000000,19.430361165138496
2026-03-09 22:10:58.000000000,22.432241075611735
2026-03-09 22:49:14.000000000,15.960640477042022
2026-03-09 23:01:34.000000000,58.27249795227175
2026-03-09 23:53:36.000000000,20.267744280727822
2026-03-09 23:44:53.000000000,52.815316996120835
2026-03-09 23:43:06.000000000,10.470547177942413
2026-03-09 23:03:43.000000000,23.73350410921488
2026-03-09 23:01:10.000000000,17.271336827710968
2026-03-09 23:54:32.000000000,11.12234428418307
2026-03-09 23:30:28.000000000,10.083666033643505
2026-03-09 23:47:52.000000000,14.824428753236802
2026-03-09 23:23:32.000000000,65.75811995813025
2026-03-09 23:20:44.000000000,28.250087232774572
2026-03-09 23:35:11.000000000,8.962941580755777
2026-03-10 00:32:56.000000000,15.427437418503713
2026-03-10 00:46:49.000000000,32.84358343979685
2026-03-10 00:18:01.000000000,49.62774162100049
2026-03-10 00:41:24.000000000,21.011456807760535
2026-03-10 00:03:08.000000000,29.464764883961163
2026-03-10 00:34:31.000000000,13.245599348892975
2026-03-10 00:52:04.000000000,17.917037826269418
2026-03-10 01:35:56.000000000,31.62698216985839
2026-03-10 02:13:37.000000000,38.335857786417904
2026-03-10 02:59:25.000000000,12.674155931670404
2026-03-10 02:17:54.000000000,75.27336270339762
2026-03-10 02:10:12.000000000,16.482191577021155
2026-03-10 02:07:49.000000000,10.368031432832941
2026-03-10 03:54:07.000000000,59.50275900394372
2026-03-10 04:32:10.000000000,38.88730453028398
2026-03-10 04:55:44.000000000,19.308103609968665
2026-03-10 06:43:06.000000000,12.78792679610916
2026-03-10 06:05:33.000000000,10.680705242757758
2026-03-10 06:18:29.000000000,50.5456030956701
2026-03-10 06:57:06.000000000,71.95105996123128
2026-03-10 06:35:33.000000000,75.45005784391307
2026-03-10 06:13:13.000000000,27.341597935227757
2026-03-10 06:37:48.000000000,29.86484743790738
2026-03-10 07:33:36.000000000,27.103300951136195
2026-03-10 07:17:09.000000000,75.76570792660391
2026-03-10 07:17:17.000000000,15.305742139224266
2026-03-10 07:22:48.000000000,13.290221703552893
2026-03-10 07:01:12.000000000,12.047502973694607
2026-03-10 07:52:14.000000000,79.39799949110022
2026-03-10 07:55:27.000000000,19.39634716153386
2026-03-10 07:40:19.000000000,85.70072724429627
2026-03-10 07:21:44.000000000,37.56369721050057
2026-03-10 07:03:00.000000000,18.499271255311342
2026-03-10 07:45:39.000000000,21.959871055475666
2026-03-10 07:29:55.000000000,100.73039740749614
2026-03-10 07:18:55.000000000,32.407948436388835
2026-03-10 07:51:41.000000000,23.629264829574705
2026-03-10 07:34:46.000000000,17.68623862863336
2026-03-10 07:48:12.000000000,29.434784005895047
2026-03-10 07:48:33.000000000,71.12273966241308
2026-03-10 07:33:08.000000000,25.79766984120592
2026-03-10 07:54:38.000000000,53.72005973989629
2026-03-10 08:48:54.000000000,78.21963427568322
2026-03-10 08:03:42.000000000,54.10599643855051
2026-03-10 08:38:49.000000000,112.0501641210489
2026-03-10 08:32:51.000000000,21.15705095919235
2026-03-10 08:40:29.000000000,23.745643892730573
2026-03-10 08:42:35.000000000,11.058167658970708
2026-03-10 08:20:09.000000000,32.85022140028684
2026-03-10 08:01:59.000000000,55.06502428058469
2026-03-10 08:09:08.000000000,55.89228423336002
2026-03-10 08:05:54.000000000,25.10078816868464
2026-03-10 08:25:45.000000000,33.509216646312666
2026-03-10 08:56:52.000000000,76.53131522830584
2026-03-10 08:23:38.000000000,62.570075054620396
2026-03-10 08:38:35.000000000,25.521696820287932
2026-03-10 08:25:28.000000000,52.70920026783731
2026-03-10 08:31:02.000000000,16.438578579633518
2026-03-10 09:49:12.000000000,13.969541355817066
2026-03-10 09:42:13.000000000,60.13757233079265
2026-03-10 09:36:41.000000000,15.05372882583803
2026-03-10 09:57:26.000000000,10.768310303339957
2026-03-10 09:29:13.000000000,14.078744022350131
2026-03-10 09:44:13.000000000,19.18812799824749
2026-03-10 09:56:06.000000000,12.71924581942221
2026-03-10 09:43:23.000000000,15.098662370014386
2026-03-10 09:43:34.000000000,41.28468730706107
2026-03-10 09:54:49.000000000,11.531974148180504
2026-03-10 09:12:51.000000000,123.87555685187375
2026-03-10 09:40:06.000000000,24.644161060082663
2026-03-10 09:16:50.000000000,19.471011503760113
2026-03-10 09:50:29.000000000,20.129504039582955
2026-03-10 09:39:21.000000000,22.462026060295187
2026-03-10 09:09:04.000000000,47.25611240562283
2026-03-10 10:07:44.000000000,14.57890959043913
2026-03-10 10:30:45.000000000,12.12090516352434
2026-03-10 10:59:58.000000000,12.110615253282472
2026-03-10 10:20:25.000000000,16.013437164252725
2026-03-10 10:42:10.000000000,30.043570232427587
2026-03-10 10:09:20.000000000,11.52412940264386
2026-03-10 10:40:43.000000000,19.05825206619121
2026-03-10 10:45:10.000000000,12.370074185290958
2026-03-10 10:42:23.000000000,31.375479237449102
2026-03-10 10:06:08.000000000,15.31015743728476
2026-03-10 10:32:04.000000000,83.7978656296922
2026-03-10 10:58:39.000000000,30.953237274426616
2026-03-10 10:29:11.000000000,25.952774818821542
2026-03-10 11:37:58.000000000,15.213648727232188
2026-03-10 11:07:57.000000000,77.93514598963556
2026-03-10 11:20:41.000000000,26.767641135485572
2026-03-10 11:05:19.000000000,15.925821211688772
2026-03-10 11:20:30.000000000,9.412019658470273
2026-03-10 11:41:29.000000000,37.688132242372255
2026-03-10 11:51:12.000000000,43.859724923349624
2026-03-10 11:11:38.000000000,13.582223431418175
2026-03-10 11:19:31.000000000,63.89646061648149
2026-03-10 11:05:56.000000000,24.48720206259249
2026-03-10 11:14:22.000000000,45.27914197154205
2026-03-10 11:56:32.000000000,36.97247946651442
2026-03-10 11:47:32.000000000,21.831346176359514
2026-03-10 11:11:22.000000000,15.510015929218243
2026-03-10 12:01:35.000000000,16.63407605062019
2026-03-10 12:36:12.000000000,32.424670348439726
2026-03-10 12:31:10.000000000,17.73325152361404
2026-03-10 12:01:40.000000000,22.952484562504505
2026-03-10 12:35:50.000000000,24.741879178203977
2026-03-10 12:00:35.000000000,12.957279768355482
2026-03-10 12:54:37.000000000,17.526435073306068
2026-03-10 12:31:59.000000000,14.623286080705773
2026-03-10 12:48:58.000000000,15.929675590986305
2026-03-10 12:22:38.000000000,19.59749238656897
2026-03-10 12:07:36.000000000,15.230448904506778
2026-03-10 13:26:25.000000000,28.44133837174905
2026-03-10 13:31:20.000000000,13.699005782486532
2026-03-10 13:22:12.000000000,17.466781068407993
2026-03-10 13:34:48.000000000,19.66021006836962
2026-03-10 13:27:41.000000000,36.80331272210391
2026-03-10 13:22:21.000000000,37.95227846096598
2026-03-10 13:40:44.000000000,32.967814873629365
2026-03-10 13:58:29.000000000,22.94586119656189
2026-03-10 13:39:50.000000000,13.66668659085345
2026-03-10 13:31:10.000000000,17.472238401195625
2026-03-10 13:04:16.000000000,28.334479234112276
2026-03-10 13:14:57.000000000,66.53447928831005
2026-03-10 13:18:27.000000000,27.789179573844375
2026-03-10 13:46:40.000000000,33.00157302172612
2026-03-10 14:43:28.000000000,19.178425125766683
2026-03-10 14:29:28.000000000,29.72385660765323
2026-03-10 14:42:00.000000000,25.715920844199882
2026-03-10 14:07:26.000000000,50.80073411895693
2026-03-10 14:10:56.000000000,17.58585071164852
2026-03-10 14:51:44.000000000,12.721326599230325
2026-03-10 14:30:22.000000000,15.976504406496622
2026-03-10 14:30:55.000000000,41.29356365621151
2026-03-10 14:16:04.000000000,49.10271750466681
2026-03-10 14:32:05.000000000,43.558460480093146
2026-03-10 14:07:53.000000000,28.753661740351884
2026-03-10 15:26:00.000000000,12.98252996685507
2026-03-10 15:38:47.000000000,24.59157539615808
2026-03-10 15:06:34.000000000,24.391737023237585
2026-03-10 15:48:23.000000000,167.49383577387727
2026-03-10 15:46:13.000000000,23.116103574074703
2026-03-10 15:00:22.000000000,18.320932744648932
2026-03-10 15:46:54.000000000,94.80303209551992
2026-03-10 15:00:39.000000000,23.26342429776195
2026-03-10 15:44:53.000000000,30.02582930473932
2026-03-10 15:18:27.000000000,58.11739420248741
2026-03-10 15:43:42.000000000,21.118400423085408
2026-03-10 15:04:20.000000000,25.085404088876114
2026-03-10 15:50:47.000000000,35.892260637948176
2026-03-10 15:08:43.000000000,14.8968935401694
2026-03-10 15:12:06.000000000,12.244922703137137
2026-03-10 15:45:22.000000000,17.507759224587787
2026-03-10 16:24:34.000000000,32.77096525936729
2026-03-10 16:21:43.000000000,11.669381826292012
2026-03-10 16:28:16.000000000,26.326552403832338
2026-03-10 16:39:31.000000000,19.63856113059533
2026-03-10 16:08:10.000000000,9.472251477286395
2026-03-10 16:31:19.000000000,26.272651671886425
2026-03-10 16:53:12.000000000,34.432955397783424
2026-03-10 16:47:51.000000000,19.398080132945726
2026-03-10 16:00:51.000000000,76.64302906855892
2026-03-10 16:00:13.000000000,11.641919184645806
2026-03-10 16:47:40.000000000,16.64306689025795
2026-03-10 16:13:12.000000000,68.09223368382227
2026-03-10 16:55:55.000000000,35.55974067457131
2026-03-10 16:23:55.000000000,5.218601320675973
2026-03-10 17:33:06.000000000,32.36194137220285
2026-03-10 17:58:48.000000000,16.316768121613492
2026-03-10 17:14:19.000000000,18.421199476102466
2026-03-10 17:33:31.000000000,10.500122842562241
2026-03-10 17:11:09.000000000,21.770661976193665
2026-03-10 17:43:08.000000000,26.26097479848986
2026-03-10 17:09:28.000000000,71.4828216134478
2026-03-10 17:46:06.000000000,15.020761963096314
2026-03-10 17:52:54.000000000,24.077521475876427
2026-03-10 17:46:58.000000000,17.948407708658916
2026-03-10 17:38:33.000000000,22.633363439747068
2026-03-10 17:29:13.000000000,27.08913666189307
2026-03-10 17:52:29.000000000,41.10211931784415
2026-03-10 17:58:59.000000000,14.905350179172716
2026-03-10 17:59:02.000000000,14.825109421337872
2026-03-10 17:12:56.000000000,24.631473248328632
2026-03-10 17:49:25.000000000,20.753461751914
2026-03-10 18:01:38.000000000,12.893814326074745
2026-03-10 18:24:21.000000000,41.8993383423174
2026-03-10 18:58:22.000000000,71.89990532630804
2026-03-10 18:08:18.000000000,14.387195965911848
2026-03-10 18:53:14.000000000,53.50559776425475
2026-03-10 18:59:03.000000000,62.06551066961548
2026-03-10 18:05:39.000000000,51.72659496544072
2026-03-10 18:01:54.000000000,24.536447422553568
2026-03-10 18:38:24.000000000,36.326904313213205
2026-03-10 18:24:48.000000000,74.0895983624925
2026-03-10 18:30:24.000000000,79.43240363035527
2026-03-10 18:34:05.000000000,15.081780801066609
2026-03-10 18:32:27.000000000,16.147741883462913
2026-03-10 18:53:16.000000000,22.63203451082583
2026-03-10 18:33:39.000000000,44.1977551795976
2026-03-10 18:30:32.000000000,17.132968416161408
2026-03-10 18:42:30.000000000,50.91140347232828
2026-03-10 18:05:03.000000000,78.96640586242101
2026-03-10 18:06:55.000000000,38.31970458153915
2026-03-10 18:05:47.000000000,23.313595028952488
2026-03-10 18:45:46.000000000,25.852778338830344
2026-03-10 18:41:58.000000000,28.558353824310906
2026-03-10 18:18:16.000000000,14.3618142710829
2026-03-10 19:35:32.000000000,12.62027106511968
2026-03-10 19:09:25.000000000,14.638939173011627
2026-03-10 19:23:47.000000000,23.2356975928023
2026-03-10 19:34:47.000000000,21.940169901938518
2026-03-10 19:30:37.000000000,90.8915570171191
2026-03-10 19:41:57.000000000,11.043565730570894
2026-03-10 19:16:47.000000000,21.079354166961114
2026-03-10 19:22:42.000000000,21.517927694971284
2026-03-10 19:13:18.000000000,57.8246026228406
2026-03-10 19:49:34.000000000,112.29129990003169
2026-03-10 19:14:46.000000000,33.11086046089601
2026-03-10 19:52:44.000000000,22.202680642959066
2026-03-10 19:08:15.000000000,13.094773423884766
2026-03-10 19:25:01.000000000,35.19223826773269
2026-03-10 19:11:53.000000000,101.82214465215263
2026-03-10 19:20:28.000000000,23.154604464976334
2026-03-10 19:10:36.000000000,26.809064391263426
2026-03-10 19:56:03.000000000,12.378020429975495
2026-03-10 19:21:50.000000000,37.74684207153158
2026-03-10 19:45:15.000000000,17.398801947627717
2026-03-10 19:12:50.000000000,35.979633077348225
2026-03-10 19:58:07.000000000,45.398886552813515
2026-03-10 19:15:25.000000000,11.98253537009253
2026-03-10 20:54:41.000000000,53.59808912566905
2026-03-10 20:32:58.000000000,52.8361683216101
2026-03-10 20:46:51.000000000,35.277918075370664
2026-03-10 20:48:58.000000000,26.23761206529603
2026-03-10 20:00:52.000000000,20.722950312177044
2026-03-10 20:13:13.000000000,22.975614733022837
2026-03-10 20:33:01.000000000,36.58306570395353
2026-03-10 20:41:03.000000000,24.27457035629401
2026-03-10 20:03:25.000000000,22.49567249022284
2026-03-10 20:13:45.000000000,19.352140893021836
2026-03-10 20:39:15.000000000,14.617155047605488
2026-03-10 20:42:04.000000000,50.94007566952865
2026-03-10 21:42:25.000000000,19.800593529174048
2026-03-10 21:00:44.000000000,33.39613486040374
2026-03-10 21:54:47.000000000,35.33749119268942
2026-03-10 21:33:06.000000000,62.72037096049037
2026-03-10 21:50:56.000000000,37.565253572212605
2026-03-10 21:06:41.000000000,38.797299500119
2026-03-10 21:59:17.000000000,20.093523754781383
2026-03-10 21:22:02.000000000,62.36635072760503
2026-03-10 21:41:42.000000000,72.35334629789271
2026-03-10 21:59:42.000000000,39.60299524263406
2026-03-10 21:25:53.000000000,18.5805397066186
2026-03-10 21:19:06.000000000,12.796002224261297
2026-03-10 21:09:53.000000000,42.223795297828865
2026-03-10 21:25:03.000000000,18.278261498619337
2026-03-10 22:57:20.000000000,12.651549329587885
2026-03-10 22:46:23.000000000,12.523953963484699
2026-03-10 22:00:33.000000000,4.872146782546751
2026-03-10 22:09:47.000000000,16.420420745510565
2026-03-10 22:55:51.000000000,16.946348498450256
2026-03-10 22:03:50.000000000,120.30599518744825
2026-03-10 22:04:37.000000000,54.79464302432261
2026-03-10 22:21:17.000000000,55.337876010344495
2026-03-10 22:16:53.000000000,44.75102207049556
2026-03-10 22:17:57.000000000,48.04728247589513
2026-03-10 22:29:22.000000000,85.79767095763923
2026-03-10 23:43:01.000000000,21.34569201081116
2026-03-10 23:32:26.000000000,24.378879745815272
2026-03-10 23:46:48.000000000,15.191686464977751
2026-03-10 23:15:17.000000000,15.548202790011912
2026-03-10 23:28:54.000000000,24.61487081045377
2026-03-10 23:54:53.000000000,21.473816436179977
2026-03-10 23:31:53.000000000,65.43020924787008
2026-03-10 23:17:37.000000000,21.00644813481513
2026-03-10 23:53:09.000000000,24.58812164200828
2026-03-10 23:54:26.000000000,41.75236920896489
2026-03-10 23:38:30.000000000,29.0082306809328
2026-03-10 23:48:50.000000000,23.33532381988839
2026-03-10 23:09:49.000000000,42.800549732660635
2026-03-10 23:43:23.000000000,18.77362370350529
2026-03-10 23:03:07.000000000,14.931010841653292
2026-03-10 23:13:24.000000000,20.20990056517714
2026-03-10 23:49:14.000000000,46.6721640860304
2026-03-10 23:10:11.000000000,9.469988673328844
2026-03-11 00:41:33.000000000,29.04329275111547
2026-03-11 00:23:20.000000000,34.762419157918636
2026-03-11 00:58:25.000000000,19.97747218277895
2026-03-11 00:10:53.000000000,32.937191417726964
2026-03-11 00:42:21.000000000,43.6896615123219
2026-03-11 00:03:20.000000000,14.195991087365998
2026-03-11 01:10:06.000000000,11.17416125904675
2026-03-11 01:36:47.000000000,63.097016338322284
2026-03-11 01:26:05.000000000,20.52500561598529
2026-03-11 01:35:19.000000000,34.902212634921945
2026-03-11 01:24:27.000000000,40.80311682338403
2026-03-11 02:01:34.000000000,14.317410149273497
2026-03-11 02:58:24.000000000,13.358578059347964
2026-03-11 02:50:39.000000000,20.196873457841672
2026-03-11 02:16:32.000000000,11.935037601351945
2026-03-11 02:58:55.000000000,20.831594430332952
2026-03-11 03:11:50.000000000,10.135474902270065
2026-03-11 03:16:25.000000000,25.63927655309637
2026-03-11 04:58:50.000000000,19.750990606215954
2026-03-11 04:26:07.000000000,20.943550568989014
2026-03-11 04:34:37.000000000,30.31672742250903
2026-03-11 04:23:06.000000000,12.459651395431926
2026-03-11 04:49:27.000000000,16.86280879437476
2026-03-11 05:19:21.000000000,53.10332572501662
2026-03-11 05:53:23.000000000,64.58898409813129
2026-03-11 05:52:39.000000000,66.39031423894859
2026-03-11 05:45:31.000000000,29.005327385978642
2026-03-11 06:00:50.000000000,16.277195305941945
2026-03-11 06:42:16.000000000,16.833441239899678
2026-03-11 06:01:44.000000000,13.36977158923631
2026-03-11 06:26:38.000000000,34.89160145972484
2026-03-11 06:20:17.000000000,28.675492621868692
2026-03-11 06:42:24.000000000,14.224937199603028
2026-03-11 07:57:30.000000000,11.95958847431411
2026-03-11 07:12:07.000000000,31.28103303788463
2026-03-11 07:58:29.000000000,15.374533169952242
2026-03-11 07:44:58.000000000,16.667031297308604
2026-03-11 07:07:28.000000000,32.12386521211305
2026-03-11 07:35:04.000000000,24.78109042108435
2026-03-11 07:53:57.000000000,34.45335509140656
2026-03-11 07:29:42.000000000,43.55900785547309
2026-03-11 07:03:49.000000000,40.903207474968944
2026-03-11 07:11:10.000000000,72.34694793249763
2026-03-11 07:45:45.000000000,20.62726890543716
2026-03-11 07:48:04.000000000,25.46894585205783
2026-03-11 07:51:11.000000000,23.338934377564666
2026-03-11 07:11:53.000000000,17.59490972749312
2026-03-11 07:21:38.000000000,37.090721345404255
2026-03-11 07:11:11.000000000,26.032251606625163
2026-03-11 07:31:02.000000000,121.01248373227462
2026-03-11 07:13:20.000000000,34.81738891259984
2026-03-11 08:11:53.000000000,84.5558816800635
2026-03-11 08:22:51.000000000,16.6368858921033
2026-03-11 08:36:44.000000000,21.564856883561717
2026-03-11 08:10:07.000000000,14.391084010877963
2026-03-11 08:36:53.000000000,109.43644519099463
2026-03-11 08:45:50.000000000,16.722376993251157
2026-03-11 08:06:24.000000000,29.166971149932312
2026-03-11 08:06:12.000000000,23.51372258008462
2026-03-11 08:55:31.000000000,26.41780759857288
2026-03-11 08:35:52.000000000,29.394458244868655
2026-03-11 08:00:35.000000000,43.44576264277534
2026-03-11 08:02:18.000000000,19.794827219054138
2026-03-11 08:48:34.000000000,103.36399025122141
2026-03-11 08:32:54.000000000,132.85783761295914
2026-03-11 08:06:53.000000000,127.18722410179397
2026-03-11 08:28:06.000000000,30.664640177494515
2026-03-11 08:26:22.000000000,17.553228368575816
2026-03-11 08:13:42.000000000,25.88507004308379
2026-03-11 08:59:38.000000000,12.277437906363518
2026-03-11 08:48:03.000000000,16.255306430658145
2026-03-11 08:26:53.000000000,93.817677170792
2026-03-11 09:34:47.000000000,54.39265565432051
2026-03-11 09:19:36.000000000,14.785051527799036
2026-03-11 09:06:11.000000000,40.35477396414465
2026-03-11 09:49:47.000000000,81.09412476017954
2026-03-11 09:32:57.000000000,47.9145318865311
2026-03-11 09:06:31.000000000,22.34264178127453
2026-03-11 09:41:13.000000000,15.736100625602065
2026-03-11 09:33:36.000000000,23.104989942406398
2026-03-11 09:08:57.000000000,31.75468858196329
2026-03-11 09:29:36.000000000,30.003014194065575
2026-03-11 09:50:03.000000000,18.37784998753132
2026-03-11 09:02:33.000000000,23.33105382783869
2026-03-11 09:33:36.000000000,12.884654822184809
2026-03-11 09:23:38.000000000,43.764776981063676
2026-03-11 09:41:17.000000000,15.905307600327555
2026-03-11 09:42:23.000000000,80.78014480799148
2026-03-11 09:19:53.000000000,18.185675439800207
2026-03-11 09:07:51.000000000,32.14737154966067
2026-03-11 09:09:21.000000000,28.709676651011176
2026-03-11 09:13:16.000000000,26.037551103656625
2026-03-11 09:33:56.000000000,12.559210404532706
2026-03-11 09:42:18.000000000,20.315337801490752
2026-03-11 10:44:40.000000000,11.166356749898387
2026-03-11 10:18:56.000000000,42.698780059213426
2026-03-11 10:30:00.000000000,51.87823043737682
2026-03-11 10:11:09.000000000,20.566134678248016
2026-03-11 10:26:40.000000000,52.263167838342014
2026-03-11 10:23:57.000000000,12.944983705805067
2026-03-11 10:11:17.000000000,12.119344218349042
2026-03-11 10:24:52.000000000,22.89756056824049
2026-03-11 10:26:21.000000000,14.044327641929288
2026-03-11 10:16:58.000000000,17.772740076005125
2026-03-11 10:27:03.000000000,51.37660511957058
2026-03-11 10:04:23.000000000,34.71630717336402
2026-03-11 10:42:53.000000000,16.680893647470242
2026-03-11 10:34:45.000000000,22.82846881327904
2026-03-11 10:08:03.000000000,12.408888508023816
2026-03-11 10:42:45.000000000,18.92068842579884
2026-03-11 11:47:43.000000000,29.584104230734116
2026-03-11 11:10:29.000000000,17.19456804538857
2026-03-11 11:25:32.000000000,19.952294625021747
2026-03-11 11:56:16.000000000,33.3414839537517
2026-03-11 11:44:14.000000000,21.84897672084053
2026-03-11 11:06:52.000000000,31.618346622244093
2026-03-11 11:13:31.000000000,35.067869883416094
2026-03-11 11:39:09.000000000,11.050636890706116
2026-03-11 11:30:24.000000000,16.328536941320767
2026-03-11 11:51:55.000000000,90.8784616859108
2026-03-11 11:18:58.000000000,19.469316183000647
2026-03-11 11:10:25.000000000,85.48937300388725
2026-03-11 11:20:41.000000000,14.446044034191749
2026-03-11 11:51:03.000000000,14.683487247883738
2026-03-11 11:34:31.000000000,33.95541513209923
2026-03-11 11:57:37.000000000,11.076353145981892
2026-03-11 11:33:27.000000000,13.84876177950713
2026-03-11 11:47:39.000000000,24.688763062522902
2026-03-11 12:58:28.000000000,75.01077093254648
2026-03-11 12:48:25.000000000,35.79759164745679
2026-03-11 12:50:24.000000000,55.89888028727991
2026-03-11 12:17:10.000000000,15.921116305970854
2026-03-11 12:14:10.000000000,54.339526224939455
2026-03-11 12:57:15.000000000,53.32222886020306
2026-03-11 12:25:47.000000000,31.409660815319192
2026-03-11 12:15:06.000000000,24.387099810059016
2026-03-11 12:10:39.000000000,24.634097596036224
2026-03-11 12:13:15.000000000,114.06005553822061
2026-03-11 12:16:00.000000000,14.956578753187525
2026-03-11 12:37:46.000000000,179.00791517302085
2026-03-11 12:59:20.000000000,12.939962600558665
2026-03-11 12:20:17.000000000,12.904720734006867
2026-03-11 12:43:04.000000000,21.79990691301492
2026-03-11 12:59:20.000000000,15.84639489294837
2026-03-11 12:25:08.000000000,75.35946318447427
2026-03-11 12:34:09.000000000,14.754582434040975
2026-03-11 12:37:11.000000000,27.258363749628135
2026-03-11 12:40:38.000000000,20.87931399651097
2026-03-11 12:48:32.000000000,43.50147929222022
2026-03-11 12:17:56.000000000,23.306978503596337
2026-03-11 13:46:32.000000000,21.164448437882424
2026-03-11 13:41:48.000000000,16.925860496778174
2026-03-11 13:47:40.000000000,15.53631516303516
2026-03-11 13:14:19.000000000,12.45106438354041
2026-03-11 13:37:17.000000000,18.469249504146386
2026-03-11 13:38:43.000000000,22.8021372620109
2026-03-11 13:46:12.000000000,63.710223616316966
2026-03-11 13:59:11.000000000,32.374054179096895
2026-03-11 13:29:24.000000000,103.09168653202846
2026-03-11 13:11:19.000000000,39.28969888823159
2026-03-11 13:17:06.000000000,18.657193403410698
2026-03-11 13:03:12.000000000,24.75701149341747
2026-03-11 13:53:29.000000000,34.10424475359231
2026-03-11 13:07:15.000000000,29.14838814381284
2026-03-11 14:01:20.000000000,78.78515374581528
2026-03-11 14:49:55.000000000,9.47082440864631
2026-03-11 14:36:23.000000000,45.1902618693154
2026-03-11 14:48:04.000000000,22.126684376889667
2026-03-11 14:16:02.000000000,20.5538867257903
2026-03-11 14:52:17.000000000,132.11040780846847
2026-03-11 14:27:09.000000000,19.30013964139311
2026-03-11 14:52:24.000000000,23.516587646352658
2026-03-11 14:52:53.000000000,45.010067726804145
2026-03-11 14:59:53.000000000,255.2491285121394
2026-03-11 14:59:15.000000000,23.63656718292872
2026-03-11 14:42:20.000000000,18.892537373276202
2026-03-11 14:57:51.000000000,53.348098027977684
2026-03-11 14:52:19.000000000,34.431222606936096
2026-03-11 14:29:01.000000000,29.17128606635789
2026-03-11 14:36:33.000000000,99.2258062158848
2026-03-11 14:37:44.000000000,80.3400220554304
2026-03-11 15:38:49.000000000,33.76564735580333
2026-03-11 15:10:13.000000000,13.177926370313278
2026-03-11 15:20:51.000000000,9.954095279107714
2026-03-11 15:16:55.000000000,13.101981514154163
2026-03-11 15:18:21.000000000,12.061652882981544
2026-03-11 15:18:18.000000000,16.80485649415572
2026-03-11 16:09:42.000000000,14.92329784463592
2026-03-11 16:33:42.000000000,81.25712654232343
2026-03-11 16:10:00.000000000,40.340139064040166
2026-03-11 16:35:43.000000000,59.4454484790868
2026-03-11 16:56:06.000000000,17.458889468317654
2026-03-11 16:48:09.000000000,66.42073285767509
2026-03-11 16:11:31.000000000,15.821175887733363
2026-03-11 16:46:04.000000000,52.80365325248423
2026-03-11 16:44:28.000000000,12.197967262660002
2026-03-11 16:06:08.000000000,12.590835260343171
2026-03-11 16:36:04.000000000,31.523220177986833
2026-03-11 16:03:55.000000000,75.11382748746128
2026-03-11 16:38:36.000000000,21.662298886181457
2026-03-11 16:01:49.000000000,101.88027929504705
2026-03-11 17:19:57.000000000,17.63768752174343
2026-03-11 17:00:08.000000000,49.50906488829024
2026-03-11 17:28:21.000000000,46.181727447446164
2026-03-11 17:19:49.000000000,104.08656059736606
2026-03-11 17:29:46.000000000,23.369907551896095
2026-03-11 17:53:47.000000000,31.06068931276599
2026-03-11 17:09:49.000000000,23.71245553701076
2026-03-11 17:13:52.000000000,56.62921584421342
2026-03-11 17:39:28.000000000,21.85014358804224
2026-03-11 17:01:45.000000000,17.888177720002293
2026-03-11 17:32:14.000000000,52.3158763680245
2026-03-11 17:28:09.000000000,16.640867049537565
2026-03-11 17:32:59.000000000,24.735347160753925
2026-03-11 17:39:17.000000000,30.24748869833661
2026-03-11 17:49:39.000000000,17.080642009876733
2026-03-11 17:11:59.000000000,18.82901186242063
2026-03-11 17:30:58.000000000,58.69351768324286
2026-03-11 18:41:50.000000000,19.716160313463828
2026-03-11 18:12:23.000000000,13.466073434421348
2026-03-11 18:05:26.000000000,20.048603798422395
2026-03-11 18:15:39.000000000,26.62733191282778
2026-03-11 18:20:47.000000000,57.170517400586704
2026-03-11 18:07:45.000000000,34.96506161191156
2026-03-11 18:59:29.000000000,11.638594462339672
2026-03-11 18:12:31.000000000,14.955244765733282
2026-03-11 18:58:54.000000000,24.580158798745284
2026-03-11 18:30:13.000000000,93.73863971837106
2026-03-11 18:54:16.000000000,148.7710897507669
2026-03-11 18:10:49.000000000,18.822177405942586
2026-03-11 18:34:42.000000000,30.30265396494227
2026-03-11 18:02:13.000000000,19.165256819196696
2026-03-11 18:03:01.000000000,31.581272224392517
2026-03-11 19:14:18.000000000,25.771215791439833
2026-03-11 19:32:01.000000000,88.35693539635083
2026-03-11 19:35:29.000000000,62.971625203779396
2026-03-11 19:46:01.000000000,23.272821751718308
2026-03-11 19:15:11.000000000,22.08502321963866
2026-03-11 19:06:12.000000000,17.31741489585877
2026-03-11 19:17:04.000000000,14.162281656806895
2026-03-11 19:08:37.000000000,24.132858433719147
2026-03-11 19:13:26.000000000,49.22184445617691
2026-03-11 19:49:54.000000000,28.230216010727883
2026-03-11 19:23:35.000000000,29.572171151494477
2026-03-11 19:57:25.000000000,14.87719193679962
2026-03-11 19:52:49.000000000,13.481924487034888
2026-03-11 19:18:28.000000000,22.601738643105502
2026-03-11 19:00:00.000000000,30.15314198193489
2026-03-11 19:32:37.000000000,10.426811730470336
2026-03-11 19:11:00.000000000,110.94966898934197
2026-03-11 19:02:59.000000000,20.94691220496812
2026-03-11 19:19:13.000000000,53.791598707142754
2026-03-11 19:31:08.000000000,55.218788562510994
2026-03-11 19:05:26.000000000,17.22848225778167
2026-03-11 19:51:14.000000000,13.334670657053989
2026-03-11 19:03:11.000000000,31.321128474262995
2026-03-11 20:11:09.000000000,29.235369073315784
2026-03-11 20:15:15.000000000,38.886841731276746
2026-03-11 20:21:48.000000000,47.7884206610085
2026-03-11 20:00:26.000000000,68.8512358046169
2026-03-11 20:27:05.000000000,9.961258892628136
2026-03-11 20:49:39.000000000,28.19174122063226
2026-03-11 20:00:28.000000000,16.424794435518564
2026-03-11 20:01:42.000000000,38.23721128510763
2026-03-11 20:21:12.000000000,106.80252307017022
2026-03-11 20:38:13.000000000,28.626789742056353
2026-03-11 20:37:42.000000000,19.286224554590472
2026-03-11 20:03:39.000000000,19.216442898519762
2026-03-11 20:13:26.000000000,11.339989421966093
2026-03-11 20:26:29.000000000,15.569522221171171
2026-03-11 20:10:23.000000000,30.50369792162677
2026-03-11 20:15:56.000000000,20.585000283900573
2026-03-11 20:07:19.000000000,137.18453391242505
2026-03-11 20:43:53.000000000,68.80833606782767
2026-03-11 20:18:51.000000000,32.852670651526374
2026-03-11 20:06:19.000000000,19.704400817092733
2026-03-11 20:52:57.000000000,48.10277727457014
2026-03-11 21:49:01.000000000,24.665964237874807
2026-03-11 21:10:59.000000000,21.784138777604024
2026-03-11 21:06:24.000000000,21.1241398119051
2026-03-11 21:30:47.000000000,22.282316193245567
2026-03-11 21:31:54.000000000,68.59987787932137
2026-03-11 21:13:34.000000000,42.574631799415464
2026-03-11 21:04:19.000000000,59.66832012926111
2026-03-11 21:26:05.000000000,12.869096507061967
2026-03-11 21:03:56.000000000,36.79040771068482
2026-03-11 21:01:37.000000000,22.151968700003522
2026-03-11 21:26:56.000000000,22.98193383419942
2026-03-11 21:48:03.000000000,15.272130405897178
2026-03-11 21:02:20.000000000,21.444463683545454
2026-03-11 21:37:14.000000000,16.086078180509023
2026-03-11 21:22:36.000000000,17.076642083725478
2026-03-11 21:34:51.000000000,14.964643165687802
2026-03-11 21:03:48.000000000,83.94514683308415
2026-03-11 21:33:55.000000000,11.359164948556645
2026-03-11 22:22:22.000000000,20.897893374665284
2026-03-11 22:53:25.000000000,10.065638345057552
2026-03-11 22:55:30.000000000,24.287786329167115
2026-03-11 22:01:48.000000000,22.31450372159798
2026-03-11 22:45:37.000000000,12.25816861886202
2026-03-11 22:26:40.000000000,45.54848020221972
2026-03-11 22:03:04.000000000,67.27949635263126
2026-03-11 22:32:23.000000000,31.014263241305276
2026-03-11 22:48:13.000000000,21.303070048016803
2026-03-11 22:45:02.000000000,40.014470382569385
2026-03-11 23:55:18.000000000,13.517269390193439
2026-03-11 23:18:03.000000000,33.23192464135747
2026-03-11 23:21:27.000000000,15.411246167640863
2026-03-11 23:11:34.000000000,24.79072192243108
2026-03-11 23:29:53.000000000,19.726132526047206
2026-03-11 23:08:51.000000000,16.35549140894461
2026-03-11 23:24:09.000000000,39.36637500061232
2026-03-11 23:11:44.000000000,27.47786661905339
2026-03-11 23:02:13.000000000,11.428634287608377
2026-03-11 23:20:38.000000000,22.84348258823404
2026-03-11 23:39:04.000000000,14.385078420912143
2026-03-11 23:10:17.000000000,52.01658752392045
2026-03-11 23:19:30.000000000,19.71290582912597
2026-03-11 23:45:24.000000000,15.682803573742785
2026-03-11 23:51:03.000000000,16.487506636111025
2026-03-11 23:30:56.000000000,19.525938633333336
2026-03-11 23:16:24.000000000,11.62953271762044
2026-03-12 00:42:24.000000000,50.693282269395745
2026-03-12 00:21:04.000000000,23.006383482517176
2026-03-12 00:08:44.000000000,28.848686197383795
2026-03-12 00:04:33.000000000,20.133387609519293
2026-03-12 00:30:07.000000000,21.18494191802687
2026-03-12 00:07:16.000000000,54.471124576056845
2026-03-12 00:10:12.000000000,45.23621363960544
2026-03-12 00:13:58.000000000,15.949458026678512
2026-03-12 00:58:53.000000000,16.12507529875299
2026-03-12 00:12:43.000000000,38.68496067850293
2026-03-12 00:01:35.000000000,10.319508774108137
2026-03-12 00:42:49.000000000,18.489570602085063
2026-03-12 00:29:38.000000000,15.236006760486736
2026-03-12 00:00:36.000000000,44.82546315028533
2026-03-12 00:27:29.000000000,15.357298716268444
2026-03-12 00:25:12.000000000,20.907678575133485
2026-03-12 00:12:13.000000000,12.202572356185106
2026-03-12 00:15:12.000000000,13.64225311203912
2026-03-12 01:26:11.000000000,14.37638547422816
2026-03-12 01:09:03.000000000,18.521393474648924
2026-03-12 02:42:11.000000000,85.86088223905317
2026-03-12 02:42:33.000000000,25.32256703305354
2026-03-12 02:41:25.000000000,56.560131696212636
2026-03-12 03:14:57.000000000,16.725988145075597
2026-03-12 03:49:20.000000000,10.520428181352505
2026-03-12 03:03:25.000000000,18.660863734454125
2026-03-12 03:45:39.000000000,19.508223193694658
2026-03-12 03:28:42.000000000,58.14879767880596
2026-03-12 03:27:40.000000000,11.840710756921808
2026-03-12 03:48:32.000000000,36.09109159943485
2026-03-12 03:07:44.000000000,40.27632650128662
2026-03-12 03:58:16.000000000,11.67025858206272
2026-03-12 04:05:38.000000000,20.362556654976682
2026-03-12 04:37:21.000000000,11.428405556723407
2026-03-12 04:48:38.000000000,14.52652796652855
2026-03-12 04:07:42.000000000,32.16803626714243
2026-03-12 04:01:05.000000000,34.79968626670602
2026-03-12 04:28:18.000000000,63.044114035293454
2026-03-12 05:06:08.000000000,26.044659941183458
2026-03-12 05:43:24.000000000,47.892053976107924
2026-03-12 05:41:31.000000000,55.38088068860162
2026-03-12 05:18:13.000000000,31.03959813297929
2026-03-12 05:30:31.000000000,110.29007996566314
2026-03-12 05:42:11.000000000,21.844992410054456
2026-03-12 05:28:18.000000000,15.992174163877012
2026-03-12 06:44:12.000000000,11.97179462349474
2026-03-12 06:51:44.000000000,14.274282548214996
2026-03-12 06:48:06.000000000,10.059492075107835
2026-03-12 06:28:56.000000000,61.88051436876309
2026-03-12 06:29:38.000000000,17.83838694404444
2026-03-12 06:43:36.000000000,20.75260282947251
2026-03-12 06:48:58.000000000,14.837207715062139
2026-03-12 06:38:13.000000000,23.36459952493248
2026-03-12 06:07:24.000000000,9.42983193676705
2026-03-12 06:18:10.000000000,45.31203127434872
2026-03-12 06:07:57.000000000,21.684502707001133
2026-03-12 07:56:27.000000000,11.287617251793128
2026-03-12 07:12:36.000000000,13.558263475995739
2026-03-12 07:52:39.000000000,14.721529429236282
2026-03-12 07:58:22.000000000,40.60328048987967
2026-03-12 07:34:03.000000000,17.160440876738942
2026-03-12 07:16:44.000000000,24.440174833159684
2026-03-12 07:29:44.000000000,67.30187451555511
2026-03-12 07:10:09.000000000,38.83060592378954
2026-03-12 07:05:58.000000000,88.87412569730968
2026-03-12 07:37:02.000000000,39.61823054523227
2026-03-12 07:44:32.000000000,29.161262174714256
2026-03-12 07:27:07.000000000,39.305766752439
2026-03-12 07:34:20.000000000,24.937829724959343
2026-03-12 07:14:15.000000000,70.87657499898762
2026-03-12 07:02:27.000000000,37.942615090280675
2026-03-12 07:19:15.000000000,55.2225813576914
2026-03-12 07:07:08.000000000,19.49814128284806
2026-03-12 07:20:41.000000000,19.042024586751342
2026-03-12 07:38:06.000000000,21.6299378174058
2026-03-12 07:12:36.000000000,114.34154845082999
2026-03-12 08:28:10.000000000,14.290264752298695
2026-03-12 08:44:14.000000000,13.641838673798313
2026-03-12 08:01:11.000000000,22.945822530739694
2026-03-12 08:52:56.000000000,52.578970291048975
2026-03-12 08:00:11.000000000,36.90352720460384
2026-03-12 08:30:03.000000000,32.050335185647185
2026-03-12 08:42:50.000000000,50.09528664531182
2026-03-12 08:09:56.000000000,45.414524313600786
2026-03-12 08:38:05.000000000,23.849998071339666
2026-03-12 08:30:57.000000000,17.108435394127465
2026-03-12 08:40:44.000000000,11.542074281321204
2026-03-12 08:02:42.000000000,25.398660772193644
2026-03-12 08:47:06.000000000,26.438062318648814
2026-03-12 08:44:41.000000000,39.150042050884004
2026-03-12 08:12:59.000000000,15.275373259230088
2026-03-12 08:01:52.000000000,34.967210263161455
2026-03-12 08:42:31.000000000,49.141609692909014
2026-03-12 08:37:28.000000000,25.716259699545294
2026-03-12 08:46:28.000000000,17.21472801281425
2026-03-12 08:28:14.000000000,20.940370078516427
2026-03-12 08:08:08.000000000,56.207473821913055
2026-03-12 08:41:41.000000000,30.950635899333246
2026-03-12 08:48:40.000000000,34.1371106598446
2026-03-12 09:34:48.000000000,32.96343478299225
2026-03-12 09:44:59.000000000,13.109980405142425
2026-03-12 09:48:15.000000000,19.812313139033154
2026-03-12 09:22:25.000000000,49.73165542826313
2026-03-12 09:25:42.000000000,31.107992526136332
2026-03-12 09:15:26.000000000,17.596165325247448
2026-03-12 09:06:29.000000000,14.293773592685659
2026-03-12 09:00:58.000000000,26.037712812907326
2026-03-12 09:48:41.000000000,33.58900923077418
2026-03-12 09:01:24.000000000,31.44715315782175
2026-03-12 09:14:46.000000000,41.904013275412225
2026-03-12 09:51:44.000000000,24.613187801767975
2026-03-12 09:07:44.000000000,11.74864362490773
2026-03-12 09:23:16.000000000,29.03503707724801
2026-03-12 09:37:31.000000000,24.994012579054903
2026-03-12 09:05:55.000000000,111.85283607078915
2026-03-12 09:16:11.000000000,43.043756304145276
2026-03-12 09:37:33.000000000,31.451032890059334
2026-03-12 09:43:12.000000000,20.36899351021904
2026-03-12 09:59:52.000000000,12.399981322863338
2026-03-12 09:28:04.000000000,15.748808368848268
2026-03-12 09:19:51.000000000,41.004743956139976
2026-03-12 09:41:16.000000000,11.27780936326814
2026-03-12 09:45:22.000000000,18.840902144715532
2026-03-12 09:06:22.000000000,17.99799163036464
2026-03-12 09:21:15.000000000,29.886191826488574
2026-03-12 10:06:38.000000000,72.26482283211867
2026-03-12 10:07:56.000000000,24.718832907049798
2026-03-12 10:33:44.000000000,54.086205254788
2026-03-12 10:35:31.000000000,12.01943319613847
2026-03-12 10:51:08.000000000,25.99949834041815
2026-03-12 10:34:14.000000000,16.668382809064152
2026-03-12 10:06:36.000000000,30.84621041564763
2026-03-12 10:21:08.000000000,84.45102833564611
2026-03-12 10:10:13.000000000,42.69798473194174
2026-03-12 10:34:17.000000000,22.228797393044854
2026-03-12 10:15:57.000000000,16.94926159441486
2026-03-12 10:55:05.000000000,36.17880814332081
2026-03-12 11:41:32.000000000,64.42910850213529
2026-03-12 11:58:19.000000000,21.793056790629844
2026-03-12 11:11:18.000000000,23.83390363142458
2026-03-12 11:40:32.000000000,11.7123829113159
2026-03-12 11:10:40.000000000,52.453417276714205
2026-03-12 11:06:51.000000000,12.751264221598719
2026-03-12 11:28:03.000000000,9.632430232583141
2026-03-12 11:44:09.000000000,15.755228563829627
2026-03-12 11:41:12.000000000,33.99875412478706
2026-03-12 11:00:05.000000000,23.30196875940302
2026-03-12 11:36:11.000000000,24.477137923801095
2026-03-12 11:08:23.000000000,33.92005740840123
2026-03-12 11:36:44.000000000,19.6585212500269
2026-03-12 11:10:59.000000000,21.98431625388014
2026-03-12 11:43:02.000000000,15.883518047033137
2026-03-12 11:42:22.000000000,35.3932809629601
2026-03-12 11:39:35.000000000,29.579261376845754
2026-03-12 12:12:23.000000000,10.159670025532025
2026-03-12 12:10:04.000000000,9.825312913044115
2026-03-12 12:53:12.000000000,26.789706200831848
2026-03-12 12:02:08.000000000,20.687194713507726
2026-03-12 12:52:01.000000000,75.29964565224104
2026-03-12 12:16:08.000000000,59.452513815747615
2026-03-12 12:46:28.000000000,21.16816024633083
2026-03-12 12:54:30.000000000,22.69866978720157
2026-03-12 12:55:25.000000000,35.4262830238166
2026-03-12 12:12:48.000000000,18.672195306701557
2026-03-12 12:05:39.000000000,93.70737764293735
2026-03-12 12:43:12.000000000,29.889171140238734
2026-03-12 12:14:56.000000000,5.885705354351079
2026-03-12 12:01:56.000000000,36.57182559518557
2026-03-12 12:05:47.000000000,112.1450234829754
2026-03-12 12:13:37.000000000,21.27902504500602
2026-03-12 13:02:28.000000000,142.95884925989958
2026-03-12 13:44:24.000000000,69.08805106421353
2026-03-12 13:40:00.000000000,25.53266035411912
2026-03-12 13:13:41.000000000,24.088801229842705
2026-03-12 13:08:32.000000000,34.828183031562965
2026-03-12 13:56:14.000000000,47.43971358687791
2026-03-12 13:09:43.000000000,75.70252652741857
2026-03-12 13:47:57.000000000,17.087179395338485
2026-03-12 13:49:34.000000000,17.318154691808076
2026-03-12 13:51:08.000000000,15.35750899122222
2026-03-12 13:32:56.000000000,14.966522074632913
2026-03-12 13:56:31.000000000,16.814753189891295
2026-03-12 13:03:19.000000000,14.282488040507406
2026-03-12 13:11:37.000000000,13.413563233126771
2026-03-12 13:41:50.000000000,34.75470332061123
2026-03-12 14:07:38.000000000,51.10645287269417
2026-03-12 14:16:27.000000000,9.808494859049661
2026-03-12 14:46:38.000000000,72.2969461475201
2026-03-12 14:59:46.000000000,30.96304767532902
2026-03-12 14:09:51.000000000,12.540782380433301
2026-03-12 14:00:55.000000000,111.40976809454996
2026-03-12 14:27:53.000000000,48.20513029251789
2026-03-12 14:18:34.000000000,20.118339348527424
2026-03-12 14:18:40.000000000,13.786434331979807
2026-03-12 14:47:15.000000000,10.43103772618877
2026-03-12 14:20:40.000000000,18.321478738607535
2026-03-12 14:42:46.000000000,64.10870506497012
2026-03-12 14:12:24.000000000,11.387010025317513
2026-03-12 14:19:13.000000000,68.8412517001831
2026-03-12 14:42:53.000000000,11.33543633948102
2026-03-12 14:57:11.000000000,73.82854755109899
2026-03-12 14:43:17.000000000,17.783048327578907
2026-03-12 14:45:04.000000000,15.474650998343515
2026-03-12 14:43:39.000000000,13.13578800100868
2026-03-12 14:05:40.000000000,28.753878528179097
2026-03-12 14:49:00.000000000,24.51065428482337
2026-03-12 14:29:51.000000000,31.193132254285917
2026-03-12 14:01:30.000000000,17.112482933532682
2026-03-12 14:39:23.000000000,32.615710187525906
2026-03-12 14:31:07.000000000,30.820714536436082
2026-03-12 14:43:03.000000000,23.244369515335315
2026-03-12 14:08:13.000000000,37.467364640158785
2026-03-12 14:23:00.000000000,24.013294341037824
2026-03-12 15:41:23.000000000,23.923552227297815
2026-03-12 15:17:08.000000000,50.79620204025192
2026-03-12 15:44:36.000000000,13.91541975698919
2026-03-12 15:00:42.000000000,27.522762869958672
2026-03-12 15:20:14.000000000,32.71309475233576
2026-03-12 15:42:22.000000000,16.580610600678575
2026-03-12 15:08:22.000000000,21.661730823744676
2026-03-12 15:05:25.000000000,47.39745305648238
2026-03-12 15:49:14.000000000,15.138028191744379
2026-03-12 15:15:09.000000000,17.9869110842882
2026-03-12 15:29:11.000000000,18.463429862739304
2026-03-12 15:21:48.000000000,39.86335449586994
2026-03-12 15:34:01.000000000,12.922499418327552
2026-03-12 15:40:40.000000000,59.37056184626455
2026-03-12 16:07:40.000000000,24.966898280096142
2026-03-12 16:13:17.000000000,11.607700619070366
2026-03-12 16:28:48.000000000,51.237293981496165
2026-03-12 16:11:55.000000000,41.00571213790922
2026-03-12 16:50:02.000000000,23.8824330696181
2026-03-12 16:07:51.000000000,14.505239530841548
2026-03-12 16:53:10.000000000,10.232983997842426
2026-03-12 16:37:41.000000000,21.66818219461158
2026-03-12 16:06:11.000000000,14.727427513294193
2026-03-12 16:36:24.000000000,26.059537844371572
2026-03-12 16:53:54.000000000,15.98795521747102
2026-03-12 16:38:02.000000000,14.667759434613428
2026-03-12 16:55:40.000000000,25.4925037591812
2026-03-12 16:12:34.000000000,12.33439215303324
2026-03-12 16:41:02.000000000,13.02071809194191
2026-03-12 16:26:19.000000000,15.244211714886143
2026-03-12 16:18:43.000000000,22.167584083283085
2026-03-12 16:29:04.000000000,30.84371846143615
2026-03-12 16:52:43.000000000,18.92826913437855
2026-03-12 16:33:45.000000000,19.275099474493043
2026-03-12 16:08:23.000000000,38.73567096996301
2026-03-12 16:10:25.000000000,160.61169503899862
2026-03-12 16:24:53.000000000,19.6069056425236
2026-03-12 16:10:06.000000000,16.981376321646234
2026-03-12 16:19:22.000000000,37.526310218648355
2026-03-12 17:37:53.000000000,15.846158594740237
2026-03-12 17:33:22.000000000,60.155727231649735
2026-03-12 17:36:34.000000000,57.11301080879868
2026-03-12 17:32:01.000000000,147.6856000338899
2026-03-12 17:04:03.000000000,17.490029747056802
2026-03-12 17:40:29.000000000,59.46250708695884
2026-03-12 17:15:04.000000000,30.48091544379042
2026-03-12 17:36:15.000000000,34.39521135962742
2026-03-12 17:24:48.000000000,37.25048724242823
2026-03-12 17:04:35.000000000,23.27160580195545
2026-03-12 17:15:54.000000000,33.794762577487354
2026-03-12 17:13:58.000000000,20.914172665599438
2026-03-12 17:48:27.000000000,25.579388657751213
2026-03-12 17:01:09.000000000,133.50696838011413
2026-03-12 17:41:32.000000000,16.533715352818096
2026-03-12 17:24:16.000000000,65.90018123883809
2026-03-12 17:39:06.000000000,30.114166163980034
2026-03-12 17:14:05.000000000,61.78644056658912
2026-03-12 17:36:45.000000000,18.261609436868333
2026-03-12 17:43:42.000000000,14.12232554949067
2026-03-12 17:10:48.000000000,56.54256744968528
2026-03-12 17:17:25.000000000,21.962117534716466
2026-03-12 17:39:17.000000000,34.31455753865871
2026-03-12 18:51:58.000000000,29.303555619575466
2026-03-12 18:40:26.000000000,32.942003302038096
2026-03-12 18:22:15.000000000,26.67082246870112
2026-03-12 18:02:32.000000000,30.024543724992323
2026-03-12 18:02:33.000000000,37.370521420176004
2026-03-12 18:09:04.000000000,15.522310834963557
2026-03-12 18:45:10.000000000,24.58741900192052
2026-03-12 18:32:53.000000000,12.91375645878331
2026-03-12 18:10:46.000000000,20.330232129802784
2026-03-12 18:58:00.000000000,19.909461976730885
2026-03-12 18:51:51.000000000,21.39221749612018
2026-03-12 18:49:19.000000000,43.874172649870324
2026-03-12 18:16:55.000000000,45.01942029911408
2026-03-12 18:35:59.000000000,13.297270803943492
2026-03-12 18:40:47.000000000,15.496270089505897
2026-03-12 18:33:52.000000000,13.397029986823755
2026-03-12 18:35:30.000000000,16.998879285672814
2026-03-12 18:16:35.000000000,27.268418532956023
2026-03-12 18:12:43.000000000,13.692114148810331
2026-03-12 18:01:56.000000000,28.64605830724378
2026-03-12 18:05:42.000000000,11.570625243652875
2026-03-12 18:08:48.000000000,17.41386217579631
2026-03-12 18:55:50.000000000,26.645442790635673
2026-03-12 19:32:12.000000000,15.228784294274279
2026-03-12 19:28:09.000000000,34.53234083079043
2026-03-12 19:16:52.000000000,37.14634247748773
2026-03-12 19:42:22.000000000,24.77249203877898
2026-03-12 19:49:25.000000000,40.067631358287244
2026-03-12 19:58:28.000000000,11.949277403309702
2026-03-12 19:03:27.000000000,32.271477329028144
2026-03-12 19:14:48.000000000,38.28238564624743
2026-03-12 19:12:00.000000000,29.646595584765667
2026-03-12 19:10:53.000000000,29.9319880870264
2026-03-12 19:47:07.000000000,41.07534286834608
2026-03-12 19:05:03.000000000,17.17077293034925
2026-03-12 19:57:21.000000000,15.938091094055375
2026-03-12 19:29:16.000000000,27.215280276999025
2026-03-12 19:42:16.000000000,30.540579673060055
2026-03-12 19:36:28.000000000,18.62498251439252
2026-03-12 19:52:21.000000000,16.850298640987273
2026-03-12 19:23:49.000000000,24.384723487215172
2026-03-12 19:18:29.000000000,14.125940194216115
2026-03-12 19:44:07.000000000,20.1259272389463
2026-03-12 19:00:18.000000000,66.69674896286102
2026-03-12 19:25:58.000000000,12.485741875961983
2026-03-12 19:39:02.000000000,132.60249212529155
2026-03-12 19:41:40.000000000,78.74466536104099
2026-03-12 19:58:47.000000000,61.13586820595003
2026-03-12 19:17:43.000000000,18.251619959338168
2026-03-12 19:39:24.000000000,22.18872828306528
2026-03-12 19:15:02.000000000,41.879528078371806
2026-03-12 20:10:26.000000000,18.936801946466527
2026-03-12 20:09:28.000000000,34.378357709765766
2026-03-12 20:15:24.000000000,11.961899834480183
2026-03-12 20:43:12.000000000,24.711091310052403
2026-03-12 20:28:10.000000000,38.25097465266219
2026-03-12 20:48:45.000000000,58.958013267087345
2026-03-12 20:39:25.000000000,22.227531154126222
2026-03-12 20:30:16.000000000,13.584284154660702
2026-03-12 20:55:45.000000000,13.95048511472992
2026-03-12 20:53:26.000000000,13.58688508609863
2026-03-12 20:32:35.000000000,13.08842093166657
2026-03-12 20:36:23.000000000,56.841459606484236
2026-03-12 20:06:21.000000000,19.30378875648204
2026-03-12 20:35:14.000000000,70.14371253879493
2026-03-12 20:44:40.000000000,46.861519488916606
2026-03-12 20:05:12.000000000,45.93396756507645
2026-03-12 20:45:38.000000000,72.29731410026623
2026-03-12 20:47:31.000000000,28.006881757146928
2026-03-12 20:31:41.000000000,15.514173252798619
2026-03-12 20:24:10.000000000,32.09139891497825
2026-03-12 21:56:06.000000000,21.571496518086484
2026-03-12 21:32:23.000000000,15.862518944678895
2026-03-12 21:48:55.000000000,37.5647882766614
2026-03-12 21:51:55.000000000,40.09793180530088
2026-03-12 21:24:48.000000000,12.790730533862723
2026-03-12 21:58:13.000000000,19.53664006837209
2026-03-12 21:55:22.000000000,17.885939823721966
2026-03-12 21:17:55.000000000,14.286057577502342
2026-03-12 21:34:17.000000000,27.94482923831404
2026-03-12 21:39:54.000000000,10.79570851545652
2026-03-12 21:12:30.000000000,28.095788578853618
2026-03-12 21:33:00.000000000,35.2691036111791
2026-03-12 21:14:38.000000000,21.910369625093807
2026-03-12 21:50:46.000000000,14.228873654490421
2026-03-12 21:58:41.000000000,16.638629528789142
2026-03-12 21:05:30.000000000,137.26541713689068
2026-03-12 21:56:50.000000000,19.73408161534014
2026-03-12 21:34:03.000000000,14.05143811904325
2026-03-12 21:19:25.000000000,59.74741261181768
2026-03-12 22:54:30.000000000,48.89317323746579
2026-03-12 22:09:46.000000000,17.16452170740848
2026-03-12 22:52:57.000000000,18.525317978327717
2026-03-12 22:56:56.000000000,43.70433421764727
2026-03-12 22:56:36.000000000,14.230535227687392
2026-03-12 22:35:55.000000000,48.19331187585787
2026-03-12 22:14:09.000000000,10.179306696301166
2026-03-12 22:22:35.000000000,50.52129871995007
2026-03-12 22:07:06.000000000,46.21657605973374
2026-03-12 22:23:01.000000000,21.955016763189622
2026-03-12 22:21:02.000000000,135.23922856644262
2026-03-12 22:05:40.000000000,70.24433360456658
2026-03-12 22:06:13.000000000,116.13327084411894
2026-03-12 22:18:23.000000000,13.616699232118105
2026-03-12 22:53:59.000000000,26.097152115428063
2026-03-12 22:36:04.000000000,25.99387695034005
2026-03-12 22:35:18.000000000,23.966907273375927
2026-03-12 22:37:51.000000000,21.760075954172574
2026-03-12 22:13:33.000000000,58.79928531209122
2026-03-12 22:44:14.000000000,24.48367794216702
2026-03-12 22:50:56.000000000,19.219925817772502
2026-03-12 23:44:18.000000000,25.99214589370698
2026-03-12 23:34:50.000000000,73.50432927581014
2026-03-12 23:24:04.000000000,17.452878910289787
2026-03-12 23:58:34.000000000,38.345066893619695
2026-03-12 23:42:34.000000000,22.195341591717234
2026-03-12 23:02:25.000000000,35.05886563915053
2026-03-12 23:04:55.000000000,10.574217036898576
2026-03-12 23:49:19.000000000,27.578671491527277
2026-03-12 23:28:39.000000000,24.41058199923371
2026-03-13 00:22:07.000000000,68.71630894558636
2026-03-13 00:17:10.000000000,27.358811522503505
2026-03-13 00:54:46.000000000,15.295809292802781
2026-03-13 00:16:50.000000000,17.71463517841089
2026-03-13 00:42:42.000000000,20.16181967411009
2026-03-13 00:51:56.000000000,17.447530251241524
2026-03-13 00:22:20.000000000,16.05611027380606
2026-03-13 00:38:17.000000000,11.266724211503922
2026-03-13 00:23:49.000000000,79.24955851827666
2026-03-13 00:22:25.000000000,40.47191398909097
2026-03-13 00:41:21.000000000,10.334814172147793
2026-03-13 01:16:13.000000000,19.503998417710637
2026-03-13 01:08:17.000000000,35.48644757627969
2026-03-13 01:49:09.000000000,17.266571004580904
2026-03-13 01:39:56.000000000,11.916694371566413
2026-03-13 01:34:41.000000000,48.09395711103344
2026-03-13 01:28:00.000000000,24.15824673515123
2026-03-13 02:42:12.000000000,48.798113155682195
2026-03-13 02:16:35.000000000,80.95030197052
2026-03-13 02:14:24.000000000,43.795175306030025
2026-03-13 03:37:36.000000000,17.24963989148689
2026-03-13 03:43:12.000000000,22.98288351010007
2026-03-13 04:10:07.000000000,34.50973788183371
2026-03-13 04:39:20.000000000,47.818873417540715
2026-03-13 04:19:14.000000000,22.13260366210881
2026-03-13 04:28:50.000000000,54.98782059928443
2026-03-13 04:16:59.000000000,46.91215476656963
2026-03-13 04:43:18.000000000,95.25707861438818
2026-03-13 04:14:25.000000000,15.199202242366095
2026-03-13 05:34:10.000000000,117.69761723617476
2026-03-13 05:17:50.000000000,17.22629003764122
2026-03-13 05:19:57.000000000,60.33811508659541
2026-03-13 05:40:55.000000000,17.48485618661583
2026-03-13 05:32:09.000000000,48.05578372565144
2026-03-13 06:03:50.000000000,25.315731829436704
2026-03-13 06:46:55.000000000,14.445950998869849
2026-03-13 06:03:01.000000000,24.95513092190677
2026-03-13 06:50:56.000000000,83.35430282349422
2026-03-13 06:47:25.000000000,16.950293445194653
2026-03-13 07:56:30.000000000,42.01236585310013
2026-03-13 07:04:04.000000000,23.938474461316464
2026-03-13 07:39:58.000000000,17.600039778316983
2026-03-13 07:31:30.000000000,37.15506962499478
2026-03-13 07:42:03.000000000,38.10455348643185
2026-03-13 07:29:13.000000000,22.096195083700515
2026-03-13 07:15:38.000000000,32.473134210190885
2026-03-13 07:55:02.000000000,17.56173311875307
2026-03-13 07:01:16.000000000,100.89241424770759
2026-03-13 07:54:32.000000000,13.791035175093919
2026-03-13 07:13:45.000000000,26.070397568509787
2026-03-13 07:07:07.000000000,16.4261794093706
2026-03-13 07:00:03.000000000,24.4145842336343
2026-03-13 07:06:43.000000000,24.70984369099082
2026-03-13 07:25:05.000000000,14.626573915955984
2026-03-13 07:35:25.000000000,58.875358666472394
2026-03-13 08:11:50.000000000,36.86535455020264
2026-03-13 08:12:28.000000000,25.356276955581176
2026-03-13 08:35:07.000000000,32.032224181364526
2026-03-13 08:02:46.000000000,75.75008617679423
2026-03-13 08:44:24.000000000,63.6338499035199
2026-03-13 08:41:05.000000000,19.070464314577446
2026-03-13 08:03:37.000000000,22.04091537420335
2026-03-13 08:25:33.000000000,22.82710221470216
2026-03-13 08:18:27.000000000,14.710671479319666
2026-03-13 08:33:53.000000000,24.1502586068578
2026-03-13 08:28:36.000000000,22.288591588789874
2026-03-13 08:47:03.000000000,21.726454999878268
2026-03-13 08:51:00.000000000,94.68321213388228
2026-03-13 08:00:35.000000000,44.928042965587174
2026-03-13 08:20:38.000000000,14.17411935150131
2026-03-13 08:16:57.000000000,13.962346134522841
2026-03-13 08:32:00.000000000,28.747564472383647
2026-03-13 08:52:38.000000000,40.62124899427215
2026-03-13 08:00:57.000000000,20.741747053315944
2026-03-13 08:32:34.000000000,60.0517643490994
2026-03-13 08:26:29.000000000,22.895991474675093
2026-03-13 08:25:43.000000000,88.37986912713872
2026-03-13 08:03:48.000000000,38.402342160606445
2026-03-13 09:46:49.000000000,27.517122136136894
2026-03-13 09:33:31.000000000,13.920791772990524
2026-03-13 09:16:49.000000000,19.39950767983466
2026-03-13 09:00:34.000000000,12.184502465978596
2026-03-13 09:01:13.000000000,65.91414104661447
2026-03-13 09:54:33.000000000,19.869604988673235
2026-03-13 09:55:19.000000000,27.835047458468072
2026-03-13 09:41:33.000000000,14.016288413495825
2026-03-13 09:08:34.000000000,42.204003832605444
2026-03-13 09:27:51.000000000,24.369144378645462
2026-03-13 09:10:54.000000000,22.150662328311675
2026-03-13 09:06:29.000000000,16.85924370394861
2026-03-13 09:47:27.000000000,32.02487554660519
2026-03-13 10:53:00.000000000,42.76306997639219
2026-03-13 10:17:32.000000000,37.83188314320347
2026-03-13 10:26:52.000000000,13.538473592782344
2026-03-13 10:42:17.000000000,11.42611724732775
2026-03-13 10:56:31.000000000,13.916004205894495
2026-03-13 10:56:12.000000000,20.1628219884872
2026-03-13 10:25:53.000000000,16.843940760270844
2026-03-13 10:54:06.000000000,11.7852757593185
2026-03-13 10:40:58.000000000,15.86475729543985
2026-03-13 10:18:33.000000000,14.085837950813785
2026-03-13 11:44:09.000000000,21.353146292686713
2026-03-13 11:58:57.000000000,13.532243587284613
2026-03-13 11:41:21.000000000,30.10392517585536
2026-03-13 11:07:41.000000000,42.055735774008326
2026-03-13 11:35:26.000000000,67.92469047806976
2026-03-13 11:37:53.000000000,38.622091383603355
2026-03-13 11:41:00.000000000,18.45504748685646
2026-03-13 11:28:28.000000000,26.037128433203694
2026-03-13 11:16:11.000000000,14.944236347568149
2026-03-13 11:10:18.000000000,16.615592417122162
2026-03-13 11:46:03.000000000,20.150413670962198
2026-03-13 11:08:35.000000000,20.746964550875493
2026-03-13 11:50:26.000000000,29.562059178359295
2026-03-13 12:21:14.000000000,70.72797463068996
2026-03-13 12:37:22.000000000,17.93190154918751
2026-03-13 12:01:41.000000000,29.745252491655958
2026-03-13 12:20:17.000000000,104.29932611470467
2026-03-13 12:16:03.000000000,18.15380838074554
2026-03-13 12:17:40.000000000,10.930703557073317
2026-03-13 12:48:23.000000000,14.299943617424274
2026-03-13 12:10:15.000000000,19.68861291037917
2026-03-13 13:00:07.000000000,31.41909315814581
2026-03-13 13:32:19.000000000,16.141062294523632
2026-03-13 13:46:25.000000000,12.57025715568865
2026-03-13 13:31:51.000000000,21.900570508870896
2026-03-13 13:08:24.000000000,25.885771958130448
2026-03-13 13:02:56.000000000,23.635508619354663
2026-03-13 13:07:08.000000000,10.24698984160655
2026-03-13 13:05:03.000000000,39.20974260737769
2026-03-13 13:29:25.000000000,28.307972960507545
2026-03-13 13:24:52.000000000,36.406782303472376
2026-03-13 13:01:59.000000000,26.553543389665247
2026-03-13 14:11:27.000000000,25.747060120382887
2026-03-13 14:37:42.000000000,33.43494047498719
2026-03-13 14:07:15.000000000,51.627473512897616
2026-03-13 14:58:57.000000000,19.000364155808644
2026-03-13 14:15:56.000000000,10.965277486935621
2026-03-13 14:08:38.000000000,11.386811840295874
2026-03-13 14:37:22.000000000,23.039222173398695
2026-03-13 14:01:22.000000000,28.62302840710939
2026-03-13 14:51:44.000000000,77.52088258323754
2026-03-13 14:57:16.000000000,17.048336368862326
2026-03-13 14:33:11.000000000,24.449630058083265
2026-03-13 14:15:50.000000000,13.449092726035184
2026-03-13 14:59:29.000000000,378.70218309711845
2026-03-13 14:10:42.000000000,54.48292091742551
2026-03-13 14:23:34.000000000,10.463646370785296
2026-03-13 14:16:51.000000000,17.408004116723568
2026-03-13 14:42:49.000000000,33.5293011534099
2026-03-13 14:02:43.000000000,13.910863887561435
2026-03-13 15:20:01.000000000,15.600737761838646
2026-03-13 15:21:23.000000000,11.029011582863555
2026-03-13 15:05:29.000000000,26.899109643747998
2026-03-13 15:46:32.000000000,15.358954586066817
2026-03-13 15:25:21.000000000,53.38240424649475
2026-03-13 15:20:08.000000000,35.94981975562107
2026-03-13 15:12:16.000000000,41.44795235920667
2026-03-13 15:04:38.000000000,20.459119381446776
2026-03-13 15:30:08.000000000,23.819497122973846
2026-03-13 15:13:07.000000000,14.559889569723508
2026-03-13 15:19:54.000000000,20.932148369777547
2026-03-13 15:18:28.000000000,33.71710931825412
2026-03-13 15:15:07.000000000,25.39606643576882
2026-03-13 15:54:15.000000000,23.349279577791247
2026-03-13 15:17:10.000000000,21.210368187906532
2026-03-13 15:42:22.000000000,45.292114272381546
2026-03-13 15:49:19.000000000,143.42893618146283
2026-03-13 15:44:43.000000000,19.83149040235395
2026-03-13 15:43:20.000000000,25.50762632612728
2026-03-13 15:00:45.000000000,158.24300961311258
2026-03-13 15:10:22.000000000,54.20580579172893
2026-03-13 15:54:11.000000000,32.36306387873832
2026-03-13 15:38:17.000000000,14.752423320721935
2026-03-13 16:38:18.000000000,32.00321335413058
2026-03-13 16:53:15.000000000,34.90868541142574
2026-03-13 16:22:14.000000000,22.769976658287977
2026-03-13 16:55:10.000000000,22.005057738439685
2026-03-13 16:38:37.000000000,151.14061130668495
2026-03-13 16:19:03.000000000,19.52256407389685
2026-03-13 16:11:04.000000000,37.283359373437165
2026-03-13 16:09:39.000000000,14.172603975226851
2026-03-13 16:27:53.000000000,16.623425185751515
2026-03-13 16:30:29.000000000,56.322301983546716
2026-03-13 16:38:54.000000000,12.823981599319676
2026-03-13 16:37:12.000000000,136.11226310028286
2026-03-13 16:03:40.000000000,20.264577920240807
2026-03-13 16:38:09.000000000,27.30986225678581
2026-03-13 16:47:39.000000000,14.800474453657513
2026-03-13 16:01:48.000000000,37.82393875206391
2026-03-13 17:40:03.000000000,22.870778703979244
2026-03-13 17:58:18.000000000,19.29461647129867
2026-03-13 17:04:52.000000000,136.5149538958663
2026-03-13 17:25:26.000000000,47.68419518031053
2026-03-13 17:47:33.000000000,16.239664640922335
2026-03-13 17:40:17.000000000,39.24644965082876
2026-03-13 17:31:57.000000000,14.614925154663998
2026-03-13 17:30:02.000000000,34.666630302066075
2026-03-13 17:55:50.000000000,30.912829184893464
2026-03-13 17:13:59.000000000,21.93334989391401
2026-03-13 17:18:25.000000000,13.004894611120266
2026-03-13 17:37:15.000000000,18.265819595964274
2026-03-13 17:12:37.000000000,16.579995045946443
2026-03-13 17:05:40.000000000,12.911460084639112
2026-03-13 17:40:20.000000000,20.590222733439912
2026-03-13 17:15:02.000000000,16.611959364096585
2026-03-13 17:17:28.000000000,26.260795736333407
2026-03-13 17:59:42.000000000,45.19567210985593
2026-03-13 17:33:51.000000000,53.649284190039616
2026-03-13 17:03:47.000000000,15.709073667182201
2026-03-13 17:03:18.000000000,20.134442966037636
2026-03-13 17:07:01.000000000,27.886749192348915
2026-03-13 17:17:59.000000000,51.47625458314374
2026-03-13 17:22:42.000000000,16.417288157509674
2026-03-13 17:49:03.000000000,13.202039694241764
2026-03-13 17:20:15.000000000,31.66181213651714
2026-03-13 18:03:21.000000000,16.700086749717627
2026-03-13 18:41:34.000000000,19.841772035983706
2026-03-13 18:10:51.000000000,34.543941040945874
2026-03-13 18:05:18.000000000,12.996484782368507
2026-03-13 18:39:30.000000000,55.98515048588273
2026-03-13 18:01:03.000000000,15.761050475014374
2026-03-13 18:22:29.000000000,73.10748646152035
2026-03-13 18:27:08.000000000,19.25021370570332
2026-03-13 18:55:14.000000000,13.000434108729143
2026-03-13 18:28:57.000000000,33.90313650552712
2026-03-13 18:11:24.000000000,18.792891401321835
2026-03-13 18:24:26.000000000,41.68851461759926
2026-03-13 18:38:39.000000000,15.026325054075956
2026-03-13 18:24:54.000000000,50.37113066873729
2026-03-13 18:04:07.000000000,35.330453971740056
2026-03-13 18:59:19.000000000,35.45522872448507
2026-03-13 18:19:58.000000000,24.73807930501683
2026-03-13 18:08:19.000000000,13.885698120082338
2026-03-13 19:32:21.000000000,27.03121280273746
2026-03-13 19:12:00.000000000,10.998605256955644
2026-03-13 19:13:04.000000000,84.31174676431917
2026-03-13 19:24:18.000000000,78.0815582371175
2026-03-13 19:02:56.000000000,43.058810648178266
2026-03-13 19:56:02.000000000,11.397585703056484
2026-03-13 19:15:18.000000000,28.28429359541531
2026-03-13 19:07:56.000000000,20.99290783156896
2026-03-13 19:46:53.000000000,13.34830881063043
2026-03-13 19:58:44.000000000,11.084456625723357
2026-03-13 19:32:17.000000000,42.292353772887225
2026-03-13 19:00:09.000000000,26.157727223295584
2026-03-13 19:32:46.000000000,47.08700888769943
2026-03-13 19:30:42.000000000,55.080308858159945
2026-03-13 19:33:05.000000000,36.71369698178304
2026-03-13 19:18:35.000000000,37.864236778067074
2026-03-13 19:56:18.000000000,55.22344027963833
2026-03-13 19:00:20.000000000,33.088964771821004
2026-03-13 20:59:10.000000000,12.195748472829324
2026-03-13 20:11:55.000000000,16.569077092719436
2026-03-13 20:39:29.000000000,41.52348729675388
2026-03-13 20:54:22.000000000,19.344713907551064
2026-03-13 20:56:08.000000000,14.028674159671825
2026-03-13 20:30:07.000000000,49.022664991021394
2026-03-13 20:30:01.000000000,14.073271528413146
2026-03-13 20:45:04.000000000,46.470687717470604
2026-03-13 20:17:10.000000000,23.009832626070935
2026-03-13 20:25:09.000000000,19.276192798079986
2026-03-13 20:43:14.000000000,34.01646337332256
2026-03-13 20:34:51.000000000,36.62286318556306
2026-03-13 20:02:06.000000000,29.69137042627518
2026-03-13 20:32:18.000000000,14.4896780005509
2026-03-13 20:22:14.000000000,29.687722515536844
2026-03-13 20:19:50.000000000,13.491298265239783
2026-03-13 20:23:39.000000000,36.54606056121079
2026-03-13 20:24:50.000000000,16.63432763930064
2026-03-13 20:06:12.000000000,13.727366562473138
2026-03-13 20:26:54.000000000,24.317781236755454
2026-03-13 20:08:36.000000000,20.069592021996883
2026-03-13 20:30:37.000000000,30.606792110538308
2026-03-13 20:02:05.000000000,12.043358737879077
2026-03-13 20:25:31.000000000,24.081509341920647
2026-03-13 20:58:36.000000000,15.28159834623679
2026-03-13 20:21:01.000000000,12.167754271262448
2026-03-13 20:12:03.000000000,29.653298887077487
2026-03-13 21:45:42.000000000,16.578264596234618
2026-03-13 21:46:48.000000000,30.20318232825449
2026-03-13 21:03:05.000000000,56.12619947803734
2026-03-13 21:41:00.000000000,16.214243568877386
2026-03-13 21:58:11.000000000,42.45673734242596
2026-03-13 21:19:35.000000000,12.877590401690645
2026-03-13 21:05:47.000000000,43.47477168657352
2026-03-13 21:37:54.000000000,31.533428582198052
2026-03-13 21:07:40.000000000,50.6171580529249
2026-03-13 21:12:42.000000000,34.03236575630225
2026-03-13 21:40:16.000000000,12.201170122144172
2026-03-13 21:48:37.000000000,43.63099683808484
2026-03-13 21:07:23.000000000,20.05009318156637
2026-03-13 21:31:41.000000000,14.795152152553564
2026-03-13 21:43:58.000000000,18.96049776946051
2026-03-13 21:58:14.000000000,13.026853382019649
2026-03-13 21:13:30.000000000,25.128486644965488
2026-03-13 21:38:47.000000000,15.201166644809097
2026-03-13 21:07:20.000000000,115.22630124148664
2026-03-13 21:23:48.000000000,15.58005669798276
2026-03-13 21:41:37.000000000,13.83933090948246
2026-03-13 21:19:02.000000000,15.227902344860885
2026-03-13 22:23:00.000000000,27.235877808209384
2026-03-13 22:31:30.000000000,35.51602393911705
2026-03-13 22:08:37.000000000,78.70292076731516
2026-03-13 22:35:36.000000000,23.28359235938576
2026-03-13 22:38:07.000000000,36.25030236733782
2026-03-13 22:55:42.000000000,27.104023794322384
2026-03-13 22:07:14.000000000,17.573052762305803
2026-03-13 22:57:06.000000000,22.032691247721555
2026-03-13 22:17:15.000000000,14.369954558527114
2026-03-13 22:23:02.000000000,14.13190841350068
2026-03-13 22:44:41.000000000,16.26171992807323
2026-03-13 22:01:02.000000000,14.754002962572004
2026-03-13 22:48:12.000000000,15.37942750809428
2026-03-13 22:58:12.000000000,18.423621072315317
2026-03-13 22:04:47.000000000,51.41353154184743
2026-03-13 22:45:50.000000000,56.4807643425437
2026-03-13 22:43:45.000000000,34.45336989067906
2026-03-13 22:41:27.000000000,39.560253410832644
2026-03-13 22:28:44.000000000,33.412335183244025
2026-03-13 22:22:04.000000000,13.598626845574382
2026-03-13 22:36:50.000000000,16.186598701009213
2026-03-13 22:55:21.000000000,20.199166933453096
2026-03-13 22:20:28.000000000,46.73382062112926
2026-03-13 22:26:43.000000000,51.372157250576535
2026-03-13 22:54:06.000000000,42.86475766008408
2026-03-13 23:32:01.000000000,21.022027331269232
2026-03-13 23:34:38.000000000,25.32037964240831
2026-03-13 23:21:29.000000000,14.161565363595189
2026-03-13 23:00:17.000000000,18.450327555139705
2026-03-13 23:44:20.000000000,13.380440868914738
2026-03-13 23:02:56.000000000,22.47906722367254
2026-03-13 23:45:28.000000000,17.838663759779056
2026-03-13 23:34:22.000000000,30.32990435023795
2026-03-13 23:53:59.000000000,25.920702780255933
2026-03-13 23:07:08.000000000,43.538686640368006
2026-03-13 23:45:50.000000000,24.379234953810748
2026-03-13 23:09:40.000000000,15.297914564522204
2026-03-13 23:40:01.000000000,13.107780809527723
2026-03-14 00:18:31.000000000,25.612910835638647
2026-03-14 00:35:55.000000000,48.27302480997955
2026-03-14 00:21:17.000000000,25.833655636189516
2026-03-14 00:25:54.000000000,29.042609104558753
2026-03-14 00:58:52.000000000,13.907125277697899
2026-03-14 00:45:38.000000000,14.540821784240437
2026-03-14 00:09:17.000000000,14.829715165151724
2026-03-14 00:20:40.000000000,19.50423201527995
2026-03-14 00:50:37.000000000,18.543929205058763
2026-03-14 00:21:17.000000000,74.81011941493416
2026-03-14 00:23:29.000000000,55.04711987644599
2026-03-14 00:25:19.000000000,31.774896013656623
2026-03-14 00:15:30.000000000,20.397361421548656
2026-03-14 00:13:49.000000000,87.77345080899879
2026-03-14 00:42:31.000000000,47.75632193308573
2026-03-14 00:07:07.000000000,25.212284597684107
2026-03-14 00:54:57.000000000,26.70145299600048
2026-03-14 00:43:25.000000000,16.43054341292788
2026-03-14 00:36:33.000000000,43.92260604309214
2026-03-14 00:25:59.000000000,23.06008681060381
2026-03-14 00:02:34.000000000,19.561183684979227
2026-03-14 00:49:22.000000000,25.082000956499396
2026-03-14 01:27:15.000000000,34.44676919467329
2026-03-14 01:41:55.000000000,27.191373313496765
2026-03-14 01:38:33.000000000,21.601120309616444
2026-03-14 01:06:49.000000000,19.25931516674216
2026-03-14 01:11:49.000000000,23.72536135043048
2026-03-14 01:40:57.000000000,21.282765874143116
2026-03-14 01:34:13.000000000,48.12769130916455
2026-03-14 01:04:27.000000000,27.893042916397665
2026-03-14 01:01:31.000000000,23.67962311458792
2026-03-14 01:19:24.000000000,44.11997462609584
2026-03-14 01:20:41.000000000,20.734230695271346
2026-03-14 01:16:14.000000000,26.8999684858127
2026-03-14 01:32:28.000000000,27.670586204242685
2026-03-14 01:33:41.000000000,23.675854071917374
2026-03-14 01:08:05.000000000,21.50823305759872
2026-03-14 01:38:47.000000000,32.596040730597565
2026-03-14 01:22:45.000000000,33.297236757828976
2026-03-14 01:48:16.000000000,34.688857606704815
2026-03-14 02:23:22.000000000,19.63576140509178
2026-03-14 02:12:04.000000000,16.18054225282294
2026-03-14 02:34:12.000000000,30.908989483621266
2026-03-14 02:32:32.000000000,53.718168441930665
2026-03-14 02:50:02.000000000,12.412062349594848
2026-03-14 02:05:53.000000000,20.342362301605927
2026-03-14 02:26:30.000000000,31.164484456264088
2026-03-14 02:25:18.000000000,23.135167007940296
2026-03-14 03:25:27.000000000,15.954815410136584
2026-03-14 03:10:24.000000000,36.053551448171994
2026-03-14 03:36:10.000000000,15.279419483057024
2026-03-14 03:38:44.000000000,33.73367350516909
2026-03-14 03:14:14.000000000,25.406178587514905
2026-03-14 03:51:23.000000000,30.626901458570575
2026-03-14 03:36:19.000000000,26.963101992464782
2026-03-14 03:44:48.000000000,19.2182898853637
2026-03-14 03:09:27.000000000,22.62000577002596
2026-03-14 03:11:14.000000000,13.899277327018842
2026-03-14 03:44:48.000000000,38.51668652043774
2026-03-14 03:13:08.000000000,18.03627848928024
2026-03-14 03:23:29.000000000,22.590318831555432
2026-03-14 03:46:00.000000000,23.513852108018625
2026-03-14 04:51:03.000000000,153.82638054734554
2026-03-14 04:04:44.000000000,21.11995657519029
2026-03-14 04:37:18.000000000,17.351414399471615
2026-03-14 04:24:42.000000000,94.51570383131535
2026-03-14 04:01:38.000000000,80.19116334222696
2026-03-14 05:51:08.000000000,41.3092126534741
2026-03-14 05:20:23.000000000,25.89103892022371
2026-03-14 05:08:10.000000000,14.661414485840169
2026-03-14 05:33:59.000000000,36.047051078067206
2026-03-14 05:10:23.000000000,14.545663728366728
2026-03-14 05:56:49.000000000,113.11613997659782
2026-03-14 05:40:03.000000000,17.362316107638392
2026-03-14 06:49:45.000000000,15.846436192239482
2026-03-14 06:01:56.000000000,23.394504945112754
2026-03-14 06:07:17.000000000,24.249351040817725
2026-03-14 06:13:45.000000000,11.144979837914564
2026-03-14 06:14:43.000000000,37.40295689879135
2026-03-14 07:11:57.000000000,25.38613930389023
2026-03-14 07:32:23.000000000,46.831058523938786
2026-03-14 07:52:27.000000000,26.02711952552161
2026-03-14 07:20:15.000000000,45.74475056374796
2026-03-14 07:25:54.000000000,14.811767888974847
2026-03-14 07:23:02.000000000,58.285716858467296
2026-03-14 07:31:20.000000000,23.435766985638576
2026-03-14 07:49:29.000000000,28.429661563319215
2026-03-14 07:59:32.000000000,49.43028821774489
2026-03-14 07:35:27.000000000,27.661246673696677
2026-03-14 07:16:21.000000000,72.03994228038702
2026-03-14 07:17:31.000000000,50.01262028841376
2026-03-14 07:12:24.000000000,19.849357361675896
2026-03-14 08:26:16.000000000,16.367308722010332
2026-03-14 08:32:35.000000000,18.691911198995232
2026-03-14 08:46:18.000000000,21.220779936856534
2026-03-14 08:23:29.000000000,18.085336626524143
2026-03-14 08:56:14.000000000,12.275375244352942
2026-03-14 08:33:49.000000000,54.66187487626395
2026-03-14 08:51:33.000000000,28.465553235594076
2026-03-14 08:58:53.000000000,12.279151054900396
2026-03-14 08:11:07.000000000,24.826385336065155
2026-03-14 08:21:29.000000000,22.71013366418204
2026-03-14 08:35:59.000000000,20.714128439740133
2026-03-14 08:34:26.000000000,26.166316421888023
2026-03-14 08:40:27.000000000,25.919414472705526
2026-03-14 09:41:26.000000000,39.97251117176834
2026-03-14 09:53:28.000000000,15.396843908379024
2026-03-14 09:51:08.000000000,25.00215190877929
2026-03-14 09:21:27.000000000,17.774624399093174
2026-03-14 09:50:16.000000000,22.05762864032906
2026-03-14 09:49:46.000000000,43.1013703962015
2026-03-14 09:36:48.000000000,33.10735617489877
2026-03-14 09:40:11.000000000,30.547223685369943
2026-03-14 09:27:07.000000000,20.80680752410353
2026-03-14 09:00:03.000000000,13.749071672606918
2026-03-14 09:35:57.000000000,59.33465659623511
2026-03-14 09:29:06.000000000,30.752594233145803
2026-03-14 09:26:43.000000000,27.579138618376067
2026-03-14 09:45:16.000000000,31.6541322364366
2026-03-14 09:39:34.000000000,35.69389691442016
2026-03-14 09:43:21.000000000,19.23907031539866
2026-03-14 09:12:29.000000000,18.39097328031099
2026-03-14 09:11:45.000000000,19.293343415250458
2026-03-14 09:13:13.000000000,16.614549037090544
2026-03-14 10:47:09.000000000,13.28717326104139
2026-03-14 10:01:45.000000000,17.296538983340543
2026-03-14 10:12:22.000000000,11.455928969674156
2026-03-14 10:17:12.000000000,19.459069195046403
2026-03-14 10:42:38.000000000,13.869393990294613
2026-03-14 10:54:53.000000000,22.822243981285443
2026-03-14 10:23:06.000000000,43.544241518933994
2026-03-14 10:08:26.000000000,20.292771913686867
2026-03-14 10:18:53.000000000,69.46125153050176
2026-03-14 10:24:56.000000000,13.69166660181542
2026-03-14 10:20:49.000000000,13.526827550219906
2026-03-14 11:19:28.000000000,14.335315120043878
2026-03-14 11:31:35.000000000,60.86160882907631
2026-03-14 11:46:27.000000000,37.48878276287797
2026-03-14 11:33:23.000000000,15.790461473097215
2026-03-14 11:42:46.000000000,26.820498733301168
2026-03-14 11:49:51.000000000,20.85533653518539
2026-03-14 11:47:55.000000000,23.349204843906197
2026-03-14 11:33:29.000000000,13.257841688274736
2026-03-14 11:48:50.000000000,21.552480738248843
2026-03-14 11:55:52.000000000,22.346890346786626
2026-03-14 12:28:24.000000000,20.469562251271892
2026-03-14 12:16:04.000000000,19.823793781960457
2026-03-14 12:33:04.000000000,22.82753314126224
2026-03-14 12:06:57.000000000,40.95827115207256
2026-03-14 12:27:36.000000000,19.07927100799789
2026-03-14 12:00:54.000000000,35.44444465135444
2026-03-14 12:32:03.000000000,28.424975048560082
2026-03-14 12:38:24.000000000,26.789625206185356
2026-03-14 12:44:57.000000000,18.643468350491982
2026-03-14 12:31:45.000000000,52.89765406276143
2026-03-14 12:37:45.000000000,24.72332425887143
2026-03-14 12:55:08.000000000,12.853005626209443
2026-03-14 12:56:30.000000000,63.744874320179434
2026-03-14 12:21:29.000000000,18.242238625936746
2026-03-14 13:03:49.000000000,12.146566052949508
2026-03-14 13:20:10.000000000,28.81168858481298
2026-03-14 13:23:09.000000000,17.16485189511932
2026-03-14 13:38:40.000000000,13.739413762783395
2026-03-14 13:58:11.000000000,63.00880150617047
2026-03-14 13:28:38.000000000,14.075653378716586
2026-03-14 13:50:02.000000000,45.16733491212544
2026-03-14 13:52:53.000000000,19.89077946752847
2026-03-14 13:03:49.000000000,30.87549228843365
2026-03-14 13:57:15.000000000,31.551789517674344
2026-03-14 13:36:51.000000000,31.4289040712132
2026-03-14 13:34:30.000000000,25.255809625186547
2026-03-14 13:17:10.000000000,18.53320502633812
2026-03-14 13:05:26.000000000,106.47099278745121
2026-03-14 13:33:22.000000000,21.35772263834899
2026-03-14 13:30:59.000000000,57.49311865927809
2026-03-14 13:23:38.000000000,16.411406579932315
2026-03-14 13:52:07.000000000,68.27318854600487
2026-03-14 13:10:55.000000000,23.41478047935144
2026-03-14 13:38:35.000000000,55.70605868665416
2026-03-14 13:47:22.000000000,67.06022378261112
2026-03-14 13:00:37.000000000,15.40459868529309
2026-03-14 13:58:07.000000000,140.91555911600958
2026-03-14 13:21:05.000000000,17.495937175336522
2026-03-14 13:11:44.000000000,22.65968004734307
2026-03-14 13:17:12.000000000,47.05897553538201
2026-03-14 13:18:12.000000000,18.01357557387318
2026-03-14 14:25:17.000000000,27.324857275041435
2026-03-14 14:24:28.000000000,37.82158811357242
2026-03-14 14:43:13.000000000,27.089682537280506
2026-03-14 14:37:42.000000000,22.499454569118168
2026-03-14 14:42:23.000000000,72.09852744451926
2026-03-14 14:36:50.000000000,32.609082004939836
2026-03-14 14:08:09.000000000,15.027582893638838
2026-03-14 14:34:42.000000000,54.6840345837337
2026-03-14 14:48:56.000000000,31.107343696680264
2026-03-14 14:45:05.000000000,42.536925957205774
2026-03-14 14:45:56.000000000,32.52994246815478
2026-03-14 14:17:41.000000000,30.150909585158065
2026-03-14 14:59:33.000000000,34.72260493797646
2026-03-14 14:42:10.000000000,13.47105421883096
2026-03-14 14:18:33.000000000,14.960914415006515
2026-03-14 14:35:02.000000000,64.6314672398683
2026-03-14 14:28:59.000000000,18.18437900750312
2026-03-14 14:53:26.000000000,17.862570355552975
2026-03-14 14:26:53.000000000,18.683508692910667
2026-03-14 14:55:21.000000000,24.094662123927034
2026-03-14 14:24:31.000000000,16.41111620338466
2026-03-14 15:12:43.000000000,46.47906437297922
2026-03-14 15:22:52.000000000,14.121898011465104
2026-03-14 15:34:38.000000000,12.272387102083622
2026-03-14 15:40:25.000000000,28.304132104193833
2026-03-14 15:57:25.000000000,16.915456126174274
2026-03-14 15:06:27.000000000,20.43833869397771
2026-03-14 15:19:27.000000000,62.6896194286903
2026-03-14 15:40:21.000000000,18.90678283807821
2026-03-14 15:51:18.000000000,14.980119682543664
2026-03-14 15:19:34.000000000,21.535424329718968
2026-03-14 15:21:18.000000000,24.056930335308298
2026-03-14 15:28:04.000000000,39.34652119911294
2026-03-14 15:05:48.000000000,20.80009786506723
2026-03-14 15:03:32.000000000,21.76958246766309
2026-03-14 15:56:59.000000000,33.87097363170136
2026-03-14 15:28:00.000000000,37.88050086854419
2026-03-14 15:39:59.000000000,13.601477423107672
2026-03-14 16:47:03.000000000,18.597185089372363
2026-03-14 16:30:20.000000000,16.530553145151433
2026-03-14 16:10:35.000000000,25.483300627499357
2026-03-14 16:05:11.000000000,16.277855051173955
2026-03-14 16:52:12.000000000,34.8146170583975
2026-03-14 16:50:20.000000000,28.754755584336312
2026-03-14 16:26:15.000000000,31.902599794298812
2026-03-14 16:33:37.000000000,16.45885601879548
2026-03-14 16:38:29.000000000,30.71608657802142
2026-03-14 16:41:41.000000000,18.872141129303557
2026-03-14 16:01:37.000000000,31.774941233676902
2026-03-14 16:04:08.000000000,20.990106828364187
2026-03-14 16:02:59.000000000,34.13697834852625
2026-03-14 16:26:11.000000000,21.284003211500885
2026-03-14 16:22:16.000000000,15.781042916712051
2026-03-14 16:22:09.000000000,31.116931986138727
2026-03-14 16:13:32.000000000,31.798242283608754
2026-03-14 17:14:22.000000000,46.29772600265575
2026-03-14 17:16:57.000000000,14.286297199114324
2026-03-14 17:30:33.000000000,17.077172144103336
2026-03-14 17:43:04.000000000,12.20975551914047
2026-03-14 17:15:06.000000000,30.075615419432577
2026-03-14 17:32:09.000000000,18.527787512051564
2026-03-14 17:11:58.000000000,71.67879786965494
2026-03-14 17:07:51.000000000,23.84266005964334
2026-03-14 17:24:13.000000000,56.62052731024039
2026-03-14 17:39:44.000000000,23.246005590856964
2026-03-14 17:38:22.000000000,21.18902417979895
2026-03-14 17:38:29.000000000,45.74593497191169
2026-03-14 17:35:12.000000000,16.293982514348528
2026-03-14 17:03:20.000000000,31.421856545098446
2026-03-14 17:04:13.000000000,11.266376350694445
2026-03-14 17:01:42.000000000,26.041715512817635
2026-03-14 17:10:59.000000000,23.21956903687531
2026-03-14 18:58:42.000000000,22.797966737571098
2026-03-14 18:18:22.000000000,28.690609378535985
2026-03-14 18:07:11.000000000,21.418202873910882
2026-03-14 18:34:50.000000000,45.11628741934897
2026-03-14 18:50:35.000000000,25.61795269925059
2026-03-14 18:37:37.000000000,16.862917371223983
2026-03-14 18:25:49.000000000,18.118472539972547
2026-03-14 18:58:53.000000000,65.91736921870269
2026-03-14 18:07:31.000000000,41.28919004772236
2026-03-14 18:43:03.000000000,16.72888705002329
2026-03-14 18:07:19.000000000,31.86387557657537
2026-03-14 19:36:57.000000000,52.05666661783758
2026-03-14 19:31:36.000000000,12.739050106261917
2026-03-14 19:38:29.000000000,28.587880512015676
2026-03-14 19:23:16.000000000,21.314993073854826
2026-03-14 19:47:37.000000000,29.368067503017695
2026-03-14 19:32:14.000000000,24.61633767195678
2026-03-14 19:07:39.000000000,54.391475391163546
2026-03-14 19:57:37.000000000,17.984142546980383
2026-03-14 19:13:19.000000000,29.105197245794844
2026-03-14 19:07:37.000000000,65.33586845382588
2026-03-14 19:51:52.000000000,14.71105011117694
2026-03-14 19:15:25.000000000,47.37978287276383
2026-03-14 19:38:37.000000000,42.08905659096059
2026-03-14 19:46:38.000000000,23.903138933354555
2026-03-14 19:52:55.000000000,29.242576621600218
2026-03-14 19:31:30.000000000,35.77307645762156
2026-03-14 19:22:08.000000000,12.266548415197244
2026-03-14 20:17:07.000000000,25.27746241477433
2026-03-14 20:48:16.000000000,15.357699009651041
2026-03-14 20:29:42.000000000,13.498867751926893
2026-03-14 20:32:23.000000000,27.74172612618882
2026-03-14 20:01:26.000000000,18.19001229117178
2026-03-14 20:38:38.000000000,31.9036417765172
2026-03-14 20:18:24.000000000,19.637565985865052
2026-03-14 20:35:51.000000000,35.81610698623431
2026-03-14 20:27:36.000000000,16.396727732708325
2026-03-14 20:15:48.000000000,16.0460808590831
2026-03-14 20:26:19.000000000,49.04662055968893
2026-03-14 20:05:32.000000000,40.194172500776354
2026-03-14 20:07:14.000000000,38.704407356516626
2026-03-14 20:14:40.000000000,41.06408268893198
2026-03-14 20:44:52.000000000,17.825021324501346
2026-03-14 20:59:13.000000000,28.904562997708712
2026-03-14 20:35:29.000000000,20.791568523915846
2026-03-14 20:14:45.000000000,19.281483270935095
2026-03-14 20:31:26.000000000,17.155996215239444
2026-03-14 20:50:30.000000000,26.522443502448827
2026-03-14 20:36:36.000000000,12.628121032650808
2026-03-14 20:56:34.000000000,48.66376259589757
2026-03-14 20:19:08.000000000,40.75918472058809
2026-03-14 20:52:03.000000000,31.575128678225948
2026-03-14 21:02:32.000000000,19.595645167102926
2026-03-14 21:51:47.000000000,40.65294627494986
2026-03-14 21:37:38.000000000,29.581897267992648
2026-03-14 21:52:01.000000000,49.717558649217416
2026-03-14 21:03:03.000000000,18.587544379887053
2026-03-14 21:21:23.000000000,11.038610798572227
2026-03-14 21:09:18.000000000,35.74387886823731
2026-03-14 21:58:22.000000000,35.591032433615915
2026-03-14 21:26:12.000000000,17.224759398014307
2026-03-14 21:56:29.000000000,61.175318193608874
2026-03-14 21:46:57.000000000,15.20634343704189
2026-03-14 21:32:09.000000000,28.259547523467827
2026-03-14 21:29:20.000000000,16.197275007533076
2026-03-14 21:49:32.000000000,32.95023834188109
2026-03-14 21:23:04.000000000,57.41702806104898
2026-03-14 21:42:35.000000000,32.73308778421561
2026-03-14 21:23:42.000000000,38.27455354098539
2026-03-14 21:18:38.000000000,20.86704139773689
2026-03-14 21:18:19.000000000,18.34888920198696
2026-03-14 21:08:51.000000000,24.64043734808757
2026-03-14 22:57:58.000000000,11.037078639379589
2026-03-14 22:19:06.000000000,24.16101811553464
2026-03-14 22:10:03.000000000,25.326196971499385
2026-03-14 22:41:53.000000000,47.57793844020948
2026-03-14 22:54:19.000000000,15.037791922227987
2026-03-14 22:28:28.000000000,17.84719891055756
2026-03-14 22:17:29.000000000,17.012233852225197
2026-03-14 22:25:47.000000000,19.107794952434833
2026-03-14 22:51:17.000000000,45.442397950816954
2026-03-14 22:18:59.000000000,21.265103805577123
2026-03-14 22:48:58.000000000,11.522254207828032
2026-03-14 22:27:00.000000000,24.19495959424842
2026-03-14 22:26:30.000000000,22.156164503308393
2026-03-14 22:41:09.000000000,51.25802141199156
2026-03-14 22:31:56.000000000,31.802656049490448
2026-03-14 22:27:42.000000000,33.73434785493371
2026-03-14 22:38:35.000000000,13.403156182627464
2026-03-14 22:54:01.000000000,61.81681980161282
2026-03-14 22:04:10.000000000,56.65486193556117
2026-03-14 23:34:40.000000000,18.555322666378945
2026-03-14 23:22:43.000000000,25.468023224211812
2026-03-14 23:03:26.000000000,105.83825310179503
2026-03-14 23:01:29.000000000,121.82761798760917
2026-03-14 23:35:45.000000000,27.391270939781332
2026-03-14 23:37:45.000000000,24.757557452028838
2026-03-14 23:39:27.000000000,150.43308070844444
2026-03-14 23:08:29.000000000,25.467463991770387
2026-03-14 23:31:22.000000000,28.15652425724527
2026-03-14 23:30:17.000000000,66.63097790834722
2026-03-14 23:37:02.000000000,16.38056868336446
2026-03-14 23:06:44.000000000,28.158971561151038
2026-03-14 23:21:34.000000000,13.589547263956868
2026-03-14 23:00:21.000000000,19.284636133352034
2026-03-14 23:03:13.000000000,11.404283752581081
2026-03-14 23:42:23.000000000,32.732695294022406
2026-03-14 23:16:30.000000000,19.66769134062415
2026-03-14 23:37:13.000000000,19.366377961307364
2026-03-14 23:46:28.000000000,28.381512290454086
2026-03-14 23:49:22.000000000,13.815278630951488
2026-03-14 23:10:48.000000000,30.780486724352585
2026-03-15 00:00:39.000000000,20.586695369054343
2026-03-15 00:26:45.000000000,22.214223602207486
2026-03-15 00:42:40.000000000,36.18156048510682
2026-03-15 00:58:32.000000000,32.89015730231365
2026-03-15 00:14:57.000000000,41.799389065338495
2026-03-15 00:51:09.000000000,49.003956550540586
2026-03-15 00:40:03.000000000,42.90576517254642
2026-03-15 00:22:57.000000000,22.36434423883236
2026-03-15 00:51:13.000000000,17.632902616109988
2026-03-15 00:11:17.000000000,44.27152041491487
2026-03-15 00:34:31.000000000,13.563054487152309
2026-03-15 00:45:45.000000000,46.00962319215954
2026-03-15 00:40:14.000000000,30.104291652953957
2026-03-15 00:28:10.000000000,16.113207422730046
2026-03-15 01:26:27.000000000,33.95782896159855
2026-03-15 01:18:35.000000000,17.169911467083132
2026-03-15 01:45:35.000000000,19.21827445427753
2026-03-15 01:14:09.000000000,30.897543201117834
2026-03-15 01:00:08.000000000,14.33035925627764
2026-03-15 01:06:04.000000000,31.826192618944273
2026-03-15 01:15:49.000000000,53.87684321758592
2026-03-15 01:40:19.000000000,51.793055825382645
2026-03-15 01:52:19.000000000,19.685485640187135
2026-03-15 02:09:49.000000000,18.924914750997445
2026-03-15 02:46:46.000000000,34.82738753645715
2026-03-15 02:05:25.000000000,47.516821458432396
2026-03-15 02:11:09.000000000,13.998459908521463
2026-03-15 02:17:48.000000000,41.55685145304692
2026-03-15 02:05:25.000000000,34.060992349645524
2026-03-15 02:12:04.000000000,32.125361615932604
2026-03-15 02:14:11.000000000,28.261856124896116
2026-03-15 02:51:10.000000000,15.397445854622054
2026-03-15 02:41:42.000000000,14.294263001038585
2026-03-15 02:18:30.000000000,47.60531297908809
2026-03-15 02:56:14.000000000,22.5236248229708
2026-03-15 02:42:39.000000000,56.06982875665066
2026-03-15 02:54:43.000000000,16.04047082417597
2026-03-15 03:19:37.000000000,37.3419907060427
2026-03-15 03:20:27.000000000,15.510225798408436
2026-03-15 03:46:29.000000000,23.060923159647974
2026-03-15 03:16:07.000000000,15.063984967244577
2026-03-15 03:14:45.000000000,15.959339030469922
2026-03-15 03:23:32.000000000,30.917765596614554
2026-03-15 03:01:41.000000000,21.596279898494803
2026-03-15 04:37:21.000000000,50.55466125070978
2026-03-15 04:19:25.000000000,41.72527238462667
2026-03-15 05:11:00.000000000,76.683029384756
2026-03-15 05:15:55.000000000,57.62191730027193
2026-03-15 06:04:49.000000000,32.02047172926333
2026-03-15 06:53:08.000000000,145.79213591327368
2026-03-15 06:28:38.000000000,43.04420799903759
2026-03-15 06:21:47.000000000,30.582816425833894
2026-03-15 06:11:52.000000000,16.096341692426005
2026-03-15 06:32:17.000000000,89.53688946529937
2026-03-15 06:42:53.000000000,31.470693872280645
2026-03-15 06:39:00.000000000,37.588482451597805
2026-03-15 06:32:58.000000000,19.172138808794422
2026-03-15 06:40:33.000000000,39.66185929149172
2026-03-15 07:42:50.000000000,29.18756336594547
2026-03-15 07:39:37.000000000,22.424410286765866
2026-03-15 07:55:40.000000000,14.277157055096657
2026-03-15 08:54:54.000000000,14.21691206953095
2026-03-15 08:07:35.000000000,16.223109347639507
2026-03-15 08:39:03.000000000,35.73652123707114
2026-03-15 08:51:27.000000000,32.65538683986531
2026-03-15 08:22:54.000000000,28.006513793362256
2026-03-15 08:38:41.000000000,92.85638871061651
2026-03-15 08:16:44.000000000,21.65369897850694
2026-03-15 08:52:24.000000000,10.543844385461986
2026-03-15 08:08:49.000000000,29.653791862906065
2026-03-15 08:57:29.000000000,10.953444537301321
2026-03-15 08:59:31.000000000,18.000533391969864
2026-03-15 08:51:50.000000000,26.868685479188294
2026-03-15 08:32:34.000000000,54.33418123678732
2026-03-15 08:30:55.000000000,32.99287416180029
2026-03-15 09:55:59.000000000,12.76672355634017
2026-03-15 09:17:49.000000000,21.2856134652983
2026-03-15 09:29:22.000000000,18.052306100591302
2026-03-15 09:01:06.000000000,91.87518454499596
2026-03-15 09:47:41.000000000,21.100802501833318
2026-03-15 09:59:24.000000000,20.315763986961937
2026-03-15 09:20:43.000000000,24.711535681615945
2026-03-15 09:32:02.000000000,24.5189454297651
2026-03-15 09:03:01.000000000,20.092420037452356
2026-03-15 09:49:08.000000000,25.128151539087323
2026-03-15 09:46:57.000000000,16.642344488151906
2026-03-15 09:46:27.000000000,20.286147059587595
2026-03-15 09:10:45.000000000,25.997965293448317
2026-03-15 09:17:47.000000000,64.47668643420225
2026-03-15 09:54:40.000000000,28.829381776667574
2026-03-15 10:29:40.000000000,17.070409310416895
2026-03-15 10:31:01.000000000,19.16642696557287
2026-03-15 10:58:28.000000000,15.10285983206642
2026-03-15 10:34:16.000000000,35.4319608196541
2026-03-15 10:41:43.000000000,18.47258642902805
2026-03-15 10:50:46.000000000,21.30697163482866
2026-03-15 10:50:07.000000000,17.013040782857537
2026-03-15 10:55:07.000000000,16.874212054060784
2026-03-15 10:00:44.000000000,10.900815903377707
2026-03-15 10:38:03.000000000,22.475261433958934
2026-03-15 10:53:08.000000000,41.2559299778807
2026-03-15 10:46:03.000000000,35.94442744600796
2026-03-15 10:32:26.000000000,31.19029874100813
2026-03-15 10:38:18.000000000,16.136504203792448
2026-03-15 10:22:13.000000000,26.51752875825348
2026-03-15 11:55:48.000000000,17.058356398540283
2026-03-15 11:04:46.000000000,24.467343917633716
2026-03-15 11:26:13.000000000,77.55294894582025
2026-03-15 11:49:01.000000000,24.18913052881629
2026-03-15 11:10:06.000000000,25.239093791833447
2026-03-15 11:54:34.000000000,59.64633406269538
2026-03-15 11:11:55.000000000,58.24334730751798
2026-03-15 11:52:49.000000000,23.49837556295849
2026-03-15 11:18:47.000000000,29.69007398379072
2026-03-15 11:17:05.000000000,17.91573761548462
2026-03-15 12:03:25.000000000,15.126152503443285
2026-03-15 12:06:36.000000000,15.651414793309335
2026-03-15 12:33:27.000000000,14.21563945457402
2026-03-15 12:56:18.000000000,23.815439476678097
2026-03-15 12:03:33.000000000,39.797714740333
2026-03-15 12:04:26.000000000,15.087941815324863
2026-03-15 12:57:18.000000000,39.869608059271044
2026-03-15 12:07:59.000000000,42.318101375667474
2026-03-15 12:49:58.000000000,18.44667695609824
2026-03-15 12:52:13.000000000,17.449843215165394
2026-03-15 12:54:37.000000000,16.5709934389465
2026-03-15 12:41:57.000000000,44.37081471380714
2026-03-15 12:26:52.000000000,20.211422463849875
2026-03-15 12:11:05.000000000,24.99212780313855
2026-03-15 12:07:17.000000000,37.16062008552567
2026-03-15 12:18:29.000000000,28.419605265573885
2026-03-15 12:59:28.000000000,26.909300106837467
2026-03-15 12:40:33.000000000,42.618194119296895
2026-03-15 13:35:40.000000000,14.878076524297866
2026-03-15 13:23:12.000000000,74.99166844223248
2026-03-15 13:45:59.000000000,157.78855982457344
2026-03-15 13:07:21.000000000,19.90390838673439
2026-03-15 13:00:04.000000000,69.65435049023189
2026-03-15 13:15:44.000000000,37.19821270041713
2026-03-15 13:09:29.000000000,17.552226267912655
2026-03-15 13:07:33.000000000,27.904341945289683
2026-03-15 13:23:57.000000000,30.752486855338343
2026-03-15 13:33:16.000000000,20.667159440265305
2026-03-15 13:50:06.000000000,18.615886472312546
2026-03-15 13:04:25.000000000,103.55629227483816
2026-03-15 13:03:15.000000000,17.755860713750284
2026-03-15 13:42:52.000000000,54.74107443655516
2026-03-15 13:33:18.000000000,46.20427360552269
2026-03-15 13:58:05.000000000,57.052823075272
2026-03-15 13:33:30.000000000,12.567091036179404
2026-03-15 13:48:53.000000000,37.083545122209976
2026-03-15 13:29:00.000000000,24.644033780213352
2026-03-15 14:01:54.000000000,13.673620876091542
2026-03-15 14:05:36.000000000,43.01774005807186
2026-03-15 14:38:11.000000000,18.958067394790497
2026-03-15 14:28:27.000000000,31.47237120548328
2026-03-15 14:00:43.000000000,17.094282211258864
2026-03-15 14:36:24.000000000,17.099830753717697
2026-03-15 14:23:44.000000000,14.833245198402095
2026-03-15 14:23:26.000000000,17.87287294475517
2026-03-15 14:47:11.000000000,28.581660528734677
2026-03-15 14:34:23.000000000,38.09647673792413
2026-03-15 14:58:46.000000000,19.96251873285757
2026-03-15 14:29:46.000000000,19.758435456746536
2026-03-15 14:58:28.000000000,47.145408567117705
2026-03-15 14:03:00.000000000,14.785884935760022
2026-03-15 14:43:14.000000000,74.69350788784557
2026-03-15 15:06:50.000000000,18.430592110121687
2026-03-15 15:51:41.000000000,61.12166856452554
2026-03-15 15:53:40.000000000,22.84045963465604
2026-03-15 15:38:41.000000000,37.792092412653005
2026-03-15 15:19:21.000000000,15.342616052314304
2026-03-15 15:43:22.000000000,30.033287603199955
2026-03-15 15:22:27.000000000,16.382075540153057
2026-03-15 15:48:57.000000000,48.53492622101361
2026-03-15 15:20:33.000000000,21.739571317532107
2026-03-15 15:37:23.000000000,47.99093091678771
2026-03-15 15:57:16.000000000,24.24475455076257
2026-03-15 15:08:54.000000000,22.873692217609946
2026-03-15 15:08:22.000000000,35.645532431246416
2026-03-15 15:26:21.000000000,53.04113974797537
2026-03-15 15:06:11.000000000,21.266817643500115
2026-03-15 15:48:24.000000000,26.116645035585627
2026-03-15 15:44:22.000000000,18.261854535034686
2026-03-15 16:29:58.000000000,29.088003884045694
2026-03-15 16:10:38.000000000,15.657693516332861
2026-03-15 16:22:40.000000000,16.16748608348155
2026-03-15 16:15:38.000000000,23.821054762716344
2026-03-15 16:01:07.000000000,15.877222968075023
2026-03-15 16:53:48.000000000,53.0340106200076
2026-03-15 16:06:13.000000000,21.707685175680897
2026-03-15 16:50:26.000000000,16.909846686832587
2026-03-15 16:40:45.000000000,32.58131479850859
2026-03-15 16:42:17.000000000,113.67223728119393
2026-03-15 16:08:55.000000000,31.118360183113456
2026-03-15 16:50:01.000000000,67.89930224886079
2026-03-15 16:34:30.000000000,15.11582546535323
2026-03-15 16:15:14.000000000,88.88244458696366
2026-03-15 16:26:46.000000000,27.5865422633437
2026-03-15 16:53:39.000000000,28.071763047808933
2026-03-15 16:25:04.000000000,98.9342000266547
2026-03-15 17:53:03.000000000,54.96376122329775
2026-03-15 17:40:24.000000000,22.76825171400603
2026-03-15 17:36:57.000000000,17.074150151506277
2026-03-15 17:06:34.000000000,76.08771716086702
2026-03-15 17:29:22.000000000,22.223765367164315
2026-03-15 17:04:19.000000000,323.5992885814385
2026-03-15 17:46:22.000000000,16.359704171090748
2026-03-15 17:53:54.000000000,21.387310348756543
2026-03-15 17:52:22.000000000,20.57230214750471
2026-03-15 17:04:29.000000000,34.2394373575126
2026-03-15 17:31:37.000000000,26.590143377740524
2026-03-15 17:51:28.000000000,20.557676904505616
2026-03-15 17:49:22.000000000,19.688166891602208
2026-03-15 17:18:24.000000000,90.53472826338546
2026-03-15 17:22:52.000000000,27.067613093704068
2026-03-15 17:12:32.000000000,15.869797401403472
2026-03-15 18:09:51.000000000,13.457746574090438
2026-03-15 18:25:07.000000000,40.40053941397807
2026-03-15 18:37:05.000000000,16.942287178973025
2026-03-15 18:59:26.000000000,40.40062791445021
2026-03-15 18:04:57.000000000,31.515529982266973
2026-03-15 18:19:47.000000000,26.20353379155765
2026-03-15 18:19:21.000000000,12.657258070925955
2026-03-15 18:46:36.000000000,11.653765632401944
2026-03-15 18:32:30.000000000,14.715469293227889
2026-03-15 18:29:02.000000000,12.597925095393208
2026-03-15 18:37:56.000000000,23.945012444710205
2026-03-15 18:11:36.000000000,26.568056065301395
2026-03-15 18:56:25.000000000,33.7680661255315
2026-03-15 18:26:33.000000000,30.088457168068
2026-03-15 18:16:34.000000000,24.53527466790626
2026-03-15 18:00:30.000000000,36.93207137231887
2026-03-15 18:58:10.000000000,63.162923833348245
2026-03-15 18:49:59.000000000,25.10460089240647
2026-03-15 18:21:07.000000000,22.47573071597776
2026-03-15 18:15:54.000000000,18.136466426946743
2026-03-15 18:14:21.000000000,45.03143071270802
2026-03-15 18:48:06.000000000,23.732457969915412
2026-03-15 18:32:15.000000000,27.576556047682974
2026-03-15 18:34:35.000000000,15.93046229790521
2026-03-15 19:02:02.000000000,15.185697474985352
2026-03-15 19:58:03.000000000,13.411151459848687
2026-03-15 19:39:01.000000000,10.056859475241717
2026-03-15 19:47:04.000000000,24.959037340523547
2026-03-15 19:52:03.000000000,17.178809778354495
2026-03-15 19:01:33.000000000,24.867612837901124
2026-03-15 19:12:30.000000000,66.758982560714
2026-03-15 19:48:56.000000000,29.28774888374303
2026-03-15 19:25:05.000000000,26.779005864188203
2026-03-15 19:01:06.000000000,85.6526694546219
2026-03-15 19:24:43.000000000,31.44096208195265
2026-03-15 19:22:53.000000000,12.653394961286883
2026-03-15 19:53:22.000000000,21.702883870651988
2026-03-15 19:06:19.000000000,13.613764619907045
2026-03-15 19:52:04.000000000,53.25657735299426
2026-03-15 19:50:10.000000000,26.63371907054187
2026-03-15 19:22:56.000000000,21.61337791599566
2026-03-15 19:00:28.000000000,30.26222579482128
2026-03-15 19:53:56.000000000,31.96283966003698
2026-03-15 20:33:52.000000000,18.69968956802124
2026-03-15 20:09:08.000000000,25.398575162868095
2026-03-15 20:09:21.000000000,72.75146154852244
2026-03-15 20:19:27.000000000,41.29169804905418
2026-03-15 20:14:28.000000000,52.68817592330951
2026-03-15 20:51:09.000000000,23.709007743674984
2026-03-15 20:48:02.000000000,26.993655667706037
2026-03-15 20:39:59.000000000,14.73197828110315
2026-03-15 20:56:56.000000000,14.134399870711627
2026-03-15 20:54:30.000000000,50.06430741879536
2026-03-15 20:17:35.000000000,17.45193748674765
2026-03-15 20:18:15.000000000,14.91096308978918
2026-03-15 20:42:54.000000000,51.68493476245142
2026-03-15 20:07:10.000000000,36.43282823772321
2026-03-15 20:26:09.000000000,15.042322808119087
2026-03-15 20:02:34.000000000,7.64985068281399
2026-03-15 20:53:11.000000000,42.60121059430394
2026-03-15 21:36:11.000000000,15.974501497826667
2026-03-15 21:59:20.000000000,26.722725201078067
2026-03-15 21:11:46.000000000,62.55838715035641
2026-03-15 21:20:25.000000000,15.681190516881673
2026-03-15 21:22:54.000000000,14.615173497813165
2026-03-15 21:12:11.000000000,13.937022837066001
2026-03-15 21:26:57.000000000,15.092217092736002
2026-03-15 21:12:18.000000000,14.273845370230385
2026-03-15 21:32:23.000000000,16.32740499773699
2026-03-15 21:31:16.000000000,16.510664908250057
2026-03-15 21:12:20.000000000,24.99067199465728
2026-03-15 22:49:39.000000000,32.139168031964495
2026-03-15 22:30:38.000000000,15.855026473707822
2026-03-15 22:36:22.000000000,16.90287240772531
2026-03-15 22:49:24.000000000,25.229515380024957
2026-03-15 22:25:50.000000000,66.63394617029846
2026-03-15 22:09:19.000000000,15.28289769490917
2026-03-15 22:06:49.000000000,49.95714261749343
2026-03-15 22:04:54.000000000,32.797653395489604
2026-03-15 22:19:11.000000000,15.343850409902215
2026-03-15 22:15:48.000000000,22.37564920953134
2026-03-15 22:44:50.000000000,38.596778330828876
2026-03-15 22:46:25.000000000,19.204679976289942
2026-03-15 22:41:23.000000000,29.25379559275868
2026-03-15 23:29:35.000000000,11.87792030182943
2026-03-15 23:50:05.000000000,17.51717827296408
2026-03-15 23:59:55.000000000,8.106410061802302
2026-03-15 23:05:12.000000000,11.995181792449054
2026-03-15 23:44:47.000000000,22.047234440830582
2026-03-15 23:56:43.000000000,21.66005620627593
2026-03-15 23:49:37.000000000,26.246235275128253
2026-03-15 23:23:34.000000000,16.670168052354054
2026-03-15 23:32:45.000000000,18.339459122285074
2026-03-15 23:33:36.000000000,37.73734790306541
2026-03-15 23:04:04.000000000,32.005330233209385
2026-03-15 23:35:53.000000000,35.53757625099399
2026-03-15 23:00:46.000000000,88.31457496358853
2026-03-15 23:16:04.000000000,20.165170020884563
2026-03-15 23:21:56.000000000,14.066416739600507
2026-03-16 00:54:17.000000000,57.53059034424621
2026-03-16 00:02:40.000000000,32.63044398994892
2026-03-16 00:25:26.000000000,17.678699548814617
2026-03-16 00:20:12.000000000,21.980674590944393
2026-03-16 00:24:48.000000000,37.430283238574006
2026-03-16 00:55:47.000000000,91.78546253396628
2026-03-16 00:28:25.000000000,37.119954026309365
2026-03-16 00:40:27.000000000,19.29439117288293
2026-03-16 01:03:11.000000000,35.21959980836273
2026-03-16 01:20:04.000000000,13.910608676924733
2026-03-16 01:06:18.000000000,15.873403268086856
2026-03-16 02:17:56.000000000,18.4455676936436
2026-03-16 02:50:27.000000000,29.228346717250563
2026-03-16 02:11:42.000000000,17.233323059477
2026-03-16 02:25:12.000000000,36.06969900183952
2026-03-16 02:27:29.000000000,16.38770359956032
2026-03-16 03:32:10.000000000,14.6109494215747
2026-03-16 03:00:39.000000000,18.828300369136418
2026-03-16 03:36:59.000000000,59.12408872854699
2026-03-16 03:08:11.000000000,44.96493538033161
2026-03-16 04:15:44.000000000,87.65593820851414
2026-03-16 05:35:03.000000000,61.28162871398092
2026-03-16 05:58:00.000000000,38.95560828530544
2026-03-16 05:07:48.000000000,107.58299375314638
2026-03-16 05:00:45.000000000,23.869681530443383
2026-03-16 05:22:22.000000000,94.39988360463934
2026-03-16 05:47:08.000000000,23.95605778521647
2026-03-16 05:02:17.000000000,59.694450217958476
2026-03-16 05:52:53.000000000,15.153074718193936
2026-03-16 06:59:19.000000000,16.73746560269036
2026-03-16 06:00:10.000000000,25.73349841565003
2026-03-16 06:58:53.000000000,25.491724163401035
2026-03-16 06:27:24.000000000,21.115030629179795
2026-03-16 06:02:02.000000000,22.857184737762434
2026-03-16 06:16:11.000000000,29.141319873954938
2026-03-16 06:46:53.000000000,104.71711322083092
2026-03-16 06:37:02.000000000,38.21190911914575
2026-03-16 06:26:49.000000000,68.25807294386131
2026-03-16 07:15:10.000000000,53.40476774124809
2026-03-16 07:13:07.000000000,14.166615726124364
2026-03-16 07:53:32.000000000,29.78730961673516
2026-03-16 07:09:23.000000000,15.737396380605302
2026-03-16 07:21:27.000000000,23.508128303704407
2026-03-16 07:05:43.000000000,11.72677630562737
2026-03-16 07:54:22.000000000,50.62785195103685
2026-03-16 07:19:16.000000000,23.24715340955903
2026-03-16 07:25:36.000000000,22.49971526938703
2026-03-16 07:32:55.000000000,34.295287004454394
2026-03-16 07:34:50.000000000,239.5253090083343
2026-03-16 07:14:38.000000000,21.153840663714934
2026-03-16 07:55:40.000000000,55.852437518851374
2026-03-16 07:08:09.000000000,14.17891693756245
2026-03-16 07:53:53.000000000,31.881848148242373
2026-03-16 07:49:54.000000000,46.32013469472062
2026-03-16 07:23:15.000000000,19.995549607906824
2026-03-16 07:56:14.000000000,23.560738873891985
2026-03-16 07:27:29.000000000,14.234139287668647
2026-03-16 07:50:44.000000000,21.67537214519728
2026-03-16 08:44:57.000000000,18.9210710323316
2026-03-16 08:56:55.000000000,27.852658127783112
2026-03-16 08:02:56.000000000,65.61493156235379
2026-03-16 08:06:10.000000000,29.81964502081289
2026-03-16 08:45:01.000000000,17.358904335992243
2026-03-16 08:42:25.000000000,27.2414305891576
2026-03-16 08:19:35.000000000,22.270294476980464
2026-03-16 08:03:27.000000000,12.675713457194279
2026-03-16 08:56:24.000000000,18.71558714674465
2026-03-16 08:11:42.000000000,46.7916806704294
2026-03-16 08:38:38.000000000,29.72602056461267
2026-03-16 08:42:10.000000000,27.243287497011405
2026-03-16 08:10:06.000000000,21.721433732736347
2026-03-16 08:00:42.000000000,26.878692056886354
2026-03-16 08:49:37.000000000,12.980384739289972
2026-03-16 08:37:01.000000000,15.95238014209332
2026-03-16 08:04:10.000000000,20.99026190612236
2026-03-16 08:35:59.000000000,63.21691126340624
2026-03-16 08:06:43.000000000,44.11433775806397
2026-03-16 08:42:15.000000000,21.846479680657804
2026-03-16 08:56:39.000000000,30.403866376024148
2026-03-16 08:29:49.000000000,14.596420810412198
2026-03-16 09:26:53.000000000,38.78302377789258
2026-03-16 09:42:38.000000000,32.023062646011965
2026-03-16 09:10:12.000000000,83.10453227926858
2026-03-16 09:49:45.000000000,12.785079921261174
2026-03-16 09:52:42.000000000,30.394775630806667
2026-03-16 09:52:59.000000000,21.045683956937804
2026-03-16 09:33:40.000000000,23.454908072961516
2026-03-16 09:03:46.000000000,18.183136488177926
2026-03-16 09:33:38.000000000,12.023887709692074
2026-03-16 09:17:25.000000000,34.42018407430819
2026-03-16 09:02:16.000000000,16.193829454659408
2026-03-16 09:24:07.000000000,56.96442490867838
2026-03-16 09:45:03.000000000,33.458638015650905
2026-03-16 09:39:48.000000000,14.567369295629282
2026-03-16 09:30:00.000000000,28.24387012035425
2026-03-16 09:00:38.000000000,15.097118967970571
2026-03-16 09:51:45.000000000,21.953688215785615
2026-03-16 09:52:22.000000000,39.25980285754486
2026-03-16 09:13:30.000000000,24.179467341886824
2026-03-16 09:18:41.000000000,29.374320037166253
2026-03-16 10:38:03.000000000,29.48944168058073
2026-03-16 10:37:24.000000000,35.79595139396177
2026-03-16 10:59:07.000000000,21.93725228299014
2026-03-16 10:21:13.000000000,15.212915402123206
2026-03-16 10:10:36.000000000,48.12059488127622
2026-03-16 10:23:33.000000000,13.72888295256593
2026-03-16 10:55:59.000000000,22.505660523795914
2026-03-16 10:57:41.000000000,48.87816090061939
2026-03-16 10:00:28.000000000,16.99637937687652
2026-03-16 10:18:28.000000000,17.187252120479833
2026-03-16 10:11:39.000000000,37.65159065396067
2026-03-16 10:21:08.000000000,42.46263674828492
2026-03-16 10:21:13.000000000,29.84847130478522
2026-03-16 10:58:48.000000000,78.59290111455739
2026-03-16 10:56:44.000000000,21.184100914943127
2026-03-16 10:43:51.000000000,16.560251670101646
2026-03-16 10:07:54.000000000,30.65089617560868
2026-03-16 10:12:08.000000000,27.066559027024805
2026-03-16 11:29:21.000000000,17.75310537643554
2026-03-16 11:40:58.000000000,20.28356017165802
2026-03-16 11:21:35.000000000,14.217158267016048
2026-03-16 11:18:58.000000000,42.27032470444335
2026-03-16 11:37:34.000000000,16.40853740163595
2026-03-16 11:56:39.000000000,22.29914729126548
2026-03-16 11:32:46.000000000,27.130024467820103
2026-03-16 11:46:55.000000000,34.9354948858436
2026-03-16 11:25:33.000000000,55.31549225474165
2026-03-16 11:00:28.000000000,19.858147248039185
2026-03-16 12:57:04.000000000,38.70794114704539
2026-03-16 12:12:20.000000000,16.189742747082303
2026-03-16 12:42:24.000000000,13.73081296983034
2026-03-16 12:35:18.000000000,33.37275604911199
2026-03-16 12:37:32.000000000,45.36422202161837
2026-03-16 12:43:43.000000000,22.155580988107676
2026-03-16 12:03:04.000000000,27.20360410187746
2026-03-16 12:35:51.000000000,26.931551717962474
2026-03-16 12:16:38.000000000,108.38626017485547
2026-03-16 12:51:41.000000000,11.783374329044968
2026-03-16 12:19:42.000000000,17.261284328906708
2026-03-16 12:19:36.000000000,16.153190777215563
2026-03-16 12:16:55.000000000,28.545990306938304
2026-03-16 12:40:44.000000000,25.86733593406512
2026-03-16 12:53:41.000000000,15.62143034321619
2026-03-16 12:17:28.000000000,53.173045623656265
2026-03-16 12:58:19.000000000,12.742002241668688
2026-03-16 12:11:33.000000000,91.05413292782963
2026-03-16 12:46:03.000000000,12.111419556959975
2026-03-16 13:41:34.000000000,22.66198421817142
2026-03-16 13:25:02.000000000,24.515666648230837
2026-03-16 13:54:37.000000000,28.918154650357014
2026-03-16 13:37:28.000000000,90.26414322769783
2026-03-16 13:50:02.000000000,18.592767558265617
2026-03-16 13:03:47.000000000,20.8185633543834
2026-03-16 13:25:16.000000000,17.146274437077082
2026-03-16 13:23:36.000000000,24.154272063853487
2026-03-16 13:05:24.000000000,17.373056465600346
2026-03-16 13:09:52.000000000,17.709825138918585
2026-03-16 14:53:25.000000000,24.403737373390847
2026-03-16 14:02:43.000000000,14.744735498934167
2026-03-16 14:01:10.000000000,56.198696679328926
2026-03-16 14:59:04.000000000,27.212959481975957
2026-03-16 14:22:06.000000000,26.253759635183822
2026-03-16 14:33:27.000000000,21.948268075889107
2026-03-16 14:49:13.000000000,50.85759122349523
2026-03-16 14:15:51.000000000,119.92979696192192
2026-03-16 14:06:35.000000000,12.74197882026082
2026-03-16 14:07:08.000000000,33.04998963545807
2026-03-16 14:02:39.000000000,17.586134093126013
2026-03-16 14:51:12.000000000,28.33360526739798
2026-03-16 14:37:25.000000000,20.145818562176462
2026-03-16 15:26:05.000000000,23.80408386550475
2026-03-16 15:40:43.000000000,24.88565746464293
2026-03-16 15:01:30.000000000,13.710385384262496
2026-03-16 15:09:34.000000000,23.727519051993422
2026-03-16 15:07:59.000000000,17.762854760679126
2026-03-16 15:40:19.000000000,52.277477528985564
2026-03-16 15:33:47.000000000,26.352357347162492
2026-03-16 15:59:01.000000000,14.4847695362972
2026-03-16 15:08:05.000000000,16.96824249505868
2026-03-16 15:13:54.000000000,22.655456571333897
2026-03-16 15:08:10.000000000,53.49367688271096
2026-03-16 15:59:45.000000000,73.28118166315255
2026-03-16 16:16:23.000000000,25.377611306967804
2026-03-16 16:51:33.000000000,17.15837707192291
2026-03-16 16:45:06.000000000,23.65612268875518
2026-03-16 16:07:13.000000000,25.82713001246421
2026-03-16 16:54:44.000000000,13.544947637611576
2026-03-16 16:37:28.000000000,28.885942527427563
2026-03-16 16:50:10.000000000,15.734540613079135
2026-03-16 16:51:27.000000000,18.19544518511815
2026-03-16 16:31:46.000000000,194.3079577019665
2026-03-16 16:34:59.000000000,39.05198872876706
2026-03-16 16:04:19.000000000,28.862998324821515
2026-03-16 16:02:19.000000000,21.02372097780511
2026-03-16 16:25:53.000000000,29.892629013346262
2026-03-16 16:22:34.000000000,17.72766478421538
2026-03-16 16:41:27.000000000,63.40469729633325
2026-03-16 16:57:09.000000000,12.742352421183055
2026-03-16 16:18:53.000000000,14.166482400354935
2026-03-16 17:41:33.000000000,32.2874950185393
2026-03-16 17:26:16.000000000,26.0925245782966
2026-03-16 17:26:37.000000000,40.78993388383285
2026-03-16 17:29:40.000000000,12.744773155973641
2026-03-16 17:26:36.000000000,20.713954987118232
2026-03-16 17:15:49.000000000,21.424898456093818
2026-03-16 17:10:08.000000000,24.622304884800432
2026-03-16 17:19:00.000000000,84.0935370399356
2026-03-16 17:19:37.000000000,33.02456987358177
2026-03-16 17:06:29.000000000,22.414547692263177
2026-03-16 17:05:41.000000000,30.53716355952906
2026-03-16 17:55:18.000000000,38.29163681952365
2026-03-16 17:15:44.000000000,23.517269530783484
2026-03-16 17:57:35.000000000,20.770055841356577
2026-03-16 17:06:09.000000000,15.655430304305986
2026-03-16 17:46:06.000000000,29.937582881302287
2026-03-16 17:12:57.000000000,51.25859190109151
2026-03-16 17:20:22.000000000,29.221784627153912
2026-03-16 17:36:53.000000000,24.384347402120827
2026-03-16 17:22:25.000000000,22.149078665438754
2026-03-16 17:02:37.000000000,22.108484260191695
2026-03-16 17:17:03.000000000,18.963356182008052
2026-03-16 17:47:52.000000000,16.916472907582833
2026-03-16 17:07:22.000000000,28.224988478117645
2026-03-16 17:16:45.000000000,14.05936259470748
2026-03-16 17:35:48.000000000,21.58465330845596
2026-03-16 17:05:53.000000000,28.752811114702933
2026-03-16 17:38:47.000000000,14.646117184717015
2026-03-16 17:55:54.000000000,32.64081185472523
2026-03-16 17:33:42.000000000,68.14111247587249
2026-03-16 18:06:11.000000000,36.32735861143073
2026-03-16 18:32:50.000000000,24.400477440791285
2026-03-16 18:30:25.000000000,17.925864599391613
2026-03-16 18:26:33.000000000,46.29233243273621
2026-03-16 18:20:18.000000000,11.963416666283337
2026-03-16 18:28:43.000000000,12.140346405650503
2026-03-16 18:55:39.000000000,11.403028321703045
2026-03-16 18:02:31.000000000,20.477105995852792
2026-03-16 18:08:42.000000000,28.956747023738778
2026-03-16 18:44:20.000000000,19.18263550518436
2026-03-16 18:17:50.000000000,20.868230111908577
2026-03-16 18:08:34.000000000,34.8614590621374
2026-03-16 18:26:43.000000000,24.222387408365943
2026-03-16 18:56:33.000000000,55.84423744189189
2026-03-16 18:53:35.000000000,47.283996520025674
2026-03-16 18:59:59.000000000,14.986456425002045
2026-03-16 18:46:28.000000000,18.317079763081484
2026-03-16 18:55:43.000000000,22.087856683720755
2026-03-16 18:19:20.000000000,18.455410898743583
2026-03-16 19:39:54.000000000,13.932459549872094
2026-03-16 19:25:25.000000000,61.247237112883816
2026-03-16 19:45:54.000000000,24.76161518728275
2026-03-16 19:11:26.000000000,25.734995711170043
2026-03-16 19:27:51.000000000,14.104429288683514
2026-03-16 19:23:18.000000000,34.48833642189671
2026-03-16 19:12:55.000000000,31.646043510098195
2026-03-16 19:30:16.000000000,19.985249118306534
2026-03-16 19:17:38.000000000,24.034513543294292
2026-03-16 19:45:18.000000000,27.149261764573783
2026-03-16 19:15:04.000000000,19.35943538988322
2026-03-16 19:32:55.000000000,30.688175568801842
2026-03-16 20:24:20.000000000,14.2364705416726
2026-03-16 20:30:43.000000000,39.18340544777022
2026-03-16 20:52:13.000000000,23.304270541103865
2026-03-16 20:43:38.000000000,12.771916712665218
2026-03-16 20:09:08.000000000,59.19794947203492
2026-03-16 20:40:07.000000000,11.877415397884272
2026-03-16 21:10:22.000000000,19.81289370193736
2026-03-16 21:24:12.000000000,85.43798166336992
2026-03-16 21:19:32.000000000,47.20693350795391
2026-03-16 21:02:40.000000000,26.67998356662125
2026-03-16 21:32:31.000000000,23.333066286706913
2026-03-16 21:35:45.000000000,13.993856843114918
2026-03-16 21:29:41.000000000,42.590413419745204
2026-03-16 21:13:13.000000000,13.342656689021338
2026-03-16 21:12:26.000000000,11.963004748254846
2026-03-16 21:23:54.000000000,19.683376931089526
2026-03-16 21:56:29.000000000,29.411132299628573
2026-03-16 21:10:11.000000000,48.841288480737525
2026-03-16 22:45:43.000000000,18.25624974940337
2026-03-16 22:49:44.000000000,51.0133356554878
2026-03-16 22:12:57.000000000,51.51977091920674
2026-03-16 22:12:49.000000000,20.69197573032675
2026-03-16 22:05:45.000000000,17.786487204790877
2026-03-16 22:04:58.000000000,31.11836976051889
2026-03-16 22:49:47.000000000,54.45347890826356
2026-03-16 22:15:59.000000000,14.977979750594246
2026-03-16 22:15:16.000000000,36.265923086368325
2026-03-16 22:55:12.000000000,30.83785543633724
2026-03-16 22:28:04.000000000,17.81145071183367
2026-03-16 22:23:09.000000000,12.58012108273026
2026-03-16 22:52:34.000000000,41.528131671148635
2026-03-16 22:08:25.000000000,20.09084218823876
2026-03-16 22:06:50.000000000,16.664408881145665
2026-03-16 23:15:10.000000000,19.37427417208382
2026-03-16 23:37:06.000000000,12.679530442483633
2026-03-16 23:00:28.000000000,14.546055603684442
2026-03-16 23:09:06.000000000,33.69481786513008
2026-03-16 23:12:45.000000000,13.79904325402642
2026-03-16 23:47:45.000000000,12.785726886728368
2026-03-16 23:08:09.000000000,122.97664688186565
2026-03-16 23:47:30.000000000,23.342932592253522
2026-03-16 23:09:59.000000000,19.01048517233117
2026-03-16 23:32:53.000000000,40.24563885517041
2026-03-16 23:46:14.000000000,19.04085158426337
2026-03-16 23:28:47.000000000,30.17499695599138
2026-03-16 23:11:45.000000000,66.6720945171233
2026-03-16 23:07:30.000000000,19.83326410968787
2026-03-16 23:25:25.000000000,12.497952790279328
2026-03-16 23:03:31.000000000,112.19858068398162
2026-03-16 23:03:56.000000000,32.163743026792154
2026-03-16 23:55:38.000000000,44.00431897673456
2026-03-16 23:54:22.000000000,12.834220334863401
2026-03-16 23:55:39.000000000,77.51283308320428
2026-03-16 23:04:17.000000000,30.199875792574428
2026-03-16 23:32:14.000000000,13.051993463214627
2026-03-17 00:12:53.000000000,26.268242421785782
2026-03-17 00:57:34.000000000,31.371095235249708
2026-03-17 00:28:35.000000000,48.128387206572675
2026-03-17 00:17:28.000000000,38.17747247002102
2026-03-17 00:00:22.000000000,48.737349424884634
2026-03-17 00:10:27.000000000,52.25010722775165
2026-03-17 00:48:39.000000000,13.491516369581758
2026-03-17 00:48:41.000000000,23.507222899786097
2026-03-17 00:45:58.000000000,24.13247022150038
2026-03-17 01:12:39.000000000,21.116160262527497
2026-03-17 02:36:30.000000000,47.71868415940299
2026-03-17 02:37:51.000000000,86.50844704704886
2026-03-17 02:44:17.000000000,26.836078923712126
2026-03-17 02:15:13.000000000,20.220528794907242
2026-03-17 02:17:17.000000000,15.306742931597727
2026-03-17 02:16:50.000000000,21.286254792357585
2026-03-17 03:15:41.000000000,28.77926820266311
2026-03-17 03:12:50.000000000,55.279998442878785
2026-03-17 03:36:06.000000000,15.000302821503604
2026-03-17 04:53:52.000000000,51.751523863544854
2026-03-17 04:09:45.000000000,76.40115261853312
2026-03-17 04:22:34.000000000,33.51104550280135
2026-03-17 04:37:39.000000000,87.21504565358437
2026-03-17 04:00:06.000000000,33.58425533888997
2026-03-17 05:30:50.000000000,27.907648612619663
2026-03-17 05:41:55.000000000,13.771789951891485
2026-03-17 05:40:23.000000000,30.034032853501216
2026-03-17 05:02:05.000000000,33.751996464019655
2026-03-17 05:11:51.000000000,15.911412784260845
2026-03-17 05:04:40.000000000,103.53234607535988
2026-03-17 06:06:21.000000000,27.31639022126419
2026-03-17 06:06:13.000000000,19.20879373088744
2026-03-17 06:53:21.000000000,102.80224965154422
2026-03-17 06:42:19.000000000,21.719681142952375
2026-03-17 06:46:54.000000000,23.451581376930033
2026-03-17 06:01:37.000000000,16.295811592139476
2026-03-17 06:33:12.000000000,22.99157264446978
2026-03-17 06:00:18.000000000,45.45748561214827
2026-03-17 07:49:39.000000000,25.307773011386256
2026-03-17 07:22:28.000000000,41.643034559896215
2026-03-17 07:55:37.000000000,26.2199806415603
2026-03-17 07:46:57.000000000,88.62496895117621
2026-03-17 07:06:16.000000000,16.76184413228527
2026-03-17 07:34:48.000000000,26.91696439239804
2026-03-17 07:30:11.000000000,20.489119042227223
2026-03-17 07:11:50.000000000,59.53938539157472
2026-03-17 07:52:20.000000000,102.89922918836265
2026-03-17 07:58:59.000000000,17.231479437933086
2026-03-17 07:29:02.000000000,23.82248300756333
2026-03-17 07:56:32.000000000,29.895375246035474
2026-03-17 07:39:30.000000000,27.71874427502199
2026-03-17 07:19:40.000000000,61.75883181562513
2026-03-17 07:35:49.000000000,48.60006958016347
2026-03-17 07:00:43.000000000,29.674114225042462
2026-03-17 07:06:17.000000000,16.11598553367134
2026-03-17 07:18:25.000000000,115.65619793350746
2026-03-17 08:31:51.000000000,23.44875779933825
2026-03-17 08:27:33.000000000,14.333354511187435
2026-03-17 08:39:26.000000000,58.264778156305184
2026-03-17 08:01:50.000000000,21.32601791033343
2026-03-17 08:52:53.000000000,40.985286425308225
2026-03-17 08:22:29.000000000,55.67316958561529
2026-03-17 08:09:15.000000000,37.2466491891666
2026-03-17 08:25:27.000000000,28.235216464659725
2026-03-17 08:56:44.000000000,42.98179090305257
2026-03-17 08:25:47.000000000,23.17542260558228
2026-03-17 08:07:14.000000000,22.884255877058795
2026-03-17 08:06:26.000000000,35.68453590351871
2026-03-17 08:06:09.000000000,44.974275714810354
2026-03-17 09:15:06.000000000,12.552590407378124
2026-03-17 09:16:18.000000000,18.09315699846488
2026-03-17 09:36:24.000000000,37.76886359175021
2026-03-17 09:09:44.000000000,35.18181063696348
2026-03-17 09:23:07.000000000,54.865291731163765
2026-03-17 09:38:39.000000000,30.117849998567518
2026-03-17 09:31:05.000000000,62.88317300769452
2026-03-17 09:05:03.000000000,25.00325279238056
2026-03-17 09:29:18.000000000,24.836197317601663
2026-03-17 09:31:37.000000000,37.5419415507703
2026-03-17 09:37:17.000000000,26.459476062636742
2026-03-17 09:02:10.000000000,20.327859160449034
2026-03-17 09:44:50.000000000,30.063255618449357
2026-03-17 09:22:21.000000000,15.037882081236145
2026-03-17 09:50:46.000000000,32.73956006867178
2026-03-17 09:44:01.000000000,42.81285714316865
2026-03-17 09:16:32.000000000,124.64198420307959
2026-03-17 09:16:40.000000000,16.812377693914048
2026-03-17 09:17:50.000000000,17.96914467955554
2026-03-17 09:40:03.000000000,18.621634020126546
2026-03-17 09:36:13.000000000,16.034026516244577
2026-03-17 10:48:23.000000000,14.778763370592356
2026-03-17 10:45:43.000000000,17.600510514437236
2026-03-17 10:14:04.000000000,20.84169524474057
2026-03-17 10:02:14.000000000,34.38548837396913
2026-03-17 10:10:04.000000000,23.74273931418615
2026-03-17 10:10:29.000000000,14.324630364446131
2026-03-17 10:03:30.000000000,17.92631879262697
2026-03-17 10:54:45.000000000,81.80067281095285
2026-03-17 10:05:52.000000000,44.27667537161788
2026-03-17 10:47:03.000000000,46.566876470147584
2026-03-17 10:00:48.000000000,13.378366328981377
2026-03-17 10:59:25.000000000,16.487128044507962
2026-03-17 10:01:50.000000000,14.211325621672176
2026-03-17 10:24:30.000000000,32.60105906514059
2026-03-17 10:27:54.000000000,38.89734371411215
2026-03-17 10:57:55.000000000,19.66467036392959
2026-03-17 10:33:06.000000000,86.78452624877121
2026-03-17 10:00:37.000000000,37.28501865230595
2026-03-17 10:36:59.000000000,21.746434651662465
2026-03-17 11:31:04.000000000,12.125127890832077
2026-03-17 11:05:00.000000000,19.176400792315874
2026-03-17 11:31:40.000000000,22.5215463570831
2026-03-17 11:08:32.000000000,15.374540227464594
2026-03-17 11:50:33.000000000,27.694559515303578
2026-03-17 11:13:08.000000000,11.647515876132333
2026-03-17 11:02:11.000000000,10.57503863967033
2026-03-17 11:51:00.000000000,34.31852391270963
2026-03-17 11:26:32.000000000,33.47895426973055
2026-03-17 11:38:06.000000000,21.853749650820948
2026-03-17 11:32:15.000000000,14.684695396847731
2026-03-17 11:18:24.000000000,19.478135339342035
2026-03-17 12:45:33.000000000,34.797009234198875
2026-03-17 12:46:27.000000000,20.927171577996862
2026-03-17 12:06:02.000000000,36.26253380079083
2026-03-17 12:52:32.000000000,25.97802105657831
2026-03-17 12:54:39.000000000,82.28697859165909
2026-03-17 12:34:08.000000000,20.119838159300368
2026-03-17 12:03:28.000000000,203.1214655969492
2026-03-17 12:49:27.000000000,23.614846727551633
2026-03-17 12:08:01.000000000,19.967822085654124
2026-03-17 12:19:43.000000000,21.683012189126313
2026-03-17 12:22:10.000000000,18.59792586732938
2026-03-17 12:34:02.000000000,27.449007739031366
2026-03-17 12:30:54.000000000,51.28417599201354
2026-03-17 12:38:54.000000000,18.793005805600313
2026-03-17 12:07:21.000000000,65.01356358524104
2026-03-17 13:39:16.000000000,46.119456537237866
2026-03-17 13:00:41.000000000,12.336554319832183
2026-03-17 13:35:17.000000000,15.506787952348732
2026-03-17 13:40:45.000000000,22.824889807552278
2026-03-17 13:14:26.000000000,60.4853411242365
2026-03-17 13:08:18.000000000,15.550738877559963
2026-03-17 13:18:14.000000000,109.89967058814143
2026-03-17 13:16:09.000000000,18.027212608724863
2026-03-17 13:49:14.000000000,26.403568053495054
2026-03-17 13:26:32.000000000,18.865948738634433
2026-03-17 13:37:13.000000000,36.351496487585315
2026-03-17 13:06:23.000000000,58.35610408008236
2026-03-17 14:07:49.000000000,52.657429683307384
2026-03-17 14:58:58.000000000,55.78825657491305
2026-03-17 14:48:53.000000000,18.68196222662623
2026-03-17 14:42:05.000000000,20.270680946608625
2026-03-17 14:57:48.000000000,31.152815525133295
2026-03-17 14:32:49.000000000,12.618168762245142
2026-03-17 14:36:55.000000000,20.244876415458886
2026-03-17 14:45:33.000000000,14.241765191049192
2026-03-17 14:24:33.000000000,18.740295126966746
2026-03-17 14:52:44.000000000,35.34166122996046
2026-03-17 14:58:05.000000000,18.098608783008697
2026-03-17 14:19:20.000000000,22.480073855146426
2026-03-17 14:27:51.000000000,28.87978981790882
2026-03-17 14:16:53.000000000,19.80601203949752
2026-03-17 14:59:08.000000000,16.426266166162943
2026-03-17 14:01:44.000000000,14.604818032678809
2026-03-17 14:34:04.000000000,33.2737872223994
2026-03-17 14:38:13.000000000,39.849667533621364
2026-03-17 15:43:26.000000000,18.847920941637437
2026-03-17 15:21:58.000000000,13.96319482004647
2026-03-17 15:41:16.000000000,16.088529594367632
2026-03-17 15:00:54.000000000,15.37846894475931
2026-03-17 15:56:47.000000000,25.230532108348275
2026-03-17 15:38:53.000000000,16.88062037523489
2026-03-17 15:09:32.000000000,34.07964020812626
2026-03-17 15:13:21.000000000,26.58346420358321
2026-03-17 15:32:29.000000000,19.41462485074855
2026-03-17 15:25:33.000000000,27.244427634570517
2026-03-17 15:55:03.000000000,26.3797902081545
2026-03-17 15:41:21.000000000,28.355115824822786
2026-03-17 15:30:57.000000000,23.698336660797644
2026-03-17 15:04:49.000000000,21.298509742498766
2026-03-17 15:34:16.000000000,24.30355138418822
2026-03-17 15:25:57.000000000,15.632983249095906
2026-03-17 15:58:47.000000000,35.0218076451524
2026-03-17 16:41:35.000000000,19.27774091914478
2026-03-17 16:46:01.000000000,22.89296956340075
2026-03-17 16:06:00.000000000,106.37527498588919
2026-03-17 16:36:56.000000000,61.100898301522406
2026-03-17 16:40:49.000000000,29.273737934535855
2026-03-17 16:35:08.000000000,15.90840802145158
2026-03-17 16:53:43.000000000,22.33565213410012
2026-03-17 16:55:00.000000000,14.757545866071355
2026-03-17 16:50:54.000000000,26.709572352476034
2026-03-17 16:24:58.000000000,21.61253847727382
2026-03-17 16:52:36.000000000,17.597852558351804
2026-03-17 16:47:57.000000000,22.08312675565467
2026-03-17 16:54:37.000000000,47.22799714195754
2026-03-17 16:49:06.000000000,19.034680395632048
2026-03-17 16:05:30.000000000,22.511475978255962
2026-03-17 17:01:03.000000000,19.200416111386357
2026-03-17 17:33:43.000000000,50.52866460078835
2026-03-17 17:27:56.000000000,22.91244323807614
2026-03-17 17:09:58.000000000,67.75775954079813
2026-03-17 17:27:19.000000000,33.884008825873416
2026-03-17 17:04:17.000000000,35.60847224222191
2026-03-17 17:49:26.000000000,14.364688131063714
2026-03-17 17:34:15.000000000,21.136041951818676
2026-03-17 17:20:18.000000000,15.147946207134426
2026-03-17 17:30:56.000000000,23.223794749699756
2026-03-17 17:55:37.000000000,29.306337484121553
2026-03-17 17:31:29.000000000,49.91425726784416
2026-03-17 17:08:18.000000000,28.19743302009477
2026-03-17 17:35:19.000000000,72.60640934041872
2026-03-17 17:52:02.000000000,50.56611838580735
2026-03-17 18:20:09.000000000,17.735427228402255
2026-03-17 18:38:27.000000000,54.026945348907795
2026-03-17 18:17:59.000000000,50.576894406388114
2026-03-17 18:12:49.000000000,15.92710014267808
2026-03-17 18:20:35.000000000,24.064986893901235
2026-03-17 18:44:40.000000000,24.67413554049293
2026-03-17 18:13:14.000000000,17.96409879781142
2026-03-17 18:06:18.000000000,24.106247189762524
2026-03-17 18:15:38.000000000,13.668323813604355
2026-03-17 18:17:08.000000000,17.415954393983377
2026-03-17 18:10:28.000000000,23.407240057671263
2026-03-17 18:21:31.000000000,18.741385087918236
2026-03-17 18:05:48.000000000,30.3936523575836
2026-03-17 18:49:45.000000000,34.569604472097545
2026-03-17 18:03:03.000000000,19.474442596598855
2026-03-17 18:53:43.000000000,17.246336729083108
2026-03-17 18:27:28.000000000,114.2251092925466
2026-03-17 18:56:22.000000000,25.161841870416605
2026-03-17 18:07:24.000000000,59.14191420495128
2026-03-17 18:45:20.000000000,13.9248717157451
2026-03-17 19:42:09.000000000,19.648650990536172
2026-03-17 19:55:23.000000000,19.176597692682517
2026-03-17 19:28:15.000000000,38.06941367676906
2026-03-17 19:10:35.000000000,28.042169471889306
2026-03-17 19:18:24.000000000,15.119825511858627
2026-03-17 19:52:25.000000000,13.244584043199973
2026-03-17 19:35:26.000000000,40.22109322665124
2026-03-17 19:36:06.000000000,26.4646265716167
2026-03-17 19:52:12.000000000,18.59410322811079
2026-03-17 19:58:37.000000000,21.560438934641653
2026-03-17 19:29:16.000000000,15.072450749556383
2026-03-17 19:44:38.000000000,16.990750507564442
2026-03-17 20:49:56.000000000,13.703195493364957
2026-03-17 20:31:55.000000000,33.3399200013965
2026-03-17 20:46:40.000000000,13.777777555008116
2026-03-17 20:03:04.000000000,27.116235095498578
2026-03-17 20:27:39.000000000,31.146619259292255
2026-03-17 20:00:32.000000000,20.81890849049672
2026-03-17 20:42:22.000000000,355.87620603194705
2026-03-17 20:26:50.000000000,97.34435776546923
2026-03-17 20:21:27.000000000,45.36967907243667
2026-03-17 20:10:29.000000000,29.476386138772575
2026-03-17 21:59:25.000000000,19.3978248081966
2026-03-17 21:26:15.000000000,18.882886628594687
2026-03-17 21:27:42.000000000,15.677448088526413
2026-03-17 21:44:49.000000000,15.522343020611657
2026-03-17 21:23:44.000000000,28.97597903636768
2026-03-17 21:20:06.000000000,18.17116271606599
2026-03-17 21:43:05.000000000,20.69432427960327
2026-03-17 21:51:08.000000000,80.12292583521771
2026-03-17 21:04:27.000000000,12.648733246818216
2026-03-17 21:02:21.000000000,32.02403909180464
2026-03-17 21:07:50.000000000,35.45665189426498
2026-03-17 22:43:41.000000000,16.654522356768567
2026-03-17 22:03:36.000000000,37.52735340600319
2026-03-17 22:13:27.000000000,31.895018108189294
2026-03-17 22:40:28.000000000,21.046624512759717
2026-03-17 22:39:50.000000000,23.71741123366368
2026-03-17 22:35:31.000000000,162.24378006163852
2026-03-17 22:25:19.000000000,42.29929490041646
2026-03-17 22:29:28.000000000,15.826426943326757
2026-03-17 22:24:54.000000000,32.18516361766371
2026-03-17 22:31:05.000000000,19.056169503171386
2026-03-17 22:46:26.000000000,15.43527073877294
2026-03-17 22:28:29.000000000,26.010176831730245
2026-03-17 23:49:20.000000000,31.468952478046898
2026-03-17 23:31:11.000000000,31.18420735123176
2026-03-17 23:11:22.000000000,51.213496002173116
2026-03-17 23:43:28.000000000,19.336444354563763
2026-03-17 23:36:58.000000000,39.442236766183704
2026-03-17 23:55:21.000000000,18.304784656356045
2026-03-17 23:32:43.000000000,28.905148350917475
2026-03-17 23:37:51.000000000,30.639742989475376
2026-03-17 23:35:09.000000000,52.23330836604941
2026-03-17 23:44:05.000000000,25.182659222523892
2026-03-17 23:17:18.000000000,38.187689920706084
2026-03-17 23:06:03.000000000,32.23648920733799
2026-03-17 23:51:32.000000000,11.426081764603905
2026-03-18 00:30:13.000000000,151.1949864874668
2026-03-18 00:23:31.000000000,15.978338832185168
2026-03-18 00:42:50.000000000,41.73557494798948
2026-03-18 00:40:30.000000000,104.5916073405527
2026-03-18 00:21:39.000000000,26.41309652724413
2026-03-18 00:08:45.000000000,13.222902244337641
2026-03-18 00:02:28.000000000,39.909384138995335
2026-03-18 01:27:32.000000000,13.960169215329921
2026-03-18 01:57:10.000000000,22.899281832807755
2026-03-18 01:40:05.000000000,38.074735904567355
2026-03-18 02:40:34.000000000,22.772729022975685
2026-03-18 02:04:09.000000000,34.068861539704294
2026-03-18 03:18:36.000000000,42.982471883844745
2026-03-18 03:30:46.000000000,20.23507867613719
2026-03-18 03:34:59.000000000,28.43717128565891
2026-03-18 04:59:47.000000000,17.527791832949084
2026-03-18 05:40:29.000000000,47.472665914773806
2026-03-18 05:44:05.000000000,69.85820247845275
2026-03-18 05:55:21.000000000,16.030252712069128
2026-03-18 05:47:03.000000000,22.10803229372874
2026-03-18 05:54:11.000000000,18.17555572281668
2026-03-18 05:24:03.000000000,18.948620086486716
2026-03-18 05:15:41.000000000,95.10151775805662
2026-03-18 06:22:20.000000000,15.976638431388816
2026-03-18 06:47:13.000000000,22.896845265895166
2026-03-18 06:14:22.000000000,17.117201556272818
2026-03-18 06:08:46.000000000,33.541956720568756
2026-03-18 06:42:21.000000000,17.679622026225392
2026-03-18 06:27:15.000000000,32.45332590497363
2026-03-18 06:45:42.000000000,55.93321953391327
2026-03-18 06:21:20.000000000,17.872832103472
2026-03-18 06:17:16.000000000,89.25227806721642
2026-03-18 06:38:39.000000000,26.070782269977673
2026-03-18 06:59:52.000000000,13.953677675364636
2026-03-18 06:37:27.000000000,50.94400299980774
2026-03-18 06:29:32.000000000,27.754662439978734
2026-03-18 06:31:10.000000000,116.881474476133
2026-03-18 06:53:04.000000000,18.545067220802597
2026-03-18 06:54:16.000000000,28.801798081137388
2026-03-18 06:28:21.000000000,35.211079364341884
2026-03-18 07:20:57.000000000,14.606066311865186
2026-03-18 07:57:51.000000000,27.326864716080376
2026-03-18 07:29:57.000000000,100.71857185251159
2026-03-18 07:50:57.000000000,21.588139090638666
2026-03-18 07:18:53.000000000,25.1975269731545
2026-03-18 07:51:03.000000000,25.56789717069069
2026-03-18 07:43:44.000000000,16.610814201789907
2026-03-18 07:27:32.000000000,48.99327338128267
2026-03-18 07:06:18.000000000,101.20098722739449
2026-03-18 07:57:46.000000000,18.379731990792283
2026-03-18 07:59:47.000000000,47.234863886520735
2026-03-18 07:49:26.000000000,38.06760123117436
2026-03-18 07:16:51.000000000,18.6818641847745
2026-03-18 07:36:12.000000000,39.448699304451615
2026-03-18 07:11:19.000000000,29.399444234944877
2026-03-18 07:32:10.000000000,40.43349254344408
2026-03-18 07:59:30.000000000,108.25390068458883
2026-03-18 07:54:29.000000000,16.252354988874007
2026-03-18 07:03:20.000000000,63.69114866052546
2026-03-18 08:36:30.000000000,38.51100573325597
2026-03-18 08:14:33.000000000,46.63351703560013
2026-03-18 08:55:57.000000000,25.591441562495564
2026-03-18 08:32:37.000000000,20.919533402137308
2026-03-18 08:10:29.000000000,33.3991539948936
2026-03-18 08:09:07.000000000,26.712537255171814
2026-03-18 08:36:43.000000000,33.736826031772345
2026-03-18 08:34:14.000000000,40.95891826267499
2026-03-18 08:41:59.000000000,23.141981334955673
2026-03-18 08:08:22.000000000,44.0408674506937
2026-03-18 08:23:05.000000000,31.82298498330739
2026-03-18 08:28:03.000000000,36.76557258396884
2026-03-18 08:05:08.000000000,20.313029272597408
2026-03-18 08:08:01.000000000,65.8222971830174
2026-03-18 08:23:30.000000000,23.702902466599692
2026-03-18 08:49:29.000000000,53.032605664418945
2026-03-18 09:09:03.000000000,37.141662562095554
2026-03-18 09:02:14.000000000,37.14374467439189
2026-03-18 09:32:57.000000000,29.287101821699668
2026-03-18 09:06:53.000000000,16.34619693335624
2026-03-18 09:49:54.000000000,22.079513161903368
2026-03-18 09:50:00.000000000,19.13793455287715
2026-03-18 09:37:44.000000000,21.483637051718762
2026-03-18 09:48:18.000000000,17.633810036164515
2026-03-18 09:56:36.000000000,60.49466840196662
2026-03-18 09:43:28.000000000,29.148771492081156
2026-03-18 09:35:27.000000000,27.1808198540941
2026-03-18 09:25:06.000000000,40.786436432450955
2026-03-18 09:58:40.000000000,68.92941401794798
2026-03-18 09:47:59.000000000,20.595144529865205
2026-03-18 09:38:45.000000000,116.55719752378434
2026-03-18 09:28:21.000000000,20.228487392874097
2026-03-18 09:18:31.000000000,22.370405615338594
2026-03-18 09:09:27.000000000,36.23655397839243
2026-03-18 09:06:51.000000000,14.771824429529035
2026-03-18 09:03:57.000000000,47.675715945024216
2026-03-18 09:44:39.000000000,18.468032542155196
2026-03-18 10:21:13.000000000,25.462897714259263
2026-03-18 10:18:16.000000000,36.95958240264043
2026-03-18 10:55:04.000000000,77.4048260588369
2026-03-18 10:53:17.000000000,16.57152928932456
2026-03-18 10:09:29.000000000,15.845960653632824
2026-03-18 10:50:58.000000000,28.53919130019864
2026-03-18 10:35:29.000000000,21.034186695972625
2026-03-18 10:10:43.000000000,20.850887696678033
2026-03-18 10:41:42.000000000,35.04357076779696
2026-03-18 10:14:02.000000000,41.32806200566548
2026-03-18 10:38:58.000000000,57.763678936908626
2026-03-18 10:14:39.000000000,39.20938500925458
2026-03-18 10:09:21.000000000,31.01936219811424
2026-03-18 10:14:17.000000000,39.41829562731305
2026-03-18 10:42:08.000000000,17.878165464928568
2026-03-18 10:25:59.000000000,15.415048805754166
2026-03-18 10:39:46.000000000,32.964628629893426
2026-03-18 10:30:51.000000000,15.927023589983405
2026-03-18 10:52:03.000000000,136.6732413824313
2026-03-18 11:45:14.000000000,118.90313932089641
2026-03-18 11:34:32.000000000,66.86863281875911
2026-03-18 11:01:19.000000000,29.91349760834873
2026-03-18 11:55:33.000000000,74.3666756117683
2026-03-18 11:21:39.000000000,33.34494041257901
2026-03-18 11:26:10.000000000,24.406012181011064
2026-03-18 11:55:03.000000000,33.26408114256789
2026-03-18 11:35:03.000000000,42.70983372697709
2026-03-18 11:04:19.000000000,14.812944650200881
2026-03-18 12:03:47.000000000,36.458119597524664
2026-03-18 12:53:06.000000000,25.58287375024204
2026-03-18 12:15:14.000000000,60.12714462495703
2026-03-18 12:36:58.000000000,19.630274757126404
2026-03-18 12:55:39.000000000,22.21439496044692
2026-03-18 12:44:28.000000000,14.382676502970769
2026-03-18 12:47:09.000000000,29.940506369163465
2026-03-18 12:34:53.000000000,56.61644191869227
2026-03-18 12:47:32.000000000,26.754208751018265
2026-03-18 12:54:38.000000000,33.64784988783052
2026-03-18 12:46:35.000000000,16.277177464548412
2026-03-18 12:02:42.000000000,21.40756645423944
2026-03-18 12:51:23.000000000,19.608574577178285
2026-03-18 12:20:21.000000000,41.835147402242754
2026-03-18 12:01:47.000000000,26.725376838886906
2026-03-18 12:02:43.000000000,29.70157875683088
2026-03-18 12:34:54.000000000,49.67528472053646
2026-03-18 12:52:41.000000000,20.328488823934837
2026-03-18 13:56:34.000000000,24.924126741484724
2026-03-18 13:47:41.000000000,62.41724589849541
2026-03-18 13:32:40.000000000,52.7140815808428
2026-03-18 13:42:39.000000000,13.742594586020825
2026-03-18 13:12:44.000000000,42.21004952249098
2026-03-18 13:03:36.000000000,63.13714117413385
2026-03-18 13:05:18.000000000,23.808000825246527
2026-03-18 13:31:02.000000000,33.11055906585953
2026-03-18 13:54:20.000000000,27.94447340668666
2026-03-18 13:45:48.000000000,19.854217326172904
2026-03-18 13:07:30.000000000,18.80297485981681
2026-03-18 13:00:14.000000000,36.67702457682652
2026-03-18 13:00:00.000000000,133.29876744371526
2026-03-18 13:21:24.000000000,87.26661665938201
2026-03-18 13:34:01.000000000,21.572340717222833
2026-03-18 14:47:45.000000000,33.57935688510146
2026-03-18 14:21:16.000000000,70.07233749183196
2026-03-18 14:29:03.000000000,80.54809095293518
2026-03-18 14:36:36.000000000,17.218845316348673
2026-03-18 14:22:39.000000000,14.614850921691263
2026-03-18 14:23:08.000000000,26.937391966315698
2026-03-18 14:29:39.000000000,25.588501374573607
2026-03-18 14:35:18.000000000,25.897386934033552
2026-03-18 14:59:33.000000000,53.65207858391931
2026-03-18 14:41:47.000000000,16.708046886154538
2026-03-18 14:45:08.000000000,22.164089829449104
2026-03-18 14:06:00.000000000,22.17359850991441
2026-03-18 15:49:45.000000000,24.082968375002363
2026-03-18 15:33:45.000000000,30.788765725468007
2026-03-18 15:40:55.000000000,21.80329523221989
2026-03-18 15:04:14.000000000,55.15927362624935
2026-03-18 15:53:05.000000000,26.127742924451738
2026-03-18 15:23:54.000000000,33.06002253134313
2026-03-18 15:30:47.000000000,25.251616794558977
2026-03-18 15:55:51.000000000,45.57814581342267
2026-03-18 15:41:01.000000000,19.668544135970574
2026-03-18 15:36:47.000000000,38.229749238711854
2026-03-18 15:41:20.000000000,32.203496606859204
2026-03-18 15:12:03.000000000,187.20756955467954
2026-03-18 15:11:19.000000000,22.302401152067556
2026-03-18 15:01:19.000000000,71.03481677661928
2026-03-18 15:41:29.000000000,56.920905582936285
2026-03-18 16:42:42.000000000,17.006167545746283
2026-03-18 16:36:15.000000000,34.80508406656903
2026-03-18 16:41:27.000000000,21.2020871515998
2026-03-18 16:29:30.000000000,16.246852148758627
2026-03-18 16:07:19.000000000,37.60948799908885
2026-03-18 16:42:38.000000000,33.544087485952744
2026-03-18 16:29:12.000000000,46.730065319890834
2026-03-18 16:11:04.000000000,18.02518212652228
2026-03-18 16:18:06.000000000,20.414606447732353
2026-03-18 16:11:09.000000000,13.285649593963374
2026-03-18 16:59:47.000000000,28.977390373013275
2026-03-18 16:44:21.000000000,20.453082280959773
2026-03-18 16:10:02.000000000,29.168714731150157
2026-03-18 16:43:33.000000000,22.688663663481513
2026-03-18 16:20:57.000000000,19.957069192381365
2026-03-18 16:30:14.000000000,25.574402712602296
2026-03-18 17:42:41.000000000,19.622480029571182
2026-03-18 17:55:17.000000000,19.818671834627988
2026-03-18 17:43:29.000000000,27.051376815060802
2026-03-18 17:51:50.000000000,111.30234455711548
2026-03-18 17:42:22.000000000,15.791489882988111
2026-03-18 17:36:26.000000000,22.9731345803503
2026-03-18 17:28:07.000000000,14.948596427278629
2026-03-18 17:14:46.000000000,16.365302019934987
2026-03-18 17:39:33.000000000,99.41561268779549
2026-03-18 17:43:00.000000000,83.42155140554496
2026-03-18 17:36:52.000000000,17.899441015762175
2026-03-18 17:36:19.000000000,15.176749866375856
2026-03-18 17:31:22.000000000,17.334526948240423
2026-03-18 17:45:39.000000000,81.19712843956637
2026-03-18 17:44:18.000000000,31.538469781058513
2026-03-18 17:03:27.000000000,23.235440906614706
2026-03-18 17:37:10.000000000,17.36757979362375
2026-03-18 17:09:16.000000000,90.6803591117499
2026-03-18 17:23:36.000000000,29.188566032321862
2026-03-18 17:53:15.000000000,20.13388400277122
2026-03-18 17:30:50.000000000,41.9526643686222
2026-03-18 17:16:55.000000000,34.022030252077435
2026-03-18 17:49:58.000000000,23.875703335122132
2026-03-18 17:19:07.000000000,19.354394883347513
2026-03-18 17:00:24.000000000,66.04725635214152
2026-03-18 18:54:23.000000000,12.924992660966863
2026-03-18 18:27:22.000000000,85.43799188133421
2026-03-18 18:49:54.000000000,34.099587892460356
2026-03-18 18:05:55.000000000,15.400741299387425
2026-03-18 18:28:26.000000000,18.653154738040943
2026-03-18 18:51:45.000000000,25.172988295929553
2026-03-18 18:48:49.000000000,21.667548998528233
2026-03-18 18:08:41.000000000,82.95307816780735
2026-03-18 18:43:16.000000000,23.114442985568818
2026-03-18 18:10:06.000000000,24.174844598624677
2026-03-18 18:33:28.000000000,55.15618148828167
2026-03-18 18:22:38.000000000,24.559516455542255
2026-03-18 18:37:11.000000000,26.781934265404605
2026-03-18 18:26:32.000000000,49.273282573447275
2026-03-18 18:38:09.000000000,22.1422829914454
2026-03-18 18:11:03.000000000,46.56800685940743
2026-03-18 18:02:37.000000000,15.084914645888114
2026-03-18 18:20:34.000000000,28.20113545868443
2026-03-18 18:32:07.000000000,69.51145164716065
2026-03-18 18:25:58.000000000,30.43651900387415
2026-03-18 18:31:16.000000000,48.921664339269114
2026-03-18 18:30:15.000000000,19.471599895958153
2026-03-18 19:44:46.000000000,31.487778624032646
2026-03-18 19:41:15.000000000,17.21998232531289
2026-03-18 19:08:51.000000000,20.516802052348947
2026-03-18 19:54:23.000000000,59.01610532730572
2026-03-18 19:55:50.000000000,20.91882302025508
2026-03-18 19:34:25.000000000,29.757387363934154
2026-03-18 19:30:27.000000000,24.39854046708212
2026-03-18 19:59:10.000000000,18.25711812645366
2026-03-18 19:59:00.000000000,48.65481735461996
2026-03-18 19:13:48.000000000,76.5319068096683
2026-03-18 19:37:06.000000000,25.68592142499977
2026-03-18 19:41:46.000000000,46.83131545710305
2026-03-18 19:00:08.000000000,25.58984514091998
2026-03-18 19:30:35.000000000,23.127881427870637
2026-03-18 19:15:49.000000000,17.430321487758803
2026-03-18 19:41:39.000000000,51.91447795401149
2026-03-18 19:36:01.000000000,49.886358356007754
2026-03-18 19:52:51.000000000,56.360991105228344
2026-03-18 19:26:18.000000000,38.238859245457384
2026-03-18 19:44:20.000000000,18.090928578749143
2026-03-18 19:26:08.000000000,27.85529459066861
2026-03-18 20:29:12.000000000,30.79258084950259
2026-03-18 20:07:24.000000000,26.178202310333685
2026-03-18 20:32:37.000000000,74.00828138863537
2026-03-18 20:42:24.000000000,67.73434584087406
2026-03-18 20:41:21.000000000,18.04395664962522
2026-03-18 20:07:24.000000000,14.136243185152148
2026-03-18 20:49:12.000000000,53.297104733391016
2026-03-18 20:31:43.000000000,31.079247378284666
2026-03-18 20:28:12.000000000,17.390690289817048
2026-03-18 20:33:00.000000000,23.421093081668705
2026-03-18 20:58:00.000000000,76.6816241613112
2026-03-18 20:23:43.000000000,202.7046185460703
2026-03-18 20:59:42.000000000,50.58791534867587
2026-03-18 20:43:31.000000000,13.301534092494672
2026-03-18 20:56:25.000000000,34.50545874940272
2026-03-18 20:46:36.000000000,33.28714978195716
2026-03-18 21:34:57.000000000,14.4404316362452
2026-03-18 21:16:47.000000000,20.31059205507489
2026-03-18 21:50:32.000000000,17.046962965183603
2026-03-18 21:22:52.000000000,16.433693101067316
2026-03-18 21:16:07.000000000,19.560337076072155
2026-03-18 21:51:17.000000000,17.799788141068284
2026-03-18 21:02:58.000000000,22.18828169778917
2026-03-18 21:20:37.000000000,39.97252314298012
2026-03-18 21:56:39.000000000,31.74419677541172
2026-03-18 21:44:32.000000000,118.30292970339458
2026-03-18 21:21:17.000000000,14.21682538043368
2026-03-18 21:07:31.000000000,18.752856161181512
2026-03-18 21:22:56.000000000,19.140166088416994
2026-03-18 21:19:45.000000000,53.68898439012064
2026-03-18 21:10:20.000000000,19.836354192122272
2026-03-18 21:42:06.000000000,20.697714341389247
2026-03-18 22:11:31.000000000,19.872242306888435
2026-03-18 22:38:32.000000000,15.789296607373114
2026-03-18 22:05:20.000000000,190.39697003579167
2026-03-18 22:50:46.000000000,26.519109838321945
2026-03-18 22:32:08.000000000,37.92349686887922
2026-03-18 22:00:58.000000000,23.319019758605844
2026-03-18 22:52:46.000000000,23.855336043490073
2026-03-18 22:12:45.000000000,19.146272392478167
2026-03-18 22:37:19.000000000,16.708963376674564
2026-03-18 22:03:29.000000000,73.49274592766537
2026-03-18 22:05:00.000000000,27.66871330399208
2026-03-18 22:29:04.000000000,15.273713317090214
2026-03-18 22:37:06.000000000,50.73803859931278
2026-03-18 22:10:54.000000000,19.47518667131094
2026-03-18 22:31:58.000000000,21.436597278286158
2026-03-18 22:42:49.000000000,18.95809576839977
2026-03-18 22:44:47.000000000,94.23493336800708
2026-03-18 22:33:37.000000000,69.75125776936241
2026-03-18 23:19:43.000000000,31.57215164175371
2026-03-18 23:43:59.000000000,36.79467387415743
2026-03-18 23:51:54.000000000,12.834363284282587
2026-03-18 23:15:21.000000000,70.40641968201716
2026-03-18 23:13:56.000000000,30.236569772668336
2026-03-18 23:09:03.000000000,20.51918364684906
2026-03-18 23:58:17.000000000,35.90739306444601
2026-03-18 23:29:04.000000000,21.37920332157906
2026-03-18 23:38:40.000000000,29.06677125954783
2026-03-18 23:55:22.000000000,15.663762070587682
2026-03-18 23:01:49.000000000,25.84194006252738
2026-03-18 23:04:12.000000000,23.120665166150875
2026-03-18 23:05:01.000000000,27.09060138449399
2026-03-19 00:50:04.000000000,20.469232770098092
2026-03-19 00:22:09.000000000,45.83013634142206
2026-03-19 00:59:08.000000000,45.12998704303036
2026-03-19 00:07:15.000000000,35.51150510951009
2026-03-19 00:22:12.000000000,33.90231671607534
2026-03-19 00:16:25.000000000,27.362999757580727
2026-03-19 00:23:34.000000000,44.8993413050876
2026-03-19 00:27:14.000000000,17.434736249348898
2026-03-19 00:37:34.000000000,49.96657760290753
2026-03-19 00:32:06.000000000,35.813506403791635
2026-03-19 00:51:55.000000000,28.518448327686357
2026-03-19 01:22:25.000000000,51.72392998121782
2026-03-19 01:25:13.000000000,37.258050169743456
2026-03-19 01:55:27.000000000,21.889752226348126
2026-03-19 01:56:45.000000000,21.941716058896755
2026-03-19 01:27:01.000000000,30.99049215739934
2026-03-19 01:13:19.000000000,16.571399454757135
2026-03-19 01:31:51.000000000,19.550945430243242
2026-03-19 01:17:17.000000000,18.32690040659305
2026-03-19 01:47:10.000000000,24.427906680206963
2026-03-19 01:17:14.000000000,28.371703608708668
2026-03-19 01:07:08.000000000,22.42674983472668
2026-03-19 02:03:57.000000000,23.62945695812974
2026-03-19 02:47:10.000000000,25.420575319118075
2026-03-19 02:53:08.000000000,71.4564398593214
2026-03-19 03:33:00.000000000,71.25399005285348
2026-03-19 03:52:07.000000000,40.63164124891933
2026-03-19 04:48:13.000000000,76.99809245797987
2026-03-19 05:53:22.000000000,19.381301666566607
2026-03-19 05:50:29.000000000,22.958294940196684
2026-03-19 05:06:12.000000000,64.10081537408007
2026-03-19 05:58:17.000000000,95.39595237099351
2026-03-19 05:34:15.000000000,22.785773383151266
2026-03-19 05:55:53.000000000,19.3670087903411
2026-03-19 05:58:33.000000000,72.05008630934464
2026-03-19 05:27:58.000000000,20.439303874508095
2026-03-19 05:22:58.000000000,18.47727379081358
2026-03-19 05:32:30.000000000,18.441403843062755
2026-03-19 05:55:58.000000000,47.6431592126499
2026-03-19 05:05:58.000000000,64.8175354737774
2026-03-19 06:16:18.000000000,23.600809375745087
2026-03-19 06:41:32.000000000,19.700801205855146
2026-03-19 06:12:34.000000000,16.73892594234286
2026-03-19 06:59:46.000000000,19.075788607121975
2026-03-19 06:50:13.000000000,25.251586026155366
2026-03-19 06:05:43.000000000,23.28687965351101
2026-03-19 06:43:35.000000000,38.39316593200344
2026-03-19 06:30:53.000000000,19.547456836943017
2026-03-19 07:12:54.000000000,20.83371951376458
2026-03-19 07:58:46.000000000,103.31649021587029
2026-03-19 07:17:07.000000000,58.7418067508229
2026-03-19 07:30:31.000000000,15.729134983761865
2026-03-19 07:20:14.000000000,22.089794253402328
2026-03-19 07:33:28.000000000,63.41941426807212
2026-03-19 07:04:53.000000000,19.046282135528347
2026-03-19 07:38:23.000000000,42.62674067936252
2026-03-19 07:50:31.000000000,16.55074250836674
2026-03-19 07:49:38.000000000,49.56871514353948
2026-03-19 07:48:31.000000000,35.27094279929987
2026-03-19 07:27:22.000000000,27.21300886261381
2026-03-19 07:44:38.000000000,63.210706410732875
2026-03-19 07:41:12.000000000,31.689521588809914
2026-03-19 07:36:22.000000000,22.21708795016021
2026-03-19 07:05:04.000000000,21.94919563741177
2026-03-19 07:00:43.000000000,17.365698239493245
2026-03-19 08:39:30.000000000,23.060774766453353
2026-03-19 08:16:10.000000000,23.837321648068777
2026-03-19 08:12:14.000000000,26.220770085843593
2026-03-19 08:26:12.000000000,18.74486576625579
2026-03-19 08:38:07.000000000,46.11852905183782
2026-03-19 08:03:56.000000000,21.503769630122452
2026-03-19 08:19:27.000000000,22.48833781807298
2026-03-19 08:07:41.000000000,26.98974362884609
2026-03-19 08:28:54.000000000,23.293235454335136
2026-03-19 08:14:57.000000000,26.756152804233277
2026-03-19 08:07:20.000000000,24.454611603873012
2026-03-19 08:00:34.000000000,23.38396750619386
2026-03-19 08:22:21.000000000,85.5269992889432
2026-03-19 08:38:47.000000000,43.812337030761164
2026-03-19 08:25:55.000000000,12.77068718302507
2026-03-19 08:45:54.000000000,32.2853717165017
2026-03-19 08:58:22.000000000,20.084831605298017
2026-03-19 08:01:30.000000000,22.97736427285899
2026-03-19 08:55:16.000000000,15.161892106031006
2026-03-19 08:40:18.000000000,24.396192428249034
2026-03-19 09:59:33.000000000,35.0957475606302
2026-03-19 09:24:51.000000000,19.68979444026066
2026-03-19 09:01:28.000000000,22.616782103849417
2026-03-19 09:28:10.000000000,24.539481731716627
2026-03-19 09:46:39.000000000,19.475211021346635
2026-03-19 09:18:40.000000000,16.62394572331042
2026-03-19 09:24:01.000000000,17.45975707430556
2026-03-19 09:25:01.000000000,13.619643071774382
2026-03-19 09:28:50.000000000,21.630414653605474
2026-03-19 09:09:59.000000000,42.03269156118063
2026-03-19 09:42:23.000000000,22.59447329084868
2026-03-19 09:48:38.000000000,43.26912496109544
2026-03-19 09:16:10.000000000,17.447658661249804
2026-03-19 09:02:49.000000000,16.470811149716056
2026-03-19 09:11:29.000000000,21.84729987108326
2026-03-19 09:12:03.000000000,79.16255819180033
2026-03-19 09:08:54.000000000,145.85778463045136
2026-03-19 09:32:42.000000000,34.40282607740337
2026-03-19 10:51:05.000000000,16.81761608714966
2026-03-19 10:07:46.000000000,18.95482739090968
2026-03-19 10:21:49.000000000,22.69284092718296
2026-03-19 10:40:12.000000000,35.46343721956203
2026-03-19 10:04:58.000000000,41.975522704316354
2026-03-19 10:25:14.000000000,20.2399348595192
2026-03-19 10:25:25.000000000,31.047854236281243
2026-03-19 10:30:36.000000000,26.23251933879578
2026-03-19 10:53:40.000000000,40.67979326450355
2026-03-19 10:23:49.000000000,94.42752445161055
2026-03-19 11:41:06.000000000,45.462818919186624
2026-03-19 11:28:42.000000000,24.794167927859583
2026-03-19 11:49:08.000000000,46.38052315323261
2026-03-19 11:23:30.000000000,45.25633689076382
2026-03-19 11:13:27.000000000,69.05367613363062
2026-03-19 11:44:20.000000000,84.71477694409647
2026-03-19 11:08:59.000000000,17.751935322889924
2026-03-19 11:16:48.000000000,30.508879411195107
2026-03-19 11:50:26.000000000,22.014335047731553
2026-03-19 11:56:04.000000000,19.43375970551392
2026-03-19 11:07:46.000000000,32.45140677530704
2026-03-19 11:02:09.000000000,22.030076194574466
2026-03-19 11:42:41.000000000,26.9725450499399
2026-03-19 11:21:29.000000000,25.86431360519865
2026-03-19 11:44:42.000000000,24.428483228242186
2026-03-19 11:22:09.000000000,17.533110810016062
2026-03-19 11:47:41.000000000,18.37442886121664
2026-03-19 12:44:45.000000000,23.532096623075052
2026-03-19 12:34:53.000000000,48.058118778966026
2026-03-19 12:16:14.000000000,26.7146920634866
2026-03-19 12:46:03.000000000,29.927362521094526
2026-03-19 12:01:48.000000000,16.836269680652062
2026-03-19 12:45:56.000000000,18.03398441117994
2026-03-19 12:16:35.000000000,22.426866452901095
2026-03-19 12:01:31.000000000,18.86329041951613
2026-03-19 12:55:36.000000000,104.69843046462047
2026-03-19 12:43:33.000000000,38.41289366023975
2026-03-19 12:03:53.000000000,18.29911912510477
2026-03-19 12:44:32.000000000,35.130791084677604
2026-03-19 12:35:48.000000000,25.1438214451532
2026-03-19 12:10:54.000000000,20.610671705186384
2026-03-19 12:59:48.000000000,23.41164193310354
2026-03-19 12:22:35.000000000,57.21598127207322
2026-03-19 13:14:32.000000000,15.328162249365958
2026-03-19 13:51:02.000000000,31.092132830593822
2026-03-19 13:09:45.000000000,34.906074264798065
2026-03-19 13:06:59.000000000,44.32056071513947
2026-03-19 13:44:44.000000000,35.87324624493454
2026-03-19 13:15:09.000000000,30.445581203616822
2026-03-19 13:49:49.000000000,66.33685342805757
2026-03-19 13:51:23.000000000,22.1939469850704
2026-03-19 13:59:06.000000000,15.934769675390376
2026-03-19 13:34:32.000000000,28.763942779125543
2026-03-19 13:58:57.000000000,48.80909253062499
2026-03-19 13:55:00.000000000,16.713843670574526
2026-03-19 13:03:58.000000000,24.526260912666974
2026-03-19 13:37:51.000000000,48.303875404682096
2026-03-19 13:03:04.000000000,26.638131552828167
2026-03-19 13:43:48.000000000,41.86163916609035
2026-03-19 14:00:05.000000000,24.344670355840503
2026-03-19 14:16:38.000000000,82.3002564770957
2026-03-19 14:45:30.000000000,45.033355820757244
2026-03-19 14:18:11.000000000,27.32071667277828
2026-03-19 14:49:41.000000000,48.305818497680725
2026-03-19 14:40:46.000000000,134.33184499782786
2026-03-19 14:30:04.000000000,99.91856659189814
2026-03-19 14:46:29.000000000,25.227786800589744
2026-03-19 14:18:29.000000000,16.391557640159427
2026-03-19 14:32:41.000000000,39.98481632627367
2026-03-19 14:15:06.000000000,15.481774167458699
2026-03-19 14:00:41.000000000,117.42477700742269
2026-03-19 14:51:14.000000000,29.39579897330393
2026-03-19 14:32:41.000000000,19.4083882338164
2026-03-19 14:43:57.000000000,166.86742309720526
2026-03-19 14:16:03.000000000,16.296517177803803
2026-03-19 14:04:52.000000000,33.411899239917005
2026-03-19 14:33:44.000000000,78.97993732452761
2026-03-19 15:37:43.000000000,20.585449450943617
2026-03-19 15:09:54.000000000,23.89947267341626
2026-03-19 15:43:24.000000000,26.483825948814296
2026-03-19 15:29:48.000000000,42.29136084074933
2026-03-19 15:07:33.000000000,40.15120674208337
2026-03-19 15:26:25.000000000,32.101495566442644
2026-03-19 15:41:17.000000000,25.00951025879044
2026-03-19 15:56:23.000000000,77.30209585154316
2026-03-19 15:44:41.000000000,13.925359298947809
2026-03-19 15:52:08.000000000,15.937213875647016
2026-03-19 15:52:16.000000000,16.365336510630083
2026-03-19 15:20:51.000000000,15.747641099769746
2026-03-19 15:00:13.000000000,22.75749606118443
2026-03-19 15:05:01.000000000,13.47428071144561
2026-03-19 15:10:59.000000000,68.909126892539
2026-03-19 15:01:21.000000000,56.09605557279551
2026-03-19 15:08:44.000000000,53.85751461522596
2026-03-19 15:04:43.000000000,26.14525358768703
2026-03-19 15:04:26.000000000,26.55093138703514
2026-03-19 15:55:52.000000000,15.404150601168974
2026-03-19 16:13:55.000000000,32.17651796346599
2026-03-19 16:21:08.000000000,64.53329792248664
2026-03-19 16:54:41.000000000,17.71674687402493
2026-03-19 16:46:03.000000000,255.3344174780479
2026-03-19 16:17:45.000000000,16.795166486083343
2026-03-19 16:51:19.000000000,20.34916454232769
2026-03-19 16:50:58.000000000,44.55946031092346
2026-03-19 16:55:58.000000000,28.38821150883746
2026-03-19 16:39:37.000000000,18.433534360666247
2026-03-19 16:18:30.000000000,25.35122340091304
2026-03-19 16:39:37.000000000,25.109644888518005
2026-03-19 16:26:57.000000000,20.64113040432999
2026-03-19 16:44:45.000000000,22.12152076974265
2026-03-19 16:00:30.000000000,15.670323716924683
2026-03-19 16:12:16.000000000,54.354359868442444
2026-03-19 16:56:54.000000000,42.45446289045004
2026-03-19 16:56:47.000000000,63.38254666770002
2026-03-19 16:19:57.000000000,30.896766324291793
2026-03-19 16:04:08.000000000,27.150772334375507
2026-03-19 17:30:04.000000000,35.57687372106083
2026-03-19 17:02:52.000000000,17.932536160457534
2026-03-19 17:47:45.000000000,141.38575256580276
2026-03-19 17:53:02.000000000,26.773552936969995
2026-03-19 17:03:44.000000000,41.07432821989446
2026-03-19 17:57:24.000000000,40.67078422946973
2026-03-19 17:31:13.000000000,56.55950540582243
2026-03-19 17:39:29.000000000,52.148983301546515
2026-03-19 17:14:03.000000000,34.76003987410621
2026-03-19 17:43:06.000000000,37.87492586685316
2026-03-19 17:59:34.000000000,26.7014069979813
2026-03-19 17:24:34.000000000,52.24842568850858
2026-03-19 17:08:19.000000000,20.170749487844787
2026-03-19 17:06:54.000000000,23.8823667368612
2026-03-19 17:50:59.000000000,29.34703128124121
2026-03-19 17:47:55.000000000,61.98771555350158
2026-03-19 17:42:07.000000000,36.82268137072403
2026-03-19 18:55:17.000000000,18.290573105717723
2026-03-19 18:26:38.000000000,22.239791667918997
2026-03-19 18:04:04.000000000,15.992485829140891
2026-03-19 18:23:26.000000000,16.349803104303923
2026-03-19 18:50:56.000000000,28.931676854049055
2026-03-19 18:12:34.000000000,28.330286207314327
2026-03-19 18:51:34.000000000,19.946414159044853
2026-03-19 18:41:33.000000000,140.60477394386268
2026-03-19 18:32:31.000000000,16.105353233622207
2026-03-19 18:14:18.000000000,39.78431055253675
2026-03-19 18:40:11.000000000,45.181349196165925
2026-03-19 18:44:34.000000000,15.619743325671175
2026-03-19 18:36:28.000000000,27.229307113404122
2026-03-19 18:04:06.000000000,72.89186064714364
2026-03-19 18:22:45.000000000,43.44350257261256
2026-03-19 18:34:38.000000000,30.310420874627102
2026-03-19 18:26:02.000000000,16.567176698133125
2026-03-19 18:13:35.000000000,24.040336705289373
2026-03-19 19:28:31.000000000,83.71281249429246
2026-03-19 19:59:47.000000000,14.181413486082443
2026-03-19 19:29:52.000000000,16.839412424755075
2026-03-19 19:20:43.000000000,70.2178130850962
2026-03-19 19:10:15.000000000,25.481720579524104
2026-03-19 19:21:54.000000000,28.306603650700733
2026-03-19 19:11:45.000000000,27.24673768953363
2026-03-19 19:28:34.000000000,36.33257109470038
2026-03-19 19:52:44.000000000,63.220145939597785
2026-03-19 19:46:33.000000000,27.730849227623185
2026-03-19 19:17:37.000000000,28.05687105402932
2026-03-19 19:30:50.000000000,14.938132802866813
2026-03-19 20:17:43.000000000,20.37305438925161
2026-03-19 20:45:39.000000000,14.238340364105733
2026-03-19 20:47:33.000000000,41.23795471505708
2026-03-19 20:10:27.000000000,31.10416783087504
2026-03-19 20:55:40.000000000,22.687219603930483
2026-03-19 20:49:59.000000000,29.30458762280235
2026-03-19 20:35:31.000000000,35.40243890063978
2026-03-19 20:47:57.000000000,31.908532370431747
2026-03-19 20:03:39.000000000,17.062224722219465
2026-03-19 20:41:12.000000000,49.28841389740548
2026-03-19 20:44:59.000000000,181.2746355678685
2026-03-19 20:08:41.000000000,15.83887853355818
2026-03-19 20:08:40.000000000,56.34026392134803
2026-03-19 20:46:43.000000000,38.23809652230034
2026-03-19 20:14:31.000000000,23.84007052940281
2026-03-19 20:06:42.000000000,26.40917517057591
2026-03-19 20:27:31.000000000,33.29017548834349
2026-03-19 20:25:25.000000000,41.23315718179468
2026-03-19 20:35:26.000000000,42.881844457498154
2026-03-19 20:20:54.000000000,31.645132009162968
2026-03-19 21:29:04.000000000,17.28209360095511
2026-03-19 21:19:11.000000000,15.508768642401558
2026-03-19 21:22:08.000000000,46.59117806844228
2026-03-19 21:08:51.000000000,14.534212336273045
2026-03-19 21:40:54.000000000,117.84850340972025
2026-03-19 21:41:41.000000000,30.09589597022097
2026-03-19 21:27:41.000000000,52.86763857114233
2026-03-19 21:05:18.000000000,75.20360936705427
2026-03-19 21:49:25.000000000,25.518853156117583
2026-03-19 21:41:44.000000000,81.12301310970882
2026-03-19 21:08:02.000000000,36.33891489505894
2026-03-19 21:56:56.000000000,22.41215462078099
2026-03-19 22:13:46.000000000,56.615363299643484
2026-03-19 22:30:13.000000000,18.16892876866874
2026-03-19 22:11:18.000000000,24.447790369361844
2026-03-19 22:26:53.000000000,17.43147262152717
2026-03-19 22:25:53.000000000,19.27705836938107
2026-03-19 22:36:34.000000000,92.1423323046078
2026-03-19 22:27:11.000000000,34.116404591544985
2026-03-19 22:44:50.000000000,77.25165748923584
2026-03-19 22:33:36.000000000,37.64943722662283
2026-03-19 22:32:18.000000000,120.99985400085275
2026-03-19 22:03:44.000000000,37.147398588252805
2026-03-19 22:22:44.000000000,20.663504555771546
2026-03-19 22:27:44.000000000,48.3210332523855
2026-03-19 23:49:02.000000000,14.945368303961319
2026-03-19 23:28:06.000000000,20.226348072658634
2026-03-19 23:55:14.000000000,37.826156788991135
2026-03-19 23:27:28.000000000,14.068723781765998
2026-03-19 23:04:17.000000000,144.213457635468
2026-03-19 23:14:11.000000000,14.105416752019954
2026-03-19 23:22:08.000000000,56.10007330270063
2026-03-19 23:22:45.000000000,41.10744559393963
2026-03-19 23:32:25.000000000,44.10412357879769
2026-03-19 23:22:00.000000000,13.630665770787997
2026-03-19 23:01:50.000000000,31.403051965888327
2026-03-19 23:22:41.000000000,16.114539571403412
2026-03-20 00:14:07.000000000,23.668557729816005
2026-03-20 00:46:32.000000000,18.94389086433053
2026-03-20 00:49:52.000000000,30.801358686677307
2026-03-20 00:09:38.000000000,25.24359724796721
2026-03-20 00:43:05.000000000,36.20575207415128
2026-03-20 00:37:56.000000000,28.09048552155973
2026-03-20 00:37:53.000000000,24.141089461649493
2026-03-20 01:36:21.000000000,26.4795528999659
2026-03-20 01:49:11.000000000,17.402381489982872
2026-03-20 01:05:07.000000000,46.02211408797698
2026-03-20 01:55:49.000000000,20.691124301779297
2026-03-20 01:37:11.000000000,124.50411635425813
2026-03-20 01:34:51.000000000,20.022350414208177
2026-03-20 01:59:14.000000000,19.081272029808265
2026-03-20 01:04:36.000000000,19.046727607278687
2026-03-20 02:11:17.000000000,14.918329300653122
2026-03-20 02:51:57.000000000,14.711573080266147
2026-03-20 02:47:51.000000000,72.37977918735417
2026-03-20 02:03:29.000000000,51.75277811631033
2026-03-20 02:51:47.000000000,42.396127534048425
2026-03-20 03:34:59.000000000,24.897587860438936
2026-03-20 03:13:32.000000000,19.260734225731476
2026-03-20 03:59:34.000000000,52.92820432067639
2026-03-20 03:23:01.000000000,41.08802247298144
2026-03-20 04:28:39.000000000,44.33489831581679
2026-03-20 04:25:00.000000000,42.63740660839424
2026-03-20 04:46:26.000000000,49.19459329608967
2026-03-20 04:19:20.000000000,66.23165063279437
2026-03-20 04:19:52.000000000,32.10555340524955
2026-03-20 05:41:40.000000000,19.295445108609755
2026-03-20 05:19:43.000000000,39.876056805741605
2026-03-20 05:18:27.000000000,14.122615293398367
2026-03-20 05:44:50.000000000,33.50700617526316
2026-03-20 05:21:47.000000000,71.30739986813782
2026-03-20 06:57:15.000000000,33.43606672362747
2026-03-20 06:24:38.000000000,16.244418105508835
2026-03-20 06:09:09.000000000,24.193181876896123
2026-03-20 06:44:33.000000000,24.496566384214383
2026-03-20 06:24:52.000000000,20.027524434981384
2026-03-20 07:53:11.000000000,102.62515095907155
2026-03-20 07:58:26.000000000,56.25371787054468
2026-03-20 07:44:24.000000000,63.51548626520558
2026-03-20 07:45:17.000000000,39.18303965989424
2026-03-20 07:52:46.000000000,28.085064750223335
2026-03-20 07:26:05.000000000,16.02147737077715
2026-03-20 07:13:30.000000000,28.414760597020578
2026-03-20 07:02:46.000000000,29.706420299277664
2026-03-20 07:27:18.000000000,27.40555819871896
2026-03-20 07:11:41.000000000,65.21491633715195
2026-03-20 07:15:48.000000000,35.51169665898177
2026-03-20 07:58:27.000000000,31.859730769474073
2026-03-20 07:41:25.000000000,27.864930365706904
2026-03-20 07:54:43.000000000,34.62065234717143
2026-03-20 07:03:39.000000000,31.54405979510474
2026-03-20 07:13:10.000000000,15.846081087825718
2026-03-20 07:15:41.000000000,16.690780909241923
2026-03-20 07:56:26.000000000,24.97239824857225
2026-03-20 07:50:40.000000000,17.18984898658622
2026-03-20 08:22:24.000000000,43.98354962147171
2026-03-20 08:38:54.000000000,25.064370653217875
2026-03-20 08:38:30.000000000,108.86156213640952
2026-03-20 08:26:06.000000000,33.58738977033789
2026-03-20 08:18:02.000000000,28.355447309571534
2026-03-20 08:22:14.000000000,15.142674745719722
2026-03-20 08:02:57.000000000,31.1912422615605
2026-03-20 08:26:43.000000000,16.893302282219327
2026-03-20 08:40:17.000000000,104.15808282693766
2026-03-20 08:00:51.000000000,43.08019491484588
2026-03-20 08:05:06.000000000,26.19069022893548
2026-03-20 08:20:46.000000000,15.638050174227926
2026-03-20 08:04:16.000000000,16.346417054257763
2026-03-20 08:27:29.000000000,21.016460288072725
2026-03-20 08:21:06.000000000,36.45149055840882
2026-03-20 08:41:47.000000000,48.1157480870806
2026-03-20 08:45:05.000000000,178.5438310842472
2026-03-20 08:18:29.000000000,34.65977778165118
2026-03-20 08:08:27.000000000,23.241221013789094
2026-03-20 09:55:24.000000000,18.310381599770235
2026-03-20 09:11:32.000000000,41.96992209061697
2026-03-20 09:11:15.000000000,33.44307783845104
2026-03-20 09:19:41.000000000,23.34631261121007
2026-03-20 09:20:39.000000000,30.142558162246164
2026-03-20 09:54:10.000000000,47.670316581786096
2026-03-20 09:20:36.000000000,34.53718521785009
2026-03-20 09:17:00.000000000,74.69091512924204
2026-03-20 09:17:18.000000000,33.93045046140519
2026-03-20 09:10:09.000000000,41.82896024644793
2026-03-20 09:11:49.000000000,26.879777189508953
2026-03-20 09:59:50.000000000,22.589760358269682
2026-03-20 09:02:31.000000000,17.51774728157927
2026-03-20 09:22:25.000000000,22.52109238580096
2026-03-20 09:17:44.000000000,38.780822445678076
2026-03-20 09:40:18.000000000,17.66541969941362
2026-03-20 09:44:36.000000000,14.837039788682732
2026-03-20 09:40:30.000000000,34.56245758753208
2026-03-20 10:49:49.000000000,45.444474092175525
2026-03-20 10:20:09.000000000,28.696584481943372
2026-03-20 10:32:18.000000000,32.786589675164606
2026-03-20 10:41:47.000000000,79.6452027645835
2026-03-20 10:00:24.000000000,98.865402575208
2026-03-20 10:57:25.000000000,18.940446915175357
2026-03-20 10:54:45.000000000,21.102590524097156
2026-03-20 10:48:19.000000000,27.951267952552488
2026-03-20 10:02:00.000000000,27.81355764578772
2026-03-20 10:10:30.000000000,19.791493855295943
2026-03-20 10:30:01.000000000,26.581373395321165
2026-03-20 10:52:10.000000000,27.732261825912207
2026-03-20 10:02:38.000000000,27.522032025390004
2026-03-20 10:46:39.000000000,38.835863805216356
2026-03-20 10:26:34.000000000,28.943317967860693
2026-03-20 10:49:35.000000000,16.180600157281226
2026-03-20 10:04:22.000000000,33.32993858247036
2026-03-20 10:33:44.000000000,17.439265481322767
2026-03-20 11:25:58.000000000,42.338716121865815
2026-03-20 11:54:57.000000000,30.01442753031019
2026-03-20 11:31:26.000000000,23.424365238622737
2026-03-20 11:25:43.000000000,14.393813249184758
2026-03-20 11:13:18.000000000,24.587637202241623
2026-03-20 11:53:10.000000000,111.85906446967472
2026-03-20 11:16:47.000000000,116.2157213815369
2026-03-20 11:13:50.000000000,19.437075342316472
2026-03-20 11:42:38.000000000,29.552280579744927
2026-03-20 11:12:56.000000000,48.800708300631065
2026-03-20 11:28:48.000000000,30.532796127496827
2026-03-20 11:50:52.000000000,27.94111660592728
2026-03-20 11:19:50.000000000,43.47042478733654
2026-03-20 11:05:07.000000000,27.50318529681361
2026-03-20 11:05:35.000000000,37.061135517621565
2026-03-20 11:35:51.000000000,37.427124420138405
2026-03-20 11:27:09.000000000,21.01782373881156
2026-03-20 11:41:55.000000000,14.39114383251878
2026-03-20 11:32:58.000000000,19.539797660936667
2026-03-20 11:57:59.000000000,26.244455276434056
2026-03-20 12:26:04.000000000,19.28293027663324
2026-03-20 12:41:45.000000000,13.716910913235056
2026-03-20 12:25:36.000000000,99.97013147226556
2026-03-20 12:11:06.000000000,17.572980793834162
2026-03-20 12:07:57.000000000,31.595075965716138
2026-03-20 12:35:49.000000000,39.40883410340897
2026-03-20 12:57:42.000000000,106.96764736702688
2026-03-20 12:48:57.000000000,46.27897477780612
2026-03-20 12:05:43.000000000,33.54252875445967
2026-03-20 12:56:02.000000000,16.843333414095056
2026-03-20 13:15:48.000000000,45.66534047794118
2026-03-20 13:04:16.000000000,40.36087881310553
2026-03-20 13:20:42.000000000,47.767315195748004
2026-03-20 13:27:16.000000000,22.561627640925483
2026-03-20 13:26:39.000000000,24.61668957499406
2026-03-20 13:53:46.000000000,101.42989370890778
2026-03-20 13:59:43.000000000,31.934457153056854
2026-03-20 13:35:55.000000000,36.783314424734506
2026-03-20 13:47:04.000000000,29.914647494266443
2026-03-20 13:12:38.000000000,30.736161769813858
2026-03-20 13:36:12.000000000,18.58280335446384
2026-03-20 13:56:41.000000000,32.623345447053886
2026-03-20 13:01:37.000000000,20.77698145032234
2026-03-20 13:09:38.000000000,19.088793415806006
2026-03-20 13:29:24.000000000,51.69047077856178
2026-03-20 13:42:50.000000000,34.18759792107467
2026-03-20 13:00:11.000000000,18.882054193351802
2026-03-20 14:01:41.000000000,20.664332122205504
2026-03-20 14:39:49.000000000,34.11748968183066
2026-03-20 14:17:22.000000000,16.628699514854414
2026-03-20 14:52:01.000000000,19.78373259083551
2026-03-20 14:42:46.000000000,43.6871626450499
2026-03-20 14:55:21.000000000,26.298766747693993
2026-03-20 14:30:32.000000000,45.91439058839389
2026-03-20 14:35:55.000000000,19.369327857041693
2026-03-20 14:43:13.000000000,69.63169776742465
2026-03-20 14:00:08.000000000,27.384244271705974
2026-03-20 14:36:47.000000000,75.11502693511666
2026-03-20 14:37:09.000000000,60.18654894150097
2026-03-20 14:56:46.000000000,37.725708705075036
2026-03-20 14:16:12.000000000,46.18875614674347
2026-03-20 14:14:18.000000000,43.74237051774819
2026-03-20 14:13:31.000000000,23.169187477987045
2026-03-20 14:50:40.000000000,55.300042621374544
2026-03-20 15:32:20.000000000,84.88373814614407
2026-03-20 15:40:39.000000000,20.106602958390074
2026-03-20 15:36:15.000000000,27.657940554127226
2026-03-20 15:51:58.000000000,33.00639661631542
2026-03-20 15:02:04.000000000,15.86749783217675
2026-03-20 15:01:17.000000000,32.255864848269134
2026-03-20 15:30:09.000000000,19.960250799403383
2026-03-20 15:41:45.000000000,36.57728854009378
2026-03-20 15:37:37.000000000,23.020013602019784
2026-03-20 15:24:17.000000000,250.92841558172188
2026-03-20 15:51:07.000000000,25.79997796778473
2026-03-20 15:20:43.000000000,77.47216686192827
2026-03-20 15:35:26.000000000,24.339482286418193
2026-03-20 15:34:44.000000000,78.46784289387361
2026-03-20 16:52:14.000000000,75.46099848422519
2026-03-20 16:15:31.000000000,39.33104752706886
2026-03-20 16:42:24.000000000,13.969174947273478
2026-03-20 16:29:59.000000000,22.30085876277235
2026-03-20 16:12:11.000000000,106.7759485417695
2026-03-20 16:32:45.000000000,29.23057900574131
2026-03-20 16:42:18.000000000,58.24747112279603
2026-03-20 16:58:18.000000000,16.301726934930677
2026-03-20 16:49:30.000000000,16.35749009896485
2026-03-20 16:22:14.000000000,21.70988726481659
2026-03-20 16:16:20.000000000,23.77226823111403
2026-03-20 16:24:19.000000000,20.229811449313626
2026-03-20 16:53:24.000000000,12.4009922815023
2026-03-20 16:40:28.000000000,27.430030981942725
2026-03-20 16:45:02.000000000,16.77682647714013
2026-03-20 16:21:21.000000000,65.519693959165
2026-03-20 17:44:50.000000000,47.679875252055616
2026-03-20 17:02:21.000000000,23.354767714798594
2026-03-20 17:05:26.000000000,20.571651417236005
2026-03-20 17:31:16.000000000,22.324542359733616
2026-03-20 17:48:50.000000000,38.5841721918992
2026-03-20 17:48:23.000000000,83.50542065531194
2026-03-20 17:20:37.000000000,20.453479712356934
2026-03-20 17:39:28.000000000,29.496659340645966
2026-03-20 17:50:45.000000000,29.068463034626493
2026-03-20 17:03:42.000000000,15.759003569533538
2026-03-20 17:36:39.000000000,21.554122381261497
2026-03-20 17:20:31.000000000,17.891741541814635
2026-03-20 17:08:37.000000000,21.377817266974173
2026-03-20 17:23:07.000000000,15.378743305233128
2026-03-20 17:56:35.000000000,25.203720491754193
2026-03-20 17:51:03.000000000,20.36645152058401
2026-03-20 17:56:30.000000000,17.91472238149077
2026-03-20 17:23:43.000000000,14.677514259681294
2026-03-20 18:24:08.000000000,32.10992536548438
2026-03-20 18:35:09.000000000,31.109333070529747
2026-03-20 18:05:37.000000000,19.78867024769549
2026-03-20 18:07:03.000000000,31.572306440007488
2026-03-20 18:13:52.000000000,17.597095109447867
2026-03-20 18:49:17.000000000,17.533366603626863
2026-03-20 18:08:42.000000000,19.729957642203747
2026-03-20 18:36:20.000000000,37.099326772916065
2026-03-20 18:54:26.000000000,24.676148079913478
2026-03-20 18:22:49.000000000,17.206945775923415
2026-03-20 18:27:43.000000000,32.31171540830702
2026-03-20 18:49:18.000000000,23.400954439424247
2026-03-20 18:30:32.000000000,23.56970187973754
2026-03-20 18:29:41.000000000,24.78398151458717
2026-03-20 18:31:20.000000000,29.994860247410283
2026-03-20 18:55:06.000000000,18.0103324020378
2026-03-20 18:10:18.000000000,14.881140127658023
2026-03-20 19:23:45.000000000,26.33609283139329
2026-03-20 19:18:42.000000000,25.917430713694607
2026-03-20 19:25:54.000000000,49.74774338202317
2026-03-20 19:44:35.000000000,31.467540234839834
2026-03-20 19:10:42.000000000,29.179696791441057
2026-03-20 19:16:51.000000000,44.93728855983827
2026-03-20 19:13:35.000000000,33.28571635288825
2026-03-20 19:17:12.000000000,28.991524638603376
2026-03-20 19:27:25.000000000,79.49010593011677
2026-03-20 19:52:54.000000000,27.61983811336055
2026-03-20 19:31:15.000000000,23.91316860785266
2026-03-20 19:27:54.000000000,28.411458716415456
2026-03-20 19:56:45.000000000,13.598913665276973
2026-03-20 19:00:10.000000000,79.64291541424004
2026-03-20 19:22:11.000000000,15.122860042188867
2026-03-20 19:32:15.000000000,20.090691866763525
2026-03-20 19:23:09.000000000,27.99919856223458
2026-03-20 20:07:06.000000000,28.344350549000705
2026-03-20 20:29:52.000000000,45.15851332114709
2026-03-20 20:35:32.000000000,41.605035442281796
2026-03-20 20:39:01.000000000,14.42043869352167
2026-03-20 20:46:10.000000000,16.51889373217155
2026-03-20 20:51:28.000000000,15.349366687828992
2026-03-20 20:16:39.000000000,49.72435450221989
2026-03-20 20:56:00.000000000,18.760291724850124
2026-03-20 20:25:26.000000000,22.332778569116055
2026-03-20 20:45:59.000000000,35.068771195380606
2026-03-20 20:57:33.000000000,22.13250290120661
2026-03-20 20:02:55.000000000,43.796624449917964
2026-03-20 20:40:35.000000000,19.715050980105314
2026-03-20 20:15:51.000000000,21.632900376321455
2026-03-20 20:31:22.000000000,26.328937104167526
2026-03-20 20:43:44.000000000,25.306608756716084
2026-03-20 20:42:54.000000000,28.671075852243586
2026-03-20 20:16:26.000000000,57.89753004230866
2026-03-20 20:08:35.000000000,16.78058158817927
2026-03-20 20:22:02.000000000,27.491828415907236
2026-03-20 20:44:19.000000000,36.430014942341536
2026-03-20 21:20:38.000000000,37.32749356445766
2026-03-20 21:42:51.000000000,23.41377459304236
2026-03-20 21:03:00.000000000,43.047756393962
2026-03-20 21:24:55.000000000,21.871556043506327
2026-03-20 21:47:37.000000000,13.123393526878042
2026-03-20 21:00:19.000000000,13.048160890127187
2026-03-20 21:36:23.000000000,26.3188694020029
2026-03-20 21:53:18.000000000,48.104479967570356
2026-03-20 21:32:09.000000000,21.8293920694765
2026-03-20 21:52:30.000000000,28.437532460565112
2026-03-20 21:07:50.000000000,34.166382345845825
2026-03-20 21:57:25.000000000,23.335979057366483
2026-03-20 21:54:01.000000000,95.5577355100711
2026-03-20 21:59:43.000000000,184.5301595589604
2026-03-20 21:14:09.000000000,47.70649865525255
2026-03-20 21:39:30.000000000,35.83878655306966
2026-03-20 21:12:32.000000000,36.34134712524941
2026-03-20 21:24:59.000000000,15.809890883072098
2026-03-20 21:29:30.000000000,19.46171065528028
2026-03-20 21:29:48.000000000,25.884078465154534
2026-03-20 21:36:54.000000000,41.31242069216239
2026-03-20 21:01:30.000000000,17.857654534218955
2026-03-20 21:19:05.000000000,50.90415945334935
2026-03-20 21:21:15.000000000,39.16024970227933
2026-03-20 21:42:18.000000000,38.32697303517113
2026-03-20 22:43:35.000000000,25.077347445357535
2026-03-20 22:56:02.000000000,58.53552145931479
2026-03-20 22:49:13.000000000,24.64376980713435
2026-03-20 22:30:45.000000000,30.896606537892662
2026-03-20 22:02:58.000000000,16.283208800246417
2026-03-20 22:22:44.000000000,47.98494974934287
2026-03-20 22:29:04.000000000,70.92371851661585
2026-03-20 22:12:16.000000000,51.85968073037568
2026-03-20 22:17:25.000000000,21.749957685375836
2026-03-20 22:26:38.000000000,65.47063715332791
2026-03-20 22:28:01.000000000,18.08230723023456
2026-03-20 22:28:34.000000000,25.67327761663393
2026-03-20 22:27:24.000000000,63.85217796894288
2026-03-20 23:35:47.000000000,50.95473677194843
2026-03-20 23:43:23.000000000,59.562865812397135
2026-03-20 23:43:06.000000000,58.82094027965762
2026-03-20 23:30:21.000000000,19.242860673104996
2026-03-20 23:07:24.000000000,66.84595545411854
2026-03-20 23:14:40.000000000,23.50013441644661
2026-03-20 23:40:24.000000000,38.203688656527355
2026-03-20 23:25:52.000000000,23.230295696884983
2026-03-20 23:49:52.000000000,33.46134471977316
2026-03-20 23:57:12.000000000,75.63001989471964
2026-03-20 23:20:45.000000000,17.60718435628911
2026-03-20 23:18:12.000000000,32.345498825014324
2026-03-20 23:58:36.000000000,26.321015190511144
2026-03-20 23:52:23.000000000,60.14812874793203
2026-03-20 23:54:12.000000000,38.70908907351395
2026-03-20 23:47:08.000000000,54.91989754473669
2026-03-20 23:45:03.000000000,56.07343110002879
2026-03-20 23:08:24.000000000,22.6377079209887
2026-03-20 23:24:00.000000000,39.58279492106023
2026-03-20 23:31:10.000000000,49.947034970437144
2026-03-21 00:39:12.000000000,30.781083556877906
2026-03-21 00:42:03.000000000,36.53145485336075
2026-03-21 00:39:24.000000000,23.297553431505566
2026-03-21 00:40:51.000000000,22.320155325265684
2026-03-21 00:53:51.000000000,48.86481561334941
2026-03-21 00:53:43.000000000,48.49968693085608
2026-03-21 00:40:15.000000000,34.445973248123515
2026-03-21 00:48:38.000000000,34.83505420371087
2026-03-21 00:59:17.000000000,19.139618786950134
2026-03-21 00:01:57.000000000,23.428879332729085
2026-03-21 01:13:27.000000000,43.66829300995435
2026-03-21 01:52:17.000000000,24.946599214283747
2026-03-21 01:29:23.000000000,21.82416254579676
2026-03-21 01:49:08.000000000,31.53708689166486
2026-03-21 01:39:43.000000000,59.515638015638025
2026-03-21 01:01:59.000000000,60.3728622957535
2026-03-21 01:47:58.000000000,16.06764716993442
2026-03-21 01:35:40.000000000,27.970699657869165
2026-03-21 01:02:34.000000000,19.054360756176074
2026-03-21 01:00:16.000000000,30.008903391904827
2026-03-21 01:55:01.000000000,21.487816012110326
2026-03-21 02:12:36.000000000,20.95673140928263
2026-03-21 02:22:15.000000000,15.673650155038372
2026-03-21 02:36:29.000000000,21.832319477709127
2026-03-21 02:16:05.000000000,22.1067631353763
2026-03-21 02:09:43.000000000,16.86171301355198
2026-03-21 02:24:36.000000000,28.58124268265155
2026-03-21 02:08:57.000000000,18.503468834638188
2026-03-21 02:16:09.000000000,16.89680951167791
2026-03-21 02:28:44.000000000,23.353923394933535
2026-03-21 03:07:16.000000000,35.89880922416769
2026-03-21 03:15:23.000000000,56.288386965895825
2026-03-21 03:10:17.000000000,25.657862460891494
2026-03-21 03:47:06.000000000,15.358620733340482
2026-03-21 03:23:38.000000000,28.01901117553089
2026-03-21 04:06:05.000000000,37.17453940209045
2026-03-21 04:26:15.000000000,82.22852500362167
2026-03-21 04:33:17.000000000,55.75183898177399
2026-03-21 04:29:18.000000000,36.34977985551658
2026-03-21 04:14:46.000000000,54.03990260837842
2026-03-21 04:44:20.000000000,37.511522716076264
2026-03-21 04:10:42.000000000,33.36803220486921
2026-03-21 05:24:12.000000000,26.910984755064394
2026-03-21 05:15:06.000000000,85.17258975455643
2026-03-21 05:52:53.000000000,19.96760324235145
2026-03-21 05:00:42.000000000,73.05662210922272
2026-03-21 05:07:41.000000000,36.001176522489544
2026-03-21 06:25:06.000000000,29.0452239517487
2026-03-21 06:28:40.000000000,32.06695612387442
2026-03-21 06:11:57.000000000,24.90052695225422
2026-03-21 06:45:32.000000000,74.64185632624367
2026-03-21 06:15:21.000000000,21.632582573518814
2026-03-21 06:30:43.000000000,20.826979399209996
2026-03-21 06:21:52.000000000,26.501693826110976
2026-03-21 06:51:10.000000000,34.91837740006181
2026-03-21 06:34:01.000000000,32.589635370151825
2026-03-21 06:08:00.000000000,30.008895008520536
2026-03-21 06:01:55.000000000,67.50639790238522
2026-03-21 06:08:48.000000000,17.923946366844397
2026-03-21 06:01:53.000000000,17.505091098165593
2026-03-21 06:56:04.000000000,38.177921246155904
2026-03-21 07:21:25.000000000,34.26597970149741
2026-03-21 07:14:18.000000000,19.85332171932426
2026-03-21 07:55:45.000000000,23.31241080897918
2026-03-21 07:36:21.000000000,48.89210727515377
2026-03-21 07:00:09.000000000,18.3743501457802
2026-03-21 07:36:43.000000000,32.78570955384252
2026-03-21 07:09:00.000000000,21.618047098426278
2026-03-21 07:03:45.000000000,40.776536327346996
2026-03-21 07:17:02.000000000,24.069651782941612
2026-03-21 07:10:35.000000000,37.30476622356508
2026-03-21 08:28:05.000000000,14.67408898994164
2026-03-21 08:20:25.000000000,18.59033566062418
2026-03-21 08:44:17.000000000,23.830306484226735
2026-03-21 08:56:44.000000000,20.970455121976784
2026-03-21 08:44:17.000000000,176.1156721768432
2026-03-21 08:51:15.000000000,21.362712546506838
2026-03-21 09:49:11.000000000,37.52877211748166
2026-03-21 09:33:04.000000000,20.33345882136211
2026-03-21 09:26:32.000000000,15.829918688052194
2026-03-21 09:44:13.000000000,16.706359247167974
2026-03-21 09:49:27.000000000,29.267034394502733
2026-03-21 09:57:48.000000000,20.548301699374377
2026-03-21 09:31:40.000000000,20.242150861692974
2026-03-21 09:36:55.000000000,114.06393757902376
2026-03-21 09:09:04.000000000,19.14238068011035
2026-03-21 09:55:38.000000000,18.896441542309763
2026-03-21 09:59:44.000000000,132.2834084730464
2026-03-21 09:31:11.000000000,20.296625466485093
2026-03-21 09:25:50.000000000,31.6198524301138
2026-03-21 10:36:39.000000000,22.17649940199465
2026-03-21 10:30:48.000000000,49.08374443813338
2026-03-21 10:20:23.000000000,30.139603567850745
2026-03-21 10:09:13.000000000,42.766272298915084
2026-03-21 10:02:18.000000000,34.21979347832926
2026-03-21 10:52:16.000000000,17.541642235487387
2026-03-21 10:00:33.000000000,21.93119673857743
2026-03-21 10:14:55.000000000,39.19866999510534
2026-03-21 10:52:12.000000000,46.790901453506976
2026-03-21 10:38:01.000000000,22.96668533636235
2026-03-21 10:52:21.000000000,30.345874723787535
2026-03-21 10:35:21.000000000,17.491756452496944
2026-03-21 10:27:06.000000000,25.136985016562523
2026-03-21 10:10:53.000000000,27.23011672190255
2026-03-21 10:24:01.000000000,101.74584507496354
2026-03-21 11:01:17.000000000,17.524917157547215
2026-03-21 11:12:04.000000000,55.0740717317879
2026-03-21 11:10:21.000000000,21.829478767277347
2026-03-21 11:50:00.000000000,17.08796824434253
2026-03-21 11:15:16.000000000,27.354640843307845
2026-03-21 11:13:05.000000000,23.38520253069044
2026-03-21 11:28:49.000000000,19.994716107443313
2026-03-21 11:33:11.000000000,20.999578140921084
2026-03-21 11:34:34.000000000,19.341957867897744
2026-03-21 11:11:32.000000000,15.525613040976227
2026-03-21 11:51:17.000000000,31.010267876082214
2026-03-21 11:12:34.000000000,20.618370589983577
2026-03-21 11:20:22.000000000,16.246213674260876
2026-03-21 12:18:54.000000000,21.928303569722008
2026-03-21 12:52:41.000000000,43.97435929767254
2026-03-21 12:24:07.000000000,23.314199573977366
2026-03-21 12:11:40.000000000,16.193591035053
2026-03-21 12:26:44.000000000,23.48371760844098
2026-03-21 12:12:28.000000000,15.978180251565208
2026-03-21 12:03:09.000000000,35.48622317133364
2026-03-21 12:48:19.000000000,29.961617574055897
2026-03-21 12:06:50.000000000,69.96983987932973
2026-03-21 12:05:34.000000000,36.380608876462865
2026-03-21 12:30:45.000000000,62.35572559854534
2026-03-21 12:23:59.000000000,14.37758011756822
2026-03-21 12:51:24.000000000,37.028914589537024
2026-03-21 12:08:42.000000000,20.499532385512982
2026-03-21 12:50:15.000000000,48.48761606586865
2026-03-21 12:48:44.000000000,16.013746450837132
2026-03-21 12:22:17.000000000,25.278660214775908
2026-03-21 13:22:24.000000000,23.40247040460095
2026-03-21 13:56:55.000000000,21.138159111821
2026-03-21 13:32:14.000000000,16.41123326646187
2026-03-21 13:18:36.000000000,38.681263401586925
2026-03-21 13:46:14.000000000,43.07689578498295
2026-03-21 13:04:08.000000000,56.25786375762336
2026-03-21 13:47:27.000000000,18.35851031895719
2026-03-21 13:06:17.000000000,19.525672553464002
2026-03-21 13:25:31.000000000,60.431987335593575
2026-03-21 13:56:57.000000000,23.968792073085783
2026-03-21 13:30:31.000000000,30.13144002294086
2026-03-21 13:17:28.000000000,26.759778381356625
2026-03-21 13:05:34.000000000,31.078384672066743
2026-03-21 13:23:37.000000000,18.583400060684266
2026-03-21 13:08:20.000000000,70.29468079390413
2026-03-21 13:54:29.000000000,32.23474505649178
2026-03-21 13:45:43.000000000,80.77576699132962
2026-03-21 13:34:02.000000000,28.634519805792557
2026-03-21 13:18:48.000000000,31.07619883216042
2026-03-21 13:36:35.000000000,23.56887916281427
2026-03-21 13:47:08.000000000,28.182491158710103
2026-03-21 13:51:53.000000000,96.36311378126102
2026-03-21 13:50:13.000000000,16.43376178409962
2026-03-21 13:05:46.000000000,29.495738726954713
2026-03-21 13:35:00.000000000,56.549524884473904
2026-03-21 14:02:52.000000000,39.60172279078892
2026-03-21 14:31:57.000000000,26.48753095226152
2026-03-21 14:36:32.000000000,47.98737186224397
2026-03-21 14:03:51.000000000,41.27544242166107
2026-03-21 14:02:35.000000000,63.19864087488085
2026-03-21 14:32:50.000000000,29.744124309369223
2026-03-21 14:32:21.000000000,25.99899200839541
2026-03-21 14:12:40.000000000,22.932428701706357
2026-03-21 14:32:12.000000000,26.80413445128654
2026-03-21 14:33:41.000000000,33.377580826669046
2026-03-21 14:42:52.000000000,36.46540437196439
2026-03-21 14:48:23.000000000,25.159883325179013
2026-03-21 14:18:17.000000000,27.71387882139096
2026-03-21 14:44:02.000000000,20.942427826690412
2026-03-21 14:20:26.000000000,29.740917092384276
2026-03-21 14:06:58.000000000,35.43898891618301
2026-03-21 14:46:45.000000000,53.358502530408884
2026-03-21 14:03:15.000000000,67.19227450188863
2026-03-21 14:49:14.000000000,35.880601947712755
2026-03-21 14:05:55.000000000,27.001451031226345
2026-03-21 14:13:57.000000000,125.75469048831529
2026-03-21 14:33:03.000000000,19.174983736997024
2026-03-21 14:17:19.000000000,82.91070030072959
2026-03-21 15:32:06.000000000,17.470279239977305
2026-03-21 15:06:46.000000000,20.234891894788102
2026-03-21 15:23:00.000000000,29.812904454532134
2026-03-21 15:17:07.000000000,54.94152022928721
2026-03-21 15:41:01.000000000,21.173157908472934
2026-03-21 15:32:55.000000000,57.80469157719428
2026-03-21 15:01:40.000000000,16.666968731180063
2026-03-21 15:39:52.000000000,18.394188807562227
2026-03-21 15:13:38.000000000,48.523496916095496
2026-03-21 15:47:53.000000000,14.86008825111217
2026-03-21 15:12:06.000000000,33.51608854735864
2026-03-21 15:26:39.000000000,38.20021536309473
2026-03-21 15:06:32.000000000,32.58821315376531
2026-03-21 15:01:40.000000000,29.596570875502326
2026-03-21 15:25:19.000000000,34.38491173771501
2026-03-21 15:40:31.000000000,30.425835093479318
2026-03-21 15:34:23.000000000,32.52622355390164
2026-03-21 15:23:28.000000000,17.421847685460804
2026-03-21 15:39:05.000000000,24.023355602106076
2026-03-21 15:15:57.000000000,54.20163308339368
2026-03-21 15:07:46.000000000,83.4732563841339
2026-03-21 16:47:18.000000000,220.0394914515644
2026-03-21 16:25:39.000000000,20.65676695319596
2026-03-21 16:00:13.000000000,34.657202666036305
2026-03-21 16:45:53.000000000,17.380333870714956
2026-03-21 16:20:02.000000000,62.72284450795733
2026-03-21 16:15:46.000000000,17.328261032776016
2026-03-21 16:13:10.000000000,37.74193856495534
2026-03-21 16:30:32.000000000,24.93100119549413
2026-03-21 16:05:25.000000000,30.52987523958542
2026-03-21 16:50:23.000000000,20.92723922963216
2026-03-21 16:16:12.000000000,47.39292492765828
2026-03-21 16:31:56.000000000,119.38267465796314
2026-03-21 16:57:23.000000000,118.93712388995593
2026-03-21 16:09:29.000000000,36.695572562144
2026-03-21 16:43:21.000000000,23.21012226847577
2026-03-21 16:38:54.000000000,46.15243142333977
2026-03-21 16:38:39.000000000,21.034352402535585
2026-03-21 16:39:07.000000000,55.7188486168105
2026-03-21 16:11:28.000000000,18.493152825356766
2026-03-21 16:38:38.000000000,33.71565576980118
2026-03-21 17:18:11.000000000,47.53326810199683
2026-03-21 17:56:32.000000000,44.6341688279497
2026-03-21 17:47:16.000000000,32.47643626924859
2026-03-21 17:04:06.000000000,31.772974924804938
2026-03-21 17:02:32.000000000,61.48642158441581
2026-03-21 17:32:39.000000000,50.490430571302795
2026-03-21 17:12:57.000000000,32.688374934905156
2026-03-21 17:10:34.000000000,102.44740354268309
2026-03-21 17:49:21.000000000,38.931442139028114
2026-03-21 17:41:56.000000000,30.590356729040312
2026-03-21 17:30:13.000000000,57.17706617102766
2026-03-21 17:54:33.000000000,17.724488142595078
2026-03-21 17:44:26.000000000,23.22160871510374
2026-03-21 17:40:54.000000000,28.54582669001969
2026-03-21 17:19:42.000000000,19.506093311501214
2026-03-21 17:27:04.000000000,28.077489408354143
2026-03-21 17:58:02.000000000,18.64122366992225
2026-03-21 17:04:10.000000000,29.213503453056294
2026-03-21 17:25:41.000000000,40.55055117018172
2026-03-21 17:30:30.000000000,19.4081291836571
2026-03-21 17:56:25.000000000,22.72010340307357
2026-03-21 18:41:04.000000000,27.191978179482792
2026-03-21 18:56:37.000000000,17.66877391340201
2026-03-21 18:45:08.000000000,26.498267916188613
2026-03-21 18:34:29.000000000,44.76776835248884
2026-03-21 18:52:29.000000000,14.60589781675944
2026-03-21 18:27:53.000000000,23.765913277053897
2026-03-21 18:24:11.000000000,27.40155854726215
2026-03-21 18:24:04.000000000,28.66069667334474
2026-03-21 18:53:18.000000000,29.090473840727586
2026-03-21 18:58:57.000000000,19.557776999245423
2026-03-21 18:48:47.000000000,40.18445856680694
2026-03-21 18:41:23.000000000,26.759958496130025
2026-03-21 18:58:01.000000000,27.14576833671236
2026-03-21 18:30:01.000000000,21.233108840609557
2026-03-21 18:52:12.000000000,20.986095026168833
2026-03-21 18:28:58.000000000,16.632943141940146
2026-03-21 18:36:21.000000000,48.37345139880308
2026-03-21 19:42:01.000000000,25.713440307172075
2026-03-21 19:24:31.000000000,19.431751431765623
2026-03-21 19:11:16.000000000,24.78554375793279
2026-03-21 19:05:40.000000000,32.09115095108013
2026-03-21 19:40:04.000000000,54.14547313891862
2026-03-21 19:58:51.000000000,25.190771454285443
2026-03-21 19:28:34.000000000,38.658920577641545
2026-03-21 19:22:59.000000000,67.87626893425299
2026-03-21 19:09:28.000000000,19.852776239051867
2026-03-21 19:46:07.000000000,20.89241271146516
2026-03-21 19:56:27.000000000,48.44554057779289
2026-03-21 19:59:07.000000000,19.96585834378813
2026-03-21 19:17:04.000000000,48.19908049795775
2026-03-21 20:55:48.000000000,14.129996949793648
2026-03-21 20:24:13.000000000,21.55121561125892
2026-03-21 20:04:38.000000000,48.137570180287184
2026-03-21 20:57:14.000000000,23.339841800378395
2026-03-21 20:17:34.000000000,20.500545446031186
2026-03-21 20:50:55.000000000,17.38369174787504
2026-03-21 20:23:15.000000000,29.92880368514412
2026-03-21 20:14:20.000000000,51.91395379450182
2026-03-21 20:02:43.000000000,16.40472127216511
2026-03-21 20:19:30.000000000,17.112687601630192
2026-03-21 20:13:36.000000000,27.41744406545944
2026-03-21 20:42:56.000000000,26.41242618209792
2026-03-21 20:05:26.000000000,20.81266415110449
2026-03-21 20:22:08.000000000,36.94256274049007
2026-03-21 20:18:39.000000000,24.405006231358794
2026-03-21 20:57:45.000000000,26.117663649135334
2026-03-21 20:14:56.000000000,24.35575540065809
2026-03-21 20:19:16.000000000,22.184645746059022
2026-03-21 20:30:45.000000000,17.766339662621828
2026-03-21 20:50:31.000000000,30.84254719125413
2026-03-21 20:36:17.000000000,24.40313699160563
2026-03-21 20:20:51.000000000,22.3066892718839
2026-03-21 20:06:26.000000000,23.13483244262385
2026-03-21 20:35:52.000000000,27.14100219365844
2026-03-21 20:43:00.000000000,24.465898824887272
2026-03-21 21:24:38.000000000,26.56487509708825
2026-03-21 21:29:40.000000000,17.872085263874975
2026-03-21 21:55:48.000000000,39.83186263348136
2026-03-21 21:30:49.000000000,23.337438745439062
2026-03-21 21:34:17.000000000,26.595271722492278
2026-03-21 21:07:15.000000000,32.69420453669254
2026-03-21 21:09:30.000000000,46.707832367672246
2026-03-21 21:28:13.000000000,30.762611189521216
2026-03-21 21:44:10.000000000,30.40524092496997
2026-03-21 21:52:03.000000000,65.06300807668326
2026-03-21 21:45:04.000000000,14.501124538585719
2026-03-21 21:54:58.000000000,18.009305135438037
2026-03-21 21:50:08.000000000,38.697929486679435
2026-03-21 21:09:03.000000000,27.145472314679186
2026-03-21 21:30:45.000000000,36.77459279325376
2026-03-21 21:37:10.000000000,23.936037110832938
2026-03-21 21:44:11.000000000,24.16981950966132
2026-03-21 22:40:05.000000000,52.84865560347785
2026-03-21 22:58:51.000000000,17.002345539953236
2026-03-21 22:33:57.000000000,40.84657969072501
2026-03-21 22:07:58.000000000,27.243353523150407
2026-03-21 22:21:56.000000000,42.81725287295698
2026-03-21 22:51:27.000000000,30.05624013361
2026-03-21 22:20:19.000000000,32.82258957241284
2026-03-21 22:55:57.000000000,19.281130928491752
2026-03-21 22:51:30.000000000,16.66424661397436
2026-03-21 22:02:35.000000000,26.237428053593494
2026-03-21 22:36:54.000000000,26.826938412924843
2026-03-21 22:55:41.000000000,49.19262123307923
2026-03-21 22:13:04.000000000,32.07488202411075
2026-03-21 22:27:27.000000000,31.501384029080857
2026-03-21 22:30:20.000000000,39.00500898971824
2026-03-21 22:25:48.000000000,20.723026978110024
2026-03-21 22:49:00.000000000,45.41962395536398
2026-03-21 22:42:54.000000000,17.89522491216957
2026-03-21 22:14:36.000000000,39.77604787174584
2026-03-21 23:51:18.000000000,26.83710408809579
2026-03-21 23:20:18.000000000,33.06290267923586
2026-03-21 23:22:22.000000000,44.2664972410717
2026-03-21 23:54:34.000000000,50.77867064820202
2026-03-21 23:16:31.000000000,53.445858955973144
2026-03-21 23:57:37.000000000,85.16214789056727
2026-03-21 23:23:31.000000000,40.07744529576732
2026-03-21 23:13:48.000000000,43.68641888401925
2026-03-21 23:06:51.000000000,53.979086002788904
2026-03-21 23:20:03.000000000,30.602144937006205
2026-03-21 23:56:25.000000000,17.277406904118802
2026-03-21 23:03:47.000000000,32.44549545699434
2026-03-21 23:39:15.000000000,22.366956734542438
2026-03-21 23:38:36.000000000,28.467035628519852
2026-03-21 23:20:08.000000000,16.45778111400495
2026-03-21 23:10:40.000000000,39.396729037985736
2026-03-21 23:53:26.000000000,48.785245368643146
2026-03-21 23:05:00.000000000,29.951571550460343
2026-03-21 23:53:51.000000000,70.15704697806754
2026-03-21 23:27:02.000000000,79.10170409152072
2026-03-21 23:50:49.000000000,60.107922073778006
2026-03-22 00:46:49.000000000,26.965181336195027
2026-03-22 00:06:22.000000000,58.869207578658425
2026-03-22 00:21:43.000000000,19.439479434425035
2026-03-22 00:18:15.000000000,40.87656224835063
2026-03-22 00:24:39.000000000,32.484519991676535
2026-03-22 00:42:38.000000000,19.345061008631944
2026-03-22 00:30:04.000000000,82.67676866339893
2026-03-22 00:07:02.000000000,47.54792342659855
2026-03-22 00:41:54.000000000,47.70610821556446
2026-03-22 00:10:33.000000000,34.22772510678055
2026-03-22 00:46:17.000000000,16.692216205260678
2026-03-22 00:07:37.000000000,21.85133943484466
2026-03-22 00:14:02.000000000,66.25176204523322
2026-03-22 00:00:51.000000000,34.93628433519829
2026-03-22 00:33:53.000000000,38.51532426393743
2026-03-22 00:48:28.000000000,54.04551200977351
2026-03-22 00:08:24.000000000,57.57946054126505
2026-03-22 00:08:23.000000000,28.53662701052389
2026-03-22 00:10:05.000000000,21.316533233151535
2026-03-22 00:10:04.000000000,17.187783546297595
2026-03-22 00:55:09.000000000,26.255025196895865
2026-03-22 01:27:34.000000000,21.117639816612215
2026-03-22 01:39:48.000000000,13.977415832770935
2026-03-22 01:28:53.000000000,20.145556825249752
2026-03-22 01:17:32.000000000,36.22786962615894
2026-03-22 01:59:49.000000000,76.32081248105277
2026-03-22 01:03:46.000000000,16.009167775959202
2026-03-22 01:00:51.000000000,24.699018452463303
2026-03-22 01:17:00.000000000,33.69626666981497
2026-03-22 01:28:37.000000000,23.788792671184336
2026-03-22 01:18:30.000000000,17.914377135057823
2026-03-22 01:49:31.000000000,51.89103244458267
2026-03-22 01:30:02.000000000,28.74288328421135
2026-03-22 01:23:41.000000000,50.6599947092352
2026-03-22 01:40:05.000000000,18.725015668075056
2026-03-22 02:26:35.000000000,27.067083860210435
2026-03-22 02:24:42.000000000,19.663981017628895
2026-03-22 02:47:25.000000000,69.66162882942706
2026-03-22 02:31:42.000000000,52.10893004290178
2026-03-22 02:17:08.000000000,37.94339819551862
2026-03-22 02:50:29.000000000,125.76797997965916
2026-03-22 02:00:10.000000000,14.838339571550787
2026-03-22 02:35:10.000000000,32.22440298947739
2026-03-22 02:16:03.000000000,108.76994011544103
2026-03-22 02:40:14.000000000,43.502325855241985
2026-03-22 02:46:48.000000000,40.07838141718733
2026-03-22 02:12:17.000000000,14.684186306869572
2026-03-22 02:53:19.000000000,28.06700260756944
2026-03-22 02:55:22.000000000,28.557955288861013
2026-03-22 03:35:08.000000000,27.386286585002726
2026-03-22 03:46:41.000000000,36.98252693640176
2026-03-22 03:07:16.000000000,53.502889382168654
2026-03-22 03:06:14.000000000,50.5302758342555
2026-03-22 03:07:40.000000000,20.402005579609153
2026-03-22 03:13:14.000000000,24.48318731907615
2026-03-22 03:28:02.000000000,38.304366857885505
2026-03-22 03:03:05.000000000,29.633907624086067
2026-03-22 03:11:29.000000000,37.884253829188594
2026-03-22 04:45:08.000000000,73.98586509693726
2026-03-22 04:50:55.000000000,20.68844852409499
2026-03-22 04:20:37.000000000,25.37332929440463
2026-03-22 04:05:34.000000000,52.789411898941474
2026-03-22 04:09:35.000000000,53.749526174016935
2026-03-22 04:45:10.000000000,55.42538967022818
2026-03-22 05:54:00.000000000,35.26337641294382
2026-03-22 05:08:00.000000000,38.184682822678354
2026-03-22 05:38:53.000000000,17.307002153025074
2026-03-22 05:16:46.000000000,24.690434362488105
2026-03-22 05:34:22.000000000,32.42870925948674
2026-03-22 05:10:34.000000000,55.92958121668648
2026-03-22 06:04:10.000000000,35.18837168640304
2026-03-22 06:36:04.000000000,38.90395930816565
2026-03-22 07:34:59.000000000,15.743795091154942
2026-03-22 07:31:15.000000000,17.263420326602112
2026-03-22 07:55:17.000000000,29.577217503687006
2026-03-22 07:12:19.000000000,95.45665185748867
2026-03-22 07:51:57.000000000,15.572548948761057
2026-03-22 07:22:31.000000000,48.38043967505209
2026-03-22 08:42:17.000000000,32.420876570524115
2026-03-22 08:42:12.000000000,21.202579570528968
2026-03-22 08:34:11.000000000,107.30846923165231
2026-03-22 08:02:05.000000000,20.32571647869577
2026-03-22 08:18:23.000000000,34.617667860647146
2026-03-22 08:49:25.000000000,18.815989524783763
2026-03-22 09:23:23.000000000,21.568840015283325
2026-03-22 09:54:37.000000000,19.882210411205747
2026-03-22 09:42:46.000000000,22.09541721729352
2026-03-22 09:51:01.000000000,25.12284682583162
2026-03-22 09:22:42.000000000,20.464297928600512
2026-03-22 09:05:02.000000000,24.188425693245186
2026-03-22 09:39:36.000000000,20.608887167124944
2026-03-22 09:06:56.000000000,21.79223371975969
2026-03-22 09:36:57.000000000,43.06220149026299
2026-03-22 10:01:10.000000000,33.97251905497352
2026-03-22 10:21:52.000000000,26.816336597738296
2026-03-22 10:14:28.000000000,35.85512264673814
2026-03-22 10:41:15.000000000,31.13667212148209
2026-03-22 10:24:15.000000000,22.723244006304068
2026-03-22 10:38:30.000000000,31.01974961267238
2026-03-22 10:12:36.000000000,17.833477667244807
2026-03-22 10:37:50.000000000,18.18976091141216
2026-03-22 10:46:49.000000000,10.16544548214676
2026-03-22 11:44:02.000000000,46.49369457236545
2026-03-22 11:04:29.000000000,17.296957484203983
2026-03-22 11:11:54.000000000,29.28316169015866
2026-03-22 11:48:21.000000000,18.478821683567496
2026-03-22 11:45:12.000000000,22.635930624436288
2026-03-22 11:58:30.000000000,34.228702313852104
2026-03-22 11:35:24.000000000,22.005163496536024
2026-03-22 11:57:32.000000000,22.93654556562593
2026-03-22 11:29:55.000000000,77.96054101840767
2026-03-22 11:50:17.000000000,16.6618215764787
2026-03-22 11:10:21.000000000,24.77547059929997
2026-03-22 11:51:12.000000000,17.195981904120508
2026-03-22 11:18:59.000000000,21.40434074874462
2026-03-22 11:55:39.000000000,23.77204940348238
2026-03-22 11:44:37.000000000,24.98915235449145
2026-03-22 11:17:11.000000000,16.7303484592493
2026-03-22 12:08:55.000000000,36.16423813730465
2026-03-22 12:41:28.000000000,83.47417431404891
2026-03-22 12:56:17.000000000,21.70315347000909
2026-03-22 12:09:36.000000000,34.39391374793197
2026-03-22 12:20:32.000000000,33.13570764683931
2026-03-22 12:33:50.000000000,122.24891573958098
2026-03-22 12:27:41.000000000,65.51188784193276
2026-03-22 12:35:33.000000000,42.25819085230272
2026-03-22 12:51:27.000000000,20.854140843861305
2026-03-22 12:27:11.000000000,25.704189299786886
2026-03-22 12:21:04.000000000,30.927438712823264
2026-03-22 12:00:32.000000000,24.200487823222705
2026-03-22 12:03:42.000000000,56.94781640323184
2026-03-22 12:41:20.000000000,26.804374049663462
2026-03-22 12:46:11.000000000,42.82146426918719
2026-03-22 12:00:38.000000000,57.141625926268716
2026-03-22 12:04:36.000000000,39.078663961081176
2026-03-22 13:20:50.000000000,19.581520630594643
2026-03-22 13:34:00.000000000,36.919842649816054
2026-03-22 13:24:20.000000000,34.45897765208638
2026-03-22 13:56:18.000000000,52.208598502661154
2026-03-22 13:19:12.000000000,21.28474833499258
2026-03-22 13:45:02.000000000,19.878536021128355
2026-03-22 13:33:12.000000000,23.64493797607545
2026-03-22 13:39:04.000000000,23.404448977839838
2026-03-22 13:48:47.000000000,18.09566320731546
2026-03-22 13:59:24.000000000,43.71278516987096
2026-03-22 13:07:33.000000000,56.158929932322046
2026-03-22 14:25:33.000000000,21.51756867376582
2026-03-22 14:12:40.000000000,25.900452544722004
2026-03-22 14:29:26.000000000,23.84705520294244
2026-03-22 14:20:05.000000000,16.884072288440404
2026-03-22 14:32:16.000000000,60.67084872302663
2026-03-22 14:04:08.000000000,29.907339748290738
2026-03-22 14:20:56.000000000,91.19212906595061
2026-03-22 14:04:23.000000000,23.39238757523829
2026-03-22 14:57:27.000000000,71.60489729405748
2026-03-22 14:07:50.000000000,27.863611828005435
2026-03-22 14:28:41.000000000,31.425110345930594
2026-03-22 14:18:35.000000000,33.65059700465876
2026-03-22 14:36:17.000000000,25.647288535728133
2026-03-22 15:33:58.000000000,29.69606494196731
2026-03-22 15:24:41.000000000,28.031652706493485
2026-03-22 15:49:04.000000000,35.566136482240424
2026-03-22 15:38:32.000000000,21.305564940265242
2026-03-22 15:41:13.000000000,56.47914863973944
2026-03-22 15:27:45.000000000,20.811063199100293
2026-03-22 15:01:48.000000000,20.131671467193033
2026-03-22 15:14:05.000000000,23.263344199162443
2026-03-22 15:04:20.000000000,30.143641064245937
2026-03-22 15:06:38.000000000,33.28960160222384
2026-03-22 15:49:52.000000000,77.7735962493021
2026-03-22 15:17:47.000000000,46.03213811480758
2026-03-22 15:26:23.000000000,21.685079809499197
2026-03-22 16:52:09.000000000,19.86070222246218
2026-03-22 16:48:28.000000000,25.31857475688948
2026-03-22 16:51:56.000000000,17.057810813354887
2026-03-22 16:00:04.000000000,38.06751727816086
2026-03-22 16:06:13.000000000,116.07114938263071
2026-03-22 16:29:58.000000000,23.29636768168288
2026-03-22 16:06:30.000000000,41.58384688238051
2026-03-22 16:56:13.000000000,32.48097875203645
2026-03-22 16:51:33.000000000,21.662955495284553
2026-03-22 16:52:19.000000000,25.23697733037149
2026-03-22 16:48:20.000000000,43.673860020828634
2026-03-22 16:00:03.000000000,21.426708474779268
2026-03-22 16:53:42.000000000,17.133687698221177
2026-03-22 16:04:57.000000000,82.62901008553756
2026-03-22 16:57:33.000000000,33.119715752324026
2026-03-22 16:27:53.000000000,26.392627501210992
2026-03-22 16:54:42.000000000,25.767418650552745
2026-03-22 16:20:37.000000000,34.89400026783535
2026-03-22 17:41:41.000000000,33.06012365913941
2026-03-22 17:51:56.000000000,48.68506111246281
2026-03-22 17:56:41.000000000,22.58286171192607
2026-03-22 17:35:23.000000000,59.94621771463897
2026-03-22 17:47:34.000000000,29.261535446583817
2026-03-22 17:18:50.000000000,16.488331648345
2026-03-22 17:04:11.000000000,27.897746218578007
2026-03-22 17:48:58.000000000,38.57204546855552
2026-03-22 17:34:40.000000000,36.91530050800224
2026-03-22 17:10:10.000000000,30.11374628256812
2026-03-22 17:59:06.000000000,20.116641406963783
2026-03-22 17:05:10.000000000,31.986885939496453
2026-03-22 17:32:41.000000000,26.79775369070062
2026-03-22 18:14:16.000000000,25.6599243928243
2026-03-22 18:13:46.000000000,17.87775966125742
2026-03-22 18:35:04.000000000,25.878811293905567
2026-03-22 18:34:58.000000000,35.05844710979431
2026-03-22 18:08:02.000000000,37.77140049547355
2026-03-22 18:59:12.000000000,21.82092004317456
2026-03-22 18:46:45.000000000,20.47396046206276
2026-03-22 18:12:00.000000000,30.776728433176192
2026-03-22 18:36:54.000000000,19.273707333243113
2026-03-22 18:27:50.000000000,56.9670927044348
2026-03-22 18:33:59.000000000,23.8042970258501
2026-03-22 18:08:20.000000000,29.029260446943926
2026-03-22 18:48:25.000000000,35.98830964592832
2026-03-22 18:11:35.000000000,35.41838661308839
2026-03-22 19:58:33.000000000,38.8397390956144
2026-03-22 19:58:29.000000000,16.497072463852096
2026-03-22 19:03:04.000000000,26.633171316345535
2026-03-22 19:43:28.000000000,35.59423810174796
2026-03-22 19:33:50.000000000,52.39991368806626
2026-03-22 19:50:50.000000000,59.5692845329456
2026-03-22 19:40:22.000000000,26.70297779331485
2026-03-22 19:35:09.000000000,37.029004536338746
2026-03-22 19:59:40.000000000,21.58516955361369
2026-03-22 19:28:01.000000000,61.657136401630524
2026-03-22 19:57:51.000000000,33.760494374750856
2026-03-22 20:33:06.000000000,26.82665154263152
2026-03-22 20:21:17.000000000,24.75249095172494
2026-03-22 20:05:13.000000000,29.335635609371312
2026-03-22 20:03:30.000000000,29.13551237023614
2026-03-22 20:58:29.000000000,58.187392812078684
2026-03-22 20:58:26.000000000,19.30823249257183
2026-03-22 20:43:36.000000000,27.121528292988717
2026-03-22 20:44:05.000000000,20.41583803677077
2026-03-22 20:52:52.000000000,43.52042511299745
2026-03-22 20:30:56.000000000,20.80296829501714
2026-03-22 20:05:54.000000000,22.410056272215787
2026-03-22 20:43:34.000000000,34.009806659936
2026-03-22 20:58:15.000000000,27.901616591199247
2026-03-22 20:49:19.000000000,21.975731071768795
2026-03-22 20:39:50.000000000,18.874431467817036
2026-03-22 20:08:05.000000000,23.506299534186358
2026-03-22 20:36:48.000000000,19.492436610836016
2026-03-22 21:21:27.000000000,21.8689330140658
2026-03-22 21:43:54.000000000,28.808118396516843
2026-03-22 21:18:14.000000000,14.882345472739681
2026-03-22 21:50:58.000000000,37.91398249095391
2026-03-22 21:32:20.000000000,24.06463013492767
2026-03-22 21:41:20.000000000,40.83536234607086
2026-03-22 21:09:37.000000000,41.3371298499209
2026-03-22 21:33:51.000000000,46.75243152710246
2026-03-22 21:49:43.000000000,43.26534021006953
2026-03-22 21:01:38.000000000,34.29370877986313
2026-03-22 21:56:21.000000000,20.189533871614163
2026-03-22 21:50:26.000000000,22.457145677269185
2026-03-22 21:03:06.000000000,23.150467444380258
2026-03-22 21:30:09.000000000,15.936471535417693
2026-03-22 21:04:01.000000000,24.419328873692056
2026-03-22 21:08:01.000000000,57.92078135173414
2026-03-22 22:05:51.000000000,16.942417172000262
2026-03-22 22:10:49.000000000,27.319753615853145
2026-03-22 22:03:22.000000000,50.86413139799199
2026-03-22 22:46:23.000000000,99.44711834586009
2026-03-22 22:08:21.000000000,120.17829554605504
2026-03-22 22:02:33.000000000,22.54955734743964
2026-03-22 22:08:15.000000000,40.256507154128705
2026-03-22 22:40:15.000000000,31.483463887859383
2026-03-22 22:17:10.000000000,56.11118858879463
2026-03-22 22:27:26.000000000,55.06613601675823
2026-03-22 22:42:00.000000000,51.939048312112426
2026-03-22 22:24:51.000000000,35.69085198239837
2026-03-22 22:11:04.000000000,22.129121497239208
2026-03-22 22:04:39.000000000,38.65072023092728
2026-03-22 23:58:47.000000000,31.394270905965424
2026-03-22 23:26:57.000000000,14.723007314717519
2026-03-22 23:28:42.000000000,16.58450558346058
2026-03-22 23:04:48.000000000,21.282186219892136
2026-03-22 23:49:06.000000000,23.70062022618553
2026-03-22 23:57:09.000000000,23.918042366586107
2026-03-22 23:26:26.000000000,19.1969277503747
2026-03-22 23:45:49.000000000,23.35991926114829
2026-03-22 23:46:55.000000000,77.18107092660306
2026-03-22 23:09:18.000000000,45.08091363998389
2026-03-23 00:45:26.000000000,37.42066249873337
2026-03-23 00:55:18.000000000,47.22134270239639
2026-03-23 00:16:01.000000000,16.21967843296584
2026-03-23 00:05:54.000000000,36.207380195669046
2026-03-23 00:14:32.000000000,26.635158879890728
2026-03-23 00:05:33.000000000,34.87624477765932
2026-03-23 00:46:44.000000000,18.779573213875107
2026-03-23 01:45:17.000000000,29.280626760052655
2026-03-23 01:14:08.000000000,28.539105141069466
2026-03-23 01:12:35.000000000,30.678580430928296
2026-03-23 01:29:10.000000000,31.029184390903747
2026-03-23 01:40:10.000000000,84.10960445101452
2026-03-23 01:50:43.000000000,15.658766504999276
2026-03-23 01:40:09.000000000,68.021764831007
2026-03-23 02:06:11.000000000,58.58828015288023
2026-03-23 03:51:42.000000000,72.01752548410774
2026-03-23 03:42:41.000000000,67.94495448504844
2026-03-23 03:34:00.000000000,34.93249771675409
2026-03-23 03:29:08.000000000,47.52709454271845
2026-03-23 03:08:30.000000000,37.84463428717917
2026-03-23 03:18:30.000000000,82.41641364478063
2026-03-23 03:22:05.000000000,17.29427991934236
2026-03-23 03:10:31.000000000,16.930111237108942
2026-03-23 04:42:33.000000000,23.590486227825426
2026-03-23 04:17:34.000000000,29.187023338935948
2026-03-23 04:28:18.000000000,21.547136102837516
2026-03-23 04:10:12.000000000,59.77099051113001
2026-03-23 04:52:42.000000000,114.00089479248783
2026-03-23 05:17:09.000000000,95.35079306536662
2026-03-23 05:59:20.000000000,53.16162634471787
2026-03-23 05:02:21.000000000,113.25501060774823
2026-03-23 05:56:43.000000000,18.016190879946073
2026-03-23 05:14:52.000000000,19.151549703942162
2026-03-23 05:36:40.000000000,33.83484559449518
2026-03-23 05:52:01.000000000,39.22709844091028
2026-03-23 05:40:42.000000000,18.39914538693864
2026-03-23 05:06:45.000000000,26.13509746647492
2026-03-23 05:56:27.000000000,47.01703255391775
2026-03-23 06:20:55.000000000,17.24155866367016
2026-03-23 06:55:07.000000000,29.064597450220415
2026-03-23 06:06:41.000000000,18.231684298241756
2026-03-23 06:43:49.000000000,21.83115750668798
2026-03-23 06:52:24.000000000,39.35959983709592
2026-03-23 06:32:35.000000000,35.4453329459088
2026-03-23 06:52:03.000000000,108.48865933324038
2026-03-23 06:40:50.000000000,18.886359260050433
2026-03-23 06:33:04.000000000,22.29117256906003
2026-03-23 07:10:38.000000000,98.94673002032103
2026-03-23 07:19:00.000000000,32.665440316957024
2026-03-23 07:40:00.000000000,95.05514539078372
2026-03-23 07:28:47.000000000,19.749045094335937
2026-03-23 07:43:48.000000000,32.73953063771276
2026-03-23 07:39:25.000000000,131.74139104748681
2026-03-23 07:48:33.000000000,22.656805242101765
2026-03-23 07:28:57.000000000,33.99806994531637
2026-03-23 07:07:53.000000000,21.919466058363465
2026-03-23 07:32:57.000000000,31.003955846438384
2026-03-23 07:21:19.000000000,57.641197024464404
2026-03-23 07:46:53.000000000,33.62731795721402
2026-03-23 07:36:00.000000000,24.40933177970891
2026-03-23 07:46:21.000000000,22.46413605425575
2026-03-23 07:05:23.000000000,20.712349682187718
2026-03-23 08:26:34.000000000,26.06485428188964
2026-03-23 08:30:00.000000000,44.577767596518804
2026-03-23 08:51:19.000000000,30.909908755849603
2026-03-23 08:55:07.000000000,22.838277858125156
2026-03-23 08:50:47.000000000,26.282691289156705
2026-03-23 08:34:56.000000000,59.86618541718924
2026-03-23 08:05:39.000000000,31.251013415406437
2026-03-23 08:50:15.000000000,20.51676880425676
2026-03-23 08:17:00.000000000,22.306519113912767
2026-03-23 08:22:38.000000000,15.698081185587904
2026-03-23 08:46:37.000000000,29.26375470923516
2026-03-23 08:31:28.000000000,19.464596671559484
2026-03-23 08:55:10.000000000,20.0648367354456
2026-03-23 08:07:53.000000000,77.83980291304702
2026-03-23 08:52:24.000000000,24.84608496590798
2026-03-23 08:34:14.000000000,115.24929191636836
2026-03-23 08:29:03.000000000,32.65067259838821
2026-03-23 08:48:18.000000000,24.35178351895475
2026-03-23 09:00:03.000000000,37.980018535573485
2026-03-23 09:09:17.000000000,35.90893559767411
2026-03-23 09:56:34.000000000,15.431708953689858
2026-03-23 09:19:54.000000000,44.574609577618695
2026-03-23 09:20:00.000000000,24.746849760446203
2026-03-23 09:52:14.000000000,18.207977032853055
2026-03-23 09:17:56.000000000,25.891146373737737
2026-03-23 09:02:08.000000000,30.401604684082653
2026-03-23 09:49:19.000000000,21.10365123722809
2026-03-23 09:58:28.000000000,44.557138799099455
2026-03-23 09:02:48.000000000,22.845605865942137
2026-03-23 09:17:10.000000000,16.09086670629314
2026-03-23 09:45:45.000000000,17.200975172233946
2026-03-23 09:53:06.000000000,17.09338442430726
2026-03-23 09:03:52.000000000,38.65571670947138
2026-03-23 09:42:57.000000000,36.20614299364243
2026-03-23 09:15:20.000000000,39.50264831007943
2026-03-23 09:56:54.000000000,17.007703360882868
2026-03-23 09:34:03.000000000,20.508062531558593
2026-03-23 10:10:24.000000000,53.375866755722456
2026-03-23 10:08:01.000000000,21.419489028786426
2026-03-23 10:44:19.000000000,22.512404468423775
2026-03-23 10:16:48.000000000,21.88328196427251
2026-03-23 10:59:11.000000000,19.945538892117835
2026-03-23 10:02:49.000000000,31.33012267817654
2026-03-23 10:04:16.000000000,38.36590283742994
2026-03-23 10:56:24.000000000,45.3278636244549
2026-03-23 10:03:49.000000000,53.51494837970508
2026-03-23 11:22:37.000000000,36.14505040766719
2026-03-23 11:10:28.000000000,23.463807591601512
2026-03-23 11:06:13.000000000,14.672297683808546
2026-03-23 11:17:23.000000000,29.715771733535636
2026-03-23 11:55:54.000000000,22.38593703214737
2026-03-23 11:38:15.000000000,77.21291417478055
2026-03-23 11:07:37.000000000,26.86580443764635
2026-03-23 11:12:31.000000000,94.3798606314028
2026-03-23 11:50:46.000000000,43.00271053882907
2026-03-23 12:57:43.000000000,31.837034648891187
2026-03-23 12:58:35.000000000,27.821799096188983
2026-03-23 12:18:59.000000000,21.261143098911912
2026-03-23 12:24:58.000000000,40.4413249150245
2026-03-23 12:18:46.000000000,35.669886799840604
2026-03-23 12:39:02.000000000,25.43612086039867
2026-03-23 12:59:09.000000000,14.062845093923864
2026-03-23 12:53:54.000000000,21.049085879762206
2026-03-23 12:02:22.000000000,36.54346868563057
2026-03-23 12:21:27.000000000,33.342552364376296
2026-03-23 12:24:30.000000000,45.186986437051786
2026-03-23 12:11:03.000000000,23.249830180723425
2026-03-23 13:47:03.000000000,81.09323866402727
2026-03-23 13:35:18.000000000,32.52126717392093
2026-03-23 13:48:13.000000000,17.38569342823458
2026-03-23 13:16:32.000000000,99.23212175434809
2026-03-23 13:17:34.000000000,41.52257922394015
2026-03-23 13:37:05.000000000,90.96448692264057
2026-03-23 13:10:28.000000000,20.944743279056826
2026-03-23 13:34:48.000000000,25.275259815226715
2026-03-23 13:10:00.000000000,37.45170463476361
2026-03-23 13:55:57.000000000,28.09250487770151
2026-03-23 13:57:31.000000000,18.570368114770236
2026-03-23 13:17:54.000000000,14.56518081697436
2026-03-23 13:53:15.000000000,68.67069694633318
2026-03-23 13:43:35.000000000,26.451940720021355
2026-03-23 14:19:16.000000000,21.202735543881413
2026-03-23 14:25:46.000000000,26.08963844134397
2026-03-23 14:55:52.000000000,15.36836741786991
2026-03-23 14:44:21.000000000,21.99458327211428
2026-03-23 14:35:44.000000000,46.33941406756694
2026-03-23 14:24:18.000000000,84.7436553655727
2026-03-23 14:45:03.000000000,60.5971748622979
2026-03-23 14:56:31.000000000,26.727943102435308
2026-03-23 14:07:46.000000000,21.355226749559545
2026-03-23 14:06:09.000000000,111.98361530964625
2026-03-23 14:21:07.000000000,16.633171085252755
2026-03-23 14:49:15.000000000,22.635248115145178
2026-03-23 14:48:43.000000000,44.207965624795335
2026-03-23 14:21:00.000000000,79.3561826688947
2026-03-23 14:40:08.000000000,22.166361803785794
2026-03-23 14:57:33.000000000,30.842660482229523
2026-03-23 14:19:35.000000000,21.081141036910374
2026-03-23 14:16:02.000000000,27.740918858236842
2026-03-23 14:03:23.000000000,18.646865213692628
2026-03-23 15:10:21.000000000,26.20926988777777
2026-03-23 15:12:46.000000000,21.728635960873124
2026-03-23 15:26:10.000000000,25.981031016893606
2026-03-23 15:27:22.000000000,44.94706388746233
2026-03-23 15:07:36.000000000,20.071271729588464
2026-03-23 15:13:03.000000000,15.613503351296005
2026-03-23 15:18:35.000000000,100.82086209597306
2026-03-23 15:14:36.000000000,29.89615908684772
2026-03-23 15:14:00.000000000,145.2075301512342
2026-03-23 15:31:06.000000000,24.11021377114385
2026-03-23 15:44:01.000000000,38.53758296338625
2026-03-23 15:53:55.000000000,26.88438652588494
2026-03-23 15:51:34.000000000,15.846067602566118
2026-03-23 15:50:49.000000000,17.39670198186723
2026-03-23 15:26:53.000000000,16.134094127482822
2026-03-23 15:29:43.000000000,19.209375562459115
2026-03-23 16:01:58.000000000,44.698926091852236
2026-03-23 16:41:26.000000000,18.30557491901325
2026-03-23 16:44:16.000000000,44.96030309797647
2026-03-23 16:47:10.000000000,28.580914146520048
2026-03-23 16:44:39.000000000,66.65045235559505
2026-03-23 16:25:13.000000000,16.14716973597278
2026-03-23 16:04:03.000000000,33.01565156280608
2026-03-23 16:40:24.000000000,15.224880861012
2026-03-23 16:58:49.000000000,15.82816461830067
2026-03-23 16:03:12.000000000,29.48711824706875
2026-03-23 16:11:35.000000000,16.0925012209006
2026-03-23 16:39:35.000000000,16.56494438063674
2026-03-23 16:23:05.000000000,44.90918793971834
2026-03-23 16:04:14.000000000,41.303742131997396
2026-03-23 16:11:12.000000000,39.824557798430455
2026-03-23 16:00:18.000000000,24.523619171757584
2026-03-23 17:31:24.000000000,26.662297074130546
2026-03-23 17:36:48.000000000,24.270466633826235
2026-03-23 17:45:25.000000000,25.637263194579976
2026-03-23 17:14:45.000000000,53.39406739078592
2026-03-23 17:02:03.000000000,19.708320360624835
2026-03-23 17:09:07.000000000,19.35368406927606
2026-03-23 17:22:18.000000000,42.56203655990776
2026-03-23 17:46:32.000000000,32.22537108569652
2026-03-23 17:47:40.000000000,14.37520672064838
2026-03-23 17:12:01.000000000,19.141687382003244
2026-03-23 17:24:15.000000000,35.34921858724994
2026-03-23 17:47:44.000000000,31.34279442029574
2026-03-23 17:40:00.000000000,23.883011528563866
2026-03-23 17:15:24.000000000,59.56565761472968
2026-03-23 18:53:19.000000000,14.480050542687723
2026-03-23 18:12:08.000000000,19.613743218393783
2026-03-23 18:42:59.000000000,51.20334871077513
2026-03-23 18:44:52.000000000,32.674451269825404
2026-03-23 18:35:38.000000000,24.761475709142843
2026-03-23 18:30:50.000000000,16.93627719622225
2026-03-23 18:18:58.000000000,26.45422497319873
2026-03-23 18:06:40.000000000,21.169073322205822
2026-03-23 18:04:16.000000000,54.278919683858824
2026-03-23 18:16:21.000000000,20.948541532190607
2026-03-23 18:50:53.000000000,35.06254172491355
2026-03-23 18:44:29.000000000,23.271287309056003
2026-03-23 18:33:54.000000000,22.369620956601615
2026-03-23 18:14:08.000000000,26.77868355154801
2026-03-23 18:45:13.000000000,59.70883146981058
2026-03-23 18:14:38.000000000,16.99592397434461
2026-03-23 18:05:51.000000000,23.899380202988866
2026-03-23 18:34:18.000000000,29.25359379978406
2026-03-23 18:26:04.000000000,24.395785634719278
2026-03-23 19:32:56.000000000,19.789411426425094
2026-03-23 19:25:40.000000000,21.197622334484098
2026-03-23 19:56:33.000000000,53.97844451696724
2026-03-23 19:06:46.000000000,22.220327870847182
2026-03-23 19:02:53.000000000,23.126790534047483
2026-03-23 19:35:11.000000000,35.7103982948771
2026-03-23 19:05:24.000000000,36.578606230578195
2026-03-23 19:47:52.000000000,31.838720402409212
2026-03-23 19:07:43.000000000,22.634381909710388
2026-03-23 19:56:31.000000000,33.005029205755186
2026-03-23 19:36:06.000000000,20.616617742090295
2026-03-23 19:57:58.000000000,28.434359615405594
2026-03-23 19:07:31.000000000,34.7926014461401
2026-03-23 19:11:41.000000000,32.327296816126555
2026-03-23 20:57:25.000000000,42.37321852418085
2026-03-23 20:32:50.000000000,69.21771116893548
2026-03-23 20:43:03.000000000,32.15845468542467
2026-03-23 20:17:19.000000000,35.0864035204713
2026-03-23 20:46:32.000000000,25.45541813035442
2026-03-23 20:43:01.000000000,21.857555279804114
2026-03-23 20:10:50.000000000,38.15228114239043
2026-03-23 20:07:57.000000000,25.58385963143242
2026-03-23 20:25:59.000000000,19.493274076886895
2026-03-23 20:56:05.000000000,25.596084645178433
2026-03-23 20:39:16.000000000,28.137512246528782
2026-03-23 20:15:21.000000000,15.944828829968314
2026-03-23 20:51:46.000000000,22.748920818875835
2026-03-23 20:21:59.000000000,29.76327489569487
2026-03-23 20:09:18.000000000,18.10965796900649
2026-03-23 20:05:21.000000000,16.29075105401914
2026-03-23 20:17:52.000000000,60.46193333014856
2026-03-23 20:45:02.000000000,70.74751917208218
2026-03-23 20:02:06.000000000,93.62523708942166
2026-03-23 21:12:56.000000000,25.201699286595773
2026-03-23 21:01:03.000000000,16.30984294195695
2026-03-23 21:27:00.000000000,37.67952599771473
2026-03-23 21:55:16.000000000,20.28098908120344
2026-03-23 21:42:03.000000000,35.05147262530429
2026-03-23 21:45:05.000000000,175.2540527346742
2026-03-23 21:02:10.000000000,29.85541156924059
2026-03-23 22:12:35.000000000,20.999581096679808
2026-03-23 22:05:16.000000000,20.16801768389907
2026-03-23 22:12:27.000000000,22.357187030071703
2026-03-23 22:33:15.000000000,17.652479658239027
2026-03-23 22:53:00.000000000,17.85358107166761
2026-03-23 22:31:34.000000000,17.21431413067173
2026-03-23 22:26:33.000000000,40.746269148844334
2026-03-23 23:25:23.000000000,20.958781697380555
2026-03-23 23:03:29.000000000,115.50700749005887
2026-03-23 23:45:05.000000000,29.78473678260705
2026-03-23 23:06:48.000000000,22.14683161505825
2026-03-23 23:58:13.000000000,70.5903435574058
2026-03-24 00:36:26.000000000,44.46113178045902
2026-03-24 00:23:18.000000000,17.502871230210385
2026-03-24 00:12:48.000000000,24.652018352671636
2026-03-24 00:47:38.000000000,80.39490537723732
2026-03-24 00:56:44.000000000,33.083521505483894
2026-03-24 00:18:32.000000000,56.97945548305644
2026-03-24 01:23:27.000000000,17.31246966053552
2026-03-24 01:22:47.000000000,72.33788251309288
2026-03-24 01:08:20.000000000,107.46468532644447
2026-03-24 01:09:21.000000000,105.6164715665038
2026-03-24 01:10:03.000000000,17.67253979335527
2026-03-24 02:06:54.000000000,23.34073966090455
2026-03-24 02:42:55.000000000,42.53928268116956
2026-03-24 02:46:03.000000000,18.15095451327092
2026-03-24 03:42:15.000000000,20.316184524317524
2026-03-24 03:43:13.000000000,76.11705983552788
2026-03-24 04:54:38.000000000,16.299586032830263
2026-03-24 04:54:20.000000000,17.71631181156236
2026-03-24 04:02:22.000000000,26.12925313483726
2026-03-24 04:09:09.000000000,58.34879327724014
2026-03-24 05:42:02.000000000,31.8418401048507
2026-03-24 05:02:44.000000000,67.79452942235473
2026-03-24 05:32:32.000000000,147.1486375070179
2026-03-24 05:55:37.000000000,33.040316025029234
2026-03-24 05:59:18.000000000,18.47696564449414
2026-03-24 05:58:30.000000000,17.372198818728393
2026-03-24 05:16:15.000000000,84.06891238624894
2026-03-24 06:44:54.000000000,19.31562733147194
2026-03-24 06:35:00.000000000,24.64887560010619
2026-03-24 06:07:16.000000000,21.278359657665707
2026-03-24 06:16:09.000000000,23.604807277233018
2026-03-24 06:48:03.000000000,32.255699739628234
2026-03-24 06:34:14.000000000,18.444296623381707
2026-03-24 06:33:20.000000000,32.36660958517443
2026-03-24 06:50:22.000000000,20.736547717346777
2026-03-24 07:54:30.000000000,41.32947512001546
2026-03-24 07:30:54.000000000,47.09678389759709
2026-03-24 07:45:26.000000000,35.242343084815666
2026-03-24 07:55:50.000000000,21.48024837542487
2026-03-24 07:55:51.000000000,35.51165926797935
2026-03-24 07:36:10.000000000,46.253273618561266
2026-03-24 07:49:09.000000000,19.352962587892808
2026-03-24 07:29:38.000000000,24.07091496907811
2026-03-24 07:56:56.000000000,186.846307579025
2026-03-24 07:37:09.000000000,35.94158572792239
2026-03-24 07:22:26.000000000,41.32239239414457
2026-03-24 07:53:45.000000000,20.853625247925628
2026-03-24 08:22:29.000000000,46.96474651288381
2026-03-24 08:29:47.000000000,16.22872655064146
2026-03-24 08:17:45.000000000,18.456206686100874
2026-03-24 08:24:13.000000000,27.740746193709228
2026-03-24 08:50:58.000000000,87.86267316899419
2026-03-24 08:12:58.000000000,29.951087483567957
2026-03-24 08:16:35.000000000,53.88728447932069
2026-03-24 08:49:06.000000000,46.50902293828401
2026-03-24 08:55:25.000000000,42.037770962953445
2026-03-24 08:08:55.000000000,38.97416114883009
2026-03-24 08:21:35.000000000,36.29375022690725
2026-03-24 08:42:34.000000000,24.23773419255637
2026-03-24 08:05:45.000000000,17.42650900052012
2026-03-24 08:14:55.000000000,38.32059721565867
2026-03-24 08:20:55.000000000,17.49136958800155
2026-03-24 08:38:21.000000000,36.5318417287874
2026-03-24 08:54:16.000000000,36.08408054235612
2026-03-24 08:39:02.000000000,33.83133012782505
2026-03-24 08:14:44.000000000,19.32067739057116
2026-03-24 08:14:28.000000000,15.374086619527612
2026-03-24 08:00:25.000000000,21.09210910353401
2026-03-24 08:54:22.000000000,47.09633536834446
2026-03-24 08:56:49.000000000,24.530048962185827
2026-03-24 08:09:45.000000000,20.871237533549365
2026-03-24 08:56:24.000000000,19.866189801377946
2026-03-24 09:17:52.000000000,21.742490242186026
2026-03-24 09:10:58.000000000,34.54788821384452
2026-03-24 09:32:18.000000000,18.97706363003277
2026-03-24 09:52:46.000000000,31.01950155145386
2026-03-24 09:54:41.000000000,24.728300728676107
2026-03-24 09:38:37.000000000,19.263304080966964
2026-03-24 09:37:55.000000000,103.94752402354935
2026-03-24 09:09:29.000000000,23.780681211444286
2026-03-24 09:38:33.000000000,23.142143286353235
2026-03-24 09:45:25.000000000,18.817303977008397
2026-03-24 09:43:52.000000000,19.701103530719532
2026-03-24 09:59:05.000000000,50.70140361849256
2026-03-24 09:26:44.000000000,54.5846820003092
2026-03-24 09:46:47.000000000,49.11231503344073
2026-03-24 09:05:10.000000000,37.781931316568524
2026-03-24 09:05:48.000000000,18.34076326574633
2026-03-24 09:33:38.000000000,34.98720019230307
2026-03-24 09:00:28.000000000,70.16601531979146
2026-03-24 09:23:52.000000000,15.46108258201105
2026-03-24 10:55:05.000000000,32.26781410423419
2026-03-24 10:23:44.000000000,45.173370593445746
2026-03-24 10:12:20.000000000,43.697216762324096
2026-03-24 10:01:08.000000000,18.560050783208734
2026-03-24 10:03:10.000000000,77.38315020559713
2026-03-24 10:28:53.000000000,23.45639787727129
2026-03-24 10:07:34.000000000,23.10237828989357
2026-03-24 10:16:05.000000000,17.829372424194148
2026-03-24 10:07:03.000000000,37.28831388269436
2026-03-24 10:08:25.000000000,26.11465193019524
2026-03-24 10:48:26.000000000,16.25265596589802
2026-03-24 10:58:24.000000000,23.9063128619361
2026-03-24 10:40:57.000000000,29.66940765752486
2026-03-24 11:12:19.000000000,32.832337023014794
2026-03-24 11:50:15.000000000,28.444172194274262
2026-03-24 11:08:26.000000000,22.354284799743386
2026-03-24 11:58:11.000000000,18.656985756759266
2026-03-24 11:20:12.000000000,40.23721797242083
2026-03-24 11:55:51.000000000,30.59307443355435
2026-03-24 11:06:03.000000000,48.87671039263927
2026-03-24 11:54:17.000000000,31.6776042359781
2026-03-24 11:17:25.000000000,28.11489244497405
2026-03-24 12:59:30.000000000,76.10075535716706
2026-03-24 12:13:57.000000000,53.10775600725012
2026-03-24 12:01:54.000000000,96.36368880609417
2026-03-24 12:04:24.000000000,20.82097160446796
2026-03-24 12:17:58.000000000,35.211630321387005
2026-03-24 12:42:30.000000000,34.788097263090734
2026-03-24 12:53:20.000000000,21.27420895240429
2026-03-24 13:37:03.000000000,35.732012216134216
2026-03-24 13:18:17.000000000,22.553390875880577
2026-03-24 13:38:21.000000000,38.24480637285605
2026-03-24 13:26:45.000000000,34.393181761291565
2026-03-24 13:29:51.000000000,53.3568359117871
2026-03-24 13:35:59.000000000,84.65214360941208
2026-03-24 13:22:25.000000000,31.56295236736818
2026-03-24 13:22:22.000000000,25.386777796012968
2026-03-24 13:45:25.000000000,183.02562594192787
2026-03-24 13:50:20.000000000,17.947318813012455
2026-03-24 13:41:10.000000000,38.32216043505793
2026-03-24 13:11:30.000000000,21.856838324560297
2026-03-24 13:17:11.000000000,42.992930342333786
2026-03-24 14:15:25.000000000,39.66235187116825
2026-03-24 14:53:13.000000000,35.72519651396928
2026-03-24 14:43:11.000000000,91.09784804690983
2026-03-24 14:57:06.000000000,20.0707062201608
2026-03-24 14:23:05.000000000,22.633597374514512
2026-03-24 14:46:22.000000000,18.249216052614983
2026-03-24 14:08:40.000000000,23.713522200763585
2026-03-24 14:10:20.000000000,32.39002533208586
2026-03-24 14:34:31.000000000,58.121497214693385
2026-03-24 15:53:29.000000000,20.88977152508745
2026-03-24 15:36:08.000000000,35.03803923874687
2026-03-24 15:09:55.000000000,73.0782330001716
2026-03-24 15:40:15.000000000,44.03096502783757
2026-03-24 15:08:42.000000000,30.358607773263817
2026-03-24 15:40:46.000000000,26.339460705722363
2026-03-24 15:16:15.000000000,46.97716134158418
2026-03-24 15:29:25.000000000,16.644507307782387
2026-03-24 15:10:28.000000000,32.22440660110029
2026-03-24 15:45:30.000000000,20.36441598018904
2026-03-24 15:09:52.000000000,18.24181000372649
2026-03-24 15:36:14.000000000,21.960386938074603
2026-03-24 15:28:18.000000000,23.30967491299607
2026-03-24 15:31:18.000000000,54.37303830823739
2026-03-24 15:27:32.000000000,38.95235151807948
2026-03-24 15:09:48.000000000,46.564723924806266
2026-03-24 15:58:15.000000000,49.99641425512615
2026-03-24 16:39:01.000000000,36.4270771346016
2026-03-24 16:45:52.000000000,32.08486444233686
2026-03-24 16:07:08.000000000,18.323544188242334
2026-03-24 16:18:26.000000000,23.480730007126933
2026-03-24 16:52:12.000000000,33.33225889932972
2026-03-24 16:07:56.000000000,27.95406541536587
2026-03-24 16:55:06.000000000,52.23660276881831
2026-03-24 16:04:19.000000000,21.921690360903554
2026-03-24 16:10:34.000000000,54.33588982437987
2026-03-24 16:19:30.000000000,34.39955905746666
2026-03-24 16:16:02.000000000,50.446267126200205
2026-03-24 16:48:58.000000000,36.84535386276534
2026-03-24 16:31:28.000000000,35.550321038263206
2026-03-24 17:39:58.000000000,23.705944896438748
2026-03-24 17:44:28.000000000,30.692422459125336
2026-03-24 17:25:52.000000000,41.54167429225642
2026-03-24 17:49:54.000000000,42.145047317393114
2026-03-24 17:13:53.000000000,42.55778046496831
2026-03-24 17:48:15.000000000,17.382050875680317
2026-03-24 17:20:07.000000000,17.361272136906425
2026-03-24 17:27:00.000000000,72.50349952192244
2026-03-24 17:04:11.000000000,78.3048749596133
2026-03-24 17:05:15.000000000,28.3539431948474
2026-03-24 17:39:14.000000000,30.489461894709454
2026-03-24 17:32:51.000000000,25.339955377529886
2026-03-24 17:22:39.000000000,52.707937467668046
2026-03-24 17:46:47.000000000,68.30599954213159
2026-03-24 17:34:50.000000000,35.39099424703177
2026-03-24 17:50:25.000000000,39.372048826771874
2026-03-24 17:09:54.000000000,23.81173201498974
2026-03-24 17:00:43.000000000,31.798529287071524
2026-03-24 17:18:41.000000000,18.71700531518206
2026-03-24 18:32:46.000000000,58.40035460434965
2026-03-24 18:46:12.000000000,19.523931292886914
2026-03-24 18:42:09.000000000,26.97457757569047
2026-03-24 18:02:14.000000000,28.358319333155936
2026-03-24 18:47:00.000000000,29.383743744145125
2026-03-24 18:30:10.000000000,40.744235039705124
2026-03-24 18:01:53.000000000,32.002858202180626
2026-03-24 18:32:02.000000000,16.25979313780648
2026-03-24 18:19:00.000000000,18.37966930231725
2026-03-24 18:10:43.000000000,54.22118541063086
2026-03-24 18:56:43.000000000,38.07176553620104
2026-03-24 18:10:36.000000000,18.245733411237904
2026-03-24 18:08:24.000000000,22.413468819993778
2026-03-24 18:26:00.000000000,24.101258460650005
2026-03-24 18:02:51.000000000,152.81075959915685
2026-03-24 18:47:50.000000000,25.196093300784106
2026-03-24 18:02:04.000000000,20.189220954495052
2026-03-24 19:29:45.000000000,24.277204390565398
2026-03-24 19:50:03.000000000,24.78303464902585
2026-03-24 19:57:10.000000000,16.58291650032396
2026-03-24 19:07:17.000000000,32.64962212899274
2026-03-24 19:06:40.000000000,33.032314849604084
2026-03-24 19:01:36.000000000,21.991765238384897
2026-03-24 19:13:15.000000000,60.687899040828476
2026-03-24 19:32:54.000000000,49.76175482082142
2026-03-24 19:03:35.000000000,47.731867496797825
2026-03-24 19:55:29.000000000,19.946815849822183
2026-03-24 19:21:32.000000000,35.728605039106135
2026-03-24 20:48:54.000000000,16.865360062290605
2026-03-24 20:53:06.000000000,50.693389026114474
2026-03-24 20:04:00.000000000,39.049444097743
2026-03-24 20:50:57.000000000,14.684218470279836
2026-03-24 20:23:49.000000000,18.28645425517539
2026-03-24 20:54:51.000000000,63.370214368971176
2026-03-24 20:45:01.000000000,27.333900943675314
2026-03-24 20:44:55.000000000,42.604061878088
2026-03-24 20:36:45.000000000,31.173183151013536
2026-03-24 20:07:03.000000000,57.978256682750896
2026-03-24 20:50:10.000000000,65.14690240097433
2026-03-24 20:21:51.000000000,12.687434875057182
2026-03-24 20:56:01.000000000,30.721280543963918
2026-03-24 20:41:56.000000000,21.717010030560328
2026-03-24 20:09:01.000000000,22.768627943409847
2026-03-24 21:24:35.000000000,30.464476672079403
2026-03-24 21:14:38.000000000,53.129197416081084
2026-03-24 21:36:33.000000000,33.98567536387123
2026-03-24 21:12:42.000000000,65.69924045968465
2026-03-24 21:45:37.000000000,16.904371805349886
2026-03-24 21:58:41.000000000,21.331757669544
2026-03-24 21:32:39.000000000,80.50040872779338
2026-03-24 21:44:22.000000000,24.76683047648582
2026-03-24 21:00:24.000000000,21.553231793791976
2026-03-24 21:54:01.000000000,46.92147702205249
2026-03-24 21:58:52.000000000,61.15095408917413
2026-03-24 21:41:30.000000000,40.72799152663007
2026-03-24 21:21:00.000000000,68.95071497645648
2026-03-24 21:50:35.000000000,22.035865313645782
2026-03-24 21:27:29.000000000,20.911739811704063
2026-03-24 22:46:41.000000000,24.54158894692571
2026-03-24 22:20:48.000000000,171.48894528033415
2026-03-24 22:09:58.000000000,19.742857271131722
2026-03-24 22:40:09.000000000,32.08437340511205
2026-03-24 22:51:05.000000000,44.8602675545697
2026-03-24 22:06:31.000000000,20.35948837937295
2026-03-24 22:09:49.000000000,62.541358923305204
2026-03-24 22:10:19.000000000,20.39924258490264
2026-03-24 22:14:00.000000000,19.15031987442408
2026-03-24 22:27:03.000000000,102.46616845680094
2026-03-24 22:15:02.000000000,27.928328539356645
2026-03-24 22:16:58.000000000,18.47611272876101
2026-03-24 22:56:49.000000000,23.372887996257557
2026-03-24 22:23:35.000000000,31.249624391253864
2026-03-24 22:02:10.000000000,16.58576187986023
2026-03-24 23:49:00.000000000,18.113804925988543
2026-03-24 23:15:35.000000000,15.378616526853074
2026-03-24 23:38:53.000000000,18.46837599050537
2026-03-24 23:50:59.000000000,20.356292755351955
2026-03-24 23:08:30.000000000,38.36665437581856
2026-03-24 23:42:52.000000000,27.62786003423927
2026-03-24 23:56:19.000000000,16.31405053499244
2026-03-24 23:06:05.000000000,114.01248101160803
2026-03-24 23:59:05.000000000,17.200212506727265
2026-03-24 23:25:52.000000000,18.792957700883715
2026-03-24 23:23:24.000000000,26.558054304214988
2026-03-24 23:10:23.000000000,89.52092875510232
2026-03-25 00:13:39.000000000,39.41907566937006
2026-03-25 00:49:44.000000000,28.421083899017905
2026-03-25 00:56:58.000000000,31.858596595576497
2026-03-25 00:40:44.000000000,31.344986518844827
2026-03-25 00:05:52.000000000,22.64693243398519
2026-03-25 00:20:04.000000000,36.52508917249918
2026-03-25 00:10:33.000000000,20.973463568256843
2026-03-25 00:00:22.000000000,25.352890858536075
2026-03-25 00:44:03.000000000,17.624054601845234
2026-03-25 01:06:11.000000000,32.37098011246838
2026-03-25 01:42:00.000000000,17.401314389038554
2026-03-25 01:13:11.000000000,24.32095155763044
2026-03-25 01:43:57.000000000,86.54615334823897
2026-03-25 02:16:12.000000000,105.09183460776326
2026-03-25 02:01:05.000000000,38.52144661782589
2026-03-25 02:13:15.000000000,25.668302087725287
2026-03-25 02:59:34.000000000,62.038624135393135
2026-03-25 02:34:41.000000000,52.667844412354405
2026-03-25 03:21:47.000000000,49.033622831655
2026-03-25 03:15:11.000000000,24.89356284001165
2026-03-25 03:11:34.000000000,78.78181670330282
2026-03-25 03:03:31.000000000,56.97652588382178
2026-03-25 04:46:16.000000000,27.239232173388164
2026-03-25 04:20:10.000000000,66.91656841767998
2026-03-25 04:39:35.000000000,18.176632986775108
2026-03-25 04:53:05.000000000,39.85079421857667
2026-03-25 04:33:35.000000000,33.28826298831721
2026-03-25 04:27:27.000000000,20.014108141735722
2026-03-25 05:38:55.000000000,30.078770588617335
2026-03-25 05:55:54.000000000,52.87757800331451
2026-03-25 05:59:19.000000000,33.75908327973321
2026-03-25 06:47:09.000000000,40.017236350521536
2026-03-25 06:59:17.000000000,114.78981541126004
2026-03-25 06:59:28.000000000,18.361485010965193
2026-03-25 06:24:41.000000000,25.818855053546958
2026-03-25 06:23:33.000000000,28.619694828386507
2026-03-25 06:24:56.000000000,67.53607684573655
2026-03-25 06:04:09.000000000,84.87211346514903
2026-03-25 06:55:27.000000000,24.03936441613587
2026-03-25 06:45:45.000000000,75.80162446835988
2026-03-25 06:43:53.000000000,37.04358490605359
2026-03-25 06:52:31.000000000,29.500165860723353
2026-03-25 06:01:33.000000000,22.49334769121053
2026-03-25 07:53:00.000000000,21.68913480863762
2026-03-25 07:19:13.000000000,21.72417081593486
2026-03-25 07:45:08.000000000,31.73514653418321
2026-03-25 07:48:49.000000000,34.526319775728915
2026-03-25 07:53:40.000000000,72.90344514932903
2026-03-25 07:00:09.000000000,20.637943151871657
2026-03-25 07:35:07.000000000,31.505918488138075
2026-03-25 07:17:12.000000000,18.680141434421433
2026-03-25 07:27:37.000000000,24.562822440659463
2026-03-25 07:46:10.000000000,19.571824889215794
2026-03-25 07:46:09.000000000,145.1306907539308
2026-03-25 07:54:03.000000000,56.040944055574464
2026-03-25 07:00:41.000000000,20.207654851366538
2026-03-25 07:29:10.000000000,17.34847523793038
2026-03-25 07:53:50.000000000,41.65746477159368
2026-03-25 08:24:42.000000000,31.622343389670828
2026-03-25 08:47:34.000000000,32.32028930885599
2026-03-25 08:30:20.000000000,25.10718046491554
2026-03-25 08:56:33.000000000,21.438659256687654
2026-03-25 08:40:10.000000000,31.1007857418136
2026-03-25 08:12:58.000000000,24.29348713556769
2026-03-25 08:58:05.000000000,20.343725906682113
2026-03-25 08:14:37.000000000,25.759623253604186
2026-03-25 08:03:11.000000000,22.37711296443084
2026-03-25 08:18:18.000000000,25.775066139652385
2026-03-25 08:25:54.000000000,15.867864314665184
2026-03-25 08:56:31.000000000,18.333651872729714
2026-03-25 08:33:37.000000000,33.548759087066735
2026-03-25 08:07:36.000000000,32.64257740272146
2026-03-25 08:05:33.000000000,39.97758967589902
2026-03-25 08:00:40.000000000,22.229074685690332
2026-03-25 08:29:21.000000000,36.24222551213367
2026-03-25 08:14:18.000000000,19.443360449658254
2026-03-25 08:09:00.000000000,29.582500290179603
2026-03-25 08:23:28.000000000,36.98773575057929
2026-03-25 08:53:20.000000000,21.749170513980747
2026-03-25 09:32:46.000000000,19.78280898271215
2026-03-25 09:58:55.000000000,38.80481087768384
2026-03-25 09:59:17.000000000,20.325763741517893
2026-03-25 09:59:04.000000000,24.05967100936084
2026-03-25 09:32:50.000000000,127.91706102446244
2026-03-25 09:15:31.000000000,26.65564952627236
2026-03-25 09:58:12.000000000,34.5010380417877
2026-03-25 09:52:44.000000000,18.51695746440784
2026-03-25 09:10:26.000000000,46.70838904577857
2026-03-25 09:28:05.000000000,36.077581241927525
2026-03-25 09:31:36.000000000,33.97445999707018
2026-03-25 09:19:04.000000000,64.80914094212433
2026-03-25 09:29:54.000000000,32.657513233474376
2026-03-25 09:06:01.000000000,70.94463503618614
2026-03-25 09:50:25.000000000,74.4374010689141
2026-03-25 09:18:27.000000000,40.07047161997699
2026-03-25 09:49:14.000000000,36.502987733952835
2026-03-25 10:50:57.000000000,44.40697604357238
2026-03-25 10:59:34.000000000,24.421864481316934
2026-03-25 10:39:21.000000000,45.29536763611609
2026-03-25 10:46:36.000000000,29.58493631864884
2026-03-25 10:14:06.000000000,29.771885982647518
2026-03-25 10:24:44.000000000,21.172927760299235
2026-03-25 10:45:16.000000000,17.46325075908195
2026-03-25 10:55:45.000000000,39.73016417223574
2026-03-25 10:33:13.000000000,40.52476261399634
2026-03-25 10:31:59.000000000,59.33938401343255
2026-03-25 10:56:32.000000000,117.60633048047742
2026-03-25 10:49:48.000000000,24.54136876843179
2026-03-25 10:14:57.000000000,17.87931319053835
2026-03-25 10:13:20.000000000,44.42680725017798
2026-03-25 11:58:21.000000000,38.675725825420734
2026-03-25 11:30:24.000000000,29.659377310163347
2026-03-25 11:35:30.000000000,28.730187640315112
2026-03-25 11:05:08.000000000,26.669363965669042
2026-03-25 11:39:02.000000000,69.39075374779743
2026-03-25 11:36:16.000000000,18.635153651414615
2026-03-25 11:49:41.000000000,27.29814094880219
2026-03-25 11:20:35.000000000,26.037252901561445
2026-03-25 11:13:01.000000000,56.81401716299878
2026-03-25 11:40:49.000000000,128.61148045475642
2026-03-25 11:50:23.000000000,164.48199930302906
2026-03-25 12:22:35.000000000,53.15735274370244
2026-03-25 12:04:17.000000000,49.18748902252013
2026-03-25 12:23:57.000000000,53.926130477652634
2026-03-25 12:22:15.000000000,67.10959304048225
2026-03-25 12:15:57.000000000,44.14482292283078
2026-03-25 12:57:13.000000000,45.999901080503314
2026-03-25 12:51:14.000000000,21.837411155364805
2026-03-25 12:45:04.000000000,17.86972001691205
2026-03-25 12:58:50.000000000,18.09891679153845
2026-03-25 12:18:10.000000000,18.133220988918666
2026-03-25 12:52:30.000000000,34.21625301802006
2026-03-25 12:26:46.000000000,36.76544054944467
2026-03-25 12:08:15.000000000,53.64146652140896
2026-03-25 12:46:16.000000000,244.71459948439283
2026-03-25 12:48:43.000000000,32.657339513047546
2026-03-25 12:43:43.000000000,31.284632536536034
2026-03-25 12:31:20.000000000,38.22541312124148
2026-03-25 13:29:30.000000000,22.02133229312135
2026-03-25 13:15:11.000000000,21.38661911971636
2026-03-25 13:17:49.000000000,66.26733223120766
2026-03-25 13:11:05.000000000,88.21828197535224
2026-03-25 13:13:35.000000000,18.818322231087233
2026-03-25 13:36:28.000000000,18.746665159853727
2026-03-25 13:19:44.000000000,104.49335489987814
2026-03-25 13:50:31.000000000,53.98953111538961
2026-03-25 13:48:57.000000000,28.971179265290477
2026-03-25 13:40:11.000000000,62.105154117916385
2026-03-25 13:07:27.000000000,24.81942769484657
2026-03-25 13:46:23.000000000,28.51228501219393
2026-03-25 13:01:36.000000000,25.22610199554516
2026-03-25 13:19:06.000000000,30.73808857765166
2026-03-25 14:53:59.000000000,23.54677128744343
2026-03-25 14:46:03.000000000,68.73513620421862
2026-03-25 14:36:48.000000000,45.64201803068092
2026-03-25 14:38:31.000000000,36.76151401035411
2026-03-25 14:57:52.000000000,18.562161663659534
2026-03-25 14:54:30.000000000,26.65526152625736
2026-03-25 14:37:50.000000000,72.87243874240477
2026-03-25 14:09:05.000000000,28.748958654533467
2026-03-25 14:23:46.000000000,19.563072211326784
2026-03-25 14:11:58.000000000,29.222042602880318
2026-03-25 14:09:32.000000000,19.011819781038273
2026-03-25 14:01:46.000000000,70.24618660977292
2026-03-25 14:01:32.000000000,17.247919021801568
2026-03-25 15:54:52.000000000,18.136967327819473
2026-03-25 15:26:15.000000000,31.254078250840028
2026-03-25 15:55:10.000000000,76.18983580106618
2026-03-25 15:26:48.000000000,50.555744901276576
2026-03-25 15:17:23.000000000,35.89464522523019
2026-03-25 15:09:51.000000000,23.150165346928276
2026-03-25 15:17:20.000000000,76.05442278524744
2026-03-25 15:24:21.000000000,23.84137396989809
2026-03-25 15:50:56.000000000,19.50083474715814
2026-03-25 15:37:11.000000000,37.67553735140318
2026-03-25 15:02:41.000000000,61.14207452506871
2026-03-25 15:20:38.000000000,35.1272985731951
2026-03-25 15:04:48.000000000,16.584872562517187
2026-03-25 15:24:38.000000000,27.37648442909769
2026-03-25 16:29:07.000000000,28.422195529842785
2026-03-25 16:46:25.000000000,28.72730840767476
2026-03-25 16:20:08.000000000,20.271968711029505
2026-03-25 16:42:10.000000000,64.42414250637994
2026-03-25 16:07:00.000000000,139.75241502123828
2026-03-25 16:49:04.000000000,26.402800007541156
2026-03-25 16:08:05.000000000,47.57548689900242
2026-03-25 16:34:23.000000000,49.74292550517316
2026-03-25 16:08:28.000000000,33.71945822758396
2026-03-25 16:52:33.000000000,32.053132570668865
2026-03-25 16:02:18.000000000,40.440579374523615
2026-03-25 16:45:07.000000000,348.1283993868175
2026-03-25 16:12:38.000000000,64.12786934000147
2026-03-25 16:16:24.000000000,51.90528788954111
2026-03-25 16:04:46.000000000,64.23575655079048
2026-03-25 16:30:31.000000000,18.96469124925675
2026-03-25 16:09:38.000000000,35.16842952441452
2026-03-25 17:28:47.000000000,34.75851060963668
2026-03-25 17:32:27.000000000,64.94753456759094
2026-03-25 17:37:31.000000000,17.87075589229821
2026-03-25 17:32:19.000000000,23.828044433953938
2026-03-25 17:44:01.000000000,24.818816629681248
2026-03-25 17:10:22.000000000,20.42778879083486
2026-03-25 17:30:42.000000000,21.113326562605497
2026-03-25 17:28:51.000000000,30.056026764545418
2026-03-25 17:06:16.000000000,32.653551011175054
2026-03-25 17:59:06.000000000,39.43601135525535
2026-03-25 17:26:30.000000000,130.6142632144922
2026-03-25 17:18:12.000000000,18.151027079366596
2026-03-25 17:03:29.000000000,21.129939881911735
2026-03-25 17:58:03.000000000,40.66920460071774
2026-03-25 17:19:09.000000000,31.605293399850584
2026-03-25 17:58:11.000000000,20.864764456898907
2026-03-25 17:45:09.000000000,18.220783416116898
2026-03-25 18:43:36.000000000,27.543012403689506
2026-03-25 18:23:29.000000000,45.73482456158066
2026-03-25 18:52:45.000000000,38.236910711937036
2026-03-25 18:09:41.000000000,48.17083915602995
2026-03-25 18:21:50.000000000,108.36774288418084
2026-03-25 18:39:33.000000000,29.08459639547925
2026-03-25 18:26:42.000000000,73.73941826408999
2026-03-25 18:22:40.000000000,20.170733074857633
2026-03-25 18:45:36.000000000,56.86775936057671
2026-03-25 18:11:18.000000000,110.03664293086123
2026-03-25 18:47:10.000000000,19.22280653183885
2026-03-25 18:06:40.000000000,15.487662208877248
2026-03-25 18:28:19.000000000,28.993201302277125
2026-03-25 18:52:56.000000000,25.28673691356237
2026-03-25 18:59:07.000000000,30.205821212177177
2026-03-25 18:12:53.000000000,23.241985439515094
2026-03-25 19:12:28.000000000,24.289987828944508
2026-03-25 19:32:21.000000000,36.7987370036711
2026-03-25 19:38:22.000000000,15.514137930309726
2026-03-25 19:50:41.000000000,23.89818039790298
2026-03-25 19:06:22.000000000,24.169434211637995
2026-03-25 19:16:31.000000000,40.94392094290994
2026-03-25 19:13:48.000000000,17.418664080317026
2026-03-25 19:11:20.000000000,36.36238549971249
2026-03-25 19:11:37.000000000,25.043474348884747
2026-03-25 19:11:03.000000000,17.168182306593554
2026-03-25 19:36:15.000000000,21.30324498424093
2026-03-25 19:44:12.000000000,20.75751585546165
2026-03-25 19:38:37.000000000,43.47279364587795
2026-03-25 19:16:44.000000000,38.57535306686548
2026-03-25 19:20:05.000000000,23.639996024678144
2026-03-25 19:25:12.000000000,20.750533046947677
2026-03-25 20:23:27.000000000,78.50740045495259
2026-03-25 20:02:25.000000000,82.21619711278579
2026-03-25 20:36:14.000000000,35.7695872591538
2026-03-25 20:26:15.000000000,18.216568446092882
2026-03-25 20:35:22.000000000,22.039112691956152
2026-03-25 20:02:31.000000000,40.635553297030505
2026-03-25 20:22:16.000000000,21.959091311880172
2026-03-25 20:41:40.000000000,69.71155524440469
2026-03-25 20:32:22.000000000,50.85241165121286
2026-03-25 20:01:46.000000000,16.416871670648792
2026-03-25 20:44:15.000000000,16.81799435219164
2026-03-25 20:20:56.000000000,48.98743189697838
2026-03-25 20:16:12.000000000,22.494973254359632
2026-03-25 20:05:18.000000000,20.434096258302137
2026-03-25 21:50:39.000000000,79.76080993565043
2026-03-25 21:33:32.000000000,38.790748980785104
2026-03-25 21:12:59.000000000,103.43714651256549
2026-03-25 21:04:13.000000000,25.958115816776452
2026-03-25 21:34:00.000000000,27.439405572472417
2026-03-25 21:16:08.000000000,21.885497487230246
2026-03-25 21:14:05.000000000,22.162249657966797
2026-03-25 21:26:21.000000000,39.56623273968592
2026-03-25 21:05:50.000000000,38.43238522663558
2026-03-25 21:34:26.000000000,61.37516048796172
2026-03-25 22:45:03.000000000,40.183410965360586
2026-03-25 22:43:47.000000000,38.578819222764224
2026-03-25 22:39:57.000000000,24.972821840475223
2026-03-25 22:06:01.000000000,54.777143683498466
2026-03-25 22:16:13.000000000,23.06685422760624
2026-03-25 22:03:23.000000000,19.1445749537074
2026-03-25 22:52:10.000000000,77.96467794349722
2026-03-25 22:56:39.000000000,37.52344458081351
2026-03-25 22:23:52.000000000,28.421288854923286
2026-03-25 22:25:03.000000000,25.28335638647143
2026-03-25 22:55:17.000000000,25.481961185446185
2026-03-25 22:35:52.000000000,23.329316152826035
2026-03-25 22:45:18.000000000,39.52458433542359
2026-03-25 22:42:58.000000000,32.831236944037855
2026-03-25 22:05:21.000000000,40.83392282490935
2026-03-25 22:18:55.000000000,28.26979353598269
2026-03-25 22:44:36.000000000,16.37575622916209
2026-03-25 23:05:23.000000000,74.41562195105668
2026-03-25 23:21:58.000000000,18.12319526756155
2026-03-25 23:29:55.000000000,22.919556090481525
2026-03-25 23:40:56.000000000,41.391907657169185
2026-03-25 23:27:38.000000000,20.497191627390055
2026-03-26 00:21:06.000000000,25.25286660802036
2026-03-26 00:57:21.000000000,29.663884166765367
2026-03-26 00:56:42.000000000,15.942720692501004
2026-03-26 00:22:58.000000000,31.71902852598146
2026-03-26 00:20:51.000000000,15.340290710709363
2026-03-26 00:15:08.000000000,37.00226676479215
2026-03-26 00:53:41.000000000,28.906263589408272
2026-03-26 00:52:42.000000000,18.778835008564574
2026-03-26 00:07:58.000000000,21.572627147160933
2026-03-26 00:16:13.000000000,14.980116382244942
2026-03-26 01:01:33.000000000,22.23483958556967
2026-03-26 01:40:10.000000000,36.708001239754196
2026-03-26 01:33:39.000000000,39.5380050387051
2026-03-26 01:06:04.000000000,24.50799709746059
2026-03-26 01:27:17.000000000,30.476449172616537
2026-03-26 01:39:54.000000000,60.28954039322325
2026-03-26 01:07:31.000000000,50.982829365406786
2026-03-26 01:58:58.000000000,147.26335906779093
2026-03-26 02:50:49.000000000,31.677304052396767
2026-03-26 02:51:29.000000000,35.37731823128883
2026-03-26 02:54:55.000000000,63.83129597857196
2026-03-26 03:58:32.000000000,58.717975972957774
2026-03-26 03:32:50.000000000,19.68620734605034
2026-03-26 03:07:22.000000000,22.133344097150296
2026-03-26 03:48:50.000000000,23.682049524079204
2026-03-26 04:37:48.000000000,64.63013558490641
2026-03-26 04:41:23.000000000,24.335215664755747
2026-03-26 04:07:50.000000000,44.01710787452031
2026-03-26 05:28:46.000000000,27.96056485570603
2026-03-26 05:19:31.000000000,21.74276195813668
2026-03-26 05:12:28.000000000,136.5009306423512
2026-03-26 05:19:45.000000000,27.71474611957085
2026-03-26 05:10:04.000000000,43.73810665766556
2026-03-26 06:43:00.000000000,20.877443626220167
2026-03-26 06:08:42.000000000,18.257141475692006
2026-03-26 06:52:30.000000000,102.57063377313935
2026-03-26 06:46:23.000000000,15.725889280091929
2026-03-26 06:43:19.000000000,25.247510264261866
2026-03-26 06:08:35.000000000,18.059860962885974
2026-03-26 06:38:04.000000000,23.124524027302858
2026-03-26 06:35:32.000000000,36.693040126955154
2026-03-26 06:34:17.000000000,41.52423372182271
2026-03-26 07:09:24.000000000,31.312960545771265
2026-03-26 07:14:22.000000000,28.896687184940816
2026-03-26 07:33:55.000000000,43.890892048453914
2026-03-26 07:20:10.000000000,22.39536256679498
2026-03-26 07:25:37.000000000,29.131011621098903
2026-03-26 07:43:30.000000000,25.30021085503957
2026-03-26 07:04:58.000000000,30.252464643133532
2026-03-26 07:33:46.000000000,16.7063218649105
2026-03-26 07:21:27.000000000,45.33043180412576
2026-03-26 07:31:25.000000000,81.90694275091973
2026-03-26 07:31:00.000000000,73.8012307320992
2026-03-26 07:53:30.000000000,38.933029632299075
2026-03-26 07:30:44.000000000,79.66653427857662
2026-03-26 07:12:25.000000000,42.10858277945484
2026-03-26 07:57:33.000000000,37.5879293570054
2026-03-26 07:59:51.000000000,113.79230837043427
2026-03-26 07:50:47.000000000,53.13294172983787
2026-03-26 07:23:58.000000000,36.87706935200711
2026-03-26 07:21:24.000000000,29.572065031178884
2026-03-26 07:33:44.000000000,22.281626956109413
2026-03-26 08:30:01.000000000,49.21543012843391
2026-03-26 08:15:28.000000000,20.15225854577177
2026-03-26 08:49:25.000000000,38.344351310197794
2026-03-26 08:26:29.000000000,23.245525347118697
2026-03-26 08:27:04.000000000,41.43964419007462
2026-03-26 08:45:27.000000000,15.124591923461653
2026-03-26 08:36:16.000000000,22.811023493250584
2026-03-26 08:02:36.000000000,35.81279639766606
2026-03-26 08:21:27.000000000,146.72525905654396
2026-03-26 08:03:32.000000000,33.769775446268405
2026-03-26 08:44:46.000000000,35.66387914031796
2026-03-26 08:43:30.000000000,44.89171072964673
2026-03-26 08:32:52.000000000,22.29678312410336
2026-03-26 08:41:03.000000000,18.70333990781537
2026-03-26 08:16:30.000000000,27.737941594181603
2026-03-26 08:40:33.000000000,23.260294562848674
2026-03-26 08:29:49.000000000,42.97315585447534
2026-03-26 08:46:54.000000000,36.17208963436827
2026-03-26 08:28:38.000000000,35.46982852006558
2026-03-26 08:27:02.000000000,23.68384940537806
2026-03-26 08:07:36.000000000,28.31712677841242
2026-03-26 08:14:19.000000000,21.485274491485757
2026-03-26 08:42:41.000000000,16.514727279363356
2026-03-26 08:10:14.000000000,45.646519657172654
2026-03-26 08:40:47.000000000,32.52699206388283
2026-03-26 09:01:54.000000000,91.41342307900217
2026-03-26 09:12:38.000000000,83.38763264096183
2026-03-26 09:53:55.000000000,25.895390903327314
2026-03-26 09:31:26.000000000,27.90391519635089
2026-03-26 09:11:02.000000000,27.759508061790214
2026-03-26 09:23:22.000000000,24.431904691631917
2026-03-26 09:23:03.000000000,68.89979149255636
2026-03-26 09:28:42.000000000,25.016465930946776
2026-03-26 09:09:16.000000000,109.02433894164271
2026-03-26 09:23:06.000000000,18.87328899552895
2026-03-26 09:47:43.000000000,21.226972947197925
2026-03-26 09:07:25.000000000,36.61211688213558
2026-03-26 09:16:19.000000000,46.87770218444127
2026-03-26 09:42:11.000000000,19.498197237402263
2026-03-26 09:06:23.000000000,21.882453904942054
2026-03-26 09:39:30.000000000,26.558989274723213
2026-03-26 09:10:34.000000000,22.286716748353566
2026-03-26 09:16:05.000000000,18.48014080964801
2026-03-26 10:57:36.000000000,43.98713273652968
2026-03-26 10:01:16.000000000,41.34437499200977
2026-03-26 10:50:55.000000000,135.2339922507258
2026-03-26 10:57:51.000000000,22.278961584406044
2026-03-26 10:14:57.000000000,28.534746615710986
2026-03-26 10:21:35.000000000,34.14305171624558
2026-03-26 10:56:48.000000000,52.0033765458995
2026-03-26 10:33:28.000000000,86.89742959866835
2026-03-26 10:15:24.000000000,46.568374022062635
2026-03-26 10:18:34.000000000,41.43324833265369
2026-03-26 10:22:59.000000000,110.01118467302489
2026-03-26 10:09:15.000000000,18.951065355398875
2026-03-26 10:04:11.000000000,19.87830196500428
2026-03-26 10:00:14.000000000,28.594114288248516
2026-03-26 11:40:40.000000000,33.48675375907104
2026-03-26 11:49:10.000000000,18.552139170328598
2026-03-26 11:32:10.000000000,27.213150661561247
2026-03-26 11:32:37.000000000,96.62622756666387
2026-03-26 11:52:19.000000000,27.964625756367514
2026-03-26 11:19:20.000000000,22.623627203181982
2026-03-26 11:32:56.000000000,134.57615369506706
2026-03-26 11:21:28.000000000,20.498749148476
2026-03-26 11:21:51.000000000,23.022850275988088
2026-03-26 11:13:34.000000000,16.52951634338517
2026-03-26 11:53:53.000000000,21.982472580183778
2026-03-26 12:07:02.000000000,50.18377909639728
2026-03-26 12:01:09.000000000,23.328468397100526
2026-03-26 12:08:18.000000000,18.825644222605305
2026-03-26 12:56:31.000000000,68.55969902197772
2026-03-26 12:11:20.000000000,18.355384387045554
2026-03-26 12:30:39.000000000,38.315768874994
2026-03-26 12:01:17.000000000,22.803712697914197
2026-03-26 12:12:03.000000000,80.58094316686498
2026-03-26 12:58:29.000000000,57.433141964578816
2026-03-26 12:08:06.000000000,19.85021258996692
2026-03-26 13:34:03.000000000,84.89508171934231
2026-03-26 13:06:09.000000000,30.057289215144653
2026-03-26 13:37:30.000000000,36.80868484496215
2026-03-26 13:28:39.000000000,61.43236111177248
2026-03-26 13:40:35.000000000,32.00686683895611
2026-03-26 13:27:16.000000000,56.40873155727684
2026-03-26 13:50:52.000000000,28.819513510678387
2026-03-26 13:03:23.000000000,19.667870202495518
2026-03-26 13:10:32.000000000,107.02353003747454
2026-03-26 13:46:30.000000000,27.80102538436267
2026-03-26 13:47:41.000000000,26.080041516564407
2026-03-26 13:14:23.000000000,33.53358885903762
2026-03-26 13:50:03.000000000,19.613167448161594
2026-03-26 13:47:06.000000000,189.1601491852607
2026-03-26 13:53:46.000000000,70.50954039140507
2026-03-26 14:35:38.000000000,23.20453655392938
2026-03-26 14:17:11.000000000,22.487552527853143
2026-03-26 14:04:43.000000000,42.28462206309944
2026-03-26 14:30:55.000000000,36.10558880456419
2026-03-26 14:34:30.000000000,45.742641778543195
2026-03-26 14:24:05.000000000,38.86456500759417
2026-03-26 14:18:19.000000000,29.946499868085272
2026-03-26 14:30:51.000000000,45.98961339740748
2026-03-26 14:58:05.000000000,107.66723090112727
2026-03-26 14:12:25.000000000,90.83438006509267
2026-03-26 14:56:23.000000000,29.21015610608462
2026-03-26 14:34:57.000000000,22.227350584707214
2026-03-26 14:10:11.000000000,28.693926792531524
2026-03-26 15:08:52.000000000,21.532480607189864
2026-03-26 15:56:06.000000000,22.353359787432037
2026-03-26 15:19:34.000000000,38.336204735420644
2026-03-26 15:28:51.000000000,23.09169238173978
2026-03-26 15:51:05.000000000,36.21133703167324
2026-03-26 15:58:43.000000000,48.158908767153484
2026-03-26 15:48:01.000000000,29.61569902907875
2026-03-26 15:17:40.000000000,18.300975728393283
2026-03-26 15:52:43.000000000,18.76910773135135
2026-03-26 15:46:43.000000000,24.95018875530071
2026-03-26 15:42:25.000000000,20.579161077163352
2026-03-26 15:53:13.000000000,22.506716293782794
2026-03-26 15:01:09.000000000,23.981723598268662
2026-03-26 15:49:18.000000000,43.750723907285725
2026-03-26 15:42:38.000000000,95.29648692940805
2026-03-26 15:48:02.000000000,52.36790123113463
2026-03-26 15:53:04.000000000,229.5918833210588
2026-03-26 15:01:56.000000000,52.54948212349452
2026-03-26 16:08:38.000000000,25.137225302453007
2026-03-26 16:39:29.000000000,23.99043511392813
2026-03-26 16:17:37.000000000,31.06063728371443
2026-03-26 16:45:24.000000000,114.39447691307221
2026-03-26 16:22:23.000000000,22.83293084668381
2026-03-26 16:11:50.000000000,27.176573330223754
2026-03-26 16:55:03.000000000,33.81224611550814
2026-03-26 16:28:35.000000000,33.80021301114859
2026-03-26 16:37:48.000000000,44.109228541482736
2026-03-26 16:12:29.000000000,32.54013880460238
2026-03-26 16:38:41.000000000,18.715553026953803
2026-03-26 16:45:33.000000000,107.95699505496603
2026-03-26 16:44:14.000000000,32.21055506785544
2026-03-26 16:03:00.000000000,107.12621392149634
2026-03-26 16:52:57.000000000,27.441543493090467
2026-03-26 16:24:37.000000000,20.445690989741383
2026-03-26 16:00:10.000000000,186.7464916686082
2026-03-26 17:20:15.000000000,38.007764664967766
2026-03-26 17:15:23.000000000,37.19158400246347
2026-03-26 17:52:41.000000000,23.012643646136663
2026-03-26 17:50:47.000000000,20.59491038586535
2026-03-26 17:32:23.000000000,27.225664735513643
2026-03-26 17:48:07.000000000,54.242401235783184
2026-03-26 17:08:19.000000000,39.20348134752043
2026-03-26 17:26:39.000000000,22.41691449772439
2026-03-26 17:48:17.000000000,24.799322539376938
2026-03-26 17:22:04.000000000,86.65717541341684
2026-03-26 17:41:27.000000000,27.27202631236364
2026-03-26 17:53:26.000000000,44.02986725114581
2026-03-26 17:08:44.000000000,24.850382252209922
2026-03-26 17:27:31.000000000,20.294239689073148
2026-03-26 17:10:48.000000000,18.030509123787155
2026-03-26 17:36:37.000000000,23.79840123777623
2026-03-26 17:27:46.000000000,53.54198692528461
2026-03-26 17:55:32.000000000,19.045309231281376
2026-03-26 17:19:48.000000000,18.479607866357288
2026-03-26 18:16:08.000000000,32.69053166280304
2026-03-26 18:07:28.000000000,19.126818061118822
2026-03-26 18:50:03.000000000,34.24893048970453
2026-03-26 18:31:01.000000000,12.618133910868385
2026-03-26 18:06:20.000000000,36.69051729122895
2026-03-26 18:34:44.000000000,24.70789702272999
2026-03-26 18:41:13.000000000,31.50788339462402
2026-03-26 18:39:42.000000000,31.57135602549803
2026-03-26 18:46:19.000000000,77.3240474299457
2026-03-26 18:48:36.000000000,20.132683003460322
2026-03-26 18:23:59.000000000,31.22972668922846
2026-03-26 18:46:55.000000000,23.91485032223321
2026-03-26 18:42:14.000000000,35.54222570010363
2026-03-26 18:17:11.000000000,38.24093868493957
2026-03-26 19:42:53.000000000,19.438971719388046
2026-03-26 19:35:55.000000000,25.26991817419076
2026-03-26 19:45:55.000000000,40.30453169251188
2026-03-26 19:06:03.000000000,49.43196021357344
2026-03-26 19:11:57.000000000,19.167298514227237
2026-03-26 19:00:18.000000000,18.88579849699593
2026-03-26 19:45:06.000000000,70.17077559272222
2026-03-26 19:44:22.000000000,24.881592458234625
2026-03-26 19:42:35.000000000,61.82685282789748
2026-03-26 19:10:31.000000000,22.13157532944119
2026-03-26 19:41:27.000000000,129.6337296138781
2026-03-26 19:37:23.000000000,14.007456098915243
2026-03-26 19:20:13.000000000,26.511555662877914
2026-03-26 19:00:38.000000000,23.768099017711307
2026-03-26 19:33:01.000000000,55.358838282090964
2026-03-26 19:58:40.000000000,25.402260301614927
2026-03-26 19:29:49.000000000,60.90466177898401
2026-03-26 19:33:26.000000000,20.50580396514727
2026-03-26 20:06:37.000000000,22.368325388694522
2026-03-26 20:38:32.000000000,29.158545809219145
2026-03-26 20:31:51.000000000,46.25498636955268
2026-03-26 20:05:54.000000000,33.361564293843465
2026-03-26 20:02:42.000000000,20.511799522985324
2026-03-26 20:20:07.000000000,25.622161446760224
2026-03-26 20:19:46.000000000,19.905637915545608
2026-03-26 20:03:40.000000000,48.81729369980033
2026-03-26 20:38:43.000000000,109.9122178967965
2026-03-26 20:32:03.000000000,18.669700918307374
2026-03-26 21:16:20.000000000,75.61532539999253
2026-03-26 21:24:44.000000000,55.65067377855224
2026-03-26 21:20:58.000000000,19.778051596175395
2026-03-26 21:58:08.000000000,23.05246147591404
2026-03-26 21:28:33.000000000,37.20481834256449
2026-03-26 21:17:41.000000000,36.8349825386371
2026-03-26 21:00:45.000000000,75.27636529912517
2026-03-26 21:45:18.000000000,60.08550334596349
2026-03-26 21:49:58.000000000,77.60082034817478
2026-03-26 21:34:44.000000000,38.93833306920238
2026-03-26 21:33:10.000000000,45.7028489241976
2026-03-26 21:41:17.000000000,45.509717712705964
2026-03-26 21:16:54.000000000,40.13718169756756
2026-03-26 21:51:08.000000000,34.95669693347725
2026-03-26 21:49:38.000000000,36.288195540441386
2026-03-26 22:02:07.000000000,73.4386190278914
2026-03-26 22:26:03.000000000,19.484262704363555
2026-03-26 22:53:19.000000000,16.910014116738267
2026-03-26 22:21:17.000000000,39.46538685082495
2026-03-26 22:24:47.000000000,41.327014987017954
2026-03-26 22:09:08.000000000,29.042579164356813
2026-03-26 22:13:54.000000000,17.48536618309649
2026-03-26 22:58:45.000000000,33.89585665067133
2026-03-26 22:00:57.000000000,33.80136225966522
2026-03-26 22:44:22.000000000,72.77170627884824
2026-03-26 22:34:17.000000000,38.68847936920518
2026-03-26 22:09:18.000000000,27.13018216679563
2026-03-26 22:58:00.000000000,29.317349966279227
2026-03-26 22:26:16.000000000,28.28777232957924
2026-03-26 22:02:56.000000000,102.28041049391562
2026-03-26 22:38:20.000000000,21.57125012875267
2026-03-26 22:21:00.000000000,48.91601144276504
2026-03-26 22:57:51.000000000,42.69052092369416
2026-03-26 22:56:57.000000000,20.760852412110967
2026-03-26 22:27:24.000000000,25.31325087231671
2026-03-26 23:29:32.000000000,33.3449785926091
2026-03-26 23:07:51.000000000,40.77737809054772
2026-03-26 23:14:33.000000000,57.70751423846227
2026-03-26 23:29:15.000000000,30.067505857181896
2026-03-26 23:08:33.000000000,39.883469556698806
2026-03-26 23:04:47.000000000,23.36614006701794
2026-03-26 23:20:19.000000000,35.83514955959383
2026-03-26 23:49:13.000000000,30.25168754002532
2026-03-26 23:19:26.000000000,48.910138853266446
2026-03-26 23:11:52.000000000,39.19083247751867
2026-03-26 23:21:36.000000000,40.14624737115965
2026-03-26 23:14:24.000000000,49.23266195299291
2026-03-26 23:57:16.000000000,23.684071906985313
2026-03-27 00:40:55.000000000,38.25430661625351
2026-03-27 00:31:54.000000000,54.43427680201491
2026-03-27 00:45:59.000000000,171.71855876326237
2026-03-27 00:39:48.000000000,26.134988193775264
2026-03-27 00:42:35.000000000,16.76970229378602
2026-03-27 00:40:48.000000000,23.555513856939278
2026-03-27 00:12:51.000000000,44.18904058242591
2026-03-27 00:26:15.000000000,24.433190073702516
2026-03-27 00:40:32.000000000,125.63655951927154
2026-03-27 01:35:51.000000000,47.336953857257875
2026-03-27 01:35:05.000000000,45.72448958539147
2026-03-27 01:32:21.000000000,101.87219829644435
2026-03-27 01:42:36.000000000,26.463182810376882
2026-03-27 01:30:27.000000000,19.550625220324857
2026-03-27 01:31:47.000000000,19.825643241371804
2026-03-27 01:02:37.000000000,26.047162389627196
2026-03-27 02:48:09.000000000,22.52367123356933
2026-03-27 02:16:21.000000000,40.38007406274971
2026-03-27 02:35:01.000000000,20.95563133763164
2026-03-27 02:50:59.000000000,38.04172381198316
2026-03-27 02:17:06.000000000,30.436292068387004
2026-03-27 02:56:54.000000000,42.96734744761239
2026-03-27 02:36:33.000000000,16.58570854963114
2026-03-27 03:43:31.000000000,20.003661409105153
2026-03-27 03:36:25.000000000,83.37284552518702
2026-03-27 03:58:45.000000000,48.40124148608674
2026-03-27 03:25:36.000000000,71.79084098369209
2026-03-27 03:14:47.000000000,36.34848956827712
2026-03-27 04:31:41.000000000,60.668840180957105
2026-03-27 04:09:49.000000000,53.12359329096653
2026-03-27 04:31:31.000000000,47.51418175461759
2026-03-27 04:41:23.000000000,33.92978908013379
2026-03-27 04:46:19.000000000,46.848043259730396
2026-03-27 04:19:19.000000000,60.38207017598276
2026-03-27 04:22:09.000000000,78.2970086055676
2026-03-27 05:25:11.000000000,50.14930987507455
2026-03-27 05:23:37.000000000,79.6034657761748
2026-03-27 05:46:34.000000000,38.15941020742068
2026-03-27 05:03:22.000000000,27.282511464144488
2026-03-27 05:34:59.000000000,23.671616306152124
2026-03-27 05:56:00.000000000,32.609402570394685
2026-03-27 05:12:43.000000000,82.75363187491816
2026-03-27 06:35:38.000000000,79.4783024811402
2026-03-27 06:58:00.000000000,49.26788804013322
2026-03-27 06:43:19.000000000,104.07642997728362
2026-03-27 06:05:36.000000000,32.70191545450702
2026-03-27 06:01:00.000000000,78.77304450215968
2026-03-27 06:10:08.000000000,76.37088904586821
2026-03-27 06:03:19.000000000,58.83148701939432
2026-03-27 07:03:55.000000000,33.641329217157114
2026-03-27 07:17:48.000000000,67.00415364269385
2026-03-27 07:51:47.000000000,45.50062467940017
2026-03-27 07:24:30.000000000,23.447768665045484
2026-03-27 07:45:18.000000000,24.005230917839096
2026-03-27 07:42:58.000000000,37.42810502288758
2026-03-27 07:17:29.000000000,20.27153461787115
2026-03-27 07:11:22.000000000,27.243070378249143
2026-03-27 07:27:54.000000000,19.571752775854645
2026-03-27 07:37:38.000000000,20.3118440172551
2026-03-27 07:10:18.000000000,17.74882315111773
2026-03-27 07:55:28.000000000,31.617488470632306
2026-03-27 07:09:03.000000000,71.67068264886215
2026-03-27 07:34:37.000000000,38.682923344365584
2026-03-27 07:29:17.000000000,27.729367167500406
2026-03-27 07:57:13.000000000,24.403958750221733
2026-03-27 07:32:46.000000000,30.389997571991554
2026-03-27 07:37:32.000000000,47.032005930886946
2026-03-27 08:06:10.000000000,25.56953375396923
2026-03-27 08:02:47.000000000,23.86485692457835
2026-03-27 08:25:46.000000000,133.95709273372427
2026-03-27 08:48:54.000000000,44.571852997443635
2026-03-27 08:52:27.000000000,30.618748403037753
2026-03-27 08:55:09.000000000,20.59992849313574
2026-03-27 08:12:03.000000000,36.46869400115515
2026-03-27 08:21:41.000000000,22.013182485521714
2026-03-27 08:41:54.000000000,24.494443700793266
2026-03-27 08:36:39.000000000,33.45204577947131
2026-03-27 08:26:32.000000000,28.194702884445
2026-03-27 08:09:47.000000000,31.053421267256486
2026-03-27 08:18:09.000000000,19.911069294268717
2026-03-27 08:54:02.000000000,64.39459380132129
2026-03-27 08:26:07.000000000,21.495997392849322
2026-03-27 08:42:22.000000000,19.06226056417932
2026-03-27 08:55:20.000000000,23.397113722557986
2026-03-27 08:12:37.000000000,41.604981914603066
2026-03-27 08:59:19.000000000,28.643127979855468
2026-03-27 08:39:48.000000000,33.23017394559901
2026-03-27 09:20:34.000000000,28.04855639481861
2026-03-27 09:19:31.000000000,55.09788504710661
2026-03-27 09:17:14.000000000,159.76272774047433
2026-03-27 09:59:19.000000000,18.605562804539726
2026-03-27 09:42:43.000000000,53.85326871464813
2026-03-27 09:20:27.000000000,40.665659757670376
2026-03-27 09:29:33.000000000,47.46803278949769
2026-03-27 09:23:14.000000000,60.754123500831255
2026-03-27 09:23:33.000000000,41.237076283919144
2026-03-27 09:41:35.000000000,33.52394929399214
2026-03-27 09:51:07.000000000,76.9100288231866
2026-03-27 09:43:46.000000000,31.182587322616858
2026-03-27 09:55:35.000000000,20.11034073871441
2026-03-27 09:17:15.000000000,34.14615951310335
2026-03-27 09:52:34.000000000,55.48742764084563
2026-03-27 10:31:11.000000000,33.79242905185114
2026-03-27 10:35:37.000000000,18.18334244470452
2026-03-27 10:39:49.000000000,26.222327625462352
2026-03-27 10:33:20.000000000,36.51779856467378
2026-03-27 10:05:22.000000000,42.94270120834222
2026-03-27 10:13:56.000000000,18.66746041497041
2026-03-27 10:47:08.000000000,44.3488677058178
2026-03-27 10:33:39.000000000,16.708819150364075
2026-03-27 10:11:04.000000000,39.03527313592761
2026-03-27 10:01:20.000000000,81.3744442071131
2026-03-27 11:25:46.000000000,25.575713019799995
2026-03-27 11:15:34.000000000,55.0638053590787
2026-03-27 11:20:35.000000000,21.419574826893864
2026-03-27 11:55:15.000000000,27.23625712137537
2026-03-27 11:53:44.000000000,37.1854270499051
2026-03-27 11:21:11.000000000,60.82714970887891
2026-03-27 11:49:02.000000000,32.61097279994105
2026-03-27 11:58:36.000000000,26.17439648488135
2026-03-27 11:43:09.000000000,34.026867870615796
2026-03-27 11:27:12.000000000,44.04557498309729
2026-03-27 11:32:47.000000000,32.15456627218285
2026-03-27 11:10:49.000000000,33.324718438662075
2026-03-27 11:23:27.000000000,23.794141697173387
2026-03-27 11:06:59.000000000,34.751017929587974
2026-03-27 12:23:13.000000000,47.46831545864956
2026-03-27 12:25:17.000000000,66.3003689036995
2026-03-27 12:44:47.000000000,47.65843528852823
2026-03-27 12:35:13.000000000,29.97742287729135
2026-03-27 12:54:51.000000000,29.48116764427603
2026-03-27 12:19:33.000000000,29.464600874751923
2026-03-27 12:02:47.000000000,46.937460379326666
2026-03-27 12:05:02.000000000,74.53264227545266
2026-03-27 12:15:47.000000000,33.76747147509614
2026-03-27 12:05:15.000000000,43.756080581759015
2026-03-27 12:25:41.000000000,25.201168734519197
2026-03-27 12:27:04.000000000,47.327914106657566
2026-03-27 13:42:12.000000000,27.125917410593882
2026-03-27 13:05:50.000000000,58.70577533507701
2026-03-27 13:07:02.000000000,27.45098056511031
2026-03-27 13:24:13.000000000,34.11283865128448
2026-03-27 13:14:07.000000000,31.371265514536866
2026-03-27 13:11:39.000000000,39.024295686313444
2026-03-27 13:22:14.000000000,21.874817611227602
2026-03-27 13:56:21.000000000,47.018306153777154
2026-03-27 13:57:50.000000000,80.23368930816842
2026-03-27 13:27:49.000000000,21.552021783074682
2026-03-27 13:51:40.000000000,22.055283658342933
2026-03-27 13:53:42.000000000,39.50720341453709
2026-03-27 13:36:53.000000000,75.14657519997921
2026-03-27 13:46:18.000000000,51.55948322120333
2026-03-27 13:11:23.000000000,33.586292627305525
2026-03-27 13:25:17.000000000,37.18181920546998
2026-03-27 13:04:20.000000000,39.62601895404736
2026-03-27 13:13:54.000000000,35.419138275540554
2026-03-27 13:37:14.000000000,44.76438806281894
2026-03-27 14:16:41.000000000,20.60806874274225
2026-03-27 14:37:48.000000000,33.81396565634778
2026-03-27 14:32:23.000000000,21.066631008402116
2026-03-27 14:37:38.000000000,28.608647989117653
2026-03-27 14:20:20.000000000,27.4391855212474
2026-03-27 14:42:52.000000000,27.156626655906056
2026-03-27 14:21:07.000000000,30.437950791315398
2026-03-27 14:42:00.000000000,38.52460015476917
2026-03-27 14:30:13.000000000,55.83006233649553
2026-03-27 14:44:12.000000000,20.555419793593696
2026-03-27 14:43:36.000000000,83.02466858331505
2026-03-27 14:56:46.000000000,37.49755980380309
2026-03-27 14:43:07.000000000,26.324017526729076
2026-03-27 14:09:49.000000000,43.53302167464996
2026-03-27 14:10:37.000000000,27.480769150432177
2026-03-27 14:50:29.000000000,22.008708798178727
2026-03-27 15:54:51.000000000,29.365903590992833
2026-03-27 15:34:45.000000000,27.945943845261965
2026-03-27 15:46:25.000000000,24.380701208668793
2026-03-27 15:24:14.000000000,30.89640761684434
2026-03-27 15:17:50.000000000,36.78940433464767
2026-03-27 15:15:09.000000000,43.442744240649674
2026-03-27 15:01:41.000000000,32.87165157261151
2026-03-27 15:22:49.000000000,140.7240787608878
2026-03-27 15:54:22.000000000,106.73432156915328
2026-03-27 15:48:59.000000000,28.943201937176536
2026-03-27 15:16:36.000000000,41.72598096764101
2026-03-27 15:45:25.000000000,20.629839182756818
2026-03-27 15:56:06.000000000,27.69384679691205
2026-03-27 15:30:04.000000000,19.445674864605618
2026-03-27 15:32:56.000000000,26.604470411274622
2026-03-27 15:50:55.000000000,69.79505886193628
2026-03-27 16:40:01.000000000,33.943438264802445
2026-03-27 16:53:14.000000000,51.519027885743306
2026-03-27 16:00:24.000000000,28.61219474594618
2026-03-27 16:27:24.000000000,42.52172322028696
2026-03-27 16:56:38.000000000,64.4332749929647
2026-03-27 16:31:17.000000000,74.56905394923622
2026-03-27 16:05:09.000000000,66.13194787741078
2026-03-27 16:20:23.000000000,40.35834632300834
2026-03-27 16:05:49.000000000,21.163396923146387
2026-03-27 16:57:26.000000000,93.86604559166314
2026-03-27 16:49:41.000000000,54.17622860499409
2026-03-27 16:16:19.000000000,19.379761153312312
2026-03-27 16:06:16.000000000,52.45606909282774
2026-03-27 16:09:27.000000000,22.672281367736037
2026-03-27 16:40:56.000000000,30.405097891697334
2026-03-27 16:00:13.000000000,46.11167910465639
2026-03-27 16:53:35.000000000,24.692726427282782
2026-03-27 16:57:53.000000000,30.857597517197963
2026-03-27 16:12:04.000000000,81.06512481250778
2026-03-27 16:38:49.000000000,35.99328240714536
2026-03-27 16:31:52.000000000,20.496305569770545
2026-03-27 16:04:52.000000000,111.48420734349844
2026-03-27 17:00:44.000000000,42.26495901864873
2026-03-27 17:14:29.000000000,35.0567266980358
2026-03-27 17:12:00.000000000,18.347260501770396
2026-03-27 17:35:26.000000000,159.52756983286
2026-03-27 17:59:58.000000000,22.863608775239985
2026-03-27 17:56:57.000000000,45.84453626137876
2026-03-27 17:24:34.000000000,31.932282252380528
2026-03-27 17:52:40.000000000,32.44438607712731
2026-03-27 17:59:12.000000000,38.40640194730032
2026-03-27 17:24:38.000000000,16.200835334585914
2026-03-27 17:00:58.000000000,35.02284048007995
2026-03-27 17:04:28.000000000,24.31001506229623
2026-03-27 17:17:41.000000000,19.891717727942105
2026-03-27 17:26:29.000000000,21.212092767915248
2026-03-27 17:16:31.000000000,39.74921721285296
2026-03-27 17:27:25.000000000,21.022036214862023
2026-03-27 17:19:09.000000000,19.8763345269617
2026-03-27 17:59:10.000000000,33.83775274198328
2026-03-27 18:47:56.000000000,79.91972460629721
2026-03-27 18:17:22.000000000,44.68897596586273
2026-03-27 18:09:46.000000000,29.670975773398833
2026-03-27 18:34:00.000000000,20.544727578897803
2026-03-27 18:30:19.000000000,16.997654220115407
2026-03-27 18:18:29.000000000,20.338599596102373
2026-03-27 18:29:44.000000000,20.031306550561577
2026-03-27 18:34:48.000000000,17.399305787991
2026-03-27 18:08:49.000000000,28.79129864581067
2026-03-27 18:37:25.000000000,29.37937791050712
2026-03-27 18:08:54.000000000,27.23068341532917
2026-03-27 18:35:26.000000000,22.841316040769197
2026-03-27 18:05:20.000000000,49.92272590157199
2026-03-27 18:38:06.000000000,20.383823316982753
2026-03-27 18:53:27.000000000,25.40921167752289
2026-03-27 18:44:07.000000000,22.839394810413435
2026-03-27 18:42:23.000000000,30.954248699626728
2026-03-27 18:37:02.000000000,53.87773790423119
2026-03-27 18:56:55.000000000,25.301824322637362
2026-03-27 18:29:14.000000000,20.73906423611466
2026-03-27 18:54:26.000000000,21.6046624353182
2026-03-27 18:02:46.000000000,42.13510950727865
2026-03-27 18:05:46.000000000,21.855199532348824
2026-03-27 18:55:21.000000000,21.368423971045903
2026-03-27 18:50:46.000000000,40.35119949762174
2026-03-27 18:18:52.000000000,26.292995405210828
2026-03-27 18:25:02.000000000,34.411618177746824
2026-03-27 18:52:53.000000000,26.048159892617637
2026-03-27 18:41:05.000000000,20.55523281564466
2026-03-27 18:20:30.000000000,23.543061332287778
2026-03-27 18:10:27.000000000,36.2512299446281
2026-03-27 18:51:12.000000000,19.283048191932775
2026-03-27 18:58:46.000000000,22.669212321713047
2026-03-27 18:20:02.000000000,37.248689792818695
2026-03-27 18:11:52.000000000,53.73118893981568
2026-03-27 19:34:58.000000000,17.399215022791264
2026-03-27 19:22:20.000000000,50.999995991789
2026-03-27 19:36:25.000000000,25.573471070231356
2026-03-27 19:18:18.000000000,29.65397091735152
2026-03-27 19:43:23.000000000,29.77256553661312
2026-03-27 19:14:31.000000000,22.872647115859
2026-03-27 19:15:54.000000000,75.24373072823498
2026-03-27 19:16:20.000000000,19.95129270222488
2026-03-27 19:01:49.000000000,79.31870190531106
2026-03-27 19:35:19.000000000,21.718108461562192
2026-03-27 19:32:17.000000000,17.335174347595313
2026-03-27 19:28:41.000000000,24.098831846779614
2026-03-27 19:52:56.000000000,28.94306066311661
2026-03-27 19:03:51.000000000,15.60109757855861
2026-03-27 19:54:44.000000000,18.447945467406473
2026-03-27 19:08:27.000000000,23.26911333591769
2026-03-27 19:07:11.000000000,20.026736886392243
2026-03-27 19:03:39.000000000,18.01048135554853
2026-03-27 19:33:56.000000000,42.44636070058589
2026-03-27 19:49:55.000000000,19.258923861929297
2026-03-27 20:48:40.000000000,57.02036732699257
2026-03-27 20:27:21.000000000,26.75172496545986
2026-03-27 20:05:52.000000000,40.83745567736061
2026-03-27 20:11:16.000000000,30.86725354664348
2026-03-27 20:10:31.000000000,29.539800536728006
2026-03-27 20:23:36.000000000,49.2915425803781
2026-03-27 20:28:30.000000000,22.131754941732698
2026-03-27 20:44:09.000000000,51.08666581188087
2026-03-27 20:13:58.000000000,23.102537595939758
2026-03-27 20:46:24.000000000,57.73651368600267
2026-03-27 20:14:30.000000000,35.15749613075133
2026-03-27 20:15:44.000000000,26.841051233480314
2026-03-27 20:45:25.000000000,30.589660931366996
2026-03-27 20:47:01.000000000,26.531999855393796
2026-03-27 20:22:05.000000000,20.095756296979257
2026-03-27 20:23:13.000000000,23.60009309966592
2026-03-27 20:47:45.000000000,20.271077281541675
2026-03-27 20:57:31.000000000,30.423382055400438
2026-03-27 20:43:46.000000000,21.77733707323961
2026-03-27 20:17:39.000000000,19.53837144237167
2026-03-27 20:15:46.000000000,35.269748697445245
2026-03-27 20:47:39.000000000,30.93815389448274
2026-03-27 20:45:30.000000000,25.53654687298458
2026-03-27 20:10:05.000000000,31.870964029330384
2026-03-27 20:47:05.000000000,51.24224083170633
2026-03-27 21:26:05.000000000,22.072296300808464
2026-03-27 21:30:52.000000000,38.27723317942751
2026-03-27 21:31:42.000000000,24.00926009735116
2026-03-27 21:56:34.000000000,25.055382239450747
2026-03-27 21:49:33.000000000,50.921706418785654
2026-03-27 21:58:14.000000000,78.60536056016814
2026-03-27 21:35:58.000000000,35.25147571211064
2026-03-27 21:11:11.000000000,29.244356880756815
2026-03-27 21:37:17.000000000,34.18818229874281
2026-03-27 21:28:48.000000000,58.89780636357989
2026-03-27 21:14:35.000000000,36.31152646604826
2026-03-27 21:23:38.000000000,30.411314909479994
2026-03-27 21:17:53.000000000,20.65301312931389
2026-03-27 21:13:44.000000000,16.98827864022671
2026-03-27 21:27:54.000000000,70.16325910530726
2026-03-27 21:26:54.000000000,34.844731300240696
2026-03-27 21:34:10.000000000,23.135952853312627
2026-03-27 21:15:07.000000000,29.395238386202088
2026-03-27 21:48:50.000000000,169.59089957129265
2026-03-27 21:51:23.000000000,94.72590393847132
2026-03-27 21:57:48.000000000,24.485648980360093
2026-03-27 21:08:22.000000000,24.034873060322663
2026-03-27 21:12:24.000000000,24.240344565135235
2026-03-27 21:53:27.000000000,24.4005415621009
2026-03-27 21:10:55.000000000,35.34217818445541
2026-03-27 21:17:10.000000000,43.987700724833914
2026-03-27 21:57:35.000000000,34.572644977667615
2026-03-27 21:56:31.000000000,161.07010609234308
2026-03-27 22:54:59.000000000,23.191999953678216
2026-03-27 22:00:48.000000000,18.697182122982216
2026-03-27 22:29:13.000000000,37.89504979775621
2026-03-27 22:27:09.000000000,19.984534930638997
2026-03-27 22:56:11.000000000,251.580309186386
2026-03-27 22:03:44.000000000,25.393234057755
2026-03-27 22:13:21.000000000,24.069516812484746
2026-03-27 22:34:36.000000000,32.11762127513174
2026-03-27 22:42:16.000000000,33.9514982322714
2026-03-27 22:15:43.000000000,47.316826400261284
2026-03-27 22:16:12.000000000,46.447241384576174
2026-03-27 22:51:57.000000000,34.21252501157736
2026-03-27 22:58:04.000000000,34.68952286545955
2026-03-27 22:29:24.000000000,26.980666279635447
2026-03-27 22:08:42.000000000,33.43316442905637
2026-03-27 22:38:51.000000000,53.103528278456174
2026-03-27 23:46:12.000000000,68.15232463109841
2026-03-27 23:01:57.000000000,37.685220442741695
2026-03-27 23:55:52.000000000,23.36302280241325
2026-03-27 23:52:31.000000000,33.16353389885006
2026-03-27 23:18:08.000000000,24.479450695051877
2026-03-27 23:42:57.000000000,20.81410007078591
2026-03-27 23:21:12.000000000,34.97126498017798
2026-03-27 23:16:31.000000000,24.851115967633024
2026-03-27 23:03:02.000000000,34.546747398899306
2026-03-27 23:18:25.000000000,20.65118596433624
2026-03-27 23:13:50.000000000,47.93409037735064
2026-03-27 23:54:47.000000000,28.527371020939132
2026-03-27 23:37:58.000000000,43.486719243039126
2026-03-27 23:21:49.000000000,20.499906771421596
2026-03-27 23:39:24.000000000,25.03190059282235
2026-03-27 23:05:28.000000000,37.66300475145551
2026-03-27 23:51:34.000000000,18.732640883732106
2026-03-27 23:01:00.000000000,39.05807431376618
2026-03-27 23:15:25.000000000,27.57720806765681
2026-03-27 23:16:53.000000000,20.060675713126194
2026-03-27 23:01:21.000000000,25.78974514823473
2026-03-27 23:46:18.000000000,34.07276865413966
2026-03-27 23:50:18.000000000,21.598305901049034
2026-03-27 23:29:17.000000000,38.31181392537697
2026-03-28 00:37:58.000000000,46.771624812122646
2026-03-28 00:03:19.000000000,28.976586231298928
2026-03-28 00:10:43.000000000,25.9627148711191
2026-03-28 00:57:25.000000000,25.96061190447067
2026-03-28 00:23:01.000000000,54.00772163032371
2026-03-28 00:55:39.000000000,29.915578075142417
2026-03-28 00:28:39.000000000,17.433656030168603
2026-03-28 00:16:31.000000000,49.52291470766682
2026-03-28 00:15:38.000000000,19.765604161178434
2026-03-28 00:36:14.000000000,25.84245718047418
2026-03-28 00:07:39.000000000,40.92638280772187
2026-03-28 00:37:44.000000000,27.87650042518464
2026-03-28 00:51:07.000000000,42.42359415157424
2026-03-28 01:38:35.000000000,25.56332756521208
2026-03-28 01:55:54.000000000,27.427265222818637
2026-03-28 01:47:07.000000000,29.06320761617169
2026-03-28 01:15:04.000000000,20.464979541690333
2026-03-28 01:30:21.000000000,28.455482641621504
2026-03-28 01:29:52.000000000,26.348373311953015
2026-03-28 01:59:11.000000000,24.404225361624807
2026-03-28 02:04:19.000000000,29.8440742937735
2026-03-28 02:06:28.000000000,23.57260735183056
2026-03-28 02:11:07.000000000,23.714887632034785
2026-03-28 02:12:16.000000000,30.922681415489638
2026-03-28 02:27:50.000000000,33.00000976092812
2026-03-28 02:05:40.000000000,36.736093113821575
2026-03-28 02:01:24.000000000,20.641277121061197
2026-03-28 03:48:18.000000000,26.815902092151195
2026-03-28 03:30:27.000000000,20.87918140323689
2026-03-28 03:53:48.000000000,36.05832536717716
2026-03-28 03:25:59.000000000,28.86223244368338
2026-03-28 03:08:52.000000000,33.092756186495365
2026-03-28 03:03:22.000000000,32.871100944785795
2026-03-28 03:13:40.000000000,24.695839400872224
2026-03-28 03:12:03.000000000,71.2152556015559
2026-03-28 03:56:52.000000000,32.57973338083872
2026-03-28 03:57:03.000000000,25.293911776653786
2026-03-28 03:06:10.000000000,39.87616547209676
2026-03-28 04:14:27.000000000,85.83509457502176
2026-03-28 04:30:48.000000000,19.35254956598443
2026-03-28 04:25:30.000000000,26.3617890987675
2026-03-28 04:01:00.000000000,111.72503992086261
2026-03-28 04:52:56.000000000,20.799494321054187
2026-03-28 05:48:41.000000000,19.973920498386295
2026-03-28 06:20:16.000000000,75.19638648043522
2026-03-28 06:26:15.000000000,34.65119956031666
2026-03-28 06:53:07.000000000,23.37733913643512
2026-03-28 06:34:13.000000000,69.68785005883521
2026-03-28 06:32:11.000000000,39.856791250366506
2026-03-28 07:43:44.000000000,19.880594010968252
2026-03-28 07:34:50.000000000,28.381638343165992
2026-03-28 07:55:34.000000000,27.561784603961964
2026-03-28 07:50:42.000000000,31.35331167070977
2026-03-28 07:25:29.000000000,26.89650484796537
2026-03-28 07:50:52.000000000,46.23804426472647
2026-03-28 07:01:24.000000000,26.69428462121034
2026-03-28 07:55:57.000000000,84.06794078531492
2026-03-28 07:52:20.000000000,74.9577221589283
2026-03-28 07:53:16.000000000,19.348695789961265
2026-03-28 07:38:27.000000000,69.50052459865123
2026-03-28 07:12:46.000000000,37.31195288555292
2026-03-28 07:44:14.000000000,49.62844088357262
2026-03-28 07:29:33.000000000,71.74067105947702
2026-03-28 08:53:57.000000000,25.51313302097085
2026-03-28 08:51:02.000000000,25.72116133098081
2026-03-28 08:02:09.000000000,26.516163487276774
2026-03-28 08:30:22.000000000,32.99617476619088
2026-03-28 08:35:02.000000000,18.392028667143922
2026-03-28 08:32:36.000000000,29.108359520685713
2026-03-28 08:42:28.000000000,28.164105742924907
2026-03-28 08:50:29.000000000,45.941564786705186
2026-03-28 08:50:49.000000000,23.22399831689499
2026-03-28 09:40:06.000000000,134.5772721607606
2026-03-28 09:40:03.000000000,17.907052082711772
2026-03-28 09:30:27.000000000,35.90706298696283
2026-03-28 09:03:48.000000000,26.16048947876074
2026-03-28 09:02:43.000000000,40.08469177083963
2026-03-28 09:33:14.000000000,48.32929444671027
2026-03-28 09:35:13.000000000,24.85165401925234
2026-03-28 09:43:34.000000000,24.808546114329335
2026-03-28 09:37:13.000000000,30.210862530741434
2026-03-28 09:57:50.000000000,45.72679112176028
2026-03-28 09:19:23.000000000,23.874403679874334
2026-03-28 09:26:09.000000000,24.057802531605788
2026-03-28 09:50:28.000000000,23.907269507645218
2026-03-28 09:30:23.000000000,17.615259537596934
2026-03-28 10:40:51.000000000,20.59142617035658
2026-03-28 10:00:07.000000000,26.702525375790504
2026-03-28 10:03:56.000000000,70.25116295780546
2026-03-28 10:19:25.000000000,18.38411582872462
2026-03-28 10:41:50.000000000,30.040065640615342
2026-03-28 10:05:27.000000000,19.80217639657766
2026-03-28 10:01:46.000000000,23.287611974419054
2026-03-28 10:54:50.000000000,21.243321380374137
2026-03-28 10:35:15.000000000,23.897453910924774
2026-03-28 10:32:16.000000000,32.84289110755433
2026-03-28 10:48:19.000000000,19.261491928899556
2026-03-28 11:14:51.000000000,26.434604773264876
2026-03-28 11:08:41.000000000,27.733864288786787
2026-03-28 11:10:20.000000000,127.09089096391435
2026-03-28 11:57:42.000000000,24.81815140494582
2026-03-28 11:59:47.000000000,42.952099458022154
2026-03-28 11:51:42.000000000,26.554596953589083
2026-03-28 11:49:34.000000000,31.55889123852862
2026-03-28 11:27:53.000000000,54.795211139132135
2026-03-28 11:41:56.000000000,45.042750288905935
2026-03-28 11:07:32.000000000,52.13033803281515
2026-03-28 11:25:29.000000000,21.370011914493173
2026-03-28 11:24:25.000000000,30.199038231519058
2026-03-28 11:54:09.000000000,23.35453016095271
2026-03-28 12:41:21.000000000,37.520999720597715
2026-03-28 12:30:03.000000000,45.997801519806806
2026-03-28 12:32:22.000000000,35.08457096907567
2026-03-28 12:28:14.000000000,73.92705966500104
2026-03-28 12:18:04.000000000,28.784491600271
2026-03-28 12:17:37.000000000,29.17512466744026
2026-03-28 12:58:44.000000000,21.375814352743657
2026-03-28 12:47:36.000000000,23.080399537275717
2026-03-28 12:26:39.000000000,27.120944561553063
2026-03-28 12:53:53.000000000,24.153292760725396
2026-03-28 12:46:42.000000000,66.82892762724393
2026-03-28 12:33:49.000000000,38.09265712343901
2026-03-28 13:52:11.000000000,22.482449522106275
2026-03-28 13:14:13.000000000,36.537913253918674
2026-03-28 13:28:41.000000000,31.68128941011133
2026-03-28 13:46:08.000000000,18.607937479429207
2026-03-28 13:46:49.000000000,81.78376720599591
2026-03-28 13:22:55.000000000,43.29753826976593
2026-03-28 13:53:41.000000000,45.553127805978676
2026-03-28 13:08:45.000000000,118.1744270411745
2026-03-28 13:18:00.000000000,53.67381244310987
2026-03-28 13:00:39.000000000,24.799384736725976
2026-03-28 13:17:39.000000000,56.60878767360996
2026-03-28 13:35:03.000000000,24.033098531686168
2026-03-28 13:55:56.000000000,42.16700107260184
2026-03-28 13:20:44.000000000,19.66839939844137
2026-03-28 13:35:35.000000000,45.42339555750603
2026-03-28 14:25:17.000000000,55.65161035412001
2026-03-28 14:00:07.000000000,33.201083502127844
2026-03-28 14:33:05.000000000,31.808842883967582
2026-03-28 14:10:27.000000000,29.594226039628413
2026-03-28 14:13:13.000000000,88.84708164077982
2026-03-28 14:14:12.000000000,61.61897048328352
2026-03-28 14:43:24.000000000,19.960877627586555
2026-03-28 14:54:01.000000000,74.27298901991966
2026-03-28 14:09:32.000000000,24.338982225019247
2026-03-28 14:21:21.000000000,42.429972086239964
2026-03-28 14:21:26.000000000,28.161581704501014
2026-03-28 14:52:46.000000000,21.571010853655476
2026-03-28 14:29:38.000000000,39.021322737733136
2026-03-28 14:48:07.000000000,67.90497299234704
2026-03-28 14:28:20.000000000,19.02727132359792
2026-03-28 14:03:49.000000000,16.94794222318194
2026-03-28 14:49:01.000000000,31.027270639903524
2026-03-28 14:52:38.000000000,22.902267891791098
2026-03-28 14:15:58.000000000,34.914577670302215
2026-03-28 14:06:06.000000000,40.78616209490914
2026-03-28 14:21:34.000000000,28.1907160739485
2026-03-28 14:39:21.000000000,47.85809179673968
2026-03-28 14:33:08.000000000,35.781955574443806
2026-03-28 14:45:19.000000000,31.205799483597627
2026-03-28 15:34:06.000000000,36.204772406832966
2026-03-28 15:06:56.000000000,24.966121520215285
2026-03-28 15:23:11.000000000,36.090897349062224
2026-03-28 15:05:51.000000000,24.868586851949136
2026-03-28 15:00:06.000000000,66.36856055503172
2026-03-28 15:25:44.000000000,24.016779350366146
2026-03-28 15:22:17.000000000,17.191989787474892
2026-03-28 15:13:30.000000000,45.32113109582023
2026-03-28 15:35:12.000000000,41.369585609520264
2026-03-28 15:49:53.000000000,26.73523139757103
2026-03-28 15:52:40.000000000,27.784538071306184
2026-03-28 15:15:40.000000000,45.72255746956467
2026-03-28 15:09:06.000000000,38.75552371242986
2026-03-28 15:28:14.000000000,40.94961408399059
2026-03-28 15:45:07.000000000,27.067679727906356
2026-03-28 15:57:45.000000000,28.08007652708788
2026-03-28 15:49:36.000000000,37.085647527679996
2026-03-28 15:27:52.000000000,30.0352739803462
2026-03-28 15:50:35.000000000,70.18948718666896
2026-03-28 15:08:22.000000000,20.990153475178676
2026-03-28 15:06:40.000000000,20.740873450649776
2026-03-28 16:24:42.000000000,27.24783691594394
2026-03-28 16:23:20.000000000,28.310750015367613
2026-03-28 16:25:06.000000000,43.626925296107444
2026-03-28 16:36:26.000000000,19.318219346160657
2026-03-28 16:44:25.000000000,54.971283905104066
2026-03-28 16:12:30.000000000,28.46414464986956
2026-03-28 16:41:48.000000000,22.1225984596715
2026-03-28 16:58:53.000000000,16.307510412630275
2026-03-28 16:58:25.000000000,18.55197264229561
2026-03-28 16:17:11.000000000,20.84781340420429
2026-03-28 16:35:13.000000000,43.40376806765352
2026-03-28 16:45:10.000000000,25.592082495560856
2026-03-28 16:09:12.000000000,24.14512237334444
2026-03-28 16:01:37.000000000,116.3816461559749
2026-03-28 16:50:21.000000000,24.471710306294288
2026-03-28 16:48:05.000000000,19.05211312182313
2026-03-28 16:32:00.000000000,29.628800964440654
2026-03-28 16:48:19.000000000,23.326655724995238
2026-03-28 16:07:13.000000000,40.41317426668684
2026-03-28 16:27:03.000000000,26.16253308943466
2026-03-28 17:32:47.000000000,40.500989796514396
2026-03-28 17:59:09.000000000,28.91101647305414
2026-03-28 17:46:14.000000000,30.020684942176953
2026-03-28 17:06:08.000000000,21.62433199814191
2026-03-28 17:44:15.000000000,47.346400237135036
2026-03-28 17:42:42.000000000,39.70619113152083
2026-03-28 17:11:05.000000000,28.980682880477065
2026-03-28 17:19:15.000000000,25.622455194208026
2026-03-28 17:00:57.000000000,22.7000241362198
2026-03-28 17:15:18.000000000,21.364431049374137
2026-03-28 17:43:20.000000000,27.989021485242045
2026-03-28 17:48:46.000000000,35.923639753261604
2026-03-28 17:44:16.000000000,23.91032572137375
2026-03-28 17:02:58.000000000,28.013970663401242
2026-03-28 17:46:40.000000000,28.487607899927053
2026-03-28 17:46:17.000000000,40.71399918440152
2026-03-28 17:52:42.000000000,22.942345263739167
2026-03-28 17:13:09.000000000,25.275097278917105
2026-03-28 17:46:48.000000000,29.6552069470353
2026-03-28 17:35:22.000000000,39.766593291311644
2026-03-28 17:50:57.000000000,33.756130267458815
2026-03-28 17:22:41.000000000,22.607848054682147
2026-03-28 17:04:31.000000000,152.46369068628653
2026-03-28 18:21:01.000000000,29.50806978050011
2026-03-28 18:00:51.000000000,18.373148572010304
2026-03-28 18:58:22.000000000,64.60150931568373
2026-03-28 18:24:57.000000000,21.648456430721435
2026-03-28 18:33:24.000000000,41.83143555654299
2026-03-28 18:48:51.000000000,50.607280381732
2026-03-28 18:17:55.000000000,28.665015723282988
2026-03-28 18:32:09.000000000,91.79316492309938
2026-03-28 18:40:30.000000000,24.202824846427326
2026-03-28 18:49:46.000000000,45.306552895557566
2026-03-28 18:45:51.000000000,60.373043867031384
2026-03-28 18:25:28.000000000,31.230115687722776
2026-03-28 18:07:35.000000000,26.7729628872039
2026-03-28 18:41:04.000000000,21.68925497332579
2026-03-28 18:24:44.000000000,28.896277373114774
2026-03-28 18:40:39.000000000,18.282649254909817
2026-03-28 18:02:33.000000000,183.90438291759952
2026-03-28 18:32:33.000000000,23.19670939830245
2026-03-28 18:22:11.000000000,38.83616409760709
2026-03-28 19:36:03.000000000,80.05142114533426
2026-03-28 19:59:01.000000000,20.55225819816812
2026-03-28 19:48:42.000000000,24.23639243657844
2026-03-28 19:41:57.000000000,24.741740063670267
2026-03-28 19:41:43.000000000,23.48644000205329
2026-03-28 19:34:56.000000000,20.680295420578947
2026-03-28 19:43:41.000000000,35.76787756397719
2026-03-28 19:03:50.000000000,29.25724396450968
2026-03-28 19:20:25.000000000,23.13499434264627
2026-03-28 19:43:31.000000000,21.70308636640535
2026-03-28 19:39:26.000000000,22.399927533867444
2026-03-28 19:55:44.000000000,33.29028526654813
2026-03-28 19:40:02.000000000,42.6397210342304
2026-03-28 19:08:15.000000000,40.854045385971766
2026-03-28 19:00:33.000000000,52.966222404055195
2026-03-28 19:18:19.000000000,26.71351960273954
2026-03-28 19:44:10.000000000,17.186380874989496
2026-03-28 20:51:16.000000000,33.13852260965315
2026-03-28 20:06:42.000000000,30.46909241394535
2026-03-28 20:41:13.000000000,47.051323640829224
2026-03-28 20:59:11.000000000,38.250608509653
2026-03-28 20:55:34.000000000,27.635161001635883
2026-03-28 20:01:18.000000000,25.772453647017397
2026-03-28 20:29:38.000000000,36.76194794460161
2026-03-28 20:50:33.000000000,53.24538163641654
2026-03-28 20:13:23.000000000,60.20053158403013
2026-03-28 20:47:54.000000000,41.156139560227864
2026-03-28 20:20:55.000000000,20.515363967470112
2026-03-28 20:17:11.000000000,19.29806909608107
2026-03-28 20:55:35.000000000,28.969774331739004
2026-03-28 20:09:21.000000000,40.9973723861774
2026-03-28 20:19:17.000000000,34.992744762696866
2026-03-28 20:23:23.000000000,22.71597000896818
2026-03-28 20:05:54.000000000,29.083035065132325
2026-03-28 21:43:43.000000000,28.460477040911503
2026-03-28 21:08:21.000000000,32.68961571041086
2026-03-28 21:02:00.000000000,28.230579609240355
2026-03-28 21:58:32.000000000,22.19804891808575
2026-03-28 21:46:47.000000000,31.091010399599117
2026-03-28 21:04:14.000000000,39.15825872278993
2026-03-28 21:15:17.000000000,51.308800124134336
2026-03-28 21:02:30.000000000,50.963607902500044
2026-03-28 21:28:04.000000000,20.42386532289917
2026-03-28 21:53:57.000000000,50.31339459977222
2026-03-28 21:56:24.000000000,37.13511776618305
2026-03-28 21:39:32.000000000,57.3968948808031
2026-03-28 21:20:51.000000000,20.635935837215452
2026-03-28 21:36:14.000000000,44.35159848641095
2026-03-28 21:54:54.000000000,42.53322960493295
2026-03-28 21:14:12.000000000,20.332610963904383
2026-03-28 21:14:48.000000000,26.67045264174175
2026-03-28 21:03:06.000000000,23.8609355542818
2026-03-28 21:04:51.000000000,58.65284860215464
2026-03-28 21:13:10.000000000,24.61200021669178
2026-03-28 21:13:59.000000000,23.997820735279813
2026-03-28 21:06:09.000000000,27.25996394993732
2026-03-28 21:37:05.000000000,99.52629366325375
2026-03-28 21:41:47.000000000,25.3126891244397
2026-03-28 22:45:38.000000000,29.4943213927837
2026-03-28 22:39:18.000000000,26.61062098155166
2026-03-28 22:17:35.000000000,30.607470260619113
2026-03-28 22:57:38.000000000,38.478904406850916
2026-03-28 22:12:10.000000000,24.37930664782108
2026-03-28 22:57:10.000000000,26.02939493271322
2026-03-28 22:13:50.000000000,37.95575325144147
2026-03-28 22:04:31.000000000,55.23996348293796
2026-03-28 22:01:12.000000000,29.916009763394516
2026-03-28 22:34:36.000000000,56.19944754931677
2026-03-28 22:14:15.000000000,27.43787370166832
2026-03-28 22:29:07.000000000,21.33927550748153
2026-03-28 22:34:36.000000000,88.92233874269198
2026-03-28 22:19:14.000000000,35.88770463108192
2026-03-28 22:20:40.000000000,45.161520987007286
2026-03-28 22:39:09.000000000,29.376828130531653
2026-03-28 22:02:03.000000000,26.959381691251643
2026-03-28 22:12:36.000000000,20.411260905658363
2026-03-28 22:58:18.000000000,36.86592777709857
2026-03-28 22:38:22.000000000,48.739576744777125
2026-03-28 22:38:41.000000000,24.14816632477523
2026-03-28 22:43:55.000000000,31.57980581005835
2026-03-28 22:25:14.000000000,27.498423855194712
2026-03-28 22:49:20.000000000,23.23775732500037
2026-03-28 22:40:44.000000000,23.12955878776673
2026-03-28 22:43:58.000000000,24.360660614613078
2026-03-28 23:51:29.000000000,22.88135744834965
2026-03-28 23:41:57.000000000,35.08813355148257
2026-03-28 23:28:40.000000000,33.50033912151918
2026-03-28 23:58:06.000000000,73.05723408411723
2026-03-28 23:22:05.000000000,28.702220033305696
2026-03-28 23:35:19.000000000,27.854060619672342
2026-03-28 23:05:38.000000000,18.92555026346758
2026-03-28 23:09:09.000000000,52.31466929777645
2026-03-28 23:09:34.000000000,52.490848055716604
2026-03-28 23:09:28.000000000,42.24043571716006
2026-03-28 23:13:59.000000000,32.279976816843835
2026-03-28 23:07:38.000000000,17.394942338842792
2026-03-28 23:53:35.000000000,32.459972908364286
2026-03-28 23:25:59.000000000,56.64198681182349
2026-03-28 23:01:18.000000000,48.175899918856906
2026-03-28 23:40:00.000000000,42.39935659839923
2026-03-28 23:40:45.000000000,58.9434573903623
2026-03-28 23:35:23.000000000,25.81125898480365
2026-03-28 23:00:32.000000000,66.0813587464846
2026-03-28 23:31:44.000000000,20.812026485434135
2026-03-28 23:55:51.000000000,18.457156485401033
2026-03-28 23:39:48.000000000,15.148700272424298
2026-03-28 23:04:59.000000000,15.93081854869238
2026-03-28 23:00:40.000000000,30.580867639545634
2026-03-29 00:22:06.000000000,14.774222563113456
2026-03-29 00:12:46.000000000,41.04235203993297
2026-03-29 00:27:36.000000000,25.996607013266154
2026-03-29 00:39:08.000000000,18.717731696224988
2026-03-29 00:11:02.000000000,20.195367098483995
2026-03-29 00:29:40.000000000,41.09866263526411
2026-03-29 00:26:23.000000000,40.566498515617056
2026-03-29 00:52:23.000000000,25.866014663993674
2026-03-29 00:08:41.000000000,25.204796477498103
2026-03-29 00:09:30.000000000,36.330232868087855
2026-03-29 00:02:43.000000000,19.993881360104872
2026-03-29 00:00:58.000000000,48.111261218178555
2026-03-29 00:45:27.000000000,36.072673231348595
2026-03-29 00:03:17.000000000,22.527587014085118
2026-03-29 00:22:06.000000000,23.237982472555945
2026-03-29 00:37:15.000000000,24.77275668866077
2026-03-29 00:17:07.000000000,113.76856821980265
2026-03-29 00:58:59.000000000,14.71103988880939
2026-03-29 00:19:45.000000000,26.52869540935077
2026-03-29 00:11:02.000000000,47.05619535430666
2026-03-29 00:37:38.000000000,61.37209944053551
2026-03-29 00:34:27.000000000,31.90561650125365
2026-03-29 00:44:23.000000000,52.46582186265503
2026-03-29 00:39:52.000000000,60.8323832157531
2026-03-29 01:19:21.000000000,23.07217949858052
2026-03-29 01:05:12.000000000,37.95383213041517
2026-03-29 01:57:32.000000000,18.06738009249509
2026-03-29 01:03:36.000000000,37.9984146470674
2026-03-29 01:04:46.000000000,173.1266892655903
2026-03-29 01:20:42.000000000,23.716560541140577
2026-03-29 01:34:53.000000000,58.146779923402235
2026-03-29 01:05:02.000000000,18.92168232544142
2026-03-29 01:31:50.000000000,38.16279870817165
2026-03-29 01:57:05.000000000,28.835173103511305
2026-03-29 01:29:47.000000000,23.087133895190757
2026-03-29 01:37:27.000000000,24.903285169579146
2026-03-29 01:11:59.000000000,37.86265655813354
2026-03-29 01:52:10.000000000,26.88708442143486
2026-03-29 01:11:50.000000000,19.636361109243776
2026-03-29 02:39:20.000000000,38.62054668867408
2026-03-29 02:49:01.000000000,29.136533839675696
2026-03-29 02:14:14.000000000,30.800750647081063
2026-03-29 02:00:28.000000000,44.51660694616613
2026-03-29 02:13:19.000000000,31.1501940648285
2026-03-29 02:22:41.000000000,25.067606072857462
2026-03-29 02:53:35.000000000,28.943451430456943
2026-03-29 02:53:36.000000000,37.65776942624685
2026-03-29 02:25:22.000000000,56.577299096779136
2026-03-29 02:25:33.000000000,29.192593424608337
2026-03-29 03:08:30.000000000,53.94108952171742
2026-03-29 03:19:27.000000000,20.223176503361227
2026-03-29 03:59:31.000000000,39.92657378843052
2026-03-29 03:05:25.000000000,20.25584978244807
2026-03-29 03:16:32.000000000,43.27946170830318
2026-03-29 03:42:26.000000000,43.111484396736806
2026-03-29 03:41:05.000000000,23.68350356157485
2026-03-29 03:01:13.000000000,22.482617710823515
2026-03-29 03:54:02.000000000,113.14896221560745
2026-03-29 04:14:37.000000000,32.30492797805476
2026-03-29 04:31:45.000000000,47.76769267684816
2026-03-29 04:31:22.000000000,40.39590454893757
2026-03-29 04:25:32.000000000,25.37051359153014
2026-03-29 04:20:47.000000000,33.018149238294555
2026-03-29 04:33:08.000000000,34.22070741474746
2026-03-29 04:48:50.000000000,28.044421717146715
2026-03-29 04:08:36.000000000,34.089773989174724
2026-03-29 04:07:14.000000000,61.929114825891254
2026-03-29 04:35:45.000000000,57.6189067430774
2026-03-29 04:58:24.000000000,35.661050645832724
2026-03-29 04:31:48.000000000,24.48439712487496
2026-03-29 04:16:56.000000000,30.098670996648618
2026-03-29 04:40:14.000000000,47.763006434240054
2026-03-29 05:29:19.000000000,18.783637699498552
2026-03-29 05:03:16.000000000,142.28403372251142
2026-03-29 05:58:30.000000000,44.96079217201447
2026-03-29 05:20:26.000000000,38.259928457040466
2026-03-29 06:20:51.000000000,39.5057667246642
2026-03-29 06:51:54.000000000,65.67749246421998
2026-03-29 06:31:22.000000000,27.85880745939446
2026-03-29 06:56:02.000000000,31.042818070678752
2026-03-29 06:27:33.000000000,24.302312327062136
2026-03-29 06:34:20.000000000,29.82204993451661
2026-03-29 06:03:08.000000000,49.52029030188148
2026-03-29 07:27:32.000000000,32.609009936712624
2026-03-29 07:04:31.000000000,52.498510921800495
2026-03-29 07:25:41.000000000,26.840008881647588
2026-03-29 07:10:24.000000000,22.898307355827097
2026-03-29 07:57:39.000000000,46.19484551291006
2026-03-29 08:45:21.000000000,42.37994508818151
2026-03-29 08:01:05.000000000,48.94208278395187
2026-03-29 08:37:21.000000000,27.112257962924094
2026-03-29 08:23:17.000000000,22.065668332743247
2026-03-29 08:42:58.000000000,25.990844840518125
2026-03-29 08:45:23.000000000,35.10300003169575
2026-03-29 08:04:50.000000000,34.67898452180334
2026-03-29 08:39:10.000000000,226.82637246860187
2026-03-29 09:56:42.000000000,23.093189459842375
2026-03-29 09:52:18.000000000,28.281790287791974
2026-03-29 09:48:23.000000000,36.93740499963816
2026-03-29 09:40:18.000000000,24.456084119874053
2026-03-29 09:44:22.000000000,18.911016613249725
2026-03-29 09:01:52.000000000,17.808526301197954
2026-03-29 09:58:25.000000000,27.108331926646255
2026-03-29 09:49:16.000000000,22.770070153946023
2026-03-29 09:53:34.000000000,33.84352932598198
2026-03-29 09:24:01.000000000,19.21675435477344
2026-03-29 10:07:55.000000000,21.921809770294264
2026-03-29 10:08:19.000000000,35.29212299512435
2026-03-29 10:55:01.000000000,115.28705867383681
2026-03-29 10:49:37.000000000,19.960621239804496
2026-03-29 10:47:42.000000000,43.15008958401311
2026-03-29 10:25:52.000000000,22.99074081136176
2026-03-29 10:53:47.000000000,33.870995344120225
2026-03-29 10:56:05.000000000,20.813939609166713
2026-03-29 10:21:57.000000000,22.164281078418473
2026-03-29 10:10:15.000000000,21.174104235445544
2026-03-29 10:32:54.000000000,27.515810436410295
2026-03-29 10:49:44.000000000,23.924862615147315
2026-03-29 10:25:54.000000000,25.459155117228008
2026-03-29 10:50:19.000000000,31.905444440737394
2026-03-29 10:16:18.000000000,38.82536315850133
2026-03-29 10:43:15.000000000,21.085985628191626
2026-03-29 11:38:40.000000000,40.67831292995364
2026-03-29 11:02:59.000000000,40.85494967707039
2026-03-29 11:05:24.000000000,26.110768814686796
2026-03-29 11:28:49.000000000,37.32738540222325
2026-03-29 11:10:29.000000000,38.02300111039688
2026-03-29 11:59:05.000000000,26.15679507770196
2026-03-29 11:58:21.000000000,43.272467431874034
2026-03-29 11:15:14.000000000,32.74060486316486
2026-03-29 11:57:21.000000000,30.082361870534537
2026-03-29 11:14:39.000000000,43.38614028249837
2026-03-29 11:37:23.000000000,56.070181771105275
2026-03-29 11:17:48.000000000,24.469578093777034
2026-03-29 11:47:39.000000000,69.3811377146748
2026-03-29 11:20:04.000000000,20.175671269107664
2026-03-29 12:49:15.000000000,39.55805936577074
2026-03-29 12:27:54.000000000,23.930886380914263
2026-03-29 12:43:31.000000000,25.633026083111876
2026-03-29 12:23:08.000000000,23.538817000332582
2026-03-29 12:37:39.000000000,45.09585191649733
2026-03-29 12:31:54.000000000,39.046736255197395
2026-03-29 12:01:39.000000000,82.0492001461215
2026-03-29 12:33:17.000000000,44.95116299491281
2026-03-29 12:27:51.000000000,89.87154328236525
2026-03-29 12:25:29.000000000,30.454776554505603
2026-03-29 12:23:53.000000000,23.1012030150744
2026-03-29 12:35:20.000000000,20.80819598824925
2026-03-29 12:42:05.000000000,17.895065441909296
2026-03-29 12:18:50.000000000,24.008176274508703
2026-03-29 13:04:23.000000000,42.39941966389217
2026-03-29 13:46:28.000000000,24.157656676572138
2026-03-29 13:40:26.000000000,19.921441199000572
2026-03-29 13:10:58.000000000,23.096802699388963
2026-03-29 13:04:04.000000000,92.63740512185151
2026-03-29 13:59:44.000000000,26.900144191279495
2026-03-29 13:03:27.000000000,24.231686145471915
2026-03-29 13:52:17.000000000,39.67246389790651
2026-03-29 13:31:23.000000000,23.38515095392889
2026-03-29 13:39:04.000000000,22.59790999623178
2026-03-29 13:36:21.000000000,23.680850569601223
2026-03-29 13:44:10.000000000,36.96582873458136
2026-03-29 13:29:00.000000000,19.76502281948574
2026-03-29 13:49:55.000000000,35.95216412345715
2026-03-29 13:55:43.000000000,49.50507941476299
2026-03-29 13:00:30.000000000,41.79225519580524
2026-03-29 14:03:39.000000000,49.69596630524003
2026-03-29 14:02:22.000000000,70.80081512660728
2026-03-29 14:35:04.000000000,33.22307883964634
2026-03-29 14:08:44.000000000,24.422227697904976
2026-03-29 14:54:56.000000000,25.950888742439094
2026-03-29 14:48:43.000000000,46.5576710199501
2026-03-29 14:41:54.000000000,19.948538327267908
2026-03-29 14:30:33.000000000,19.539693553352716
2026-03-29 14:45:55.000000000,26.293238064830444
2026-03-29 14:57:32.000000000,32.107161182204145
2026-03-29 14:19:01.000000000,123.18925017730872
2026-03-29 14:33:56.000000000,97.3809690862374
2026-03-29 14:35:20.000000000,52.36908861317302
2026-03-29 14:33:49.000000000,56.701343513680825
2026-03-29 14:52:16.000000000,32.014136847876294
2026-03-29 15:48:40.000000000,26.638777113265345
2026-03-29 15:00:13.000000000,30.277544327128982
2026-03-29 15:00:12.000000000,20.099053592218254
2026-03-29 15:36:00.000000000,37.16527608708606
2026-03-29 15:25:59.000000000,23.280153300538373
2026-03-29 15:16:10.000000000,30.593935746483563
2026-03-29 15:11:41.000000000,19.84424387584446
2026-03-29 15:52:06.000000000,23.13414083877289
2026-03-29 15:46:16.000000000,39.97650686227269
2026-03-29 15:24:23.000000000,21.450009605029788
2026-03-29 15:24:16.000000000,36.137516129426864
2026-03-29 15:29:27.000000000,78.16022752905958
2026-03-29 15:37:38.000000000,28.847078378133858
2026-03-29 15:57:22.000000000,33.18020944796378
2026-03-29 16:15:56.000000000,33.82035187886061
2026-03-29 16:05:38.000000000,20.404013698210083
2026-03-29 16:52:42.000000000,48.374118891310474
2026-03-29 16:37:41.000000000,18.32096275984878
2026-03-29 16:26:17.000000000,32.25018408490656
2026-03-29 16:28:51.000000000,34.60835548609773
2026-03-29 16:05:18.000000000,22.64570647080321
2026-03-29 16:44:29.000000000,71.32766716238979
2026-03-29 16:53:17.000000000,62.08931757994145
2026-03-29 16:43:24.000000000,20.536289513772775
2026-03-29 16:36:10.000000000,39.68164654668382
2026-03-29 17:13:40.000000000,47.24185196427424
2026-03-29 17:29:57.000000000,25.65756429480916
2026-03-29 17:23:21.000000000,43.95859416286708
2026-03-29 17:43:00.000000000,26.172855838341924
2026-03-29 17:08:54.000000000,21.558113260447943
2026-03-29 17:15:17.000000000,36.18626453319438
2026-03-29 17:14:32.000000000,68.02894591690072
2026-03-29 17:09:27.000000000,22.152163932630838
2026-03-29 17:47:10.000000000,45.39554673900217
2026-03-29 17:35:55.000000000,27.684190689107137
2026-03-29 17:10:03.000000000,36.53199314928045
2026-03-29 17:30:40.000000000,48.78801569265595
2026-03-29 17:54:35.000000000,52.51846919150304
2026-03-29 17:51:23.000000000,27.30969546997434
2026-03-29 17:46:05.000000000,23.500806765407958
2026-03-29 17:30:05.000000000,61.4448974366414
2026-03-29 17:46:00.000000000,27.181995410181624
2026-03-29 17:47:29.000000000,29.670961650525637
2026-03-29 17:52:08.000000000,22.38691048660475
2026-03-29 17:17:44.000000000,25.656116677627484
2026-03-29 18:36:57.000000000,36.571325023248995
2026-03-29 18:26:52.000000000,54.90452930042415
2026-03-29 18:44:22.000000000,28.933649847476477
2026-03-29 18:40:51.000000000,33.77805592669025
2026-03-29 18:36:29.000000000,21.618315248226065
2026-03-29 18:10:33.000000000,40.56807270701915
2026-03-29 18:54:45.000000000,29.108729454449175
2026-03-29 18:10:13.000000000,75.47227267491353
2026-03-29 18:02:16.000000000,24.930259402056652
2026-03-29 18:55:32.000000000,30.81159906876431
2026-03-29 18:34:11.000000000,21.66609441903098
2026-03-29 18:43:56.000000000,33.605523020555935
2026-03-29 18:01:50.000000000,39.64577210066174
2026-03-29 18:13:22.000000000,22.37399917586195
2026-03-29 18:54:49.000000000,17.47656735851063
2026-03-29 18:59:31.000000000,31.581459489675478
2026-03-29 18:12:48.000000000,44.14411863954372
2026-03-29 18:48:33.000000000,41.97759953882838
2026-03-29 18:59:23.000000000,31.566226704607384
2026-03-29 19:54:07.000000000,29.566406945167135
2026-03-29 19:18:11.000000000,41.07605601344492
2026-03-29 19:11:37.000000000,20.60973074600332
2026-03-29 19:30:30.000000000,45.89485274047673
2026-03-29 19:30:45.000000000,30.045249095138022
2026-03-29 19:29:02.000000000,19.925773845537353
2026-03-29 19:19:05.000000000,23.333009043276203
2026-03-29 19:25:17.000000000,37.62908612804844
2026-03-29 19:37:37.000000000,35.523058936089775
2026-03-29 19:35:58.000000000,37.83271108914253
2026-03-29 19:10:41.000000000,39.276094719867565
2026-03-29 19:17:49.000000000,64.08047546922364
2026-03-29 19:53:15.000000000,20.42010038058482
2026-03-29 19:34:39.000000000,19.78370317174019
2026-03-29 19:42:21.000000000,28.2140184055709
2026-03-29 19:42:31.000000000,32.97669076845411
2026-03-29 19:18:04.000000000,28.411274089865877
2026-03-29 19:18:46.000000000,44.73605638969369
2026-03-29 19:41:16.000000000,17.8397508089044
2026-03-29 20:46:54.000000000,35.729395646298094
2026-03-29 20:26:18.000000000,23.951425261153506
2026-03-29 20:11:23.000000000,21.731099549739145
2026-03-29 20:56:02.000000000,55.63741484352072
2026-03-29 20:24:54.000000000,36.930207832971234
2026-03-29 20:21:16.000000000,31.942376323647668
2026-03-29 20:04:08.000000000,32.25648605308512
2026-03-29 20:26:03.000000000,21.245643942182813
2026-03-29 20:47:00.000000000,42.10802179264392
2026-03-29 20:03:20.000000000,27.27532527528972
2026-03-29 20:21:54.000000000,28.7131812325408
2026-03-29 20:37:38.000000000,29.694177039871374
2026-03-29 20:01:53.000000000,36.061308751823255
2026-03-29 21:43:46.000000000,24.551968408516824
2026-03-29 21:23:23.000000000,22.09922355985019
2026-03-29 21:02:11.000000000,40.21125707970491
2026-03-29 21:22:08.000000000,71.36709853012341
2026-03-29 21:32:58.000000000,45.05141248038848
2026-03-29 21:34:42.000000000,26.44987328858784
2026-03-29 21:34:29.000000000,39.54496113049998
2026-03-29 21:41:15.000000000,62.851431877712834
2026-03-29 21:28:47.000000000,38.92757178447089
2026-03-29 21:13:28.000000000,58.70431434641111
2026-03-29 21:14:42.000000000,24.326927249085326
2026-03-29 21:42:48.000000000,22.821150316872487
2026-03-29 21:52:39.000000000,32.44268116209238
2026-03-29 21:38:54.000000000,60.94723786641138
2026-03-29 21:40:13.000000000,40.46701706591551
2026-03-29 22:44:11.000000000,20.729715572776204
2026-03-29 22:29:32.000000000,27.17552393361236
2026-03-29 22:43:08.000000000,32.581263960069364
2026-03-29 22:34:04.000000000,31.5060878201956
2026-03-29 22:07:49.000000000,48.199089096551546
2026-03-29 22:18:18.000000000,28.738190060783243
2026-03-29 22:23:01.000000000,41.57851064660157
2026-03-29 22:38:54.000000000,17.969771260924727
2026-03-29 22:33:39.000000000,24.68100351083339
2026-03-29 22:29:07.000000000,30.544216689072012
2026-03-29 22:21:54.000000000,34.26490682019169
2026-03-29 22:10:41.000000000,37.33160812274381
2026-03-29 22:35:32.000000000,34.023534558579634
2026-03-29 22:21:21.000000000,35.95622304985863
2026-03-29 23:42:20.000000000,22.819803228295488
2026-03-29 23:50:07.000000000,27.536434940596553
2026-03-29 23:03:40.000000000,42.158286044403894
2026-03-29 23:47:31.000000000,77.92832080589127
2026-03-29 23:29:00.000000000,30.54849298433748
2026-03-29 23:07:53.000000000,26.047780295871316
2026-03-29 23:53:29.000000000,26.998021754154
2026-03-29 23:09:10.000000000,48.31623206170149
2026-03-29 23:33:06.000000000,30.68015658373334
2026-03-29 23:10:07.000000000,25.81390223593802
2026-03-29 23:20:12.000000000,19.220714359248472
2026-03-29 23:03:35.000000000,74.4845958636956
2026-03-29 23:22:58.000000000,68.47982368878625
2026-03-29 23:52:36.000000000,18.971510177163605
2026-03-29 23:05:56.000000000,22.872268323478284
2026-03-30 00:15:20.000000000,32.02463361841892
2026-03-30 00:20:32.000000000,29.99161360329602
2026-03-30 00:54:22.000000000,52.02635376705288
2026-03-30 00:07:32.000000000,49.00275632624445
2026-03-30 00:28:08.000000000,20.286836906692084
2026-03-30 00:20:59.000000000,36.22241498630181
2026-03-30 00:19:01.000000000,27.891649787531318
2026-03-30 01:33:36.000000000,19.774879832477367
2026-03-30 01:44:25.000000000,17.899332029537216
2026-03-30 01:37:00.000000000,17.695226346213982
2026-03-30 01:02:40.000000000,52.431100609409505
2026-03-30 02:37:00.000000000,29.514818023446015
2026-03-30 02:47:37.000000000,55.706017781832855
2026-03-30 02:14:21.000000000,72.13796604250017
2026-03-30 02:54:51.000000000,44.033808093205984
2026-03-30 03:38:29.000000000,28.404626788426878
2026-03-30 03:49:49.000000000,69.67929622253983
2026-03-30 03:23:24.000000000,47.50308991675022
2026-03-30 04:18:33.000000000,40.32715084061081
2026-03-30 04:40:46.000000000,20.585893999376314
2026-03-30 05:30:25.000000000,45.42027336367724
2026-03-30 05:21:43.000000000,30.09407918310144
2026-03-30 05:33:03.000000000,24.71602929933118
2026-03-30 05:59:27.000000000,34.8868026203671
2026-03-30 05:01:52.000000000,21.277157570685414
2026-03-30 05:49:16.000000000,77.26199793870555
2026-03-30 05:13:23.000000000,20.47063034368759
2026-03-30 05:06:20.000000000,51.70691933458468
2026-03-30 05:28:22.000000000,145.76181897947282
2026-03-30 06:19:12.000000000,42.20499944905154
2026-03-30 06:59:13.000000000,74.01661444492504
2026-03-30 06:31:53.000000000,47.73977131424458
2026-03-30 06:28:11.000000000,22.216488668134485
2026-03-30 06:44:57.000000000,21.866266378058615
2026-03-30 06:19:27.000000000,28.20153287556889
2026-03-30 06:16:41.000000000,86.13763301509884
2026-03-30 06:38:08.000000000,24.622633908162225
2026-03-30 06:18:30.000000000,58.747522129403556
2026-03-30 06:35:02.000000000,35.087317607114294
2026-03-30 06:26:03.000000000,69.75685621017699
2026-03-30 07:40:39.000000000,34.285827895572716
2026-03-30 07:52:17.000000000,23.09365000291736
2026-03-30 07:46:30.000000000,60.717084929679444
2026-03-30 07:02:42.000000000,43.074918485788054
2026-03-30 07:18:20.000000000,41.25994731721942
2026-03-30 07:32:58.000000000,26.85045965645079
2026-03-30 07:03:18.000000000,30.027531234161582
2026-03-30 07:02:27.000000000,35.40853260414068
2026-03-30 07:48:28.000000000,41.91480192367455
2026-03-30 07:13:27.000000000,117.6416017732375
2026-03-30 07:42:46.000000000,29.47686127666047
2026-03-30 07:03:48.000000000,39.66217879721163
2026-03-30 07:40:24.000000000,60.201733591903846
2026-03-30 07:57:25.000000000,43.63306134226702
2026-03-30 07:37:55.000000000,27.410209692777777
2026-03-30 08:44:14.000000000,23.315970574034772
2026-03-30 08:48:54.000000000,33.57919078054976
2026-03-30 08:30:41.000000000,23.29428336505622
2026-03-30 08:48:32.000000000,24.533547956889546
2026-03-30 08:54:03.000000000,52.9031115354218
2026-03-30 08:20:20.000000000,26.299314674088915
2026-03-30 08:04:05.000000000,56.670834745187314
2026-03-30 08:11:47.000000000,28.144985595123483
2026-03-30 08:06:31.000000000,32.839957638424146
2026-03-30 08:17:03.000000000,38.21298042254882
2026-03-30 08:22:40.000000000,50.610562053879434
2026-03-30 08:39:09.000000000,41.02846430003301
2026-03-30 08:28:00.000000000,49.455466624771
2026-03-30 08:12:58.000000000,36.097463132820955
2026-03-30 08:01:49.000000000,54.404916874688986
2026-03-30 08:03:50.000000000,23.844131905944717
2026-03-30 08:51:30.000000000,38.92442536962952
2026-03-30 08:27:42.000000000,24.63963228335899
2026-03-30 08:54:03.000000000,20.837932339687345
2026-03-30 08:27:30.000000000,30.44318237571552
2026-03-30 08:51:56.000000000,33.503783801352945
2026-03-30 09:06:04.000000000,21.936641938525423
2026-03-30 09:35:10.000000000,23.81056871505154
2026-03-30 09:42:45.000000000,20.691977621624897
2026-03-30 09:44:40.000000000,44.71198416537997
2026-03-30 09:42:32.000000000,31.435141126789933
2026-03-30 09:42:59.000000000,60.26501856463091
2026-03-30 09:41:37.000000000,27.989095551117284
2026-03-30 09:39:36.000000000,67.39436240622365
2026-03-30 09:39:31.000000000,21.701587253817937
2026-03-30 09:50:46.000000000,35.641488756362754
2026-03-30 09:29:48.000000000,36.339568700094595
2026-03-30 09:01:36.000000000,17.95650984422268
2026-03-30 09:46:05.000000000,43.615727104372645
2026-03-30 09:01:23.000000000,22.766070347270098
2026-03-30 09:33:41.000000000,28.11433100992812
2026-03-30 10:21:58.000000000,22.964320777422774
2026-03-30 10:13:47.000000000,34.60721136957001
2026-03-30 10:57:34.000000000,26.62974898922138
2026-03-30 10:14:20.000000000,20.18543322792429
2026-03-30 10:12:41.000000000,41.84933351253688
2026-03-30 10:34:56.000000000,59.468362794067076
2026-03-30 10:37:19.000000000,59.90237173322313
2026-03-30 10:52:36.000000000,39.22619893373713
2026-03-30 10:49:40.000000000,64.04421708293262
2026-03-30 10:49:20.000000000,45.672163268514616
2026-03-30 10:59:16.000000000,54.66705742318648
2026-03-30 10:53:51.000000000,51.51482522007508
2026-03-30 10:25:10.000000000,96.39717999606866
2026-03-30 10:50:28.000000000,25.862396501745362
2026-03-30 10:22:56.000000000,35.47586862383003
2026-03-30 10:30:34.000000000,27.915887633039173
2026-03-30 11:45:38.000000000,41.1866362623594
2026-03-30 11:48:05.000000000,31.725982108731433
2026-03-30 11:41:49.000000000,27.865562438271855
2026-03-30 11:04:50.000000000,61.6554184300044
2026-03-30 11:16:56.000000000,45.70423246454662
2026-03-30 11:26:33.000000000,21.453967931397496
2026-03-30 11:25:37.000000000,63.65804268262356
2026-03-30 11:16:29.000000000,51.99740783704785
2026-03-30 11:48:36.000000000,73.81850871220551
2026-03-30 11:24:12.000000000,64.98506368106717
2026-03-30 11:43:09.000000000,27.791863830144706
2026-03-30 11:51:41.000000000,96.401655594368
2026-03-30 11:41:18.000000000,23.434207790401118
2026-03-30 11:31:06.000000000,43.19341565437598
2026-03-30 11:13:58.000000000,76.59124733478917
2026-03-30 11:53:40.000000000,21.782094083484363
2026-03-30 12:05:25.000000000,27.95072156866487
2026-03-30 12:54:54.000000000,23.620073171359298
2026-03-30 12:34:04.000000000,28.59399047434845
2026-03-30 12:33:11.000000000,18.698905630342114
2026-03-30 12:21:14.000000000,29.77550099407937
2026-03-30 12:08:48.000000000,28.64212040255416
2026-03-30 12:22:11.000000000,65.44659800656241
2026-03-30 12:41:33.000000000,19.654608609683866
2026-03-30 12:57:50.000000000,29.000390753358392
2026-03-30 12:45:24.000000000,37.55245427370405
2026-03-30 12:00:48.000000000,49.25824417157813
2026-03-30 12:54:21.000000000,42.179653596443735
2026-03-30 12:14:08.000000000,21.307643551134504
2026-03-30 12:09:10.000000000,25.033446648041195
2026-03-30 13:47:18.000000000,104.14433483021875
2026-03-30 13:59:53.000000000,35.10682117163684
2026-03-30 13:59:12.000000000,28.06668378352067
2026-03-30 13:04:39.000000000,30.49194337503933
2026-03-30 13:59:39.000000000,56.96256184539831
2026-03-30 13:58:24.000000000,34.29606528077759
2026-03-30 13:02:55.000000000,42.177079793444626
2026-03-30 13:05:39.000000000,22.930632116552818
2026-03-30 13:24:07.000000000,28.005412073399945
2026-03-30 13:17:16.000000000,35.74386666546224
2026-03-30 13:13:20.000000000,97.44781416172518
2026-03-30 13:17:39.000000000,22.374826268079936
2026-03-30 14:32:40.000000000,30.58395595236274
2026-03-30 14:27:06.000000000,26.928835454450272
2026-03-30 14:35:48.000000000,24.962510096133684
2026-03-30 14:47:27.000000000,65.7638021637567
2026-03-30 14:31:09.000000000,23.54914902117802
2026-03-30 14:25:38.000000000,25.671945464517872
2026-03-30 14:40:26.000000000,38.68215648644032
2026-03-30 14:40:49.000000000,31.208182998120026
2026-03-30 14:34:11.000000000,29.488582283484103
2026-03-30 14:44:05.000000000,27.706223587211884
2026-03-30 15:32:06.000000000,20.10043291193097
2026-03-30 15:12:42.000000000,18.103517200684177
2026-03-30 15:31:21.000000000,50.723014897447676
2026-03-30 15:57:25.000000000,27.075862901487984
2026-03-30 15:09:57.000000000,39.64224714612354
2026-03-30 15:41:10.000000000,21.464735573971513
2026-03-30 15:01:13.000000000,41.413469997210804
2026-03-30 15:49:34.000000000,37.22376226352315
2026-03-30 15:43:43.000000000,19.517233674449695
2026-03-30 15:19:04.000000000,32.98095943702535
2026-03-30 15:51:16.000000000,95.8476733295791
2026-03-30 15:54:57.000000000,21.158420297229004
2026-03-30 15:49:36.000000000,29.25086536162196
2026-03-30 15:58:35.000000000,25.483276061405995
2026-03-30 16:16:23.000000000,34.696025573870386
2026-03-30 16:52:35.000000000,34.83230794378982
2026-03-30 16:57:12.000000000,29.05048032830329
2026-03-30 16:04:05.000000000,21.034299596621448
2026-03-30 16:28:02.000000000,40.569005381989086
2026-03-30 16:49:39.000000000,29.308039433673063
2026-03-30 16:16:54.000000000,21.77200599897441
2026-03-30 16:28:19.000000000,18.580049003627067
2026-03-30 16:14:35.000000000,21.746732876731496
2026-03-30 16:01:24.000000000,27.04959138652209
2026-03-30 16:38:30.000000000,37.66374972258331
2026-03-30 16:02:51.000000000,87.54837441950086
2026-03-30 16:50:07.000000000,19.519227909163586
2026-03-30 16:15:01.000000000,32.42621704018022
2026-03-30 16:26:41.000000000,35.5472098548682
2026-03-30 17:09:08.000000000,32.33934244607879
2026-03-30 17:00:24.000000000,29.77821027304437
2026-03-30 17:07:34.000000000,25.48135674715382
2026-03-30 17:36:36.000000000,18.121557580819033
2026-03-30 17:49:49.000000000,21.24912810063019
2026-03-30 17:24:45.000000000,44.219653539676834
2026-03-30 17:26:56.000000000,70.85935006654915
2026-03-30 17:32:29.000000000,25.739125306921153
2026-03-30 17:55:38.000000000,23.180780421463858
2026-03-30 17:49:51.000000000,20.497611692421536
2026-03-30 17:13:36.000000000,49.8173427518725
2026-03-30 17:51:18.000000000,33.83027879250867
2026-03-30 17:54:27.000000000,19.367943304744408
2026-03-30 17:14:21.000000000,24.090573085208867
2026-03-30 17:07:32.000000000,51.044180036925304
2026-03-30 17:08:08.000000000,58.83534708604192
2026-03-30 18:25:58.000000000,32.612998528280954
2026-03-30 18:24:15.000000000,30.432414061097493
2026-03-30 18:42:29.000000000,67.21036360549951
2026-03-30 18:29:36.000000000,37.61971384194337
2026-03-30 18:31:52.000000000,33.60629088342439
2026-03-30 18:15:12.000000000,25.321391154935544
2026-03-30 18:06:57.000000000,45.477406461432516
2026-03-30 18:54:29.000000000,43.60525341683311
2026-03-30 18:17:26.000000000,27.939945377696144
2026-03-30 18:03:03.000000000,36.57448368627923
2026-03-30 18:31:30.000000000,49.73641190318554
2026-03-30 18:42:12.000000000,33.59263456191934
2026-03-30 18:12:31.000000000,60.86113377195893
2026-03-30 18:41:21.000000000,20.093914846429723
2026-03-30 18:33:10.000000000,26.040421855348985
2026-03-30 18:51:30.000000000,26.94045045552298
2026-03-30 18:37:54.000000000,25.989686640398244
2026-03-30 18:22:39.000000000,102.12286315644643
2026-03-30 18:34:31.000000000,55.142414998517246
2026-03-30 18:12:44.000000000,18.297210347007702
2026-03-30 19:23:25.000000000,44.584783272982236
2026-03-30 19:39:04.000000000,19.368746097827948
2026-03-30 19:52:40.000000000,24.25431611384632
2026-03-30 19:02:21.000000000,36.16744033798401
2026-03-30 19:20:06.000000000,18.72616817096389
2026-03-30 19:33:37.000000000,37.940525393351855
2026-03-30 19:20:13.000000000,65.13094983975958
2026-03-30 19:10:19.000000000,27.392620778618692
2026-03-30 19:36:52.000000000,28.054421185333286
2026-03-30 19:41:54.000000000,34.91845361988019
2026-03-30 19:51:39.000000000,23.894136535723643
2026-03-30 19:55:45.000000000,33.174559905059056
2026-03-30 19:32:53.000000000,25.292568306199907
2026-03-30 19:24:45.000000000,53.32396094041806
2026-03-30 19:30:29.000000000,19.80681890739817
2026-03-30 19:17:57.000000000,38.05850864998188
2026-03-30 20:15:12.000000000,19.767683054891787
2026-03-30 20:47:12.000000000,38.4799098299646
2026-03-30 20:34:37.000000000,70.10473152281455
2026-03-30 20:49:22.000000000,21.75249619572779
2026-03-30 20:53:04.000000000,24.917417518039745
2026-03-30 20:54:32.000000000,20.846614740906823
2026-03-30 20:04:11.000000000,64.34405399871623
2026-03-30 20:46:22.000000000,25.611666236951546
2026-03-30 20:44:51.000000000,34.348122336038486
2026-03-30 20:49:01.000000000,23.91865645436395
2026-03-30 20:55:33.000000000,31.971480750741197
2026-03-30 20:35:46.000000000,21.205661809868964
2026-03-30 20:39:01.000000000,21.13542119780774
2026-03-30 20:07:24.000000000,18.30845838226651
2026-03-30 20:20:28.000000000,20.755457980323
2026-03-30 21:36:33.000000000,31.76649869145886
2026-03-30 21:08:13.000000000,23.159015708775453
2026-03-30 21:42:09.000000000,27.203599746931847
2026-03-30 21:32:18.000000000,30.84948398087965
2026-03-30 21:29:08.000000000,29.49103409816433
2026-03-30 21:06:47.000000000,29.354273096008914
2026-03-30 21:35:27.000000000,59.46074753092975
2026-03-30 21:02:41.000000000,42.030937948669774
2026-03-30 21:52:41.000000000,26.764504773107998
2026-03-30 21:21:40.000000000,27.133810924854572
2026-03-30 22:49:09.000000000,59.181434338551824
2026-03-30 22:23:39.000000000,31.896022081562887
2026-03-30 22:03:18.000000000,169.45587860388034
2026-03-30 22:37:00.000000000,18.93710439607653
2026-03-30 22:49:29.000000000,32.09639681874318
2026-03-30 22:59:04.000000000,56.604902940533684
2026-03-30 22:36:56.000000000,39.85290918661246
2026-03-30 22:54:01.000000000,37.891331682913766
2026-03-30 22:14:40.000000000,31.33628766300271
2026-03-30 22:25:02.000000000,20.20559992612508
2026-03-30 22:55:22.000000000,40.09239505295931
2026-03-30 23:10:12.000000000,60.187567790457
2026-03-30 23:54:05.000000000,22.956321770227643
2026-03-30 23:04:37.000000000,27.507151198862918
2026-03-30 23:05:23.000000000,104.37055959616211
2026-03-30 23:30:08.000000000,41.848605600673686
2026-03-30 23:01:01.000000000,46.33167688450236
2026-03-30 23:34:11.000000000,50.612355131872945
2026-03-30 23:03:41.000000000,23.644866244185092
2026-03-30 23:33:02.000000000,40.831616383374275
2026-03-30 23:01:59.000000000,65.83762008811529
2026-03-30 23:46:33.000000000,20.25849265435294
2026-03-31 00:04:51.000000000,56.98033400163427
2026-03-31 00:51:52.000000000,35.35466337404226
2026-03-31 00:39:27.000000000,38.786705196601936
2026-03-31 00:41:41.000000000,30.643676223378773
2026-03-31 00:05:19.000000000,68.53639107973643
2026-03-31 00:02:37.000000000,40.30782055565786
2026-03-31 00:06:42.000000000,20.787301608585313
2026-03-31 00:58:42.000000000,90.7115979406402
2026-03-31 01:40:03.000000000,30.03026126424206
2026-03-31 01:30:23.000000000,29.94864850163729
2026-03-31 01:07:04.000000000,82.30994537492964
2026-03-31 01:08:37.000000000,40.74002731547558
2026-03-31 02:46:52.000000000,24.53426258111062
2026-03-31 02:47:56.000000000,35.8861907285844
2026-03-31 03:24:25.000000000,38.6265962145143
2026-03-31 03:49:56.000000000,30.022978440124927
2026-03-31 05:40:08.000000000,23.95042850150324
2026-03-31 05:06:03.000000000,27.313010747665313
2026-03-31 05:13:35.000000000,21.1309406782327
2026-03-31 05:02:59.000000000,21.429738704682382
2026-03-31 05:00:19.000000000,110.46070208215383
2026-03-31 05:22:44.000000000,71.29717807689246
2026-03-31 05:44:08.000000000,35.94633130170655
2026-03-31 05:57:10.000000000,36.2429324218802
2026-03-31 05:25:02.000000000,39.10278006291568
2026-03-31 06:52:23.000000000,21.016289117841534
2026-03-31 06:54:10.000000000,20.72462236318997
2026-03-31 06:37:33.000000000,41.02099321662497
2026-03-31 06:23:57.000000000,39.73590768366195
2026-03-31 06:36:01.000000000,41.32109701925098
2026-03-31 06:49:50.000000000,20.942676861511384
2026-03-31 06:00:20.000000000,28.211966097117223
2026-03-31 06:18:19.000000000,63.50794314875313
2026-03-31 06:56:21.000000000,19.610253412854235
2026-03-31 06:17:37.000000000,44.20438199090133
2026-03-31 06:42:54.000000000,20.566485479955862
2026-03-31 06:37:17.000000000,29.97968408979798
2026-03-31 06:12:28.000000000,47.81436704158499
2026-03-31 06:58:32.000000000,61.81998141416054
2026-03-31 07:50:22.000000000,20.70443862571931
2026-03-31 07:05:22.000000000,29.94939597538502
2026-03-31 07:17:26.000000000,29.980561960254153
2026-03-31 07:23:23.000000000,29.41405894686186
2026-03-31 07:28:55.000000000,154.3181935192046
2026-03-31 07:05:49.000000000,31.902462298358135
2026-03-31 07:18:27.000000000,52.571731095004985
2026-03-31 07:40:21.000000000,23.481773691754096
2026-03-31 07:28:15.000000000,21.799576709225313
2026-03-31 07:34:07.000000000,54.65894251066964
2026-03-31 07:27:14.000000000,29.97955822206314
2026-03-31 07:51:00.000000000,31.738036999156936
2026-03-31 07:15:21.000000000,26.863978713991102
2026-03-31 07:53:37.000000000,49.37880692198427
2026-03-31 07:45:28.000000000,28.933090362550022
2026-03-31 07:01:22.000000000,29.29743533198285
2026-03-31 07:44:56.000000000,23.43382310528149
2026-03-31 07:14:51.000000000,38.65556522764991
2026-03-31 07:44:56.000000000,25.517974725377567
2026-03-31 07:47:47.000000000,23.018758277833342
2026-03-31 07:14:52.000000000,23.34659643841961
2026-03-31 08:38:52.000000000,32.063894207878356
2026-03-31 08:05:50.000000000,20.14873628552623
2026-03-31 08:21:18.000000000,19.352839542381577
2026-03-31 08:29:10.000000000,34.62165362705773
2026-03-31 08:17:58.000000000,37.067245698506305
2026-03-31 08:44:19.000000000,56.55364466540046
2026-03-31 08:21:23.000000000,62.91725792471202
2026-03-31 08:52:32.000000000,31.238019986332763
2026-03-31 08:26:31.000000000,22.388913567286888
2026-03-31 08:58:57.000000000,29.71508042213325
2026-03-31 08:07:02.000000000,25.550870086220893
2026-03-31 08:59:32.000000000,45.485726242391266
2026-03-31 08:35:50.000000000,20.186334195823246
2026-03-31 08:11:45.000000000,46.87659644602989
2026-03-31 08:54:23.000000000,20.04670605485629
2026-03-31 08:00:53.000000000,23.30130945762216
2026-03-31 08:34:33.000000000,25.243273194658276
2026-03-31 08:07:38.000000000,22.99023967358058
2026-03-31 08:06:27.000000000,21.367840532864513
2026-03-31 09:01:27.000000000,21.36040676290101
2026-03-31 09:16:37.000000000,18.723631096237614
2026-03-31 09:57:31.000000000,87.14635988141589
2026-03-31 09:10:48.000000000,30.310467472966234
2026-03-31 09:53:56.000000000,18.752748366248067
2026-03-31 09:04:55.000000000,25.338322423708906
2026-03-31 09:59:31.000000000,20.629083669151694
2026-03-31 09:32:22.000000000,38.52386674185002
2026-03-31 09:42:10.000000000,37.92835147971227
2026-03-31 09:00:37.000000000,26.86653669147069
2026-03-31 09:07:51.000000000,42.513493198220424
2026-03-31 09:06:35.000000000,51.446747380998865
2026-03-31 09:58:59.000000000,51.20511631236262
2026-03-31 09:59:31.000000000,63.48077190715422
2026-03-31 09:57:22.000000000,38.668415812199164
2026-03-31 09:57:31.000000000,15.242103635926638
2026-03-31 09:47:55.000000000,48.92177512519951
2026-03-31 09:59:47.000000000,19.500912524935902
2026-03-31 09:33:26.000000000,19.992523434723232
2026-03-31 09:15:27.000000000,22.329432991642317
2026-03-31 09:02:17.000000000,27.74821058000122
2026-03-31 09:12:30.000000000,33.634892271311145
2026-03-31 09:32:58.000000000,32.234496300293365
2026-03-31 09:52:22.000000000,66.53848634527616
2026-03-31 10:24:21.000000000,73.32583947652854
2026-03-31 10:56:12.000000000,55.10313916477296
2026-03-31 10:19:30.000000000,25.647770973825764
2026-03-31 10:19:55.000000000,47.2054955073056
2026-03-31 10:09:04.000000000,21.80311058212421
2026-03-31 10:47:12.000000000,27.178288653682753
2026-03-31 10:15:46.000000000,28.49796339838691
2026-03-31 10:57:16.000000000,34.30615109281879
2026-03-31 10:02:37.000000000,20.86821645318105
2026-03-31 10:29:09.000000000,21.947892137175945
2026-03-31 11:11:25.000000000,48.205561551722774
2026-03-31 11:17:08.000000000,31.329222629737377
2026-03-31 11:22:05.000000000,44.77695992155971
2026-03-31 11:40:34.000000000,94.02498943062231
2026-03-31 11:47:37.000000000,24.04494023731768
2026-03-31 11:23:57.000000000,32.47705709779044
2026-03-31 11:07:34.000000000,22.897930380244276
2026-03-31 12:59:47.000000000,34.49902383582288
2026-03-31 12:10:39.000000000,18.536183256343875
2026-03-31 12:01:36.000000000,41.78296764901554
2026-03-31 12:28:24.000000000,34.034100049228904
2026-03-31 12:37:42.000000000,25.63700217805719
2026-03-31 12:46:10.000000000,38.263765345642085
2026-03-31 12:01:11.000000000,27.549423999071763
2026-03-31 12:26:37.000000000,79.40839529522783
2026-03-31 12:00:41.000000000,20.470239418036098
2026-03-31 12:57:28.000000000,55.62988347990852
2026-03-31 12:44:17.000000000,27.21851129291188
2026-03-31 12:44:56.000000000,55.99803915235018
2026-03-31 12:28:19.000000000,20.257667347253573
2026-03-31 12:07:40.000000000,36.96076181377478
2026-03-31 12:58:07.000000000,19.622517415711577
2026-03-31 12:10:19.000000000,19.9379783070649
2026-03-31 12:31:03.000000000,71.12096030612865
2026-03-31 13:24:35.000000000,62.89943428115749
2026-03-31 13:36:59.000000000,22.53992115924
2026-03-31 13:28:45.000000000,84.44287348007245
2026-03-31 13:32:03.000000000,52.7607223032477
2026-03-31 13:25:15.000000000,27.974911768641842
2026-03-31 13:58:00.000000000,18.97923792051209
2026-03-31 13:46:56.000000000,59.6947520933579
2026-03-31 13:50:02.000000000,32.56734384697242
2026-03-31 13:52:16.000000000,75.32009643634309
2026-03-31 14:55:43.000000000,30.48705392674351
2026-03-31 14:24:55.000000000,20.000614050478266
2026-03-31 14:42:39.000000000,25.630488605251127
2026-03-31 14:10:54.000000000,19.81095518163774
2026-03-31 14:57:37.000000000,18.786893518779824
2026-03-31 14:14:26.000000000,93.78463464672966
2026-03-31 14:59:44.000000000,28.065229685360517
2026-03-31 14:25:06.000000000,38.904454968729354
2026-03-31 14:07:22.000000000,22.92888111856899
2026-03-31 14:33:51.000000000,48.030951199801805
2026-03-31 14:19:16.000000000,27.53331790579861
2026-03-31 14:44:58.000000000,32.66635936488119
2026-03-31 14:17:00.000000000,46.255944369151216
2026-03-31 14:44:21.000000000,119.10946869967798
2026-03-31 14:36:47.000000000,47.787709329528674
2026-03-31 14:15:35.000000000,34.919766786443866
2026-03-31 14:45:12.000000000,28.422214192466907
2026-03-31 14:37:11.000000000,29.15015054388189
2026-03-31 14:31:13.000000000,53.555153940370786
2026-03-31 15:56:52.000000000,23.481433906463597
2026-03-31 15:38:57.000000000,44.66361987959238
2026-03-31 15:33:51.000000000,22.36745638650373
2026-03-31 15:16:10.000000000,62.154885601634845
2026-03-31 15:13:33.000000000,52.743389464497724
2026-03-31 15:41:15.000000000,37.07922426703266
2026-03-31 15:46:24.000000000,35.764170033289425
2026-03-31 15:37:03.000000000,27.733916518457054
2026-03-31 15:57:51.000000000,41.08445267987616
2026-03-31 15:13:20.000000000,23.655035871294707
2026-03-31 15:07:15.000000000,130.6079434162792
2026-03-31 15:51:18.000000000,20.819064464026216
2026-03-31 15:03:21.000000000,22.89733792844044
2026-03-31 16:59:43.000000000,35.87482262644517
2026-03-31 16:38:44.000000000,28.23139268283759
2026-03-31 16:39:45.000000000,23.757281826580293
2026-03-31 16:10:35.000000000,29.0065250996222
2026-03-31 16:41:12.000000000,33.13822180668481
2026-03-31 16:34:40.000000000,23.492826439997227
2026-03-31 16:22:40.000000000,47.2428057709347
2026-03-31 16:35:47.000000000,19.89396083290823
2026-03-31 16:40:45.000000000,46.4763470948109
2026-03-31 16:52:06.000000000,30.663909274580117
2026-03-31 16:06:35.000000000,32.007278043608615
2026-03-31 16:30:57.000000000,26.983234919783687
2026-03-31 16:22:55.000000000,31.159173916375313
2026-03-31 17:54:09.000000000,41.24416791413368
2026-03-31 17:55:41.000000000,26.784288164808547
2026-03-31 17:42:58.000000000,24.055033880192916
2026-03-31 17:48:00.000000000,37.31672251142664
2026-03-31 17:40:00.000000000,51.5374503688922
2026-03-31 17:35:37.000000000,42.255434652073866
2026-03-31 17:36:42.000000000,28.287472971104027
2026-03-31 17:28:30.000000000,23.469100838919697
2026-03-31 17:42:31.000000000,33.043575230417254
2026-03-31 17:15:55.000000000,20.975532213455818
2026-03-31 18:21:50.000000000,25.426350350976126
2026-03-31 18:18:25.000000000,23.665924078971855
2026-03-31 18:14:10.000000000,35.19223834033446
2026-03-31 18:04:56.000000000,25.20452508570928
2026-03-31 18:24:55.000000000,49.387695383582916
2026-03-31 18:55:11.000000000,24.98409673423799
2026-03-31 18:12:16.000000000,26.768892977408168
2026-03-31 18:48:45.000000000,29.800833044684968
2026-03-31 18:30:21.000000000,165.69142710313628
2026-03-31 18:52:28.000000000,42.27220096110978
2026-03-31 18:53:25.000000000,49.75025441476038
2026-03-31 18:24:54.000000000,26.595103939066213
2026-03-31 18:25:26.000000000,33.60681498944691
2026-03-31 18:50:01.000000000,24.63892783007729
2026-03-31 18:34:22.000000000,49.20229687988431
2026-03-31 18:13:47.000000000,61.30767079995157
2026-03-31 18:00:21.000000000,26.88464485360264
2026-03-31 18:44:10.000000000,33.50552667616584
2026-03-31 18:35:32.000000000,67.46639710038977
2026-03-31 19:05:14.000000000,216.7598659087774
2026-03-31 19:30:41.000000000,32.809437019835386
2026-03-31 19:28:08.000000000,31.664724649785047
2026-03-31 19:12:46.000000000,47.17428964239962
2026-03-31 19:29:54.000000000,35.37019280554825
2026-03-31 19:57:52.000000000,35.452558880636666
2026-03-31 19:00:12.000000000,25.633720427117275
2026-03-31 19:01:37.000000000,29.08250312197433
2026-03-31 19:31:03.000000000,47.35767419097616
2026-03-31 20:18:18.000000000,24.489925558603687
2026-03-31 20:25:25.000000000,22.501722467970062
2026-03-31 20:40:46.000000000,44.49563898087564
2026-03-31 20:02:13.000000000,39.83612820274707
2026-03-31 20:59:56.000000000,38.485238885190036
2026-03-31 20:57:01.000000000,18.719271656747733
2026-03-31 20:14:25.000000000,30.60710423704337
2026-03-31 20:02:26.000000000,32.91347620357977
2026-03-31 20:02:15.000000000,35.8162959129355
2026-03-31 20:41:22.000000000,30.507577991435593
2026-03-31 20:27:29.000000000,28.260633904041928
2026-03-31 20:50:51.000000000,38.63431673014501
2026-03-31 20:27:23.000000000,75.56828547077353
2026-03-31 20:43:24.000000000,40.15234681653192
2026-03-31 20:44:52.000000000,30.841009862187573
2026-03-31 20:15:52.000000000,23.061089648344936
2026-03-31 20:04:28.000000000,58.43357481616631
2026-03-31 21:12:45.000000000,21.748122106915307
2026-03-31 21:21:50.000000000,19.74066748656176
2026-03-31 21:50:40.000000000,40.92891731943115
2026-03-31 21:24:25.000000000,28.818641342043687
2026-03-31 21:18:24.000000000,63.57813271307506
2026-03-31 21:21:37.000000000,44.33855513425167
2026-03-31 21:53:10.000000000,22.47976740251599
2026-03-31 21:00:48.000000000,56.61997590215495
2026-03-31 21:20:41.000000000,70.28405619746
2026-03-31 21:57:15.000000000,19.159029964394566
2026-03-31 21:17:17.000000000,22.188644838235827
2026-03-31 21:55:04.000000000,61.188864951206725
2026-03-31 21:22:07.000000000,48.12604696066507
2026-03-31 21:33:39.000000000,89.58162549004037
2026-03-31 21:12:36.000000000,56.54500451811071
2026-03-31 21:19:42.000000000,33.26325678509001
2026-03-31 21:16:27.000000000,28.517212208948973
2026-03-31 21:55:44.000000000,31.77920908066204
2026-03-31 21:46:49.000000000,30.132029596871636
2026-03-31 21:03:15.000000000,36.89530832111921
2026-03-31 21:26:12.000000000,20.74126587831871
2026-03-31 22:24:59.000000000,40.16071156339368
2026-03-31 22:34:40.000000000,37.22995405051383
2026-03-31 22:24:20.000000000,52.22118911495044
2026-03-31 22:39:16.000000000,37.33357896504139
2026-03-31 22:03:05.000000000,57.81803352279297
2026-03-31 22:30:10.000000000,51.74699835627988
2026-03-31 22:32:44.000000000,20.497004121278326
2026-03-31 22:16:05.000000000,147.5619355015065
2026-03-31 22:23:37.000000000,24.940159134556158
2026-03-31 22:36:49.000000000,34.44117702126143
2026-03-31 23:00:43.000000000,44.394745562522345
2026-03-31 23:36:07.000000000,30.50464584610727
2026-03-31 23:06:20.000000000,35.650351758040834
2026-03-31 23:59:45.000000000,50.0451994086912
2026-03-31 23:19:23.000000000,87.69520840305904
2026-03-31 23:32:45.000000000,123.81567909272117
2026-03-31 23:08:39.000000000,41.30009668720485
2026-03-31 23:09:09.000000000,32.7118373740555
2026-03-31 23:39:46.000000000,37.08760290367521
2026-03-31 23:45:44.000000000,25.518164313878266
